store_id,place_id,store_name,address,city,region,lat,lng,rating,review_count,price_level,business_status,category,annual_sales_usd,lines_per_store,covered,source,phone,opening_hours,website,poi_count,google_types,vicinity,banner,format,reckitt_target
ChIJt7ckcgABAzEROPvqGc1ZgiQ,ChIJt7ckcgABAzEROPvqGc1ZgiQ,79 mini store,"HCV7+Q74, Unnamed Road, Tambon Phe",Amphoe Mueang Rayong,Chon Buri,12.594384,101.4132,5,1,0,Active,convenience_store,0,0,FALSE,scraped,,,,0,"['convenience_store', 'store', 'point_of_interest', 'food', 'establishment']","HCV7+Q74, Unnamed Road, Tambon Phe, Amphoe Mueang Rayong",Independent store,Mini-mart / grocer,TARGET — Independent store
ChIJsb8hJAAHAzERXscE2KatN1U,ChIJsb8hJAAHAzERXscE2KatN1U,Islander Shore Shop,Islander,เมือง,Chon Buri,12.5673074,101.4648402,3,2,0,Active,convenience_store,0,0,FALSE,scraped,,,,0,"['convenience_store', 'food', 'store', 'point_of_interest', 'establishment']","Islander, เมือง",Independent shop / mart,Mini-mart,TARGET — Likely independent
ChIJOYguJ9MBAzER_n3lyyAZvnA,ChIJOYguJ9MBAzER_n3lyyAZvnA,ช้างชน SHOP,"39/5 Naichak-Nairai, Tambon Taphong",Amphoe Mueang Rayong,Chon Buri,12.6315068,101.379174,5,1,0,Active,convenience_store,0,0,FALSE,scraped,,,,0,"['convenience_store', 'food', 'point_of_interest', 'store', 'establishment']","39/5 Naichak-Nairai, Tambon Taphong, Amphoe Mueang Rayong",Independent shop / mart,Mini-mart,TARGET — Likely independent
ChIJHdJoq8kHAzERIHnDD29FHFE,ChIJHdJoq8kHAzERIHnDD29FHFE,MA ทุกอย่าง20บาท,310/15 หมู่2 บ้านเพ,อำเภอเมือง,Chon Buri,12.6299351,101.445783,5,1,0,Active,convenience_store,0,0,FALSE,scraped,092 542 6985,Monday: 10:00 AM – 8:00 PM | Tuesday: 10:00 AM – 8:00 PM | Wednesday: 10:00 AM – 8:00 PM | Thursday: 10:00 AM – 8:00 PM | Friday: 10:00 AM – 8:00 PM | Saturday: 10:00 AM – 8:00 PM | Sunday: 10:00 AM – 8:00 PM,,0,"['convenience_store', 'food', 'store', 'point_of_interest', 'establishment']","310/15 หมู่2 บ้านเพ, อำเภอเมือง",Unknown independent convenience,Convenience,"REVIEW — Independent, likely target"
ChIJT2dVzTQHAzERfzymFySLJfg,ChIJT2dVzTQHAzERfzymFySLJfg,WTK วัฒนานุกิจ เอ็กซ์เพลส (สาขาบ้านเพ),"161, 9 ซอย สังกะสี, บ้านเพ",Amphoe Mueang Rayong,Chon Buri,12.631952,101.4364182,3.9,23,0,Active,convenience_store,0,0,FALSE,scraped,099 248 9188,Monday: 7:30 AM – 8:00 PM | Tuesday: 7:30 AM – 8:00 PM | Wednesday: 7:30 AM – 8:00 PM | Thursday: 7:30 AM – 8:00 PM | Friday: 7:30 AM – 8:00 PM | Saturday: 7:30 AM – 8:00 PM | Sunday: 7:30 AM – 8:00 PM,https://www.facebook.com/wattananukit.express/,0,"['supermarket', 'convenience_store', 'grocery_or_supermarket', 'home_goods_store', 'food', 'store', 'point_of_interest', 'establishment']","161, 9 ซอย สังกะสี, บ้านเพ, Amphoe Mueang Rayong",WTK Wathananukit,Regional supermarket,TARGET — Regional chain (verify if direct)
ChIJ52BkUgINAzERI-iDyBrenjk,ChIJ52BkUgINAzERI-iDyBrenjk,Mighty Tricky Drinks and More + Mighty Mini Mart,"Mae Pim Beach, 236/7 Moo 3, T, Tambon Kram",Amphoe Klaeng,Chon Buri,12.6448008,101.6326336,4.9,26,0,Active,convenience_store,0,0,FALSE,scraped,085 156 5379,Monday: 4:00 – 11:30 PM | Tuesday: 4:00 – 11:30 PM | Wednesday: 5:00 – 11:30 PM | Thursday: 4:00 – 11:30 PM | Friday: 3:00 PM – 1:30 AM | Saturday: 3:00 PM – 1:30 AM | Sunday: 4:00 – 11:30 PM,https://www.facebook.com/Mighty-Tricky-Drinks-and-More-386992675497488/,0,"['bar', 'convenience_store', 'food', 'point_of_interest', 'store', 'establishment']","Mae Pim Beach, 236/7 Moo 3, T, Tambon Kram, Amphoe Klaeng",Independent mini-mart,Mini-mart,TARGET — Independent mini-mart
ChIJJ7egxIsNAzERyOSXK3c8_co,ChIJJ7egxIsNAzERyOSXK3c8_co,Aokhai Minimart,"231, กร่ำ",Amphoe Klaeng,Chon Buri,12.643831,101.6417973,5,1,0,Active,convenience_store,0,0,FALSE,scraped,081 550 1348,Monday: Open 24 hours | Tuesday: Open 24 hours | Wednesday: Open 24 hours | Thursday: Open 24 hours | Friday: Open 24 hours | Saturday: Open 24 hours | Sunday: Open 24 hours,https://www.facebook.com/baansuanaokhaibeachresorts?locale=th_TH,0,"['convenience_store', 'food', 'point_of_interest', 'store', 'establishment']","231, กร่ำ, Amphoe Klaeng",Independent mini-mart,Mini-mart,TARGET — Independent mini-mart
ChIJ-5uweQDxAjERF0_CsJidMxY,ChIJ-5uweQDxAjERF0_CsJidMxY,7 eleven,M4M8+JM2,Mueang Rayong District,Chon Buri,12.6839923,101.1166872,0,0,0,Active,convenience_store,0,0,FALSE,scraped,,,https://www.7eleven.co.th/,0,"['convenience_store', 'store', 'food', 'point_of_interest', 'establishment']","M4M8+JM2, Mueang Rayong District",Unknown independent convenience,Convenience,"REVIEW — Independent, likely target"
ChIJ8za-fgCNAjERevN3t4lWvMQ,ChIJ8za-fgCNAjERevN3t4lWvMQ,Cjพลูตาหลวง,"55/1 Phlu Ta Luang 23, Tambon Phlu Ta Luang",Amphoe Sattahip,Chon Buri,12.7100875,100.9742775,5,2,0,Active,convenience_store,0,0,FALSE,scraped,,,,0,"['convenience_store', 'point_of_interest', 'food', 'store', 'establishment']","55/1 Phlu Ta Luang 23, Tambon Phlu Ta Luang, Amphoe Sattahip",Unknown independent convenience,Convenience,"REVIEW — Independent, likely target"
ChIJFSltiFvzAjERdem04F7xcZs,ChIJFSltiFvzAjERdem04F7xcZs,Grocery store,"MXGX+C2W, Phla",Ban Chang District,Chon Buri,12.6761139,100.9975699,5,1,0,Active,convenience_store,0,0,FALSE,scraped,,Monday: 8:00 AM – 9:00 PM | Tuesday: 8:00 AM – 9:00 PM | Wednesday: 8:00 AM – 9:00 PM | Thursday: 8:00 AM – 9:00 PM | Friday: 8:00 AM – 9:00 PM | Saturday: 8:00 AM – 9:00 PM | Sunday: 8:00 AM – 9:00 PM,,0,"['convenience_store', 'food', 'point_of_interest', 'store', 'establishment']","MXGX+C2W, Phla, Ban Chang District",Independent store,Mini-mart / grocer,TARGET — Independent store
ChIJqXd7DwDzAjERXSobuIO7bNY,ChIJqXd7DwDzAjERXSobuIO7bNY,7 Eleven พยูน 42 สาขา 19191,"72 Phayun, Tambon Ban Chang",Amphoe Ban Chang,Chon Buri,12.6982971,101.0615148,3,6,0,Active,convenience_store,0,0,FALSE,scraped,,,https://www.7eleven.co.th/,0,"['convenience_store', 'food', 'point_of_interest', 'store', 'establishment']","72 Phayun, Tambon Ban Chang, Amphoe Ban Chang",Unknown independent convenience,Convenience,"REVIEW — Independent, likely target"
ChIJX0JVn-PzAjERf9nJJlzwOWc,ChIJX0JVn-PzAjERf9nJJlzwOWc,ป๊อปปี้ มินิมาร์ท (Poppy Minimart),"91, 1, Tambon Ban Chang",Amphoe Ban Chang,Chon Buri,12.6799647,101.0669476,0,0,0,Temporarily Closed,convenience_store,0,0,FALSE,scraped,089 939 5793,,https://www.facebook.com/rungthiwa.phudmanee,0,"['convenience_store', 'food', 'point_of_interest', 'store', 'establishment']","91, 1, Tambon Ban Chang, Amphoe Ban Chang",Independent mini-mart,Mini-mart,TARGET — Independent mini-mart
ChIJp1wjQQDzAjERMTNGOS9ZyV0,ChIJp1wjQQDzAjERMTNGOS9ZyV0,7 eleven,Ban Chang,Ban Chang District,Chon Buri,12.6768492,101.0670053,4.4,7,0,Active,convenience_store,0,0,FALSE,scraped,,,https://www.7eleven.co.th/,0,"['convenience_store', 'food', 'point_of_interest', 'store', 'establishment']","Ban Chang, Ban Chang District",Unknown independent convenience,Convenience,"REVIEW — Independent, likely target"
ChIJBwFZD4zxAjER3WvxaBqgAEY,ChIJBwFZD4zxAjER3WvxaBqgAEY,ME Mall Banchang,"162 หมู่ 6, อาคารโรบินสันบ้านฉาง, ชั้น 1, Tambon Ban Chang",Amphoe Ban Chang,Chon Buri,12.7399788,101.080771,0,0,0,Active,convenience_store,0,0,FALSE,scraped,099 353 9887,Monday: 10:00 AM – 9:00 PM | Tuesday: 10:00 AM – 9:00 PM | Wednesday: 10:00 AM – 9:00 PM | Thursday: 10:00 AM – 9:00 PM | Friday: 10:00 AM – 9:00 PM | Saturday: 10:00 AM – 9:00 PM | Sunday: 10:00 AM – 9:00 PM,,0,"['convenience_store', 'food', 'point_of_interest', 'store', 'establishment']","162 หมู่ 6 ,อาคารโรบินสันบ้านฉาง, ชั้น 1, Tambon Ban Chang, Amphoe Ban Chang",Unknown independent convenience,Convenience,"REVIEW — Independent, likely target"
ChIJdanaciTyAjER5rx1NpLXez4,ChIJdanaciTyAjER5rx1NpLXez4,M Mart,"131/5 ม.5, ต.บ้านฉาง",Amphoe Ban Chang,Chon Buri,12.7272829,101.0640521,3.8,4,0,Active,convenience_store,0,0,FALSE,scraped,081 411 3567,Monday: 6:00 AM – 11:00 PM | Tuesday: 6:00 AM – 11:00 PM | Wednesday: 6:00 AM – 11:00 PM | Thursday: 6:00 AM – 11:00 PM | Friday: 6:00 AM – 11:00 PM | Saturday: 6:00 AM – 11:00 PM | Sunday: 6:00 AM – 11:00 PM,,0,"['convenience_store', 'grocery_or_supermarket', 'food', 'point_of_interest', 'store', 'establishment']","131/5 ม.5, ต.บ้านฉาง, Amphoe Ban Chang",Independent mart,Mini-mart,TARGET — Independent mart
ChIJQ1H5GLnvAjEROeS3OaEJ9x0,ChIJQ1H5GLnvAjEROeS3OaEJ9x0,PP Store,"Q46P+9WP, Huai Pong",Mueang Rayong District,Chon Buri,12.7609602,101.1373549,1,1,0,Active,convenience_store,0,0,FALSE,scraped,,Monday: 7:00 AM – 9:00 PM | Tuesday: 7:00 AM – 9:00 PM | Wednesday: 7:00 AM – 9:00 PM | Thursday: 7:00 AM – 9:00 PM | Friday: 7:00 AM – 9:00 PM | Saturday: 7:00 AM – 9:00 PM | Sunday: 7:00 AM – 9:00 PM,,0,"['convenience_store', 'food', 'store', 'point_of_interest', 'establishment']","Q46P+9WP, Huai Pong, Mueang Rayong District",Independent store,Mini-mart / grocer,TARGET — Independent store
ChIJ9b21dOjxAjERLAWI5hldDlw,ChIJ9b21dOjxAjERLAWI5hldDlw,ร้านปศุสัตว์OK เทสโก้ โลตัส รามนุช14 ระยอง,"P3VR+9WP, Sukhumvit Road",Amphoe Ban Chang,Chon Buri,12.7434575,101.0923436,4.4,5,0,Active,convenience_store,0,0,FALSE,scraped,,Monday: Open 24 hours | Tuesday: Open 24 hours | Wednesday: Open 24 hours | Thursday: Open 24 hours | Friday: Open 24 hours | Saturday: Open 24 hours | Sunday: Open 24 hours,https://www.thailandpost.co.th/th/index/,0,"['convenience_store', 'food', 'store', 'point_of_interest', 'establishment']","P3VR+9WP, Sukhumvit Road, Amphoe Ban Chang",Unknown independent convenience,Convenience,"REVIEW — Independent, likely target"
ChIJfcKXawD7AjERkUQ7SorAlqU,ChIJfcKXawD7AjERkUQ7SorAlqU,happy cham,"95, 1 ถ.หลังวัดมาบตาพุด, ต.มาบตาพุด",อ.เมือง,Chon Buri,12.731033,101.1836884,0,0,0,Active,convenience_store,0,0,FALSE,scraped,,,,0,"['convenience_store', 'store', 'food', 'point_of_interest', 'establishment']","95, 1 ถ.หลังวัดมาบตาพุด, ต.มาบตาพุด, อ.เมือง",Unknown independent convenience,Convenience,"REVIEW — Independent, likely target"
ChIJce_NtgqOAjERSTZDnQleXWU,ChIJce_NtgqOAjERSTZDnQleXWU,Nordic Tropical Resort,"190, Soi Tesaban 19, Tambon Sattahip",Sattahip,Chon Buri,12.741282,100.8886719,4.7,64,0,Active,convenience_store,0,0,FALSE,scraped,089 249 3331,Monday: 8:00 AM – 5:00 PM | Tuesday: 8:00 AM – 5:00 PM | Wednesday: 8:00 AM – 5:00 PM | Thursday: 8:00 AM – 5:00 PM | Friday: 8:00 AM – 5:00 PM | Saturday: 8:00 AM – 5:00 PM | Sunday: 8:00 AM – 5:00 PM,http://www.nordicbangsaray.com/,0,"['convenience_store', 'cafe', 'lodging', 'gym', 'health', 'food', 'point_of_interest', 'store', 'establishment']","190, Soi Tesaban 19, Tambon Sattahip, Sattahip",Unknown independent convenience,Convenience,"REVIEW — Independent, likely target"
ChIJgSlKIgCNAjERYKmuB_ZMj8k,ChIJgSlKIgCNAjERYKmuB_ZMj8k,Convenience store,"QV7R+3XG, Bang Sare",Sattahip District,Chon Buri,12.7627222,100.8923737,3.3,3,0,Active,convenience_store,0,0,FALSE,scraped,,,,0,"['convenience_store', 'food', 'point_of_interest', 'store', 'establishment']","QV7R+3XG, Bang Sare, Sattahip District",Independent convenience,Convenience,TARGET — Independent convenience
ChIJWQDoFoGPAjERGd0gk9eyKXk,ChIJWQDoFoGPAjERGd0gk9eyKXk,ร้านค้าสวัสดิการ PX ศฝท.ยศ.ทร.,"PVXJ+JP2, ไปรษณีย์เกล็ดแก้ว ในอาคารเยี่ยมญาติ, ตำบลบางเสร่, ตำบล",Amphoe Sattahip,Chon Buri,12.7490091,100.881778,4.4,27,0,Active,convenience_store,0,0,FALSE,scraped,,Monday: 8:00 AM – 7:30 PM | Tuesday: 8:00 AM – 7:30 PM | Wednesday: 8:00 AM – 7:30 PM | Thursday: 8:00 AM – 7:30 PM | Friday: 8:00 AM – 7:30 PM | Saturday: 8:00 AM – 7:30 PM | Sunday: 8:00 AM – 7:30 PM,,0,"['convenience_store', 'food', 'point_of_interest', 'store', 'establishment']","PVXJ+JP2, ไปรษณีย์เกล็ดแก้ว ในอาคารเยี่ยมญาติ, ตำบลบางเสร่, ตำบล, Amphoe Sattahip",Independent shop (ร้านค้า),General store,TARGET — Local shop
ChIJOxSxFmaNAjERtM2S2xdije4,ChIJOxSxFmaNAjERtM2S2xdije4,Pinkamon Minimart,"177 หมู่ 10, Tambon Bang Sare",Amphoe Sattahip,Chon Buri,12.7337951,100.904587,5,2,0,Active,convenience_store,0,0,FALSE,scraped,,Monday: 7:00 AM – 8:00 PM | Tuesday: 7:00 AM – 8:00 PM | Wednesday: 7:00 AM – 8:00 PM | Thursday: 7:00 AM – 8:00 PM | Friday: 7:00 AM – 8:00 PM | Saturday: 7:00 AM – 8:00 PM | Sunday: 7:00 AM – 8:00 PM,,0,"['convenience_store', 'food', 'point_of_interest', 'store', 'establishment']","177 หมู่ 10, Tambon Bang Sare, Amphoe Sattahip",Independent mini-mart,Mini-mart,TARGET — Independent mini-mart
ChIJ3RAzIACTAjERJrg7-Uav6fE,ChIJ3RAzIACTAjERJrg7-Uav6fE,Guy and Lek's Shop,Khao Malako,Chon Buri,Chon Buri,12.7865192,100.9433714,5,2,0,Active,convenience_store,0,0,FALSE,scraped,,,,0,"['convenience_store', 'store', 'food', 'point_of_interest', 'establishment']",Khao Malako,Independent shop / mart,Mini-mart,TARGET — Likely independent
ChIJh4o1pEGSAjERunUN2PyuxY8,ChIJh4o1pEGSAjERunUN2PyuxY8,Sapphehera Shop,"QWP8+XJ6, Sukhumvit Road",Amphoe Sattahip,Chon Buri,12.7874124,100.9165235,5,1,0,Active,convenience_store,0,0,FALSE,scraped,,,,0,"['convenience_store', 'food', 'store', 'point_of_interest', 'establishment']","QWP8+XJ6, Sukhumvit Road, Amphoe Sattahip",Independent shop / mart,Mini-mart,TARGET — Likely independent
ChIJKymILKrlAjERCdbflz2wcSM,ChIJKymILKrlAjERCdbflz2wcSM,PP Shop,Map Kha,Nikhom Phatthana District,Chon Buri,12.7837095,101.1772048,3,1,0,Active,convenience_store,0,0,FALSE,scraped,,,,0,"['convenience_store', 'store', 'point_of_interest', 'food', 'establishment']","Map Kha, Nikhom Phatthana District",Independent shop / mart,Mini-mart,TARGET — Likely independent
ChIJ5w1DQwDvAjERa2kqO9eRugI,ChIJ5w1DQwDvAjERa2kqO9eRugI,HTAR HTAR MON,"13 อบต.นิคมพัฒนา ซอย 4 สาย 13, Tambon Nikhom Phatthana",Amphoe Nikhom Phatthana,Chon Buri,12.815798,101.1531736,0,0,0,Active,convenience_store,0,0,FALSE,scraped,,,,0,"['convenience_store', 'store', 'point_of_interest', 'food', 'establishment']","13 อบต.นิคมพัฒนา ซอย 4 สาย 13, Tambon Nikhom Phatthana, Amphoe Nikhom Phatthana",Unknown independent convenience,Convenience,"REVIEW — Independent, likely target"
ChIJX3Ar7kX8AjERYWSyMJ3j2TA,ChIJX3Ar7kX8AjERYWSyMJ3j2TA,Odila Market,M7PP+46X,Mueang Rayong District,Chon Buri,12.6853722,101.2856178,4.1,36,0,Active,convenience_store,0,0,FALSE,scraped,095 416 3236,Monday: 8:30 AM – 9:00 PM | Tuesday: 8:30 AM – 9:00 PM | Wednesday: 8:30 AM – 9:00 PM | Thursday: 8:30 AM – 9:00 PM | Friday: 8:30 AM – 9:00 PM | Saturday: 8:30 AM – 9:00 PM | Sunday: 8:30 AM – 9:00 PM,,0,"['convenience_store', 'food', 'point_of_interest', 'store', 'establishment']","M7PP+46X, Mueang Rayong District",Unknown independent convenience,Convenience,"REVIEW — Independent, likely target"
ChIJjT4O5Ef8AjERLuz9anAorEA,ChIJjT4O5Ef8AjERLuz9anAorEA,ร้าน eCosway ระยอง (ซ.ศูนย์การค้า 3),"83, 9 ซอยศูนย์การค้า 3",อ.เมือง,Chon Buri,12.6798318,101.2859978,5,1,0,Active,convenience_store,0,0,FALSE,scraped,084 398 8442,,,0,"['convenience_store', 'food', 'store', 'point_of_interest', 'establishment']","83, 9 ซอยศูนย์การค้า 3, อ.เมือง",Unknown independent convenience,Convenience,"REVIEW — Independent, likely target"
ChIJmav3ST_8AjERakztsQhD1gA,ChIJmav3ST_8AjERakztsQhD1gA,ร้าน eCosway ระยอง (วัดลุม),"14/47, ถนนตากสินมหาราช, ต.ท่าประดู่ อ.เมืองระยอง จ.ระยอง",21000,Chon Buri,12.677713,101.2803581,0,0,0,Active,convenience_store,0,0,FALSE,scraped,084 398 8442,,,0,"['convenience_store', 'food', 'store', 'point_of_interest', 'establishment']","14/47, ถนนตากสินมหาราช, ต.ท่าประดู่ อ.เมืองระยอง จ.ระยอง, 21000",Unknown independent convenience,Convenience,"REVIEW — Independent, likely target"
ChIJJ8Z-FgATAzERj2nc0wv4mWs,ChIJJ8Z-FgATAzERj2nc0wv4mWs,ieman green mart,"341 Sukhumvit Road, Tambon Thang Kwian",Amphoe Klaeng,Chon Buri,12.7867468,101.6729964,0,0,0,Active,convenience_store,0,0,FALSE,scraped,,,,0,"['convenience_store', 'store', 'food', 'point_of_interest', 'establishment']","341 Sukhumvit Road, Tambon Thang Kwian, Amphoe Klaeng",Independent mart,Mini-mart,TARGET — Independent mart
ChIJp36Ozf_iAjERn7n893wEUro,ChIJp36Ozf_iAjERn7n893wEUro,"MORE STORE CO.,LTD","94, บ้านค่าย, 2 ถนนเทศบาล 2",Amphoe Ban Khai,Chon Buri,12.7888456,101.2985712,4.6,15,0,Active,convenience_store,0,0,FALSE,scraped,061 915 4592,Monday: 6:00 AM – 7:30 PM | Tuesday: 6:00 AM – 7:30 PM | Wednesday: 6:00 AM – 7:30 PM | Thursday: 6:00 AM – 7:30 PM | Friday: 6:00 AM – 7:30 PM | Saturday: 6:00 AM – 7:30 PM | Sunday: 6:00 AM – 7:30 PM,https://more-store.odoo.com/shop,0,"['supermarket', 'convenience_store', 'grocery_or_supermarket', 'food', 'point_of_interest', 'store', 'establishment']","94, บ้านค่าย, 2 ถนนเทศบาล 2, Amphoe Ban Khai",Independent store,Mini-mart / grocer,TARGET — Independent store
ChIJSSKHYQDjAjERkLdRSiErCxA,ChIJSSKHYQDjAjERkLdRSiErCxA,Seven,"88, 12 3575, Tambon Ban Khai",Amphoe Ban Khai,Chon Buri,12.7876976,101.2972156,5,1,0,Active,convenience_store,0,0,FALSE,scraped,,Monday: Open 24 hours | Tuesday: Open 24 hours | Wednesday: Open 24 hours | Thursday: Open 24 hours | Friday: Open 24 hours | Saturday: Open 24 hours | Sunday: Open 24 hours,https://www.7eleven.co.th/,0,"['convenience_store', 'food', 'point_of_interest', 'store', 'establishment']","88, 12 3575, Tambon Ban Khai, Amphoe Ban Khai",Unknown independent convenience,Convenience,"REVIEW — Independent, likely target"
ChIJ48H6WszjAjERMrqf4aYXpn4,ChIJ48H6WszjAjERMrqf4aYXpn4,"ถูกดี มีมาตรฐาน KA ทวีทรัพย์ ช้อป(รับบัตรสวัสดิการแห่งรัฐ, คนละครึ่ง, ไทยช่วยไทย)","2, 17 ม.3, ต.หนองละลอก",Amphoe Ban Khai,Chon Buri,12.78191,101.284563,5,2,0,Active,convenience_store,0,0,FALSE,scraped,,Monday: 7:00 AM – 10:00 PM | Tuesday: 7:00 AM – 10:00 PM | Wednesday: 7:00 AM – 10:00 PM | Thursday: 7:00 AM – 10:00 PM | Friday: 7:00 AM – 10:00 PM | Saturday: 7:00 AM – 10:00 PM | Sunday: 7:00 AM – 10:00 PM,,0,"['convenience_store', 'food', 'point_of_interest', 'store', 'establishment']","2, 17 ม.3, ต.หนองละลอก, Amphoe Ban Khai",Unknown independent convenience,Convenience,"REVIEW — Independent, likely target"
ChIJH7GI4Xv7AjERdMqju6u9XJo,ChIJH7GI4Xv7AjERdMqju6u9XJo,PP Minimart,"P64G+8R9, Thap Ma",Mueang Rayong District,Chon Buri,12.7057974,101.2271163,3,1,0,Active,convenience_store,0,0,FALSE,scraped,,Monday: 6:00 AM – 9:00 PM | Tuesday: 6:00 AM – 9:00 PM | Wednesday: 6:00 AM – 9:00 PM | Thursday: 6:00 AM – 9:00 PM | Friday: 6:00 AM – 9:00 PM | Saturday: 6:00 AM – 9:00 PM | Sunday: 6:00 AM – 9:00 PM,,0,"['convenience_store', 'food', 'point_of_interest', 'store', 'establishment']","P64G+8R9, Thap Ma, Mueang Rayong District",Independent mini-mart,Mini-mart,TARGET — Independent mini-mart
ChIJUZ_4LQD7AjERyBl1_GMO_0k,ChIJUZ_4LQD7AjERyBl1_GMO_0k,กล่องไปรษณีย์ระยอง u box,"เลขที่ 18/12 หมู่ 1, ตำบลเนินพระ",อำเภอเมืองระยอง,Chon Buri,12.687975,101.2449925,0,0,0,Active,convenience_store,0,0,FALSE,scraped,062 753 9355,Monday: 9:00 AM – 7:00 PM | Tuesday: 9:00 AM – 7:00 PM | Wednesday: 9:00 AM – 7:00 PM | Thursday: 9:00 AM – 7:00 PM | Friday: 9:00 AM – 7:00 PM | Saturday: 9:00 AM – 7:00 PM | Sunday: 9:00 AM – 7:00 PM,,0,"['convenience_store', 'food', 'point_of_interest', 'store', 'establishment']","เลขที่ 18/12 หมู่ 1, ตำบลเนินพระ, อำเภอเมืองระยอง",Unknown independent convenience,Convenience,"REVIEW — Independent, likely target"
ChIJ_6hg6H_7AjER8g3LzD5nQYE,ChIJ_6hg6H_7AjER8g3LzD5nQYE,Mom’sMadeShop,"59, 6 Saengchan 1 Road",Amphoe Mueang Rayong,Chon Buri,12.6780101,101.2211996,0,0,0,Active,convenience_store,0,0,FALSE,scraped,097 206 3456,Monday: Closed | Tuesday: Closed | Wednesday: Closed | Thursday: Closed | Friday: Closed | Saturday: Open 24 hours | Sunday: Open 24 hours,,0,"['convenience_store', 'food', 'point_of_interest', 'store', 'establishment']","59, 6 Saengchan 1 Road, Amphoe Mueang Rayong",Independent shop / mart,Mini-mart,TARGET — Likely independent
ChIJH4FCZPn7AjERKYitAvsTKas,ChIJH4FCZPn7AjERKYitAvsTKas,Cp all เนินพระ,M6GQ+95Q,Mueang Rayong District,Chon Buri,12.6759523,101.237973,5,1,0,Active,convenience_store,0,0,FALSE,scraped,,,,0,"['convenience_store', 'food', 'point_of_interest', 'store', 'establishment']","M6GQ+95Q, Mueang Rayong District",Unknown independent convenience,Convenience,"REVIEW — Independent, likely target"
ChIJ0bdbBw37AjERHn5WFL8A3uE,ChIJ0bdbBw37AjERHn5WFL8A3uE,Coco-packaging,"74, 7, Tambon Thapma",Amphoe Mueang Rayong,Chon Buri,12.718208,101.2405271,5,1,0,Active,convenience_store,0,0,FALSE,scraped,061 635 6919,Monday: Closed | Tuesday: 10:00 AM – 6:00 PM | Wednesday: 10:00 AM – 6:00 PM | Thursday: 10:00 AM – 6:00 PM | Friday: 10:00 AM – 6:00 PM | Saturday: 10:00 AM – 6:00 PM | Sunday: Closed,https://www.facebook.com/profile.php?id=61558398861629&mibextid=LQQJ4d,0,"['convenience_store', 'food', 'point_of_interest', 'store', 'establishment']","74, 7, Tambon Thapma, Amphoe Mueang Rayong",Unknown independent convenience,Convenience,"REVIEW — Independent, likely target"
ChIJJSmq6rCUAjERgZBAul1DZ3I,ChIJJSmq6rCUAjERgZBAul1DZ3I,เจ้ปอนด์ มินิมาร์ท ธงฟ้าประชารัฐ (JAYBON MINIMART),"61 Moo.6 Tesabal Rd1, Huayyai",Banglamung,Chon Buri,12.866448,100.970795,4.6,11,0,Active,convenience_store,0,0,FALSE,scraped,082 469 4500,Monday: 6:30 AM – 8:00 PM | Tuesday: 6:30 AM – 8:00 PM | Wednesday: 6:30 AM – 8:00 PM | Thursday: 6:30 AM – 8:00 PM | Friday: 6:30 AM – 8:00 PM | Saturday: 6:30 AM – 8:00 PM | Sunday: 6:30 AM – 8:00 PM,https://www.facebook.com/%E0%B9%80%E0%B8%88%E0%B9%89%E0%B8%9B%E0%B8%AD%E0%B8%99%E0%B8%94%E0%B9%8C%E0%B8%A1%E0%B8%B4%E0%B8%99%E0%B8%B4%E0%B8%A1%E0%B8%B2%E0%B8%A3%E0%B9%8C%E0%B8%97-JayBon-Minimart-1505566726204193/,0,"['grocery_or_supermarket', 'convenience_store', 'food', 'point_of_interest', 'store', 'establishment']","61 Moo.6 Tesabal Rd1, Huayyai, Banglamung",Independent mini-mart,Mini-mart,TARGET — Independent mini-mart
ChIJxRGNSynhAjERMbyfzrSg_yI,ChIJxRGNSynhAjERMbyfzrSg_yI,Max Mart,"21120, Nong Bua",Ban Khai District,Chon Buri,12.8675901,101.3145591,3,2,0,Active,convenience_store,0,0,FALSE,scraped,,,,0,"['convenience_store', 'point_of_interest', 'food', 'store', 'establishment']","21120, Nong Bua, Ban Khai District",Independent mart,Mini-mart,TARGET — Independent mart
ChIJXVkruTyYAjERm3DeLtF1ue4,ChIJXVkruTyYAjERm3DeLtF1ue4,Fresh Mart,WQCQ+Q3V,Bang Lamung District,Chon Buri,12.9219761,100.7876693,5,1,0,Active,convenience_store,0,0,FALSE,scraped,,Monday: Open 24 hours | Tuesday: Open 24 hours | Wednesday: Open 24 hours | Thursday: Open 24 hours | Friday: Open 24 hours | Saturday: Open 24 hours | Sunday: Open 24 hours,,0,"['convenience_store', 'food', 'store', 'point_of_interest', 'establishment']","WQCQ+Q3V, Bang Lamung District",Independent mart,Mini-mart,TARGET — Independent mart
ChIJy-CcLwDpAjERUWabSUgIo4U,ChIJy-CcLwDpAjERUWabSUgIo4U,Zin,"W4H9+2VR, Phananikhom",Khao Maphut,Chon Buri,12.9276072,101.1196272,0,0,0,Active,convenience_store,0,0,FALSE,scraped,,,,0,"['convenience_store', 'store', 'food', 'point_of_interest', 'establishment']","W4H9+2VR, Phananikhom, Khao Maphut",Unknown independent convenience,Convenience,"REVIEW — Independent, likely target"
ChIJ5ZDL72fnAjER-xuJ0KhaIZg,ChIJ5ZDL72fnAjER-xuJ0KhaIZg,CJX ซีเจ เอ็กซ์ สาขาแม่น้ำคู้ ซอย 1,ตำบล แม่น้ำคู้ อ.เมือง,Amphoe Pluak Daeng,Chon Buri,12.9251459,101.2448971,5,4,0,Active,convenience_store,0,0,FALSE,scraped,,Monday: 6:00 AM – 10:00 PM | Tuesday: 6:00 AM – 10:00 PM | Wednesday: 6:00 AM – 10:00 PM | Thursday: 6:00 AM – 10:00 PM | Friday: 6:00 AM – 10:00 PM | Saturday: 6:00 AM – 10:00 PM | Sunday: 6:00 AM – 10:00 PM,,0,"['convenience_store', 'point_of_interest', 'food', 'store', 'establishment']","ตำบล แม่น้ำคู้ อ.เมือง, Amphoe Pluak Daeng",Unknown independent convenience,Convenience,"REVIEW — Independent, likely target"
ChIJEeUwn6CVAjERD_f8u3IWc0Q,ChIJEeUwn6CVAjERD_f8u3IWc0Q,Convenient Store Centra Maris,"91/3 Chaiyapruek Soi 3, Muang Pattaya",Amphoe Bang Lamung,Chon Buri,12.8660938,100.8969616,4.8,6,0,Active,convenience_store,0,0,FALSE,scraped,,,,0,"['convenience_store', 'food', 'store', 'point_of_interest', 'establishment']","91/3 Chaiyapruek Soi 3, Muang Pattaya, Amphoe Bang Lamung",Independent store,Mini-mart / grocer,TARGET — Independent store
ChIJ22QPm9OVAjERVJmhPNODkAM,ChIJ22QPm9OVAjERVJmhPNODkAM,KS Grocery,"VV8V+J76, Pattaya City",Bang Lamung District,Chon Buri,12.866469,100.8925397,5,3,0,Active,convenience_store,0,0,FALSE,scraped,,,,0,"['convenience_store', 'food', 'store', 'point_of_interest', 'establishment']","VV8V+J76, Pattaya City, Bang Lamung District",Unknown independent convenience,Convenience,"REVIEW — Independent, likely target"
ChIJa5NkVUSVAjERRqmFHXr4urw,ChIJa5NkVUSVAjERRqmFHXr4urw,Nichara,"18, 1",Muang Pattaya,Chon Buri,12.8618742,100.9227498,0,0,0,Active,convenience_store,0,0,FALSE,scraped,082 236 9246,,,0,"['convenience_store', 'food', 'store', 'point_of_interest', 'establishment']","18, 1, Muang Pattaya",Unknown independent convenience,Convenience,"REVIEW — Independent, likely target"
ChIJwfHzZjeVAjERJR81-6OCKo0,ChIJwfHzZjeVAjERJR81-6OCKo0,oye minimart,เลขที่ 520/16 หมู่ 9 หมู่บ้าน นิรันดร์คอนโด,Amphoe Bang Lamung,Chon Buri,12.9323253,100.9394422,0,0,0,Active,convenience_store,0,0,FALSE,scraped,099 194 2899,,,0,"['convenience_store', 'food', 'point_of_interest', 'store', 'establishment']","เลขที่ 520/16 หมู่ 9 หมู่บ้าน นิรันดร์คอนโด, Amphoe Bang Lamung",Independent mini-mart,Mini-mart,TARGET — Independent mini-mart
ChIJeWdJbNaXAjERL3i2xEpz7Gw,ChIJeWdJbNaXAjERL3i2xEpz7Gw,7 eleven,"357, 83 Phra Tam Nak 5, Muang Pattaya",Amphoe Bang Lamung,Chon Buri,12.9101811,100.8593772,4.6,75,0,Active,convenience_store,0,0,FALSE,scraped,,Monday: Open 24 hours | Tuesday: Open 24 hours | Wednesday: Open 24 hours | Thursday: Open 24 hours | Friday: Open 24 hours | Saturday: Open 24 hours | Sunday: Open 24 hours,https://www.7eleven.co.th/,0,"['convenience_store', 'food', 'point_of_interest', 'store', 'establishment']","357, 83 Phra Tam Nak 5, Muang Pattaya, Amphoe Bang Lamung",Unknown independent convenience,Convenience,"REVIEW — Independent, likely target"
ChIJO4enkomXAjERqixm1SKEe6k,ChIJO4enkomXAjERqixm1SKEe6k,Svens Snus Pratamnak,"338, 340",Muang Pattaya,Chon Buri,12.9131447,100.8673648,4.9,14,0,Temporarily Closed,convenience_store,0,0,FALSE,scraped,065 036 3949,,https://www.svenssnus.com/,0,"['convenience_store', 'food', 'point_of_interest', 'store', 'establishment']","338, 340, Muang Pattaya",Unknown independent convenience,Convenience,"REVIEW — Independent, likely target"
ChIJBd-63HPBAjER7uxi3DSAu5A,ChIJBd-63HPBAjER7uxi3DSAu5A,ร้านสะดวกซักOtteriโป่งกลาง7พัทยา,27/19 ม.2 อยู่ข้างตลาดบน เยื้องกับมินิบิ๊กซีและCJ โป่ง,Amphoe Bang Lamung,Chon Buri,12.9527341,100.984809,2.2,9,0,Active,convenience_store,0,0,FALSE,scraped,086 375 6605,Monday: Open 24 hours | Tuesday: Open 24 hours | Wednesday: Open 24 hours | Thursday: Open 24 hours | Friday: Open 24 hours | Saturday: Open 24 hours | Sunday: Open 24 hours,https://www.facebook.com/profile.php?id=100085345556018,0,"['convenience_store', 'store', 'point_of_interest', 'food', 'establishment']","27/19 ม.2 อยู่ข้างตลาดบน เยื้องกับมินิบิ๊กซีและCJ โป่ง, Amphoe Bang Lamung",Unknown independent convenience,Convenience,"REVIEW — Independent, likely target"
ChIJC_PGn6C_AjERtKarvpbyApI,ChIJC_PGn6C_AjERtKarvpbyApI,CJx ซีเจ เอ็กซ์ สาขาชุมชนตะเคียนเตี้ย,Bang Lamung District,Chon Buri,Chon Buri,13.033011,100.943894,4.7,3,0,Active,convenience_store,0,0,FALSE,scraped,,Monday: 6:00 AM – 11:00 PM | Tuesday: 6:00 AM – 11:00 PM | Wednesday: 6:00 AM – 11:00 PM | Thursday: 6:00 AM – 11:00 PM | Friday: 6:00 AM – 11:00 PM | Saturday: 6:00 AM – 11:00 PM | Sunday: 6:00 AM – 11:00 PM,,0,"['convenience_store', 'store', 'restaurant', 'food', 'point_of_interest', 'establishment']",Bang Lamung District,Unknown independent convenience,Convenience,"REVIEW — Independent, likely target"
ChIJST6xc_bBAjERlOmML2MwAzo,ChIJST6xc_bBAjERlOmML2MwAzo,Lung’s Convenience Store,"2X4W+2J, Takhian Tia",Bang Lamung District,Chon Buri,13.0050206,100.9965621,5,1,0,Active,convenience_store,0,0,FALSE,scraped,,,,0,"['convenience_store', 'food', 'store', 'point_of_interest', 'establishment']","2X4W+2J, Takhian Tia, Bang Lamung District",Independent convenience,Convenience,TARGET — Independent convenience
ChIJIWZbkVDDAjERNoBfiiJDtyE,ChIJIWZbkVDDAjERNoBfiiJDtyE,SL.มินิมาร์ท Beer- Liquor&อาหารอีสาน& ห้องเช่าราคาถูก,"281 RO Pho Cho Rayong Ban Saphan Si-ban Pluak Daeng Road, Tambon Pluak Daeng",Amphoe Pluak Daeng,Chon Buri,13.017207,101.151499,3,2,0,Active,convenience_store,0,0,FALSE,scraped,065 356 4266,Monday: Open 24 hours | Tuesday: Open 24 hours | Wednesday: Open 24 hours | Thursday: Open 24 hours | Friday: Open 24 hours | Saturday: Open 24 hours | Sunday: Open 24 hours,,0,"['liquor_store', 'convenience_store', 'restaurant', 'food', 'store', 'point_of_interest', 'establishment']","281 RO Pho Cho Rayong Ban Saphan Si-ban Pluak Daeng Road, Tambon Pluak Daeng, Amphoe Pluak Daeng",Independent mini-mart,Mini-mart,TARGET — Independent mini-mart
ChIJ3wCUYFndAjERLBLiiJY6kk8,ChIJ3wCUYFndAjERLBLiiJY6kk8,มินิบิ๊กซี หน้าโรงงานLG,Ta Sit,Pluak Daeng District,Chon Buri,13.020036,101.2019199,3.8,19,0,Active,convenience_store,0,0,FALSE,scraped,,,,0,"['convenience_store', 'food', 'point_of_interest', 'store', 'establishment']","Ta Sit, Pluak Daeng District",Unknown independent convenience,Convenience,"REVIEW — Independent, likely target"
ChIJCwIkYgCXAjERr5xSi4jPskA,ChIJCwIkYgCXAjERr5xSi4jPskA,Neighborhoodshop,"64/7 Chularat, Muang Pattaya",Amphoe Bang Lamung,Chon Buri,12.9078131,100.8869114,5,1,0,Active,convenience_store,0,0,FALSE,scraped,,,,0,"['convenience_store', 'food', 'store', 'point_of_interest', 'establishment']","64/7 Chularat, Muang Pattaya, Amphoe Bang Lamung",Independent shop / mart,Mini-mart,TARGET — Likely independent
ChIJ9bgLOLWXAjERLz5Kw8S0MiQ,ChIJ9bgLOLWXAjERLz5Kw8S0MiQ,Kratom,"Thanon Pattaya Tai, หนองปรือ",Amphoe Bang Lamung,Chon Buri,12.92049,100.8825783,3,2,0,Active,convenience_store,0,0,FALSE,scraped,088 227 7735,,,0,"['grocery_or_supermarket', 'convenience_store', 'food', 'point_of_interest', 'store', 'establishment']","Thanon Pattaya Tai, หนองปรือ, Amphoe Bang Lamung",Unknown independent convenience,Convenience,"REVIEW — Independent, likely target"
ChIJf5ymS4u_AjER3_ZDRfuf7aI,ChIJf5ymS4u_AjER3_ZDRfuf7aI,7 Eleven สันติคาม,"ต, ถนน, Tambon Nong Pla Lai",Amphoe Bang Lamung,Chon Buri,12.9793417,100.9597277,2.6,5,0,Active,convenience_store,0,0,FALSE,scraped,,,https://www.7eleven.co.th/,0,"['convenience_store', 'store', 'food', 'point_of_interest', 'establishment']","ต, ถนน, Tambon Nong Pla Lai, Amphoe Bang Lamung",Unknown independent convenience,Convenience,"REVIEW — Independent, likely target"
ChIJ0fQop66_AjERp9tYXQEpy8Y,ChIJ0fQop66_AjERp9tYXQEpy8Y,ร้านHiso21หนองเกตุใหญ่,Nong Pla Lai,Bang Lamung District,Chon Buri,12.981387,100.9413087,4.4,13,0,Active,convenience_store,0,0,FALSE,scraped,094 597 4991,Monday: 8:00 AM – 9:00 PM | Tuesday: 8:00 AM – 9:00 PM | Wednesday: 8:00 AM – 9:00 PM | Thursday: 8:00 AM – 9:00 PM | Friday: 8:00 AM – 9:00 PM | Saturday: 8:00 AM – 9:00 PM | Sunday: 8:00 AM – 9:00 PM,,0,"['convenience_store', 'store', 'food', 'point_of_interest', 'establishment']","Nong Pla Lai, Bang Lamung District",Unknown independent convenience,Convenience,"REVIEW — Independent, likely target"
ChIJAYUAGJG_AjERPy7mZkXmj6I,ChIJAYUAGJG_AjERPy7mZkXmj6I,Eden Farm Pattaya,"27/23 หมู่ที่ 9, หนองปลาไหล",Amphoe Bang Lamung,Chon Buri,12.9794324,100.9324339,0,0,0,Active,convenience_store,0,0,FALSE,scraped,082 207 9003,Monday: 8:00 AM – 5:00 PM | Tuesday: 8:00 AM – 5:00 PM | Wednesday: 8:00 AM – 5:00 PM | Thursday: 8:00 AM – 5:00 PM | Friday: 8:00 AM – 5:00 PM | Saturday: 8:00 AM – 5:00 PM | Sunday: Closed,,0,"['convenience_store', 'store', 'food', 'point_of_interest', 'establishment']","27/23 หมู่ที่ 9, หนองปลาไหล, Amphoe Bang Lamung",Unknown independent convenience,Convenience,"REVIEW — Independent, likely target"
ChIJbzQxPOPFAjERZuVY8DI44a4,ChIJbzQxPOPFAjERZuVY8DI44a4,พีที Max mart,"34V3+M73, 331, Tambon Bo Win",Amphoe Si Racha,Chon Buri,13.0941485,101.1032566,5,2,0,Active,convenience_store,0,0,FALSE,scraped,,,,0,"['convenience_store', 'store', 'food', 'point_of_interest', 'establishment']","34V3+M73, 331, Tambon Bo Win, Amphoe Si Racha",Independent mart,Mini-mart,TARGET — Independent mart
ChIJ_aLynOi9AjERyCLszBJ_Uik,ChIJ_aLynOi9AjERyCLszBJ_Uik,Suitcase store,"505 Soi Naklua 16/3, Muang Pattaya",Amphoe Bang Lamung,Chon Buri,12.9649152,100.8861842,0,0,0,Active,convenience_store,0,0,FALSE,scraped,,Monday: 10:00 AM – 7:00 PM | Tuesday: 10:00 AM – 7:00 PM | Wednesday: 10:00 AM – 7:00 PM | Thursday: 10:00 AM – 7:00 PM | Friday: 10:00 AM – 7:00 PM | Saturday: 10:00 AM – 7:00 PM | Sunday: 10:00 AM – 7:00 PM,,0,"['convenience_store', 'food', 'store', 'point_of_interest', 'establishment']","505 Soi Naklua 16/3, Muang Pattaya, Amphoe Bang Lamung",Independent store,Mini-mart / grocer,TARGET — Independent store
ChIJd0j9KAC9AjEREIahNBMf3ko,ChIJd0j9KAC9AjEREIahNBMf3ko,7 eleven,"นาเกลือ, 58 ซอย 18 (ชลบุรี",Amphoe Bang Lamung,Chon Buri,12.95707,100.8872542,3.3,12,0,Active,convenience_store,0,0,FALSE,scraped,,,https://www.7eleven.co.th/find-store,0,"['convenience_store', 'food', 'store', 'point_of_interest', 'establishment']","นาเกลือ, 58 ซอย 18 (ชลบุรี, Amphoe Bang Lamung",Unknown independent convenience,Convenience,"REVIEW — Independent, likely target"
ChIJS710zIGTAjERrgAg4oRJcQ8,ChIJS710zIGTAjERrgAg4oRJcQ8,Luggage Station 파타야 짐보관 · 行李寄存 · Luggage Storage,"3, 247 3, Muang Pattaya",Amphoe Bang Lamung,Chon Buri,12.9464681,100.8967427,5,3,0,Active,convenience_store,0,0,FALSE,scraped,080 171 9735,Monday: 8:00 AM – 11:00 PM | Tuesday: 8:00 AM – 11:00 PM | Wednesday: 8:00 AM – 11:00 PM | Thursday: 8:00 AM – 11:00 PM | Friday: 8:00 AM – 11:00 PM | Saturday: 8:00 AM – 11:00 PM | Sunday: 8:00 AM – 11:00 PM,https://refreshtotalcare.com/en/pattaya-luggage-storage/,0,"['taxi_stand', 'laundry', 'convenience_store', 'storage', 'food', 'store', 'point_of_interest', 'establishment']","3, 247 3, Muang Pattaya, Amphoe Bang Lamung",Unknown independent convenience,Convenience,"REVIEW — Independent, likely target"
ChIJ8U61tP-5AjER8rfVHRnCO4s,ChIJ8U61tP-5AjER8rfVHRnCO4s,RP MART,"164/137 ร้าน RP MART, Tambon Thung Suk La",Amphoe Si Racha,Chon Buri,13.1159597,100.9157436,0,0,0,Active,convenience_store,0,0,FALSE,scraped,097 156 9413,Monday: 6:00 AM – 8:00 PM | Tuesday: 6:00 AM – 8:00 PM | Wednesday: 6:00 AM – 8:00 PM | Thursday: 6:00 AM – 8:00 PM | Friday: 6:00 AM – 8:00 PM | Saturday: 6:00 AM – 8:00 PM | Sunday: 6:00 AM – 8:00 PM,,0,"['convenience_store', 'food', 'point_of_interest', 'store', 'establishment']","164/137 ร้าน RP MART, Tambon Thung Suk La, Amphoe Si Racha",Independent mart,Mini-mart,TARGET — Independent mart
ChIJF9DiZn25AjERmdiTmuCm3L0,ChIJF9DiZn25AjERmdiTmuCm3L0,4 พี่น้อง Shop,"224, 81 หมู่ที่ 6 ตำบล บางละมุง",Amphoe Bang Lamung,Chon Buri,13.0747668,100.9397844,5,1,0,Active,convenience_store,0,0,FALSE,scraped,,,,0,"['convenience_store', 'food', 'point_of_interest', 'store', 'establishment']","224, 81 หมู่ที่ 6 ตำบล บางละมุง, Amphoe Bang Lamung",Independent shop / mart,Mini-mart,TARGET — Likely independent
ChIJDSxCr2bRAjER-MJq2Vc9awQ,ChIJDSxCr2bRAjER-MJq2Vc9awQ,MP market(มาบปู),"45F7+FQH, Khao Khansong",Si Racha District,Chon Buri,13.1236822,101.1644734,4.4,10,0,Active,convenience_store,0,0,FALSE,scraped,087 061 3788,Monday: 8:00 AM – 8:30 PM | Tuesday: 8:00 AM – 8:30 PM | Wednesday: 8:00 AM – 8:30 PM | Thursday: 8:00 AM – 8:30 PM | Friday: 8:00 AM – 8:30 PM | Saturday: 8:00 AM – 8:30 PM | Sunday: Closed,,0,"['convenience_store', 'food', 'point_of_interest', 'store', 'establishment']","45F7+FQH, Khao Khansong, Si Racha District",Unknown independent convenience,Convenience,"REVIEW — Independent, likely target"
ChIJpVNAgoHDAjERrWECYvcCKkw,ChIJpVNAgoHDAjERrWECYvcCKkw,7 Eleven,"167/3 3013, Tambon Mapyangphon",Amphoe Pluak Daeng,Chon Buri,13.0209677,101.1136505,3.6,8,0,Active,convenience_store,0,0,FALSE,scraped,,Monday: Open 24 hours | Tuesday: Open 24 hours | Wednesday: Open 24 hours | Thursday: Open 24 hours | Friday: Open 24 hours | Saturday: Open 24 hours | Sunday: Open 24 hours,https://www.7eleven.co.th/,0,"['convenience_store', 'food', 'store', 'point_of_interest', 'establishment']","167/3 3013, Tambon Mapyangphon, Amphoe Pluak Daeng",Unknown independent convenience,Convenience,"REVIEW — Independent, likely target"
ChIJc7L2WgDFAjERSEbK3PPFc1w,ChIJc7L2WgDFAjERSEbK3PPFc1w,T BOLT,"276 74, Tambon Bo Win",Amphoe Si Racha,Chon Buri,13.028778,101.124301,5,1,0,Active,convenience_store,0,0,FALSE,scraped,,,,0,"['convenience_store', 'food', 'store', 'point_of_interest', 'establishment']","276 74, Tambon Bo Win, Amphoe Si Racha",Unknown independent convenience,Convenience,"REVIEW — Independent, likely target"
ChIJXwA1-5zFAjERPqiedl_5sI0,ChIJXwA1-5zFAjERPqiedl_5sI0,ร้านของฝากใกล้ฉัน Byพอลลี่,"24M8+CG4, Bo Win",Si Racha District,Chon Buri,13.0335077,101.1163203,5,5,0,Active,convenience_store,0,0,FALSE,scraped,096 876 3985,Monday: 9:00 AM – 9:00 PM | Tuesday: 9:00 AM – 9:00 PM | Wednesday: 9:00 AM – 9:00 PM | Thursday: 9:00 AM – 9:00 PM | Friday: 9:00 AM – 9:00 PM | Saturday: 9:00 AM – 9:00 PM | Sunday: 9:00 AM – 9:00 PM,,0,"['convenience_store', 'food', 'store', 'point_of_interest', 'establishment']","24M8+CG4, Bo Win, Si Racha District",Unknown independent convenience,Convenience,"REVIEW — Independent, likely target"
ChIJFUC6CqEtAzERpZVupa319Ac,ChIJFUC6CqEtAzERpZVupa319Ac,BETAGRO ร้านบ้านกำนัน หมู-ไก่สด,555,Amphoe Bo Thong,Chon Buri,13.1980545,101.4609874,5,2,0,Active,convenience_store,0,0,FALSE,scraped,089 904 8442,Monday: 6:00 AM – 9:00 PM | Tuesday: 6:00 AM – 9:00 PM | Wednesday: 6:00 AM – 9:00 PM | Thursday: 6:00 AM – 9:00 PM | Friday: 6:00 AM – 9:00 PM | Saturday: 7:00 AM – 8:30 PM | Sunday: 7:00 AM – 8:30 PM,,0,"['convenience_store', 'food', 'point_of_interest', 'store', 'establishment']","555, Amphoe Bo Thong",Unknown independent convenience,Convenience,"REVIEW — Independent, likely target"
ChIJvd-IJ0_HAjERxywM0Xl1Nmc,ChIJvd-IJ0_HAjERxywM0Xl1Nmc,7 eleven บ้านนาพง 17952,"4293+XWW, Nong Kham",Si Racha District,Chon Buri,13.1199809,101.0048269,3.3,8,0,Active,convenience_store,0,0,FALSE,scraped,,,https://www.7eleven.co.th/,0,"['convenience_store', 'food', 'point_of_interest', 'store', 'establishment']","4293+XWW, Nong Kham, Si Racha District",Unknown independent convenience,Convenience,"REVIEW — Independent, likely target"
ChIJ91pcDADJAjERDFWEhsGHNTw,ChIJ91pcDADJAjERDFWEhsGHNTw,BCM คาลเท็กซ์มาบเอียง,"42G8+R2C, ตำบล หนองขาม",Amphoe Si Racha,Chon Buri,13.1270706,101.0150059,0,0,0,Active,convenience_store,0,0,FALSE,scraped,,,,0,"['convenience_store', 'food', 'point_of_interest', 'store', 'establishment']","42G8+R2C, ตำบล หนองขาม, Amphoe Si Racha",Unknown independent convenience,Convenience,"REVIEW — Independent, likely target"
ChIJT7HlucvJAjER28Ee6SjfJQs,ChIJT7HlucvJAjER28Ee6SjfJQs,ดีคอมเพล็กซ์ ปิ่นทอง 1 by ร้าน ซี.ตอง มินิมาร์ท และ อพาร์ทเม้นท์,"ดีคอมเพล็กซ์ปิ่นทอง1, เลขที่ 8/86 หมู่ 10",Amphoe Si Racha,Chon Buri,13.1248024,100.9888748,5,2,0,Active,convenience_store,0,0,FALSE,scraped,091 705 8329,Monday: 6:30 AM – 10:00 PM | Tuesday: 6:30 AM – 10:00 PM | Wednesday: 6:30 AM – 10:00 PM | Thursday: 6:30 AM – 10:00 PM | Friday: 6:30 AM – 10:00 PM | Saturday: 6:30 AM – 10:00 PM | Sunday: 8:00 AM – 10:00 PM,,0,"['convenience_store', 'food', 'point_of_interest', 'store', 'establishment']","ดีคอมเพล็กซ์ปิ่นทอง1, เลขที่ 8/86 หมู่ 10, Amphoe Si Racha",Independent mini-mart,Mini-mart,TARGET — Independent mini-mart
ChIJOwlicHfHAjERAA1UiW5ihbc,ChIJOwlicHfHAjERAA1UiW5ihbc,Delimart & DeliWash ปิ่นทอง 2,"428F+C8, Nong Kham",Bang Lamung District,Chon Buri,13.1162378,101.0232971,4.5,2,0,Active,convenience_store,0,0,FALSE,scraped,,,,0,"['convenience_store', 'food', 'point_of_interest', 'store', 'establishment']","428F+C8, Nong Kham, Bang Lamung District",Independent mart,Mini-mart,TARGET — Independent mart
ChIJIewQWwDJAjERMK1H47C9aP4,ChIJIewQWwDJAjERMK1H47C9aP4,7 Eleven เลียบมอเตอร์เวย์ นิคมฯปิ่นทอง,"4XFP+X73, Nong Kham",Si Racha District,Chon Buri,13.124877,100.9856699,4,1,0,Active,convenience_store,0,0,FALSE,scraped,,,,0,"['convenience_store', 'food', 'point_of_interest', 'store', 'establishment']","4XFP+X73, Nong Kham, Si Racha District",Unknown independent convenience,Convenience,"REVIEW — Independent, likely target"
ChIJIx_Anm7KAjERvYY3oSGeZ04,ChIJIx_Anm7KAjERvYY3oSGeZ04,max mart บางพระ2,Thailand,Chon Buri,Chon Buri,13.2416568,100.9959847,5,2,0,Active,convenience_store,0,0,FALSE,scraped,096 053 2908,Monday: Open 24 hours | Tuesday: Open 24 hours | Wednesday: Open 24 hours | Thursday: Open 24 hours | Friday: Open 24 hours | Saturday: Open 24 hours | Sunday: Open 24 hours,,0,"['convenience_store', 'store', 'food', 'point_of_interest', 'establishment']",Thailand,Independent mart,Mini-mart,TARGET — Independent mart
ChIJkSiyQgDNAjER_AJQ86YsUls,ChIJkSiyQgDNAjER_AJQ86YsUls,thai foodred marketสาขาคลองกิ่ว,"65X2+M9R, Khlong Kiu",Ban Bueng District,Chon Buri,13.2492412,101.1509001,0,0,0,Active,convenience_store,0,0,FALSE,scraped,,,,0,"['convenience_store', 'point_of_interest', 'food', 'store', 'establishment']","65X2+M9R, Khlong Kiu, Ban Bueng District",Unknown independent convenience,Convenience,"REVIEW — Independent, likely target"
ChIJy1ocHLvTAjERnQq4OGJDUio,ChIJy1ocHLvTAjERnQq4OGJDUio,Max Mart,"66PC+5JC, Nong Phai Kaeo",Ban Bueng District,Chon Buri,13.2354305,101.2215233,5,3,0,Active,convenience_store,0,0,FALSE,scraped,,,,0,"['convenience_store', 'food', 'point_of_interest', 'store', 'establishment']","66PC+5JC, Nong Phai Kaeo, Ban Bueng District",Independent mart,Mini-mart,TARGET — Independent mart
ChIJJ4EFYBQzHTERuMlN7--hx2k,ChIJJ4EFYBQzHTERuMlN7--hx2k,CJx ซีเจ เอ็กซ์ สาขาตะวันออกบ้านบึง,Ban Bueng,Ban Bueng District,Chon Buri,13.301652,101.1189989,2.9,11,0,Active,convenience_store,0,0,FALSE,scraped,,Monday: 6:00 AM – 11:00 PM | Tuesday: 6:00 AM – 11:00 PM | Wednesday: 6:00 AM – 11:00 PM | Thursday: 6:00 AM – 11:00 PM | Friday: 6:00 AM – 11:00 PM | Saturday: 6:00 AM – 11:00 PM | Sunday: 6:00 AM – 11:00 PM,,0,"['convenience_store', 'food', 'store', 'point_of_interest', 'establishment']","Ban Bueng, Ban Bueng District",Unknown independent convenience,Convenience,"REVIEW — Independent, likely target"
ChIJg7yK_MgyHTERamhbJDR2x5Y,ChIJg7yK_MgyHTERamhbJDR2x5Y,Our love Convenience Shop,"844P+J59, Soi Ban Bung Phatthana, Tambon Ban Bueng",Amphoe Ban Bueng,Chon Buri,13.3065418,101.1354905,5,3,0,Active,convenience_store,0,0,FALSE,scraped,,Monday: 6:00 AM – 9:00 PM | Tuesday: 6:00 AM – 9:00 PM | Wednesday: 6:00 AM – 9:00 PM | Thursday: 6:00 AM – 9:00 PM | Friday: 6:00 AM – 9:00 PM | Saturday: 6:00 AM – 9:00 PM | Sunday: 6:00 AM – 9:00 PM,,0,"['convenience_store', 'food', 'store', 'point_of_interest', 'establishment']","844P+J59, Soi Ban Bung Phatthana, Tambon Ban Bueng, Amphoe Ban Bueng",Independent convenience,Convenience,TARGET — Independent convenience
ChIJs_a_MQAzHTERoC8v7Cyw0UI,ChIJs_a_MQAzHTERoC8v7Cyw0UI,7-11 ข้างโรงงาน QMB,"843Q+2WC, Ban Bueng",Ban Bueng District,Chon Buri,13.3033802,101.1404847,3.7,3,0,Active,convenience_store,0,0,FALSE,scraped,,,https://www.7eleven.co.th/,0,"['convenience_store', 'food', 'store', 'point_of_interest', 'establishment']","843Q+2WC, Ban Bueng, Ban Bueng District",Unknown independent convenience,Convenience,"REVIEW — Independent, likely target"
ChIJmZNvC1W2AjERjgNoG61ppqA,ChIJmZNvC1W2AjERjgNoG61ppqA,Sriracha Mart,"5WFP+2QH, Si Racha",Si Racha District,Chon Buri,13.1725613,100.9369848,4.3,83,0,Active,convenience_store,0,0,FALSE,scraped,038 312 302,Monday: 9:00 AM – 8:00 PM | Tuesday: 9:00 AM – 8:00 PM | Wednesday: 9:00 AM – 8:00 PM | Thursday: 9:00 AM – 8:00 PM | Friday: 9:00 AM – 8:00 PM | Saturday: 9:00 AM – 8:00 PM | Sunday: 9:00 AM – 8:00 PM,,0,"['convenience_store', 'food', 'point_of_interest', 'store', 'establishment']","5WFP+2QH, Si Racha, Si Racha District",Independent mart,Mini-mart,TARGET — Independent mart
ChIJORDTA2C2AjERHzYwOsHXjH8,ChIJORDTA2C2AjERHzYwOsHXjH8,Rhino Mart,"ปั๊ม ไทย อ อย ล์, Tambon Bang Phra",Amphoe Si Racha,Chon Buri,13.193203,100.935679,4.8,4,0,Active,convenience_store,0,0,FALSE,scraped,,,,0,"['convenience_store', 'food', 'point_of_interest', 'store', 'establishment']","ปั๊ม ไทย อ อย ล์, Tambon Bang Phra, Amphoe Si Racha",Independent mart,Mini-mart,TARGET — Independent mart
ChIJyT3jsjW3AjEROJOKbrKkM5k,ChIJyT3jsjW3AjEROJOKbrKkM5k,7 Eleven,5X42+2WJ,Si Racha District,Chon Buri,13.1550778,100.9522734,4.2,22,0,Active,convenience_store,0,0,FALSE,scraped,,Monday: Open 24 hours | Tuesday: Open 24 hours | Wednesday: Open 24 hours | Thursday: Open 24 hours | Friday: Open 24 hours | Saturday: Open 24 hours | Sunday: Open 24 hours,http://www.7eleven.co.th/,0,"['convenience_store', 'food', 'store', 'point_of_interest', 'establishment']","5X42+2WJ, Si Racha District",Unknown independent convenience,Convenience,"REVIEW — Independent, likely target"
ChIJOTSFT2u3AjERM0rBAO9B5Ks,ChIJOTSFT2u3AjERM0rBAO9B5Ks,CJx ซีเจ เอ็กซ์ สาขาซอยหมอย้อย,"บ้านเลขที่ 323/75 หมู่ 8, Tambon Surasak",Amphoe Si Racha,Chon Buri,13.1463387,100.9506293,1,4,0,Active,convenience_store,0,0,FALSE,scraped,,Monday: 6:00 AM – 10:00 PM | Tuesday: 6:00 AM – 10:00 PM | Wednesday: 6:00 AM – 10:00 PM | Thursday: 6:00 AM – 10:00 PM | Friday: 6:00 AM – 10:00 PM | Saturday: 6:00 AM – 10:00 PM | Sunday: 6:00 AM – 10:00 PM,,0,"['convenience_store', 'food', 'point_of_interest', 'store', 'establishment']","บ้านเลขที่ 323/75 หมู่ 8, Tambon Surasak, Amphoe Si Racha",Unknown independent convenience,Convenience,"REVIEW — Independent, likely target"
ChIJfUfjOFm3AjER-yEv3kbCthU,ChIJfUfjOFm3AjER-yEv3kbCthU,KTS Powder Coating,"สุรศักดิ์, 347 หมู่ 8 Thanon Si Racha-Nong Yai Bu",Amphoe Si Racha,Chon Buri,13.1480771,100.9493114,3,2,0,Active,convenience_store,0,0,FALSE,scraped,086 113 3594,Monday: 9:30 AM – 6:30 PM | Tuesday: 9:30 AM – 6:30 PM | Wednesday: 9:30 AM – 6:30 PM | Thursday: 9:30 AM – 6:30 PM | Friday: 9:30 AM – 6:30 PM | Saturday: 9:30 AM – 6:30 PM | Sunday: Closed,,0,"['convenience_store', 'food', 'store', 'point_of_interest', 'establishment']","สุรศักดิ์, 347 หมู่ 8 Thanon Si Racha-Nong Yai Bu, Amphoe Si Racha",Unknown independent convenience,Convenience,"REVIEW — Independent, likely target"
ChIJ6aHJsZkrHTERel8ccFP0PbM,ChIJ6aHJsZkrHTERel8ccFP0PbM,MAX Mart PT สาขาพนัสนิคม4,"24, 2, ต.หมอนนาง",Amphoe Phanat Nikhom,Chon Buri,13.3467375,101.2716283,4.6,5,0,Active,convenience_store,0,0,FALSE,scraped,086 138 6784,,,0,"['convenience_store', 'store', 'food', 'point_of_interest', 'establishment']","24, 2, ต.หมอนนาง, Amphoe Phanat Nikhom",Independent mart,Mini-mart,TARGET — Independent mart
ChIJSVF2Wsc1HTER76aC5Y8lniU,ChIJSVF2Wsc1HTER76aC5Y8lniU,CJx ซีเจ เอ็กซ์ สาขาบ้านสวนซอยเมรี่,Ban Suan,Chon Buri District,Chon Buri,13.3595833,100.9949676,4,14,0,Active,convenience_store,0,0,FALSE,scraped,,Monday: 6:00 AM – 11:00 PM | Tuesday: 6:00 AM – 11:00 PM | Wednesday: 6:00 AM – 11:00 PM | Thursday: 6:00 AM – 11:00 PM | Friday: 6:00 AM – 11:00 PM | Saturday: 6:00 AM – 11:00 PM | Sunday: 6:00 AM – 11:00 PM,,0,"['convenience_store', 'food', 'store', 'point_of_interest', 'establishment']","Ban Suan, Chon Buri District",Unknown independent convenience,Convenience,"REVIEW — Independent, likely target"
ChIJG73bFTG1AjERNhI0x-IJPf8,ChIJG73bFTG1AjERNhI0x-IJPf8,ร้านP.S อพาร์ทเม้นท์,"31, 9 หมู่ 1, ตำบลห้วยกะปิ",Amphoe Mueang Chon Buri,Chon Buri,13.2984759,100.9509027,0,0,0,Active,convenience_store,0,0,FALSE,scraped,081 682 4517,,,0,"['convenience_store', 'food', 'store', 'point_of_interest', 'establishment']","31, 9 หมู่ 1, ตำบลห้วยกะปิ, Amphoe Mueang Chon Buri",Unknown independent convenience,Convenience,"REVIEW — Independent, likely target"
ChIJ-2VYKQe1AjERYhaLuOHx3Jk,ChIJ-2VYKQe1AjERYhaLuOHx3Jk,ร้าน108BRA,"เลขที่ 104 Thanon Santikasem, Tambon Saen Suk",Amphoe Mueang Chon Buri,Chon Buri,13.2805841,100.9357826,0,0,0,Active,convenience_store,0,0,FALSE,scraped,061 965 8065,Monday: 6:00 AM – 7:00 PM | Tuesday: 6:00 AM – 7:00 PM | Wednesday: 6:00 AM – 7:00 PM | Thursday: 6:00 AM – 7:00 PM | Friday: 6:00 AM – 7:00 PM | Saturday: 6:00 AM – 7:00 PM | Sunday: 6:00 AM – 7:00 PM,,0,"['convenience_store', 'store', 'point_of_interest', 'food', 'establishment']","เลขที่ 104 Thanon Santikasem, Tambon Saen Suk, Amphoe Mueang Chon Buri",Unknown independent convenience,Convenience,"REVIEW — Independent, likely target"
ChIJc0M-g0u3HDER--p5IjgzEww,ChIJc0M-g0u3HDER--p5IjgzEww,T&W SHOP,"9PJ5+QH, Khlong Takrao",Tha Takiap District,Chon Buri,13.3819059,101.7089816,0,0,0,Active,convenience_store,0,0,FALSE,scraped,097 001 1203,Monday: 9:00 AM – 5:00 PM | Tuesday: 9:00 AM – 5:00 PM | Wednesday: 9:00 AM – 5:00 PM | Thursday: 9:00 AM – 5:00 PM | Friday: 9:00 AM – 5:00 PM | Saturday: 9:00 AM – 9:00 PM | Sunday: 9:00 AM – 5:00 PM,,0,"['convenience_store', 'food', 'store', 'point_of_interest', 'establishment']","9PJ5+QH, Khlong Takrao, Tha Takiap District",Independent shop / mart,Mini-mart,TARGET — Likely independent
ChIJYwSnP7k2HTERH8i7B8LfG7c,ChIJYwSnP7k2HTERH8i7B8LfG7c,CTมินิมาร์ท,"C364+C5H, Nong Tamlueng",Phan Thong District,Chon Buri,13.4103559,101.0556616,0,0,0,Active,convenience_store,0,0,FALSE,scraped,091 005 6924,Monday: 6:00 AM – 9:00 PM | Tuesday: 6:00 AM – 9:00 PM | Wednesday: 6:00 AM – 9:00 PM | Thursday: 6:00 AM – 9:00 PM | Friday: 6:00 AM – 9:00 PM | Saturday: 6:00 AM – 9:00 PM | Sunday: 6:00 AM – 9:00 PM,,0,"['convenience_store', 'food', 'point_of_interest', 'store', 'establishment']","C364+C5H, Nong Tamlueng, Phan Thong District",Independent mini-mart,Mini-mart,TARGET — Independent mini-mart
ChIJB3kjEgA3HTER-a-aRGQbv_M,ChIJB3kjEgA3HTER-a-aRGQbv_M,7 - Eleven,"F247+QXC, 6, Tambon Bang Nang",Amphoe Phan Thong,Chon Buri,13.4569497,101.0148812,4.7,3,0,Active,convenience_store,0,0,FALSE,scraped,091 001 9111,Monday: Open 24 hours | Tuesday: Open 24 hours | Wednesday: Open 24 hours | Thursday: Open 24 hours | Friday: Open 24 hours | Saturday: Open 24 hours | Sunday: Open 24 hours,http://www.7eleven.co.th/,0,"['convenience_store', 'food', 'point_of_interest', 'store', 'establishment']","F247+QXC, 6, Tambon Bang Nang, Amphoe Phan Thong",Unknown independent convenience,Convenience,"REVIEW — Independent, likely target"
ChIJJ8hq9Dg3HTER1uBc152uTiM,ChIJJ8hq9Dg3HTER1uBc152uTiM,CJx ซีเจ เอ็กซ์ สาขาแสนมณี อะคิระ,Bang Nang,Phan Thong District,Chon Buri,13.468528,101.022556,2,4,0,Active,convenience_store,0,0,FALSE,scraped,,Monday: 6:00 AM – 10:00 PM | Tuesday: 6:00 AM – 10:00 PM | Wednesday: 6:00 AM – 10:00 PM | Thursday: 6:00 AM – 10:00 PM | Friday: 6:00 AM – 10:00 PM | Saturday: 6:00 AM – 10:00 PM | Sunday: 6:00 AM – 10:00 PM,,0,"['convenience_store', 'food', 'point_of_interest', 'store', 'establishment']","Bang Nang, Phan Thong District",Unknown independent convenience,Convenience,"REVIEW — Independent, likely target"
ChIJH3S4ijg3HTERUcn_TUKaUC4,ChIJH3S4ijg3HTERUcn_TUKaUC4,ร้านWanshop 2555,"76 4, Tambon Ban Kao",Amphoe Phan Thong,Chon Buri,13.4588957,101.0590788,0,0,0,Active,convenience_store,0,0,FALSE,scraped,087 740 2755,,,0,"['convenience_store', 'food', 'store', 'point_of_interest', 'establishment']","76 4, Tambon Ban Kao, Amphoe Phan Thong",Independent shop / mart,Mini-mart,TARGET — Likely independent
ChIJ7Rb-PgA3HTERlYHg2PBEAfw,ChIJ7Rb-PgA3HTERlYHg2PBEAfw,7 eleven,"31/2 Thanon Ban Kao, Tambon Ban Kao",Amphoe Phan Thong,Chon Buri,13.4600405,101.0634768,3,2,0,Active,convenience_store,0,0,FALSE,scraped,02 826 7744,,https://www.7eleven.co.th/,0,"['convenience_store', 'food', 'store', 'point_of_interest', 'establishment']","31/2 Thanon Ban Kao, Tambon Ban Kao, Amphoe Phan Thong",Unknown independent convenience,Convenience,"REVIEW — Independent, likely target"
ChIJGRFAEAAxHTERm3wGsgyrL1A,ChIJGRFAEAAxHTERm3wGsgyrL1A,7 eleven สาขาชุมชนวัดบ้านงิ้ว,"C4P3+694, 9, Tambon Nong Kakha",Amphoe Phan Thong,Chon Buri,13.435533,101.1034897,3.7,3,0,Active,convenience_store,0,0,FALSE,scraped,,,https://www.7eleven.co.th/,0,"['convenience_store', 'store', 'food', 'point_of_interest', 'establishment']","C4P3+694, 9, Tambon Nong Kakha, Amphoe Phan Thong",Unknown independent convenience,Convenience,"REVIEW — Independent, likely target"
ChIJ-dxAB9kpHTERoniFr7WIik8,ChIJ-dxAB9kpHTERoniFr7WIik8,ร้าน Max Mart,"80/6 Moo 5, Highway 331 Road, Tambon Na Wang Hin",Amphoe Phanat Nikhom,Chon Buri,13.4440477,101.282897,5,1,0,Active,convenience_store,0,0,FALSE,scraped,,,,0,"['convenience_store', 'food', 'point_of_interest', 'store', 'establishment']","80/6 Moo 5, Highway 331 Road, Tambon Na Wang Hin, Amphoe Phanat Nikhom",Independent mart,Mini-mart,TARGET — Independent mart
ChIJ_ceyDwBLHTERr55sbgmiOxE,ChIJ_ceyDwBLHTERr55sbgmiOxE,7- Eleven สาขา นารถมนตเสวี 30/8 (ชลบุรี),"8XR8+252, Soi Nartmontasevee 30, Tambon Samet",Amphoe Mueang Chon Buri,Chon Buri,13.339828,100.9652228,0,0,0,Active,convenience_store,0,0,FALSE,scraped,,Monday: Open 24 hours | Tuesday: Open 24 hours | Wednesday: Open 24 hours | Thursday: Open 24 hours | Friday: Open 24 hours | Saturday: Open 24 hours | Sunday: Open 24 hours,https://www.7eleven.co.th/,0,"['convenience_store', 'point_of_interest', 'food', 'store', 'establishment']","8XR8+252, Soi Nartmontasevee 30, Tambon Samet, Amphoe Mueang Chon Buri",Unknown independent convenience,Convenience,"REVIEW — Independent, likely target"
ChIJx65vt75KHTER7xMKBAFXxHs,ChIJx65vt75KHTER7xMKBAFXxHs,ร้าน eCosway ชลบุรี (การเคหะ),"42/82 หมู่ 2, ถนนคีรี-เสม็ด, ต.เสม็ด อ.เมืองชลบุรี จ.ชลบุรี",20000,Chon Buri,13.323137,100.962563,5,2,0,Active,convenience_store,0,0,FALSE,scraped,084 398 8442,,,0,"['convenience_store', 'store', 'food', 'point_of_interest', 'establishment']","42/82 หมู่ 2, ถนนคีรี-เสม็ด, ต.เสม็ด อ.เมืองชลบุรี จ.ชลบุรี, 20000",Unknown independent convenience,Convenience,"REVIEW — Independent, likely target"
ChIJqY4JZwBLHTERmlHx9rvUB58,ChIJqY4JZwBLHTERmlHx9rvUB58,sila 20 store,8WQH+635,Chon Buri District,Chon Buri,13.3379824,100.9277536,0,0,0,Active,convenience_store,0,0,FALSE,scraped,,,,0,"['convenience_store', 'store', 'food', 'point_of_interest', 'establishment']","8WQH+635, Chon Buri District",Independent store,Mini-mart / grocer,TARGET — Independent store
ChIJxeCJNIdKHTEReNyctKzEXNs,ChIJxeCJNIdKHTEReNyctKzEXNs,ร้าน K.แหม่ม,"222/70 หมู่ 2, ตำบลบ้านสวน อำเภอเมืองชลบุรี จังหวัดชลบุรี",20000,Chon Buri,13.348681,100.9748717,0,0,0,Active,convenience_store,0,0,FALSE,scraped,087 871 2952,,,0,"['convenience_store', 'store', 'food', 'point_of_interest', 'establishment']","222/70 หมู่ 2, ตำบลบ้านสวน อำเภอเมืองชลบุรี จังหวัดชลบุรี, 20000",Unknown independent convenience,Convenience,"REVIEW — Independent, likely target"
ChIJlVFbPX5KHTERR5keOy80bgw,ChIJlVFbPX5KHTERR5keOy80bgw,ร้านV. Shop,"1/25 หมู่ 9, ตำบลบ้านสวน อำเภอเมืองชลบุรี จังหวัดชลบุรี",20000,Chon Buri,13.3511051,100.9765038,5,1,0,Active,convenience_store,0,0,FALSE,scraped,038 279 344,,,0,"['convenience_store', 'food', 'point_of_interest', 'store', 'establishment']","1/25 หมู่ 9, ตำบลบ้านสวน อำเภอเมืองชลบุรี จังหวัดชลบุรี, 20000",Independent shop / mart,Mini-mart,TARGET — Likely independent
ChIJ3csvJgA3HTERnkAMYLmhJLk,ChIJ3csvJgA3HTERnkAMYLmhJLk,"Bang Nang, Phan Thong District, ချွန်ဘူရီ ပြည်နယ် 20160","F3J7+P72, Bang Nang",Phan Thong District,Chon Buri,13.4817684,101.0631514,0,0,0,Active,convenience_store,0,0,FALSE,scraped,,,,0,"['convenience_store', 'point_of_interest', 'food', 'store', 'establishment']","F3J7+P72, Bang Nang, Phan Thong District",Unknown independent convenience,Convenience,"REVIEW — Independent, likely target"
ChIJ02I27ws4HTERyvwLoE5qAyg,ChIJ02I27ws4HTERyvwLoE5qAyg,7 Eleven,"GX3P+R48, Bang Pakong",Bang Pakong District,Chon Buri,13.5045259,100.9853176,4,4,0,Active,convenience_store,0,0,FALSE,scraped,,Monday: Open 24 hours | Tuesday: Open 24 hours | Wednesday: Open 24 hours | Thursday: Open 24 hours | Friday: Open 24 hours | Saturday: Open 24 hours | Sunday: Open 24 hours,,0,"['convenience_store', 'food', 'store', 'point_of_interest', 'establishment']","GX3P+R48, Bang Pakong, Bang Pakong District",Unknown independent convenience,Convenience,"REVIEW — Independent, likely target"
ChIJj4yfaTElHTER2Syw_Fk1vqQ,ChIJj4yfaTElHTER2Syw_Fk1vqQ,ร้านป้าเปีย / Pa Pia Convenience Store,"G559+C84, Wat Luang",Phanat Nikhom District,Chon Buri,13.508511,101.1683331,4.7,3,0,Active,convenience_store,0,0,FALSE,scraped,,Monday: 8:00 AM – 7:00 PM | Tuesday: 8:00 AM – 7:00 PM | Wednesday: 8:00 AM – 7:00 PM | Thursday: 8:00 AM – 7:00 PM | Friday: 8:00 AM – 7:00 PM | Saturday: 8:00 AM – 7:00 PM | Sunday: 8:00 AM – 7:00 PM,,0,"['convenience_store', 'store', 'food', 'point_of_interest', 'establishment']","G559+C84, Wat Luang, Phanat Nikhom District",Independent convenience,Convenience,TARGET — Independent convenience
ChIJ0Xsx__IlHTERVYKm7DpS8Q0,ChIJ0Xsx__IlHTERVYKm7DpS8Q0,ร้านถูกดี มีมาตรฐาน by ต้นทรัพย์ พาณิชย์,456,Amphoe Phanat Nikhom,Chon Buri,13.4845381,101.232392,4.2,6,0,Active,convenience_store,0,0,FALSE,scraped,083 987 4295,Monday: 6:00 AM – 12:00 AM | Tuesday: 6:00 AM – 12:00 AM | Wednesday: 6:00 AM – 12:00 AM | Thursday: 6:00 AM – 12:00 AM | Friday: 6:00 AM – 12:00 AM | Saturday: 6:00 AM – 12:00 AM | Sunday: 6:00 AM – 12:00 AM,,0,"['convenience_store', 'food', 'point_of_interest', 'store', 'establishment']","456, Amphoe Phanat Nikhom",Unknown independent convenience,Convenience,"REVIEW — Independent, likely target"
ChIJuUIXGwAlHTERJbyym1Vy9wQ,ChIJuUIXGwAlHTERJbyym1Vy9wQ,7/11 Nong Hiang,"F6J8+9GF, Nong Hiang",Phanat Nikhom District,Chon Buri,13.4809375,101.2162969,0,0,0,Active,convenience_store,0,0,FALSE,scraped,,,https://www.7eleven.co.th/,0,"['convenience_store', 'food', 'point_of_interest', 'store', 'establishment']","F6J8+9GF, Nong Hiang, Phanat Nikhom District",Unknown independent convenience,Convenience,"REVIEW — Independent, likely target"
ChIJS2a7u7NbHTEReGf4X0GaG8s,ChIJS2a7u7NbHTEReGf4X0GaG8s,Bethel meeting point,"HPCC+F6X, Bang Pla",Bang Phli District,Chon Buri,13.5712439,100.7205956,3.4,5,0,Active,convenience_store,0,0,FALSE,scraped,,Monday: Open 24 hours | Tuesday: Open 24 hours | Wednesday: Open 24 hours | Thursday: Open 24 hours | Friday: Open 24 hours | Saturday: Open 24 hours | Sunday: Open 24 hours,https://www.7eleven.co.th/,0,"['convenience_store', 'food', 'point_of_interest', 'store', 'establishment']","HPCC+F6X, Bang Pla, Bang Phli District",Unknown independent convenience,Convenience,"REVIEW — Independent, likely target"
ChIJo1EjJg02HTERNyRKfqzlupc,ChIJo1EjJg02HTERNyRKfqzlupc,Max Mart,"C233+92W, Nong Mai Daeng",Chon Buri District,Chon Buri,13.403494,101.0025779,3.4,5,0,Active,convenience_store,0,0,FALSE,scraped,,Monday: 6:00 AM – 12:00 AM | Tuesday: 6:00 AM – 12:00 AM | Wednesday: 6:00 AM – 12:00 AM | Thursday: 6:00 AM – 12:00 AM | Friday: 6:00 AM – 12:00 AM | Saturday: 6:00 AM – 12:00 AM | Sunday: 6:00 AM – 12:00 AM,,0,"['convenience_store', 'food', 'store', 'point_of_interest', 'establishment']","C233+92W, Nong Mai Daeng, Chon Buri District",Independent mart,Mini-mart,TARGET — Independent mart
ChIJ_eB6wSghHTERk9rgX052RLo,ChIJ_eB6wSghHTERk9rgX052RLo,555 Supermarket Plaeng Yao,88/1หมู่2 ตำบลวังเย็น อำเภอแปลงยาว จังหวัดฉะเชิงเทรา 24190 88/1 M2 Wangyen Amphoe Plaeng Yao Chachoengsao wangyen,Amphoe Phanat Nikhom,Chon Buri,13.5611005,101.2673429,5,3,0,Active,convenience_store,0,0,FALSE,scraped,061 896 7410,Monday: 6:30 AM – 10:30 PM | Tuesday: 6:30 AM – 10:30 PM | Wednesday: 6:30 AM – 10:30 PM | Thursday: 6:30 AM – 10:30 PM | Friday: 6:30 AM – 10:00 PM | Saturday: 6:30 AM – 10:30 PM | Sunday: 6:30 AM – 10:30 PM,,0,"['convenience_store', 'food', 'point_of_interest', 'store', 'establishment']","88/1หมู่2 ตำบลวังเย็น อำเภอแปลงยาว จังหวัดฉะเชิงเทรา 24190 88/1 M2 Wangyen Amphoe Plaeng Yao Chachoengsao wangyen, Amphoe Phanat Nikhom",Independent supermarket,Supermarket,TARGET — Independent supermarket
ChIJP60LkzshHTERYbkAnF99hKo,ChIJP60LkzshHTERYbkAnF99hKo,Tawon Store Tungsadao,"บางปอ-ทุ่งสะเดา, Tambon Plaeng Yao",Amphoe Plaeng Yao,Chon Buri,13.5802963,101.2832565,4.4,16,0,Active,convenience_store,0,0,FALSE,scraped,081 551 7797,Monday: 6:30 AM – 5:00 PM | Tuesday: 6:30 AM – 5:00 PM | Wednesday: 6:30 AM – 5:00 PM | Thursday: 6:30 AM – 5:00 PM | Friday: 6:30 AM – 5:00 PM | Saturday: 6:30 AM – 5:00 PM | Sunday: Closed,,0,"['convenience_store', 'food', 'point_of_interest', 'store', 'establishment']","บางปอ-ทุ่งสะเดา, Tambon Plaeng Yao, Amphoe Plaeng Yao",Independent store,Mini-mart / grocer,TARGET — Independent store
ChIJy0Nfd7JFHTERZpYs8njOaMY,ChIJy0Nfd7JFHTERZpYs8njOaMY,Home Village Supermarket,"็Homevillage Supermartget หมู่4 ซอย7, ซอย คิงคอง",Amphoe Bang Bo,Chon Buri,13.5596844,100.8120165,0,0,0,Active,convenience_store,0,0,FALSE,scraped,02 182 8986,Monday: 8:00 AM – 10:00 PM | Tuesday: 8:00 AM – 10:00 PM | Wednesday: 8:00 AM – 10:00 PM | Thursday: 8:00 AM – 10:00 PM | Friday: 8:00 AM – 10:00 PM | Saturday: 8:00 AM – 10:00 PM | Sunday: 8:00 AM – 10:00 PM,,0,"['convenience_store', 'food', 'point_of_interest', 'store', 'establishment']","็Homevillage Supermartget หมู่4 ซอย7, ซอย คิงคอง, Amphoe Bang Bo",Independent supermarket,Supermarket,TARGET — Independent supermarket
ChIJ4TMLx5FEHTER5H8oanFrEuI,ChIJ4TMLx5FEHTER5H8oanFrEuI,ร้านลิ้มไพบูลย์ Lim Phaiboon store,"Village No, 26 Thepharak Road, Tambon Bang Phriang",Amphoe Bang Bo,Chon Buri,13.5692889,100.8326533,4.5,4,0,Active,convenience_store,0,0,FALSE,scraped,02 338 1790,Monday: 5:30 AM – 5:00 PM | Tuesday: 5:30 AM – 5:00 PM | Wednesday: 5:30 AM – 5:00 PM | Thursday: 5:30 AM – 5:00 PM | Friday: 5:30 AM – 5:00 PM | Saturday: 5:30 AM – 5:00 PM | Sunday: 5:30 AM – 5:00 PM,http://www.facebook.com/pages/%E0%B8%A3%E0%B9%89%E0%B8%B2%E0%B8%99%E0%B8%A5%E0%B8%B4%E0%B9%89%E0%B8%A1%E0%B9%84%E0%B8%9E%E0%B8%9A%E0%B8%B9%E0%B8%A5%E0%B8%A2%E0%B9%8C/196621390372208,0,"['convenience_store', 'gas_station', 'liquor_store', 'food', 'point_of_interest', 'store', 'establishment']","Village No, 26 Thepharak Road, Tambon Bang Phriang, Amphoe Bang Bo",Independent store,Mini-mart / grocer,TARGET — Independent store
ChIJfRxDEp1FHTERC41agHDHLrw,ChIJfRxDEp1FHTERC41agHDHLrw,CJx ซีเจ เอ็กซ์ สาขาหมู่บ้านทับทอง,Bang Sao Thong,Bang Sao Thong District,Chon Buri,13.5674,100.822903,4.7,6,0,Active,convenience_store,0,0,FALSE,scraped,,Monday: 6:00 AM – 10:00 PM | Tuesday: 6:00 AM – 10:00 PM | Wednesday: 6:00 AM – 10:00 PM | Thursday: 6:00 AM – 10:00 PM | Friday: 6:00 AM – 10:00 PM | Saturday: 6:00 AM – 10:00 PM | Sunday: 6:00 AM – 10:00 PM,,0,"['convenience_store', 'restaurant', 'food', 'point_of_interest', 'store', 'establishment']","Bang Sao Thong, Bang Sao Thong District",Unknown independent convenience,Convenience,"REVIEW — Independent, likely target"
ChIJ-4a0gQGLAjER_JvKzA4oV18,ChIJ-4a0gQGLAjER_JvKzA4oV18,ModdaM,4/15 9 แสมสาร,อำเภอสัตหีบ,Chon Buri,12.6024721,100.9556979,0,0,0,Active,grocery_or_supermarket,0,0,FALSE,scraped,095 623 9354,Monday: 7:00 AM – 6:00 PM | Tuesday: 7:00 AM – 6:00 PM | Wednesday: 7:00 AM – 6:00 PM | Thursday: 7:00 AM – 6:00 PM | Friday: 7:00 AM – 6:00 AM | Saturday: 7:00 AM – 6:00 PM | Sunday: 7:00 AM – 6:00 PM,,0,"['supermarket', 'grocery_or_supermarket', 'food', 'store', 'point_of_interest', 'establishment']","4/15 9 แสมสาร, อำเภอสัตหีบ",Unknown independent grocer/super,Grocery / supermarket,"REVIEW — Independent, likely target"
ChIJdXIrFAAHAzERKJcnVZAlkZA,ChIJdXIrFAAHAzERKJcnVZAlkZA,Silversand Shop,"92, Tambon Phe",อ.เมือง,Chon Buri,12.5640218,101.4574001,3.9,7,0,Active,grocery_or_supermarket,0,0,FALSE,scraped,,Monday: 8:00 AM – 10:00 PM | Tuesday: 8:00 AM – 10:00 PM | Wednesday: 8:00 AM – 10:00 PM | Thursday: 8:00 AM – 10:00 PM | Friday: 8:00 AM – 10:00 PM | Saturday: 8:00 AM – 10:00 PM | Sunday: 8:00 AM – 10:00 PM,,0,"['supermarket', 'grocery_or_supermarket', 'food', 'store', 'point_of_interest', 'establishment']","92, Tambon Phe, อ.เมือง",Independent shop / mart,Mini-mart,TARGET — Likely independent
ChIJWRLUr_39AjERqggwgwQcunE,ChIJWRLUr_39AjERqggwgwQcunE,Mr.BEAR กิ๊ฟช็อป,"183, 15 Taksin Maharat Road",Amphoe Mueang Rayong,Chon Buri,12.665317,101.272548,5,1,0,Active,grocery_or_supermarket,0,0,FALSE,scraped,082 090 8711,Monday: 10:00 AM – 7:00 PM | Tuesday: 10:00 AM – 7:00 PM | Wednesday: 10:00 AM – 7:00 PM | Thursday: 10:00 AM – 7:00 PM | Friday: 10:00 AM – 7:00 PM | Saturday: Open 24 hours | Sunday: Closed,http://facebook.com/MrBEAR_Online-289884585171208/,0,"['supermarket', 'grocery_or_supermarket', 'food', 'point_of_interest', 'store', 'establishment']","183, 15 Taksin Maharat Road, Amphoe Mueang Rayong",Unknown independent grocer/super,Grocery / supermarket,"REVIEW — Independent, likely target"
ChIJ4X9WMTUBAzERIW4way8fc2E,ChIJ4X9WMTUBAzERIW4way8fc2E,Olearys.s.b.d,Phe,Mueang Rayong District,Chon Buri,12.6254067,101.4335031,4.3,243,0,Active,grocery_or_supermarket,0,0,FALSE,scraped,099 081 9095,Monday: 8:00 AM – 6:00 PM | Tuesday: 8:00 AM – 6:00 PM | Wednesday: 8:00 AM – 6:00 PM | Thursday: 8:00 AM – 6:00 PM | Friday: 8:00 AM – 6:00 PM | Saturday: 8:00 AM – 6:00 PM | Sunday: 10:00 AM – 8:00 PM,http://www.olearyssbd.com/,0,"['supermarket', 'grocery_or_supermarket', 'restaurant', 'food', 'point_of_interest', 'store', 'establishment']","Phe, Mueang Rayong District",Unknown independent grocer/super,Grocery / supermarket,"REVIEW — Independent, likely target"
ChIJXftilrQPAzERNmhnXCyQ5FE,ChIJXftilrQPAzERNmhnXCyQ5FE,Supermarkt,"JHV6+XQ2, Chakphong",Klaeng District,Chon Buri,12.6448876,101.5618759,3.9,10,0,Active,grocery_or_supermarket,0,0,FALSE,scraped,,Monday: 8:00 AM – 9:00 PM | Tuesday: 8:00 AM – 9:00 PM | Wednesday: 8:00 AM – 9:00 PM | Thursday: 8:00 AM – 9:00 PM | Friday: 8:00 AM – 9:00 PM | Saturday: 8:00 AM – 9:00 PM | Sunday: 8:00 AM – 9:00 PM,,0,"['supermarket', 'grocery_or_supermarket', 'food', 'point_of_interest', 'store', 'establishment']","JHV6+XQ2, Chakphong, Klaeng District",Unknown independent grocer/super,Grocery / supermarket,"REVIEW — Independent, likely target"
ChIJIYfDIgkMAzERi9hyo_egu8w,ChIJIYfDIgkMAzERi9hyo_egu8w,Fresh Seafood Market,"JJWJ+772, Kram",Klaeng District,Chon Buri,12.6456433,101.6306427,4.2,35,0,Active,grocery_or_supermarket,0,0,FALSE,scraped,,Monday: 8:00 AM – 9:00 PM | Tuesday: 8:00 AM – 9:00 PM | Wednesday: 8:00 AM – 9:00 PM | Thursday: 8:00 AM – 9:00 PM | Friday: 8:00 AM – 9:00 PM | Saturday: 8:00 AM – 9:00 PM | Sunday: 8:00 AM – 9:00 PM,,0,"['supermarket', 'grocery_or_supermarket', 'store', 'food', 'point_of_interest', 'establishment']","JJWJ+772, Kram, Klaeng District",Unknown independent grocer/super,Grocery / supermarket,"REVIEW — Independent, likely target"
ChIJu_gSBnGNAjERHQpN9q698MM,ChIJu_gSBnGNAjERHQpN9q698MM,โลตัส โก เฟรช GF ชุมชนบ่อนไก่ 73,"เลขที่ 62/127, Tambon Sattahip",Amphoe Sattahip,Chon Buri,12.6866831,100.9058507,4.2,31,0,Active,grocery_or_supermarket,0,0,FALSE,scraped,088 984 7506,Monday: 5:00 AM – 11:00 PM | Tuesday: 5:00 AM – 11:00 PM | Wednesday: 5:00 AM – 11:00 PM | Thursday: 5:00 AM – 11:00 PM | Friday: 5:00 AM – 11:00 PM | Saturday: 5:00 AM – 11:00 PM | Sunday: 5:00 AM – 11:00 PM,https://www.lotuss.com/th,0,"['grocery_or_supermarket', 'supermarket', 'food', 'point_of_interest', 'store', 'establishment']","เลขที่ 62/127, Tambon Sattahip, Amphoe Sattahip",Unknown independent grocer/super,Grocery / supermarket,"REVIEW — Independent, likely target"
ChIJtTdrW_DzAjERz4ncofmj-8Q,ChIJtTdrW_DzAjERz4ncofmj-8Q,ห้องเย็นC&Aบ้านฉาง,"บ้านเลขที่112/105 หมู่4, หมูบ้านเทพรัฐเดอะ เนเจอร์, Tambon Ban Chang",Amphoe Ban Chang,Chon Buri,12.7090409,101.0639198,5,4,0,Active,grocery_or_supermarket,0,0,FALSE,scraped,085 233 0951,Monday: Open 24 hours | Tuesday: Open 24 hours | Wednesday: Open 24 hours | Thursday: Open 24 hours | Friday: Open 24 hours | Saturday: Open 24 hours | Sunday: Open 24 hours,https://www.facebook.com/champauyboss,0,"['supermarket', 'grocery_or_supermarket', 'food', 'point_of_interest', 'store', 'establishment']","บ้านเลขที่112/105 หมู่4, หมูบ้านเทพรัฐเดอะ เนเจอร์, Tambon Ban Chang, Amphoe Ban Chang",Unknown independent grocer/super,Grocery / supermarket,"REVIEW — Independent, likely target"
ChIJAzLOaP7zAjERlFHooxFKEXs,ChIJAzLOaP7zAjERlFHooxFKEXs,20 SUPER,"P386+347, Ban Chang",Ban Chang District,Chon Buri,12.7153218,101.0609982,4.3,8,0,Active,grocery_or_supermarket,0,0,FALSE,scraped,099 289 6328,Monday: 8:00 AM – 8:00 PM | Tuesday: 8:00 AM – 8:00 PM | Wednesday: 8:00 AM – 8:00 PM | Thursday: 8:00 AM – 8:00 PM | Friday: 8:00 AM – 8:00 PM | Saturday: 8:00 AM – 8:00 PM | Sunday: 8:00 AM – 8:00 PM,https://www.facebook.com/profile.php?id=100071085512193&mibextid=LQQJ4d,0,"['supermarket', 'grocery_or_supermarket', 'food', 'point_of_interest', 'store', 'establishment']","P386+347, Ban Chang, Ban Chang District",Unknown independent grocer/super,Grocery / supermarket,"REVIEW — Independent, likely target"
ChIJQyBiEgDzAjERB9Yls1_g7BI,ChIJQyBiEgDzAjERB9Yls1_g7BI,Wan Shop,"187, 25, Tambon Ban Chang",Amphoe Ban Chang,Chon Buri,12.7158878,101.0495971,4.8,280,0,Active,grocery_or_supermarket,0,0,FALSE,scraped,064 281 9926,Monday: 8:00 AM – 9:00 PM | Tuesday: 8:00 AM – 9:00 PM | Wednesday: 8:00 AM – 9:00 PM | Thursday: 8:00 AM – 9:00 PM | Friday: 8:00 AM – 9:00 PM | Saturday: 8:00 AM – 9:00 PM | Sunday: 8:00 AM – 9:00 PM,https://www.facebook.com/profile.php?id=61564886876830,0,"['supermarket', 'grocery_or_supermarket', 'food', 'point_of_interest', 'store', 'establishment']","187, 25, Tambon Ban Chang, Amphoe Ban Chang",Independent shop / mart,Mini-mart,TARGET — Likely independent
ChIJmZwE6Xv9AjERBMMDZLqHBIg,ChIJmZwE6Xv9AjERBMMDZLqHBIg,ร้านบุสดี​shop ธงฟ้าประชารัฐ,"12, 25 ม.1, Tambon Na Ta Khuan",Amphoe Mueang Rayong,Chon Buri,12.7073542,101.3302056,3.8,5,0,Active,grocery_or_supermarket,0,0,FALSE,scraped,087 533 6551,Monday: 6:00 AM – 10:00 PM | Tuesday: 6:00 AM – 10:00 PM | Wednesday: 6:00 AM – 10:00 PM | Thursday: 6:00 AM – 10:00 PM | Friday: 6:00 AM – 10:00 PM | Saturday: 6:00 AM – 10:00 PM | Sunday: 6:00 AM – 10:00 PM,,0,"['supermarket', 'grocery_or_supermarket', 'food', 'store', 'point_of_interest', 'establishment']","12, 25 ม.1, Tambon Na Ta Khuan, Amphoe Mueang Rayong",Unknown independent grocer/super,Grocery / supermarket,"REVIEW — Independent, likely target"
ChIJhwXSicz9AjERn2c7KnaevDo,ChIJhwXSicz9AjERn2c7KnaevDo,PP Shop 29,M8V7+5GP,Mueang Rayong District,Chon Buri,12.6929731,101.3138306,4.8,5,0,Active,grocery_or_supermarket,0,0,FALSE,scraped,,Monday: 7:00 AM – 9:00 PM | Tuesday: 7:00 AM – 9:00 PM | Wednesday: 7:00 AM – 9:00 PM | Thursday: 7:00 AM – 9:00 PM | Friday: 7:00 AM – 9:00 PM | Saturday: 7:00 AM – 9:00 PM | Sunday: 7:00 AM – 9:00 PM,,0,"['supermarket', 'grocery_or_supermarket', 'food', 'store', 'point_of_interest', 'establishment']","M8V7+5GP, Mueang Rayong District",Independent shop / mart,Mini-mart,TARGET — Likely independent
ChIJjQGQbDMMAzEROXjGoMGpWro,ChIJjQGQbDMMAzEROXjGoMGpWro,Phatthana Supper Market,"119 6, Tambon Kram",Amphoe Klaeng,Chon Buri,12.6847939,101.6316654,4.3,181,0,Active,grocery_or_supermarket,0,0,FALSE,scraped,038 657 182,Monday: 9:00 AM – 8:00 PM | Tuesday: 9:00 AM – 8:00 PM | Wednesday: 9:00 AM – 8:00 PM | Thursday: 9:00 AM – 8:00 PM | Friday: 9:00 AM – 8:00 PM | Saturday: 9:00 AM – 8:00 PM | Sunday: 9:00 AM – 8:00 PM,,0,"['supermarket', 'grocery_or_supermarket', 'store', 'point_of_interest', 'food', 'establishment']","119 6, Tambon Kram, Amphoe Klaeng",Unknown independent grocer/super,Grocery / supermarket,"REVIEW — Independent, likely target"
ChIJGd_JO6eNAjER6zs7_aVlncU,ChIJGd_JO6eNAjER6zs7_aVlncU,Bee one stop shop,"PWJM+XF2, Bang Sare",Sattahip District,Chon Buri,12.7323776,100.9336413,4.3,3,0,Active,grocery_or_supermarket,0,0,FALSE,scraped,087 185 9981,Monday: 7:00 AM – 7:00 PM | Tuesday: 7:00 AM – 7:00 PM | Wednesday: 7:00 AM – 7:00 PM | Thursday: 7:00 AM – 7:00 PM | Friday: 7:00 AM – 7:00 PM | Saturday: 7:00 AM – 7:00 PM | Sunday: 7:00 AM – 7:00 PM,,0,"['supermarket', 'grocery_or_supermarket', 'store', 'food', 'point_of_interest', 'establishment']","PWJM+XF2, Bang Sare, Sattahip District",Independent shop / mart,Mini-mart,TARGET — Likely independent
ChIJQZG8jH7tAjERE-hsHwnuRqU,ChIJQZG8jH7tAjERE-hsHwnuRqU,PP Shop สำนักท้อน,"Q26C+CMR, Samnak Thon",Ban Chang District,Chon Buri,12.7611062,101.0216329,3,1,0,Active,grocery_or_supermarket,0,0,FALSE,scraped,063 039 6225,Monday: 7:00 AM – 9:00 PM | Tuesday: 7:00 AM – 9:00 PM | Wednesday: 7:00 AM – 9:00 PM | Thursday: 7:00 AM – 9:00 PM | Friday: 7:00 AM – 9:00 PM | Saturday: 7:00 AM – 9:00 PM | Sunday: 7:00 AM – 9:00 PM,,0,"['supermarket', 'grocery_or_supermarket', 'food', 'point_of_interest', 'store', 'establishment']","Q26C+CMR, Samnak Thon, Ban Chang District",Independent shop / mart,Mini-mart,TARGET — Likely independent
ChIJpSHUBn_tAjERp-sxETmQCgo,ChIJpSHUBn_tAjERp-sxETmQCgo,Inc. Mini Mart Blue Flag civil state,"7 Thetsaban 6 Road, Tambon Sam Nak Thon",Amphoe Ban Chang,Chon Buri,12.7613073,101.023064,3.9,49,0,Active,grocery_or_supermarket,0,0,FALSE,scraped,095 253 1996,Monday: 8:00 AM – 8:00 PM | Tuesday: 8:00 AM – 8:00 PM | Wednesday: 8:00 AM – 8:00 PM | Thursday: 8:00 AM – 8:00 PM | Friday: 8:00 AM – 8:00 PM | Saturday: 8:00 AM – 8:00 PM | Sunday: 8:00 AM – 8:00 PM,,0,"['supermarket', 'grocery_or_supermarket', 'food', 'point_of_interest', 'store', 'establishment']","7 Thetsaban 6 Road, Tambon Sam Nak Thon, Amphoe Ban Chang",Independent mini-mart,Mini-mart,TARGET — Independent mini-mart
ChIJD8X1tojzAjERZhFqxo_UT3s,ChIJD8X1tojzAjERZhFqxo_UT3s,20 CENTER,Samnak Thon,Ban Chang District,Chon Buri,12.7301571,101.0120543,4.5,52,0,Active,grocery_or_supermarket,0,0,FALSE,scraped,099 442 9824,Monday: 7:00 AM – 8:00 PM | Tuesday: 7:00 AM – 8:00 PM | Wednesday: 7:00 AM – 8:00 PM | Thursday: 7:00 AM – 2:00 AM | Friday: 7:00 AM – 8:00 PM | Saturday: 7:00 AM – 8:00 PM | Sunday: 7:00 AM – 8:00 PM,https://www.facebook.com/profile.php?id=100071085512193,0,"['supermarket', 'grocery_or_supermarket', 'food', 'point_of_interest', 'store', 'establishment']","Samnak Thon, Ban Chang District",Unknown independent grocer/super,Grocery / supermarket,"REVIEW — Independent, likely target"
ChIJjUN2DADxAjERfX8XN31JkdE,ChIJjUN2DADxAjERfX8XN31JkdE,แท๊กซี่บ้านฉางระยองPn Transport,"2 Sukhumvit Road, Tambon Ban Chang",Amphoe Mueang Rayong,Chon Buri,12.7382488,101.0812566,0,0,0,Active,grocery_or_supermarket,0,0,FALSE,scraped,,,,0,"['supermarket', 'grocery_or_supermarket', 'food', 'store', 'point_of_interest', 'establishment']","2 Sukhumvit Road, Tambon Ban Chang, Amphoe Mueang Rayong",Unknown independent grocer/super,Grocery / supermarket,"REVIEW — Independent, likely target"
ChIJhcKfne7vAjERhMFa3PrtzG8,ChIJhcKfne7vAjERhMFa3PrtzG8,โลตัสโกเฟรช ห้วยโป่ง(CPเดิม)(4275),"Q45P+GP, Huai Pong",Mueang Rayong District,Chon Buri,12.75877,101.136768,3.9,12,0,Active,grocery_or_supermarket,0,0,FALSE,scraped,064 215 2613,Monday: 6:00 AM – 8:00 PM | Tuesday: 6:00 AM – 8:00 PM | Wednesday: 6:00 AM – 8:00 PM | Thursday: 6:00 AM – 8:00 PM | Friday: 6:00 AM – 8:00 PM | Saturday: 6:00 AM – 8:00 PM | Sunday: 6:00 AM – 8:00 PM,https://www.lotuss.com/th,0,"['supermarket', 'grocery_or_supermarket', 'point_of_interest', 'food', 'store', 'establishment']","Q45P+GP, Huai Pong, Mueang Rayong District",Unknown independent grocer/super,Grocery / supermarket,"REVIEW — Independent, likely target"
ChIJfduwDJn6AjER_qups3J4dQY,ChIJfduwDJn6AjER_qups3J4dQY,"SP COLD STORAGE MAPTA PHUT CO,LTD","89, 88 Thanon Map Ya",Amphoe Mueang Rayong,Chon Buri,12.725493,101.1660593,4.3,423,0,Active,grocery_or_supermarket,0,0,FALSE,scraped,033 060 481,Monday: 4:00 AM – 9:00 PM | Tuesday: 4:00 AM – 9:00 PM | Wednesday: 4:00 AM – 9:00 PM | Thursday: 4:00 AM – 9:00 PM | Friday: 4:00 AM – 9:00 PM | Saturday: 4:00 AM – 9:00 PM | Sunday: 4:00 AM – 9:00 PM,,0,"['supermarket', 'grocery_or_supermarket', 'point_of_interest', 'food', 'store', 'establishment']","89, 88 Thanon Map Ya, Amphoe Mueang Rayong",Unknown independent grocer/super,Grocery / supermarket,"REVIEW — Independent, likely target"
ChIJt-STRA0SAzERg9IJzI2tDsA,ChIJt-STRA0SAzERg9IJzI2tDsA,Nadtida Orchid,"PJRQ+P2X, 3161, Tambon Wang Wa",Amphoe Klaeng,Chon Buri,12.7418731,101.6376184,4.3,44,0,Active,grocery_or_supermarket,0,0,FALSE,scraped,080 093 9577,Monday: 7:30 AM – 5:00 PM | Tuesday: 7:30 AM – 5:00 PM | Wednesday: 7:30 AM – 5:00 PM | Thursday: 7:30 AM – 5:00 PM | Friday: 7:30 AM – 5:00 PM | Saturday: 7:30 AM – 5:00 PM | Sunday: Closed,,0,"['supermarket', 'grocery_or_supermarket', 'store', 'food', 'point_of_interest', 'establishment']","PJRQ+P2X, 3161, Tambon Wang Wa, Amphoe Klaeng",Unknown independent grocer/super,Grocery / supermarket,"REVIEW — Independent, likely target"
ChIJ_Wtp8bv7AjEReqGINF61pUc,ChIJ_Wtp8bv7AjEReqGINF61pUc,Happy Land & Happy Drinks rayong,"15/97 หมู่ที่ 3, Tambon Noen Phra",Amphoe Mueang Rayong,Chon Buri,12.6837226,101.2317382,0,0,0,Active,grocery_or_supermarket,0,0,FALSE,scraped,092 553 6598,Monday: Open 24 hours | Tuesday: Open 24 hours | Wednesday: Open 24 hours | Thursday: Open 24 hours | Friday: Open 24 hours | Saturday: Open 24 hours | Sunday: Closed,,0,"['supermarket', 'grocery_or_supermarket', 'food', 'point_of_interest', 'store', 'establishment']","15/97 หมู่ที่ 3, Tambon Noen Phra, Amphoe Mueang Rayong",Unknown independent grocer/super,Grocery / supermarket,"REVIEW — Independent, likely target"
ChIJzeXdw237AjERCTOyM31mGgc,ChIJzeXdw237AjERCTOyM31mGgc,บ.N. K. N. 168 SUPPLY จำกัด,"90/5 ม.3 Leamhin-Nongmahat, Tambon Thapma",Amphoe Mueang Rayong,Chon Buri,12.6950349,101.2448304,0,0,0,Active,grocery_or_supermarket,0,0,FALSE,scraped,062 897 4293,,,0,"['supermarket', 'grocery_or_supermarket', 'food', 'point_of_interest', 'store', 'establishment']","90/5 ม.3 Leamhin-Nongmahat, Tambon Thapma, Amphoe Mueang Rayong",Unknown independent grocer/super,Grocery / supermarket,"REVIEW — Independent, likely target"
ChIJhZ-qLpv7AjERKqnXwpe_KH4,ChIJhZ-qLpv7AjERKqnXwpe_KH4,GO WHOLESALE RAYONG,"607 Sukhumvit Road, Tambon Noen Phra",Amphoe Mueang Rayong,Chon Buri,12.6828242,101.2412376,4.7,120,0,Active,grocery_or_supermarket,0,0,FALSE,scraped,033 060 788,Monday: 6:00 AM – 10:00 PM | Tuesday: 6:00 AM – 10:00 PM | Wednesday: 6:00 AM – 10:00 PM | Thursday: 6:00 AM – 10:00 PM | Friday: 6:00 AM – 10:00 PM | Saturday: 6:00 AM – 10:00 PM | Sunday: 6:00 AM – 10:00 PM,https://centralfoodwholesale.co.th/,0,"['supermarket', 'grocery_or_supermarket', 'food', 'point_of_interest', 'store', 'establishment']","607 Sukhumvit Road, Tambon Noen Phra, Amphoe Mueang Rayong",Unknown independent grocer/super,Grocery / supermarket,"REVIEW — Independent, likely target"
ChIJY2oLOo37AjERTt3a19RfWFk,ChIJY2oLOo37AjERTt3a19RfWFk,Zhulian Agency Ltd.,"4/22 Moo 2, Saengchan Neramit Road, Tambon Noen Phra, Amphoe Mueang Rayong, Rayong",21000,Chon Buri,12.6813554,101.2429753,4,5,0,Active,grocery_or_supermarket,0,0,FALSE,scraped,038 966 656,,,0,"['supermarket', 'grocery_or_supermarket', 'store', 'food', 'point_of_interest', 'establishment']","4/22 Moo 2, Saengchan Neramit Road, Tambon Noen Phra, Amphoe Mueang Rayong, Rayong, 21000",Unknown independent grocer/super,Grocery / supermarket,"REVIEW — Independent, likely target"
ChIJFcwZA037AjER6rYr7ceQga8,ChIJFcwZA037AjER6rYr7ceQga8,WAN Express,M6G8+WRQ,Mueang Rayong District,Chon Buri,12.6773444,101.217107,4.3,324,0,Active,grocery_or_supermarket,0,0,FALSE,scraped,038 612 709,Monday: 8:00 AM – 9:00 PM | Tuesday: 8:00 AM – 9:00 PM | Wednesday: 8:00 AM – 9:00 PM | Thursday: 8:00 AM – 9:00 PM | Friday: 8:00 AM – 9:00 PM | Saturday: 8:00 AM – 9:00 PM | Sunday: 8:00 AM – 9:00 PM,,0,"['supermarket', 'grocery_or_supermarket', 'store', 'food', 'point_of_interest', 'establishment']","M6G8+WRQ, Mueang Rayong District",Unknown independent grocer/super,Grocery / supermarket,"REVIEW — Independent, likely target"
ChIJybzOhOL7AjER22gG4p_7PW0,ChIJybzOhOL7AjER22gG4p_7PW0,ทองมาเงินไป สาขาCJ.โรงพยาบาลกรุงเทพระยอง,104/20 ม.7,Amphoe Mueang Rayong,Chon Buri,12.6760298,101.2139869,0,0,0,Active,grocery_or_supermarket,0,0,FALSE,scraped,064 181 1482,Monday: 9:00 AM – 6:00 PM | Tuesday: 9:00 AM – 6:00 PM | Wednesday: 9:00 AM – 6:00 PM | Thursday: 9:00 AM – 6:00 PM | Friday: 9:00 AM – 6:00 PM | Saturday: 9:00 AM – 6:00 PM | Sunday: 9:00 AM – 6:00 PM,,0,"['supermarket', 'grocery_or_supermarket', 'store', 'food', 'point_of_interest', 'establishment']","104/20 ม.7, Amphoe Mueang Rayong",Unknown independent grocer/super,Grocery / supermarket,"REVIEW — Independent, likely target"
ChIJAyTgnSH7AjERQlKCBLX6eEk,ChIJAyTgnSH7AjERQlKCBLX6eEk,Pand Brandy Rayong,M6GV+MPG,Mueang Rayong District,Chon Buri,12.6766976,101.2443182,3,1,0,Active,grocery_or_supermarket,0,0,FALSE,scraped,088 788 9883,Monday: Open 24 hours | Tuesday: Open 24 hours | Wednesday: Open 24 hours | Thursday: Open 24 hours | Friday: Open 24 hours | Saturday: Open 24 hours | Sunday: Open 24 hours,,0,"['supermarket', 'grocery_or_supermarket', 'store', 'food', 'point_of_interest', 'establishment']","M6GV+MPG, Mueang Rayong District",Unknown independent grocer/super,Grocery / supermarket,"REVIEW — Independent, likely target"
ChIJOz7YbIT6AjERj1bugnxX_o4,ChIJOz7YbIT6AjERj1bugnxX_o4,Rich Supermarket,"122 Sukhumvit Road, Tambon Map Ta Phut",muang,Chon Buri,12.7135966,101.1682949,3.8,17,0,Active,grocery_or_supermarket,0,0,FALSE,scraped,038 682 299,Monday: 8:00 AM – 9:00 PM | Tuesday: 8:00 AM – 9:00 PM | Wednesday: 8:00 AM – 9:00 PM | Thursday: 8:00 AM – 9:00 PM | Friday: 8:00 AM – 9:00 PM | Saturday: 8:00 AM – 9:00 PM | Sunday: 8:00 AM – 9:00 PM,,0,"['supermarket', 'grocery_or_supermarket', 'food', 'store', 'point_of_interest', 'establishment']","122 Sukhumvit Road, Tambon Map Ta Phut, muang",Independent supermarket,Supermarket,TARGET — Independent supermarket
ChIJ_23gfAD7AjER0RrHt9hMvkA,ChIJ_23gfAD7AjER0RrHt9hMvkA,CJmall,"25 Laemkratue Soi 4, Tambon Noen Phra",Amphoe Mueang Rayong,Chon Buri,12.6894779,101.1908763,0,0,0,Active,grocery_or_supermarket,0,0,FALSE,scraped,,,,0,"['supermarket', 'grocery_or_supermarket', 'food', 'store', 'point_of_interest', 'establishment']","25 Laemkratue Soi 4, Tambon Noen Phra, Amphoe Mueang Rayong",Unknown independent grocer/super,Grocery / supermarket,"REVIEW — Independent, likely target"
ChIJpX7aKciTAjERUoVNoiWg4-E,ChIJpX7aKciTAjERUoVNoiWg4-E,Prakobsap,"RW87+P4V, Na Chom Thian",Sattahip District,Chon Buri,12.8168687,100.9128035,5,1,0,Active,grocery_or_supermarket,0,0,FALSE,scraped,038 237 780,,,0,"['supermarket', 'grocery_or_supermarket', 'food', 'point_of_interest', 'store', 'establishment']","RW87+P4V, Na Chom Thian, Sattahip District",Unknown independent grocer/super,Grocery / supermarket,"REVIEW — Independent, likely target"
ChIJOwZLTCvsAjERUUtmDj5yNSU,ChIJOwZLTCvsAjERUUtmDj5yNSU,C SPACE at Green Valley Rayong,"128 ถนน บ้านฉาง มะขาม คู่, Tambon Sam Nak Thon",Amphoe Ban Chang,Chon Buri,12.8016527,101.0664161,5,1,0,Active,grocery_or_supermarket,0,0,FALSE,scraped,091 789 5449,Monday: 7:00 AM – 5:30 PM | Tuesday: 7:00 AM – 5:30 PM | Wednesday: 7:00 AM – 5:30 PM | Thursday: 7:00 AM – 5:30 PM | Friday: 7:00 AM – 6:00 PM | Saturday: 7:00 AM – 6:00 PM | Sunday: 7:00 AM – 6:00 PM,https://www.facebook.com/cspacegreenvalley,0,"['supermarket', 'grocery_or_supermarket', 'store', 'food', 'point_of_interest', 'establishment']","128 ถนน บ้านฉาง มะขาม คู่, Tambon Sam Nak Thon, Amphoe Ban Chang",Unknown independent grocer/super,Grocery / supermarket,"REVIEW — Independent, likely target"
ChIJD6AMaQDvAjERPWg4BOsBiF0,ChIJD6AMaQDvAjERPWg4BOsBiF0,7-11 Rest 36,"แอร์ไดม่อน, 23430, Tambon Makham Khu",Amphoe Nikhom Phatthana,Chon Buri,12.82052,101.1352028,4,3,0,Active,grocery_or_supermarket,0,0,FALSE,scraped,,Monday: Open 24 hours | Tuesday: Open 24 hours | Wednesday: Open 24 hours | Thursday: Open 24 hours | Friday: Open 24 hours | Saturday: Open 24 hours | Sunday: Open 24 hours,,0,"['supermarket', 'grocery_or_supermarket', 'food', 'point_of_interest', 'store', 'establishment']","แอร์ไดม่อน, 23430, Tambon Makham Khu, Amphoe Nikhom Phatthana",Unknown independent grocer/super,Grocery / supermarket,"REVIEW — Independent, likely target"
ChIJ7SQm1-3jAjERFDhJsseBn48,ChIJ7SQm1-3jAjERFDhJsseBn48,PJstor 28,"3, 23 หมู่ 4 ถ.3143 ต, Tambon Nong Lalok",อ.เมือง,Chon Buri,12.7817072,101.2844404,5,1,0,Active,grocery_or_supermarket,0,0,FALSE,scraped,089 083 5286,,,0,"['supermarket', 'grocery_or_supermarket', 'food', 'point_of_interest', 'store', 'establishment']","3, 23 หมู่ 4 ถ.3143 ต, Tambon Nong Lalok, อ.เมือง",Unknown independent grocer/super,Grocery / supermarket,"REVIEW — Independent, likely target"
ChIJWTC9WHbjAjERrlgPPrBcVHA,ChIJWTC9WHbjAjERrlgPPrBcVHA,มะตูมเฟรชช็อป MatoomFreshShop,"83, ต, Tambon Nong Lalok",Amphoe Ban Khai,Chon Buri,12.7814802,101.2930012,0,0,0,Active,grocery_or_supermarket,0,0,FALSE,scraped,092 449 9398,Monday: 8:00 AM – 8:00 PM | Tuesday: 8:00 AM – 8:00 PM | Wednesday: 8:00 AM – 8:00 PM | Thursday: 8:00 AM – 8:00 PM | Friday: 8:00 AM – 8:00 PM | Saturday: 8:00 AM – 8:00 PM | Sunday: 8:00 AM – 8:00 PM,,0,"['supermarket', 'grocery_or_supermarket', 'food', 'point_of_interest', 'store', 'establishment']","83, ต, Tambon Nong Lalok, Amphoe Ban Khai",Unknown independent grocer/super,Grocery / supermarket,"REVIEW — Independent, likely target"
ChIJ2bT-XgCTAjERi6fOTcyosc8,ChIJ2bT-XgCTAjERi6fOTcyosc8,7 Eleven,"22, 34 ถนนเอื้ออาทร นาจอมเทียน, Tambon Na Chom Thian",Amphoe Sattahip,Chon Buri,12.8449082,100.906002,2.3,3,0,Active,grocery_or_supermarket,0,0,FALSE,scraped,,Monday: Open 24 hours | Tuesday: Open 24 hours | Wednesday: Open 24 hours | Thursday: Open 24 hours | Friday: Open 24 hours | Saturday: Open 24 hours | Sunday: Open 24 hours,,0,"['supermarket', 'grocery_or_supermarket', 'food', 'store', 'point_of_interest', 'establishment']","22, 34 ถนนเอื้ออาทร นาจอมเทียน, Tambon Na Chom Thian, Amphoe Sattahip",Unknown independent grocer/super,Grocery / supermarket,"REVIEW — Independent, likely target"
ChIJPWFlYCGUAjERO0i1cKjrnS0,ChIJPWFlYCGUAjERO0i1cKjrnS0,ArtSamBae Shop,"138/1 Thanon Chaiyaphruek, Muang Pattaya",Amphoe Bang Lamung,Chon Buri,12.8807439,100.8958178,0,0,0,Active,grocery_or_supermarket,0,0,FALSE,scraped,080 350 5652,Monday: 9:45 – 11:00 AM | Tuesday: 9:45 – 11:00 AM | Wednesday: 9:45 – 11:00 AM | Thursday: 9:45 – 11:00 AM | Friday: 9:45 – 11:00 AM | Saturday: 9:45 – 11:00 AM | Sunday: Closed,,0,"['supermarket', 'grocery_or_supermarket', 'food', 'store', 'point_of_interest', 'establishment']","138/1 Thanon Chaiyaphruek, Muang Pattaya, Amphoe Bang Lamung",Independent shop / mart,Mini-mart,TARGET — Likely independent
ChIJAbOLB-mVAjERejtmpDyto_I,ChIJAbOLB-mVAjERejtmpDyto_I,Thai Foods,263/94 หมู่ที่ 12,Amphoe Bang Lamung,Chon Buri,12.8817747,100.9021738,3.1,7,0,Active,grocery_or_supermarket,0,0,FALSE,scraped,081 140 0616,Monday: 4:00 AM – 9:00 PM | Tuesday: 4:00 AM – 9:00 PM | Wednesday: 4:00 AM – 9:00 PM | Thursday: 4:00 AM – 9:00 PM | Friday: 4:00 AM – 9:00 PM | Saturday: 4:00 AM – 9:00 PM | Sunday: 4:00 AM – 9:00 PM,http://tfg.co.th/th/home,0,"['supermarket', 'grocery_or_supermarket', 'food', 'store', 'point_of_interest', 'establishment']","263/94 หมู่ที่ 12, Amphoe Bang Lamung",Unknown independent grocer/super,Grocery / supermarket,"REVIEW — Independent, likely target"
ChIJWbDdQG-VAjERbW8p-tS-lAI,ChIJWbDdQG-VAjERbW8p-tS-lAI,Mini Bic C,45/2 หมู่ 1 ม,Amphoe Bang Lamung,Chon Buri,12.8606657,100.9292249,3.9,46,0,Active,grocery_or_supermarket,0,0,FALSE,scraped,,Monday: 5:00 AM – 11:00 PM | Tuesday: 5:00 AM – 11:00 PM | Wednesday: 5:00 AM – 11:00 PM | Thursday: 5:00 AM – 11:00 PM | Friday: 5:00 AM – 11:00 PM | Saturday: 5:00 AM – 11:00 PM | Sunday: 5:00 AM – 11:00 PM,,0,"['supermarket', 'grocery_or_supermarket', 'food', 'point_of_interest', 'store', 'establishment']","45/2 หมู่ 1 ม, Amphoe Bang Lamung",Unknown independent grocer/super,Grocery / supermarket,"REVIEW — Independent, likely target"
ChIJKxmjdgCTAjERks79g0PCHuw,ChIJKxmjdgCTAjERks79g0PCHuw,Babyjoyshop รบกวนโทรสอบถามก่อนเข้ามานะคะ,"88 28 ม, 10 ชากแง้ว ซอย 14",Amphoe Bang Lamung,Chon Buri,12.8375241,100.9657469,5,3,0,Active,grocery_or_supermarket,0,0,FALSE,scraped,092 284 5671,Monday: 9:00 AM – 7:30 PM | Tuesday: 9:00 AM – 9:00 PM | Wednesday: 10:00 AM – 7:30 PM | Thursday: 10:00 AM – 7:30 PM | Friday: 10:00 AM – 7:30 PM | Saturday: 9:00 AM – 7:30 PM | Sunday: 9:00 AM – 7:30 PM,,0,"['department_store', 'supermarket', 'grocery_or_supermarket', 'clothing_store', 'food', 'point_of_interest', 'store', 'establishment']","88 28 ม, 10 ชากแง้ว ซอย 14, Amphoe Bang Lamung",Unknown independent grocer/super,Grocery / supermarket,"REVIEW — Independent, likely target"
ChIJW_9_gBbnAjERBztpYfpXpVU,ChIJW_9_gBbnAjERBztpYfpXpVU,BN Bowei Shop,"V56W+5R9, ซอย ทองอยู่, Tambon Nikhom Phatthana",Amphoe Nikhom Phatthana,Chon Buri,12.8604039,101.1971198,5,4,0,Active,grocery_or_supermarket,0,0,FALSE,scraped,,,,0,"['supermarket', 'grocery_or_supermarket', 'store', 'food', 'point_of_interest', 'establishment']","V56W+5R9, ซอย ทองอยู่, Tambon Nikhom Phatthana, Amphoe Nikhom Phatthana",Independent shop / mart,Mini-mart,TARGET — Likely independent
ChIJ3YYuzq8XAzERVv2_wjujBmc,ChIJ3YYuzq8XAzERVv2_wjujBmc,Thong Nak Shop,"50/2 Moo 1, Tambon Plong Ta Iam, Amphoe Wang Chan, Rayong",21210,Chon Buri,12.88109,101.561244,0,0,0,Active,grocery_or_supermarket,0,0,FALSE,scraped,087 942 3734,,,0,"['supermarket', 'grocery_or_supermarket', 'store', 'food', 'point_of_interest', 'establishment']","50/2 Moo 1, Tambon Plong Ta Iam, Amphoe Wang Chan, Rayong, 21210",Independent shop / mart,Mini-mart,TARGET — Likely independent
ChIJ3YYuzq8XAzERIznOjWMOE0o,ChIJ3YYuzq8XAzERIznOjWMOE0o,Chan Narong Shop,"94/3 Moo 1, Tambon Plong Ta Iam, Amphoe Wang Chan, Rayong",21210,Chon Buri,12.88109,101.561244,0,0,0,Active,grocery_or_supermarket,0,0,FALSE,scraped,084 872 2096,,,0,"['supermarket', 'grocery_or_supermarket', 'store', 'food', 'point_of_interest', 'establishment']","94/3 Moo 1, Tambon Plong Ta Iam, Amphoe Wang Chan, Rayong, 21210",Independent shop / mart,Mini-mart,TARGET — Likely independent
ChIJ3YYuzq8XAzERNSyyckVajtU,ChIJ3YYuzq8XAzERNSyyckVajtU,Ni Rut Shop,"62 Moo 3, Tambon Plong Ta Iam, Amphoe Wang Chan, Rayong",21210,Chon Buri,12.88109,101.561244,0,0,0,Active,grocery_or_supermarket,0,0,FALSE,scraped,084 761 4923,,,0,"['supermarket', 'grocery_or_supermarket', 'store', 'food', 'point_of_interest', 'establishment']","62 Moo 3, Tambon Plong Ta Iam, Amphoe Wang Chan, Rayong, 21210",Independent shop / mart,Mini-mart,TARGET — Likely independent
ChIJ3YYuzq8XAzERXH5weRq_w38,ChIJ3YYuzq8XAzERXH5weRq_w38,Prasoet Shop,"105/2 Moo 3, Tambon Plong Ta Iam, Amphoe Wang Chan, Rayong",21210,Chon Buri,12.88109,101.561244,0,0,0,Active,grocery_or_supermarket,0,0,FALSE,scraped,086 139 9495,,,0,"['supermarket', 'grocery_or_supermarket', 'store', 'food', 'point_of_interest', 'establishment']","105/2 Moo 3, Tambon Plong Ta Iam, Amphoe Wang Chan, Rayong, 21210",Independent shop / mart,Mini-mart,TARGET — Likely independent
ChIJ6zjI0q8XAzERRuBQD7BpoYI,ChIJ6zjI0q8XAzERRuBQD7BpoYI,Saeng Duean Rueang Sin Shop,"10/3 Moo 3, Tambon Plong Ta Iam, Amphoe Wang Chan, Rayong",21210,Chon Buri,12.8812067,101.5617011,0,0,0,Active,grocery_or_supermarket,0,0,FALSE,scraped,089 253 9123,,,0,"['supermarket', 'grocery_or_supermarket', 'store', 'food', 'point_of_interest', 'establishment']","10/3 Moo 3, Tambon Plong Ta Iam, Amphoe Wang Chan, Rayong, 21210",Unknown independent grocer/super,Grocery / supermarket,"REVIEW — Independent, likely target"
ChIJ_74uNI4WAzERO5wG72FnkRU,ChIJ_74uNI4WAzERO5wG72FnkRU,B-Ruksa Fruits Export,"VJ52+CFX, Krasae Bon",Klaeng District,Chon Buri,12.858623,101.6012292,5,2,0,Active,grocery_or_supermarket,0,0,FALSE,scraped,,,,0,"['supermarket', 'grocery_or_supermarket', 'point_of_interest', 'food', 'store', 'establishment']","VJ52+CFX, Krasae Bon, Klaeng District",Unknown independent grocer/super,Grocery / supermarket,"REVIEW — Independent, likely target"
ChIJMePqg0OWAjERi6foG1c_Ix8,ChIJMePqg0OWAjERi6foG1c_Ix8,Top's Daily Soi Phra Tam Nak 4,352/232 หมู่ที่ 12,Amphoe Bang Lamung,Chon Buri,12.9150446,100.8624871,4,46,0,Active,grocery_or_supermarket,0,0,FALSE,scraped,,Monday: Open 24 hours | Tuesday: Open 24 hours | Wednesday: Open 24 hours | Thursday: Open 24 hours | Friday: Open 24 hours | Saturday: Open 24 hours | Sunday: Open 24 hours,https://topsdaily.tops.co.th/,0,"['supermarket', 'grocery_or_supermarket', 'store', 'food', 'point_of_interest', 'establishment']","352/232 หมู่ที่ 12, Amphoe Bang Lamung",Unknown independent grocer/super,Grocery / supermarket,"REVIEW — Independent, likely target"
ChIJC0aDhiCVAjERux7EUbvJmY0,ChIJC0aDhiCVAjERux7EUbvJmY0,Bansuan Supermarket - บ้านสวน ซุปเปอร์มาร์เก็ต,Soi Nongmaikaen,Muang Pattaya,Chon Buri,12.8992548,100.9419805,5,3,0,Active,grocery_or_supermarket,0,0,FALSE,scraped,,Monday: 6:00 AM – 12:00 AM | Tuesday: 6:00 AM – 12:00 AM | Wednesday: 6:00 AM – 12:00 AM | Thursday: 6:00 AM – 12:00 AM | Friday: 6:00 AM – 12:00 AM | Saturday: 6:00 AM – 12:00 AM | Sunday: 6:00 AM – 12:00 AM,,0,"['supermarket', 'grocery_or_supermarket', 'food', 'point_of_interest', 'store', 'establishment']","Soi Nongmaikaen, Muang Pattaya",Independent supermarket,Supermarket,TARGET — Independent supermarket
ChIJE5n_CleVAjERVBewxpyyXuk,ChIJE5n_CleVAjERVBewxpyyXuk,Janya Mart,"WX6F+RV4, Unnamed Road, Tambon Pong",Amphoe Bang Lamung,Chon Buri,12.9120099,100.974713,4.8,21,0,Active,grocery_or_supermarket,0,0,FALSE,scraped,,Monday: 6:00 AM – 9:00 PM | Tuesday: 6:00 AM – 9:00 PM | Wednesday: 6:00 AM – 9:00 PM | Thursday: 6:00 AM – 9:00 PM | Friday: 6:00 AM – 9:00 PM | Saturday: 6:00 AM – 9:00 PM | Sunday: 6:00 AM – 9:00 PM,,0,"['supermarket', 'grocery_or_supermarket', 'food', 'point_of_interest', 'store', 'establishment']","WX6F+RV4, Unnamed Road, Tambon Pong, Amphoe Bang Lamung",Independent mart,Mini-mart,TARGET — Independent mart
ChIJ23td_7_qAjERTbyvj_zTOj4,ChIJ23td_7_qAjERTbyvj_zTOj4,โลตัส โก เฟรช นาเกลือซอย 15 Opt.2 ชลบุรี,"115, 44, ตำบล นาเกลือ",Amphoe Bang Lamung,Chon Buri,12.9174292,101.0030444,0,0,0,Active,grocery_or_supermarket,0,0,FALSE,scraped,062 605 8209,,http://www.lotuss.com/,0,"['supermarket', 'grocery_or_supermarket', 'food', 'point_of_interest', 'store', 'establishment']","115, 44, ตำบล นาเกลือ, Amphoe Bang Lamung",Unknown independent grocer/super,Grocery / supermarket,"REVIEW — Independent, likely target"
ChIJYYxQJxXrAjERkgAzor1gP_o,ChIJYYxQJxXrAjERkgAzor1gP_o,Apshop Apwash,"13, 1, Tambon Khao Mai Kaeo",Amphoe Bang Lamung,Chon Buri,12.9371387,101.0623996,4,1,0,Active,grocery_or_supermarket,0,0,FALSE,scraped,097 234 1163,Monday: Open 24 hours | Tuesday: Open 24 hours | Wednesday: Open 24 hours | Thursday: Open 24 hours | Friday: Open 24 hours | Saturday: Open 24 hours | Sunday: Open 24 hours,,0,"['supermarket', 'grocery_or_supermarket', 'food', 'store', 'point_of_interest', 'establishment']","13, 1, Tambon Khao Mai Kaeo, Amphoe Bang Lamung",Independent shop / mart,Mini-mart,TARGET — Likely independent
ChIJI84pXADpAjERmbkjfjhvMEA,ChIJI84pXADpAjERmbkjfjhvMEA,BYY market 中国超市,"ติดนิคมพัฒนาสาย15 ระหว่าง, 12 ซอย11, Tambon Phananikhom",Amphoe Nikhom Phatthana,Chon Buri,12.8970758,101.1236703,5,1,0,Active,grocery_or_supermarket,0,0,FALSE,scraped,,Monday: 10:00 AM – 11:00 PM | Tuesday: 10:00 AM – 11:00 PM | Wednesday: 10:00 AM – 11:00 PM | Thursday: 10:00 AM – 11:00 PM | Friday: 10:00 AM – 11:00 PM | Saturday: 10:00 AM – 11:00 PM | Sunday: 10:00 AM – 11:00 PM,,0,"['supermarket', 'grocery_or_supermarket', 'store', 'point_of_interest', 'food', 'establishment']","ติดนิคมพัฒนาสาย15 ระหว่าง, 12 ซอย11, Tambon Phananikhom, Amphoe Nikhom Phatthana",Unknown independent grocer/super,Grocery / supermarket,"REVIEW — Independent, likely target"
ChIJvzR0WgDpAjERdCIVrkhqtio,ChIJvzR0WgDpAjERdCIVrkhqtio,BDD 中国超市,"V4WG+C58, Phananikhom",Nikhom Phatthana District,Chon Buri,12.8960378,101.125463,0,0,0,Active,grocery_or_supermarket,0,0,FALSE,scraped,,Monday: 11:00 AM – 11:00 PM | Tuesday: 11:00 AM – 11:00 PM | Wednesday: 11:00 AM – 11:00 PM | Thursday: 11:00 AM – 11:00 PM | Friday: 11:00 AM – 11:00 PM | Saturday: 11:00 AM – 11:00 PM | Sunday: 11:00 AM – 11:00 PM,,0,"['supermarket', 'grocery_or_supermarket', 'store', 'point_of_interest', 'food', 'establishment']","V4WG+C58, Phananikhom, Nikhom Phatthana District",Unknown independent grocer/super,Grocery / supermarket,"REVIEW — Independent, likely target"
ChIJHeoDgIznAjER6kpRScbxQlc,ChIJHeoDgIznAjER6kpRScbxQlc,Eco shop,"W5GP+JV5, Mae Nam Khu",Pluak Daeng District,Chon Buri,12.9265112,101.1872217,4,11,0,Active,grocery_or_supermarket,0,0,FALSE,scraped,,Monday: 7:00 AM – 8:30 PM | Tuesday: 7:00 AM – 8:30 PM | Wednesday: 7:00 AM – 8:30 PM | Thursday: 7:00 AM – 8:30 PM | Friday: 7:00 AM – 8:30 PM | Saturday: 7:00 AM – 8:30 PM | Sunday: 7:00 AM – 8:30 PM,,0,"['supermarket', 'grocery_or_supermarket', 'food', 'store', 'point_of_interest', 'establishment']","W5GP+JV5, Mae Nam Khu, Pluak Daeng District",Independent shop / mart,Mini-mart,TARGET — Likely independent
ChIJl4sS2PsfAzERsDDx-U4ZU44,ChIJl4sS2PsfAzERsDDx-U4ZU44,Supamarket,"W993+5F, Nong Bua",Ban Khai District,Chon Buri,12.9179282,101.3537033,5,1,0,Active,grocery_or_supermarket,0,0,FALSE,scraped,,,,0,"['supermarket', 'grocery_or_supermarket', 'food', 'store', 'point_of_interest', 'establishment']","W993+5F, Nong Bua, Ban Khai District",Unknown independent grocer/super,Grocery / supermarket,"REVIEW — Independent, likely target"
ChIJU9nWHxj8AjER7qzAs2vhk28,ChIJU9nWHxj8AjER7qzAs2vhk28,CP Fresh Mart,8/9 ถ.ตากสินมหาราช,อ.เมืองระยอง,Chon Buri,12.6794795,101.281328,3.8,22,0,Active,grocery_or_supermarket,0,0,FALSE,scraped,085 883 3366,Monday: 4:00 AM – 7:00 PM | Tuesday: 4:00 AM – 7:00 PM | Wednesday: 4:00 AM – 7:00 PM | Thursday: 4:00 AM – 7:00 PM | Friday: 4:00 AM – 7:00 PM | Saturday: 4:00 AM – 7:00 PM | Sunday: 4:00 AM – 7:00 PM,https://cpfreshmartshop.com/,0,"['supermarket', 'grocery_or_supermarket', 'store', 'food', 'point_of_interest', 'establishment']","8/9 ถ.ตากสินมหาราช, อ.เมืองระยอง",Independent mart,Mini-mart,TARGET — Independent mart
ChIJgwSno278AjERcLcJZ7r4lSw,ChIJgwSno278AjERcLcJZ7r4lSw,Watcharawan Co. Ltd.,"136 Thanon Raj-Utit K.2, Tambon Choeng Noen",Amphoe Mueang Rayong,Chon Buri,12.6859558,101.2680441,4.3,2019,0,Active,grocery_or_supermarket,0,0,FALSE,scraped,038 615 201 ext. 0,Monday: 8:00 AM – 9:00 PM | Tuesday: 8:00 AM – 9:00 PM | Wednesday: 8:00 AM – 9:00 PM | Thursday: 8:00 AM – 9:00 PM | Friday: 8:00 AM – 9:00 PM | Saturday: 8:00 AM – 9:00 PM | Sunday: 8:00 AM – 9:00 PM,https://www.facebook.com/wan2rayong,0,"['supermarket', 'grocery_or_supermarket', 'store', 'food', 'point_of_interest', 'establishment']","136 Thanon Raj-Utit K.2, Tambon Choeng Noen, Amphoe Mueang Rayong",Unknown independent grocer/super,Grocery / supermarket,"REVIEW — Independent, likely target"
ChIJPwNFTYb9AjER8Qj2tFXQEsY,ChIJPwNFTYb9AjER8Qj2tFXQEsY,ซ้อหญิง MARKERPLACE ร้านที่มีลูกสาวมั่หน้า,"134/3 ซอยพัฒนประเสริฐ 15 หมูที่7134/7, Thanon Sa - Ad Pattana, Tambon Choeng Noen",Amphoe Mueang Rayong,Chon Buri,12.7027077,101.2888669,4,1,0,Active,grocery_or_supermarket,0,0,FALSE,scraped,,,,0,"['supermarket', 'grocery_or_supermarket', 'store', 'food', 'point_of_interest', 'establishment']","134/3 ซอยพัฒนประเสริฐ 15 หมูที่7134/7, Thanon Sa - Ad Pattana, Tambon Choeng Noen, Amphoe Mueang Rayong",Unknown independent grocer/super,Grocery / supermarket,"REVIEW — Independent, likely target"
ChIJZ1BpuGn8AjERS_JZXj70Utc,ChIJZ1BpuGn8AjERS_JZXj70Utc,Wanakijcharoen 2000,Mueang Rayong District,Chon Buri,Chon Buri,12.6870008,101.2734733,4.5,1049,0,Active,grocery_or_supermarket,0,0,FALSE,scraped,089 748 6594,Monday: 8:00 AM – 9:00 PM | Tuesday: 8:00 AM – 9:00 PM | Wednesday: 8:00 AM – 9:00 PM | Thursday: 8:00 AM – 9:00 PM | Friday: 8:00 AM – 9:00 PM | Saturday: 8:00 AM – 9:00 PM | Sunday: 8:00 AM – 9:00 PM,,0,"['supermarket', 'grocery_or_supermarket', 'store', 'food', 'point_of_interest', 'establishment']",Mueang Rayong District,Unknown independent grocer/super,Grocery / supermarket,"REVIEW — Independent, likely target"
ChIJ0Vu2GgD9AjERbEfP6y3odVI,ChIJ0Vu2GgD9AjERbEfP6y3odVI,top daily,"M7W9+329, Choeng Noen Sub-district",Mueang Rayong District,Chon Buri,12.6951538,101.267551,4,2,0,Active,grocery_or_supermarket,0,0,FALSE,scraped,,Monday: Open 24 hours | Tuesday: Open 24 hours | Wednesday: Open 24 hours | Thursday: Open 24 hours | Friday: Open 24 hours | Saturday: Open 24 hours | Sunday: Open 24 hours,,0,"['supermarket', 'grocery_or_supermarket', 'store', 'point_of_interest', 'food', 'establishment']","M7W9+329, Choeng Noen Sub-district, Mueang Rayong District",Unknown independent grocer/super,Grocery / supermarket,"REVIEW — Independent, likely target"
ChIJZTUmeIz8AjERAzDHbBmJ2FY,ChIJZTUmeIz8AjERAzDHbBmJ2FY,Famil Mart Namkhok,"P75C+4HH, Nam Khok",Mueang Rayong District,Chon Buri,12.7078162,101.2714969,3.7,10,0,Active,grocery_or_supermarket,0,0,FALSE,scraped,,Monday: 7:00 AM – 10:00 PM | Tuesday: 7:00 AM – 10:00 PM | Wednesday: 7:00 AM – 10:00 PM | Thursday: 7:00 AM – 10:00 PM | Friday: 7:00 AM – 10:00 PM | Saturday: 7:00 AM – 10:00 PM | Sunday: 7:00 AM – 10:00 PM,,0,"['supermarket', 'grocery_or_supermarket', 'store', 'point_of_interest', 'food', 'establishment']","P75C+4HH, Nam Khok, Mueang Rayong District",Independent mart,Mini-mart,TARGET — Independent mart
ChIJW-DxGWr8AjERiQcp_lHc9o4,ChIJW-DxGWr8AjERiQcp_lHc9o4,PAF สาขาระยอง,70-72 Sukhumvit Road,Amphoe Mueang Rayong,Chon Buri,12.6841164,101.2725438,5,1,0,Active,grocery_or_supermarket,0,0,FALSE,scraped,063 797 9464,Monday: 4:00 AM – 4:00 PM | Tuesday: 4:00 AM – 4:00 PM | Wednesday: 4:00 AM – 4:00 PM | Thursday: 4:00 AM – 4:00 PM | Friday: 4:00 AM – 4:00 PM | Saturday: 4:00 AM – 4:00 PM | Sunday: 4:00 AM – 4:00 PM,,0,"['supermarket', 'grocery_or_supermarket', 'store', 'point_of_interest', 'food', 'establishment']","70-72 Sukhumvit Road, Amphoe Mueang Rayong",Unknown independent grocer/super,Grocery / supermarket,"REVIEW — Independent, likely target"
ChIJd3GxLVX9AjERhKpKh_uG1Xw,ChIJd3GxLVX9AjERhKpKh_uG1Xw,Cp PORK SHOP สาขาระยอง,"14, 27-29 Sukhumvit Nakornrayong 64",Amphoe Mueang Rayong,Chon Buri,12.6797084,101.2816715,5,1,0,Active,grocery_or_supermarket,0,0,FALSE,scraped,090 907 2618,Monday: 4:00 AM – 7:00 PM | Tuesday: 4:00 AM – 7:00 PM | Wednesday: 4:00 AM – 7:00 PM | Thursday: 4:00 AM – 7:00 PM | Friday: 4:00 AM – 7:00 PM | Saturday: 4:00 AM – 7:00 PM | Sunday: 4:00 AM – 7:00 PM,http://www.cpfreshmartshop.com/,0,"['supermarket', 'grocery_or_supermarket', 'store', 'point_of_interest', 'food', 'establishment']","14, 27-29 Sukhumvit Nakornrayong 64, Amphoe Mueang Rayong",Independent shop / mart,Mini-mart,TARGET — Likely independent
ChIJYzTSaCn9AjERzj8YCXSNRdc,ChIJYzTSaCn9AjERzj8YCXSNRdc,PP Shop40,"32, 22 m.4 Unnamed Road, Tambon Nam Khok",Amphoe Mueang Rayong,Chon Buri,12.709804,101.270658,5,4,0,Active,grocery_or_supermarket,0,0,FALSE,scraped,092 660 5829,Monday: 6:45 AM – 9:15 PM | Tuesday: 6:45 AM – 9:15 PM | Wednesday: 6:45 AM – 9:15 PM | Thursday: 6:45 AM – 9:15 PM | Friday: 6:45 AM – 9:15 PM | Saturday: 6:45 AM – 9:15 PM | Sunday: 6:45 AM – 9:15 PM,,0,"['supermarket', 'grocery_or_supermarket', 'store', 'point_of_interest', 'food', 'establishment']","32, 22 m.4 Unnamed Road, Tambon Nam Khok, Amphoe Mueang Rayong",Independent shop / mart,Mini-mart,TARGET — Likely independent
ChIJT8GNl4z9AjER91hsAD9sDSA,ChIJT8GNl4z9AjER91hsAD9sDSA,MA20,เลขที่ 1/1 ซอย ศูนย์การค้าสาย 5 ท่าประดู่,Amphoe Mueang Rayong,Chon Buri,12.6836543,101.2701285,3,6,0,Active,grocery_or_supermarket,0,0,FALSE,scraped,061 825 4239,,,0,"['supermarket', 'grocery_or_supermarket', 'store', 'point_of_interest', 'food', 'establishment']","เลขที่ 1/1 ซอย ศูนย์การค้าสาย 5 ท่าประดู่, Amphoe Mueang Rayong",Unknown independent grocer/super,Grocery / supermarket,"REVIEW — Independent, likely target"
ChIJJ95N_g39AjERbONNWyjm430,ChIJJ95N_g39AjERbONNWyjm430,"AP Prime Trading Co., Ltd.","342, 2 Sukhumvit Road, Tambon Noen Phra",Amphoe Mueang Rayong,Chon Buri,12.6833613,101.2649568,5,1,0,Active,grocery_or_supermarket,0,0,FALSE,scraped,092 847 5588,Monday: 9:00 AM – 6:00 PM | Tuesday: 9:00 AM – 6:00 PM | Wednesday: 9:00 AM – 6:00 PM | Thursday: 9:00 AM – 6:00 PM | Friday: 9:00 AM – 6:00 PM | Saturday: 9:00 AM – 6:00 PM | Sunday: Closed,,0,"['supermarket', 'grocery_or_supermarket', 'food', 'point_of_interest', 'store', 'establishment']","342, 2 Sukhumvit Road, Tambon Noen Phra, Amphoe Mueang Rayong",Unknown independent grocer/super,Grocery / supermarket,"REVIEW — Independent, likely target"
ChIJ3aQqom38AjERuHNfC63Q0R8,ChIJ3aQqom38AjERuHNfC63Q0R8,Sangthong Plus,"M7M8+42P, 342/2 เนินพระ",Amphoe Mueang Rayong,Chon Buri,12.682914,101.2651313,4.4,616,0,Active,grocery_or_supermarket,0,0,FALSE,scraped,092 847 5588,Monday: 8:00 AM – 9:00 PM | Tuesday: 8:00 AM – 9:00 PM | Wednesday: 8:00 AM – 9:00 PM | Thursday: 8:00 AM – 9:00 PM | Friday: 8:00 AM – 9:00 PM | Saturday: 8:00 AM – 9:00 PM | Sunday: 8:00 AM – 9:00 PM,https://m.facebook.com/sangthongplus/,0,"['supermarket', 'grocery_or_supermarket', 'bakery', 'food', 'point_of_interest', 'store', 'establishment']","M7M8+42P, 342/2 เนินพระ, Amphoe Mueang Rayong",Unknown independent grocer/super,Grocery / supermarket,"REVIEW — Independent, likely target"
ChIJSWyhYBu_AjEROGhwRT3xdmQ,ChIJSWyhYBu_AjEROGhwRT3xdmQ,MR. D.I.Y. สาขาอรรถพร มาร์เก็ต บางละมุง ชลบุรี,"ATTAPORN MARKET, BANGLAMUNG No. 36/17, Nong Pla Lai",Amphoe Bang Lamung,Chon Buri,12.983333,100.935111,4.5,88,0,Active,grocery_or_supermarket,0,0,FALSE,scraped,02 136 7401,Monday: 9:00 AM – 9:00 PM | Tuesday: 9:00 AM – 9:00 PM | Wednesday: 9:00 AM – 9:00 PM | Thursday: 9:00 AM – 9:00 PM | Friday: 9:00 AM – 9:00 PM | Saturday: 9:00 AM – 9:00 PM | Sunday: 9:00 AM – 9:00 PM,https://www.mrdiy.co.th/,0,"['supermarket', 'grocery_or_supermarket', 'home_goods_store', 'food', 'store', 'point_of_interest', 'establishment']","ATTAPORN MARKET, BANGLAMUNG No. 36/17, Nong Pla Lai, Amphoe Bang Lamung",Unknown independent grocer/super,Grocery / supermarket,"REVIEW — Independent, likely target"
ChIJHXITVZUjAzERNyRPluO82Bs,ChIJHXITVZUjAzERNyRPluO82Bs,Phan Shop,"83 Moo 2, Tambon Pa Yup Nai, Amphoe Wang Chan, Rayong",21210,Chon Buri,12.988521,101.456745,0,0,0,Active,grocery_or_supermarket,0,0,FALSE,scraped,087 009 3962,Monday: 8:00 AM – 8:00 PM | Tuesday: 8:00 AM – 8:00 PM | Wednesday: 8:00 AM – 8:00 PM | Thursday: 8:00 AM – 8:00 PM | Friday: 8:00 AM – 8:00 PM | Saturday: 8:00 AM – 8:00 PM | Sunday: 8:00 AM – 8:00 PM,,0,"['supermarket', 'grocery_or_supermarket', 'store', 'food', 'point_of_interest', 'establishment']","83 Moo 2, Tambon Pa Yup Nai, Amphoe Wang Chan, Rayong, 21210",Independent shop / mart,Mini-mart,TARGET — Likely independent
ChIJtYJEOdHDAjERtWwBXjj-nXI,ChIJtYJEOdHDAjERtWwBXjj-nXI,中国超市罗勇TC店ซุปเปอร์มาเก็ตจีนสาขาระยองTC,"23FF+6XG, Bo Win",Si Racha District,Chon Buri,13.0230625,101.0749531,4,3,0,Active,grocery_or_supermarket,0,0,FALSE,scraped,092 934 9505,Monday: 8:00 AM – 11:00 PM | Tuesday: 8:00 AM – 11:00 PM | Wednesday: 8:00 AM – 11:00 PM | Thursday: 8:00 AM – 11:00 PM | Friday: 8:00 AM – 11:00 PM | Saturday: 8:00 AM – 11:00 PM | Sunday: 8:00 AM – 11:00 PM,,0,"['supermarket', 'grocery_or_supermarket', 'store', 'food', 'point_of_interest', 'establishment']","23FF+6XG, Bo Win, Si Racha District",Unknown independent grocer/super,Grocery / supermarket,"REVIEW — Independent, likely target"
ChIJM4v2IQDBAjERibP1OBd28js,ChIJM4v2IQDBAjERibP1OBd28js,Reyoung,"2347+MPQ, 15, Tambon Takhian Tia",Amphoe Bang Lamung,Chon Buri,13.006702,101.0643626,5,1,0,Active,grocery_or_supermarket,0,0,FALSE,scraped,,,,0,"['supermarket', 'grocery_or_supermarket', 'store', 'food', 'point_of_interest', 'establishment']","2347+MPQ, 15, Tambon Takhian Tia, Amphoe Bang Lamung",Unknown independent grocer/super,Grocery / supermarket,"REVIEW — Independent, likely target"
ChIJf7OpRgDFAjERPx_nuBB6a-k,ChIJf7OpRgDFAjERPx_nuBB6a-k,ซุปเปอร์มาร์เก็ตจีนสาขาบ่อวินApex,"23HJ+882, 176, Tambon Bo Win",Amphoe Si Racha,Chon Buri,13.028267,101.0807616,5,2,0,Active,grocery_or_supermarket,0,0,FALSE,scraped,094 410 9927,Monday: 8:30 AM – 11:00 PM | Tuesday: 8:30 AM – 11:00 PM | Wednesday: 8:30 AM – 11:00 PM | Thursday: 8:30 AM – 11:00 PM | Friday: 8:30 AM – 11:00 PM | Saturday: 8:30 AM – 11:00 PM | Sunday: 8:30 AM – 11:00 PM,,0,"['supermarket', 'grocery_or_supermarket', 'store', 'food', 'point_of_interest', 'establishment']","23HJ+882, 176, Tambon Bo Win, Amphoe Si Racha",Independent supermarket,Supermarket,TARGET — Independent supermarket
ChIJz6N3HAbEAjERbsIclJFM56Y,ChIJz6N3HAbEAjERbsIclJFM56Y,Bo Win Mueang Thong Market,"271/126, Tambon Bowin, Amphoe Si Racha, Chon Buri",20230,Chon Buri,13.0321566,101.0821187,3,1,0,Active,grocery_or_supermarket,0,0,FALSE,scraped,081 572 8395,,,0,"['supermarket', 'grocery_or_supermarket', 'store', 'food', 'point_of_interest', 'establishment']","271/126, Tambon Bowin, Amphoe Si Racha, Chon Buri, 20230",Unknown independent grocer/super,Grocery / supermarket,"REVIEW — Independent, likely target"
ChIJf-vyslDDAjERA6s_IZWDjcc,ChIJf-vyslDDAjERA6s_IZWDjcc,TKK Corporation Rayong Branch,"ปลวกแดง, 333/168",Amphoe Pluak Daeng,Chon Buri,13.0185885,101.151131,0,0,0,Active,grocery_or_supermarket,0,0,FALSE,scraped,085 111 4762,Monday: 8:15 AM – 5:15 PM | Tuesday: 8:15 AM – 5:15 PM | Wednesday: 8:15 AM – 5:15 PM | Thursday: 8:15 AM – 5:15 PM | Friday: 8:15 AM – 5:15 PM | Saturday: Closed | Sunday: Closed,http://www.tkkcorporation.com/,0,"['supermarket', 'grocery_or_supermarket', 'food', 'point_of_interest', 'store', 'establishment']","ปลวกแดง, 333/168, Amphoe Pluak Daeng",Unknown independent grocer/super,Grocery / supermarket,"REVIEW — Independent, likely target"
ChIJe2EsalHcAjERHNoJPTRKbug,ChIJe2EsalHcAjERHNoJPTRKbug,Varonya Lkaeppranee,"X6M7+7P3, ซอย นพเก้า 7, Tambon Pluak Daeng",Amphoe Pluak Daeng,Chon Buri,12.983148,101.214294,0,0,0,Active,grocery_or_supermarket,0,0,FALSE,scraped,064 118 0577,Monday: 2:45 – 11:00 AM | Tuesday: 2:45 – 11:00 AM | Wednesday: 2:45 – 11:00 AM | Thursday: 2:45 – 11:00 AM | Friday: 2:45 – 11:00 AM | Saturday: 2:45 – 11:00 AM | Sunday: 2:45 – 11:00 AM,,0,"['supermarket', 'grocery_or_supermarket', 'food', 'store', 'point_of_interest', 'establishment']","X6M7+7P3, ซอย นพเก้า 7, Tambon Pluak Daeng, Amphoe Pluak Daeng",Unknown independent grocer/super,Grocery / supermarket,"REVIEW — Independent, likely target"
ChIJA_UIx2LdAjERvxiXtgpplzE,ChIJA_UIx2LdAjERvxiXtgpplzE,R&J Pig Shop สาขาปลวกแดง,232/2,Amphoe Pluak Daeng,Chon Buri,12.9815,101.2112124,4.2,14,0,Active,grocery_or_supermarket,0,0,FALSE,scraped,084 302 5289,Monday: 4:00 AM – 8:00 PM | Tuesday: 4:00 AM – 8:00 PM | Wednesday: 4:00 AM – 8:00 PM | Thursday: 4:00 AM – 8:00 PM | Friday: 4:00 AM – 8:00 PM | Saturday: 4:00 AM – 8:00 PM | Sunday: 4:00 AM – 8:00 PM,,0,"['department_store', 'supermarket', 'grocery_or_supermarket', 'food', 'store', 'point_of_interest', 'establishment']","232/2, Amphoe Pluak Daeng",Independent shop / mart,Mini-mart,TARGET — Likely independent
ChIJTQ3T2gm5AjER4yol4hOPpi0,ChIJTQ3T2gm5AjER4yol4hOPpi0,Harbor Laemchabang,"4, 222 หมู่ที่ 10 Sukhumvit Road, Tambon Thung Suk La",Amphoe Si Racha,Chon Buri,13.0791311,100.9203198,4,2352,0,Active,grocery_or_supermarket,0,0,FALSE,scraped,038 400 400,Monday: 10:30 AM – 9:00 PM | Tuesday: 10:30 AM – 9:00 PM | Wednesday: 10:30 AM – 9:00 PM | Thursday: 10:30 AM – 9:00 PM | Friday: 10:30 AM – 9:00 PM | Saturday: 10:30 AM – 9:00 PM | Sunday: 10:30 AM – 9:00 PM,https://www.facebook.com/harbor.thailand?mibextid=ZbWKwL,0,"['shopping_mall', 'tourist_attraction', 'movie_theater', 'supermarket', 'cafe', 'grocery_or_supermarket', 'bank', 'finance', 'store', 'restaurant', 'point_of_interest', 'food', 'establishment']","4, 222 หมู่ที่ 10 Sukhumvit Road, Tambon Thung Suk La, Amphoe Si Racha",Unknown independent grocer/super,Grocery / supermarket,"REVIEW — Independent, likely target"
ChIJq0ZfaADDAjERxALP1qz-6Sk,ChIJq0ZfaADDAjERxALP1qz-6Sk,บิ๊กซี Bowin,"81, 3",Amphoe Pluak Daeng,Chon Buri,13.0224177,101.1170923,0,0,0,Active,grocery_or_supermarket,0,0,FALSE,scraped,,,,0,"['supermarket', 'grocery_or_supermarket', 'food', 'store', 'point_of_interest', 'establishment']","81, 3, Amphoe Pluak Daeng",Unknown independent grocer/super,Grocery / supermarket,"REVIEW — Independent, likely target"
ChIJnd7Ko4DDAjERV9Y-CvMSXc8,ChIJnd7Ko4DDAjERV9Y-CvMSXc8,บีแซด เฟรชมาร์ท (BZ fresh mart),"มาบยางพร, 753",Amphoe Pluak Daeng,Chon Buri,13.0129905,101.1224406,5,3,0,Active,grocery_or_supermarket,0,0,FALSE,scraped,,Monday: 6:00 AM – 10:00 PM | Tuesday: 6:00 AM – 10:00 PM | Wednesday: 6:00 AM – 10:00 PM | Thursday: 6:00 AM – 10:00 PM | Friday: 6:00 AM – 10:00 PM | Saturday: 6:00 AM – 10:00 PM | Sunday: 6:00 AM – 10:00 PM,,0,"['supermarket', 'grocery_or_supermarket', 'food', 'store', 'point_of_interest', 'establishment']","มาบยางพร, 753, Amphoe Pluak Daeng",Independent mart,Mini-mart,TARGET — Independent mart
ChIJO-3IOwDDAjERrJBS9jKFJ0s,ChIJO-3IOwDDAjERrJBS9jKFJ0s,ร้านสัก Fadeinkura,"39 ห้อง 1 มาบยางพร 30, Tambon Mapyangphon",Amphoe Pluak Daeng,Chon Buri,13.0087947,101.1258943,5,1,0,Active,grocery_or_supermarket,0,0,FALSE,scraped,,Monday: Open 24 hours | Tuesday: Open 24 hours | Wednesday: Open 24 hours | Thursday: Open 24 hours | Friday: Open 24 hours | Saturday: Open 24 hours | Sunday: Open 24 hours,http://shopee.co.th/nsxv9,0,"['supermarket', 'grocery_or_supermarket', 'food', 'store', 'point_of_interest', 'establishment']","39 ห้อง 1 มาบยางพร 30, Tambon Mapyangphon, Amphoe Pluak Daeng",Unknown independent grocer/super,Grocery / supermarket,"REVIEW — Independent, likely target"
ChIJ3bF2odrFAjERfjVvwjLWgI0,ChIJ3bF2odrFAjERfjVvwjLWgI0,ศูนย์กระจายสินค้า haby บ่อวิน,"71/52-53 ต, Tambon Mapyangphon",Amphoe Pluak Daeng,Chon Buri,13.0281112,101.1037161,5,2,0,Active,grocery_or_supermarket,0,0,FALSE,scraped,081 177 2852,Monday: 8:00 AM – 8:30 PM | Tuesday: 8:00 AM – 8:30 PM | Wednesday: 8:00 AM – 8:30 PM | Thursday: 8:00 AM – 8:30 PM | Friday: 8:00 AM – 8:30 PM | Saturday: 8:00 AM – 8:30 PM | Sunday: 8:00 AM – 8:30 PM,,0,"['supermarket', 'grocery_or_supermarket', 'food', 'store', 'point_of_interest', 'establishment']","71/52-53 ต, Tambon Mapyangphon, Amphoe Pluak Daeng",Unknown independent grocer/super,Grocery / supermarket,"REVIEW — Independent, likely target"
ChIJeZjFRA2WAjERIcp3PUv4kbU,ChIJeZjFRA2WAjERIcp3PUv4kbU,Friendship Supermarket,"20, 390 หมู่ที่ 10 Thanon Pattaya Tai",Amphoe Bang Lamung,Chon Buri,12.9235018,100.8798193,4.3,2896,0,Active,grocery_or_supermarket,0,0,FALSE,scraped,038 723 513,Monday: 7:30 AM – 12:00 AM | Tuesday: 7:30 AM – 12:00 AM | Wednesday: 7:30 AM – 12:00 AM | Thursday: 7:30 AM – 12:00 AM | Friday: 7:30 AM – 12:00 AM | Saturday: 7:30 AM – 12:00 AM | Sunday: 7:30 AM – 12:00 AM,https://www.friendshipmart.com/en/home-2/,0,"['supermarket', 'grocery_or_supermarket', 'food', 'point_of_interest', 'store', 'establishment']","20, 390 หมู่ที่ 10 Thanon Pattaya Tai, Amphoe Bang Lamung",Independent supermarket,Supermarket,TARGET — Independent supermarket
ChIJT3LoxGCWAjERqauSMdCGvBY,ChIJT3LoxGCWAjERqauSMdCGvBY,Food Mart,"316 Thappraya Road, Muang Pattaya",Amphoe Bang Lamung,Chon Buri,12.90492,100.8696753,4.3,2455,0,Active,grocery_or_supermarket,0,0,FALSE,scraped,038 197 457,Monday: 6:00 AM – 12:00 AM | Tuesday: 6:00 AM – 12:00 AM | Wednesday: 6:00 AM – 12:00 AM | Thursday: 6:00 AM – 12:00 AM | Friday: 6:00 AM – 12:00 AM | Saturday: 6:00 AM – 12:00 AM | Sunday: 6:00 AM – 12:00 AM,https://www.facebook.com/pages/Foodmart/422858847734843,0,"['supermarket', 'grocery_or_supermarket', 'food', 'point_of_interest', 'store', 'establishment']","316 Thappraya Road, Muang Pattaya, Amphoe Bang Lamung",Independent mart,Mini-mart,TARGET — Independent mart
ChIJpT0bZ3SWAjER2JTOnDDyYvQ,ChIJpT0bZ3SWAjER2JTOnDDyYvQ,E cosway Shop,"111/13 Moo 10, Pattaya Tai Road, Tambon Nongprue, Amphoe Banglamung, Chonburi",20150,Chon Buri,12.919011,100.885928,0,0,0,Active,grocery_or_supermarket,0,0,FALSE,scraped,038 488 692,,,0,"['supermarket', 'grocery_or_supermarket', 'food', 'point_of_interest', 'store', 'establishment']","111/13 Moo 10, Pattaya Tai Road, Tambon Nongprue, Amphoe Banglamung, Chonburi, 20150",Independent shop / mart,Mini-mart,TARGET — Likely independent
ChIJY-EqybCVAjEROPs7amDYTXo,ChIJY-EqybCVAjEROPs7amDYTXo,Siamburi’s,"75, 3 Khao Talo",Amphoe Bang Lamung,Chon Buri,12.9078565,100.9190503,4.4,1259,0,Active,grocery_or_supermarket,0,0,FALSE,scraped,063 183 8707,Monday: 8:00 AM – 8:00 PM | Tuesday: 8:00 AM – 8:00 PM | Wednesday: 8:00 AM – 8:00 PM | Thursday: 8:00 AM – 8:00 PM | Friday: 8:00 AM – 8:00 PM | Saturday: 8:00 AM – 8:00 PM | Sunday: 8:00 AM – 8:00 PM,http://www.expatfoodsthailand.com/,0,"['supermarket', 'grocery_or_supermarket', 'food', 'point_of_interest', 'store', 'establishment']","75, 3 Khao Talo, Amphoe Bang Lamung",Unknown independent grocer/super,Grocery / supermarket,"REVIEW — Independent, likely target"
ChIJ_UTpOACVAjERzL7ihr_0F04,ChIJ_UTpOACVAjERzL7ihr_0F04,GO Wholesale Pattaya,"หมู่บ้าน, เลขที่ 565/66, ซอย ถนน สุขุมวิท, เมืองพัทยา",อำเภอบางละมุง,Chon Buri,12.9146223,100.8939471,4.6,848,0,Active,grocery_or_supermarket,0,0,FALSE,scraped,033 265 265,Monday: 6:00 AM – 10:00 PM | Tuesday: 6:00 AM – 10:00 PM | Wednesday: 6:00 AM – 10:00 PM | Thursday: 6:00 AM – 10:00 PM | Friday: 6:00 AM – 10:00 PM | Saturday: 6:00 AM – 10:00 PM | Sunday: 6:00 AM – 10:00 PM,https://centralfoodwholesale.co.th/,0,"['grocery_or_supermarket', 'supermarket', 'food', 'point_of_interest', 'store', 'establishment']","หมู่บ้าน, เลขที่ 565/66, ซอย ถนน สุขุมวิท, เมืองพัทยา, อำเภอบางละมุง",Unknown independent grocer/super,Grocery / supermarket,"REVIEW — Independent, likely target"
ChIJqaeoYQCVAjER_wGFZsk866E,ChIJqaeoYQCVAjER_wGFZsk866E,UA เอาท์เลทพัทยา,"WV5V+9H8, Pattaya City",Bang Lamung District,Chon Buri,12.9083862,100.8939236,5,1,0,Active,grocery_or_supermarket,0,0,FALSE,scraped,,,,0,"['supermarket', 'grocery_or_supermarket', 'food', 'point_of_interest', 'store', 'establishment']","WV5V+9H8, Pattaya City, Bang Lamung District",Unknown independent grocer/super,Grocery / supermarket,"REVIEW — Independent, likely target"
ChIJZwBIEAuXAjERrH-LI-Z3dbQ,ChIJZwBIEAuXAjERrH-LI-Z3dbQ,THAI MART,"504, 466 หมู่ที่ 10 ถ.เขา, Muang Pattaya",Amphoe Bang Lamung,Chon Buri,12.9203111,100.8899043,1,1,0,Active,grocery_or_supermarket,0,0,FALSE,scraped,033 087 786,Monday: Open 24 hours | Tuesday: Open 24 hours | Wednesday: Open 24 hours | Thursday: Open 24 hours | Friday: Open 24 hours | Saturday: Open 24 hours | Sunday: Open 24 hours,https://www.thaimart.co/,0,"['supermarket', 'grocery_or_supermarket', 'food', 'point_of_interest', 'store', 'establishment']","504, 466 หมู่ที่ 10 ถ.เขา, Muang Pattaya, Amphoe Bang Lamung",Independent mart,Mini-mart,TARGET — Independent mart
ChIJAU2xdXmWAjERUCSY5oOy4AQ,ChIJAU2xdXmWAjERUCSY5oOy4AQ,Fons Food Pattaya,"Thepprasit Road, Soi 5/1, Moo 12, 155/26, Nongprue",Banglamung,Chon Buri,12.9078479,100.8858272,4.4,11,0,Active,grocery_or_supermarket,0,0,FALSE,scraped,085 278 2125,Monday: 8:00 AM – 6:00 PM | Tuesday: 8:00 AM – 6:00 PM | Wednesday: 8:00 AM – 6:00 PM | Thursday: 8:00 AM – 6:00 PM | Friday: 8:00 AM – 6:00 PM | Saturday: 8:00 AM – 6:00 PM | Sunday: 8:00 AM – 6:00 PM,https://www.facebook.com/FonsFoodPattaya/,0,"['supermarket', 'grocery_or_supermarket', 'food', 'point_of_interest', 'store', 'establishment']","Thepprasit Road, Soi 5/1, Moo 12, 155/26, Nongprue, Banglamung",Unknown independent grocer/super,Grocery / supermarket,"REVIEW — Independent, likely target"
ChIJufkcFACXAjERsBvEYriEOd0,ChIJufkcFACXAjERsBvEYriEOd0,Friendship,"594/1-2 Thanon Pattaya Tai, Muang Pattaya",Amphoe Bang Lamung,Chon Buri,12.9220721,100.8855089,3.5,2,0,Active,grocery_or_supermarket,0,0,FALSE,scraped,,,,0,"['supermarket', 'grocery_or_supermarket', 'food', 'point_of_interest', 'store', 'establishment']","594/1-2 Thanon Pattaya Tai, Muang Pattaya, Amphoe Bang Lamung",Unknown independent grocer/super,Grocery / supermarket,"REVIEW — Independent, likely target"
ChIJeSq-SuiXAjERPKLuTiZfmU8,ChIJeSq-SuiXAjERPKLuTiZfmU8,The Deli Factory,"Soi Bongkot 327/205, Muang Pattaya",Amphoe Bang Lamung,Chon Buri,12.9248417,100.8888137,4.6,139,2,Temporarily Closed,grocery_or_supermarket,0,0,FALSE,scraped,095 927 1120,,https://m.facebook.com/thedelifactorypattaya/,0,"['meal_takeaway', 'bakery', 'supermarket', 'meal_delivery', 'grocery_or_supermarket', 'restaurant', 'food', 'point_of_interest', 'store', 'establishment']","Soi Bongkot 327/205, Muang Pattaya, Amphoe Bang Lamung",Unknown independent grocer/super,Grocery / supermarket,"REVIEW — Independent, likely target"
ChIJbdqeeQCXAjER9jSGiLO8szk,ChIJbdqeeQCXAjER9jSGiLO8szk,22623 BCM ซอยที่ดินพัทยา,585/1-4 Soi Durian Pattaya Sai 3,Amphoe Bang Lamung,Chon Buri,12.9150858,100.8797896,0,0,0,Active,grocery_or_supermarket,0,0,FALSE,scraped,,,,0,"['supermarket', 'grocery_or_supermarket', 'food', 'point_of_interest', 'store', 'establishment']","585/1-4 Soi Durian Pattaya Sai 3, Amphoe Bang Lamung",Unknown independent grocer/super,Grocery / supermarket,"REVIEW — Independent, likely target"
ChIJAcgj-eHAlC4Rn-f-ePu-518,ChIJAcgj-eHAlC4Rn-f-ePu-518,Jivans Mart,"384, 385 Regional Land, Muang Pattaya",Amphoe Bang Lamung,Chon Buri,12.9185136,100.8787572,4.6,5,0,Active,grocery_or_supermarket,0,0,FALSE,scraped,097 135 8389,Monday: Open 24 hours | Tuesday: Open 24 hours | Wednesday: Open 24 hours | Thursday: Open 24 hours | Friday: Open 24 hours | Saturday: Open 24 hours | Sunday: Open 24 hours,http://www.jivansmart.com/,0,"['supermarket', 'grocery_or_supermarket', 'food', 'point_of_interest', 'store', 'establishment']","384, 385 Regional Land, Muang Pattaya, Amphoe Bang Lamung",Independent mart,Mini-mart,TARGET — Independent mart
ChIJx6MNxQeXAjER69vozMQE2LM,ChIJx6MNxQeXAjER69vozMQE2LM,ไก่สดพัทยา (NFH),"300/7 Thanon Thep Prasit, หนองปรือ",Amphoe Bang Lamung,Chon Buri,12.9032348,100.8770034,0,0,0,Active,grocery_or_supermarket,0,0,FALSE,scraped,091 749 2829,Monday: 1:00 – 11:30 AM | Tuesday: 1:00 – 11:30 AM | Wednesday: 1:00 – 11:30 AM | Thursday: 1:00 – 11:30 AM | Friday: 1:00 – 11:30 AM | Saturday: 1:00 – 11:30 AM | Sunday: 1:00 – 11:30 AM,,0,"['supermarket', 'grocery_or_supermarket', 'store', 'food', 'point_of_interest', 'establishment']","300/7 Thanon Thep Prasit, หนองปรือ, Amphoe Bang Lamung",Unknown independent grocer/super,Grocery / supermarket,"REVIEW — Independent, likely target"
ChIJTYui0kWXAjERsjupepmB4JA,ChIJTYui0kWXAjERsjupepmB4JA,Aroma Essential​ Oils Story (คลีโอม์พัตราออยล์ธรรมชาติบำบัด),"247, 47 ม.10 ซอย18 เย็นสบาย, หนองปรือ",Amphoe Bang Lamung,Chon Buri,12.9210817,100.8764729,5,3,0,Active,grocery_or_supermarket,0,0,FALSE,scraped,080 554 7955,Monday: Open 24 hours | Tuesday: Open 24 hours | Wednesday: Open 24 hours | Thursday: Open 24 hours | Friday: Open 24 hours | Saturday: Open 24 hours | Sunday: Open 24 hours,https://www.facebook.com/QueenaKwinna096,0,"['supermarket', 'clothing_store', 'grocery_or_supermarket', 'store', 'health', 'food', 'point_of_interest', 'establishment']","247, 47 ม.10 ซอย18 เย็นสบาย, หนองปรือ, Amphoe Bang Lamung",Unknown independent grocer/super,Grocery / supermarket,"REVIEW — Independent, likely target"
ChIJUeAfTTiXAjER_BfZUn7NpoY,ChIJUeAfTTiXAjER_BfZUn7NpoY,P2 Store พีทู สโตร์,"405, 45 Soi Thep Prasit 17, Muang Pattaya",Amphoe Bang Lamung,Chon Buri,12.8985791,100.876658,5,3,0,Active,grocery_or_supermarket,0,0,FALSE,scraped,081 576 4900,Monday: 8:00 AM – 12:00 AM | Tuesday: 8:00 AM – 12:00 AM | Wednesday: 8:00 AM – 12:00 AM | Thursday: 8:00 AM – 12:00 AM | Friday: 8:00 AM – 12:00 AM | Saturday: 8:00 AM – 12:00 AM | Sunday: 8:00 AM – 12:00 AM,,0,"['supermarket', 'grocery_or_supermarket', 'store', 'food', 'point_of_interest', 'establishment']","405, 45 Soi Thep Prasit 17, Muang Pattaya, Amphoe Bang Lamung",Independent store,Mini-mart / grocer,TARGET — Independent store
ChIJ-_7fBQCXAjERowacq_CPnis,ChIJ-_7fBQCXAjERowacq_CPnis,Royal garden,"WVHH+GR2, Thanon Pattaya Tai, Muang Pattaya",Amphoe Bang Lamung,Chon Buri,12.9287133,100.87925,4.2,7588,0,Active,grocery_or_supermarket,0,0,FALSE,scraped,,,,0,"['supermarket', 'grocery_or_supermarket', 'store', 'food', 'point_of_interest', 'establishment']","WVHH+GR2, Thanon Pattaya Tai, Muang Pattaya, Amphoe Bang Lamung",Unknown independent grocer/super,Grocery / supermarket,"REVIEW — Independent, likely target"
ChIJ_0s3UADHAjERtyx1ySCn7_c,ChIJ_0s3UADHAjERtyx1ySCn7_c,BCM คาลเท็กซ์มาบเอียง ชลบุรี,"696, 16, Tambon Nong Kham",Amphoe Si Racha,Chon Buri,13.1185889,100.9992005,0,0,0,Active,grocery_or_supermarket,0,0,FALSE,scraped,,,,0,"['supermarket', 'grocery_or_supermarket', 'food', 'point_of_interest', 'store', 'establishment']","696, 16, Tambon Nong Kham, Amphoe Si Racha",Unknown independent grocer/super,Grocery / supermarket,"REVIEW — Independent, likely target"
ChIJAWxg0P29AjERJcvyKLxrwWw,ChIJAWxg0P29AjERJcvyKLxrwWw,Best Supermarket,500/555,Amphoe Bang Lamung,Chon Buri,12.9565314,100.8909369,4.4,1671,0,Active,grocery_or_supermarket,0,0,FALSE,scraped,038 427 588,Monday: 8:00 AM – 12:00 AM | Tuesday: 8:00 AM – 12:00 AM | Wednesday: 8:00 AM – 12:00 AM | Thursday: 8:00 AM – 12:00 AM | Friday: 8:00 AM – 12:00 AM | Saturday: 8:00 AM – 12:00 AM | Sunday: 8:00 AM – 12:00 AM,http://www.bestpattaya.co.th/,0,"['supermarket', 'liquor_store', 'grocery_or_supermarket', 'food', 'point_of_interest', 'store', 'establishment']","500/555, Amphoe Bang Lamung",Independent supermarket,Supermarket,TARGET — Independent supermarket
ChIJMedvCwC_AjERInYhY2egJ6k,ChIJMedvCwC_AjERInYhY2egJ6k,MR.DIY นาเกลือ,"เลขที่ 25/4 หมู่ 5 ซอย วงศ์อมาตย์ 18, Muang Pattaya",Amphoe Bang Lamung,Chon Buri,12.9663693,100.898812,0,0,0,Active,grocery_or_supermarket,0,0,FALSE,scraped,,Monday: 9:00 AM – 9:00 PM | Tuesday: 9:00 AM – 9:00 PM | Wednesday: 9:00 AM – 9:00 PM | Thursday: 9:00 AM – 9:00 PM | Friday: 9:00 AM – 9:00 PM | Saturday: 9:00 AM – 9:00 PM | Sunday: 9:00 AM – 9:00 PM,,0,"['supermarket', 'grocery_or_supermarket', 'food', 'point_of_interest', 'store', 'establishment']","เลขที่ 25/4 หมู่ 5 ซอย วงศ์อมาตย์ 18, Muang Pattaya, Amphoe Bang Lamung",Unknown independent grocer/super,Grocery / supermarket,"REVIEW — Independent, likely target"
ChIJh4JXbSC_AjER6TzV6osQros,ChIJh4JXbSC_AjER6TzV6osQros,Optiker Shop günstig,"XW94+P4V, Soi Naklua 11, Muang Pattaya",Amphoe Bang Lamung,Chon Buri,12.9693567,100.9052821,5,3,0,Active,grocery_or_supermarket,0,0,FALSE,scraped,,Monday: 10:00 AM – 9:00 PM | Tuesday: 10:00 AM – 9:00 PM | Wednesday: 10:00 AM – 9:00 PM | Thursday: 10:00 AM – 9:00 PM | Friday: 10:00 AM – 9:00 PM | Saturday: 10:00 AM – 9:00 PM | Sunday: 10:00 AM – 9:00 PM,,0,"['supermarket', 'grocery_or_supermarket', 'food', 'point_of_interest', 'store', 'establishment']","XW94+P4V, Soi Naklua 11, Muang Pattaya, Amphoe Bang Lamung",Independent shop / mart,Mini-mart,TARGET — Likely independent
ChIJaZ-9rwq_AjER1h_8-yqV7ic,ChIJaZ-9rwq_AjER1h_8-yqV7ic,Chinese Food Market,"เลขที่ 157/19 หมู่ 5 ถนน, Pattaya City",Bang Lamung District,Chon Buri,12.956887,100.8916243,3.2,5,0,Active,grocery_or_supermarket,0,0,FALSE,scraped,,,,0,"['supermarket', 'grocery_or_supermarket', 'food', 'point_of_interest', 'store', 'establishment']","เลขที่ 157/19 หมู่ 5 ถนน, Pattaya City, Bang Lamung District",Unknown independent grocer/super,Grocery / supermarket,"REVIEW — Independent, likely target"
ChIJw3OZgWu-AjERJyvtiy8b1yw,ChIJw3OZgWu-AjERJyvtiy8b1yw,Mai Na Kluea Market,"Moo 5, Mai Na Kluea Market, Sawang Fa Road, Tambon Na Kluea, Amphoe Bang Lamung, Chon Buri",20150,Chon Buri,12.9696629,100.90732,4.7,6,0,Active,grocery_or_supermarket,0,0,FALSE,scraped,038 253 100,Monday: 7:30 AM – 10:00 PM | Tuesday: 7:30 AM – 10:00 PM | Wednesday: 7:30 AM – 10:00 PM | Thursday: 7:30 AM – 10:00 PM | Friday: 7:30 AM – 10:00 PM | Saturday: 7:30 AM – 10:00 PM | Sunday: 7:30 AM – 10:00 PM,,0,"['supermarket', 'grocery_or_supermarket', 'store', 'food', 'point_of_interest', 'establishment']","Moo 5, Mai Na Kluea Market, Sawang Fa Road, Tambon Na Kluea, Amphoe Bang Lamung, Chon Buri, 20150",Unknown independent grocer/super,Grocery / supermarket,"REVIEW — Independent, likely target"
ChIJ77Dk_3q_AjER1JskftPQnmk,ChIJ77Dk_3q_AjER1JskftPQnmk,Burapha Bird's Nest,"3/255 หมู่6, สี่แยก สี่แยก, ปริญญา ติดกับธนาคารอาคารสงเคราะห์สาขาพัทยา, Thanon Pattaya Nuea",Amphoe Bang Lamung,Chon Buri,12.9497422,100.8973254,3.7,13,0,Active,grocery_or_supermarket,0,0,FALSE,scraped,096 258 2047,Monday: Open 24 hours | Tuesday: Open 24 hours | Wednesday: Open 24 hours | Thursday: Open 24 hours | Friday: Open 24 hours | Saturday: Open 24 hours | Sunday: Open 24 hours,http://shopee.co.th/patsarin2528,0,"['supermarket', 'grocery_or_supermarket', 'store', 'food', 'point_of_interest', 'establishment']","3/255 หมู่6, สี่แยก สี่แยก, ปริญญา ติดกับธนาคารอาคารสงเคราะห์สาขาพัทยา, Thanon Pattaya Nuea, Amphoe Bang Lamung",Unknown independent grocer/super,Grocery / supermarket,"REVIEW — Independent, likely target"
ChIJHZms8hC_AjERlA7EUW9D8UQ,ChIJHZms8hC_AjERlA7EUW9D8UQ,Pattaya,"XWF6+CMV, Sukhumvit Phatthaya 12, Muang Pattaya",Amphoe Bang Lamung,Chon Buri,12.9736052,100.9116697,5,1,0,Active,grocery_or_supermarket,0,0,FALSE,scraped,,,,0,"['supermarket', 'grocery_or_supermarket', 'store', 'food', 'point_of_interest', 'establishment']","XWF6+CMV, Sukhumvit Phatthaya 12, Muang Pattaya, Amphoe Bang Lamung",Unknown independent grocer/super,Grocery / supermarket,"REVIEW — Independent, likely target"
ChIJkXSS5_yXAjER_wOYQu8Cga8,ChIJkXSS5_yXAjER_wOYQu8Cga8,Theara Care Terminal21 Pattaya (เทียร่า แคร์),"456, 777 777/1, Muang Pattaya",Amphoe Bang Lamung,Chon Buri,12.9496479,100.8900686,5,1,0,Active,grocery_or_supermarket,0,0,FALSE,scraped,065 995 3955,Monday: 11:00 AM – 10:00 PM | Tuesday: 11:00 AM – 10:00 PM | Wednesday: 11:00 AM – 10:00 PM | Thursday: 11:00 AM – 10:00 PM | Friday: 11:00 AM – 10:00 PM | Saturday: 11:00 AM – 10:00 PM | Sunday: 11:00 AM – 10:00 PM,,0,"['supermarket', 'grocery_or_supermarket', 'store', 'food', 'point_of_interest', 'establishment']","456, 777 777/1, Muang Pattaya, Amphoe Bang Lamung",Unknown independent grocer/super,Grocery / supermarket,"REVIEW — Independent, likely target"
ChIJ5aFLW6q_AjERBLDqnggu5rs,ChIJ5aFLW6q_AjERBLDqnggu5rs,ซูเปอร์มาเก็ตจีน Chinese Super Market,"WVXR+38X, Pattaya City",Bang Lamung District,Chon Buri,12.9477364,100.8908626,3.5,2,0,Active,grocery_or_supermarket,0,0,FALSE,scraped,,,,0,"['supermarket', 'grocery_or_supermarket', 'food', 'store', 'point_of_interest', 'establishment']","WVXR+38X, Pattaya City, Bang Lamung District",Unknown independent grocer/super,Grocery / supermarket,"REVIEW — Independent, likely target"
ChIJ8eiG4CK9AjERBmHzhdKLtzI,ChIJ8eiG4CK9AjERBmHzhdKLtzI,ร้านจิงจิงผลไม้อบแห้ง JingJing Dried Fruit 晶晶干果店 (ขายปลีก-ส่ง),Pattaya City,Bang Lamung District,Chon Buri,12.9479391,100.8894005,4,1,0,Active,grocery_or_supermarket,0,0,FALSE,scraped,086 827 6934,Monday: 10:00 AM – 9:00 PM | Tuesday: 10:00 AM – 9:00 PM | Wednesday: 10:00 AM – 9:00 PM | Thursday: 10:00 AM – 9:00 PM | Friday: 10:00 AM – 9:00 PM | Saturday: 10:00 AM – 9:00 PM | Sunday: 10:00 AM – 9:00 PM,,0,"['supermarket', 'grocery_or_supermarket', 'food', 'store', 'point_of_interest', 'establishment']","Pattaya City, Bang Lamung District",Unknown independent grocer/super,Grocery / supermarket,"REVIEW — Independent, likely target"
ChIJee3QbAC_AjERrUAEVEbWinw,ChIJee3QbAC_AjERrUAEVEbWinw,Pataya กลางบิ้กชี,"ซอย เพนียดช้าง, Muang Pattaya",Amphoe Bang Lamung,Chon Buri,12.9458898,100.9017034,4.4,9220,0,Active,grocery_or_supermarket,0,0,FALSE,scraped,,,,0,"['supermarket', 'grocery_or_supermarket', 'food', 'store', 'point_of_interest', 'establishment']","ซอย เพนียดช้าง, Muang Pattaya, Amphoe Bang Lamung",Unknown independent grocer/super,Grocery / supermarket,"REVIEW — Independent, likely target"
ChIJqcZsOwC9AjER0TkdUdSFxdc,ChIJqcZsOwC9AjER0TkdUdSFxdc,파타야 빅C마트,"Central Marina, 2nd floor, shop unit 253",Bang Lamung District,Chon Buri,12.945729,100.8902896,4.6,8,0,Active,grocery_or_supermarket,0,0,FALSE,scraped,,Monday: 9:00 AM – 11:00 PM | Tuesday: 9:00 AM – 11:00 PM | Wednesday: 9:00 AM – 11:00 PM | Thursday: 9:00 AM – 11:00 PM | Friday: 9:00 AM – 11:00 PM | Saturday: 9:00 AM – 11:00 PM | Sunday: 9:00 AM – 11:00 PM,,0,"['supermarket', 'grocery_or_supermarket', 'food', 'store', 'point_of_interest', 'establishment']","Central Marina, 2nd floor, shop unit 253, Bang Lamung District",Unknown independent grocer/super,Grocery / supermarket,"REVIEW — Independent, likely target"
ChIJv-KLYwCXAjERMMGiDagx2Dc,ChIJv-KLYwCXAjERMMGiDagx2Dc,"Panda Supermarket Co., Ltd.","225, 56 Pattaya sai2 Rd",Chon Buri,Chon Buri,12.9430772,100.8880302,4.2,12,0,Active,grocery_or_supermarket,0,0,FALSE,scraped,062 672 9999,Monday: Open 24 hours | Tuesday: Open 24 hours | Wednesday: Open 24 hours | Thursday: Open 24 hours | Friday: Open 24 hours | Saturday: Open 24 hours | Sunday: Open 24 hours,,0,"['supermarket', 'grocery_or_supermarket', 'food', 'store', 'point_of_interest', 'establishment']","225, 56 Pattaya sai2 Rd, Chon Buri",Independent supermarket,Supermarket,TARGET — Independent supermarket
ChIJSRhgBQDbAjERtWCXQg5DfS0,ChIJSRhgBQDbAjERtWCXQg5DfS0,เจ๊ตุ๊กผักสด&TK market,"100, 23 ม.8, Tambon Khao Khan Song",Amphoe Si Racha,Chon Buri,13.114081,101.1660425,4.2,5,0,Active,grocery_or_supermarket,0,0,FALSE,scraped,083 299 6191,"Monday: 5:30 AM – 1:00 PM, 4:30 – 9:00 PM | Tuesday: 5:30 AM – 1:00 PM, 4:30 – 9:00 PM | Wednesday: 5:30 AM – 1:00 PM, 4:30 – 9:00 PM | Thursday: 5:30 AM – 1:00 PM, 4:30 – 9:00 PM | Friday: 5:30 AM – 1:00 PM, 4:30 – 9:00 PM | Saturday: 5:30 AM – 1:00 PM, 4:30 – 9:00 PM | Sunday: 5:30 AM – 1:00 PM, 4:30 – 5:00 PM",,0,"['supermarket', 'grocery_or_supermarket', 'store', 'point_of_interest', 'food', 'establishment']","100, 23 ม.8, Tambon Khao Khan Song, Amphoe Si Racha",Unknown independent grocer/super,Grocery / supermarket,"REVIEW — Independent, likely target"
ChIJtS5CdQC5AjER-TVJeYyiR4s,ChIJtS5CdQC5AjER-TVJeYyiR4s,KB PET SHOP,"3WHP+6JV, Nong Kham",Si Racha District,Chon Buri,13.0781006,100.9365581,5,1,0,Active,grocery_or_supermarket,0,0,FALSE,scraped,,,,0,"['supermarket', 'grocery_or_supermarket', 'food', 'store', 'point_of_interest', 'establishment']","3WHP+6JV, Nong Kham, Si Racha District",Independent shop / mart,Mini-mart,TARGET — Likely independent
ChIJtw67WAC1AjERet9cgU5LUkE,ChIJtw67WAC1AjERet9cgU5LUkE,แม็กมาร์ทบางพระ4 ในปั๊มPT,"เลขที่ 662/1 Sukhumvit Road, Tambon Saen Suk",Amphoe Mueang Chon Buri,Chon Buri,13.2471944,100.9335184,5,1,0,Active,grocery_or_supermarket,0,0,FALSE,scraped,,,,0,"['supermarket', 'grocery_or_supermarket', 'food', 'store', 'point_of_interest', 'establishment']","เลขที่ 662/1 Sukhumvit Road, Tambon Saen Suk, Amphoe Mueang Chon Buri",Unknown independent grocer/super,Grocery / supermarket,"REVIEW — Independent, likely target"
ChIJu2a7IwDLAjERS1GSNtqzuZ4,ChIJu2a7IwDLAjERS1GSNtqzuZ4,Maxmart,"6274+6C2, ห้วยกรุ, Tambon Bang Phra",Amphoe Si Racha,Chon Buri,13.2130092,101.0060038,3.3,4,0,Active,grocery_or_supermarket,0,0,FALSE,scraped,,,,0,"['supermarket', 'grocery_or_supermarket', 'point_of_interest', 'food', 'store', 'establishment']","6274+6C2, ห้วยกรุ, Tambon Bang Phra, Amphoe Si Racha",Independent mart,Mini-mart,TARGET — Independent mart
ChIJiUId6Ia3AjERMbK0qNC0EzU,ChIJiUId6Ia3AjERMbK0qNC0EzU,ร้านหมูCP 9กิโล,4WHR+5V5,Si Racha District,Chon Buri,13.1278877,100.9422326,5,2,0,Active,grocery_or_supermarket,0,0,FALSE,scraped,096 989 6249,Monday: 6:00 AM – 6:00 PM | Tuesday: 6:00 AM – 6:00 PM | Wednesday: 6:00 AM – 6:00 PM | Thursday: 6:00 AM – 6:00 PM | Friday: 6:00 AM – 6:00 PM | Saturday: 6:00 AM – 6:00 PM | Sunday: 6:00 AM – 6:00 PM,,0,"['supermarket', 'grocery_or_supermarket', 'food', 'point_of_interest', 'store', 'establishment']","4WHR+5V5, Si Racha District",Unknown independent grocer/super,Grocery / supermarket,"REVIEW — Independent, likely target"
ChIJgXJZcgC3AjER0dXACITxHZ4,ChIJgXJZcgC3AjER0dXACITxHZ4,Salisa super store,46274,Chon Buri,Chon Buri,13.1463308,100.9406367,0,0,0,Active,grocery_or_supermarket,0,0,FALSE,scraped,,,,0,"['supermarket', 'grocery_or_supermarket', 'food', 'point_of_interest', 'store', 'establishment']",46274,Independent store,Mini-mart / grocer,TARGET — Independent store
ChIJuRsqicG3AjERWxoWdGA2mQc,ChIJuRsqicG3AjERWxoWdGA2mQc,Focus,"4XX7+69V, Thanon Si Racha-Nong Yai Bu, Tambon Surasak",Amphoe Si Racha,Chon Buri,13.1481063,100.9634126,5,1,0,Active,grocery_or_supermarket,0,0,FALSE,scraped,087 089 4700,Monday: 8:00 AM – 9:00 PM | Tuesday: 8:00 AM – 9:00 PM | Wednesday: 8:00 AM – 9:00 PM | Thursday: 8:00 AM – 9:00 PM | Friday: 8:00 AM – 9:00 PM | Saturday: 8:00 AM – 9:00 PM | Sunday: 8:00 AM – 9:00 PM,,0,"['supermarket', 'grocery_or_supermarket', 'food', 'point_of_interest', 'store', 'establishment']","4XX7+69V, Thanon Si Racha-Nong Yai Bu, Tambon Surasak, Amphoe Si Racha",Unknown independent grocer/super,Grocery / supermarket,"REVIEW — Independent, likely target"
ChIJU6oJioC1AjERD_gjiMo9QjI,ChIJU6oJioC1AjERD_gjiMo9QjI,สุดปอด (Heavy Stone),"193, Heavy Stone, 23 Thanon Long Had Bangsaen, ต.แสนสุข",Amphoe Mueang Chon Buri,Chon Buri,13.2849951,100.9200035,0,0,0,Active,grocery_or_supermarket,0,0,FALSE,scraped,062 564 8218,Monday: 11:00 AM – 4:00 AM | Tuesday: 11:00 AM – 4:00 AM | Wednesday: 11:00 AM – 4:00 AM | Thursday: 11:00 AM – 4:00 AM | Friday: 11:00 AM – 4:00 AM | Saturday: 11:00 AM – 4:00 AM | Sunday: 11:00 AM – 4:00 AM,,0,"['supermarket', 'grocery_or_supermarket', 'store', 'point_of_interest', 'food', 'establishment']","193, Heavy Stone, 23 Thanon Long Had Bangsaen, ต.แสนสุข, Amphoe Mueang Chon Buri",Unknown independent grocer/super,Grocery / supermarket,"REVIEW — Independent, likely target"
ChIJvxa4SNcyHTERhhsj0ugTz-A,ChIJvxa4SNcyHTERhhsj0ugTz-A,Super Store,"845C+FHQ, Ban Bueng",Ban Bueng District,Chon Buri,13.3087248,101.1214818,3.3,4,0,Active,grocery_or_supermarket,0,0,FALSE,scraped,,Monday: 7:00 AM – 9:00 PM | Tuesday: 7:00 AM – 9:00 PM | Wednesday: 7:00 AM – 9:00 PM | Thursday: 7:00 AM – 9:00 PM | Friday: 7:00 AM – 9:00 PM | Saturday: 7:00 AM – 9:00 PM | Sunday: 7:00 AM – 9:00 PM,,0,"['supermarket', 'grocery_or_supermarket', 'food', 'store', 'point_of_interest', 'establishment']","845C+FHQ, Ban Bueng, Ban Bueng District",Independent store,Mini-mart / grocer,TARGET — Independent store
ChIJH7XJcgAzHTER45kCCTytKA0,ChIJH7XJcgAzHTER45kCCTytKA0,ร้านค้า 1 supermarket,"78 Vitooldamri Road, Tambon Ban Bueng",Amphoe Ban Bueng,Chon Buri,13.3133124,101.116579,5,1,0,Active,grocery_or_supermarket,0,0,FALSE,scraped,,,,0,"['supermarket', 'grocery_or_supermarket', 'food', 'store', 'point_of_interest', 'establishment']","78 Vitooldamri Road, Tambon Ban Bueng, Amphoe Ban Bueng",Independent supermarket,Supermarket,TARGET — Independent supermarket
ChIJf8m04qosAzERgGpIsNL8nqQ,ChIJf8m04qosAzERgGpIsNL8nqQ,บ่อทอง มาร์ท Bo Thong Mart,"7CJP+WM8, Bo Thong",Bo Thong District,Chon Buri,13.2822947,101.4367064,4.5,22,0,Active,grocery_or_supermarket,0,0,FALSE,scraped,038 211 093,Monday: 6:00 AM – 8:00 PM | Tuesday: 6:00 AM – 8:00 PM | Wednesday: 6:00 AM – 8:00 PM | Thursday: 6:00 AM – 8:00 PM | Friday: 6:00 AM – 8:00 PM | Saturday: 6:00 AM – 8:00 PM | Sunday: 6:00 AM – 8:00 PM,,0,"['supermarket', 'grocery_or_supermarket', 'point_of_interest', 'food', 'store', 'establishment']","7CJP+WM8, Bo Thong, Bo Thong District",Independent mart,Mini-mart,TARGET — Independent mart
ChIJf0ehFQC3AjERyrXAhzcU6Zs,ChIJf0ehFQC3AjERyrXAhzcU6Zs,ร้านข้าวผัดอเมริกัน ETC,"41/23 ซอย ร่วมใจสามัคคี, Tambon Surasak",Amphoe Si Racha,Chon Buri,13.1770121,100.941469,5,1,0,Active,grocery_or_supermarket,0,0,FALSE,scraped,082 601 5747,Monday: 10:00 AM – 8:00 AM | Tuesday: 10:00 AM – 8:00 AM | Wednesday: 10:00 AM – 8:00 AM | Thursday: 10:00 AM – 8:00 AM | Friday: 10:00 AM – 8:00 AM | Saturday: 10:00 AM – 8:00 AM | Sunday: 10:00 AM – 8:00 AM,,0,"['supermarket', 'grocery_or_supermarket', 'food', 'store', 'point_of_interest', 'establishment']","41/23 ซอย ร่วมใจสามัคคี, Tambon Surasak, Amphoe Si Racha",Unknown independent grocer/super,Grocery / supermarket,"REVIEW — Independent, likely target"
ChIJc_fDFjG3AjERxUy1tFbkb84,ChIJc_fDFjG3AjERxUy1tFbkb84,JC imart 3,"เจซี ไอมาร์ท, 112 ศรีราชา3 Si Racha-Nong Kho 10",Amphoe Si Racha,Chon Buri,13.155921,100.9515833,4.4,36,0,Active,grocery_or_supermarket,0,0,FALSE,scraped,081 865 9135,Monday: 9:00 AM – 8:00 PM | Tuesday: 9:00 AM – 8:00 PM | Wednesday: 9:00 AM – 5:00 PM | Thursday: 9:00 AM – 8:00 PM | Friday: 9:00 AM – 8:00 PM | Saturday: 9:00 AM – 8:00 PM | Sunday: 9:00 AM – 8:00 PM,,0,"['supermarket', 'grocery_or_supermarket', 'food', 'store', 'point_of_interest', 'establishment']","เจซี ไอมาร์ท, 112 ศรีราชา3 Si Racha-Nong Kho 10, Amphoe Si Racha",Independent mart,Mini-mart,TARGET — Independent mart
ChIJyzV4J_c0HTEROfrQJNjnpIM,ChIJyzV4J_c0HTEROfrQJNjnpIM,Ariphon Shop,"24/44 Moo 1, Sukhumvit Road, Tambon Nong Ri, Amphoe Muang Chon Buri, Chon Buri",20000,Chon Buri,13.342762,101.040026,3.5,2,0,Active,grocery_or_supermarket,0,0,FALSE,scraped,081 983 3360,,,0,"['supermarket', 'grocery_or_supermarket', 'food', 'point_of_interest', 'store', 'establishment']","24/44 Moo 1, Sukhumvit Road, Tambon Nong Ri, Amphoe Muang Chon Buri, Chon Buri, 20000",Independent shop / mart,Mini-mart,TARGET — Likely independent
ChIJ89cZE6Q1HTER9swVDkvNXsE,ChIJ89cZE6Q1HTER9swVDkvNXsE,เจ้กอบกุลลุงวิจิตร การค้า (Wangburapa Commerce),43647,ตำบลหนองรี,Chon Buri,13.3441237,101.0357028,0,0,0,Active,grocery_or_supermarket,0,0,FALSE,scraped,086 366 8492,Monday: 6:00 AM – 9:00 PM | Tuesday: 6:00 AM – 9:00 PM | Wednesday: 6:00 AM – 9:00 PM | Thursday: 6:00 AM – 9:00 PM | Friday: 6:00 AM – 9:00 PM | Saturday: 6:00 AM – 9:00 PM | Sunday: 6:00 AM – 9:00 PM,,0,"['liquor_store', 'supermarket', 'grocery_or_supermarket', 'food', 'point_of_interest', 'store', 'establishment']","7/19, ตำบลหนองรี",Unknown independent grocer/super,Grocery / supermarket,"REVIEW — Independent, likely target"
ChIJdfe5VxI0HTERV9CFH05LEjc,ChIJdfe5VxI0HTERV9CFH05LEjc,Mini Mart Shop,"44/79 Moo 4, Tambon Samnak Bok, Amphoe Muang Chon Buri, Chon Buri",20000,Chon Buri,13.3725927,101.0576065,0,0,0,Active,grocery_or_supermarket,0,0,FALSE,scraped,085 435 7664,,,0,"['supermarket', 'grocery_or_supermarket', 'food', 'point_of_interest', 'store', 'establishment']","44/79 Moo 4, Tambon Samnak Bok, Amphoe Muang Chon Buri, Chon Buri, 20000",Independent shop / mart,Mini-mart,TARGET — Likely independent
ChIJNUln_dy0AjERryGsnCC35fE,ChIJNUln_dy0AjERryGsnCC35fE,Laemtong Bangsaen,"278, 2 Thanon Long Had Bangsaen, Tambon Saen Suk",Amphoe Mueang Chon Buri,Chon Buri,13.2865749,100.9267703,3.9,1644,0,Active,grocery_or_supermarket,0,0,FALSE,scraped,038 383 537,Monday: 11:00 AM – 9:00 PM | Tuesday: 11:00 AM – 9:00 PM | Wednesday: 11:00 AM – 9:00 PM | Thursday: 11:00 AM – 9:00 PM | Friday: 11:00 AM – 9:00 PM | Saturday: 11:00 AM – 9:00 PM | Sunday: 11:00 AM – 9:00 PM,https://www.lt.co.th/,0,"['shopping_mall', 'tourist_attraction', 'bank', 'supermarket', 'movie_theater', 'cafe', 'grocery_or_supermarket', 'restaurant', 'food', 'finance', 'point_of_interest', 'store', 'establishment']","278, 2 Thanon Long Had Bangsaen, Tambon Saen Suk, Amphoe Mueang Chon Buri",Unknown independent grocer/super,Grocery / supermarket,"REVIEW — Independent, likely target"
ChIJzxmSYiW1AjER-oNQBTbutow,ChIJzxmSYiW1AjER-oNQBTbutow,"SVRT Co.,Ltd.","119, 2",เมือง,Chon Buri,13.2968263,100.9555495,0,0,0,Active,grocery_or_supermarket,0,0,FALSE,scraped,,,,0,"['supermarket', 'grocery_or_supermarket', 'food', 'point_of_interest', 'store', 'establishment']","119, 2, เมือง",Unknown independent grocer/super,Grocery / supermarket,"REVIEW — Independent, likely target"
ChIJ2SJM-SC1AjERzWB2d2SgJBk,ChIJ2SJM-SC1AjERzWB2d2SgJBk,Radda Mini Mart,"36, ร้านแฟลชโฮม, 17 Thanon Long Had Bangsaen, ต.แสนสุข",อ.เมือง,Chon Buri,13.2868724,100.9379667,0,0,0,Active,grocery_or_supermarket,0,0,FALSE,scraped,038 393 068,Monday: 9:00 AM – 5:00 PM | Tuesday: 9:00 AM – 5:00 PM | Wednesday: 9:00 AM – 5:00 PM | Thursday: 9:00 AM – 5:00 PM | Friday: 9:00 AM – 5:00 PM | Saturday: 9:00 AM – 5:00 PM | Sunday: Closed,,0,"['supermarket', 'grocery_or_supermarket', 'food', 'point_of_interest', 'store', 'establishment']","36, ร้านแฟลชโฮม, 17 Thanon Long Had Bangsaen, ต.แสนสุข, อ.เมือง",Independent mini-mart,Mini-mart,TARGET — Independent mini-mart
ChIJx1s34-G0AjERahiH1ChZG8Y,ChIJx1s34-G0AjERahiH1ChZG8Y,Pranom Shop,"122, Santikasem Road, Tambon Saen Suk, Amphoe Muang Chon Buri, Chon Buri",20000,Chon Buri,13.278896,100.9352574,0,0,0,Active,grocery_or_supermarket,0,0,FALSE,scraped,038 392 634,Monday: 8:00 AM – 8:00 PM | Tuesday: 8:00 AM – 8:00 PM | Wednesday: 8:00 AM – 8:00 PM | Thursday: 8:00 AM – 8:00 PM | Friday: 8:00 AM – 8:00 PM | Saturday: 8:00 AM – 8:00 PM | Sunday: 8:00 AM – 8:00 PM,,0,"['supermarket', 'grocery_or_supermarket', 'food', 'point_of_interest', 'store', 'establishment']","122, Santikasem Road, Tambon Saen Suk, Amphoe Muang Chon Buri, Chon Buri, 20000",Independent shop / mart,Mini-mart,TARGET — Likely independent
ChIJSaNS-R21AjERnbi9qdfIsf4,ChIJSaNS-R21AjERnbi9qdfIsf4,Kha Song Shop,"21, Sukhumvit Road, Tambon Saen Suk, Amphoe Muang Chon Buri, Chon Buri",20000,Chon Buri,13.2777784,100.9357997,3.5,2,0,Active,grocery_or_supermarket,0,0,FALSE,scraped,038 392 933,Monday: Open 24 hours | Tuesday: Open 24 hours | Wednesday: Open 24 hours | Thursday: Open 24 hours | Friday: Open 24 hours | Saturday: Open 24 hours | Sunday: Open 24 hours,,0,"['supermarket', 'grocery_or_supermarket', 'food', 'point_of_interest', 'store', 'establishment']","21, Sukhumvit Road, Tambon Saen Suk, Amphoe Muang Chon Buri, Chon Buri, 20000",Independent shop / mart,Mini-mart,TARGET — Likely independent
ChIJHyP6Xv20AjERP-ifhZNcFRc,ChIJHyP6Xv20AjERP-ifhZNcFRc,Chonlada Shop,"94, Sukhumvit Road, Tambon Saen Suk, Amphoe Muang Chon Buri, Chon Buri",20000,Chon Buri,13.2712721,100.9351696,5,1,0,Active,grocery_or_supermarket,0,0,FALSE,scraped,081 004 2490,,,0,"['supermarket', 'grocery_or_supermarket', 'food', 'point_of_interest', 'store', 'establishment']","94, Sukhumvit Road, Tambon Saen Suk, Amphoe Muang Chon Buri, Chon Buri, 20000",Independent shop / mart,Mini-mart,TARGET — Likely independent
ChIJ8XkrIAS1AjERDZJ5nWyAsQU,ChIJ8XkrIAS1AjERDZJ5nWyAsQU,Pradoem Shop,"121/4 Moo 1, Sukhumvit Road, Tambon Muang, Amphoe Muang Chon Buri, Chon Buri",20000,Chon Buri,13.2666262,100.9425781,4,2,0,Active,grocery_or_supermarket,0,0,FALSE,scraped,038 390 558,Monday: 7:00 AM – 8:00 PM | Tuesday: 7:00 AM – 8:00 PM | Wednesday: 7:00 AM – 8:00 PM | Thursday: 7:00 AM – 8:00 PM | Friday: 7:00 AM – 8:00 PM | Saturday: 7:00 AM – 8:00 PM | Sunday: 7:00 AM – 8:00 PM,,0,"['supermarket', 'grocery_or_supermarket', 'food', 'point_of_interest', 'store', 'establishment']","121/4 Moo 1, Sukhumvit Road, Tambon Muang, Amphoe Muang Chon Buri, Chon Buri, 20000",Independent shop / mart,Mini-mart,TARGET — Likely independent
ChIJ8XkrIAS1AjERDz2Rzyi3tPs,ChIJ8XkrIAS1AjERDz2Rzyi3tPs,Kha Plik Shop,"91/1, Sukhumvit Road, Tambon Muang, Amphoe Muang Chon Buri, Chon Buri",20000,Chon Buri,13.266617,100.942576,2,2,0,Active,grocery_or_supermarket,0,0,FALSE,scraped,038 392 543,,,0,"['supermarket', 'grocery_or_supermarket', 'food', 'point_of_interest', 'store', 'establishment']","91/1, Sukhumvit Road, Tambon Muang, Amphoe Muang Chon Buri, Chon Buri, 20000",Independent shop / mart,Mini-mart,TARGET — Likely independent
ChIJd5fWCv20AjERWgTnrRXcWFk,ChIJd5fWCv20AjERWgTnrRXcWFk,Chamlong Shop,"294, Sukhumvit Road, Tambon Saen Suk, Amphoe Muang Chon Buri, Chon Buri",20000,Chon Buri,13.269823,100.934057,0,0,0,Active,grocery_or_supermarket,0,0,FALSE,scraped,038 392 735,,,0,"['supermarket', 'grocery_or_supermarket', 'food', 'point_of_interest', 'store', 'establishment']","294, Sukhumvit Road, Tambon Saen Suk, Amphoe Muang Chon Buri, Chon Buri, 20000",Independent shop / mart,Mini-mart,TARGET — Likely independent
ChIJd5fWCv20AjERBtdm-24t6R0,ChIJd5fWCv20AjERBtdm-24t6R0,Wichai Shop,"38, Sukhumvit Road, Tambon Saen Suk, Amphoe Muang Chon Buri, Chon Buri",20000,Chon Buri,13.269823,100.934057,3,1,0,Active,grocery_or_supermarket,0,0,FALSE,scraped,038 392 675,,,0,"['supermarket', 'grocery_or_supermarket', 'food', 'point_of_interest', 'store', 'establishment']","38, Sukhumvit Road, Tambon Saen Suk, Amphoe Muang Chon Buri, Chon Buri, 20000",Independent shop / mart,Mini-mart,TARGET — Likely independent
ChIJc4wNUYYpHTER7hOuQy_V4Mc,ChIJc4wNUYYpHTER7hOuQy_V4Mc,Tha Bunmi Market,"Moo 4, Tha Bunmi Market, Tambon Tha Bunmi, Amphoe Ko Chan, Chon Buri",20240,Chon Buri,13.3852634,101.30764,4.4,9,0,Active,grocery_or_supermarket,0,0,FALSE,scraped,089 934 9880,Monday: 7:00 AM – 8:30 PM | Tuesday: 7:00 AM – 8:30 PM | Wednesday: 7:00 AM – 8:30 PM | Thursday: 7:00 AM – 8:30 PM | Friday: 7:00 AM – 8:30 PM | Saturday: 7:00 AM – 8:30 PM | Sunday: 7:00 AM – 8:30 PM,,0,"['supermarket', 'grocery_or_supermarket', 'food', 'store', 'point_of_interest', 'establishment']","Moo 4, Tha Bunmi Market, Tambon Tha Bunmi, Amphoe Ko Chan, Chon Buri, 20240",Unknown independent grocer/super,Grocery / supermarket,"REVIEW — Independent, likely target"
ChIJI0qoV08rHTERXMOWneLde4w,ChIJI0qoV08rHTERXMOWneLde4w,NJ มินิมาร์ท,"98CJ+FF, Tha Bunmi",Ko Chan District,Chon Buri,13.3712171,101.3311529,3.7,3,0,Active,grocery_or_supermarket,0,0,FALSE,scraped,,,,0,"['supermarket', 'grocery_or_supermarket', 'food', 'point_of_interest', 'store', 'establishment']","98CJ+FF, Tha Bunmi, Ko Chan District",Independent mini-mart,Mini-mart,TARGET — Independent mini-mart
ChIJi-rEVwBLHTER2zCvFayyqwY,ChIJi-rEVwBLHTER2zCvFayyqwY,ร้านโชคดีอี่ซี่สาขาLG,442,34 Moo 1,Chon Buri,13.3359283,100.968004,0,0,0,Active,grocery_or_supermarket,0,0,FALSE,scraped,094 999 5995,Monday: 7:00 AM – 8:00 PM | Tuesday: 7:00 AM – 8:00 PM | Wednesday: 7:00 AM – 8:00 PM | Thursday: 7:00 AM – 8:00 PM | Friday: 7:00 AM – 8:00 PM | Saturday: 7:00 AM – 8:00 PM | Sunday: 7:00 AM – 8:00 PM,,0,"['supermarket', 'grocery_or_supermarket', 'store', 'point_of_interest', 'food', 'establishment']","442, 34 Moo 1",Unknown independent grocer/super,Grocery / supermarket,"REVIEW — Independent, likely target"
ChIJ07iLk4NKHTERh32eBYxIx88,ChIJ07iLk4NKHTERh32eBYxIx88,Pranom Shop,"222/12 Moo 2, Sukhumvit Road, Tambon Ban Suan, Amphoe Muang Chon Buri, Chon Buri",20000,Chon Buri,13.342982,100.976093,0,0,0,Active,grocery_or_supermarket,0,0,FALSE,scraped,038 261 562,,,0,"['supermarket', 'grocery_or_supermarket', 'food', 'store', 'point_of_interest', 'establishment']","222/12 Moo 2, Sukhumvit Road, Tambon Ban Suan, Amphoe Muang Chon Buri, Chon Buri, 20000",Independent shop / mart,Mini-mart,TARGET — Likely independent
ChIJ07iLk4NKHTERdUZtKLxZzKM,ChIJ07iLk4NKHTERdUZtKLxZzKM,Bunyang Shop,Thailand,Chon Buri,Chon Buri,13.342982,100.976093,0,0,0,Active,grocery_or_supermarket,0,0,FALSE,scraped,038 275 205,Monday: 8:00 AM – 8:00 PM | Tuesday: 8:00 AM – 8:00 PM | Wednesday: 8:00 AM – 8:00 PM | Thursday: 8:00 AM – 8:00 PM | Friday: 8:00 AM – 8:00 PM | Saturday: 8:00 AM – 8:00 PM | Sunday: 8:00 AM – 8:00 PM,,0,"['supermarket', 'grocery_or_supermarket', 'food', 'store', 'point_of_interest', 'establishment']",Thailand,Independent shop / mart,Mini-mart,TARGET — Likely independent
ChIJ07iLk4NKHTERgZGy7nQpCq0,ChIJ07iLk4NKHTERgZGy7nQpCq0,Suriphon Shop,"515/46 Moo 5, Sukhumvit Road, Tambon Ban Suan, Amphoe Muang Chon Buri, Chon Buri",20000,Chon Buri,13.342982,100.976093,0,0,0,Active,grocery_or_supermarket,0,0,FALSE,scraped,038 796 523,,,0,"['supermarket', 'grocery_or_supermarket', 'food', 'store', 'point_of_interest', 'establishment']","515/46 Moo 5, Sukhumvit Road, Tambon Ban Suan, Amphoe Muang Chon Buri, Chon Buri, 20000",Independent shop / mart,Mini-mart,TARGET — Likely independent
ChIJ07iLk4NKHTERkhd9bldCYm8,ChIJ07iLk4NKHTERkhd9bldCYm8,Phaibun Shop,"96/7 Moo 5, Sukhumvit Road, Tambon Ban Suan, Amphoe Muang Chon Buri, Chon Buri",20000,Chon Buri,13.342982,100.976093,0,0,0,Active,grocery_or_supermarket,0,0,FALSE,scraped,038 287 407,,,0,"['supermarket', 'grocery_or_supermarket', 'food', 'store', 'point_of_interest', 'establishment']","96/7 Moo 5, Sukhumvit Road, Tambon Ban Suan, Amphoe Muang Chon Buri, Chon Buri, 20000",Independent shop / mart,Mini-mart,TARGET — Likely independent
ChIJ07iLk4NKHTERElgL-8pF6Vo,ChIJ07iLk4NKHTERElgL-8pF6Vo,Phloen Shop,Thailand,Chon Buri,Chon Buri,13.342982,100.976093,0,0,0,Active,grocery_or_supermarket,0,0,FALSE,scraped,038 795 948,,,0,"['supermarket', 'grocery_or_supermarket', 'food', 'store', 'point_of_interest', 'establishment']",Thailand,Independent shop / mart,Mini-mart,TARGET — Likely independent
ChIJ07iLk4NKHTERYX5rKi00yR4,ChIJ07iLk4NKHTERYX5rKi00yR4,Sumali Shop,"79/72 Moo 4, Sukhumvit Road, Tambon Ban Suan, Amphoe Muang Chon Buri, Chon Buri",20000,Chon Buri,13.342982,100.976093,5,1,0,Active,grocery_or_supermarket,0,0,FALSE,scraped,038 275 843,Monday: 8:00 AM – 9:00 PM | Tuesday: 8:00 AM – 9:00 PM | Wednesday: 8:00 AM – 9:00 PM | Thursday: 8:00 AM – 9:00 PM | Friday: 8:00 AM – 9:00 PM | Saturday: 8:00 AM – 9:00 PM | Sunday: 8:00 AM – 9:00 PM,,0,"['supermarket', 'grocery_or_supermarket', 'food', 'store', 'point_of_interest', 'establishment']","79/72 Moo 4, Sukhumvit Road, Tambon Ban Suan, Amphoe Muang Chon Buri, Chon Buri, 20000",Independent shop / mart,Mini-mart,TARGET — Likely independent
ChIJXWeJHxJLHTERCOU8_8hUdlA,ChIJXWeJHxJLHTERCOU8_8hUdlA,Ang Sila Local Souvenier Market,3134,Amphoe Mueang Chon Buri,Chon Buri,13.337804,100.923994,4.4,571,0,Active,grocery_or_supermarket,0,0,FALSE,scraped,,Monday: 7:00 AM – 8:00 PM | Tuesday: 7:00 AM – 8:00 PM | Wednesday: 7:00 AM – 8:00 PM | Thursday: 7:00 AM – 8:00 PM | Friday: 7:00 AM – 8:00 PM | Saturday: 7:00 AM – 8:00 PM | Sunday: 7:00 AM – 8:00 PM,,0,"['supermarket', 'grocery_or_supermarket', 'food', 'store', 'point_of_interest', 'establishment']","3134, Amphoe Mueang Chon Buri",Unknown independent grocer/super,Grocery / supermarket,"REVIEW — Independent, likely target"
ChIJ3fMXAAc1HTERcBmPAmCSQnw,ChIJ3fMXAAc1HTERcBmPAmCSQnw,ร้านหมู CP​ สาขาคอโค,"82V2+FJX, เทศบาลตําบลบ้านสวน 11 ชอย 2, Tambon Ban Suan",Amphoe Mueang Chon Buri,Chon Buri,13.3437316,101.0016122,0,0,0,Active,grocery_or_supermarket,0,0,FALSE,scraped,098 428 3625,,,0,"['supermarket', 'grocery_or_supermarket', 'food', 'store', 'point_of_interest', 'establishment']","82V2+FJX, เทศบาลตําบลบ้านสวน 11 ชอย 2, Tambon Ban Suan, Amphoe Mueang Chon Buri",Unknown independent grocer/super,Grocery / supermarket,"REVIEW — Independent, likely target"
ChIJYbrCYwA1HTERSc0bEHnV1D0,ChIJYbrCYwA1HTERSc0bEHnV1D0,ATH41,"349, 129",เมือง,Chon Buri,13.358,101.0008177,0,0,0,Active,grocery_or_supermarket,0,0,FALSE,scraped,065 465 1964,Monday: Open 24 hours | Tuesday: Open 24 hours | Wednesday: Open 24 hours | Thursday: Open 24 hours | Friday: Open 24 hours | Saturday: Open 24 hours | Sunday: Closed,,0,"['supermarket', 'grocery_or_supermarket', 'food', 'store', 'point_of_interest', 'establishment']","349, 129, เมือง",Unknown independent grocer/super,Grocery / supermarket,"REVIEW — Independent, likely target"
ChIJtWNKSGU1HTERNurZMTu4t8c,ChIJtWNKSGU1HTERNurZMTu4t8c,Amnat Shop,"70/23 Moo 4, Sukhumvit Road, Tambon Nong Khang Khok, Amphoe Muang Chon Buri, Chon Buri",20000,Chon Buri,13.337783,100.990684,0,0,0,Active,grocery_or_supermarket,0,0,FALSE,scraped,038 799 361,,,0,"['supermarket', 'grocery_or_supermarket', 'food', 'store', 'point_of_interest', 'establishment']","70/23 Moo 4, Sukhumvit Road, Tambon Nong Khang Khok, Amphoe Muang Chon Buri, Chon Buri, 20000",Independent shop / mart,Mini-mart,TARGET — Likely independent
ChIJP7XXOY41HTERifdL87elu5c,ChIJP7XXOY41HTERifdL87elu5c,Wichian Shop,"890, 27 Sukhumvit Road, Tambon Bang Pla Soi",Amphoe Muang,Chon Buri,13.364653,100.990802,0,0,0,Active,grocery_or_supermarket,0,0,FALSE,scraped,038 275 538,,,0,"['supermarket', 'grocery_or_supermarket', 'food', 'point_of_interest', 'store', 'establishment']","890, 27 Sukhumvit Road, Tambon Bang Pla Soi, Amphoe Muang",Independent shop / mart,Mini-mart,TARGET — Likely independent
ChIJ_--w_cs3HTERRusLIzmYKkE,ChIJ_--w_cs3HTERRusLIzmYKkE,Sewaphak Shop,"39/188 Moo 4, Sukhumvit Road, Tambon Khlong Tamru, Amphoe Muang Chon Buri, Chon Buri",20000,Chon Buri,13.446036,100.99813,4,1,0,Active,grocery_or_supermarket,0,0,FALSE,scraped,086 819 0873,,,0,"['supermarket', 'grocery_or_supermarket', 'food', 'point_of_interest', 'store', 'establishment']","39/188 Moo 4, Sukhumvit Road, Tambon Khlong Tamru, Amphoe Muang Chon Buri, Chon Buri, 20000",Independent shop / mart,Mini-mart,TARGET — Likely independent
ChIJJzxawKU3HTERzzBkhQCJzPE,ChIJJzxawKU3HTERzzBkhQCJzPE,ร้าน Koki Kung,"F239+2H9, Ban Kao",Phan Thong District,Chon Buri,13.4525314,101.0189854,4.3,6,0,Active,grocery_or_supermarket,0,0,FALSE,scraped,,Monday: 9:00 AM – 11:00 PM | Tuesday: 9:00 AM – 11:00 PM | Wednesday: 9:00 AM – 11:00 PM | Thursday: 9:00 AM – 11:00 PM | Friday: 9:00 AM – 11:00 PM | Saturday: 9:00 AM – 11:00 PM | Sunday: 9:00 AM – 11:00 PM,,0,"['supermarket', 'grocery_or_supermarket', 'food', 'point_of_interest', 'store', 'establishment']","F239+2H9, Ban Kao, Phan Thong District",Unknown independent grocer/super,Grocery / supermarket,"REVIEW — Independent, likely target"
ChIJMUMl_8YvHTERkFJ5IHwfPbY,ChIJMUMl_8YvHTERkFJ5IHwfPbY,CP Freshmart พนัสนิคม-ศรีกุญชร,"245 Sri Kunchaon, Tambon Phanat Nikhom",Amphoe Phanat Nikhom,Chon Buri,13.4467891,101.1814948,4.4,27,0,Active,grocery_or_supermarket,0,0,FALSE,scraped,095 368 0185,Monday: 8:00 AM – 8:00 PM | Tuesday: 8:00 AM – 8:00 PM | Wednesday: 8:00 AM – 8:00 PM | Thursday: 8:00 AM – 8:00 PM | Friday: 8:00 AM – 8:00 PM | Saturday: 8:00 AM – 8:00 PM | Sunday: 8:00 AM – 8:00 PM,,0,"['supermarket', 'grocery_or_supermarket', 'food', 'store', 'point_of_interest', 'establishment']","245 Sri Kunchaon, Tambon Phanat Nikhom, Amphoe Phanat Nikhom",Independent mart,Mini-mart,TARGET — Independent mart
ChIJgTY4vAovHTER4godaQt9yEg,ChIJgTY4vAovHTER4godaQt9yEg,ผักสลัด วัตถุดิบซูชิ ร้านธรรมนิติเวทย์ (TNW FOOD SERVICE),"34, 9, กุฎโง้ง",Amphoe Phanat Nikhom,Chon Buri,13.4499298,101.1677302,4.8,6,0,Active,grocery_or_supermarket,0,0,FALSE,scraped,091 847 2726,Monday: 8:00 AM – 5:30 PM | Tuesday: 8:00 AM – 5:30 PM | Wednesday: 8:00 AM – 5:30 PM | Thursday: 8:00 AM – 5:30 PM | Friday: 8:00 AM – 5:30 PM | Saturday: 8:00 AM – 5:30 PM | Sunday: Closed,,0,"['supermarket', 'grocery_or_supermarket', 'food', 'store', 'point_of_interest', 'establishment']","34, 9, กุฎโง้ง, Amphoe Phanat Nikhom",Unknown independent grocer/super,Grocery / supermarket,"REVIEW — Independent, likely target"
ChIJ6-kgxXhZHTERmRa7HoKfHxk,ChIJ6-kgxXhZHTERmRa7HoKfHxk,ไอศครีมเกล็ดหิมะ PenguinKnight โลตัสบางปู,"โลตัสบางปู, Tambon Bang Pu Mai",เมือง,Chon Buri,13.5204548,100.6687683,0,0,0,Active,grocery_or_supermarket,0,0,FALSE,scraped,099 169 4266,Monday: 10:00 AM – 8:00 PM | Tuesday: 10:00 AM – 8:00 PM | Wednesday: 10:00 AM – 8:00 PM | Thursday: 10:00 AM – 8:00 PM | Friday: 10:00 AM – 8:00 PM | Saturday: 10:00 AM – 8:00 PM | Sunday: 10:00 AM – 8:00 PM,https://m.facebook.com/profile.php?id=61559605318346&name=xhp_nt__fb__action__open_user&__n=K,0,"['supermarket', 'grocery_or_supermarket', 'food', 'point_of_interest', 'store', 'establishment']","โลตัสบางปู, Tambon Bang Pu Mai, เมือง",Unknown independent grocer/super,Grocery / supermarket,"REVIEW — Independent, likely target"
ChIJ_aEHdyZFHTERr_fxEr38wfA,ChIJ_aEHdyZFHTERr_fxEr38wfA,MeowMeow,0,Chon Buri,Chon Buri,13.5082209,100.8227657,0,0,0,Active,grocery_or_supermarket,0,0,FALSE,scraped,,,,0,"['supermarket', 'grocery_or_supermarket', 'food', 'point_of_interest', 'store', 'establishment']",0,Unknown independent grocer/super,Grocery / supermarket,"REVIEW — Independent, likely target"
ChIJ4cjQDZxFHTER8ORmZpWfenA,ChIJ4cjQDZxFHTER8ORmZpWfenA,Thai Foods,"เลขที่ 182, 1, Tambon Khlong Dan",Amphoe Bang Bo,Chon Buri,13.5091496,100.8168189,4.5,40,0,Active,grocery_or_supermarket,0,0,FALSE,scraped,065 291 3474,Monday: 4:00 AM – 9:00 PM | Tuesday: 4:00 AM – 9:00 PM | Wednesday: 4:00 AM – 9:00 PM | Thursday: 4:00 AM – 9:00 PM | Friday: 4:00 AM – 9:00 PM | Saturday: 4:00 AM – 9:00 PM | Sunday: 4:00 AM – 9:00 PM,https://www.tfg.co.th/th/home,0,"['supermarket', 'grocery_or_supermarket', 'food', 'point_of_interest', 'store', 'establishment']","เลขที่ 182, 1, Tambon Khlong Dan, Amphoe Bang Bo",Unknown independent grocer/super,Grocery / supermarket,"REVIEW — Independent, likely target"
ChIJtQd9VQA3HTERqQO_QxeU8Kg,ChIJtQd9VQA3HTERqQO_QxeU8Kg,Moe wai,"F3J7+V2F, Bang Nang",Phan Thong District,Chon Buri,13.4821963,101.0625324,0,0,0,Active,grocery_or_supermarket,0,0,FALSE,scraped,,,,0,"['supermarket', 'grocery_or_supermarket', 'food', 'point_of_interest', 'store', 'establishment']","F3J7+V2F, Bang Nang, Phan Thong District",Unknown independent grocer/super,Grocery / supermarket,"REVIEW — Independent, likely target"
ChIJnZTp650nHTERDNjN2KxKctY,ChIJnZTp650nHTERDNjN2KxKctY,MBC เกาะโพธิ์,"129 ม.4 ถนน เกาะโพธิ์สามแยก, Tambon Tha Bunmi",Amphoe Ko Chan,Chon Buri,13.491109,101.27801,4,5,0,Active,grocery_or_supermarket,0,0,FALSE,scraped,,Monday: Open 24 hours | Tuesday: Open 24 hours | Wednesday: Open 24 hours | Thursday: Open 24 hours | Friday: Open 24 hours | Saturday: Open 24 hours | Sunday: Open 24 hours,,0,"['supermarket', 'grocery_or_supermarket', 'food', 'store', 'point_of_interest', 'establishment']","129 ม.4 ถนน เกาะโพธิ์สามแยก, Tambon Tha Bunmi, Amphoe Ko Chan",Unknown independent grocer/super,Grocery / supermarket,"REVIEW — Independent, likely target"
ChIJx9AM6GM1HTERdxCgByGfMhk,ChIJx9AM6GM1HTERdxCgByGfMhk,ร้าน k mart,"20000 ชลบุรี, Tambon Na Pa",Amphoe Mueang Chon Buri,Chon Buri,13.388533,101.0146642,0,0,0,Active,grocery_or_supermarket,0,0,FALSE,scraped,081 720 3237,Monday: 8:00 AM – 5:30 PM | Tuesday: 8:00 AM – 5:30 PM | Wednesday: 8:00 AM – 5:30 PM | Thursday: 8:00 AM – 5:30 PM | Friday: 8:00 AM – 5:30 PM | Saturday: 8:00 AM – 5:30 PM | Sunday: 8:00 AM – 5:30 PM,,0,"['supermarket', 'grocery_or_supermarket', 'food', 'store', 'point_of_interest', 'establishment']","20000 ชลบุรี, Tambon Na Pa, Amphoe Mueang Chon Buri",Independent mart,Mini-mart,TARGET — Independent mart
ChIJFX6zX9o1HTER3FYrnFo4RFA,ChIJFX6zX9o1HTER3FYrnFo4RFA,CP pork shop ปิดกิจการแล้ว,"ปั๊ม ปตท, Tambon Bang Sai",Amphoe Mueang Chon Buri,Chon Buri,13.3813463,100.9927922,4.8,4,0,Active,grocery_or_supermarket,0,0,FALSE,scraped,,Monday: 8:00 AM – 6:00 PM | Tuesday: 8:00 AM – 6:00 PM | Wednesday: 8:00 AM – 6:00 PM | Thursday: 8:00 AM – 6:00 PM | Friday: 8:00 AM – 6:00 PM | Saturday: 8:00 AM – 6:00 PM | Sunday: 8:00 AM – 6:00 PM,,0,"['supermarket', 'grocery_or_supermarket', 'food', 'store', 'point_of_interest', 'establishment']","ปั๊ม ปตท, Tambon Bang Sai, Amphoe Mueang Chon Buri",Unknown independent grocer/super,Grocery / supermarket,"REVIEW — Independent, likely target"
ChIJay5RYwA3HTERmKtJodEMUFo,ChIJay5RYwA3HTERmKtJodEMUFo,มีเสวี่ย อมาติโอ MIXUE amatio chill park,"ที่อยู่ 666/111, Tambon Khlong Tamru",Amphoe Mueang Chon Buri,Chon Buri,13.4177873,100.9995206,2.7,16,0,Active,grocery_or_supermarket,0,0,FALSE,scraped,096 785 9993,,,0,"['supermarket', 'grocery_or_supermarket', 'food', 'store', 'point_of_interest', 'establishment']","ที่อยู่ 666/111, Tambon Khlong Tamru, Amphoe Mueang Chon Buri",Unknown independent grocer/super,Grocery / supermarket,"REVIEW — Independent, likely target"
ChIJX7ujg9c3HTERK4E1r7o1h88,ChIJX7ujg9c3HTERK4E1r7o1h88,นมสดปั่น Tonaor,111 ตลาดนินจาอมตะ ต.หนองไม้เเดง อ.เมือง,Chon Buri,Chon Buri,13.4169657,100.9966791,5,16,0,Active,grocery_or_supermarket,0,0,FALSE,scraped,086 939 6949,Monday: Closed | Tuesday: Closed | Wednesday: 4:30 – 8:30 PM | Thursday: 4:30 – 8:30 PM | Friday: 4:30 – 10:00 PM | Saturday: 4:30 – 10:00 PM | Sunday: 4:30 – 10:00 PM,https://www.facebook.com/%E0%B8%99%E0%B8%A1%E0%B8%AA%E0%B8%94%E0%B8%9B%E0%B8%B1%E0%B9%88%E0%B8%99-322084625314064/,0,"['supermarket', 'grocery_or_supermarket', 'store', 'food', 'point_of_interest', 'establishment']",111 ตลาดนินจาอมตะ ต.หนองไม้เเดง อ.เมือง,Unknown independent grocer/super,Grocery / supermarket,"REVIEW — Independent, likely target"
ChIJsToaXU83HTERtUL_FwZ1BQo,ChIJsToaXU83HTERtUL_FwZ1BQo,ร้านส่งเมเจอร์ มาร์ท - Major Mart,"22 44, Tambon Na Pa",Amphoe Mueang Chon Buri,Chon Buri,13.4129544,101.0228311,3,2,0,Active,grocery_or_supermarket,0,0,FALSE,scraped,094 826 8628,Monday: 9:00 AM – 10:00 PM | Tuesday: 9:00 AM – 10:00 PM | Wednesday: 9:00 AM – 10:00 PM | Thursday: 9:00 AM – 10:00 PM | Friday: 9:00 AM – 10:00 PM | Saturday: 9:00 AM – 10:00 PM | Sunday: 9:00 AM – 10:00 PM,,0,"['supermarket', 'grocery_or_supermarket', 'store', 'food', 'point_of_interest', 'establishment']","22 44, Tambon Na Pa, Amphoe Mueang Chon Buri",Independent mart,Mini-mart,TARGET — Independent mart
ChIJUY_O74M2HTERqDCzgysel-E,ChIJUY_O74M2HTERqDCzgysel-E,Panchari Shop,"38/12 Moo 11, Santikasem Road, Tambon Na Pa, Amphoe Muang Chon Buri, Chon Buri",20000,Chon Buri,13.398345,101.032441,0,0,0,Active,grocery_or_supermarket,0,0,FALSE,scraped,038 055 655,,,0,"['supermarket', 'grocery_or_supermarket', 'store', 'food', 'point_of_interest', 'establishment']","38/12 Moo 11, Santikasem Road, Tambon Na Pa, Amphoe Muang Chon Buri, Chon Buri, 20000",Independent shop / mart,Mini-mart,TARGET — Likely independent
ChIJSSpRIeZbHTERTqcUwDdmQK4,ChIJSSpRIeZbHTERTqcUwDdmQK4,CP Freshmart,"66/66 หมู่ที่ 11, ตำบล บางปลา",อำเภอบางพลี,Chon Buri,13.5707071,100.720486,4.2,88,0,Active,grocery_or_supermarket,0,0,FALSE,scraped,083 988 9868,Monday: 7:00 AM – 10:00 PM | Tuesday: 7:00 AM – 10:00 PM | Wednesday: 7:00 AM – 10:00 PM | Thursday: 7:00 AM – 10:00 PM | Friday: 7:00 AM – 10:00 PM | Saturday: 7:00 AM – 10:00 PM | Sunday: 7:00 AM – 10:00 PM,http://www.cpfreshmartshop.com/,0,"['supermarket', 'grocery_or_supermarket', 'store', 'point_of_interest', 'food', 'establishment']","66/66 หมู่ที่ 11, ตำบล บางปลา, อำเภอบางพลี",Independent mart,Mini-mart,TARGET — Independent mart
ChIJM-5lEsZbHTERnFnRGkFLaoY,ChIJM-5lEsZbHTERnFnRGkFLaoY,"World Spray Technology and Designs Co.,Ltd","51 17, Tambon Bang Pla",Amphoe Bang Phli,Chon Buri,13.5666948,100.7198472,4.8,4,0,Active,grocery_or_supermarket,0,0,FALSE,scraped,081 720 4699,Monday: 9:00 AM – 5:00 PM | Tuesday: 9:00 AM – 5:00 PM | Wednesday: 9:00 AM – 5:00 PM | Thursday: 9:00 AM – 5:00 PM | Friday: 9:00 AM – 5:00 PM | Saturday: Closed | Sunday: Closed,,0,"['supermarket', 'grocery_or_supermarket', 'store', 'point_of_interest', 'food', 'establishment']","51 17, Tambon Bang Pla, Amphoe Bang Phli",Unknown independent grocer/super,Grocery / supermarket,"REVIEW — Independent, likely target"
ChIJDRyaLwBbHTERgxn3iJtnIos,ChIJDRyaLwBbHTERgxn3iJtnIos,โลตัสโกเบสเคหะบางพลี 3store 2814,"HQJR+3M4, Soi Kheha Bang Phli 3, Tambon Bang Sao Thong",Amphoe Bang Sao Thong,Chon Buri,13.5801463,100.7917011,0,0,0,Active,grocery_or_supermarket,0,0,FALSE,scraped,,,,0,"['supermarket', 'grocery_or_supermarket', 'food', 'point_of_interest', 'store', 'establishment']","HQJR+3M4, Soi Kheha Bang Phli 3, Tambon Bang Sao Thong, Amphoe Bang Sao Thong",Independent store,Mini-mart / grocer,TARGET — Independent store
ChIJGR2F_6E5HTER3yzFeDN4EBE,ChIJGR2F_6E5HTER3yzFeDN4EBE,K Supermart,"47/25-29, ท่าสะอ้าน",Amphoe Bang Pakong,Chon Buri,13.5614977,100.99622,0,0,0,Active,grocery_or_supermarket,0,0,FALSE,scraped,062 848 9989,Monday: 7:00 AM – 10:00 PM | Tuesday: 7:00 AM – 10:00 PM | Wednesday: 7:00 AM – 10:00 PM | Thursday: 7:00 AM – 10:00 PM | Friday: 7:00 AM – 10:00 PM | Saturday: 7:00 AM – 10:00 PM | Sunday: 7:00 AM – 10:00 PM,,0,"['supermarket', 'grocery_or_supermarket', 'food', 'point_of_interest', 'store', 'establishment']","47/25-29, ท่าสะอ้าน, Amphoe Bang Pakong",Independent mart,Mini-mart,TARGET — Independent mart
ChIJoa_D2vM4HTERhVUp6IYMwTs,ChIJoa_D2vM4HTERhVUp6IYMwTs,A hundred styles,"G2Q5+H84, Khao Din",Bang Pakong District,Chon Buri,13.5388994,101.0083201,3.8,5,0,Active,grocery_or_supermarket,0,0,FALSE,scraped,086 339 9545,Monday: 8:00 AM – 11:00 PM | Tuesday: 8:00 AM – 11:00 PM | Wednesday: 8:00 AM – 11:00 PM | Thursday: 8:00 AM – 11:00 PM | Friday: 8:00 AM – 11:00 PM | Saturday: 8:00 AM – 11:00 PM | Sunday: 8:00 AM – 11:00 PM,,0,"['supermarket', 'grocery_or_supermarket', 'food', 'point_of_interest', 'store', 'establishment']","G2Q5+H84, Khao Din, Bang Pakong District",Unknown independent grocer/super,Grocery / supermarket,"REVIEW — Independent, likely target"
ChIJmXQUTFVFHTER1k1UN1Cyp0c,ChIJmXQUTFVFHTER1k1UN1Cyp0c,Sharifshop2024,"128, 8",Amphoe Bang Bo,Chon Buri,13.5727455,100.8391683,0,0,0,Active,grocery_or_supermarket,0,0,FALSE,scraped,097 125 9101,Monday: 8:00 AM – 7:00 PM | Tuesday: 8:00 AM – 7:00 PM | Wednesday: 8:00 AM – 7:00 PM | Thursday: 8:00 AM – 7:00 PM | Friday: 8:00 AM – 7:00 PM | Saturday: 6:00 AM – 7:00 PM | Sunday: 8:00 AM – 7:00 PM,,0,"['supermarket', 'grocery_or_supermarket', 'food', 'point_of_interest', 'store', 'establishment']","128, 8, Amphoe Bang Bo",Independent shop / mart,Mini-mart,TARGET — Likely independent
ChIJDcepPNZFHTER-y6QS_8xUiM,ChIJDcepPNZFHTER-y6QS_8xUiM,BiGBoSS BangBo,"HRJP+8HW, Bang Bo",Bang Bo District,Chon Buri,13.5808327,100.8365801,0,0,0,Active,grocery_or_supermarket,0,0,FALSE,scraped,,,,0,"['supermarket', 'grocery_or_supermarket', 'food', 'point_of_interest', 'store', 'establishment']","HRJP+8HW, Bang Bo, Bang Bo District",Unknown independent grocer/super,Grocery / supermarket,"REVIEW — Independent, likely target"
ChIJhSR3AyZFHTER4M9Y9ZbYL30,ChIJhSR3AyZFHTER4M9Y9ZbYL30,BY PASS plaza บางบ่อ,"99, 9, Tambon Bang Bo",Amphoe Bang Bo,Chon Buri,13.5821996,100.8343451,0,0,0,Active,grocery_or_supermarket,0,0,FALSE,scraped,081 699 1132,Monday: Open 24 hours | Tuesday: Open 24 hours | Wednesday: Open 24 hours | Thursday: Open 24 hours | Friday: Open 24 hours | Saturday: Open 24 hours | Sunday: Open 24 hours,https://www.facebook.com/profile.php?id=61558930692387&mibextid=LQQJ4d,0,"['supermarket', 'grocery_or_supermarket', 'store', 'point_of_interest', 'food', 'establishment']","99, 9, Tambon Bang Bo, Amphoe Bang Bo",Unknown independent grocer/super,Grocery / supermarket,"REVIEW — Independent, likely target"
