store_id,store_name,address,postal_code,city,account,district,region,lat,lng,category,annual_sales_usd,lines_per_store,fsm,sr,rating,review_count,price_level,place_id,phone,opening_hours,website,enrichment_attempted
700_A007,AMSATH STORE,"NO. 81  TAMAN BUNGA SEJATI, JALAN KUALA SAWAH",-,71200 RANTAU  NSDK.,Others,CENTRAL,CENTRAL,2.645616055,101.9477768,SPV,770.56,9.4,33060,COMRB13,,,,,,,,
700_A013,ANANTHA STORE,"NO. 173  PALONG 1, 73440 GEMAS  NSDK.",73440,,Others,CENTRAL,CENTRAL,2.690206766,102.5698929,SPV,871.26,6.6,33060,COMRB12,,,,,,,,
700_A015,AMPANGAN FAMILY STORE SDN BHD,"NO. 115-116-117, LORONG CENGAL UTAMA",70400,1/1 TAMAN CENGAL UTAMA,FS,CENTRAL,CENTRAL,2.725957394,101.9931488,LPV,31649.08,27.2,33060,COMRB16,,,,,,,,
700_A016,ARABIAH MINI MARKET (CAWANGAN),"NO. 33 JALAN BUNGA RAYA 25, TAMAN TASIK JAYA",70400,,Others,CENTRAL,CENTRAL,2.714928,101.994034,SPV,502.49,6.8,33060,COMRB16,,,,,,,,
700_A020,PASAR MINI AR SENAWANG INDAH,"NO.72 JALAN ORKID2, TAMAN SENAWANG INDAH 2",-,70400 SENAWANG . NSDK,Others,CENTRAL,CENTRAL,2.694987297,101.9992142,SPV,1466.58,10.2,33060,COMRB16,,,,,,,,
700_A023,ARMAN BIN AB. RAHIM,"KEDAI NO. 14(F)   JELAI KOMPLEK, 73480 GEMAS  NSDK.",73480,,Others,CENTRAL,CENTRAL,2.647451639,102.4862289,SPV,933.49,7.4,33060,COMRB12,,,,,,,,
700_A027,ABDUL ARIS HASSAN GARISAN LINTANG ENT.,"NO. 1  SIMPANG TIGA, GEDONG LALANG 162",-,AMPANGAN  SEREMBAN  NSDK.,Others,CENTRAL,CENTRAL,2.7225945,101.9719849,SPV,922.22,3,33060,COMRB16,,,,,,,,
700_A045,ANTHONY MINI MARKETPD,"PT 1100 176  JLN DS 1/12, BANDAR DATARAN SEGAR",71000,71000 PORT DICKSON NSDK.,Others,CENTRAL,CENTRAL,2.560572386,101.8140793,SPV,275.89,8,33060,COMRB13,,,,,,,,
700_A046,AZLIE BIN OMAR K/R RUMAH RAKYAT,"NO 1 GERAI MDPD RUMAH RAKYAT, TELOK PELANDUK PASIR PANJANG",-,71250 PASIR PANJANG NSDK,Others,CENTRAL,CENTRAL,2.420506,101.88575,SPV,333.72,8.2,33060,COMRB13,,,,,,,,
700_A057,MD AGRICULTURAL ENTERPRISE (700-M224),"NO 12,TAPAK GERAI FELDA LUI TIMUR,, 72120 BANDAR SERI JEMPOL,NSDK",72120,,Others,CENTRAL,CENTRAL,3.065259,102.407943,SPV,1624,12.6,33060,COMRB12,,,,,,,,
700_A068,AKUDIA ENTERPRISEPETRONAS,"LOT 1682 JALAN SENAWANG PAROI, MUKIM AMPANGAN",70400,70400 SEREMBAN NEGERI SEMBILAN.,Others,CENTRAL,CENTRAL,2.709632158,101.9790649,PMS,-416.93,3.4,33060,COMRB16,,,,,,,,
700_A070,AVILLION HOTEL PORT DICKSON,BATU 3  JALAN PANTAI,71000,,Others,CENTRAL,CENTRAL,2.506170034,101.8327408,OTH,0,0,33060,COMRB13,,,,,,,,
700_A079,AIVINN ENTERPRISE,"NO.3 JALAN PS 1/5, TAMAN PINGGIRAN SENAWANG",71450,71450 SG. GADUT  SEREMBAN.,Others,CENTRAL,CENTRAL,2.65339756,101.9947128,SPV,188.53,5.2,33060,COMRB16,,,,,,,,
700_A097,A.LETCHU ENTERPISE,"NO.31G  JLN COCO DRIVE 2, TAMAN BANDAR SENAWANG",70450,,Others,CENTRAL,CENTRAL,2.693253279,102.0004578,SPV,1073.82,8.2,33060,COMRB16,,,,,,,,
700_B002,BP CURRY HOUSE MISIRIYA S/B,"NO. 5&6  JALAN BESAR LENGGENG, 71750 LENGGENG  NSDK.",71750,,Others,CENTRAL,CENTRAL,2.855175018,101.9420395,SPV,4491.57,18.4,33060,COMRB17,,,,,,,,
700_B003,BALAN M/M,"NO. 75A  JALAN LAMA, 71000 PORT DICKSON  NSDK.",71000,,Others,CENTRAL,CENTRAL,2.525771379,101.7957611,SPV,1549.75,14,33060,COMRB13,,,,,,,,
700_B007,BISMILLAH STORE JLN BUNGA RAYA,"NO. 280  BLOCK C, JALAN BUNGA RAYA",70400,70400 SEREMBAN  NSDK.,Others,CENTRAL,CENTRAL,2.720135689,101.9586563,SPV,3536.35,8.6,33060,COMRB16,,,,,,,,
700_B009,BAHAU PHARMACY SDN. BHD. CAW K.KLAWANG,"NO. 10 JALAN DATO ABDULLAH, 71600 KUALA KLAWANG NSDK.",71600,,Others,CENTRAL,CENTRAL,2.939145565,102.0701904,OTH,1316.81,8.8,33060,COMRB17,,,,,,,,
700_B010,BAN SING SUNDRY GOODS &HARDWARE,"132  JALAN DATO MOYANG SALLEH, 71600 KUALA KLAWANG  JELEBU",71600,NEGERI SEMBILAN DARUL KHUSUS.,Others,CENTRAL,CENTRAL,2.941158056,102.0707703,SPV,2313.97,8.4,33060,COMRB17,,,,,,,,
700_B019,KEDAI RUNCIT NUURASYRAF (700-K042),"NO. 710  TAMAN BUKIT MUTIARA, 20/1 TEMIANG",-,70200 SEREMBAN  NSDK.,Others,CENTRAL,CENTRAL,2.76544,101.928043,SPV,0,0,33060,COMRB17,,,,,,,,
700_B022,BAN Y MINI MARKET,"NO. 5  TAMAN PATIN INDAH, MAMBAU  70300 SEREMBAN  NSDK.",-,,Others,CENTRAL,CENTRAL,2.670722723,101.9208298,SPV,1437.18,7.8,33060,COMRB13,,,,,,,,
700_B023,SYARIKAT PERNAIGAAN BAN CHEONG,"NO. 93  MAIN ROAD, SUNGAI PELEK  SELANGOR.",70000,,Others,CENTRAL,CENTRAL,2.642985106,101.7171555,CMH,254.97,6.2,33060,COMRB10,,,,,,,,
700_B040,B FAMILY MART S/B(ZEMART),"NO.159-168LORONG DALAM 6, TMN DATO LELA MAHARAJA",71300,PEKAN CHEMBONG,ZEMART,CENTRAL,CENTRAL,2.597952604,102.0728989,SMT,106374.97,44.8,33060,COMRB16,,,,,,,,
700_B096,1 BABA STORE SDN BHD (MAIN),"B-G-2 TO 15  BLOCK B JALAN 6/2, TAMAN CEMPAKAPURI 4",71800,,Others,CENTRAL,CENTRAL,2.7991364,101.7693405,SPV,179.85,3.2,33060,COMRB10,,,,,,,,
700_C003,CHEOON PAK TRADING,"NO. 312  TAMAN SURIA, JALAN TUN DR ISMAIL",70200,70200 SEREMBAN  NSDK.,Others,CENTRAL,CENTRAL,2.739279032,101.9260178,CMH,619.74,3.8,33060,COMRB17,,,,,,,,
700_C004,CHONG TRADING CO,"NO. 19/5 TAMAN DESA TEMIANG, 70200 SEREMBAN NSDK.",70200,,Others,CENTRAL,CENTRAL,,,WHS,-1714.31,5.4,33060,COMRB07,,,,,,,,
700_C005,CHEOON LIN SDN. BHD.,"NO. 35  JALAN DR.KRISHNAN, 70000 SEREMBAN  NSDK.",70000,,Others,CENTRAL,CENTRAL,2.727594,101.937496,CMH,265.27,4.2,33060,COMRB16,,,,,,,,
700_C006,YAN TUCK SDN BHD-Y068,"9  JALAN DATO ABDUL RAHMAN, 70100 SEREMBAN  NSDK.",70100,,Others,CENTRAL,CENTRAL,2.726543903,101.9374008,CMH,1326.29,4.4,33060,COMRB16,,,,,,,,
700_C012,KEDAI CHENG YEE CHOY,"NO. 3403  AIR KUNING, 71200 RANTAU  NSDK.",71200,,Others,CENTRAL,CENTRAL,2.548638582,101.9753952,SPV,774.65,9,33060,COMRB13,,,,,,,,
700_C013,CHOA ENG HONG,"NO. 3  JALAN BESAR, KUALA SAWAH  NSDK.",-,,Others,CENTRAL,CENTRAL,2.625403881,101.9489746,SPV,684.93,7.8,33060,COMRB13,,,,,,,,
700_C015,CHEONG CHUAN SANG MED HALL,"NO. 54  JALAN BESAR, 71700 MANTIN  NSDK.",71700,,Others,CENTRAL,CENTRAL,2.82331562,101.8931732,CMH,546.05,3.8,33060,COMRB17,,,,,,,,
700_C019,CHUAN CHOON SENG,"NO. 09  JALAN BESAR, 71750 LENGGENG  NSDK.",71750,,Others,CENTRAL,CENTRAL,2.855503082,101.9419556,SPV,562.21,7.4,33060,COMRB17,,,,,,,,
700_C022,CHEOON SIN TRADING,"NO. 248  JALAN BESAR, 71800 NILAI  NSDK.",71800,,Others,CENTRAL,CENTRAL,2.801651716,101.796936,CMH,270.06,7,33060,COMRB10,,,,,,,,
700_C025,CHOP NEO GUAN CHUAN,"NO 63  PT 4180  TAMAN ORKID FASA 2, BT 9 1/2   JALAN PANTAI",71050,71050 SI RUSA  PD,Others,CENTRAL,CENTRAL,2.434320927,101.8631363,CMH,237.8,7.8,33060,COMRB13,,,,,,,,
700_C030,CHIN MEE,"NO. 17 JALAN BESAR, 43900 SEPANG SELANGOR.",43900,,Others,CENTRAL,CENTRAL,2.6900599,101.7511215,SPV,766.85,7.6,33060,COMRB10,,,,,,,,
700_C042,CHOP LEE HING,"NO. 28 TAMAN DUSUN SETIA, 70100 SEREMBAN NSDK.",70100,,Others,CENTRAL,CENTRAL,2.715213299,101.9611816,SPV,331.52,7.2,33060,COMRB16,,,,,,,,
700_C044,CHOP SHING LOONG,"NO. 88  SG. MUNTOH, 71600 TITI  NSDK.",71600,,Others,CENTRAL,CENTRAL,3.021359205,102.0816956,SPV,684.36,5.8,33060,COMRB17,,,,,,,,
700_C045,HUP SENG SHOPPING CENTRE,"NO. 9  JALAN DATO ABDULLAH, 71600 KUALA KLAWANG  JELEBU",71600,NSDK,Others,CENTRAL,CENTRAL,2.939170837,102.0702438,SPV,990.85,10.2,33060,COMRB17,,,,,,,,
700_C050,CHING POH & RAKAN,"3RD. MILE KUALA PILAH ROAD, AMPANGAN 70400  SEREMBAN",-,NSDK,Others,CENTRAL,CENTRAL,2.727003574,101.9745178,SPV,583.37,5,33060,COMRB16,,,,,,,,
700_C051,CHAN LAI MINI MARKET,"NO. 109  KG. LADANG GEDDES, 72100 BAHAU  NSDK.",72100,,Others,CENTRAL,CENTRAL,2.857861757,102.5222321,SPV,924.23,9.2,33060,COMRB12,,,,,,,,
700_C052,CHOP KWONG LOONGBAHAU,"NO. 170 BAKAR BATU, 72100 BAHAU NSDK.",72100,,Others,CENTRAL,CENTRAL,2.804673195,102.4021225,WHS,51366.18,1,33060,COMRB12,,,,,,,,
700_C055,CHOP SOON JOO,"NO. 11  SRI MENANTI, 71550 KUALA PILAH  NSDK.",71550,,Others,CENTRAL,CENTRAL,2.698724985,102.1623917,SPV,897.1,5.8,33060,COMRB12,,,,,,,,
700_C057,CHOP KOK THYE,"NO. 803  PEKAN  JUASSEH, 72000 KUALA PILAH  NSDK.",72000,,Others,CENTRAL,CENTRAL,2.786444902,102.2993164,SPV,617.12,4.6,33060,COMRB12,,,,,,,,
700_C058,LEONG JOO TRADING,"NO. 799  PEKAN JUASSEH, 72000 KUALA PILAH  NSDK.",72000,,Others,CENTRAL,CENTRAL,2.78651166,102.2991333,SPV,224.86,6.6,33060,COMRB12,,,,,,,,
700_C059,CHOP YEE SENGBATU KIKIR,"NO. 5  JALAN BERINGIN 2, BATU KIKIR  NSDK.",-,,Others,CENTRAL,CENTRAL,2.831082821,102.3174896,SPV,351.86,5.4,33060,COMRB12,,,,,,,,
700_C067,CHOP WAH HIN,"NO. 7 PEKAN DESA PERMAI, SIMPANG DURIAN  NSDK.",-,,Others,CENTRAL,CENTRAL,3.097944975,102.2188797,SPV,620.15,5.8,33060,COMRB12,,,,,,,,
700_C085,CHOP TECK KIN,"NO. 5  JALAN BESAR PERTANG, 72300 SIMPANG PERTANG  NSDK.",72300,,Others,CENTRAL,CENTRAL,2.961070776,102.2191772,SPV,579.19,5.8,33060,COMRB12,,,,,,,,
700_C092,CHOP KONG LEE,"NO. 142 JALAN BESAR, 42800 TANJUNG SEPAT",42800,SELANGOR DARUL EHSAN,Others,CENTRAL,CENTRAL,2.662173271,101.5578995,SPV,299.58,5.2,33060,COMRB10,,,,,,,,
700_C094,MY CF TRADING,"NO 1030  LRG SRI PULAI 38/3, TAMAN SRI PULAI 3",70400,,Others,CENTRAL,CENTRAL,2.750230789,101.9476166,WHS,70.62,0.6,33060,COMRB17,,,,,,,,
700_C097,CHOP CHIN HUATJOHOL,"NO. 45  JALAN BESAR, 73100 JOHOL  NSDK.",73100,,Others,CENTRAL,CENTRAL,2.600783587,102.2636642,SPV,1321.3,7,33060,COMRB12,,,,,,,,
700_C101,CHO YU KIA @ CHEW YU KIA,"NO. 126 KG. SEPANG JAYA, SEPANG SELANGOR.",74111,,Others,CENTRAL,CENTRAL,2.687269926,101.7492294,SPV,314.78,8.4,33060,COMRB10,,,,,,,,
700_C102,CHIA BERJAYA ENTERPRISE,"NO. 1  JALAN RASA SAYANG 1, TAMAN RASA SAYANG",-,JALAN TAMPIN,Others,CENTRAL,CENTRAL,2.68228507,102.2780457,SPV,1784.05,10,33060,COMRB12,,,,,,,,
700_C105,CHOP HIAP HUATTANJONG SEPAT,"NO. 173 JALAN BESAR, 42800 TANJONG SEPAT",42800,SELANGOR DARUL EHSAN.,Others,CENTRAL,CENTRAL,2.661783218,101.5586548,SPV,388.72,8.8,33060,COMRB10,,,,,,,,
700_C107,CHOP YING SANG,"NO. 40  LORONG 2, TAMAN SORNAM",72100,72100 BAHAU  NSDK.,Others,CENTRAL,CENTRAL,2.807163239,102.3894348,WHS,140.28,1.2,33060,COMRB12,,,,,,,,
700_C115,CHOP NAM HUAT,"NO.28 MAIN ROAD, 73100 JOHOL   NSDK",73100,,Others,CENTRAL,CENTRAL,2.600461721,102.263382,SPV,256.02,5,33060,COMRB12,,,,,,,,
700_C136,CHONG HING WAH,"LOT 2269  TAMAN LUKUT, 71010 LUKUT",71010,PORT DICKSON  NSDK.,Others,CENTRAL,CENTRAL,2.566300392,101.8287201,SPV,1295.1,8.2,33060,COMRB13,,,,,,,,
700_C137,SEON REE LOONG MINI MARKET,"NO. 17  TAMAN SERI PERTANG, 72300 SIMPANG PERTANG  NSDK.",72300,,Others,CENTRAL,CENTRAL,2.945103884,102.256546,SPV,1701.57,10.2,33060,COMRB12,,,,,,,,
700_C151,CASH,SEREMBAN,70200,,Others,CENTRAL,CENTRAL,,,CASH,0,0,33060,COMRB07,,,,,,,,
700_C154,CEMPAKA SPEED MART,"NO. 160 JALAN BESAR RANTAU, 71200 RANTAU NSDK.",71200,RECEIVING:MON-THUR BEFORE 5PM  FRI OFF,Others,CENTRAL,CENTRAL,2.585777998,101.9616623,SPV,2178.24,16,33060,COMRB13,,,,,,,,
700_C179,CHEAN YUAN MINI MARKET,"NO 513 FELDA PALONG 5, 73430 GEMAS",73430,NEGERI SEMBILAN.,Others,CENTRAL,CENTRAL,2.748173237,102.6467285,SPV,1156.56,8.2,33060,COMRB12,,,,,,,,
700_C190,CFK MARKETING SDN BHD,"NO.11  JALAN LOMBONG EMAS 13, TMN PERINDUSTRIAN RINGAN",70200,JALAN TUN DR. ISMAIL,Others,CENTRAL,CENTRAL,,,WHS,-528.47,0,33060,COMRB07,,,,,,,,
700_C201,CHAI YIT FASHION SDN BHD,"PT28  TINGKAT 1  JALAN SAUJANA, TAMAN SAUJANA",73500,ROMPIN  NSDK,Others,CENTRAL,CENTRAL,2.70636487,102.5029984,OTH,186.19,5.8,33060,COMRB12,,,,,,,,
700_D001,DELONIX CORPORATION S/B (W),"NO. 25 JALAN SIOW LOONG HIN, 70000 SEREMBAN NSDK.",70000,,Others,CENTRAL,CENTRAL,2.728143215,101.9392395,WHS,73105.5,8.2,33060,COMRB16,,,,,,,,
700_D006,DUO YUAN TRADING,"NO. 125  KEMAYAN SQUARE, 70200 SEREMBAN  NSDK.",70200,,Others,CENTRAL,CENTRAL,2.717899323,101.9239349,SPV,432.61,5.8,33060,COMRB16,,,,,,,,
700_D008,SHAHROM B.MOHD SHAH(700-S446),"KEDAI NO. 2  JALAN UTAMA, FELDA PASOH 1  72300 SIMPANG",72300,PERTANG  NSDK.,Others,CENTRAL,CENTRAL,3.017068,102.267409,SPV,34.19,6.4,33060,COMRB12,,,,,,,,
700_D016,DALWN ENT.ESSO PERSIARAN SENAWANG,"PT16862TMN SRI PAGI, 70450 SENAWANGNSDK.",70450,,Others,CENTRAL,CENTRAL,2.705991745,101.9877167,PMS,198.71,4.8,33060,COMRB16,,,,,,,,
700_D040,DKG MULTIMART,"NO.43-44   PEKAN MAMBAU, 70300 SEREMBAN.NSDK",70300,,Others,CENTRAL,CENTRAL,2.666100979,101.9182053,SPV,447.06,7.2,33060,COMRB13,,,,,,,,
700_E002,ENG GUAN JOO,"NO. 14  JALAN BESAR PEKAN ULU, 43700 BERANANG  SELANGOR.",43700,( 170KG),Others,CENTRAL,CENTRAL,2.89572978,101.9276428,SPV,1654.74,5.8,33060,COMRB17,,,,,,,,
700_E007,E.F. MINI MARKET,"NO. 7  LORONG MERBOK 6/1, TAMAN BUNGA BLOSSOM",-,70100 SEREMBAN  NSDK.,Others,CENTRAL,CENTRAL,2.691421362,101.9498462,SPV,204.63,5.2,33060,COMRB13,,,,,,,,
700_E008,ENG HING LEONG,"NO. 805  RUMAH KEDAI JUASSEH, BANDAR BARU JUASSEH",72500,NEGERI SEMBILAN.,Others,CENTRAL,CENTRAL,2.78679204,102.2992096,SPV,1120.01,6,33060,COMRB12,,,,,,,,
700_E017,ENG HOO MINI MARKET (E059),"NO. 7-8  BATU 10  KEPIS, 73100 JOHOL  NSDK.",73100,,Others,CENTRAL,CENTRAL,2.70623827,102.3670349,SPV,1490.48,9.2,33060,COMRB12,,,,,,,,
700_E029,ESKAY TRADING SERVICESPETRONAS,"LOT 726&727JLN S'BAN-K.PILAH, AMPANGAN 2",-,SEREMBANNSDK.,Others,CENTRAL,CENTRAL,2.717316628,102.0112839,PMS,308.06,5.4,33060,COMRB16,,,,,,,,
700_E030,ESSO LUKUT FILLING STATIONS/M WIRA,"LOT 8776BATU 3JLN SEREMBAN, 71010 LUKUT",71010,PORT DICKSONNSDK.,Others,CENTRAL,CENTRAL,2.560748,101.813406,PMS,233.49,6.8,33060,COMRB13,,,,,,,,
700_E033,ELLA CASH & CARRY NILAI,"NO.35JLN BESAR, 71800 NILAINSDK.",71800,,Others,CENTRAL,CENTRAL,2.801525116,101.7950516,SPV,388.91,7.6,33060,COMRB10,,,,,,,,
700_E036,E MINIMART,"NO 95   JALAN RASAH, 70300 SEREMBAN",70300,NEGERI SEMBILAN.,Others,CENTRAL,CENTRAL,2.700005054,101.9394302,SPV,0,0,33060,COMRB13,,,,,,,,
700_E041,ENTRADE VENTURES -MOBIL BAHAU,"LOT 488 JALAN JUASSEH, BAHAU. NSDK",72100,,Others,CENTRAL,CENTRAL,2.806445599,102.3798218,PMS,208.71,4.6,33060,COMRB12,,,,,,,,
700_F002,FAMILY STORE,"NO. 3387-3390 JALAN RJ 6/1, TAMAN RASAH JAYA",70300,,FS,CENTRAL,CENTRAL,2.680122614,101.9476547,LPV,30757.8,35.8,33060,COMRB13,,,,,,,,
700_F009,FUK HIN LOONG,"NO. 39  TANJUNG IPOH, 72100 KUALA PILAH  NSDK.",72100,,Others,CENTRAL,CENTRAL,2.741488218,102.1849518,SPV,286.1,4,33060,COMRB12,,,,,,,,
700_F012,FU KHING TRADING,"NO. 3  TAMAN SRI PAGI, KAWASAN SENAWANG",-,70450 SEREMBAN  NSDK.,Others,CENTRAL,CENTRAL,2.706068516,101.9882889,SPV,20.48,0.6,33060,COMRB16,,,,,,,,
700_F031,FARMASI WANGSA SDN. BHD.,"34 JLN DATO LEE FOONG YEE, 70000 SEREMBAN NSDK.",70000,,Others,CENTRAL,CENTRAL,2.724697113,101.937973,OTH,232.73,6.2,33060,COMRB16,,,,,,,,
700_F040,FFM FARMS SDN. BHD.,"LOT 2100 & 765  MUKIM LINGGI, DAERAH PORT DICKSON  NSDK.",71000,,Others,CENTRAL,CENTRAL,2.508421421,101.957428,OTH,0,0,33060,COMRB13,,,,,,,,
700_F058,FRESH N CONVENIENT RETAIL (REMBAU) S/B,"36-39 TAMAN REMBAU JAYA, 71300 REMBAU",71300,NEGERI SEMBILAN.,FNC,CENTRAL,CENTRAL,2.593744516,102.0785828,LPV,9758.98,16.2,33060,COMRB16,,,,,,,,
700_F073,FAHALIFF ENTERPRISE,"LOT 5 (PT 3654) JALAN NILAI 7/2, KAWASAN PERINDUSTRIAN NILAI",71800,,Others,CENTRAL,CENTRAL,2.847870111,101.8147964,SPV,287.85,5.8,33060,COMRB17,,,,,,,,
700_F081,FO ONN TRADING,NO.69 JALAN BESAR  DANGI,73100,,Others,CENTRAL,CENTRAL,2.64416337,102.3214569,SPV,563.67,6.4,33060,COMRB12,,,,,,,,
700_G003,GUAN HIN (MAMBAU),"1-A JALAN BESAR MAMBAU, 71300 MAMBAU NSDK.",71300,,Others,CENTRAL,CENTRAL,2.668682337,101.9226227,SPV,305.88,6.2,33060,COMRB13,,,,,,,,
700_G012,G.U.S. (NILAI) SDN. BHD,"LOT PT 9979-9983, PUTRA POINT PHASE 2A",71800,JALAN BBN 1/3L 71800 NILAI,Others,CENTRAL,CENTRAL,2.821091413,101.7934875,LPV,35340.12,49.6,33060,COMRB10,,,,,,,,
700_G018,GOLDEN CENTURY FROZEN FOOD,"NO. 32  JALAN PASAR BARU, 71000 PORT DICKSON  NSDK.",71000,,Others,CENTRAL,CENTRAL,2.526410103,101.7971115,SPV,320.51,7.6,33060,COMRB13,,,,,,,,
700_G019,GUAN SENG DANGI,"NO. 123  PEKAN DANGI, 73100 JOHOL  NSDK.",73100,,Others,CENTRAL,CENTRAL,2.645249128,102.3240204,SPV,848.72,8.2,33060,COMRB12,,,,,,,,
700_G025,KEDAI RUNCIT CHAN WEN AUN GAN SOH GOH,"NO. 205  FELDA PALONG 3, 73450 GEMAS  NSDK.",73450,,Others,CENTRAL,CENTRAL,2.677639961,102.6168137,SPV,362.07,3.8,33060,COMRB12,,,,,,,,
700_G042,GEDUNG SRI MINANG S/B,"LOT 3702 & 3729, JLN TUNG YEN",-,72000 KUALA PILAHNSDK.,Others,CENTRAL,CENTRAL,2.739282608,102.2473221,SPV,15162.57,24.6,33060,COMRB12,,,,,,,,
700_G045,GASING MEWAH ENTERPRISE PETRONAS,"KM 274-4 LEBUHRAYA K.L -S'BAN, ARAH SELATAN (R&R) 70700 S'BAN",-,NEGERI SEMBILAN.,Others,CENTRAL,CENTRAL,2.763311625,101.8313446,PMS,127.4,1.8,33060,COMRB10,,,,,,,,
700_G046,GANGGA STORE,"LOT 55  JALAN BESAR, TAMPIN LINGGI",-,71150 LINGGI  PORT DICKSON.,Others,CENTRAL,CENTRAL,2.517366886,101.9965439,SPV,279.25,6,33060,COMRB13,,,,,,,,
700_G054,GREEN NATURE CONCEPT SBCALTEX,"NO.118 TMN INDUSTRI BAHAU, 72100 BAHAU NSDK",72100,,Others,CENTRAL,CENTRAL,2.810686588,102.4139633,PMS,14.92,0.6,33060,COMRB12,,,,,,,,
700_G058,GEDUNG MINI MINANG SDN BHD,"NO.218 & 219   JLN SERTING UTAMA 4/3, PUSAT PERNIAGAAN BANDAR SRI JEMPOL",-,72120 JEMPOL  NSDK,Others,CENTRAL,CENTRAL,2.892738342,102.4073334,SPV,6780.45,27.6,33060,COMRB12,,,,,,,,
700_G060,GEDUNG SRI MINANG (BATU KIKIR ) SDN BHD,"PT093-PT098   PEKAN BATU KIKIR, DAERAH JEMPOL",-,72200 BATU KIKIR   NSDK,Others,CENTRAL,CENTRAL,2.826712847,102.3180695,SPV,8381.68,25.8,33060,COMRB12,,,,,,,,
700_G061,GALENA FAMILY STORE SDN BHD,"15-18 JALAN JASPER JAYA 1, TAMAN JASPER JAYA",-,70200 SEREMBAN . NSDK,FS,CENTRAL,CENTRAL,2.726059914,101.912178,LPV,42010.49,38.8,33060,COMRB13,,,,,,,,
700_G066,GJT MOHAN ENTERPRISE,"NO 36  JALAN BESAR PAJAM, 71700 MANTIN",71700,NEGERI SEMBILAN.,Others,CENTRAL,CENTRAL,2.845737934,101.8477936,SPV,192.01,5,33060,COMRB17,,,,,,,,
700_G068,GENGKA MINI MART,"NO.1 (LOT 6020) JLN SPRINGHILL 2B, BANDAR SPRINGHILL",71000,,Others,CENTRAL,CENTRAL,2.60214448,101.8713074,SPV,500.41,5.4,33060,COMRB13,,,,,,,,
700_H011,CHOP HUP HUAT,"NO. 270-271  JALAN LAMA, 71000 PORT DICKSON  NSDK.",71000,,Others,CENTRAL,CENTRAL,2.527353048,101.7985764,SPV,405.58,9.6,33060,COMRB13,,,,,,,,
700_H017,PASAR MINI HUP HIN CHAN SDN BHD,"211-212 TMN. BUKIT KEPAYANG, JALAN LABU 70200 SEREMBAN",-,NSDK,Others,CENTRAL,CENTRAL,2.723282099,101.9061127,SPV,700.3,5.6,33060,COMRB10,,,,,,,,
700_H019,HOE HIN ENTERPRISE SDN BHD(W),"NO. 159 JALAN DATO' SIAMANG GAGAP, 70100 SEREMBAN NSDK.",70100,,Others,CENTRAL,CENTRAL,2.723231792,101.9550247,WHS,-132.28,1,33060,COMRB16,,,,,,,,
700_H022,HO KENG KEE,"NO. 144  JALAN BESAR, 71650 TITI  NSDK.",71650,,Others,CENTRAL,CENTRAL,2.997775793,102.0767899,OTH,272.72,2.2,33060,COMRB17,,,,,,,,
700_H025,HIAP HINBATU KIKIR,"NO. 11  JALAN BERINGIN 1, 72100 BATU KIKIR  NSDK.",72100,,Others,CENTRAL,CENTRAL,2.830566406,102.317688,SPV,445.25,5.6,33060,COMRB12,,,,,,,,
700_H029,HUP AIK TRADING CO.,"NO. 751 JALAN TEMIANG, 70200 SEREMBAN NSDK.",70200,,Others,CENTRAL,CENTRAL,2.744109154,101.9397354,WHS,39111.37,4,33060,COMRB17,,,,,,,,
700_H031,HARUM CERMAT ENTERPRISE,"NO. 1093  JALAN RASAH, 70300 SEREMBAN  NSDK.",70300,,Others,CENTRAL,CENTRAL,2.705315113,101.9406815,SPV,243.98,8.4,33060,COMRB13,,,,,,,,
700_H063,HONG HONG MINI MARKET SDN BHD,"NO. 52-54  TAMAN SRI PERTANG, 72300 SIMPANG PERTANG  NSDK.",72300,,Others,CENTRAL,CENTRAL,2.944525003,102.2567444,SPV,5497.19,15.4,33060,COMRB12,,,,,,,,
700_H075,HB KP TRADING,"NO.5  JLN AMPANG TINGG1 3/1, TAMAN AMPANG TINGGI",72000,72000 KUALA PILAH  NSDK.,Others,CENTRAL,CENTRAL,2.735194921,102.2292328,SPV,1392.3,9.4,33060,COMRB12,,,,,,,,
700_H077,HANIDA HADI ENTPETRONAS,"PT 278 TMN MARIDA SENAWANG, 70450 SEREMBANNSDK.",70450,,Others,CENTRAL,CENTRAL,2.696287394,101.9782562,PMS,211.06,4.6,33060,COMRB16,,,,,,,,
700_H085,HENG WONG TRADING,"NO. 89  TMN TITI, TITI   71650 JELEBU.NSDK",-,( 1 TAN),Others,CENTRAL,CENTRAL,2.982887745,102.0679398,SPV,870.41,9.2,33060,COMRB17,,,,,,,,
700_H108,HB JUASSEH SDN BHDSERTING,"NO.156 &157   JLN SERTING UTAMA 4, TAMAN SERTING UTAMA",-,72120 BANDAR SERI JEMPOL  NSDK,Others,CENTRAL,CENTRAL,2.89363575,102.4079361,SPV,1199.75,11,33060,COMRB12,,,,,,,,
700_I006,IN ONE STORE PLT,"NO. 993 JALAN S2 F22, GARDEN HOMES SEREMBAN 2",-,70300 SEREMBAN NSDK.,Others,CENTRAL,CENTRAL,2.68168664,101.9039917,SPV,697.11,7.6,33060,COMRB10,,,,,,,,
700_I008,IMANADIA ENTERPRISE PETRONAS,"LOT 1846PN648MUKIM AMPANGAN, MATAHARI HIGHTS",-,70450 SENAWANGNSDK.,Others,CENTRAL,CENTRAL,2.707537651,101.9913788,PMS,231.18,6,33060,COMRB16,,,,,,,,
700_I019,IMPIAN JADI ENTERPRISE( MOBIL SENAWANG 2 ),"LOT 1254 JALAN SENAWANG, 70450 SEREMBAN",70450,NEGERI SEMBILAN DARUL KHUSUS.,Others,CENTRAL,CENTRAL,2.693181992,101.9764557,PMS,172.56,4.4,33060,COMRB16,,,,,,,,
700_I020,IMPIAN MINI MART,"PT11413 TAMAN CEMPAKA, JALAN BBN 6/2B BANDAR BARU NILAI",-,71800 NILAI  NSDK,Others,CENTRAL,CENTRAL,2.802909,101.768344,SPV,3541.39,22.6,33060,COMRB10,,,,,,,,
700_J002,JIN HUANGRJ,"3405 JALAN 6/4, TAMAN RASAH JAYA",-,70300 SEREMBAN NSDK.,Others,CENTRAL,CENTRAL,2.680320024,101.9445038,SPV,379.12,7,33060,COMRB13,,,,,,,,
700_J021,CHOP JOO SAN WOH MEDICAL (700-C232),"NO. 4460  JALAN BESAR, BUKIT PELANDOK  71960 NSDK.",-,,Others,CENTRAL,CENTRAL,2.645206928,101.7450714,CMH,1946.77,3.2,33060,COMRB10,,,,,,,,
700_J029,JALIL MINI MART,"LOT 390 TAMAN SERI REMBAU, 71300 REMBAU",71300,NEGERI SEMBILAN.,Others,CENTRAL,CENTRAL,2.591854811,102.100174,SPV,2856.69,11.4,33060,COMRB16,,,,,,,,
700_J035,JJ DAILY MART,"LOT 3345   TAMAN PERMAI 2, 70200 SEREMBAN. NSDK",70200,,Others,CENTRAL,CENTRAL,2.708286762,101.9254379,SPV,327.38,4.8,33060,COMRB16,,,,,,,,
700_K001,KEDAI RUNCIT CHANDRA,"NO. 10  JALAN 7, TAMAN DESA TEMIANG",-,70200 SEREMBAN  NSDK.,Others,CENTRAL,CENTRAL,2.762129,101.936096,SPV,669.38,5.4,33060,COMRB17,,,,,,,,
700_K012,KEDAI UBAT WAN SOON,"NO. 3386  JALAN RJ 6/1, TAMAN RASAH JAYA",-,70300 SEREMBAN  NSDK.,Others,CENTRAL,CENTRAL,2.679983377,101.9476624,CMH,1551.96,7.2,33060,COMRB13,,,,,,,,
700_K013,KIAN HIN CHAN,"NO. 3394  JALAN RJ 6/1, TAMAN RASAH JAYA",-,70300 SEREMBAN  NSDK.,Others,CENTRAL,CENTRAL,2.679846764,101.947052,SPV,526.78,6.6,33060,COMRB13,,,,,,,,
700_K016,KEDAI PASIR MAS,"NO. 3713/53  TAMAN PASIR MAS, 71200 RANTAU  NSDK.",71200,,Others,CENTRAL,CENTRAL,2.587331772,101.9615631,SPV,4226.7,4.4,33060,COMRB13,,,,,,,,
700_K017,KEDAI UBAT CHUNG LIAN,"NO. 20  JALAN BESAR MANTIN, 71700 MANTIN  NSDK",71700,,Others,CENTRAL,CENTRAL,2.82318759,101.8944016,CMH,1086,4,33060,COMRB17,,,,,,,,
700_K019,MALATHEE A/P NARAYANAN (700-M239),"MDS 12,JALAN MANTIN DALAM,, 71700 MANTIN,NSDK",-,71700 MANTIN  NSDK.,Others,CENTRAL,CENTRAL,2.823326111,101.8928146,SPV,507.53,3.4,33060,COMRB17,,,,,,,,
700_K026,KEDAI UBAT WENG HENG,"NO. 104 TAMAN PERTAMA, 71000 PORT DICKSON NSDK.",71000,,Others,CENTRAL,CENTRAL,2.55284977,101.8064575,CMH,757.04,5,33060,COMRB13,,,,,,,,
700_K029,KIAN SENG HUAT,"NO. 78 BANDAR BARU LUKUT, 71010 LUKUT NSDK.",71010,,Others,CENTRAL,CENTRAL,2.569726,101.828684,SPV,0,0,33060,COMRB13,,,,,,,,
700_K030,KIM GUAN CHAI MINI MARKET,"NO. 4461  TAMAN MUHIBBAH, 71000 PORT DICKSON  NSDK.",71000,,Others,CENTRAL,CENTRAL,2.529396,101.803659,SPV,1163.03,7.4,33060,COMRB13,,,,,,,,
700_K031,KIM GUAN HUAT,"NO. 207-C-D KAMPUNG ARAB, 71000 PORT DICKSON NSDK.",71000,RECEIVING TIME :MON-FRI,Others,CENTRAL,CENTRAL,2.529330969,101.7999802,WHS,-5909.08,1.6,33060,COMRB13,,,,,,,,
700_K032,K.L. NEW,"LOT 184 JALAN SHELL, (WEST GATE) KAMPUNG ARAB",-,71000 PORT DICKSON NSDK.,Others,CENTRAL,CENTRAL,2.533802509,101.8035202,SPV,593.66,8.6,33060,COMRB13,,,,,,,,
700_K034,KEDAI RUNCIT SARAS,"NO. 202  JALAN ANGGERIK 2, BANDAR SUNGALA  71050 SI RUSA",-,PORT DICKSON  NSDK.,Others,CENTRAL,CENTRAL,2.483723164,101.8592453,SPV,645.65,10.8,33060,COMRB13,,,,,,,,
700_K036,KEDAI BUN JOH HOO,"LOT 4429-4430, 27  JLN BESAR BUKIT PELANDOK",-,71960 BUKIT PELANDOK  NSDK.,Others,CENTRAL,CENTRAL,2.644670248,101.7450027,CMH,1292.26,4.4,33060,COMRB10,,,,,,,,
700_K038,KEDAI PER. UBAT JIN MIN,"NO. 7  JALAN DATA UNDANG, 71300 REMBAU  NSDK.",71300,,Others,CENTRAL,CENTRAL,2.591674089,102.0934296,CMH,787.26,7,33060,COMRB16,,,,,,,,
700_K039,KEDAI RUNCIT JALIL (700-K433),"LOT-783 JALAN MAKAMAH, 71300 REMBAU NSDK.",71300,,Others,CENTRAL,CENTRAL,2.588878393,102.0933304,SPV,1046.17,5.6,33060,COMRB16,,,,,,,,
700_K041,KIM SENG HUATLABU,"NO. 8  PT 4026 PEKAN LABU, BATU 10  71900 LABU  NSDK.",-,,Others,CENTRAL,CENTRAL,2.754430056,101.8234863,SPV,159.11,4.8,33060,COMRB10,,,,,,,,
700_K045,KWONG LOONG FATT,"A-7 RAHANG NEW VILLAGE, 70450 SEREMBAN NSDK.",70450,,Others,CENTRAL,CENTRAL,2.696917,101.964833,OTH,192.24,4.8,33060,COMRB16,,,,,,,,
700_K046,KEDAI UBAT TECK WAH,"NO. 150  JALAN TUANKU ANTAH, 70200 SEREMBAN  NSDK.",70200,,Others,CENTRAL,CENTRAL,2.713139296,101.951622,CMH,2758.15,9.4,33060,COMRB16,,,,,,,,
700_K049,KEDAI UBAT SIN YONG,"NO. 96  JALAN BESAR, 71650 TITI JELEBU  NSDK.",71650,,Others,CENTRAL,CENTRAL,2.997645855,102.0765839,CMH,659.16,6.4,33060,COMRB17,,,,,,,,
700_K050,K.K.SHOPPING CENTRE,"NO. 11 MAIN ROAD, 71600 KUALA KLAWANG NSDK",71600,(1.5KG),Others,CENTRAL,CENTRAL,2.939744234,102.0705872,SPV,1556.12,12,33060,COMRB17,,,,,,,,
700_K055,HAN FOH THONGS'BAN,"NO. 296  TAMAN SENAWANG JAYA, 70450 SEREMBAN  NSDK.",70450,,Others,CENTRAL,CENTRAL,2.691476107,101.98349,CMH,1158.25,6.6,33060,COMRB16,,,,,,,,
700_K059,KEDAI RUNCIT VASU,"NO. 92  JALAN WIDURI INDAH 5, TAMAN INDAH SENAWANG",-,70450 SEREMBAN  NSDK.,Others,CENTRAL,CENTRAL,2.696264982,101.9966278,SPV,233.15,5.6,33060,COMRB16,,,,,,,,
700_K060,K/U DAN RUNCIT KWAI FOONG,"NO. 339 TAMAN SENAWANG JAYA, 70450 SENAWANG NSDK.",70450,,Others,CENTRAL,CENTRAL,2.691071749,101.9834442,CMH,205.02,5.6,33060,COMRB16,,,,,,,,
700_K063,KEDAI UBAT CHOONG HING,"NO. 3  TAMAN SIKAMAT INDAH, 70400 SEREMBAN  NSDK.",70400,,Others,CENTRAL,CENTRAL,2.743227,101.965563,CMH,451.86,3.6,33060,COMRB17,,,,,,,,
700_K068,YUN SUNG,"NO. 11 LADANG GEDDES, 72100 BAHAU NSDK.",72100,(400KG),Others,CENTRAL,CENTRAL,2.86123085,102.5221481,CMH,571.75,6.2,33060,COMRB12,,,,,,,,
700_K079,KWONG BAN SUN M/H,"NO. 140 JALAN YAM TUAN, 72000 KUALA PILAH NSDK.",72000,TEL: 06-4811519,Others,CENTRAL,CENTRAL,2.740031719,102.2481003,CMH,249.75,7,33060,COMRB12,,,,,,,,
700_K090,KAMISAH HAMZAHKEDAI RUNCIT,"KAMPUNG SAWAH SUNGGALA, 71000 PORT DICKSON NSDK.",71000,,Others,CENTRAL,CENTRAL,2.481077433,101.8648071,SPV,254.5,7.8,33060,COMRB13,,,,,,,,
700_K095,PRABHAKAR A/L RAMAN,"NO. 9 GERAI FELDA PALONG 3, 73460 GEMAS NSDK.",73460,,Others,CENTRAL,CENTRAL,2.683969975,102.6213684,SPV,1474.87,7.8,33060,COMRB12,,,,,,,,
700_K097,KIAN SUNG TRADING,"NO. 1&3 JALAN LOMBONG EMAS 7, TMN IND. RINGAN OFF JLN TUN",70200,DR.ISMAIL 70200 S'BAN . NSDK,Others,CENTRAL,CENTRAL,2.75127387,101.9187622,OTH,0,0,33060,COMRB07,,,,,,,,
700_K106,KEMANG MINI MARKET,"BT. 8 NO. 27 TAMAN TELOK, KEMANG SIRUSA",-,71050 PORT DICKSON NSDK.,Others,CENTRAL,CENTRAL,2.453144789,101.8641205,SPV,712.16,7.2,33060,COMRB13,,,,,,,,
700_K114,KEDAI UBAT WAN SAN TONG,"NO. 152 JLN DATO' SHAHBANDAR, 72100 BAHAU NSDK.",72100,,Others,CENTRAL,CENTRAL,2.811944008,102.4011536,CMH,1213.79,5.6,33060,COMRB12,,,,,,,,
700_K123,RADHA  STORE,"NO. 26 JALAN NURI INDAH 10/1, TAMAN NURI INDAH",-,70300 SEREMBAN NSDK.,Others,CENTRAL,CENTRAL,2.687476635,101.9412842,SPV,796.28,8.4,33060,COMRB13,,,,,,,,
700_K126,AR DIN MARKET (700-A157),"NO 144 BLOCK 6 FELDA SERTING HILIR 6,, 72120 BANDAR SERI JEMPOL,NSDK",72120,BAHAU. NSDK,Others,CENTRAL,CENTRAL,2.96028161,102.5002365,SPV,781.28,8.2,33060,COMRB12,,,,,,,,
700_K132,KEDAI RUNCIT AZMER,"NO. 218  TANJUNG IPOH, 71500 TANJUNG IPOH  NSDK.",71500,,Others,CENTRAL,CENTRAL,2.7412467,102.1845703,SPV,2326.15,8,33060,COMRB12,,,,,,,,
700_K140,KEDAI RUNCIT SHATIS RAO,"NO. 435  FELDA PALONG 4, 73430 GEMAS",73430,N.S.,Others,CENTRAL,CENTRAL,2.735033,102.64326,SPV,1163.99,9.4,33060,COMRB12,,,,,,,,
700_K145,KEDAI JOO SENG,"NO. 51  MAIN ROAD, 71700 MANTIN  NSDK.",71700,,Others,CENTRAL,CENTRAL,2.823531389,101.8934097,SPV,0,0,33060,COMRB17,,,,,,,,
700_K149,KEDAI RUNCIT TAMAN IRAMA,"NO. 6 KEDAI RUNCIT TMN IRAMA, JALAN LADANG JELEBU",-,71600 NSDK,Others,CENTRAL,CENTRAL,2.969196081,102.0603027,SPV,374.84,7.4,33060,COMRB17,,,,,,,,
700_K160,KEDAI YONG CHEONG,"NO. 200 JALAN BESAR, TANJONG SEPAT",-,SELANGOR DARUL EHSAN.,Others,CENTRAL,CENTRAL,2.661403418,101.5587463,SPV,832.3,6,33060,COMRB10,,,,,,,,
700_K172,K.V. TAMILARSU STORE,"NO. 791  TAMAN BAHAU, 72100 BAHAU  NSDK",72100,(200KG),Others,CENTRAL,CENTRAL,2.794305325,102.4253616,SPV,2346.2,17.6,33060,COMRB12,,,,,,,,
700_K180,KEDAI RUNCIT DAN UBAT KEMANG,"NO. 58  JALAN PANTAI  BATU 9, TAMAN ORKID  SIRUSA",71050,,Others,CENTRAL,CENTRAL,2.434484005,101.8632355,SPV,1358.81,9.2,33060,COMRB13,,,,,,,,
700_K186,KEDAI UBAT LONG YUAN (700-K437),"NO 3,JALAN LAMA,PASAR BESAR BARU PORT DICKSON,, 71000 PORT DICKSON,NSDK",71000,,Others,CENTRAL,CENTRAL,2.526256323,101.797966,CMH,2065.08,8.4,33060,COMRB13,,,,,,,,
700_K205,KEDAI RUNCIT ADAM'S,"NO. 151  SERTING HILIR 1, 72109 BAHAU  NSDK.",72109,,Others,CENTRAL,CENTRAL,2.94179678,102.5106659,SPV,229.57,6,33060,COMRB12,,,,,,,,
700_K206,KEDAI RUNCIT LIM SIEW YOKE,"NO. 126  JALAN PASAR DANGI, 73100 JOHOL",73100,,Others,CENTRAL,CENTRAL,2.644454241,102.3210983,SPV,202.77,6.8,33060,COMRB12,,,,,,,,
700_K222,K/U & P/M KIM HUAT,"NO. 233  KG. BARU SEMENYIH, 43500 SELANGOR DARUL EHSAN.",43500,,Others,CENTRAL,CENTRAL,2.952661753,101.8427887,CMH,510.24,6.6,33060,COMRB17,,,,,,,,
700_K234,K MART MINI MARKET,"NO. 13, PUSAT PERNIAGAAN, CAHAYA SURIA, BT. 3, JLN SEREMBAN.",71000,"PORT DICKSON, NSDK.",Others,CENTRAL,CENTRAL,2.554439783,101.8071747,SPV,0,0,33060,COMRB13,,,,,,,,
700_K245,KEDAI UBAT ZHAN YUAN,"NO 9   JLN BESAR, TMN BROGA",-,71750 LENGGENG,Others,CENTRAL,CENTRAL,2.935697794,101.9133453,CMH,911.56,3,33060,COMRB17,,,,,,,,
700_K246,KK FAMILY MART SDN. BHD(ZEMART),"LOT 28398  JALAN MILENIA, 71760 BANDAR BARU ENSTEK NSDK",71760,,ZEMART,CENTRAL,CENTRAL,2.754904985,101.7603607,SMT,148583.25,51.2,33060,COMRB10,,,,,,,,
700_K275,KEONG MAJU JELAI(LEE T.HL0039,"NO.51 FELDA JELAI SATU, 73480 GEMAS NSDK.",73480,,Others,CENTRAL,CENTRAL,2.636457,102.49248,SPV,4599.43,13.8,33060,COMRB12,,,,,,,,
700_K277,K/U CHU SAN WHO,"NO.63   JALAN BESAR LUKUT, 71010 LUKUT . NSDK",71010,,Others,CENTRAL,CENTRAL,2.566215038,101.8279953,CMH,239.72,8.2,33060,COMRB13,,,,,,,,
700_K316,VV STORE (700-V029),"NO.246  TAMAN SRI ROMPIN, ROMPIN",73500,73500 NEGERI SEMBILAN .,Others,CENTRAL,CENTRAL,2.750540018,102.4788208,SPV,379.86,4.8,33060,COMRB12,,,,,,,,
700_K333,KVR ASHAH STORE,"NO 1   TAMAN MEGAH, 72100 BAHAU",72100,NEGERI SEMBILAN.,Others,CENTRAL,CENTRAL,2.824393034,102.4103012,SPV,390.89,6,33060,COMRB12,,,,,,,,
700_K353,KEDAI EKONOMI TANJUNG IPOH,"27  JALAN BESAR, TANJUNG IPOH  71500 K.PILAH.",71500,NSDK,Others,CENTRAL,CENTRAL,2.741164923,102.1848145,OTH,287.38,3.2,33060,COMRB12,,,,,,,,
700_K363,KEDAI RUNCIT AMN,"NO.1187  JALAN JASMIN 21, TAMAN JASMIN",70450,SENAWANG,Others,CENTRAL,CENTRAL,2.687661886,101.992981,SPV,588.08,7.8,33060,COMRB16,,,,,,,,
700_L002,LIAN CHONGRASAH,"NO. 13  RASAH NEW VILLAGE, 70300 SEREMBAN  NSDK.",70300,,Others,CENTRAL,CENTRAL,2.699368238,101.9329987,SPV,262.59,5.8,33060,COMRB13,,,,,,,,
700_L015,LIAN YIK MINI MARKET SDN BHD,"NO. 389 - 391  TAMAN BUKIT CHEDANG, 70300 SEREMBAN  NSDK.",70300,,Others,CENTRAL,CENTRAL,2.694875956,101.9293289,SPV,2638.78,11,33060,COMRB10,,,,,,,,
700_L017,LEONG HIN,"NO. 120  FELDA PALONG, 73460 GEMAS  NSDK.",73460,,Others,CENTRAL,CENTRAL,2.683211565,102.6226883,SPV,131.1,2.6,33060,COMRB12,,,,,,,,
700_L019,NG WOON ENTERPRISE (700-N112),"NO. 22  JALAN BESAR, LADANG GEDDES",72100,72100 BAHAU  NSDK.,Others,CENTRAL,CENTRAL,2.85875845,102.5220795,SPV,1548.03,6.8,33060,COMRB12,,,,,,,,
700_L041,LIAW BROTHERS ENTERPRISE,"NO. 35  TAMAN SRI PERTANG, 72300 SIMPANG PERTANG. NSDK",72300,,Others,CENTRAL,CENTRAL,2.944882393,102.2568893,SPV,392.97,5.4,33060,COMRB12,,,,,,,,
700_L125,LEXIS PORT DICKSON,"THE LEGEND WATER CHALETS, BATU 2  JALAN SEREMBAN",-,71000 PORT DICKSON  NSDK,Others,CENTRAL,CENTRAL,2.551494,101.797514,OTH,0,0,33060,COMRB13,,,,,,,,
700_M004,M/M MEE LOONG,"LOT 4459  JALAN BESAR, BUKIT PELANDOK",-,71960 NSDK.,Others,CENTRAL,CENTRAL,2.645193577,101.745079,SPV,1268.01,3.6,33060,COMRB10,,,,,,,,
700_M005,HAN YANG ENTERPRISE(700_H131),"NO. 14  JALAN BESAR SALAK, 43900 SEPANG  SELANGOR.",43900,,Others,CENTRAL,CENTRAL,2.782079935,101.7505112,SPV,266.57,7.8,33060,COMRB10,,,,,,,,
700_M020,CH MILLION MINI MARKETROMPIN,"NO. 8  JALAN BESAR ROMPIN, 73500 ROMPIN  NSDK.",73500,,Others,CENTRAL,CENTRAL,2.706245422,102.5029526,SPV,202.05,4,33060,COMRB12,,,,,,,,
700_M024,MARWA MANAGEMENT (M) SDN BHD (700-M236),"NO 4077,TAMAN TUNKU PUAN CHIK,, 72100 BAHAU  NSDK.",72100,,Others,CENTRAL,CENTRAL,2.804666996,102.3744965,SPV,1343.04,7.8,33060,COMRB12,,,,,,,,
700_M025,NISHA YUSUF ENTERPRISE (700-N111),"NO 391,BATU 1/2,JALAN PANTAI,, 71000 PORT DICKSON,NSDK.",71000,,Others,CENTRAL,CENTRAL,2.525777817,101.8090973,SPV,1077.35,10.6,33060,COMRB13,,,,,,,,
700_M026,MENG HO TONG ENTERPRISE (M242),"NO. 8  JALAN BESAR PERTANG, 72300 SIMPANG PERTANG  NSDK.",72300,,Others,CENTRAL,CENTRAL,2.960988283,102.2192383,CMH,520.16,3.8,33060,COMRB12,,,,,,,,
700_M039,MARAGATHAM FLOUR MILL & GROCERIES,"NO. 93 & 94  TINGKAT BAWAH  JALAN RASAH, 70300 SEREMBAN  NSDK.",70300,,Others,CENTRAL,CENTRAL,2.700005054,101.9394302,SPV,450.42,6.2,33060,COMRB13,,,,,,,,
700_M042,MELUNI ENTERPRISE,"NO. 78  JALAN PASAR, 43950 SG PELEK  SEPANG",43950,SELANGOR DARUL EHSAN.,Others,CENTRAL,CENTRAL,2.643161774,101.7161255,SPV,-235.16,8.2,33060,COMRB10,,,,,,,,
700_M056,MD MARIHAN BORAN TRADING (700-M058),"NO. 4771-4772 RUMAH KEDAI, TAMAN PASIR BESAR",73420,73420 GEMAS NSDK.,Others,CENTRAL,CENTRAL,2.652604818,102.5341339,SPV,189.11,4.6,33060,COMRB12,,,,,,,,
700_M083,MATHIALAGAN FAMILY STORE,"NO. 524-526 JALAN SJ 9/1, TAMAN SEREMBAN JAYA",70450,SEREMBAN,Others,CENTRAL,CENTRAL,2.670882463,101.9825745,SPV,3728.14,12.4,33060,COMRB16,,,,,,,,
700_M087,MARWA MANAGEMENT (M) SDN BHD,"793   TAMAN BAHAU, 72100 BAHAU",72100,NEGERI SEMBILAN .,Others,CENTRAL,CENTRAL,2.794490814,102.4252243,SPV,872.35,10,33060,COMRB12,,,,,,,,
700_M091,PASAR MINI MAMMUS,"LOT 4770  TAMAN PASIR BESAR, 73420 GEMAS   NSDK",73420,,Others,CENTRAL,CENTRAL,2.652648211,102.5340424,SPV,3601.14,18.6,33060,COMRB12,,,,,,,,
700_M115,HORAS SIREGAR ENTERPRISE,"NO.1028 LORONG SRI PULAI 38/3, 70200 SEREMBAN NSDK.",70200,,Others,CENTRAL,CENTRAL,2.750305891,101.9476852,SPV,483.3,6.4,33060,COMRB17,,,,,,,,
700_M130,M.A. RAJA ENTERPRISE,"NO.168   FELDA PALONG  2, GEMAS 73450  NSDK",-,,Others,CENTRAL,CENTRAL,2.729059935,102.5843048,SPV,240.14,3.6,33060,COMRB12,,,,,,,,
700_M155,MANTIN ZEMART SDN BHD,"NO.8- 14   JALAN BUKIT BELIAN, TAMAN BUKIT BELIAN",-,71700 MANTIN,ZEMART,CENTRAL,CENTRAL,2.831008911,101.8963089,LPV,86530.75,55,33060,COMRB17,,,,,,,,
700_M158,PASAR MINI MASVITA,LOT 6543 A  TAMAN SERTING JAYA,72100,BAHAU,Others,CENTRAL,CENTRAL,2.807410002,102.3743134,SPV,3127.03,9.4,33060,COMRB12,,,,,,,,
700_M159,MASBUKTI ENTERPRISE,"NO.6   GEDUNG LALANG 50, AMPANGAN",70400,SEREMBAN,Others,CENTRAL,CENTRAL,2.726586819,101.971817,SPV,395.48,7.2,33060,COMRB16,,,,,,,,
700_M162,MARWA MINI MARKET -BRANCH,NO.856 TAMAN TUANKU PUAN CHIK,72100,,Others,CENTRAL,CENTRAL,2.804368258,102.3737564,SPV,2946.53,15.4,33060,COMRB12,,,,,,,,
700_M163,M FAMILY MINI MART,"NO.14 JALAN DS 1/1, DATARAN SEGAR",71010,,Others,CENTRAL,CENTRAL,2.560671568,101.8158798,SPV,1184.14,9.6,33060,COMRB13,,,,,,,,
700_N004,TK PAN KEE (NILAI),"SYARIKAT NAM LOONG, NO 29 MAIN ROAD",-,71800 NILAI  NSDK.,Others,CENTRAL,CENTRAL,2.801451683,101.7947235,SPV,325.01,6.8,33060,COMRB10,,,,,,,,
700_N010,NAM KEONG (W),"NO.21 , JALAN SIOW LOONG HIN,, 70000 SEREMBAN . NSDK",70000,,Others,CENTRAL,CENTRAL,2.72842145,101.9391479,WHS,2939.1,2,33060,COMRB16,,,,,,,,
700_N018,NEW YAO YUAN ENTERPRISE,"NO. 10  JALAN DATO' UNDANG, 71300 REMBAU  NSDK.",71300,,Others,CENTRAL,CENTRAL,2.591858387,102.0932159,SPV,270.65,7.2,33060,COMRB16,,,,,,,,
700_N040,NANI KASSIM ENT.,"32A KG SESAPAN KELUBI, 43700 BERANANG SELANGOR",43700,,Others,CENTRAL,CENTRAL,2.878447056,101.8640823,SPV,-738.63,4,33060,COMRB17,,,,,,,,
700_N049,NUR SUHAIMAH M/M,"NO 45  JALAN BESAR PAJAM, 71700 MANTIN",71700,NEGERI SEMBILAN.,Others,CENTRAL,CENTRAL,2.8458,101.8475,SPV,1470.2,3.6,33060,COMRB17,,,,,,,,
700_N060,NOR RABIATUL ENTERPRISE,"NO 2 KEDAI KG.BARISAN, JALAN SUA GRENSING",-,71200 RANTAU,Others,CENTRAL,CENTRAL,2.508318663,101.9594727,SPV,2220.44,12.8,33060,COMRB13,,,,,,,,
700_N070,N NINE MINI MARKET,"NO.59 JALAN MELATI SQUARE, MELATI SQUARE 71800",71800,,Others,CENTRAL,CENTRAL,2.812730789,101.762825,SPV,573.1,12.6,33060,COMRB10,,,,,,,,
700_N083,NEW TIMES CONVENIENCE SHOP,LKI-G-1-05 LAMAN KOMERSIAL ARECA,71800,,Others,CENTRAL,CENTRAL,2.811641693,101.7573471,SPV,276.17,6.2,33060,COMRB10,,,,,,,,
700_O005,OHMGAAR CASH & CARRY,"NO. 8-A TAMAN KLARA KM 3, JALAN SEREMBAN",-,71000 PORT DICKSON NSDK.,Others,CENTRAL,CENTRAL,2.549868345,101.8046951,SPV,183.17,1,33060,COMRB13,,,,,,,,
700_O007,OSMAN SERVICES STATIONPETRONAS,"LOT 2277D'AMBANG KOTA, 71010 LUKUTPORT DICKSON",71010,NSDK.,Others,CENTRAL,CENTRAL,2.591601133,101.8211975,PMS,177.74,5.4,33060,COMRB13,,,,,,,,
700_O014,ONE SENAWANG ENTERPRISE,"28  JALAN CATTLEYA 6, TAMAN CATTLEYA",-,70450 SENAWANG  NSDK,Others,CENTRAL,CENTRAL,2.693253994,101.9795609,SPV,1433.38,7.4,33060,COMRB16,,,,,,,,
700_P002,PASAR MINI A.T.N.,"NO. 151  JALAN 7, TAMAN BUKIT MUTIARA",70200,70200 SEREMBAN  NSDK.,Others,CENTRAL,CENTRAL,2.76253438,101.929718,SPV,850.26,7.4,33060,COMRB17,,,,,,,,
700_P003,PERNIAGAAN TECK AN,"55 LORONG PELANGI 1, TAMAN PELANGI 71000",-,P.D NSDK,Others,CENTRAL,CENTRAL,2.554204702,101.806282,CMH,210.38,7.8,33060,COMRB13,,,,,,,,
700_P004,PERNIAGAAN UBAT CHOY HING,"432  UNION COMMERCIAL CENTRE, JALAN TEMIANG  70200 SEREMBAN",-,NEGERI SEMBILAN DARUL KHUSUS.,Others,CENTRAL,CENTRAL,2.735383034,101.9382019,CMH,2767.23,5.4,33060,COMRB17,,,,,,,,
700_P006,PERNIAGAAN YOON KIAN,"NO. 3399 JALAN RJ 6/1, TAMAN RASAH JAYA",-,70300 SEREMBAN NSDK.,Others,CENTRAL,CENTRAL,2.679766655,101.9467316,CMH,201.23,8,33060,COMRB13,,,,,,,,
700_P015,PASAR MINI SRI RAAMA,"NO. 113 JALAN BESAR, 43500 SEMENYIH SELANGOR D.E",43500,,Others,CENTRAL,CENTRAL,2.946433306,101.8457184,SPV,174.66,3.4,33060,COMRB17,,,,,,,,
700_P018,PASAR MINI CHAN HING,"NO. 30  JALAN BESAR BROGA, 71750 LENGGENG  NSDK.",71750,,Others,CENTRAL,CENTRAL,2.936038733,101.9113159,SPV,669.31,2.8,33060,COMRB17,,,,,,,,
700_P019,PERNIAGAAN UBAT ONN HONG (C),"NO. 251  JALAN BESAR, 71800 NILAI  NSDK.",71800,,Others,CENTRAL,CENTRAL,2.801655054,101.7971115,CMH,2432.21,7.4,33060,COMRB10,,,,,,,,
700_P023,PERNIAGAAN YE MIN,"NO. 4944 JALAN T.S.2/1A, TAMAN SEMARAK FASA 2",-,71800 NILAI NSDK.,Others,CENTRAL,CENTRAL,2.818204641,101.8140717,CMH,620.8,5.2,33060,COMRB10,,,,,,,,
700_P030,PASAR MINI EE FAA,"NO. 184  JALAN BESAR SALAK, 43900 SEPANG  SELANGOR.",43900,,Others,CENTRAL,CENTRAL,2.783405781,101.7507095,SPV,170.86,4,33060,COMRB10,,,,,,,,
700_P031,PD FAMILY STORE SDN BHD,"27 & 28 JALAN PDS 1, PD SUNGGALA GATEWAY",71050,71050 PORT DICKSON NSDK,FS,CENTRAL,CENTRAL,2.473946333,101.857666,SMT,111233.73,52,33060,COMRB13,,,,,,,,
700_P037,PERNIAGAAN HE SOON,"NO. 209 TINGKAT BAWAH, TAMAN BUKIT KEPAYANG FASA 1",-,JALAN LABU 70200 SEREMBAN. NSDK,Others,CENTRAL,CENTRAL,2.723396,101.906031,SPV,1232.42,7,33060,COMRB10,,,,,,,,
700_P042,PASARAYA BIDARA,"NO. 1-3  LORONG BIDARA 9/1, TAMAN BIDARA",-,70100 SEREMBAN  NSDK.,Others,CENTRAL,CENTRAL,2.70931077,101.9586792,SPV,1065.78,8.6,33060,COMRB16,,,,,,,,
700_P058,PASAR MINI LONG,"NO. 2799 TAMAN SEREMBAN JAYA, 70450 SEREMBAN NSDK.",70450,,Others,CENTRAL,CENTRAL,2.682486296,101.9725342,SPV,669.21,10.8,33060,COMRB16,,,,,,,,
700_P064,PASAR MINI NURSARI,"LOT 530 JALAN TTJ 3/1, TAMAN TUANKU JAAFAR",70400,SUNGAI GADUT NSDK.,Others,CENTRAL,CENTRAL,2.674380064,101.9931717,SPV,342.19,6.6,33060,COMRB16,,,,,,,,
700_P065,P/M SUPRAMANIAM,"NO. 525  JALAN TTJ 1/4, TAMAN TUANKU JAAFAR",-,70450 SEREMBAN  NSDK.,Others,CENTRAL,CENTRAL,2.674296618,101.9931564,SPV,651.72,5,33060,COMRB16,,,,,,,,
700_P066,PASARAYA TTJ FAMILY S/B,"NO. 669-675 JALAN TTJ 2/4, TAMAN TUANKU JAAFAR",-,,FS,CENTRAL,CENTRAL,2.674897432,101.9930496,LPV,143619.17,36.4,33060,COMRB16,,,,,,,,
700_P067,PERNIGAAN ALAMINSBN,"NO. 46  TAMAN TEMIANG, JALAN SIKAMAT",-,70400 SEREMBAN  NSDK.,Others,CENTRAL,CENTRAL,2.742211819,101.9501038,SPV,-96.32,5,33060,COMRB17,,,,,,,,
700_P073,PERNIAGAAN YUEN FOR,"NO. 154 TAMAN MAHSAN, 72100 BAHAU NSDK.",72100,,Others,CENTRAL,CENTRAL,2.834406614,102.4070282,CMH,599.38,5.8,33060,COMRB12,,,,,,,,
700_P087,PERNIAGAAN BEE HINLUKUT,"NO.2    MAIN ROAD, 71010 LUKUT",71010,PORT DICKSON  NSDK.,Others,CENTRAL,CENTRAL,2.569965839,101.8297577,SPV,1226.68,8.6,33060,COMRB13,,,,,,,,
700_P091,PASAR MINI TUNG ONN,"NO. 40  TAMAN MAMBAU BARU, 71300 MAMBAU  NSDK.",71300,,Others,CENTRAL,CENTRAL,2.669569254,101.9160233,CMH,1650.82,8.4,33060,COMRB13,,,,,,,,
700_P096,PASAR MINI WAHTA,"5-G-3 TINGKAT BAWAH, BLOCK 5 TAMAN SEMARAK",-,71800 NILAI NSDK.,Others,CENTRAL,CENTRAL,2.824130058,101.8127289,SPV,1437.27,7.2,33060,COMRB10,,,,,,,,
700_P097,PASAR MINI SEONG HENG,"NO. 163 B  JALAN TRIANG, PETALING  71600 JELEBU  NSDK.",-,,Others,CENTRAL,CENTRAL,2.949426889,102.0581894,SPV,675.24,4.8,33060,COMRB17,,,,,,,,
700_P104,PLUS CASH 'N' CARRYMART,"NO. 21  TAMAN MIKAMAS, JALAN SEREMBAN",71000,71000 PORT DICKSON  NSDK.,Others,CENTRAL,CENTRAL,2.547994137,101.8025055,SPV,1683.1,8,33060,COMRB13,,,,,,,,
700_P120,PASAR MINI TEMIANG JAYA,"NO. 40  TAMAN TEMIANG JAYA, JALAN SIKAMAT  70400 SEREMBAN",-,NSDK,Others,CENTRAL,CENTRAL,2.742403269,101.9501343,SPV,233.64,6.4,33060,COMRB17,,,,,,,,
700_P125,PERNIAGAAN KWANG ANN,"NO. 57-A  TAMAN AMAN (FASA-4), 71010 LUKUT  PORT DICKSON",71010,NEGERI SEMBILAN DARUL KHUSUS.,Others,CENTRAL,CENTRAL,2.567465305,101.8270035,CMH,389.12,8.6,33060,COMRB13,,,,,,,,
700_P127,PASAR MINI JELITA,"NO. 46 LORONG JELITA 1, TAMAN SULIANA",-,70400 SEREMBAN NSDK.,Others,CENTRAL,CENTRAL,2.7476964,101.9539642,SPV,2536.34,8.4,33060,COMRB17,,,,,,,,
700_P142,PERNIAGAAN PUH RONG,"NO. 138 JALAN TOMAN 7, KEMAYAN SQUARE",-,70200 SEREMBAN. NSDK,Others,CENTRAL,CENTRAL,2.717644453,101.9238968,CMH,380.58,4.2,33060,COMRB16,,,,,,,,
700_P145,PASAR MINI KEAN LEE,"NO. 149-A JALAN PASAR, 42800 TANJUNG SEPAT",42800,SELANGOR DARUL KHUSUS.,Others,CENTRAL,CENTRAL,2.662051678,101.5581055,SPV,585.05,4.8,33060,COMRB10,,,,,,,,
700_P146,KEDAI RUNCIT SANG KEE (700-K459),"NO. 399  JALAN TD, TAMAN DESA PELANGI",-,71700 MANTIN  NSDK.,Others,CENTRAL,CENTRAL,2.830453396,101.8961182,SPV,920.92,5,33060,COMRB17,,,,,,,,
700_P155,PEMBORONG M&M MUHIBAH,"NO. 924  JALAN LAMA, 71000 PORT DICKSON  NSDK.",71000,,Others,CENTRAL,CENTRAL,2.526255608,101.7985153,SPV,814.26,7.4,33060,COMRB13,,,,,,,,
700_P158,PASAR MINI WING LOONG,"A-G-1  BLOCK A CASA PRIMA, JALAN BUKIT DELIMA 2",-,70200 SEREMBAN  NSDK.,Others,CENTRAL,CENTRAL,2.740037203,101.9317169,SPV,505.82,6,33060,COMRB17,,,,,,,,
700_P159,PASAR MINI RAASI,"NO. 1032 JALAN GUNUNG DATOK, 26 TAMAN ANGSA MAS 70300",70300,NEGERI SEMBILAN DARUL KHUSUS.,Others,CENTRAL,CENTRAL,2.648627043,101.9236069,SPV,400.16,6,33060,COMRB13,,,,,,,,
700_P176,PASAR RAYA SAROJA UTAMA,"NO. 36-42 JALAN SEROJA 7, TAMAN SEROJA B.B.S.T.",-,43900 SEPANG SELANGOR.,Others,CENTRAL,CENTRAL,2.828079939,101.7295685,SPV,3420.51,18.6,33060,COMRB10,,,,,,,,
700_P179,PASAR RAYA MAP,"NO. 72 & 74 JALAN YAM TUAN, 70000 SEREMBAN NSDK.",70000,,Others,CENTRAL,CENTRAL,2.726038218,101.9403839,SPV,10732.85,13.6,33060,COMRB16,,,,,,,,
700_P180,MAJU JAYA GLOBAL (700-M234),"NO. 13 PALONG 2, 73450 GEMAS NSDK.",73450,,Others,CENTRAL,CENTRAL,2.731164932,102.5868454,SPV,218.61,3.4,33060,COMRB12,,,,,,,,
700_P189,PASAR MINI YC YEE CHIN,"NO. 72 JALAN BESAR, SUNGAI PELEK",43950,43950 SEPANG SELANGOR.,Others,CENTRAL,CENTRAL,2.643096685,101.7175217,SPV,453.89,5.2,33060,COMRB10,,,,,,,,
700_P190,PASAR RAYA MEGA INDAH SDN.BHD.,"NO. 892-895  JALAN S2 F23, GARDEN HOME  SEREMBAN 2",-,70300 SEREMBAN  NSDK.,Others,CENTRAL,CENTRAL,2.681192875,101.9034576,SPV,11079.03,26.6,33060,COMRB10,,,,,,,,
700_P195,PER.UBAT SOON HENG K.PILAH,"NO. 115  JALAN YAM TUAN, 72000 KUALA PILAH  NSDK.",72000,,Others,CENTRAL,CENTRAL,2.739155054,102.2483826,CMH,2795.55,9.2,33060,COMRB12,,,,,,,,
700_P209,PASAR MINI ALSHAFI,"NO. 1  JALAN TAMAN SRI PAGI, 70450 SENAWANG",70450,SEREMBAN N.S.,Others,CENTRAL,CENTRAL,2.70620966,101.9878769,SPV,394.73,7.4,33060,COMRB16,,,,,,,,
700_P217,PMJDK ENTERPRISE,"336  LORONG SRI MAWAR 6/1, TAMAN SRI MAWAR   SENAWANG",70450,,Others,CENTRAL,CENTRAL,2.695277929,101.9729996,SPV,381.18,5,33060,COMRB16,,,,,,,,
700_P279,PASAR MINI BEE HENG,"NO. 33 & 35  JALAN TENGGIRI, TAMAN MUTIARA",-,42800 TANJONG SEPAT  SELANGOR.,Others,CENTRAL,CENTRAL,2.659035921,101.5662918,SPV,446.98,9.6,33060,COMRB10,,,,,,,,
700_P300,P/M CHARUCKAA (BR NAN STORE),"NO.6 JALAN TERATAI 1/1, TAMAN TERATAI  70450",-,SENAWANG  S'BAN .N.S.D.K.,Others,CENTRAL,CENTRAL,2.70104599,101.9954758,SPV,367.91,7,33060,COMRB16,,,,,,,,
700_P305,B SEETHA ENTERPRISE,"NO. 1328  LORONG CENGAL 25/1, TAMAN AMPANGAN",-,70400 SEREMBAN  NSDK.,Others,CENTRAL,CENTRAL,2.725714922,102.0044785,SPV,378.4,6.6,33060,COMRB16,,,,,,,,
700_P311,PASAR MINI SENALING,"NO. 43  PEKAN SENALING, 72000 KUALA PILAH  NSDK.",72000,,Others,CENTRAL,CENTRAL,2.708590031,102.250618,SPV,189.89,4.4,33060,COMRB12,,,,,,,,
700_P312,AARISZ MINI MART (700-A155),"NO 1 & 2 GERAI,, TAMAN WAWASAN LUKUT,",71010,"PEKAN LUKUT,",Others,CENTRAL,CENTRAL,2.574094534,101.8277206,SPV,995.32,9.2,33060,COMRB13,,,,,,,,
700_P319,PASARAYA PEBBLE BEACHPM GV (BR),"171819 JLN POLITEKNIK 1, JALAN PANTAI BATU 9",-,TAMAN POLITEKNIK,Others,CENTRAL,CENTRAL,2.442054987,101.8647995,SPV,1750.17,6.2,33060,COMRB13,,,,,,,,
700_P323,PASAR MINI TAMAN DATO,"LOT 1106 JALAN PINANG 6, TAMAN DATO' HAJI ABDUL SAMAD",-,71050 SI RUSA PD NSDK.,Others,CENTRAL,CENTRAL,2.511471272,101.8375397,SPV,1395.75,10.2,33060,COMRB13,,,,,,,,
700_P328,PASAR MINI RETA,"NO. 1183  JALAN JASMIN 21, TAMAN JASMIN",70450,70450 SEREMBAN  NSDK.,Others,CENTRAL,CENTRAL,2.687689304,101.992981,SPV,1175.04,6.8,33060,COMRB16,,,,,,,,
700_P330,PASARAYA KI & KU,"1182 JALAN JASMIN 21, TAMAN JASMIN",-,70450 SENAWANG NSDK.,Others,CENTRAL,CENTRAL,2.687713623,101.9930115,SPV,1251.54,10.8,33060,COMRB16,,,,,,,,
700_P359,PASAR MINI SHAMIRA,"LOT 7122 TMN PERMAI, BATU 2 1/2 JLN SEREMBAN",-,71000 PORT DICKSON NSDK.,Others,CENTRAL,CENTRAL,2.555613995,101.8072968,SPV,1707.51,11.2,33060,COMRB13,,,,,,,,
700_P365,PASAR MINI NATHAN,"SH-8   BLOK A   LORONG BUKIT MARKISA 1/1, TAMAN BUKIT MARKISA",-,70200 S'BAN NSDK,Others,CENTRAL,CENTRAL,2.741729021,101.925354,SPV,513.26,4,33060,COMRB17,,,,,,,,
700_P380,PASAR MINI PENGKALAN DURIAN,"AZIZY BIN ABDUL RAHMAN, NO.3 KEDAI RUMAH RAKYAT",-,KAMPUNG PENGKALAN DURIAN 71150 LINGGI NSDK,Others,CENTRAL,CENTRAL,2.486158609,102.0204773,SPV,1852.86,16,33060,COMRB13,,,,,,,,
700_P384,SUBBU LETCUMI A/P JAGANTHAN (700-S494),"NO 30 LORONG TBD 1/1, TAMAN BAHAGIA DELIMA",-,72000 KUALA PILAH  NSD,Others,CENTRAL,CENTRAL,2.71791172,102.246315,SPV,1262.29,7.6,33060,COMRB12,,,,,,,,
700_P404,PERNIAGAAN LEE SIK,"NO 15-A JALAN BESAR, ULU BERANANG BERANANG",71750,,Others,CENTRAL,CENTRAL,2.895830631,101.9276505,SPV,977.44,11,33060,COMRB17,,,,,,,,
700_P409,PERNIAGAAN WENG HUATT,"NO:1049   LORONG SRI PULAI 38/2, TAMAN SRI PULAI 3",-,70400 SEREMBAN  NSDK,Others,CENTRAL,CENTRAL,2.749060869,101.9476929,CMH,1564.36,7.8,33060,COMRB17,,,,,,,,
700_P425,PERNIAGAAN S ABDUL HAMID,"PERNIAGAAN S ABDUL HAMID, NO 524 JALAN SEREMBAN TIGA 15",-,SEREMBAN 3  70300 S'BAN. NSDK,Others,CENTRAL,CENTRAL,2.676188946,101.9355621,SPV,458.73,5.8,33060,COMRB13,,,,,,,,
700_P448,PRECISE HEALTH,"NO.270-G JALAN HARUAN 5/7, PUSAT KOMERSIAL OAKLAND 2",-,70300 SEREMBAN. NSDK,Others,CENTRAL,CENTRAL,2.702446699,101.9190826,OTH,37586.4,1.8,33060,COMRB10,,,,,,,,
700_P459,PASARAYA N.S. SDN BHD-BAHAU-(700-P007),"NO.3997-3999,JALAN BATU BAKAR,PUSAT , PERNIAGAAN TAMAN RIA",72100,72100 BAHAU,Others,CENTRAL,CENTRAL,2.80750823,102.4075089,WHS,3851.7,2,33060,COMRB12,,,,,,,,
700_P462,PETRON TWINVEST MAMBAU,"LOT 13782 -13783 KM 5 1/2, JALAN PORT DISCKSON",71000,MAMBAU.,Others,CENTRAL,CENTRAL,2.678711176,101.9277039,PMS,245.12,3.2,33060,COMRB13,,,,,,,,
700_P464,PEMBORONG M&M CERIA,"NO 49 - 50 JALAN MAHAJAYA, PD CENTRE POINT",70100,,Others,CENTRAL,CENTRAL,2.522302389,101.8009109,SPV,420.82,9.4,33060,COMRB13,,,,,,,,
700_P468,RAIHAN MINI MARKET ( 700-R233),"NO.3 PUSAT PERNIAGAAN, FELDA SERTING HILIR KOMPLEKS",72120,,Others,CENTRAL,CENTRAL,2.94731164,102.4946213,SPV,4436.06,18.6,33060,COMRB12,,,,,,,,
700_R001,RASAH JAYA DAILY MART SDN BHD,"NO. 3384  JALAN RJ 6/1, TAMAN RASAH JAYA",-,70300 SEREMBAN  NSDK.,Others,CENTRAL,CENTRAL,2.679921627,101.9477768,SPV,7096.3,11.4,33060,COMRB13,,,,,,,,
700_R002,ROHAIZAT TRADING,"NO. 7-B  JALAN BESAR, 71200 RANTAU  NSDK.",71200,,Others,CENTRAL,CENTRAL,2.590015888,101.9640961,SPV,991.32,8.4,33060,COMRB13,,,,,,,,
700_R004,RIAS MINI MARKET,"NO. 109 TAMAN PERTAMA, 71000 PORT DICKSON NSDK.",71000,,Others,CENTRAL,CENTRAL,2.55253768,101.806282,SPV,2454.86,13.8,33060,COMRB13,,,,,,,,
700_R007,RAJEN STORE,"NO. 706  LORONG BM 20/1, TAMAN BUKIT MUTIARA",-,70200 SEREMBAN  NSDK.,Others,CENTRAL,CENTRAL,2.765175819,101.9274368,SPV,239.39,4.4,33060,COMRB17,,,,,,,,
700_R010,SAAI RUSHAAN ENTERPRISE,"NO.1 & 2 JALAN 1/11, BANADAR EKAR RANTAU",-,71200 RANTAU   NSDK,Others,CENTRAL,CENTRAL,2.593183517,101.9600906,SPV,1193.56,5.4,33060,COMRB13,,,,,,,,
700_R013,RAMESH MINI MARKET,"NO. 4453  TAMAN MUHIBBAH, 71000 PORT DICKSON  NSDK.",71000,,Others,CENTRAL,CENTRAL,2.529034138,101.8031998,SPV,424.01,9.6,33060,COMRB13,,,,,,,,
700_R020,REN MENG TRADING,"NO. 77 LRG BANDAR BARU 1/1, BANDAR BARU LUKUT",71010,LUKUT,Others,CENTRAL,CENTRAL,2.569689,101.828656,CMH,228.24,7.2,33060,COMRB13,,,,,,,,
700_R023,THANGAIYAN PILLAI PROVISION STORE,NO.46 JALAN BUKIT TEMBOK,70300,,Others,CENTRAL,CENTRAL,2.720469952,101.9357529,SPV,331.65,4.2,33060,COMRB16,,,,,,,,
700_R040,RJ FAMILY STORE SDN BHD,"NO. 3745 &3746 JALAN RJ 6/12, TAMAN RASAH JAYA",-,70300 SEREMBAN NSDK.,FS,CENTRAL,CENTRAL,2.680412054,101.9437332,SMT,121039.4,59.4,33060,COMRB10,,,,,,,,
700_R041,RANTAU PHARMACY,"210 JALAN BESAR RANTAU, 71200 RANTAU NSDK.",71200,,Others,CENTRAL,CENTRAL,2.5883255,101.9636765,OTH,2286.83,10.6,33060,COMRB13,,,,,,,,
700_R062,ROSLI ASMARY ENTERPRISE,"NO 12  JALAN BESAR FELDA PALONG 12, 73430 GEMAS  NEGERI SEMBILAN.",73430,,Others,CENTRAL,CENTRAL,2.832872391,102.5795441,SPV,157.22,4.4,33060,COMRB12,,,,,,,,
700_R069,ROZY PD FROZEN (700-R243),"NO 6B,BANGUNAN MARA MUKIM SI RUSA(JALAN PANTAI), BATU 4 JALAN PANTAI,",71050,"71050 SI RUSA,NSDK",Others,CENTRAL,CENTRAL,2.501552582,101.8376236,OTH,519.58,7,33060,COMRB13,,,,,,,,
700_S001,PASAR MINI HUP HIN TEMPLER FLAT,"NO. 5-D TEMPLER FLAT, 70200 SEREMBAN NSDK.",70200,(200KG),Others,CENTRAL,CENTRAL,2.735207081,101.9324341,SPV,0,0,33060,COMRB17,,,,,,,,
700_S002,SEREMBAN TRADING,"NO. 10  JALAN TUN DR. ISMAIL, 70000 SEREMBAN  NSDK.",70000,,Others,CENTRAL,CENTRAL,2.731813431,101.9371719,CMH,926.74,4.2,33060,COMRB17,,,,,,,,
700_S003,SYKT.BAN HONG TRADING,"NO. 9  JALAN KONG SANG, 70000 SEREMBAN  NSDK.",70000,,Others,CENTRAL,CENTRAL,2.72827816,101.9369965,OTH,493.56,4.8,33060,COMRB16,,,,,,,,
700_S005,STH MINI MARKET,"NO.689   TAMAN RASAH JAYA, 70300 SEREMBAN. NSDK",70300,,Others,CENTRAL,CENTRAL,2.6814816,101.9397507,SPV,943.88,8.4,33060,COMRB13,,,,,,,,
700_S009,SYARIKAT KHOON SENG ( CHOP KHOON SENG),"NO. 32 JALAN SIOW LOONG HIN, 70000 SEREMBAN NSDK.",70000,,Others,CENTRAL,CENTRAL,2.728115797,101.9391708,OTH,1587.13,8,33060,COMRB16,,,,,,,,
700_S011,SYKT. PER. HUP FATT,"NO. 679  RASAH JAYA, 70300 SEREMBAN  NSDK.",70300,TEL: 06-6313975,Others,CENTRAL,CENTRAL,2.682148218,101.9393463,SPV,276.16,8.6,33060,COMRB13,,,,,,,,
700_S016,SRI MURUGAYA TRADING (700-S495),"NO 66,JALAN BESAR,, 71200 RANTAU NSDK.",71200,,Others,CENTRAL,CENTRAL,2.587391615,101.9627533,SPV,649.72,7.6,33060,COMRB13,,,,,,,,
700_S040,KEDAI RUNCIT SYED BASHA (700-K449),"LOT 13638,KEDAI RUNCIT KG PAYA,, 71000 PORT DICKSON,NSDK",-,,Others,CENTRAL,CENTRAL,2.544226426,101.8140431,SPV,1809.71,13.4,33060,COMRB13,,,,,,,,
700_S041,SARDANA STORE,"NO. 14  BATU 7  TELOK KEMANG, 71050 PORT DICKSON  NSDK.",71050,,Others,CENTRAL,CENTRAL,2.466156483,101.8549957,SPV,193.25,5.8,33060,COMRB13,,,,,,,,
700_S053,KEDAI RUNCIT FAIZA,"NO. 6103-A JALAN KG. ISMAIL, SIAMANG AMPANGAN",70400,70400 SEREMBAN. NSDK,Others,CENTRAL,CENTRAL,2.72846961,101.9647064,SPV,5009.18,8.6,33060,COMRB16,,,,,,,,
700_S054,SUHAILA MINI MARKET,"NO. 48  JALAN BAHAGIA, TAMAN DATO' SHAHBANDAR",-,AMPANGAN  70400 SEREMBAN NSDK,Others,CENTRAL,CENTRAL,2.719541788,101.9651337,SPV,570.04,4.6,33060,COMRB16,,,,,,,,
700_S057,SYKT. STYLE STORE (JELEBU),"125  JALAN DATO MOYANG SALLEH, 71600 KUALA KLAWANG",71600,JELEBU  NSDK,Others,CENTRAL,CENTRAL,2.939711094,102.0710449,OTH,305.55,5.8,33060,COMRB17,,,,,,,,
700_S060,PASARAYA SSR SENAWANG,"NO.1&  3 TAMAN SRI MAWAR 2, LORONG 12/1",-,70450 SENAWANG NSDK.,Others,CENTRAL,CENTRAL,2.692346096,101.9751434,SPV,347.43,5.6,33060,COMRB16,,,,,,,,
700_S065,P/M SAN WENG HENG BAHAU,"NO. 18  JALAN BESAR, LADANG GEDDES",72100,72100 BAHAU  NSDK.,Others,CENTRAL,CENTRAL,2.861704111,102.5224609,SPV,8887.7,20.8,33060,COMRB12,,,,,,,,
700_S073,SOON TECK(W),"NO. 310 JALAN MUAR, 72000 KUALA PILAH NSDK.",72000,(40 tan),Others,CENTRAL,CENTRAL,2.741204739,102.2501831,WHS,14469.86,2,33060,COMRB12,,,,,,,,
700_S089,SYARIKAT LIAN HUAT,"NO. 52  JALAN BESAR, 71800 NILAI  NSDK.",71800,,Others,CENTRAL,CENTRAL,2.801845074,101.7976608,SPV,333.23,7,33060,COMRB10,,,,,,,,
700_S091,SYARIKAT SARVANA,"NO. A-509TAMAN SENTOSA, 72000 KUALA PILAH NSDK.",72000,,Others,CENTRAL,CENTRAL,2.734659433,102.2409439,SPV,2589.17,7.8,33060,COMRB12,,,,,,,,
700_S100,SYARIKAT RIZWAN,"NO. 110  JALAN YAM TUAN, 72000 KUALA PILAH  NSDK.",72000,TEL: 06-4811185,Others,CENTRAL,CENTRAL,2.739008904,102.2484131,SPV,764.02,7,33060,COMRB12,,,,,,,,
700_S103,SYARIKAT YIN SANG,"NO. 2830  JALAN SJ 3/6A, TAMAN SEREMBAN JAYA",-,70450 SEREMBAN  NSDK.,Others,CENTRAL,CENTRAL,2.682091475,101.9719086,CMH,2024.12,9.2,33060,COMRB16,,,,,,,,
700_S119,SIN NG WING SUN M/M,"NO. 2024 TAMAN RIA, 71000 PORT DICKSON NSDK.",71000,H/P: 012-3170309,Others,CENTRAL,CENTRAL,2.553286314,101.8060226,SPV,952.51,6.6,33060,COMRB13,,,,,,,,
700_S135,SETOR BISMILLAH (CAW 2)GEDONG LALANG,"NO. 10-162  GEDONG LALANG, 70400 AMPANGAN  SEREMBAN",70400,NEGERI SEMBILAN DARUL KHUSUS.,Others,CENTRAL,CENTRAL,2.724271297,101.9710312,SPV,1744.45,8.4,33060,COMRB16,,,,,,,,
700_S144,STWO FAMILY STORE SDN. BHD.,"NO. 919-922 JALAN S2 F23, GARDEN HOMES SEREMBAN 2",-,70300 SEREMBAN NSDK.,FS,CENTRAL,CENTRAL,2.682851553,101.9042435,LPV,76076.48,65.8,33060,COMRB10,,,,,,,,
700_S146,SWEE FOONG MINI MARKET,"NO. 2 TAMAN INTAN PERDANA, 71000 PORT DICKSON NSDK.",71000,,Others,CENTRAL,CENTRAL,2.448180199,101.868927,SPV,254.14,6.6,33060,COMRB13,,,,,,,,
700_S148,SARAVANA TRADING,"NO. 110  TAMAN DESA MELANG, FASA 2  72000 KUALA PILAH",72000,NEGERI SEMBILAN DARUL KHUSUS.,Others,CENTRAL,CENTRAL,2.740011692,102.2237015,SPV,833.23,6.6,33060,COMRB12,,,,,,,,
700_S149,STANLEY STORE,"NO. 1  KM 20 JALAN AYER HITAM KEMAYAN, AIR HITAM BANDAR SERI JEMPOL",-,72120 B. BARU SERTING  BAHAU  NSDK.,Others,CENTRAL,CENTRAL,2.948563814,102.3830795,SPV,994.8,10.4,33060,COMRB12,,,,,,,,
700_S194,SIONG WONG TRADING,"NO. 96A, KG. CHENNAH,, KENABOL, JELEBU, NSDK.",70200,,Others,CENTRAL,CENTRAL,3.090410948,102.0739517,SPV,1098.92,7.4,33060,COMRB17,,,,,,,,
700_S200,SIKAMAT FAMILY STORE S/B,"NO. 10-12 LORONG DESA KIARA, 2/3 TAMAN DESA KIARA",70400,,FS,CENTRAL,CENTRAL,2.747156858,101.9636307,SMT,64742.91,31.6,33060,COMRB16,,,,,,,,
700_S201,SALAK MINI MARKET,"NO. 7  JALAN BESAR, SALAK  43900 SEPANG",43900,SELANGOR DARUL EHSAN.,Others,CENTRAL,CENTRAL,2.782263,101.750594,SPV,225.33,6.4,33060,COMRB10,,,,,,,,
700_S203,SAR NILAM ENTERPRISE,"NO. 1  AKED M.D.J., SIMPANG DURIAN",72400,72400 SIMPANG DURIAN  NSDK.,Others,CENTRAL,CENTRAL,3.105302095,102.2211075,SPV,6827.46,24,33060,COMRB12,,,,,,,,
700_S217,MUHRIZ MART (700-M067),"LOT 141,KAMPONG JIBOI,, 70400 SEREMBAN,NSDK",70400,( 500KG),Others,CENTRAL,CENTRAL,2.731881618,101.9675369,SPV,2570.78,9,33060,COMRB16,,,,,,,,
700_S220,AZDA GEMILANG ENTERPRISE (700-A032),"LOT 2086-GM1703, JLN KUALA PILAH-BAHAU",-,72100 BAHAUNSDK.,Others,CENTRAL,CENTRAL,2.75974369,102.2565842,PMS,842.15,4,33060,COMRB12,,,,,,,,
700_S222,SENG HONG MINI MARKET,"30 TAMAN REMBAU JAYA, 71300 REMBAUNSDK",71300,( 1000 KG),Others,CENTRAL,CENTRAL,2.593834877,102.0782623,SPV,1154.58,7.4,33060,COMRB16,,,,,,,,
700_S246,SUTERA ENERGY PETROL STATION (700-S497),"SHELL JALAN RASAH,, 70300 SEREMBAN,NSDK.",70300,,Others,CENTRAL,CENTRAL,2.703094959,101.9405823,PMS,210.14,2.4,33060,COMRB10,,,,,,,,
700_S256,SIKAMAT POINT,"NO.36-38 JLN COLLEGE HEIGHTS 1, TMN COLLEGE HEIGHTS  SIKAMAT",-,70400 SEREMBAN. NSDK,Others,CENTRAL,CENTRAL,2.747276545,101.9709091,SPV,1674.45,3,33060,COMRB17,,,,,,,,
700_S262,SAVEMART TRADING,"NO. 8 - 8A LORONG ANEKA 1, TAMAN ANEKA   BT 9 JALAN PANTAI",71050,71050 TELOK KEMANG. NSDK,Others,CENTRAL,CENTRAL,2.430093,101.863384,SPV,1229.92,8,33060,COMRB13,,,,,,,,
700_S275,SENG HUATLENGGENG,"NO 12  JALAN BESAR, 71750 ULU BERANANG",71750,S'GOR DARUL EHSAN.,Others,CENTRAL,CENTRAL,2.895647526,101.9276428,SPV,524.17,8.2,33060,COMRB17,,,,,,,,
700_S283,S.SASHAN'S MINI MARKET,"NO 22   JALAN DT 7, TAMAN DESA TEMIANG",-,70200 SEREMBAN  NSDK,Others,CENTRAL,CENTRAL,2.762615204,101.9359818,SPV,966,9.2,33060,COMRB17,,,,,,,,
700_S291,ROSWEL ENTERPRISEMANTIN,"NO 6 JALAN UTL 6, BANDAR UNIVERSITY TEKNOLOGI",-,LEGENDA 71700  MANTIN,Others,CENTRAL,CENTRAL,2.822044373,101.8712311,CON,-41.96,14.2,33060,COMRB17,,,,,,,,
700_S296,SPECTRUM PHARMACY,"LOT 573510 TAMAN PANTAI MAS, 71000 PORT DICKSON",71000,NEGERI SEMBILAN.,Others,CENTRAL,CENTRAL,2.556654453,101.8070068,OTH,42.81,7.4,33060,COMRB13,,,,,,,,
700_S298,SRI RANTAU FOOD MART(C),"NO.3713/216 TAMAN PASIR MAS, 71200 RANTAU   NSDK",71200,8.00AM-12.00PM  2.00PM-6.00PM,Others,CENTRAL,CENTRAL,2.587821484,101.9608459,SPV,2887.72,12.6,33060,COMRB13,,,,,,,,
700_S315,SENAWANG FAMILY STORE SDN BHD,"17-22 JALAN ANGGGERIK 1, TAMAN DESA ANGGERIKSENAWANG",70450,SEREMBAN.,FS,CENTRAL,CENTRAL,2.693485,101.992309,LPV,54395.05,20.4,33060,COMRB16,,,,,,,,
700_S331,SHC VALUE MART (700-S488),"119-121 JALAN BESAR TITI,, JELEBU ,NEGERI SEMBILAN",71650,,Others,CENTRAL,CENTRAL,2.997884274,102.0770187,SPV,2558.24,11.8,33060,COMRB17,,,,,,,,
700_S343,SP ZEMART SDN BHD,"NO 13-22 JALAN SERI PANDAN 1, TAMAN SERI PANDAN SIKAMAT",70400,SEREMBAN,ZEMART,CENTRAL,CENTRAL,2.747287512,101.9709015,SMT,129730.56,55,33060,COMRB13,,,,,,,,
700_S393,SHING YONG ENTERPRISE,"NO.5-10 TAMAN MUTIARA, KAMPUNG INDAH",72100,,Others,CENTRAL,CENTRAL,2.806426764,102.4138565,WHS,20605.66,1,33060,COMRB12,,,,,,,,
700_S401,SOON TECK KUALA PILAH ENTERPRISE,NO.304 JLN DATO ULU MUAR,72000,,Others,CENTRAL,CENTRAL,2.741178989,102.2498398,SPV,781.14,7.4,33060,COMRB12,,,,,,,,
700_S411,PUAN CHIK SUPER MART (700-P584),4079   TAMAN TUNKU PUAN CHIK,72100,,Others,CENTRAL,CENTRAL,2.804561615,102.374649,SPV,656.31,8,33060,COMRB12,,,,,,,,
700_S412,SYARIKAT AMIN,"458  PD UTAMA, JALAN PANTAI",71000,PORT DISCKSONNS,Others,CENTRAL,CENTRAL,2.516933441,101.8300476,SPV,2698.36,12.8,33060,COMRB13,,,,,,,,
700_S413,KEDAI RUNCIT SITI HALINA MAJU,"NO.11 KEDAI FELDA, PUSAT BANDAR PALONG 4 5 6",70343,,Others,CENTRAL,CENTRAL,2.738509893,102.6454468,SPV,417.28,6.6,33060,COMRB12,,,,,,,,
700_S418,SRI MINANG CASH & CARRY (KUALA PILAH) SDN BHD,LOT 1334-1344  JALAN BAHAU,72000,,Others,CENTRAL,CENTRAL,2.752815008,102.2493057,SPV,7116.38,21.6,33060,COMRB12,,,,,,,,
700_S424,KEDAI RUNCIT JMI,NO.5192 BLOCK C   JLN TMN DATO SHAH BANDAR,70400,,Others,CENTRAL,CENTRAL,2.721493244,101.9644623,SPV,418.64,6.8,33060,COMRB16,,,,,,,,
700_T002,T.B.R.SHOPPING CENTRE S/B(W),"NO. 43 JALAN TUANKU MUNAWIR, 70000 SEREMBAN NSDK.",70000,,Others,CENTRAL,CENTRAL,2.726543427,101.9370499,OTH,1485.72,4.8,33060,COMRB16,,,,,,,,
700_T013,TECK SENG MEDICAL HALL,"NO. 29  JALAN DATO ABDULLAH, KUALA KLAWANG",71600,71600 JELEBU  NSDK.,Others,CENTRAL,CENTRAL,2.939999104,102.0704956,CMH,654.5,7.6,33060,COMRB17,,,,,,,,
700_T024,TEE HIAP HUATKP,"NO. 19  LISTER ROAD, 72000 KUALA PILAH  NSDK.",72000,,Others,CENTRAL,CENTRAL,2.741135836,102.2488098,SPV,285.13,9.6,33060,COMRB12,,,,,,,,
700_T025,TIAN & GUAN TRADING,"NO. 35  PEKAN SENALING, 72000 KUALA PILAH  NSDK.",72000,(500KG),Others,CENTRAL,CENTRAL,2.708443403,102.2505569,SPV,404.92,4,33060,COMRB12,,,,,,,,
700_T026,TF VALUE MART SDN BHD-PD,"NO.15 JALAN WATERFRONT 3, PD WATERFRONT",71000,,TFV,CENTRAL,CENTRAL,2.522060394,101.8004456,SMT,60126.45,24,33060,COMRB10,,,,,,,,
700_T027,KEDAI RUNCIT TACK KEE,"NO. 14  SIMPANG DURIAN, 72000 VIA KUALA PILAH  NSDK.",72000,,Others,CENTRAL,CENTRAL,3.098476171,102.2187347,SPV,214.01,5.2,33060,COMRB12,,,,,,,,
700_T028,CHOP TAI SEN TONG,"NO. 1 JALAN BESAR BANDAR, BARU LUKUT 71010 LUKUT",-,PORT DICKSON NSDK.,Others,CENTRAL,CENTRAL,2.570156097,101.8293686,CMH,-185.24,6.8,33060,COMRB13,,,,,,,,
700_T030,CHOP TECK HUAT (SPG.DURIAN),"NO. 8  PEKAN DESA PERMAI, 72400 SIMPANG DURIAN  JELEBU",72400,NEGERI SEMBILAN DARUL KHUSUS.,Others,CENTRAL,CENTRAL,3.095522404,102.2199249,SPV,206.5,5.6,33060,COMRB12,,,,,,,,
700_T047,TUT LEE TRADING CO.,"NO. 96C  JALAN TEMIANG, 70200 SEREMBAN  NSDK.",70200,,Others,CENTRAL,CENTRAL,2.733424425,101.9378967,SPV,630.31,4.2,33060,COMRB17,,,,,,,,
700_T048,TONG HUAT,"NO. 479 JALAN BESAR, 42800 TANJONG SEPAT",42800,SELANGOR DARUL EHSAN.,Others,CENTRAL,CENTRAL,2.660044909,101.5613022,SPV,627.77,4.4,33060,COMRB10,,,,,,,,
700_T050,THREE IN ONE ROUND EMPORIUM,"NO. 30 & 31  JALAN SRI TELAWI, TAMAN SRI TELAWI",-,70400 SEREMBAN  NSDK.,Others,CENTRAL,CENTRAL,2.728344917,102.0000763,SPV,290.4,6.4,33060,COMRB16,,,,,,,,
700_T063,TF MULTI FOOD MARKETING,"NO. 4&6  JALAN SJ 8/4A, TAMAN SEREMBAN JAYA",70450,70450 SEREMBAN  NSDK. (5TAN),Others,CENTRAL,CENTRAL,2.675676107,101.9780884,OTH,127.94,3.4,33060,COMRB16,,,,,,,,
700_T066,KEDAI RUNCIT THIAN YU,"NO. 28 JALAN BESAR, 71700 MANTIN NSDK.",71700,(500KG),Others,CENTRAL,CENTRAL,2.822871685,101.8950424,SPV,559.16,4.8,33060,COMRB17,,,,,,,,
700_T073,TYNEHEALTH PHARMACY,"NO. 4 JALAN KEMUNING 1, TAMAN KEMUNING",70450,70450 SENAWANG NSDK.,Others,CENTRAL,CENTRAL,2.692471743,101.9848175,OTH,2960.92,8.4,33060,COMRB16,,,,,,,,
700_T076,GRAND LEXIS PORT DICKSON,"THE LEGEND, BATU 2  JALAN SEREMBAN",-,71000 PORT DICKSON   NSDK,Others,CENTRAL,CENTRAL,2.551347733,101.796402,OTH,0,0,33060,COMRB13,,,,,,,,
700_T090,TITI MINI MARKET,"NO.137   JALAN BESAR, MAHFONG 71650 TIT  NSDK",-,,Others,CENTRAL,CENTRAL,2.999008894,102.0779495,SPV,605.35,8.6,33060,COMRB17,,,,,,,,
700_T094,TQ BESTARI ENTERPRISE,"NO 6   KG MENGKAN, 71600 KUALA KLAWANG",71600,NEGERI SEMBILAN D.K.,Others,CENTRAL,CENTRAL,2.944170237,102.0648346,SPV,2456.16,11,33060,COMRB17,,,,,,,,
700_T105,22 MART SND BHD,"NO.10-11 A JALAN U A 1, TAMAN DATO UNDANG ABDULLAH",71600,KUALA KLAWANG,Others,CENTRAL,CENTRAL,2.933373928,102.0654602,SPV,8264.81,14.6,33060,COMRB17,,,,,,,,
700_U010,U FATT MINI MART,"NO. 1 JALAN 1 DESA PELANGI, LENGGENG 71700 MANTIN NSDK.",-,,Others,CENTRAL,CENTRAL,2.83106757,101.8970061,SPV,745,5.8,33060,COMRB17,,,,,,,,
700_V011,VISHNU MOHAN MINIMARKET,"BATU 1/2  JALAN SEREMBAN, NO 6  TAMAN SEJAHTERA",-,71000 PORT DICKSON.,Others,CENTRAL,CENTRAL,2.526119232,101.792511,SPV,426.74,8.2,33060,COMRB13,,,,,,,,
700_V015,VAASHINI ENTERPRISE,"NO. A13  LOT 5738 TMN PANTAI MAS, BT 2 1/2   JLN SEREMBAN.",71000,SEREMBAN,Others,CENTRAL,CENTRAL,2.5552423,101.8066483,SPV,2015.62,14.8,33060,COMRB13,,,,,,,,
700_W002,WAN CHOON TONG TRADING S/B,"12  JLN DATO' BANDAR TUNGGAL, 70000 SEREMBAN  NSDK.",70000,,Others,CENTRAL,CENTRAL,2.728571653,101.9377289,CMH,867.08,3,33060,COMRB17,,,,,,,,
700_W004,PERNIAGAAN WAN FOONG,"NO. 2802  JALAN SJ 3/1A, TAMAN SEREMBAN JAYA",-,70450 SEREMBAN  NSDK.,Others,CENTRAL,CENTRAL,2.681795597,101.9727173,CMH,850.44,4,33060,COMRB16,,,,,,,,
700_W009,WAARI STORE,"NO. 2 GERAI RUMAH RAKYAT, 71150 LINGGI NSDK.",71150,,Others,CENTRAL,CENTRAL,2.497401714,102.0025635,SPV,397.71,7.8,33060,COMRB13,,,,,,,,
700_W028,KEDAI BORONG WAJAS'BAN JAYA,"3948-3949   JALAN SJ 8/4B, SEREMBAN JAYA",-,70450 SEREMBAN. NSDK,Others,CENTRAL,CENTRAL,2.675190926,101.9781342,WHS,2194.9,1.2,33060,COMRB16,,,,,,,,
700_Y001,YIN FOH MEDICINE STORE (BR),"6  JALAN DATO BANDAR TUNGGAL, 70000 SEREMBAN  NSDK.",70000,,Others,CENTRAL,CENTRAL,2.729052782,101.9378052,CMH,545.48,3.6,33060,COMRB16,,,,,,,,
700_Y004,YEE ANN TRADING,"NO. 3713/148  TAMAN PASIR MAS, 71200 RANTAU  NSDK.",71200,,Others,CENTRAL,CENTRAL,2.587620735,101.9614563,SPV,197.92,6.4,33060,COMRB13,,,,,,,,
700_Y005,YIN ONN MEDICAL HALL,"NO. 305  TAMAN YOON FOOK, JALAN TAMPIN  NSDK.",-,,Others,CENTRAL,CENTRAL,2.70046711,101.9627228,CMH,232.8,5.4,33060,COMRB16,,,,,,,,
700_Y011,YEE ONN TONG,"NO. 76  MAIN ROAD TITI, JELEBU  NSDK.",-,,Others,CENTRAL,CENTRAL,2.997274876,102.0760956,CMH,2013.68,7.2,33060,COMRB17,,,,,,,,
700_Y014,YEW LEE LENGGENG,"NO 7   JALAN BESAR, LENGGENG .",71750,,Others,CENTRAL,CENTRAL,2.855370522,101.9420013,SPV,453.53,5.4,33060,COMRB17,,,,,,,,
700_Y020,Y.L. SEREMBAN TRADING S/B,"NO. 18 JLN LOMBONG EMAS 13, KAWASAN PERINDUSTRIAN RINGAN",70200,JALAN TUN DR. ISMAIL,Others,CENTRAL,CENTRAL,,,WHS,71843.89,3.6,33060,COMRB07,,,,,,,,
700_Y025,YAN SEW TRADING AND M/H S/B,"LOT 1184 BATU 2, JALAN TAMPIN GEMAS.",73400,NSDK,Others,CENTRAL,CENTRAL,,,WHS,32137.38,6.6,33060,COMRB07,,,,,,,,
700_Y028,KEDAI UBAT CYH YIN FOH (700-K438),"NO 37,JALAN SIOW LOONG HIN,, BANDAR SEREMBAN,NSDK",70000,,Others,CENTRAL,CENTRAL,2.728629351,101.9388504,CMH,9975.5,6.2,33060,COMRB16,,,,,,,,
700_Y040,KEDAI RUNCIT YUNG SHIN,"50, JALAN TERIANG,, PETALING JELEBU",-,71600 NSDK,Others,CENTRAL,CENTRAL,2.949410677,102.0587158,SPV,1190.63,9.6,33060,COMRB17,,,,,,,,
700_Y043,SHAHAYA ENTERPRISEAMPANGAN,"BLOCK D-7 RUMAH PANGSA PAROI, LOT 20280 MUKIM AMPANGAN",-,70400 S'BAN NSDK,Others,CENTRAL,CENTRAL,2.719944,101.991951,SPV,1200.2,9.2,33060,COMRB16,,,,,,,,
700_Y048,KEDAI YUN LOONG,"35  KG. BARU AIR HITAM, 72120 BAHAU",72120,,Others,CENTRAL,CENTRAL,2.928814888,102.3763046,SPV,4307,8.2,33060,COMRB12,,,,,,,,
700_Y053,YEN FOH ENTERPRISE,"NO.11 PERSIARAN MERPATI 1, TAMAN MERPATI",-,OFF JALAN TAMPIN,Others,CENTRAL,CENTRAL,2.690773726,101.9655151,CMH,1159.44,6.8,33060,COMRB16,,,,,,,,
700_Y057,YAKIN MAJU PERUNCIT &PEMBORONG SDN BHD,NO 15-16 JALAN NERINGIN 2,72200,,Others,CENTRAL,CENTRAL,2.830786705,102.3171997,WHS,-474.85,2.4,33060,COMRB12,,,,,,,,
700_Y065,ANM LUMIERE ENTERPRISE -A143,"NO. 250  BLOCK C 15, FELDA LUI TIMUR",72120,,Others,CENTRAL,CENTRAL,3.065069199,102.4128036,SPV,913.02,10.2,33060,COMRB12,,,,,,,,
700_Z002,ZHONG YANG TRADING,"A-12  KAMPUNG BAHRU RAHANG, 70450 SEREMBAN  NSDK.",70450,,Others,CENTRAL,CENTRAL,2.696576595,101.9650803,SPV,386.34,8.8,33060,COMRB13,,,,,,,,
700_Z004,ZHNG MINI MARKET (700-Z029),"NO. 42  PEKAN ROMPIN, 73500 ROMPIN  NSDK.",73500,,Others,CENTRAL,CENTRAL,2.705617905,102.5030518,SPV,381.84,5,33060,COMRB12,,,,,,,,
COM700_A114,PASAR MINI AST,167  TAMAN AST,70200,SEREMBAN,Others,CENTRAL,CENTRAL,2.725150108,101.9285126,SPV,794.34,4.8,33060,COMRB17,,,,,,,,
COM700_B092,BANG SHENG TRADING,"LOT A3,A7,A11,A15,A19,A23,A27,A31,A35, BLOCK A  PASAR BORONG NILAI 3",71800,NILAI,Others,CENTRAL,CENTRAL,2.853023529,101.7998352,WHS,12023.29,2.2,33060,COMRB17,,,,,,,,
COM700_E044,EMELIA SUAIB SERVICE STATION SDN BHD (700-E057),"PETRONAS, LOT A,LOT 9359 HS(D) 119818,",70300,"BANDAR SEREMBAN 2,MUKIM RASAH,",Others,CENTRAL,CENTRAL,2.682004929,101.9029236,PMS,290.62,5.8,33060,COMRB10,,,,,,,,
COM700_F084,FULLY STORE,52  JALAN BESAR   PASIR PANJANG,71250,PD,Others,CENTRAL,CENTRAL,2.427086115,101.9311981,SPV,1301.15,9.8,33060,COMRB13,,,,,,,,
COM700_G069,GROCER ROSWEL RESOURCES SDN BHD,"LOT UG-003 UNIVILLAGE CLUBHOUSE, PANGSAPURI UNIVILLAGE  JALAN UNIVILLAGE",43500,SEMENYIH,Others,CENTRAL,CENTRAL,2.943526745,101.8718338,SPV,6205.43,26.6,33060,COMRB17,,,,,,,,
COM700_H126,HENTIAN GEMILANG ENTERPRISE(PETRON),"LOT 2378 KM 271.5 LEBUHRAYA, KUALA.LUMPUR - SEREMBAN (ARAH UTARA)MUKIM LABU",71900,SEREMBAN,Others,CENTRAL,CENTRAL,2.754909992,101.8530655,PMS,912.89,2.8,33060,COMRB10,,,,,,,,
COM700_K088,KIM SINS ENTERPRISE,"NO. 10  JALAN BESAR, 71750 LENGGENG  NSDK.",71750,,Others,CENTRAL,CENTRAL,2.855638981,101.9419022,SPV,624.31,7.6,33060,COMRB17,,,,,,,,
COM700_K169,KEDAI RUNCIT FORHIN PERTANG,"NO. 9  & 10  JALAN BESAR PERTANG, SIMPANG PERTANG",72300,SIMPANG PERTANG,Others,CENTRAL,CENTRAL,2.960819483,102.2192841,SPV,6815.12,11.4,33060,COMRB12,,,,,,,,
COM700_K173,KEDAI UBAT CHOO SAN WHO,"NO. 70  JLN PASAR BESAR LUKUT, 71010 LUKUT  PORT DICKSON",71010,NEGERI SEMBILAN DARUL KHUSUS.,Others,CENTRAL,CENTRAL,2.566352606,101.8280106,CMH,879.72,6.8,33060,COMRB13,,,,,,,,
COM700_K382,LEXIS HIBISCUS PORT DICKSON,"KL METRO SDN BHD, BT12   JALAN PANTAI",71250,PASIR PANJANG,Others,CENTRAL,CENTRAL,2.418750763,101.8742828,OTH,0,0,33060,COMRB13,,,,,,,,
COM700_M084,MINI MARKET GATCO R&C,"LOT 2241-2242 SERAMPANG INDAH, BANDAR BARU SERTING",72120,SERTING,Others,CENTRAL,CENTRAL,3.0060184,102.4427948,SPV,1258.93,6.4,33060,COMRB12,,,,,,,,
COM700_M191,MK KASSIM ENTERPRISE,KAMPUNG MANTIN DALAM,71700,SEREMBAN,Others,CENTRAL,CENTRAL,2.816423655,101.8882141,SPV,813.54,4.2,33060,COMRB17,,,,,,,,
COM700_N069,PASARAYA MOHAMEDIYAH (700-P580),"A1-G-04& G-05 BLOCK CYCAS, TAMAN DESA PALMA",71800,BANDAR BARU NILAI,Others,CENTRAL,CENTRAL,2.812826633,101.7605896,SPV,465.55,11.2,33060,COMRB10,,,,,,,,
COM700_N073,NZ NEWS & CONVENIENCE (NZ-NO.31),"NO.31 JLN UTL 4, BANDAR UNIVERSITI TEKNOLOGI LAGENDA",71700,MANTIN,Others,CENTRAL,CENTRAL,2.821153879,101.8704453,SPV,3179.53,15.4,33060,COMRB17,,,,,,,,
COM700_P028,PERNIAGAAN YEA FU,"NO. 4257 JALAN BESAR, TAMAN BUKIT PELANDOK",71960,PORT DICKSON,Others,CENTRAL,CENTRAL,2.647033453,101.7468491,CMH,1557.1,3,33060,COMRB10,,,,,,,,
COM700_P441,MUSTAQEEM ROSLI TRADING (700-M237),"NO2  TINGKAT BAWAH, JALAN TAMAN AMPANG TINGGI 1/1  TAMAN AMPANG TINGGI",72000,KUALA PILAH,Others,CENTRAL,CENTRAL,2.735194206,102.2289963,SPV,3025.53,11,33060,COMRB12,,,,,,,,
COM700_P487,PASARAYA MILLENNIUM (MANTIN) SDN BHD,3G5G JALAN BESAR MANTIN,71700,MANTIN,Others,CENTRAL,CENTRAL,2.827287,101.881063,SPV,4218.09,19.2,33060,COMRB17,,,,,,,,
COM700_P509,TK LOGES ENTERPRISE (700-T142),"NO 11 TAMAN INDAH, JLN GUNDOR BATU 2",71400,PEDAS,Others,CENTRAL,CENTRAL,2.587076426,102.049263,SPV,188.55,9,33060,COMRB16,,,,,,,,
COM700_P525,PERNIAGAAN RUNCIT BAN LIN,"NO 313  TAMAN SURIA, JALAN TUN DR.ISMAIL",70200,SEREMBAN,Others,CENTRAL,CENTRAL,2.739130735,101.9257355,CMH,1879.77,9.4,33060,COMRB16,,,,,,,,
COM700_P526,PD HING HING ENTERPRISE,NO 16  JALAN RAJA AMAN SHAH,71000,PORT DICKSON,Others,CENTRAL,CENTRAL,2.522709131,101.7954941,SPV,539.92,8.2,33060,COMRB13,,,,,,,,
COM700_S169,SHU BEE ENTERPRISE,"NO. 31&32  TAMAN REMBAU JAYA, CHEMBONG",71300,REMBAU,Others,CENTRAL,CENTRAL,2.593941689,102.0783386,SPV,328.99,6.6,33060,COMRB16,,,,,,,,
COM700_S439,DE AYAHANDA STORE (700-D012),"NO. 2 TAPAK KOPERASI, FELDA PALONG 7",73470,GEMAS,Others,CENTRAL,CENTRAL,2.822553,102.670897,SPV,1599.17,12,33060,COMRB12,,,,,,,,
COM700_S441,SAIBATUL NAJIHA MINI MARKET,"LOT 2239/2240, KAMPUNG SERAMPANG INDAH",72120,BANDAR SERI JEMPOL,Others,CENTRAL,CENTRAL,3.006015062,102.4428253,SPV,256,7.4,33060,COMRB12,,,,,,,,
COM700_V017,VETRI SUPERMARKET,NO 4799  TAMAN DESA PUTERI,72100,BAHAU,Others,CENTRAL,CENTRAL,2.785187006,102.4232254,SPV,959.25,7.6,33060,COMRB12,,,,,,,,
COM700_W046,WARISAN ULONG MUSHROOM,"NO.2  RUMAH CENDAWAN, FELDA PASOH 1",72300,SIMPANG PERTANG,Others,CENTRAL,CENTRAL,3.012483358,102.2700424,SPV,3942.08,16,33060,COMRB12,,,,,,,,
COM700_Y067,YPC MINI MARKET,"PT 7562   JALAN BBN  4/1A, DESA JASMINE",71800,BANDAR BARU NILAI,Others,CENTRAL,CENTRAL,2.812020779,101.801506,SPV,933.45,5.8,33060,COMRB10,,,,,,,,
COM700_Z006,ZAI FATT TRADING,NO. 477 JALAN PASAR,43950,SEPANG,Others,CENTRAL,CENTRAL,2.643166691,101.7160551,SPV,270.78,7.6,33060,COMRB10,,,,,,,,
CT0000000001,SIN SENG HIN(700_S406),NO.108 JALAN BESAR TANJONG IPOH,72000,KUALA PILAH,Others,CENTRAL,CENTRAL,2.740941763,102.1859894,SPV,198.75,3.6,33060,COMRB12,,,,,,,,
CT0000000265,CHOP HUP HIN-LENGGENG(700_C020),"NO. 6  JLN BESAR, ULU BERANANG",71750,LENGGENG,Others,CENTRAL,CENTRAL,2.895089865,101.9276047,SPV,465.87,5.2,33060,COMRB17,,,,,,,,
CT0000000283,FS FAMILY STORE SDN BHD(700_F087),NO.280  JALAN TUN DR. ISMAIL,70200,SEREMBAN,FS,CENTRAL,CENTRAL,2.738939285,101.926178,SMT,129308.54,55,33060,COMRB13,,,,,,,,
CT0000000368,ENG SOON -CATLEX -S'BAN(700-E020),"JALAN TUN DR. ISMAIL, 70200 SEREMBAN NSDK.",70200,,Others,CENTRAL,CENTRAL,2.739799023,101.9251938,PMS,450.85,1.6,33060,COMRB17,,,,,,,,
CT0000000410,SIN GUAN CHUAN MINI MARKET(700_S399),"NO.3 TAMAN ANEKA BATU 9 1/2, JALAN PANTAI SI RUSA",71050,TELUK KEMANG,Others,CENTRAL,CENTRAL,2.430338144,101.8633804,SPV,352.91,7,33060,COMRB13,,,,,,,,
CT0000000485,FRESH HOUZ ENTERPRISE(700-F088),"LOT 3356/31 TMN SIRUSA JAYA BATU 6, JLN PANTAI",71050,PORT DICKSON,Others,CENTRAL,CENTRAL,2.47567128,101.8564686,SPV,884.88,5.4,33060,COMRB13,,,,,,,,
CT0000000488,PEMBORONG HENG HUP(700-P444),"20  JLN PASAR BARU PORT DICKSON, OFF JALAN LAMA",71000,PORT DICKSON,Others,CENTRAL,CENTRAL,2.526468515,101.797699,SPV,366.3,9,33060,COMRB13,,,,,,,,
CT0000000489,ZUE BIZ ENTERPRISE(700-Z024),"STESEN MINYAK PETRONAS, LOT PT 10841 & 10842 JALAN S2/81 MUKIM RASAH",70300,SEREMBAN 2,Others,CENTRAL,CENTRAL,2.694333315,101.9171677,PMS,177.17,3.6,33060,COMRB10,,,,,,,,
CT0000000497,PEMBORONG BARANG RUNCIT HUP SOON(700-H071),"NO.771 JLN NILAI 3/4, KAWASAN PERINDUSTRIAN NILAI 3",71800,NILAI,Others,CENTRAL,CENTRAL,2.854720116,101.7990112,WHS,-4670.13,2,33060,COMRB10,,,,,,,,
CT0000000547,SALAM @ENSTEK MINI MART(700-S354),"LOT 5&6 VILLAGE@ENSTEK, BANDAR ENSTEK",71760,NILAI,Others,CENTRAL,CENTRAL,2.761893272,101.7633209,SPV,297.77,8.4,33060,COMRB10,,,,,,,,
CT0000000912,KEDAI UBAT BAN YIN TONG(700-K381),"NO.13-D&E, JALAN DATO BANDAR TUNGGAL",70000,SEREMBAN,Others,CENTRAL,CENTRAL,2.724476337,101.9388504,CMH,446.53,2.2,33060,COMRB16,,,,,,,,
CT0000000957,BAHAU ZEMART SDN BHD(700-B107),"PUSAT PERNIAGAAN KIARA, NO.98  JALAN KIARA 2",72100,BAHAU,ZEMART,CENTRAL,CENTRAL,2.810888529,102.3952026,SMT,153216.2,78.8,33060,COMRB12,,,,,,,,
CT3211004864,HOCK HIN LABU ENTERPRISE(700-H127),NO.72 JALAN BESAR BATU 10 LABU,71900,SEREMBAN,Others,CENTRAL,CENTRAL,2.754516602,101.824173,SPV,288.83,3.2,33060,COMRB10,,,,,,,,
CT3211004865,FS FAMILY STORE SDN BHD(REMBAU)(700-F090),"NO.4  JALAN RS 1, REMBAU SENTRAL",71309,SEREMBAN,FS,CENTRAL,CENTRAL,2.588899851,102.0987778,SMT,88353.08,30.8,33060,COMRB16,,,,,,,,
CT3211004992,22 MART SDN BHD (700-T118),"NO.772-774  JALAN NUSARI AMAN 3/1, MEDAN NUSARI 71950 BANDAR SRI SENDAYAN",71950,SENDAYAN,Others,CENTRAL,CENTRAL,2.659113407,101.877449,SPV,3973.23,13.6,33060,COMRB10,,,,,,,,
CT3211006123,NUR MINI MARKET (700_N094),"NO.E2  SERTING HILIR KOMPLEKS, 72100 BANDAR SRI JEMPOL.",72100,NSDK,Others,CENTRAL,CENTRAL,2.947688341,102.4927139,SPV,3699.05,17.6,33060,COMRB12,,,,,,,,
CT3211007362,ZULFAHIDA ENTERPRISE(700-Z030),"298 FELDA PASOH 4, 72300 SIMPANG PERTANG.",72300,SIMPANG PERTANG.,Others,CENTRAL,CENTRAL,3.011955023,102.298111,SPV,1001.4,13.2,33060,COMRB12,,,,,,,,
CT3211007363,NIVASH ENTERPRISE-N096,"GERAI NO.2   JALAN BESAH  AYER HITAM, 72120 BANDAR SERI JEMPOL.NSDK",72120,JEMPOL,Others,CENTRAL,CENTRAL,2.945281744,102.384697,SPV,2019.18,8.6,33060,COMRB12,,,,,,,,
CT3211007364,SHC VALUE MART (700-S487),"NO 13,JALAN BESAR,, 71600 KUALA KLAWANG,NSDK",71800,,Others,CENTRAL,CENTRAL,2.939718962,102.0705185,SPV,1000.33,7.6,33060,COMRB17,,,,,,,,
CT3211007366,TAKRIF OPTIMUM SDN BHD-T126,"PT 10871 PERSIARAN 1 SENDAYAN UTAMA, PUSAT DAGANGAN SENDAYAN",71950,BANDAR SRI SENDAYAN,Others,CENTRAL,CENTRAL,2.679500103,101.8635101,SPV,929.26,5.6,33060,COMRB10,,,,,,,,
CT3211007370,SHIN KONG LEE TRADING ( 700-S480 ),"NO 15,JALAN BESAR BUKIT PELANDOK,TAMAN, KEKWA,71960 PORT DICKSON,NSDK",71960,,Others,CENTRAL,CENTRAL,2.647817,101.746959,SPV,1733.99,6.2,33060,COMRB10,,,,,,,,
CT3211007403,CHOON SENG PASAR MINI -700_C110,"NO. 15  JALAN BESAR, 71400 PEDAS  NSDK.",71400,,Others,CENTRAL,CENTRAL,2.621702671,102.05793,SPV,1529.51,10,33060,COMRB16,,,,,,,,
CT3211007404,K INDERA CASH & CARRY-700-K425,"PT4112 26 LRG MATAHARI 1/1, TAMAN MATAHARI HEIGHTS",70450,70450 SENAWANG   NSDK,Others,CENTRAL,CENTRAL,2.70822835,101.993309,OTH,182.82,3.8,33060,COMRB16,,,,,,,,
CT3211007405,FAHALIFF ENTERPRISE-700_F089,"LOT 1  (PT 3650)  JALAN NILAI 7/2, KAWASAN PERINDUSTRIAN NILAI 7",71800,71800 NILAI. N.SEMBILAN.,Others,CENTRAL,CENTRAL,2.848409891,101.8147812,SPV,1795.69,6.8,33060,COMRB17,,,,,,,,
CT3211007422,ISZ MINI MARKET (700-I028),"NO.5 KALAN PEDAS INDAH 1, TAMAN PEDAS INDAH",71400,PEDAS  NSDK,Others,CENTRAL,CENTRAL,2.587045908,102.0490494,SPV,745.24,10.2,33060,COMRB16,,,,,,,,
CT3211007423,KEDAI RUNCIT HAJI MOHAMAD (700-H132),"NO. 2 JALAN ANDALAS UTAMA, TAMAN ANDALAS",71700,MANTIN,Others,CENTRAL,CENTRAL,2.815459013,101.8918839,SPV,-774.96,4.8,33060,COMRB17,,,,,,,,
CT3211007424,KEDAI UBAT XIN HONG (700-X006),"NO.152   JALAN YAM TUAN RADEN, 72000 KUALA PILAH",72000,,Others,CENTRAL,CENTRAL,2.740264893,102.2481461,CMH,7207.84,9.4,33060,COMRB12,,,,,,,,
CT3211007469,AMINUR NASRINE TRADING (M) SDN BHD,"LOT 404  TAMAN BUKIT CHEDANG, 70300 SEREMBAN   NSDK",70300,,Others,CENTRAL,CENTRAL,2.69562006,101.929985,SPV,323.41,7,33060,COMRB10,,,,,,,,
CT3211007470,THYE HOE TANG-700-T015,"NO 127  JALAN MEWAH, 72100 BAHAU  NSDK.",72100,,Others,CENTRAL,CENTRAL,2.808163643,102.401268,CMH,2956.02,9.4,33060,COMRB12,,,,,,,,
CT3211007519,VEN MART TRADING(700-V025),"PT986  JALAN SEREMBAN BATU 2, TAMAN SERAYA  71000 PORT DICKSON.NSDK",71000,PORT DICKSON,Others,CENTRAL,CENTRAL,2.547052383,101.8026352,SPV,375.41,7.2,33060,COMRB13,,,,,,,,
CT3211007521,VEN MART TRADING ( 700-V024 ),"NO 11  TAMAN INDAH JAYA  LUKUT, 71010 PORT DICKSON.",71010,N.SEMBILAN.,Others,CENTRAL,CENTRAL,2.573409319,101.8329163,SPV,261.13,6.6,33060,COMRB13,,,,,,,,
CT3211007624,RITHIKAA FRESH MART (M) SDN BHD (700-R244)),"NO 711,712,713 & 714,JALAN MERAK 16,, TAMAN THIVY JAYA",70300,70300 SEREMBAN. NSDK,Others,CENTRAL,CENTRAL,2.68900156,101.9427414,SPV,4948.61,11.4,33060,COMRB13,,,,,,,,
CT3211007625,ULAC RESOURCES SDN BHD (700-U016),"LK 4G-02/01-02  JALAN LAMAN, KOMERSIAL ARECA",71800,BANDAR BARU NILAI,Others,CENTRAL,CENTRAL,2.818448305,101.7944183,SPV,1353.97,8.8,33060,COMRB10,,,,,,,,
CT3211007627,YOON CHEE SANG SOON YOONG MEDICAL HALL(700-Y060),"NO.105 JALAN MEWAH, 72100 BAHAU NSDK",72100,BAHAU,Others,CENTRAL,CENTRAL,2.811048746,102.4016342,CMH,978.17,4.2,33060,COMRB12,,,,,,,,
CT3211007628,WIN YAN ENTERPRISE (700-W052),"NO.12 JLN HELANG, TMN SRI PERTANG",72300,72300 SIMPANG PERTANG,Others,CENTRAL,CENTRAL,2.945268393,102.2561798,SPV,3542.04,8.6,33060,COMRB12,,,,,,,,
CT3211007635,KUAN FOOD AND HERBS ENTERPRISE ( 700-K413 ),"62A   GROUND FLOOR   LORONG HARUAN 5/3, OAKLAND COMMERCE SQUARE",70300,OAKLAND,Others,CENTRAL,CENTRAL,2.704661608,101.9176407,CMH,233.98,4.2,33060,COMRB10,,,,,,,,
CT3211007655,KEDAI UBAT CINA YAN YAN (700-K412),"240  JALAN TUANKU ANTAH, 70100 SEREMBAN . NSDK",70100,,Others,CENTRAL,CENTRAL,2.704228,101.952602,CMH,795.18,5.8,33060,COMRB17,,,,,,,,
CT3211007656,WAN SAN MEDICINE SHOP (700-K073),"NO. 43  LORONG 3, TAMAN ACBE",72100,72100 BAHAU  NSDK.,Others,CENTRAL,CENTRAL,2.807604551,102.393631,CMH,19.24,0.8,33060,COMRB12,,,,,,,,
CT3211007657,KEDAI UBAT XIN LIANG (700-K084),"NO. 47  JALAN MAHLIGA, 72100 BAHAU  NSDK.",72100,,Others,CENTRAL,CENTRAL,2.809748411,102.4027328,CMH,80.59,2,33060,COMRB12,,,,,,,,
CT3211007714,KEDAI RUNCIT AA SMART (700-K083),"NO 113 GF,JALAN KOMERSIAL SAUJANA 3,, PUSAT KOMERSIAL SAUJANA SEREMBAN 2 HEIGHT",70300,"70300 SEREMBAN,NSDK",Others,CENTRAL,CENTRAL,2.708410025,101.8876572,SPV,7545.57,23,33060,COMRB10,,,,,,,,
CT3211007728,VALLI GROUP SDN BHD - 700-V027,"NO 20 & 21,JALAN MERANTI 2,TAMAN MERANTI,, 72100 BAHAU,NEGERI SEMBILAN",72100,,Others,CENTRAL,CENTRAL,2.806242943,102.397438,SPV,2361.39,11.4,33060,COMRB12,,,,,,,,
CT3211007742,SENAWANG ZEMART SDN BHD (700-S463),"LOT PT 6721, PERSIARAN BUNGA TANJUNG 2,, SENAWANG INDUSTRIAL PARK,",70450,70450 SEREMBAN. N.S.D.K,ZEMART,CENTRAL,CENTRAL,2.705830097,101.9955673,SMT,166561.06,74.4,33060,COMRB13,,,,,,,,
CT3211007799,FM WHOLESALE MART SDN BHD (700-F099),"PT 32804, JALAN DELIMA,, NILAI 3 ,71800 NILAI. NSDK",71800,,Others,CENTRAL,CENTRAL,2.852983236,101.8115845,SPV,254.6,6.4,33060,COMRB17,,,,,,,,
CT3211007852,PASAR MINI GNR (700-P578),"NO 217G,JALAN BESAR TAMAN BUNGA RAYA,, 71700 MANTIN,NSDK",71700,,Others,CENTRAL,CENTRAL,2.819359,101.902747,SPV,2062.13,7.6,33060,COMRB17,,,,,,,,
CT3211007857,HASIL LAUT SEONG KEE SDN BHD(700-H060),"PT 4955 JALAN TS 2/1,TAMAN SEMARAK II,, 71800 NILAI,NSDK",71800,,Others,CENTRAL,CENTRAL,2.81750989,101.8147202,SPV,705.62,7.8,33060,COMRB10,,,,,,,,
CT3211007859,RUBINA HAJA ENTERPRISE (700-R229),"NO. E-3A, TAMAN BUKIT INAI,, BATANG BENAR,71700 MANTIN, NSDK",71700,,Others,CENTRAL,CENTRAL,2.845619917,101.8276215,SPV,406,3.2,33060,COMRB17,,,,,,,,
CT3211007878,MANTAU MINI MART (700-M217),"NO.7 , JALAN MANTAU INDAH 1,, TAMAN MANTAU INDAH,",70300,70300 SEREMBAN. NSDK,Others,CENTRAL,CENTRAL,2.704649925,101.8802261,SPV,236.6,7.2,33060,COMRB10,,,,,,,,
CT3211007880,BINA SEJAHTERA MAJU (700-B118),"NO 950-951 JALAN S2 FF22,, GARDEN HOMES SEREMBAN 2 ,",70300,NEGERI SEMBILAN,Others,CENTRAL,CENTRAL,2.684491634,101.905159,SPV,346.26,8.8,33060,COMRB10,,,,,,,,
CT3211007883,D1 RETAIL SDN BHD (700-D005),"LK-01-06,LAMAN KOMERSIL ARECA,PUTRA, NILAI,71800 NILAI,NEGERI SEMBILAN",71800,,Others,CENTRAL,CENTRAL,2.811700106,101.7576065,SPV,246.56,6.4,33060,COMRB10,,,,,,,,
CT3211007886,GAN KEE JAYA (M) SDN BHD (700-G083),"NO 56 & 57,JALAN MAWAR 1,PUSAT PERNIAGAAN, BAHAU,72100 BAHAU NSDK",72100,,Others,CENTRAL,CENTRAL,2.806334972,102.4007111,WHS,12639.34,2,33060,COMRB12,,,,,,,,
CT3211007887,KEDAI RUNCIT BALYAN (700-B116),"NO 4.JALAN BESAR PEKAN,, ULU BERANANG ,71750 LENGGENG",71750,,Others,CENTRAL,CENTRAL,2.855604,101.941971,SPV,360.29,6.8,33060,COMRB17,,,,,,,,
CT3211007888,PASAR MINI AH BOY (700-P553),"NO.7 TAMAN BROGA,, 71750 LENGGENG , NSDK",71750,,Others,CENTRAL,CENTRAL,2.935752392,101.9132233,SPV,1908.23,7.8,33060,COMRB17,,,,,,,,
CT3211007889,NPL WIN LONG ENTERPRISE (700-N054),"NO. 222 , KAWASAN MERAH ,, MANTIN , 71700 , SEREMBAN ,",71700,,Others,CENTRAL,CENTRAL,2.819177151,101.9027405,SPV,0,0,33060,COMRB17,,,,,,,,
CT3211007890,PASAR SERBANEKA ABDUL RAHMAN (700-P398),"NO 223 ,JALAN BESAR ,, KAWASAN MERAH ,71700 MANTIN, NSDK",71700,,Others,CENTRAL,CENTRAL,2.819226742,101.9029312,SPV,543.91,3.8,33060,COMRB17,,,,,,,,
CT3211007891,KEDAI RUNCIT ST (700-S357),"271, JALAN T/A 2,TAMAN ASOKA,, 71700 MANTIN , NSDK",71700,,Others,CENTRAL,CENTRAL,2.816233,101.906348,SPV,169.38,3.6,33060,COMRB17,,,,,,,,
CT3211007892,PASAR MINI GNR (700-P105),"NO 9,NO 11(GF),JALAN UTL 4,BANDAR, UNIVERSITI LAGENDA,71700 MANTIN NSDK",71700,,Others,CENTRAL,CENTRAL,2.822024345,101.8711548,SPV,2019.34,12,33060,COMRB17,,,,,,,,
CT3211007893,PASAR MINI GNR-CAWANGAN (700-P497),"C-G-01-CS,C-G-03CS, C-G-05CS, C-G-07CS,, COLLEGE HEIGHT GARDEN RESORT,",71700,"JALAN PANCAINDERA 1,71700 MANTIN, NSDK",Others,CENTRAL,CENTRAL,2.854435682,101.8404465,SPV,987.2,4.6,33060,COMRB17,,,,,,,,
CT3211007894,VMAS MINI MARKET (700-V004),"9 & 10, GERAI Mds,KG.MANTIN DALAM,, 71700 MANTIN, NSDK.",71700,,Others,CENTRAL,CENTRAL,2.823240519,101.8927841,SPV,1575.41,7.2,33060,COMRB17,,,,,,,,
CT3211007895,FOOK LIN (700-C002),"NO. 700, JALAN TEMIANG TBM,, 70200 SEREMBAN, NSDK.",70200,,Others,CENTRAL,CENTRAL,2.744106531,101.9396744,SPV,744.5,5.8,33060,COMRB17,,,,,,,,
CT3211007905,PDM ERA ENTERPRISE (M) SDN BHD (700-P577),"NO 10475,10476 & 10477,JALAN TAN 1/10,, TAMAN TUANKU AMPUAN NAJIHAH,",71450,"SUNGAI GADUT,NSDK",Others,CENTRAL,CENTRAL,2.671040535,101.9896393,SPV,1142.66,11.2,33060,COMRB16,,,,,,,,
CT3211007906,SEMARAK SUPERMARKET SDN BHD (700-P339),"NO. 513, 514-515, TAMAN TUANKU JAFAR,, SEREMBAN, NSDK.",70100,,Others,CENTRAL,CENTRAL,2.672270775,101.9913406,SPV,245.6,3.6,33060,COMRB16,,,,,,,,
CT3211007907,LIAN MAU TTJ MINI MART (700-L152),"NO. 518, JALAN TTJ 1/3,, TAMAN TUANKU JAAFAR,",70450,,Others,CENTRAL,CENTRAL,2.673899889,101.9935684,SPV,1004.74,5,33060,COMRB16,,,,,,,,
CT3211007909,SRI RANTAU SPEED MART (700-S055),"NO 25,MEDAN SURIA,OFF JALAN TUANKU, MUNAWIR,70000 SEREMBAN,NSDK",70000,,Others,CENTRAL,CENTRAL,2.73146081,101.9361801,SPV,0,0,33060,COMRB13,,,,,,,,
CT3211007910,THILAGAM MINI MARKET (700-T119),"NO.27 (GROUND FLOOR), JALAN PPSJ 3-1,, PUSAT PERNIAGAAN SENAWANG,",70450,,Others,CENTRAL,CENTRAL,2.689129591,101.9839706,SPV,219.22,6.2,33060,COMRB16,,,,,,,,
CT3211007915,PASAR MINI SENGODAN (700-P372),"NO.24 JALAN 1/3A,, BANDAR SEREMBAN SELATAN,",71450,71450 S'BAN NSDK,Others,CENTRAL,CENTRAL,2.665518284,101.9878693,SPV,182.32,4.6,33060,COMRB16,,,,,,,,
CT3211007916,PASAR MINI M.ALI MAJU (700-P542),"NO.33 TAMAN DUSUN SETIA,, 70100 SEREMBAN. NSDK",70100,,Others,CENTRAL,CENTRAL,2.714796066,101.9610748,SPV,378.06,7.2,33060,COMRB16,,,,,,,,
CT3211007917,ARABIAH MINI MARKET (CAWANGAN) (700-A105),"NO.S1-0-2, SEROJA  APT,, JALAN BUNGAN RAYA 21,",70400,"TMN TASIK JAYA,70400  S'BAN . NSDK",Others,CENTRAL,CENTRAL,2.715630054,101.996933,SPV,782.48,9.2,33060,COMRB16,,,,,,,,
CT3211007918,FAMA CORPORATION SDN BHD (700-F098),"NO 1275 & 1276,JALAN SURIAMAN BIZ 1,, 71950 BANDAR SRI SENDAYAN,NSDK",71950,,Others,CENTRAL,CENTRAL,2.697930574,101.8579865,SPV,1411.15,9.6,33060,COMRB10,,,,,,,,
CT3211007922,PASAR MINI GNR (700-G064),"(NILAI 3) NO.24 JLN P/AM 4,, TAMAN DESA RIA,",71800 NILAI. NSDK,,Others,CENTRAL,CENTRAL,2.863586664,101.798439,SPV,5063.82,19,33060,COMRB17,,,,,,,,
CT3211007923,PJH SDN BHD (700-P470),"21,23,25, JLN PERINDUSTRIAN MAHKOTA 3E,, KAWASAN INDUSTRI BERANANG,",43700,"43700 BERANANG, SELANGOR",Others,CENTRAL,CENTRAL,2.892184973,101.8692703,SPV,7074.79,14,33060,COMRB17,,,,,,,,
CT3211007924,PAVITHRA STORE (700-D019),"NO.178, PALONG 1,, 73440 GEMAS,",73440,NEGERI SEMBILAN.,Others,CENTRAL,CENTRAL,2.68966341,102.5711288,SPV,543.04,5.4,33060,COMRB12,,,,,,,,
CT3211007925,HB JUASSEH SDN BHD (700-H146),"PT 2712,JALAN TAMPIN, 72100 BAHAU,NSDK","72100 BAHAU,NSDK",72100,Others,CENTRAL,CENTRAL,2.801516,102.385564,WHS,209959.18,6,33060,COMRB12,,,,,,,,
CT3211007926,MARGINAL STORE (700-M199),"2518 JALAN TD2,, TAMAN DELIMA,71200 RANTAU , NSDK",71200,,Others,CENTRAL,CENTRAL,2.584515095,101.9614105,SPV,3043.94,10.6,33060,COMRB13,,,,,,,,
CT3211007927,PASAR MINI SHAWAL MAJU (700-P115),"NO 3,JALAN POLITEKNIK,, TAMAN POLITEKNIK,",71050,"PORT DICKSON,NSDK",Others,CENTRAL,CENTRAL,2.441844702,101.8639832,SPV,2950.52,12,33060,COMRB13,,,,,,,,
CT3211007928,AK DAILY MART (700-A152),"NO 5,JALAN 1/1,BANDAR EKAR,, RANTAU. NSDK",71200,,Others,CENTRAL,CENTRAL,2.593185902,101.959877,SPV,840.15,8.8,33060,COMRB13,,,,,,,,
CT3211007929,HONEY PHARMACY (700-H130),"NO.7, BAZAR MARA,, BT.4 JALAN PANTAI, 71050 PORT DICKSON",71050,,Others,CENTRAL,CENTRAL,2.501810074,101.8376465,SPV,1441.88,7.2,33060,COMRB13,,,,,,,,
CT3211007931,LAM HING LOONG MART (700-L155),"PT 1198, JALAN BESAR,, LINGGI, NSDK.",71150,,Others,CENTRAL,CENTRAL,2.483475208,102.0120773,SPV,894.45,4.2,33060,COMRB13,,,,,,,,
CT3211007932,PLUS CASH 'N' CARRY MART(700-P537),"NO.16 ,LOT 4194 , PERSIARAN KURAU 1,, TAMAN SAMUDRA , P.DICKSON",71000,,Others,CENTRAL,CENTRAL,2.543689,101.800226,SPV,834.59,9.4,33060,COMRB13,,,,,,,,
CT3211007933,KEDAI RUNCIT BALYAN 2 (700-K420),"LOT 1373 , KG BARU JALAN IMAM ,, BT 8 PANTAI SEREMBAN 71770 NSDK",71770,,Others,CENTRAL,CENTRAL,2.781763792,101.992897,SPV,3196.18,13.6,33060,COMRB17,,,,,,,,
CT3211007934,KODAI MILAH EMPIRE (700-K453),"NO 1854,JALAN 2/2,BANDAR SEREMBAN SELATAN,, 71450 SEREMBAN,NSDK",71450,,Others,CENTRAL,CENTRAL,2.664110184,101.9875107,SPV,261.85,6.4,33060,COMRB16,,,,,,,,
CT3211007935,UNREGAL MINI MARKET (700-U019),"NO.2 , JALAN CHEMPAKA 24,, TAMAN DESA CHEMPAKA 2,",71800,"BANDAR BARU NILAI,71800 NILAI",Others,CENTRAL,CENTRAL,2.798389912,101.7596664,SPV,1118.55,11.2,33060,COMRB10,,,,,,,,
CT3211007936,ELLA FESYEN (M) SDN.BHD (700-E027),"NO. 93-9, JALAN BESAR,43950 SUNGAI PELEK, ,SEPANG, SELANGOR DARUL EHSAN.",43950,,Others,CENTRAL,CENTRAL,2.641560316,101.715065,SPV,3310.67,10,33060,COMRB10,,,,,,,,
CT3211007939,ENG SOON HENG (700-E001),"NO. 1204, PEKAN LINGGI,, 71150 LINGGI, NSDK.",71150,,Others,CENTRAL,CENTRAL,2.484147787,102.0123291,SPV,669.94,7.2,33060,COMRB13,,,,,,,,
CT3211007940,K INDERA CASH & CARRY (700-I001),"1191/5, JALAN BESAR LINGGI,, 71150 LINGGI, NSDK.",71150,,Others,CENTRAL,CENTRAL,2.483968735,102.0118103,SPV,1849.02,19.4,33060,COMRB13,,,,,,,,
CT3211007941,MECCA STORE (700-M132),"1202, PEKAN LINGGI,, 71150 LINGGI.NSDK",71150,,Others,CENTRAL,CENTRAL,2.484768629,102.0106964,SPV,396.92,8.2,33060,COMRB13,,,,,,,,
CT3211007965,NSK TRADE CITY (NS2) SDN BHD (700-N092),"LOT 1814 & LOT 1816, JALAN HARUAN 2,, OAKLAND INDUSTRIAL PARK,",70200,70200 SEREMBAN . NSDK,NSK,CENTRAL,CENTRAL,2.702448606,101.9242859,SMT,125902.96,41,33060,COMRB10,,,,,,,,
CT3211008011,BIG 10 GROCER (SEREMBAN) SDN BHD (700-B120),"NO. 20-30,JALAN PKBB 2,PUSAT KOMERSIAL, BUKIT BLOSSOM,70100 SEREMBAN,NSDK.",70100,,Others,CENTRAL,CENTRAL,2.700531,101.951473,LPV,50945.31,26,33060,COMRB17,,,,,,,,
CT3211008013,ECONMART MANTIN SDN BHD (700-E050),"LOT 172 & LOT 173,JALAN BESAR,, PEKAN MANTIN,71700 MANTIN,NSDK.",41100,,Others,CENTRAL,CENTRAL,2.824903727,101.8899155,SMT,33397.47,14.2,33060,COMRB17,,,,,,,,
CT3211008029,DARUSSALAM MINI MART (700-D053),"NO 7,JALAN DUSUN NYIOR 3,, DUSUN NYIOR RAHANG KECIL,",70100,,Others,CENTRAL,CENTRAL,2.715433598,101.9565353,SPV,210.69,5.8,33060,COMRB16,,,,,,,,
CT3211008030,CHOP ENG KEE ( 700-C043 ),"NO. 43, KAMPUNG BARU PETALING,, 71600 KUALA KLAWANG .NSDK",71600,,Others,CENTRAL,CENTRAL,2.949355125,102.0589905,SPV,520.41,4.2,33060,COMRB17,,,,,,,,
CT3211008032,BENNY FRESH MARKET ( 700-B030 ),"NO 19,20,22,JALAN BRINGIN 2,, 72200 BATU KIKIR,NSDK",72200,,Others,CENTRAL,CENTRAL,2.831220627,102.3173981,SPV,2386.04,11,33060,COMRB12,,,,,,,,
CT3211008033,PASAR MINI HABIB NUR (700-P429),"NO 4A , JALAN DESA ANGGERIK 1,, TAMAN ANGGERIK ,",70450,"SENAWANG 70450,SEREMBAN. NSDK",Others,CENTRAL,CENTRAL,2.693394184,101.9917145,SPV,268.98,8,33060,COMRB16,,,,,,,,
CT3211008034,PASAR MINI MUHABBAT (700-P479),"NO.2-1, JALAN TERATAI 1/1,, TAMAN TERATAI,",70450,"70450 SENAWANG , NSDK",Others,CENTRAL,CENTRAL,2.701200008,101.9956436,SPV,517.02,1.8,33060,COMRB16,,,,,,,,
CT3211008035,SU & DIN  ENTERPRISE (700-S458),"NO.5 JLN SENDAYAN INDAH 1,, TAMAN SENDAYAN INDAH",71950,71950 SEREMBAN .SDK,Others,CENTRAL,CENTRAL,2.657443285,101.8790588,SPV,2482.16,10.2,33060,COMRB10,,,,,,,,
CT3211008036,ECO FRESH VALUE MART SDN BHD (700-E024),"NO 11387 & 11388,JALAN BBN 6/2B,TAMAN, DESA CEMPAKA,71800 NILAI,NSDK",71800,,Others,CENTRAL,CENTRAL,2.802976608,101.7682877,SPV,3532.81,13.4,33060,COMRB10,,,,,,,,
CT3211008037,KEDAI RUNCIT MAIMON ENTERPRISE ( 700-K448 ),"NO 16,JALAN KAYU MANIS 3,TAMAN KAYU MANIS 2 FASA 2, 70400 SEREMBAN,NSDK",70400,,Others,CENTRAL,CENTRAL,2.736740112,101.9709854,SPV,435.28,7.8,33060,COMRB16,,,,,,,,
CT3211008084,THE STORE (MALAYSIA) SDN BHD - SEREMBAN (JTM)-T130,"43-A, JALAN TUANKU MUNAWIR,",70000,,THESTORE,CENTRAL,CENTRAL,2.726755619,101.9366684,SMT,13588.28,14,33060,COMRB16,,,,,,,,
CT3211008086,THE STORE (MALAYSIA) SDN BHD - PD (OM)(700-T131),KAMPUNG BAHASA KAPOR,"71000 PORT DICKSON,",,THESTORE,CENTRAL,CENTRAL,2.523940086,101.8024216,SMT,11611.29,15,33060,COMRB13,,,,,,,,
CT3211008128,TONGKAH BIDUANDA TRADING (700-T133),"LOT 479A,KEDAI NO 1,KG.BANDAR TINGGI,, 71600 KUALA KLAWANG,NSDK",71600,,Others,CENTRAL,CENTRAL,2.949944,102.088933,SPV,1608.52,10.2,33060,COMRB17,,,,,,,,
CT3211008129,PASAR MINI ALEESHYA NAJWA (700-P581),"LOT 34981B JALAN PANTAI,, BANDAR WARISAN PUTERI,",71770,"SEREMBAN,NSDK",Others,CENTRAL,CENTRAL,2.756778,101.982083,SPV,627.6,5,33060,COMRB17,,,,,,,,
CT3211008131,BESEGAR FRESHMART SDN BHD (700-B121),"NO 12-14,JALAN NUSA INTAN 2/1,TAMAN NUSA INTAN,, 70400 SEREMBAN,NSDK",70400,,Others,CENTRAL,CENTRAL,2.7078607,102.0205966,SPV,5430.37,12,33060,COMRB16,,,,,,,,
CT3211008132,EMERALD SHINE MART SDN BHD (700-E049),"NO 2301 & 2302 JALAN KSNS 1,, TAMAN KSNS,71400 PEDAS,NSDK",71400,,Others,CENTRAL,CENTRAL,2.614127,102.06395,SPV,490.7,9,33060,COMRB16,,,,,,,,
CT3211008133,GD ROMPIN CASH & CARRY (700-G082),"NO 5 (GF) JALAN MELOR 1,TAMAN MELOR,, 73500 ROMPIN,NSDK",73500,,Others,CENTRAL,CENTRAL,2.7075124,102.5009454,SPV,2593.68,7.2,33060,COMRB12,,,,,,,,
CT3211008159,ECO FRESH VALUE MART(TIARA SENDAYAN)SDN BHD (E053),"NO 49&50,JALAN TIARA SENDAYAN BIZ 1,, PUSAT KOMERSIAL TIARA SENDAYAN,",71900,,Others,CENTRAL,CENTRAL,2.701576511,101.8211382,SPV,1821.11,12.6,33060,COMRB10,,,,,,,,
CT3211008162,22 MART (BTS) SDN BHD (700-M226),"NO 29 & 30 & 31G,JALAN TASIK SENANGIN 15/3,, PUSAT PERNIAGAAN SEKSYEN 15,BANDAR TASIK",71750,"SENANGIN,71750 LENGGENG,NSDK",Others,CENTRAL,CENTRAL,2.8813243,101.9158995,SPV,13710.94,11.8,33060,COMRB17,,,,,,,,
CT3211008194,MY PERTANG MINI MARKET (700-K080),"LOT 1239 , JALAN TAMBAH TIN PERTANG,, 72300 SIMPANG PERTANG, NSDK.",72300,,Others,CENTRAL,CENTRAL,2.959546,102.218733,SPV,3715.41,7.4,33060,COMRB12,,,,,,,,
CT3211008195,BK FRESH & FROZEN FOOD MARKET (700-B084),"NO.1D & 1E JALAN CASUARINA 1,, PUSAT PERNIAGAAN BAHAU, 72100 BAHAU , NSDK",72100,,Others,CENTRAL,CENTRAL,2.808181,102.405759,SPV,1612.94,5.8,33060,COMRB12,,,,,,,,
CT3211008196,GEMOK TRADING (700-G081),"NO 1040,BANDAR SUNGGALA SI RUSA,, 71050 PORT DICKSON,NSDK",71050,,Others,CENTRAL,CENTRAL,2.479966,101.861541,SPV,1192.7,8.2,33060,COMRB13,,,,,,,,
CT3211008197,SHENG XING TRADING (700-S467),"NO 32,JALAN BESAR PASIR PANJANG,, PASIR PANJANG, PORT DICKSON.NSDK",71250,,Others,CENTRAL,CENTRAL,2.42701,101.931465,SPV,356.95,7.8,33060,COMRB13,,,,,,,,
CT3211008198,PMN 94 SDN BHD (700-P574),"NO 92,JALAN JAYA 1/7,, TAMAN JAYA 1,",71700,"71700 MANTIN,NSDK",Others,CENTRAL,CENTRAL,2.845327,101.843142,SPV,1641,8.4,33060,COMRB17,,,,,,,,
CT3211008199,BTS MART TRADING (700-B122),"NO 22-G,JALAN TASIK SENANGIN 15/3,, PUSAT PERNIAGAAN SEKSYEN 15,",71750,"BANDAR TASIK SENANGIN,",Others,CENTRAL,CENTRAL,2.68224,101.93911,SPV,0,0,33060,COMRB17,,,,,,,,
CT3211008200,DARUSSALAM MINI MART (700-D052),"NO 297-298,JALAN TUANKU ANTAH,, 70100 SEREMBAN,NSDK",70100,,Others,CENTRAL,CENTRAL,2.705326,101.952632,SPV,1501.98,6.6,33060,COMRB17,,,,,,,,
CT3211008208,PASAR MINI AL-HAQ (700-P428),"NO 8,LORONG DESA DAHLIA 1/8,, TAMAN DESA DAHLIA ,",70450,"70450 SENAWANG , NSDK",Others,CENTRAL,CENTRAL,2.697172,101.993761,SPV,243,5.8,33060,COMRB16,,,,,,,,
CT3211008209,GLOBAL PHARMACY SDN BHD (700-G085),"NO 6058,JALAN SJ 5/1,TAMAN SEREMBAN JAYA,, 70450 SEREMBAN, NSDK",70450,,Others,CENTRAL,CENTRAL,2.673222,101.980128,OTH,222.6,3.2,33060,COMRB16,,,,,,,,
CT3211008210,NSK TRADING (BAHAU) SDN BHD(700-N105),"NO 1,JALAN KEMPAS UTAMA,PUSAT PERNIAGAAN, KEMPAS, BAHAU,NSDK",72100 B,,NSK,CENTRAL,CENTRAL,2.806303,102.385952,LPV,90055.94,47.6,33060,COMRB12,,,,,,,,
CT3211008213,BEST FRESH MART SDN BHD (700-B124),"LOT G-01 & 1-01,CENTERPOINT SEREMBAN,, LOT PT 9149,JALAN DATO'SIAMANG GAGAP,",70100,"SEREMBAN,NSDK",BFM,CENTRAL,CENTRAL,2.722401,101.955469,SMT,-15646.77,0,33060,COMRB16,,,,,,,,
CT3211008243,KEDAI RUNCIT MESTINA JAYA (700-K439),"NO 31,SIMPANG SRI MENANTI TG.IPOH,, 71500 KUALA PILAH,NSDK",71500,,Others,CENTRAL,CENTRAL,2.741192,102.184636,SPV,605.9,5.8,33060,COMRB12,,,,,,,,
CT3211008244,PALONG SPEEDMART (700-P130),"NO 7,8 PUSAT BANDAR PALONG 4,5,6,, 73430 GEMAS,NSDK",73430,,Others,CENTRAL,CENTRAL,2.738119,102.64558,SPV,4226.51,13,33060,COMRB12,,,,,,,,
CT3211008245,BOO WEI HOON (700-B090),"NO 55 , JALAN TERIANG ,, 71600 PETALING ,",71600,KUALA KLAWANG.,Others,CENTRAL,CENTRAL,2.949438,102.058404,SPV,808.92,4,33060,COMRB17,,,,,,,,
CT3211008246,SUDESH ENTERPRISE (700-S063),"NO 19,JALAN CU1 TAMAN CHEMBONG UTAMA,, 71300 REMBAU,NSDK",71300,,Others,CENTRAL,CENTRAL,2.612748,102.064792,SPV,379.94,7.2,33060,COMRB16,,,,,,,,
CT3211008258,KAMISAH BINTI MD ISA (700-K349),"N O 135 D , JALAN PASAR BARU,, 72100 BAHAU ,N.S .",72100,,Others,CENTRAL,CENTRAL,2.812033,102.401651,SPV,150.26,3.4,33060,COMRB12,,,,,,,,
CT3211008259,TANG SWEE SENG (700-T136),"20 ,PEKAN SENALING ,, KUALA PILAH ,",72000,"72000 KUALA PILAH, N.S.",Others,CENTRAL,CENTRAL,2.708327,102.25081,SPV,194.26,4,33060,COMRB12,,,,,,,,
CT3211008260,GKS MINI MARKET (700-G080),"NO 365 ,TAMAN BUKIT INTAN ,, 72000 KUALA PILAH ,",72000,NEGERI SEMBILAN.,Others,CENTRAL,CENTRAL,2.717735,102.239427,SPV,502.97,4.4,33060,COMRB12,,,,,,,,
CT3211008263,RABEYAH ENTERPRISE (700-R238),"ST.G4,BLOK 5,TAMAN SEMARAK 2,, 71800 NILAI,NSDK",71800,,Others,CENTRAL,CENTRAL,2.824481,101.812828,SPV,267.65,7.2,33060,COMRB10,,,,,,,,
CT3211008272,PASAR MINI NUR AMALINA (700-P517),"NO 2 ,JALAN SERI MAMBAU A1,, TAMAN SERI MAMBAU,",70300,"70300 SEREMBAN ,NEGERI SEMBILAN.",Others,CENTRAL,CENTRAL,2.651966,101.905541,SPV,578.54,6,33060,COMRB13,,,,,,,,
CT3211008273,PASAR MINI LAVIN (700-P282),"NO. 2795, JALAN SJ 3/1A,, TAMAN SEREMBAN JAYA,",70450,"SEREMBAN, NSDK.",Others,CENTRAL,CENTRAL,2.6824,101.972511,SPV,355.42,6.4,33060,COMRB16,,,,,,,,
CT3211008274,PASAR MINI HAZIQ MAJU(700-P543),"NO.22 , LORONG TM 1/1,, TAMAN MERPATI,70450 SEREMBAN. NSDK",70450,,Others,CENTRAL,CENTRAL,2.690814,101.964685,SPV,519.18,6.2,33060,COMRB16,,,,,,,,
CT3211008276,PASAR MINI SMK (700-P132),"NO. 18A, JALAN 1/8,, TAMAN DESA DAHLIA,",70400,"70400 SENAWANG, NSDK.",Others,CENTRAL,CENTRAL,2.697391,101.993948,SPV,216.69,4.6,33060,COMRB16,,,,,,,,
CT3211008277,AFIKKA ENTERPRISE (700-A153),"NO 19,JALAN VISTA JAYA 1,TAMAN VISTA JAYA,, 71010 LUKUT,NSDK",71010,,Others,CENTRAL,CENTRAL,2.574515,101.855776,SPV,598.3,7.4,33060,COMRB13,,,,,,,,
CT3211008278,APMK ENTERPRISE (700-A154),"NO 32,JALAN BESAR KUALA SAWAH,, 71200 RANTAU,NSDK",71200,,Others,CENTRAL,CENTRAL,2.62555997,101.9492996,SPV,642.25,9,33060,COMRB13,,,,,,,,
CT3211008287,KEDAI RUNCIT NASHIRA (700-K442),"NO 20 ,JALAN GADONG JAYA 3,, TAMAN GADONG JAYA ,LABU ,",71900,NEGERI SEMBILAN.,Others,CENTRAL,CENTRAL,2.701216,101.8314,SPV,265.49,6,33060,COMRB10,,,,,,,,
CT3211008289,NIHAL MINI MARKET (700-N098),"AG02, DESA JATI APARTMENT,, BANDAR BARU NILAI, 71800 NILAI. NSDK",71800,,Others,CENTRAL,CENTRAL,2.831093,101.787925,SPV,1148.04,11.8,33060,COMRB10,,,,,,,,
CT3211008345,JEMPOL SPEEDMART (700-J062),"NO 7-11,JALAN SERI AIR HITAM 2,TAMAN SERI, AIR HITAM,72120 BANDAR SERI JEMPOL,NSDK",72120,,Others,CENTRAL,CENTRAL,2.93800163,102.3871837,SPV,4788.56,14.4,33060,COMRB12,,,,,,,,
CT3211008389,CHOP LIAN HING (700-C041),"NO. 40, BATU 10,, 71900 LABU, NSDK.",71900,,Others,CENTRAL,CENTRAL,2.75407,101.824266,SPV,385.83,5.2,33060,COMRB10,,,,,,,,
CT3211008418,PASAR MINI SHENG FATT (700-P061),"LOT 1451/365, TAMAN JUJUR,, BATU 3, JALAN SIKAMAT,",70400,"70400 SIKAMAT, NSDK.",Others,CENTRAL,CENTRAL,2.752292,101.961192,SPV,482.71,6,33060,COMRB17,,,,,,,,
CT3211008420,MARWA STORE (700-M124),"(CLUB HOUSE ), NILAI PERDANA APT,JLN NILAI PERDANA 11 ,",",71800 N","TMN NILAI PERDANA ,71800 NILAI,N.S.",Others,CENTRAL,CENTRAL,2.802513,101.8077,SPV,209.12,3.8,33060,COMRB10,,,,,,,,
CT3211008421,LIAN SOON (700-L153),"NO 30, BATU 9 LABU ,, 71900 SEREMBAN  ,",71900,NEGERI SEMBILAN.,Others,CENTRAL,CENTRAL,2.744867,101.844933,SPV,160.17,2.8,33060,COMRB10,,,,,,,,
CT3211008433,PASARAYA VERSATIL (700-P576),"NO 5,TAMAN SUNGGALA HARTAMAS,, 71050 PORT DICKSON,NSDK",71050,,Others,CENTRAL,CENTRAL,2.500951,101.863496,SPV,661.47,9.4,33060,COMRB13,,,,,,,,
CT3211008434,SIN SHUN FATT TRADING (700-S395),"NO.17 TKT BAWAH JLN PASAR BESAR ,, 71010 LUKUT , NSDK",71010,,Others,CENTRAL,CENTRAL,2.566101025,101.8269089,SPV,198.14,5.2,33060,COMRB13,,,,,,,,
CT3211008435,KOTA LUKUT ENTERPRISE (700-K028),"NO. 16, PASAR BESAR,, 71010 LUKUT, PORT DICKSON,",71010,NEGERI SEMBILAN DARUL KHUSUS.,Others,CENTRAL,CENTRAL,2.565767,101.827089,SPV,321.17,7,33060,COMRB13,,,,,,,,
CT3211008436,PASAR MINI SRI SEGAR (700-P568),"NO 3,TAMAN BUKIT GALENA 1,JALAN BUKIT, GALENA,70200 SEREMBAN,NSDK",70200,,Others,CENTRAL,CENTRAL,2.725926,101.911491,SPV,180.42,5.6,33060,COMRB10,,,,,,,,
CT3211008441,FONG SIEW YOONG (700-F100),"LOT 1643B PEKAN CHENGKAU, REMBAU,",71300,,Others,CENTRAL,CENTRAL,2.555823,102.126523,SPV,377.54,6.2,33060,COMRB16,,,,,,,,
CT3211008442,SRI CAHAYA ENTERPRISE S/B (700-S482),"A2 KEDAI JALAN LABU,, BT 13 KAMPUNG JERANGKANG,",NILAI,,Others,CENTRAL,CENTRAL,2.785428745,101.7997443,SPV,131.76,4,33060,COMRB10,,,,,,,,
CT3211008443,PASAR MINI MAAS-MANTIN (700-M200),"NO.214 JALAN BESAR,KAWASAN MERAH,, TAMAN BUNGA RAYA,71700 MANTIN,NSDK",71700,,Others,CENTRAL,CENTRAL,2.819592,101.902287,SPV,0,0,33060,COMRB17,,,,,,,,
CT3211008444,S NISAH BIVI ENTERPRISE(700-S345),"PT5740, JLN T.S 2/1E,, TMN SEMARAK 2,71800 NILAI. NSDK",71800,NILAI,Others,CENTRAL,CENTRAL,2.821541,101.816849,SPV,1579.01,6,33060,COMRB10,,,,,,,,
CT3211008445,PASAR MINI JASIJAYA,"NO.77,JLN S2 G2,, GARDEN AVENUA",70300,"SEREMBAN 2,",Others,CENTRAL,CENTRAL,2.678734,101.902205,SPV,243.36,6.4,33060,COMRB10,,,,,,,,
CT3211008446,SALIMAH MINI MARKET,"19-G-12,DAHLIA D APRT,JALAN S2, GARDEN AVENUE ,SEREMBAN 2,",70300,SEREMBAN,Others,CENTRAL,CENTRAL,2.678712,101.896133,SPV,485.02,7.8,33060,COMRB10,,,,,,,,
CT3211008447,SYED HAKIM MINI MARKET,"71A,JALAN S2 G2,, GAERDEN AVENUE S2",70300,,Others,CENTRAL,CENTRAL,2.679512,101.90213,SPV,437.94,7.4,33060,COMRB10,,,,,,,,
CT3211008448,SOON ANN CHAN MINI MARKET,"NO.10,JLN S2 E1, GARDENHOMES,S2",70300,,Others,CENTRAL,CENTRAL,2.682628032,101.9113743,SPV,464.93,8.4,33060,COMRB10,,,,,,,,
CT3211008450,PASAR SEGAR MAYA,"5,JALAN CEMPAKA 24,, DESA CEMPAKA 2,",71800,NILAI,Others,CENTRAL,CENTRAL,2.798303,101.759762,SPV,269.15,8.4,33060,COMRB10,,,,,,,,
CT3211008452,SUN GROCERIES MART (700-S484),"NO.406,TAMAN BUKIT EMAS,, JALAN SEREMBAN TAMPIN,",70450,SENAWANG,Others,CENTRAL,CENTRAL,2.68928,101.971594,SPV,198.32,4.2,33060,COMRB16,,,,,,,,
CT3211008454,PASAR MINI HAFIZI (700-H138),"NO 10,JALAN NYIOR HIJAU 2,, TAMAN NYIOR",70100,SEREMBAN,Others,CENTRAL,CENTRAL,2.712348333,101.9555433,SPV,2040.27,9.6,33060,COMRB16,,,,,,,,
CT3211008487,MANJAKU RETAIL SDN BHD-SIKAMAT(700-M230),"NO 212-G & 1st FLOOR ,, LORONG TAMAN SERI PANDAN 8/1,",70400,"TAMAN SERI PANDAN 2 ,",MANJAKU,CENTRAL,CENTRAL,2.747363333,101.9699433,MBS,105.07,1.4,33060,COMRB17,,,,,,,,
CT3211008488,MANJAKU RETAIL SDN BHD-SENAWANG (700-M229),"NO 5-8 ,JALAN BPS 2,, BANDAR PRIMA SENAWANG,",70450,"SEREMBAN,NEGERI SEMBILAN.",MANJAKU,CENTRAL,CENTRAL,2.701484,101.981486,MBS,0,0,33060,COMRB16,,,,,,,,
CT3211008493,KEDAI RUNCIT SRI CEMPAKA (700-K319),"NO.968 , TAMAN CEMPAKA,, 72100 BAHAU,NEGERI SEMBILAN.",72100,,Others,CENTRAL,CENTRAL,2.802028333,102.4140767,SPV,276.48,5.6,33060,COMRB12,,,,,,,,
CT3211008548,22 MART (BTS) SDN BHD (700-M231),"NO 4-7,JALAN BUKIT CITRA 1,TAMAN BUKIT, CITRA,71800 NILAI,NSDK",71800,,Others,CENTRAL,CENTRAL,2.855055,101.836614,SPV,18072.13,18.2,33060,COMRB17,,,,,,,,
CT3211008711,KEDAI RUNCIT AA SMART (700-K455),"NO 308,309 DAN 310,, JALAN PUSAT DAGANGAN SENDAYAN 3/6,",71950,"PUSAT DAGANGAN SENDAYAN,",Others,CENTRAL,CENTRAL,2.6811201,101.8650656,SPV,4438.93,14.4,33060,COMRB10,,,,,,,,
CT3211008712,NORASYIKIN BT.V.ISMAIL (700-N091),"KOPERASI SERBEGUNA, NO.1 & 2 GERAI RUMAH RAKYAT LUKUT,",71000,P.D. NSDK,Others,CENTRAL,CENTRAL,2.5710907,101.828499,SPV,806.81,9.4,33060,COMRB13,,,,,,,,
CT3211008713,GELATO ENTERPRISE (700-G089),"467 ,JALAN PULAI IMPIAN 10,, TAMAN PULAI IMPIAN ,",70400,"SEREMBAN ,NSDK.",Others,CENTRAL,CENTRAL,2.752008333,101.947605,OTH,444.59,7,33060,COMRB10,,,,,,,,
CT3211008714,88 DAILY MART (700-D014),"NO 1434,JALAN KERAPU 2,TAMAN PERMAI 3,, SEREMBAN,NSDK",70200,,Others,CENTRAL,CENTRAL,2.706606,101.925938,SPV,1151.92,7.4,33060,COMRB17,,,,,,,,
CT3211008715,SUN DA TRADING (700-S095),"PT,3299,JALAN MEDANG UTAMA,, TAMAN MEDANG,72100 BAHAU ,NSDK.",72100,,Others,CENTRAL,CENTRAL,2.8097385,102.4124085,WHS,223.56,0.4,33060,COMRB12,,,,,,,,
CT3211008716,KEMAYAN MINI MARKET (700-K008),"LOT 168 , JALAN TOMAN 8,, KEMAYAN SQUARE ,70200 S'BAN NSDK",70200,,Others,CENTRAL,CENTRAL,2.7172944,101.9227563,SPV,563.43,5.6,33060,COMRB16,,,,,,,,
CT3211008718,GUANG HENG MARKETING SDN BHD (700-G078),"NO 1,JALAN CASUARINA 1,PUSAT PERNIAGAAN, CASUARINA,72100 BAHAU,NSDK",72100,,Others,CENTRAL,CENTRAL,2.808386667,102.4057733,SPV,2715.32,8.2,33060,COMRB12,,,,,,,,
CT3211008719,VIP CASH & CARRY (700-V026),"NO 6,JALAN SERI MAMBAU A1,TAMAN, SERI MAMBAU, SEREMBAN,NSDK",70300,,Others,CENTRAL,CENTRAL,2.652515,101.9054167,SPV,201.59,6.2,33060,COMRB13,,,,,,,,
CT3211008720,KEDAI XING HUA-TMN AMPANGAN (700-K070),"NO. 1363, LORONG CENGAL 3/2,, TAMAN AMPANGAN, 70400 SEREMBAN. NSDK",70400,,Others,CENTRAL,CENTRAL,2.726174,101.998964,SPV,332.33,7,33060,COMRB16,,,,,,,,
CT3211008726,NINE SIX MINI MART (700-N093),"NO.127 JALAN TOMAN 6, KEMAYAN SQUARE,, 70200 SEREMBAN. N.S.D.K.",70200,,Others,CENTRAL,CENTRAL,2.7182991,101.9237309,SPV,327.48,5.2,33060,COMRB16,,,,,,,,
CT3211008727,ARABIAH MINI MARKET (700-A149),"NO 11,JALAN NYIOR HIJAU 2,TAMAN NYIOR, HIJAU,70100 SEREMBAN,NSDK",70100,,Others,CENTRAL,CENTRAL,2.712456667,101.95532,SPV,209.19,4.4,33060,COMRB16,,,,,,,,
CT3211008728,NINETEEN SPEED FRESHMART (700-N102),"NO 17 ,JALAN PERLING 2 ,, PANTAI SEPANG PUTRA ,",43950,"43950 SUNGAI PELEK , SELANGOR",Others,CENTRAL,CENTRAL,2.624551667,101.7071667,SPV,4989.58,13.2,33060,COMRB10,,,,,,,,
CT3211008729,TS 66 TRADING(700-T010),"PT 20578,BAWAH JALAN SEMARAK,TAMAN, SEMARAK PHASE 3,71800 NILAI,NSDK",71800,,Others,CENTRAL,CENTRAL,2.820808,101.818146,SPV,469.7,9.6,33060,COMRB10,,,,,,,,
CT3211008730,KG PAYA MINI MART (700-K062),"NO 2,TAMAN GEMILANG,KG PAYA, 71000 PORT DICKSON,NSDK",71000,,Others,CENTRAL,CENTRAL,2.545005,101.8052283,SPV,559.08,7,33060,COMRB13,,,,,,,,
CT3211008731,PASAR MINI V S THELAN (700-P203),"9,JALAN TTJ S/A,TAMAN TUANKU JAAFAR,, SG.GADUT,71450 SEREMBAN NSDK",71450,,Others,CENTRAL,CENTRAL,2.671615,101.9957367,SPV,339.59,6.2,33060,COMRB16,,,,,,,,
CT3211008732,ENG SIN HUAT (700-E047),"NO.35 , JALAN LUBOK CHINA,, KOTA . NSDK",71350,,Others,CENTRAL,CENTRAL,2.517977,102.1578,SPV,387.54,5.2,33060,COMRB16,,,,,,,,
CT3211008733,KK EGGS TRADING SDN BHD (700-K074),"PT 4719 & 4720 GF,JALAN TS 1/18,, TAMAN SEMARAK,71800 NILAI ,NSDK",71800,,Others,CENTRAL,CENTRAL,2.8147244,101.8108032,SPV,558.39,8,33060,COMRB10,,,,,,,,
CT3211008734,TIKTIK MART (700-T140),"NO 31,JALAN NILAI PERDANA 5,TAMAN NILAI PERDANA,, 71800 NILAI,NSDK",71800,,Others,CENTRAL,CENTRAL,2.803136667,101.8051483,SPV,345.47,7,33060,COMRB10,,,,,,,,
CT3211008735,PETRON JALAN TUANKU ANTAH (F1) (700-R045),"94-A,JLN TUANKU ANTAH,, 70450 SEREMBAN,NSDK.",70450,,Others,CENTRAL,CENTRAL,2.71487,101.947741,SPV,45.87,3,33060,COMRB17,,,,,,,,
CT3211008737,PASAR MINI HAFIZI (700-H128),"NO.16 LORONG PINGGIRAN PP1/14,, (TB) TMN PINGGIRAN PEDAS,",71400,"71400 PEDAS , NSDK",Others,CENTRAL,CENTRAL,2.575371,102.045562,SPV,272.7,8,33060,COMRB16,,,,,,,,
CT3211008738,KEDAI RUNCIT SAFIUDEEN (BR) (700-K272),"NO.15 JALAN MAHKAMAH,, REMBAU. NSKD",71300,,Others,CENTRAL,CENTRAL,2.588858333,102.0934467,SPV,3334.82,12.4,33060,COMRB16,,,,,,,,
CT3211008739,KINGSLEY FROZEN & GROCERIES(700-K067),"G10&G11,JALAN YADIN IMPIANA 1,, 71800 NILAI,NSDK",71800,,Others,CENTRAL,CENTRAL,2.798783333,101.7917083,SPV,172.02,6,33060,COMRB10,,,,,,,,
CT3211008740,CT ARTHIKA ENTERPRISE (700-C215),"NO.9 , TAMAN ORKID,, KAMPUNG BARU SAGGA,",71200,71200 RANTAU. NSDK,Others,CENTRAL,CENTRAL,2.577561667,101.9305483,SPV,487.58,7.4,33060,COMRB13,,,,,,,,
CT3211008741,M.C.MOK DISTRIBUTOR SDN BHD (700-M128),"NO 6 ,JALAN LOMBONG EMAS 1,, MPS IND RINGAN ,JALAN TUN DR.ISMAIL,",70200,"SEREMBAN , N.S.",Others,CENTRAL,CENTRAL,,,WHS,0,0,33060,COMRB07,,,,,,,,
CT3211008742,MAXWELL MART (700-M228),"A-G06, PANGSAPURI DESA PALMA BLOCK ARECA,, JALAN DESA PALMA,TAMAN DESA PALMA,71800 NILAI.N.S.",71800,,Others,CENTRAL,CENTRAL,2.8127695,101.7599999,SPV,8807.56,33.2,33060,COMRB10,,,,,,,,
CT3211008792,STRATEGIC TRANSFORMS SDN BHD-SHELL (700-S471),"PT 34050 KM 2715,LEBUHRAYA UTARA SELATAN (ARAH UTA, LABU,NSDK",71900,,Others,CENTRAL,CENTRAL,2.755141667,101.8526533,PMS,795.11,2,33060,COMRB10,,,,,,,,
CT3211008793,CHIA YEN LAI ENTERPRISE (700-C195),"12-15 PASAR AWAM LAMA,, 72000 KUALA PILAH,N.S.",72000,,Others,CENTRAL,CENTRAL,2.740695,102.25049,SPV,511.96,4.8,33060,COMRB12,,,,,,,,
CT3211008795,TICK CHAI TRADING (700-T067),"NO.43 JALAN TENGGIRI BAWAH,, TMN MUTIARA,",42800,42800 TANJUNG SEPAT.SELANGOR,Others,CENTRAL,CENTRAL,2.658858,101.566482,OTH,312.27,5,33060,COMRB10,,,,,,,,
CT3211008796,GEMILANG VENTURES (700-G090),"LOT PT 12874 & 12875,JALAN NILAI-PAJAM,, TAMAN SEMARAK II,71800 NILAI,NSDK",71800,,Others,CENTRAL,CENTRAL,2.814694,101.8103441,PMS,142.58,2.6,33060,COMRB10,,,,,,,,
CT3211008797,ST ROSYAM MART SDN BHD (700-S491),"LOT A1 & A8,KIPMALL SENAWANG, NO 1,JALAN KLS 1,LAVENDER HEIGHTS,",70450,"70450 SEREMBAN,NSDK",Others,CENTRAL,CENTRAL,2.713965,102.001925,LPV,125005.81,49.8,33060,COMRB17,,,,,,,,
CT3211008798,JT FOOD MART (700-J010),"NO 133,JALAN TUN DR.ISMAIL,, 70200 SEREMBAN,NSDK",70200,,Others,CENTRAL,CENTRAL,2.731607,101.937124,SPV,1008.45,3,33060,COMRB17,,,,,,,,
CT3211008800,KWAN YIK SERVICE STATION (CALTEX) (700-K329),"NO.163-A, JALAN BESAR,MANTIN, 71700 MANTIN",71700,,Others,CENTRAL,CENTRAL,2.823413333,101.8917833,SPV,258.28,3.8,33060,COMRB17,,,,,,,,
CT3211008801,KEDAI RUNCIT SHARI (700-K421),"NO.24 GROUND FLOOR, LOT 3259 .MAIN ROAD, 71200 RANTAU , NSDK",71200,,Others,CENTRAL,CENTRAL,2.589451,101.964104,SPV,1389.23,10.6,33060,COMRB13,,,,,,,,
CT3211008802,CHOP SIONG HENG- ANG SAMAS (700-C113),"1023, JALAN GUNUNG DATO 26,, TAMAN ANGSAMAS,",70300,"70300 SEREMBAN, NSDK.",Others,CENTRAL,CENTRAL,2.648937,101.923906,SPV,1401.4,9.8,33060,COMRB13,,,,,,,,
CT3211008803,AMILIA TRADE (700-A064),"SHELL SERVICE STATION, KWS R&R SEREMBAN-ARAH SELATAN",70700,"LEBUHRAYA K.L.-SEREMBAN,",Others,CENTRAL,CENTRAL,2.765572,101.828349,PMS,1638.88,3.2,33060,COMRB10,,,,,,,,
CT3211008804,SHAIK ALI MART (700-S490),"NO 15 PEKAN AIR MAWANG,, 73100 JOHOL,NSDK",73100,,Others,CENTRAL,CENTRAL,2.557666667,102.257705,SPV,1770.71,9,33060,COMRB12,,,,,,,,
CT3211008806,PASAR MINI HING WAH (700-P496),"NO.9 TAMAN SRI LUKUT,, BATU 6 JLN SEREMBAN,",71010,,Others,CENTRAL,CENTRAL,2.57986,101.8445583,SPV,1399.54,7.8,33060,COMRB13,,,,,,,,
CT3211008807,RAHIMA MINI MARKET (700-R240),"NO 2,3,4, TAMAN SRI LUKUT BATU 6,, JALAN SEREMBAN ,LUKUT ,",71010,71010 PORT DICKSON.,Others,CENTRAL,CENTRAL,2.579498333,101.844045,SPV,1600.26,8.2,33060,COMRB13,,,,,,,,
CT3211008877,KK EGGS TRADING SDN BHD (700-K451),"NO 46,47&48 GF,JALAN S2 F1,, SEKSYEN F,SEREMBAN 2,",70300,"SEREMBAN,NSDK",Others,CENTRAL,CENTRAL,2.684222,101.908737,SPV,992.93,6.4,33060,COMRB10,,,,,,,,
CT3211008878,AMILIA TRADE (700-A156),"SHELL SERVICE STATION ,KM271, KAWASAN REHAT SEREMBAN",71900,LEBUHRAYA UTARA-SELATAN (ARAH UTARA),Others,CENTRAL,CENTRAL,2.7571913,101.8453501,PMS,692.36,2.2,33060,COMRB10,,,,,,,,
CT3211008883,DENIS FRESH MART SDN BHD (700-D051),"NO 187 & NO 188,TAMAN PASIR MAS,, 71200 RANTAU,NSDK",71200,,Others,CENTRAL,CENTRAL,2.587944,101.962329,SPV,1626.86,6,33060,COMRB13,,,,,,,,
CT3211008888,PD JIMAT ENTERPRISE (700-P538),"NO.1 TAMAN SRI BAYU ,, 71000 PORT DICKSON . NEGERI SEMBILAN.",71000,,Others,CENTRAL,CENTRAL,2.537991,101.797281,SPV,350.41,6.4,33060,COMRB13,,,,,,,,
CT3211008889,H AND C FRESH SDN BHD (700-H150),"NO 1,3,5,7,9,11,JALAN SB 8,, TAMAN SERI BESTARI,43900 SEPANG,SELANGOR",43900,,Others,CENTRAL,CENTRAL,2.804206,101.747139,SPV,4848.81,17.6,33060,COMRB10,,,,,,,,
CT3211008938,PERNIAGAAN BAN HIN (700-P040),"NO. 508, JALAN TUANKU ANTAH,, 70100 SEREMBAN, NSDK.",70100,,Others,CENTRAL,CENTRAL,2.709587,101.953796,SPV,173.32,2.2,33060,COMRB17,,,,,,,,
CT3211008963,PASAR RAYA MATAHARI (CAWANGAN NILAI) (700-P582),"PUSAT BORONG MATAHARI (NILAI) SDN BHD, NO 7410,JALAN BBN 1/2H,",71800,"PUSAT BANDAR PUTRA POINT,",MATAHARI,CENTRAL,CENTRAL,2.8142104,101.794392,LPV,16862.54,11.2,33060,COMRB10,,,,,,,,
CT3211008981,NURI DINAMIK ENTERPRISE (700-N108),"NO 38,JALAN PEKAN JOHOL,, 73100 JOHOL,NSDK",73100,,Others,CENTRAL,CENTRAL,2.600651085,102.2634725,SPV,2497.18,11,33060,COMRB12,,,,,,,,
CT3211008985,TR MART (700-T134),"NO 10-11-12-13-14G, JALAN METRO SENDAYAN 1/4,",71950,"SEREMBAN, NSDK",Others,CENTRAL,CENTRAL,2.691064,101.851273,SPV,5349.37,19.8,33060,COMRB10,,,,,,,,
CT3211009001,AIMAN BAHAR MINI MARKET (700-A042),"NO 449,DOWN TAMAN SENAWANG JAYA,, SEREMBAN, NEGERI SEMBILAN.",70450,,Others,CENTRAL,CENTRAL,2.691514,101.988903,SPV,281.29,4.4,33060,COMRB16,,,,,,,,
CT3211009002,CHIN LEE (700-C209),"NO.9, JALAN YAM TUAN,, SEREMBAN, NSDK.",70000,,Others,CENTRAL,CENTRAL,2.727075457,101.9395057,WHS,44.7,0.4,33060,COMRB16,,,,,,,,
CT3211009003,MERCU NIAGA ELMU (700-M187),"(PETRONAS), LOT 1221/1 , JALAN HAJI SAID,, 70400 SEREMBAN , NSDK",70400,,Others,CENTRAL,CENTRAL,2.727945,101.9493972,PMS,1077.36,2.6,33060,COMRB17,,,,,,,,
CT3211009005,PARK LANE DISTRIBUTORS (M) SDN BHD (700-P583),"NO 376,JALAN NILAI 3/24,, KAWASAN PERINDUSTRIAN NILAI 3,",71800,"71800 NILAI,NSDK",Others,CENTRAL,CENTRAL,,,WHS,203352.54,2.4,33060,COMRB07,,,,,,,,
CT3211009032,KEDAI UBAT SHEN FONG (700-K457),"NO 88-A & 88-A-1,LORONG HARUAN 5/4, OAKLAND COMMERCIAL CENTRE,",70300,"70300 SEREMBAN,NSDK",Others,CENTRAL,CENTRAL,2.7047247,101.9185051,CMH,1515.46,3.2,33060,COMRB10,,,,,,,,
CT3211009035,KOJ ENTERPRISE (700-K426),"LOT 4611, JALAN SUNGAI MAHANG,, KG SUNGAI MAHANG,71800 NILAI,NSDK",71800,,Others,CENTRAL,CENTRAL,2.839872,101.8285842,SPV,0,0,33060,COMRB17,,,,,,,,
CT3211009036,BILLION SHOPPING CENTRE (KLANG)S/B-BAHAU(700-B108),"NO.1 ,JALAN PBB,, PUSAT PERDAGANGAN BAHAU,",72100,"BAHAU,NSDK",BILLION,CENTRAL,CENTRAL,2.808183,102.4012856,SMT,77350.74,49.8,33060,COMRB12,,,,,,,,
CT3211009037,BILLION SHOPPING CENTRE (PD)S/D (700-B042),"LOT 28-41, SEBAHAGIAN LOT PT 72,, KAWASAN PENAMBAHAN LAUT,",71000,"BANDAR PORT DICKSON,",BILLION,CENTRAL,CENTRAL,2.5234419,101.7982088,SMT,92000.49,62,33060,COMRB10,,,,,,,,
CT3211009077,KEDAI RUNCIT ANSON (700-K456),"KEDAI KOPERASI SUNGAI SAMPO,, BANDAR SERI JEMPOL,NSDK",72120,,Others,CENTRAL,CENTRAL,2.984807,102.44495,SPV,383.35,2.6,33060,COMRB12,,,,,,,,
CT3211009078,ECO FRESH VALUE MART (NB2) SDN BHD (700-E060),"NO 5-9,JALAN NUSARI BIZ 2,, 71950 BANDAR SRI SENDAYAN,NSDK",71950,,Others,CENTRAL,CENTRAL,2.662941,101.872651,SPV,7079.1,15.2,33060,COMRB10,,,,,,,,
CT3211009135,MOON TOUCH GLOBAL RESOURCES SDN.BHD. (700-M241),"NO 19,JALAN UTL 4,, BANDAR UNIVERSITI TEKNOLOGI LEGENDA,",71700,"71700 MANTIN,NSDK",Others,CENTRAL,CENTRAL,2.821763,101.870456,SPV,1013.53,3,33060,COMRB17,,,,,,,,
CT3211009136,YUSOOF DIN BIN PACKIR MOHAMED (700-Y079),"NO 1 & 2,LOT 2290,JALAN BESAR BERANANG,, 43700 BERANANG,SELANGOR",43700,,Others,CENTRAL,CENTRAL,2.7403442,101.9410475,SPV,1326.78,9.6,33060,COMRB17,,,,,,,,
CT3211009137,SUN MAJU (700-S489),"NO 28,JALAN PULAI PERDANA 1,, TAMAN PULAI PERDANA 1,",70400,"70400 SEREMBAN,NSDK",Others,CENTRAL,CENTRAL,2.7474091,101.9443127,SPV,843.62,3.4,33060,COMRB17,,,,,,,,
CT3211009138,SALMAN MINI MARKET (700-S271),"369,TAMAN JUJUR,JALAN SIKAMAT,, 70400 SEREMBAN,NSDK",70400,,Others,CENTRAL,CENTRAL,2.7520812,101.9616363,SPV,160.87,2.8,33060,COMRB17,,,,,,,,
CT3211009139,345 JAYA MART (700-J065),"NO 2,JALAN NUSA INTAN 2/1,, TAMAN NUSA INTAN,",70400,"70400 SEREMBAN,NSDK",Others,CENTRAL,CENTRAL,2.70834,102.020299,SPV,205.3,9,33060,COMRB16,,,,,,,,
CT3211009140,123 JAYA MART (700-J066),"NO 94-1,JALAN WIDURI INDAH 5,, TAMAN WIDURI INDAH,",70450,"70450 SENAWANG,NSDK",Others,CENTRAL,CENTRAL,2.6963724,101.9965697,SPV,199.54,2.8,33060,COMRB16,,,,,,,,
CT3211009151,BB FRESH GROCER SDN BHD (700-B130),"NO 78,JALAN BIDARA RAI 10,, PUSAT PERDAGANGAN BIDARA RIA,",71900,"71900 LABU,NSDK",Others,CENTRAL,CENTRAL,2.701287,101.828636,SPV,1688.51,18,33060,COMRB10,,,,,,,,
CT3211009160,345 MART(700-M244),"NO 298-G,TAMAN SENAWANG JAYA,, 70450 SEREMBAN,NSDK",70450,,Others,CENTRAL,CENTRAL,2.6912121,101.9832347,SPV,240.18,2.2,33060,COMRB16,,,,,,,,
CT3211009161,TF VALUE-MART SDN BHD -SENDAYAN,"PT1057,Persiaran Metro Park Sendayan1,, Metro Sendayan,",71950,"Bandar Sri Sendayan,",TFV,CENTRAL,CENTRAL,2.6909639,101.8514415,LPV,38948.56,30.2,33060,COMRB10,,,,,,,,
CT3211009174,BEN WAY MARKETING RESOURCES SDN.BHD.(700-B037),"NO. 2883, JALAN SJ 3/6C,, TAMAN SEREMBAN JAYA,",70450,"70450 SEREMBAN, NSDK.",Others,CENTRAL,CENTRAL,,,WHS,29355.68,0.6,33060,COMRB07,,,,,,,,
CT3211009175,CORAL LOTUS HOUSE ENTERPRISE (700-C219),"PT22039 ,JALAN KOLEJ 10,, DESA KOLEJ ,PUTRA NILAI,",71800,"71800 NILAI ,NSDK",Others,CENTRAL,CENTRAL,,,OTH,28716.11,28,33060,COMRB07,,,,,,,,
CT3211009213,RASAH KEMAYAN FAMILY STORE SDN BHD (700-R245),"NO 48-58,JALAN PUSAT PERDAGANGAN RK 3,, PUSAT PERDAGANGAN RASAH KEMAYAN,",70300,,Others,CENTRAL,CENTRAL,2.692354,101.892001,LPV,53957.54,48.2,33060,COMRB10,,,,,,,,
