store_id,store_name,address,postal_code,city,account,district,region,lat,lng,category,annual_sales_usd,lines_per_store,fsm,sr,rating,review_count,price_level,place_id,phone,opening_hours,website,enrichment_attempted
700_A131,ASHIQ IMAN ENTERPRISE,"25  JALAN CAMAR 4/2, SEKSYEN 4  KOTA D'SARA, KOTA DAMANSARA",47810,47810 PETALING JAYA,Others,CENTRAL,CENTRAL,3.153226,101.579096,spv,554.97,13.8,33059,TSTM011,3.6,9,0,,03-6143 3747,Monday: 7:00?AM?–?9:30?PM | Tuesday: 7:00?AM?–?9:30?PM | Wednesday: 7:00?AM?–?9:30?PM | Thursday: 7:00?AM?–?9:30?PM | Friday: 7:00?AM?–?9:30?PM | Saturday: 7:00?AM?–?9:30?PM | Sunday: 7:00?AM?–?9:30?PM,,
700_A225,AL RABBANI ENTERPRISE,"NO 27 JALAN UP 1/1, UKAY PERDANA, AMPANG",68000,AMPANG,Others,CENTRAL,CENTRAL,3.2037695,101.7771743,spv,1086,9.8,33059,TSTK001,0,0,0,,,,,TRUE
700_A296,AS BISMI MINI MART,"NO 11  JALAN SENTUL MURNI, SENTUL PASAR, SENTUL",51000,51000 KUALA LUMPUR,Others,CENTRAL,CENTRAL,3.1953283,101.6917483,spv,395.6,7,33059,TSTK001,3.9,896,0,,03-4045 6993,Monday: 8:30?AM?–?10:00?PM | Tuesday: 8:30?AM?–?10:00?PM | Wednesday: 8:30?AM?–?10:00?PM | Thursday: 8:30?AM?–?10:00?PM | Friday: 8:30?AM?–?10:00?PM | Saturday: 8:30?AM?–?10:00?PM | Sunday: 8:30?AM?–?10:00?PM,https://m.facebook.com/PasarayaOTK/,
700_A408,ALIZA MINI MART,"B-01-07, 162 RESIDENCY,, JALAN IPOH KM12,",68100,BATU CAVES,Others,CENTRAL,CENTRAL,3.2480767,101.6503067,spv,277.33,6.4,33059,TSTK001,4.1,3441,0,,07-283 0123,Monday: 9:30?AM?–?10:30?PM | Tuesday: 9:30?AM?–?10:30?PM | Wednesday: 9:30?AM?–?10:30?PM | Thursday: 9:30?AM?–?10:30?PM | Friday: 9:30?AM?–?10:30?PM | Saturday: 9:30?AM?–?10:30?PM | Sunday: 9:30?AM?–?10:30?PM,http://www.eco-shop.com.my/,
700_B296,BAKHACHE FOOD SDN BHD,"N3 31-1 HIGHWAY CENTRE, JALAN  51/205 46050, PETALING JAYA ",46050,PETALING JAYA ,Others,CENTRAL,CENTRAL,3.0927917,101.6338045,spv,0,0,33059,TSTA001,3.9,17,0,ChIJ7_y5Tq9JzDER8WkwxyfCG_M,,,,TRUE
700_F160,FANTASY JUNGLE FOOD SDN BHD,"LOT 37627  JALAN 2/37A, POTENTIAL INDUSTRIAL ESTATE, KEPONG",52100,TAMAN BUKIT MALURI  OFF JALAN KEPONG,Others,CENTRAL,CENTRAL,3.1997738,101.6392094,whs,-5.92,0,33059,TSTRB6,0,0,0,,,,,
700_G114,PASAR MINI AZF,"NO 12  BLOCK D  DIAMOND SQUARE, JALAN 4/50  OFF JALAN GOMBAK, GOMBAK",53000,GOMBAK,Others,CENTRAL,CENTRAL,3.1956176,101.7058072,spv,1157.12,9.6,33059,TSTK001,0,0,0,,,,,TRUE
700_G116,GREENTAIL MARKETING 700-G116,"11-1  JALAN INDAH 1, TAMAN DAGANG PERMAI, AMPANG",68000,AMPANG,Others,CENTRAL,CENTRAL,3.1369933,101.78087,whs,0,0,33059,TSTRB3,0,0,0,,,,,TRUE
700_K043,KANA JAYA ENTERPRISE(1),"LOT 4713E, TAMAN KOPERASI POLIS FASA 2, GOMBAK",68100,GOMBAK,Others,CENTRAL,CENTRAL,3.2193872,101.689508,spv,1868.88,8.6,33059,TSTK001,0,0,0,ChIJ3_Ok8olHzDER-mvFgYW7uJ0,,,,TRUE
700_L253,LUCKY SNACK TRADING SDN BHD,"NO. 17  JALAN PAHLAWAN, 5/3 SEKSYEN 3  BANDAR MAHKOTA CHERAS",43200,43200 CHERAS  SELANGOR.,Others,CENTRAL,CENTRAL,3.0634417,101.7882883,whs,2662.56,1.4,33059,TSTRB3,0,0,0,,,,,TRUE
700_M599,MY DAILY ENTERPRISE -PJ,"NO.147  JALAN SS2/6, TAMAN BAHAGIA, PETALING JAYA",47300,PETALING JAYA,Others,CENTRAL,CENTRAL,3.1166872,101.6169359,spv,740.52,2,33059,TSTRB5,3.5,48,0,,03-3362 6863,Monday: 10:00?AM?–?10:00?PM | Tuesday: 10:00?AM?–?10:00?PM | Wednesday: 10:00?AM?–?10:00?PM | Thursday: 10:00?AM?–?10:00?PM | Friday: 10:00?AM?–?10:00?PM | Saturday: 10:00?AM?–?10:00?PM | Sunday: 10:00?AM?–?10:00?PM,http://www.99speedmart.com.my/,
700_S1239,SAN MAN YEE TRADING,"1, RANCANGAN RUMAH MURAH, RAWANG",44300,BATANG KALI,Others,CENTRAL,CENTRAL,3.4641733,101.65089,spv,857.43,23.6,33059,TSTRB3,0,0,0,ChIJ6VgqF31tzDER4HrubzC4MwI,,,,TRUE
700_S1263,SUPER SEVEN CASH & CARRY S/B (SUBANG 2),"NO 1 JALAN EURO 1, OFF BATU TIGA, SUNGAI BULOH",40150,SUNGAI BULOH SEKSYEN 3,NSK,CENTRAL,CENTRAL,3.1527335,101.5485771,whs,47631.79,17.2,33059,TSTL003,3.8,1202,0,,03-7859 0861,Monday: 8:00?AM?–?9:40?PM | Tuesday: 8:00?AM?–?9:40?PM | Wednesday: 8:00?AM?–?9:40?PM | Thursday: 8:00?AM?–?9:40?PM | Friday: 8:00?AM?–?9:40?PM | Saturday: 8:00?AM?–?9:40?PM | Sunday: 8:00?AM?–?9:40?PM,http://www.super7.com.my/,
700_W199,HYAR NISHA MINI MARKET,"NO.16, JALAN 7/18B,, TAMAN BATU PERMAI,, JALAN IPOH",51200,"BATU 5, JALAN IPOH,",Others,CENTRAL,CENTRAL,3.2070506,101.6770532,spv,842.91,4,33059,TSTK001,4.1,25,0,ChIJnYsEwMZHzDER828xSLmqQkk,,,,TRUE
700_Y172,SYARIKAT PERNIAGAAN SHIN HING,"NO. 6, JALAN AIR TENANG, SETAPAK",53200,AIR PANAS BARU  SETAPAK,Others,CENTRAL,CENTRAL,3.189533,101.718521,cmh,1288.2,3.2,33059,TSTK001,5,6,0,ChIJIytfJ-U3zDERctndr4ihSLE,,,,TRUE
A609,ANDA MINI MARKET,"3  JALAN G.P. UTAMA, TAMAN GARING PERMAI, RAWANG",48000,RAWANG,Others,CENTRAL,CENTRAL,3.3268133,101.5611267,spv,953.71,11.8,33059,TSTRB3,5,1,0,ChIJJWyCTwRDzDERdoNhses23sE,,,,TRUE
A624,DYNAMIC FRONTIER RESOURCES,"NO 7,GROUND FLOOR, JALAN SARIKEL, JALAN PAHANG",53000,OFF JALAN PAHANG,Others,CENTRAL,CENTRAL,3.176876,101.699314,spv,411.11,10.4,33059,TSTRB3,5,1,0,,03-4024 4100,Monday: 9:00?AM?–?8:00?PM | Tuesday: 9:00?AM?–?8:00?PM | Wednesday: 9:00?AM?–?8:00?PM | Thursday: 9:00?AM?–?8:00?PM | Friday: 9:00?AM?–?8:00?PM | Saturday: 9:00?AM?–?8:00?PM | Sunday: 9:00?AM?–?8:00?PM,,
AB04,KEDAI BAN SAN,"77 KAMPONG SG TERENTANG, RAWANG, RAWANG",-,,Others,CENTRAL,CENTRAL,3.3078829,101.5887264,spv,715.06,11.8,33059,TSTRB3,0,0,0,ChIJbbb9-OZDzDERfepPDzZfaMM,,Monday: 9:00?AM?–?8:00?PM | Tuesday: 9:00?AM?–?8:00?PM | Wednesday: 9:00?AM?–?8:00?PM | Thursday: 9:00?AM?–?8:00?PM | Friday: 9:00?AM?–?8:00?PM | Saturday: 9:00?AM?–?8:00?PM | Sunday: 9:00?AM?–?8:00?PM,,TRUE
AB12,BANEE SDN BHD,"5  JLN APOLLO US/194, BDR PINGGIRAN SUBANG SEK 1, KG. SUBANG",40150,40150 SHAH ALAM,Others,CENTRAL,CENTRAL,3.1579983,101.5493183,whs,210218.64,6.6,33059,TSTL002,4.9,98,0,,014-396 3068,Monday: 10:00?AM?–?6:00?PM | Tuesday: 10:00?AM?–?6:00?PM | Wednesday: 10:00?AM?–?6:00?PM | Thursday: 10:00?AM?–?6:00?PM | Friday: 10:00?AM?–?6:00?PM | Saturday: 10:00?AM?–?6:00?PM | Sunday: 10:00?AM?–?3:00?PM,https://instagram.com/alessaminimart?igshid=72s4rz2sp8vb,
AH01,HIAP LEONG MARKETING S/B,"NO.1A LOT 4887 JLN IPOH, 7 3/4 MILES SELAYANG, BATU CAVES",68100,BATU CAVES,Others,CENTRAL,CENTRAL,3.2462967,101.6611417,whs,1246.4,0.8,33059,TSTL002,0,0,0,,,,,TRUE
AH04,HENG KEE MARKETING SDN BHD,"NO 27  29 GRD FLR, JALAN DEWAN SULTAN SULAIMAN 1, KUALA LUMPUR",50300,KUALA LUMPUR,Others,CENTRAL,CENTRAL,3.1613266,101.6985335,whs,0,0,33059,TSTRB5,4.1,1027,0,,03-2691 5786,Monday: 9:30?AM?–?7:00?PM | Tuesday: 9:30?AM?–?7:00?PM | Wednesday: 9:30?AM?–?7:00?PM | Thursday: 9:30?AM?–?7:00?PM | Friday: 9:30?AM?–?7:00?PM | Saturday: 9:30?AM?–?7:00?PM | Sunday: 9:30?AM?–?7:00?PM,,
AH10,HGH CONVENTION CENTRE,"LEMBAGA PENGURUS SJK (C) SENTUL, LOT 475  JALAN SENTUL, SENTUL",51000,KUALA LUMPUR.,Others,CENTRAL,CENTRAL,3.179035,101.6928221,oth,0,0,33059,TSTA001,4.4,1934,0,ChIJO4tOORBIzDERE8LgSc7dNso,,,,TRUE
AM07,M.F.LAI ENTERPRISE,"91 JALAN WAWASAN 2/2, PUSAT BANDAR PUCHONG, PETALING JAYA",47100,PUCHONG,Others,CENTRAL,CENTRAL,3.032385,101.6223,whs,-3849.59,0,33059,TSTL002,0,0,0,,,,,
AM08,MEDISHIELD FIRST AID SUPPLIES SDN BHD,"7 & 9 JALAN INDUSTRIES, MAS 3 TAMAN MAS, PETALING JAYA",47100,PUCHONG,Others,CENTRAL,CENTRAL,2.97424,101.5828333,oth,2940.48,0.2,33059,TSTL002,4.4,5,0,,018-375 0635,Monday: 7:00?AM?–?9:30?PM | Tuesday: 7:00?AM?–?9:30?PM | Wednesday: 7:00?AM?–?9:30?PM | Thursday: 7:00?AM?–?9:30?PM | Friday: 7:00?AM?–?9:30?PM | Saturday: 7:00?AM?–?9:30?PM | Sunday: 9:00?AM?–?9:30?PM,,
AM11,PASAR MINI AN NISA,"NO.C-1  JLN 3/27A, SEKSYEN 1  BDR BARU, WANGSA MAJU",53300,WANGSA MAJU,Others,CENTRAL,CENTRAL,3.20541,101.729915,spv,1083.59,9,33059,TSTK001,5,1,0,,03-4149 7389,Monday: 10:00?AM?–?8:00?PM | Tuesday: 10:00?AM?–?8:00?PM | Wednesday: 10:00?AM?–?8:00?PM | Thursday: 10:00?AM?–?8:00?PM | Friday: 10:00?AM?–?8:00?PM | Saturday: 10:00?AM?–?8:00?PM | Sunday: 10:00?AM?–?8:00?PM,,
AO01,PASARAYA OKAY SDN BHD,"NO. 1A  LOT 4887  BATU 7 3/4, JALAN IPOH  SELAYANG, BATU CAVES",68100,BATU CAVES,Others,CENTRAL,CENTRAL,3.244385,101.6639183,spv,2575.92,4.2,33059,TSTL002,3.9,144,0,ChIJlT78yB1HzDERtYtzf7bBjAg,,,,TRUE
AP08,PROMED MARKETING S/B,"NO:1 (1ST & 2ND FLOOR), JALAN BPU 7, PETALING JAYA",47100,BANDAR PUCHONG UTAMA,Others,CENTRAL,CENTRAL,2.98978,101.61864,oth,11637.43,3.2,33059,TSTL002,4.1,15,0,,012-709 6388,Monday: Closed | Tuesday: 7:00?AM?–?3:30?PM | Wednesday: 7:00?AM?–?3:30?PM | Thursday: 7:00?AM?–?3:30?PM | Friday: 7:00?AM?–?3:30?PM | Saturday: 7:00?AM?–?3:30?PM | Sunday: 7:00?AM?–?3:30?PM,https://m.me/ddfreshmeat?ref=w13673615,
AT19,PASARAYA TS MEGA (CHERAS) SDN BHD,"4 6 8 10 JALAN5/80A, OFF JALAN SEKILAU 3 1/2 MILES CHERAS, CHERAS",56000,CHERAS,Others,CENTRAL,CENTRAL,3.1144531,101.7226955,lpv,317627.71,67,33059,TSTL002,3.9,55,0,,03-9172 6199,Monday: 10:00?AM?–?9:30?PM | Tuesday: 10:00?AM?–?9:30?PM | Wednesday: 10:00?AM?–?9:30?PM | Thursday: 10:00?AM?–?9:30?PM | Friday: 10:00?AM?–?9:30?PM | Saturday: 10:00?AM?–?9:30?PM | Sunday: 10:00?AM?–?9:30?PM,,
AW09,WH SMITH MALAYSIA SDN BHD -RAWANG,"LOT 142 (PECAHAN LOT 1289), JALAN INDUSTRI 2/4, RAWANG",48000,RAWANG INTEGRATED INDUSTRI PARK,Others,CENTRAL,CENTRAL,3.161915,101.572605,con,83100.03,32.4,33059,TSTL002,3.8,136,0,,03-6144 5243,Monday: 9:00?AM?–?8:00?PM | Tuesday: 9:00?AM?–?8:00?PM | Wednesday: 9:00?AM?–?8:00?PM | Thursday: 9:00?AM?–?8:00?PM | Friday: 9:00?AM?–?8:00?PM | Saturday: 9:00?AM?–?8:00?PM | Sunday: 9:00?AM?–?8:00?PM,,
B095,BARONA MAJU,"LOT 8434 JALAN NAKHODA KIRI, KAMPUNG NAKHODA, BATU CAVES",68100,BATU CAVES,Others,CENTRAL,CENTRAL,3.25068,101.6762033,spv,961.78,8.8,33059,TSTK001,1,1,0,ChIJd9-2xuNHzDERjJZngC65iRk,,,,TRUE
B258,PASARAYA JTR JAYA,"PT 38, JALAN PASAR RASA, RAWANG",44200,RASA,Others,CENTRAL,CENTRAL,3.4974967,101.6332433,spv,4860.94,22,33059,TSTRB3,5,2,0,ChIJFaFNuLptzDERQDZcc5KqVUE,011-7226 8665,,,TRUE
BA01,PASAR MINI AMS  -  TMN SRI MURNI,"NO.10  JALAN 1/2D, TAMAN SRI MURNI, BATU CAVES",68100,BATU CAVES,Others,CENTRAL,CENTRAL,3.2354252,101.6613328,spv,8713.5,28.8,33059,TSTL003,4,68,0,,03-6138 9786,Monday: Open 24 hours | Tuesday: Open 24 hours | Wednesday: Open 24 hours | Thursday: Open 24 hours | Friday: Open 24 hours | Saturday: Open 24 hours | Sunday: Open 24 hours,https://m.facebook.com/pages/Pasar-Mini-AMS/2219288284827178,
BB03,BARKAH MINI MARKET,"NO.25 KM 24, JALAN GOMBAK, GOMBAK",53100,GOMBAK,Others,CENTRAL,CENTRAL,3.2073487,101.7025479,spv,0,0,33059,TSTL002,5,6,0,,017-578 6004,Monday: 6:00?AM?–?12:00?AM | Tuesday: 6:00?AM?–?12:00?AM | Wednesday: 6:00?AM?–?12:00?AM | Thursday: 6:00?AM?–?12:00?AM | Friday: 6:00?AM?–?12:00?AM | Saturday: 6:00?AM?–?12:00?AM | Sunday: 6:00?AM?–?12:00?AM,,
BG04,G.U.S (BUKIT BERUNTUNG) S/B,"NO.1 JALAN KAMUNTING 1, SEKSYEN BB6, RAWANG",48300,BANDAR BUKIT BERUNTUNG,Others,CENTRAL,CENTRAL,3.412025,101.5581017,smt,62999.49,43.4,33059,TSTRB3,0,0,0,,,,,TRUE
BI04,IDAMAN MG TRADING,"NO 15  SERI SELERA  PS, SG.PUSU, GOMBAK",53000,GOMBAK,Others,CENTRAL,CENTRAL,3.2493383,101.7290483,spv,0,0,33059,TSTL002,0,0,0,,,,,TRUE
BK12,KIM LEONG SHOP,"NO 31  JALAN 2A/6, TAMAN SETAPAK INDAH, SETAPAK",53100,KULALA LUMPUR,Others,CENTRAL,CENTRAL,3.2103006,101.7193286,spv,1195.96,11,33059,TSTL003,4.9,146,0,ChIJ8YktTW04zDER6Elzy7pTImM,,Monday: 11:00?AM?–?9:30?PM | Tuesday: 11:00?AM?–?9:30?PM | Wednesday: 11:00?AM?–?9:30?PM | Thursday: 11:00?AM?–?9:30?PM | Friday: 11:00?AM?–?9:30?PM | Saturday: 11:00?AM?–?9:30?PM | Sunday: 11:00?AM?–?3:00?PM,,
BK13,FBY ONE ENTERPRISE -2,"LOT 3095  BT 9, JALAN GOMBAK UTARA, GOMBAK",53000,GOMBAK,Others,CENTRAL,CENTRAL,3.2569883,101.7259267,spv,0,0,33059,TSTL002,0,0,0,,,,,TRUE
BL02,KEDAI RUNCIT ROZITA SDN BHD,"LOT 1432-A BATU 8, GOMBAK, GOMBAK",53000,SELANGOR,Others,CENTRAL,CENTRAL,3.243825,101.7196267,spv,0,0,33059,TSTL002,0,0,0,,,,,TRUE
BS01,PASAR MINI SAMY SELVI,"NO:10  JALAN PINGGIRAN 2/2, PINGGIRAN BATU CAVES, BATU CAVES",68100,BATU CAVES,Others,CENTRAL,CENTRAL,3.2548533,101.6939283,spv,360.55,6.6,33059,TSTK001,2.7,17,0,,,Monday: 9:00?AM?–?8:00?PM | Tuesday: 9:00?AM?–?8:00?PM | Wednesday: 9:00?AM?–?8:00?PM | Thursday: 9:00?AM?–?8:00?PM | Friday: 9:00?AM?–?8:00?PM | Saturday: 9:00?AM?–?8:00?PM | Sunday: 9:00?AM?–?8:00?PM,,
BS03,SHUANG - LIM CASH & CARRY SDN BHD,"LOT 2079-1, TAMAN DANAU KOTA, GOMBAK",53300,OFF JALAN GENTING KELANG,Others,CENTRAL,CENTRAL,3.2015327,101.7187586,whs,13797.47,9.6,33059,TSTL003,4.1,2078,0,,1-300-80-2366,Monday: 9:00?AM?–?10:00?PM | Tuesday: 9:00?AM?–?10:00?PM | Wednesday: 9:00?AM?–?10:00?PM | Thursday: 9:00?AM?–?10:00?PM | Friday: 9:00?AM?–?10:00?PM | Saturday: 9:00?AM?–?10:00?PM | Sunday: 8:00?AM?–?10:00?PM,http://www.aeonbig.com.my/,
BS21,CHOP SWEE HUAT JOO KEE,"14 JLN PEJABAT POS, SG BESI, SG BESI",57000,KUALA LUMPUR,Others,CENTRAL,CENTRAL,3.0636117,101.7095983,spv,0,0,33059,TSTL002,4.7,3,0,ChIJOTYGJH01zDERK9-9mcfdwxE,016-493 8654,Monday: 6:00?AM?–?10:00?PM | Tuesday: 6:00?AM?–?10:00?PM | Wednesday: 6:00?AM?–?10:00?PM | Thursday: 6:00?AM?–?10:00?PM | Friday: 6:00?AM?–?10:00?PM | Saturday: 6:00?AM?–?10:00?PM | Sunday: 6:00?AM?–?10:00?PM,,TRUE
BS30,CASH RB10,-,-,,Others,CENTRAL,CENTRAL,3.2199967,101.6187517,cash,-5406.69,0.2,33059,TSTL002,0,0,0,,,,,
BT03,PASAR MINI TAJ MAJU  (NO 14-B JLN 13),"NO. 14-B  JALAN 13, SELAYANG BARU, BATU CAVES",68100,BATU CAVES,Others,CENTRAL,CENTRAL,3.2486833,101.6724523,spv,819.3,6.4,33059,TSTK001,2.1,7,0,ChIJ0eNI9iNHzDERDCFs5S-NWGY,,,,TRUE
BV01,N. VIMALAN ENTERPRISE,"NO.15  JLN SATU, TMN BATU CAVES, BATU CAVES",68100,BATU CAVES,Others,CENTRAL,CENTRAL,3.2368517,101.6779367,spv,0,0,33059,TSTL002,4,195,0,,012-998 3607,Monday: 8:00?AM?–?10:00?PM | Tuesday: 8:00?AM?–?10:00?PM | Wednesday: 8:00?AM?–?10:00?PM | Thursday: 8:00?AM?–?10:00?PM | Friday: 8:00?AM?–?10:00?PM | Saturday: 8:00?AM?–?10:00?PM | Sunday: 8:00?AM?–?10:00?PM,https://www.facebook.com/profile.php?id=100075549695519&mibextid=ZbWKwL,
BW09,WAN LEE HENG SDN BHD -JALAN RAWANG,"LOT 6015  BATU 7 1/2, JALAN RAWANG, BATU CAVES",68100,BATU CAVES,Others,CENTRAL,CENTRAL,3.2401911,101.6684533,whs,5341.3,3.6,33059,TSTL003,4,37,0,ChIJy_Wsv6BHzDERcmsrGqnIRKE,,,,TRUE
C280,CT GEDUNG ENTERPRISE - 15A,"NO. 15A,, JALAN AU 2B,, KERAMAT",54200,"TAMAN SRI KERAMAT,",Others,CENTRAL,CENTRAL,3.1743517,101.7454783,spv,1156.92,9.8,33059,TSTK001,4,2058,0,,03-4252 7394,Monday: 7:00?AM?–?10:00?PM | Tuesday: 7:00?AM?–?10:00?PM | Wednesday: 7:00?AM?–?10:00?PM | Thursday: 7:00?AM?–?10:00?PM | Friday: 7:00?AM?–?11:00?PM | Saturday: 7:00?AM?–?11:00?PM | Sunday: 7:00?AM?–?11:00?PM,https://www.giant.com.my/,
CT0000000106,AVELON ARISE,"28  PERSIARAN ARA KIRI, LUCKY GARDEN  BANGSAR, BANGSAR",59100,KUALA LUMPUR,Others,CENTRAL,CENTRAL,3.1280041,101.6693026,oth,23967.68,31.6,33059,TSTRB3,0,0,0,,,,,TRUE
CT0000000635,AFRINA MART (BOUGAINVILLA),"B-2-1 PANGSAPURI BOUGAINVILLA, JLN PRIMA PELANGI 1, SEGAMBUT",51200,BKT PRIMA PELANGI,Others,CENTRAL,CENTRAL,3.17807,101.6466414,spv,1820.26,17,33059,TSTRB6,0,0,0,,,,,TRUE
CT0000000681,PERNIAGAAN SUNGHO,"NO.43  JALAN BRP 1/5, BUKIT RAHMAN PUTRA, SG.BULOH",47000,SG.BULOH,Others,CENTRAL,CENTRAL,3.22624,101.563702,whs,0,0,33059,TSTM011,3.6,24,0,,03-6142 6975,Monday: 8:00?AM?–?8:00?PM | Tuesday: 8:00?AM?–?8:00?PM | Wednesday: 8:00?AM?–?8:00?PM | Thursday: 8:00?AM?–?8:00?PM | Friday: 8:00?AM?–?8:00?PM | Saturday: 8:00?AM?–?8:00?PM | Sunday: 8:00?AM?–?8:00?PM,,
CT0000000713,TAQWA AMEERA MARKET,"C-G-06/07/08, RESIDENDSI BISTARI, AMPANG",68000,JALAN UKAY BISTARI,Others,CENTRAL,CENTRAL,3.1967936,101.7661759,spv,4745.98,11.6,33059,TSTK001,4.7,41,0,ChIJMQO0Nz85zDERYUHZ2_DGoq8,,,,TRUE
CT0000000717,CASH RB01,"-, -",-,,Others,CENTRAL,CENTRAL,0,0,cash,0,0,33059,TSTL003,0,0,0,,,,,
CT0000000853,SRI TERNAK FOOD MART SDN BHD,"BLOCK 7H 7J 7K BATU 71/2, JALAN RAWANG, SELAYANG",68100,SELAYANG,Others,CENTRAL,CENTRAL,3.242619,101.666815,whs,64141.93,32.8,33059,TSTRB3,4.1,2748,0,ChIJ15YlghxHzDERVQvEY6eWnMY,,,,TRUE
CT3211004861,LIP TAI SDN BHD,"NO.6 JALAN TPP 1/5, TAMAN INDUSTRI PUCHONG, PETALING JAYA",47100,PUCHONG,Others,CENTRAL,CENTRAL,3.216855,101.6425417,whs,-309.12,0,33059,TSTL002,4,124,0,,011-3650 6882,Monday: 10:00?AM?–?10:30?PM | Tuesday: 10:00?AM?–?10:30?PM | Wednesday: 10:00?AM?–?10:30?PM | Thursday: 10:00?AM?–?10:30?PM | Friday: 10:00?AM?–?10:30?PM | Saturday: 10:00?AM?–?10:30?PM | Sunday: 10:00?AM?–?10:30?PM,https://m.2hungry.app/shop/index/index?merchantId=M84471,
CT3211005071,7 MAJU SDN BHD,"G-7, RESIDENSI TERATAI, NO 2, JALAN 4/23F ,OFF JALAN LANGKAWI,",53000,"SETAPAK,",Others,CENTRAL,CENTRAL,3.200161,101.711762,spv,2517.45,4.4,33059,TSTK001,3.1,13,0,,03-3362 6863,Monday: 10:00?AM?–?10:00?PM | Tuesday: 10:00?AM?–?10:00?PM | Wednesday: 10:00?AM?–?10:00?PM | Thursday: 10:00?AM?–?10:00?PM | Friday: 10:00?AM?–?10:00?PM | Saturday: 10:00?AM?–?10:00?PM | Sunday: 10:00?AM?–?10:00?PM,http://www.99speedmart.com.my/,
CT3211005207,KEDAI KELUARGA RIA,"No 1 RKAT DESA SETIAWIRA, JALAN BUKU LIMA, KUALA LUMPUR",54000,OFF JALAN PADANG TEMBAK,Others,CENTRAL,CENTRAL,3.1759565,101.7330672,spv,3025.38,14.2,33059,TSTK001,4.9,8,0,ChIJHepYnxg3zDERPTdQ2tC2TV4,,,,TRUE
CT3211005342,USAHA MANDIRI NAD ENTERPRISE - LOT 1659,"LOT 1970 JALAN GAJAH 14, BATU 18 KAMPUNG KUBU GAJAH, SUNGAI BULOH",47000,SUNGAI BULOH,Others,CENTRAL,CENTRAL,3.199351,101.522911,spv,2283,11.2,33059,TSTM011,5,3,0,ChIJJ0-HcgBbzDER3XOpxIlsb_4,,,,TRUE
CT3211005343,WHC WHOLESALE SDN. BHD.,"No.21 JALAN TIB 3/3, TAMAN INDUSTRI BOLTON",68100,BATU CAVES,Others,CENTRAL,CENTRAL,3.244236,101.6964,whs,4739.76,0.6,33059,TSTRB6,4.2,352,0,,013-800 7595,Monday: 8:00?AM?–?5:30?PM | Tuesday: 8:00?AM?–?5:30?PM | Wednesday: 8:00?AM?–?5:30?PM | Thursday: 8:00?AM?–?5:30?PM | Friday: 8:00?AM?–?5:30?PM | Saturday: 8:00?AM?–?5:30?PM | Sunday: Closed,http://hikmahfood.blogspot.com/,
CT3211005344,MARGINAL STORE,"JALAN CENGKAT JAYA, KG CENGKAT GOMBAK, BATU CAVES",68100,BATU CAVES,Others,CENTRAL,CENTRAL,3.2277998,101.7068764,spv,921.46,3.8,33059,TSTK001,4,4,0,,016-670 5405,Monday: 8:00?AM?–?11:00?PM | Tuesday: 8:00?AM?–?11:00?PM | Wednesday: 8:00?AM?–?11:00?PM | Thursday: 8:00?AM?–?11:00?PM | Friday: 8:00?AM?–?11:00?PM | Saturday: 8:00?AM?–?11:00?PM | Sunday: 8:00?AM?–?11:00?PM,,
CT3211005372,PASAR  MINI  SRI BAITH,"NO 94 JALAN 4/48, SENTUL, SENTUL",51000,KUALA LUMPUR,Others,CENTRAL,CENTRAL,3.1933733,101.696415,spv,33.19,1.4,33059,TSTK001,4.5,2,0,ChIJsewz2fxHzDERWasdwn-znKc,016-658 4610,Monday: 5:00?AM?–?1:00?PM | Tuesday: 5:00?AM?–?1:00?PM | Wednesday: 5:00?AM?–?1:00?PM | Thursday: 5:00?AM?–?1:00?PM | Friday: 5:00?AM?–?12:30?PM | Saturday: 5:00?AM?–?1:00?PM | Sunday: 5:00?AM?–?1:00?PM,,TRUE
CT3211005388,BAROKO SDN BHD,"19 - 2 JALAN USJ 9/5P, UEP SUBANG JAYA",47620,SUBANG JAYA,Others,CENTRAL,CENTRAL,3.0465409,101.5870076,oth,0,0,33059,TSTK001,4.2,116,0,,018-913 4298,Monday: 9:00?AM?–?9:00?PM | Tuesday: 9:00?AM?–?9:00?PM | Wednesday: 9:00?AM?–?9:00?PM | Thursday: 9:00?AM?–?9:00?PM | Friday: 9:00?AM?–?9:00?PM | Saturday: 9:00?AM?–?9:00?PM | Sunday: 9:00?AM?–?9:00?PM,https://m.facebook.com/pages/category/Bakery/Stesen-Biskut-Taipan-495184457513154/,
CT3211005436,HONG YANG ORIENTAL FOOD SDN. BHD.,"NO.2,3 & 4,GROUND FLOOR,, JALAN TIB 1/2,",68100,"TAMAN INDUSTRI BOLTON,",Others,CENTRAL,CENTRAL,3.2383249,101.6965855,spv,4776.39,8.6,33059,TSTRB6,4.2,352,0,,013-800 7595,Monday: 8:00?AM?–?5:30?PM | Tuesday: 8:00?AM?–?5:30?PM | Wednesday: 8:00?AM?–?5:30?PM | Thursday: 8:00?AM?–?5:30?PM | Friday: 8:00?AM?–?5:30?PM | Saturday: 8:00?AM?–?5:30?PM | Sunday: Closed,http://hikmahfood.blogspot.com/,
CT3211005546,CASH RB09,"LOT 12 JALAN E1/1 KAWASAN PERiNDASTRIAN EHSAN, TAMAN EHSAN KEPONG",52100,KUALA LUMPUR,Others,CENTRAL,CENTRAL,3.6951508,101.5266531,cash,46571.63,63.8,33059,TSTK001,0,0,0,,,,,TRUE
CT3211005685,CASH RB05,KL,52100,,Others,CENTRAL,CENTRAL,3.2200879,101.6187612,cash,0,0,33059,TSTRB5,0,0,0,,,,,TRUE
CT3211005734,PHARMA 722 SDN BHD,"GROUND FLOOR WISMA TKT, 2/4 JLN  DANG WANGI, KUALA LUMPUR",50100,KUALA LUMPUR,Others,CENTRAL,CENTRAL,3.155482,101.700607,oth,3453.91,14.8,33059,TSTRB5,0,0,0,,03-2698 7249,Monday: 9:30?AM?–?8:00?PM | Tuesday: 9:30?AM?–?8:00?PM | Wednesday: 9:30?AM?–?8:00?PM | Thursday: 9:30?AM?–?8:00?PM | Friday: 9:30?AM?–?8:00?PM | Saturday: 9:30?AM?–?8:00?PM | Sunday: 9:30?AM?–?8:00?PM,,TRUE
CT3211005771,TAKZIM MEGAH SDN.BHD,"NO 14B  JALAN KIP 1, TAMAN PERINDUSTRIAN KIP, SRI DAMANSARA",52200,BANDAR SRI DAMASARA (SD1-SD5),Others,CENTRAL,CENTRAL,3.2060415,101.6069751,spv,1494.89,14.4,33059,TSTRB6,5,3,0,,012-326 5735,Monday: 8:00?AM?–?9:00?PM | Tuesday: 8:00?AM?–?9:00?PM | Wednesday: 8:00?AM?–?9:00?PM | Thursday: 8:00?AM?–?9:00?PM | Friday: 8:00?AM?–?9:00?PM | Saturday: 8:00?AM?–?9:00?PM | Sunday: 8:00?AM?–?9:00?PM,,
CT3211005783,PASARAYA LIGAMAS MAJU,"5 & 7  JLN MERANTI 2, SEKSYEN 3, BATANG KALI",44300,BATANG KALI,Others,CENTRAL,CENTRAL,3.461487,101.655571,spv,3258.4,17.4,33059,TSTRB3,4.2,6,0,,,Monday: 9:00?AM?–?9:00?PM | Tuesday: 9:00?AM?–?9:00?PM | Wednesday: 9:00?AM?–?9:00?PM | Thursday: 9:00?AM?–?9:00?PM | Friday: 9:00?AM?–?9:00?PM | Saturday: 9:00?AM?–?9:00?PM | Sunday: 9:00?AM?–?9:00?PM,,
CT3211005787,PASAR MINI SHAWAL - 19,"19 JALAN BESAR KERLING, KERLING",44100,HULU SELANGOR,Others,CENTRAL,CENTRAL,3.5916033,101.60449,spv,1141.35,8.4,33059,TSTK001,3.6,41,0,,03-3362 6863,Monday: 9:00?AM?–?10:00?PM | Tuesday: 9:00?AM?–?10:00?PM | Wednesday: 9:00?AM?–?10:00?PM | Thursday: 9:00?AM?–?10:00?PM | Friday: 9:00?AM?–?10:00?PM | Saturday: 9:00?AM?–?10:00?PM | Sunday: 9:00?AM?–?10:00?PM,http://www.99speedmart.com.my/,
CT3211005788,KEDAI SERBANEKA MOHAMADIA,"NO.23 JLN BELANGKAS, OFF JLN KG PANDAN, TMN MALURI",52100,TMN MALURI,Others,CENTRAL,CENTRAL,3.1441256,101.7323843,spv,3040.44,10.4,33059,TSTRB5,0,0,0,ChIJ1b653kg2zDERD6-2_h7rXhE,,,,TRUE
CT3211005789,KEDAI UBAT CHARDON,"NO. 4,JALAN JEJAKA 9,, TAMAN MALURI,, TMN MALURI",55100,"CHERAS,",Others,CENTRAL,CENTRAL,3.1284308,101.7318126,cmh,567.45,10.6,33059,TSTRB5,3.9,57,0,,016-258 1777,Monday: 10:30?AM?–?12:00?AM | Tuesday: 10:30?AM?–?12:00?AM | Wednesday: 10:30?AM?–?12:00?AM | Thursday: 10:30?AM?–?12:00?AM | Friday: 10:30?AM?–?12:00?AM | Saturday: 10:30?AM?–?12:00?AM | Sunday: 10:30?AM?–?12:00?AM,https://www.facebook.com/amaya0162581777,
CT3211005791,KEDAI RUNCIT SAJI,"BLOCK E11-0-3, DESA PANDAN, DESA PANDAN",55100,OFF JALAN KAMPONG PANDAN,Others,CENTRAL,CENTRAL,3.1460193,101.7371121,spv,235.62,4.8,33059,TSTRB5,0,0,0,,03-9200 4199,Monday: 10:00?AM?–?8:00?PM | Tuesday: 10:00?AM?–?8:00?PM | Wednesday: 10:00?AM?–?8:00?PM | Thursday: 10:00?AM?–?8:00?PM | Friday: 10:00?AM?–?8:00?PM | Saturday: 10:00?AM?–?8:00?PM | Sunday: 10:00?AM?–?8:00?PM,,TRUE
CT3211005798,THE FLASHING TRADING,"18_0-1 JALAN 19/32, PANGSAPURI SRI JINJANG, JINJANG",52000,JINJANG,Others,CENTRAL,CENTRAL,3.2021524,101.6604352,spv,-426,1.6,33059,TSTRB6,4,117,0,,,Monday: 9:00?AM?–?8:00?PM | Tuesday: 9:00?AM?–?8:00?PM | Wednesday: 9:00?AM?–?8:00?PM | Thursday: 9:00?AM?–?8:00?PM | Friday: 9:00?AM?–?8:00?PM | Saturday: 9:00?AM?–?8:00?PM | Sunday: 9:00?AM?–?8:00?PM,,
CT3211005803,DINAMIK SUPPLIES,"B-00-11., PPR COCHRANE PERKASA, KUALA LUMPUR",55100,JALAN NAKHODA YUSOF,Others,CENTRAL,CENTRAL,3.1349706,101.7268787,spv,1480.73,13.2,33059,TSTRB5,0,0,0,,,,,TRUE
CT3211005804,H.Y.K.R  ENTERPRISE,"C-0-13 P.P.R LAKSAMANA, JALAN PEEL., CHERAS",55100,,Others,CENTRAL,CENTRAL,3.1318444,101.722084,spv,427.25,15.2,33059,TSTRB5,0,0,0,,,,,TRUE
CT3211005823,PERNIAGAAN UBAT SOON ONG SDN BHD,"NO. 8,, JALAN PERDANA 4/8,",55300,"PANDAN PERDANA,",Others,CENTRAL,CENTRAL,3.1207433,101.7431583,cmh,814.2,8.8,33059,TSTRB6,3.9,13,0,,012-651 0268,Monday: Closed | Tuesday: 7:00?AM?–?3:00?PM | Wednesday: 7:00?AM?–?3:00?PM | Thursday: 7:00?AM?–?3:00?PM | Friday: 7:00?AM?–?3:00?PM | Saturday: 7:00?AM?–?3:00?PM | Sunday: 7:00?AM?–?3:46?PM,https://linktr.ee/ddfreshmeat,
CT3211005826,MADURA SUPERSTORE (KL),"NO.359 G JALAN IPOH, JLN IPOH",52100,,Others,CENTRAL,CENTRAL,3.177406,101.687264,spv,574.67,8.6,33059,TSTK001,4.3,156,0,,03-4045 2600,Monday: 8:30?AM?–?8:30?PM | Tuesday: 8:30?AM?–?8:30?PM | Wednesday: 8:30?AM?–?8:30?PM | Thursday: 8:30?AM?–?8:30?PM | Friday: 8:30?AM?–?8:30?PM | Saturday: 8:30?AM?–?8:30?PM | Sunday: 9:00?AM?–?8:30?PM,http://csimpex.com.my/,
CT3211005827,KEDAI RUNCIT MURAH REZEKI,"NO. E-G-4, APT. KENANGAN,, TAMAN BUNGA RAYA,, BUKIT BERUNTUNG",48300,BUKIT BERUNTUNG,Others,CENTRAL,CENTRAL,3.4390517,101.5458158,spv,2034.05,16.2,33059,TSTRB3,0,0,0,ChIJbWmgy1BvzDERoBUFvc7Oths,,,,TRUE
CT3211005828,V FANCY ENTERPRISE,"A-1-23A  PIAZA MEDAN PUTRA, JALAN MEDAN PUTER 6, KEPONG",BANDAR MENJALARA 52200 KUALA LUMPUR,BANDAR MENJALARA,Others,CENTRAL,CENTRAL,3.1915343,101.6232351,spv,432.17,7.6,33059,TSTRB6,0,0,0,,,,,TRUE
CT3211005834,JANGGUT MINI MARKET,"NO: 8  JALAN DUTAMAS SEROJA 3, TAMAN SEGAMBUT (SPPK), SEGAMBUT",51200,SEGAMBUT,Others,CENTRAL,CENTRAL,3.1840708,101.660156,spv,2965.2,26.4,33059,TSTRB6,4.3,9,0,ChIJE5-YNpRJzDERSkqO1qi74YY,,,,TRUE
CT3211005845,JV MART,"3548  JALAN  UTAMA, JINJANG UTARA, JINJANG",52000,JINJANG,Others,CENTRAL,CENTRAL,3.2234725,101.6593386,spv,662.12,5,33059,TSTRB6,4.5,2,0,,03-6242 8875,Monday: 8:00?AM?–?10:00?PM | Tuesday: 8:00?AM?–?10:00?PM | Wednesday: 8:00?AM?–?10:00?PM | Thursday: 8:00?AM?–?10:00?PM | Friday: 8:00?AM?–?10:00?PM | Saturday: 8:00?AM?–?10:00?PM | Sunday: 8:00?AM?–?10:00?PM,,
CT3211005849,AC SOON TRADING,"53-1-3 LORONG 1/125C, TAMAN DESA PETALING, KUALA LUMPUR",57100,KUALA LUMPUR,Others,CENTRAL,CENTRAL,3.0831058,101.7133382,whs,11876.45,2.8,33059,TSTRB5,0,0,0,,,,,TRUE
CT3211005850,HABEEB MOHAMED BIN SEENI ABDUL,"BLOCK A6-G-1, TAMAN PANDAN MEWAH, AMPANG",68000,AMPANG,Others,CENTRAL,CENTRAL,3.1290707,101.7657998,spv,6049.23,20.6,33059,TSTRB6,4.5,14,0,ChIJqwtr8JI2zDERWQGJaZrqkZE,012-239 3375,Monday: 8:00?AM?–?8:00?PM | Tuesday: 8:00?AM?–?8:00?PM | Wednesday: 8:00?AM?–?8:00?PM | Thursday: 8:00?AM?–?8:00?PM | Friday: 8:00?AM?–?8:00?PM | Saturday: 8:00?AM?–?8:00?PM | Sunday: 8:00?AM?–?8:00?PM,,TRUE
CT3211005859,KEDAI UBAT HAN SAN THONG,"3441, JALAN JINJANG AMAN 1, JINJANG",52000,JINJANG UTARA,Others,CENTRAL,CENTRAL,3.211591,101.657803,cmh,1730.76,1.6,33059,TSTRB6,4.4,5,0,,,Monday: Closed | Tuesday: 3:00?–?11:00?AM | Wednesday: 3:00?–?11:00?AM | Thursday: 3:00?–?11:00?AM | Friday: 3:00?–?11:00?AM | Saturday: 3:00?–?11:00?AM | Sunday: 3:00?–?11:00?AM,,
CT3211005872,PERNIAGAAN NOOR HANIM LATIF,"BLOCK 15-0-8 JLN 5/12A, TAMAN BUKIT ANGKASA, PANTAI DALAM",59200,PANTAI DALAM,Others,CENTRAL,CENTRAL,3.109635,101.6704083,spv,5198.63,13,33059,TSTRB3,4.1,958,0,,1-300-80-2366,Monday: 9:00?AM?–?10:00?PM | Tuesday: 9:00?AM?–?10:00?PM | Wednesday: 9:00?AM?–?10:00?PM | Thursday: 9:00?AM?–?10:00?PM | Friday: 9:00?AM?–?10:00?PM | Saturday: 9:00?AM?–?10:00?PM | Sunday: 9:00?AM?–?10:00?PM,https://www.aeonretail.com.my/,
CT3211005880,SYARIKAT PERNIAGAAN POH KHONG,"05-GF JALAN CAHAYA 1, TAMAN CAHAYA INDAH, AMPANG",68000 AMPANG,AMPANG,Others,CENTRAL,CENTRAL,3.1398832,101.7584563,cmh,316.86,3.4,33059,TSTRB6,4.3,29,0,,017-291 3203,Monday: 8:00?AM?–?10:00?PM | Tuesday: 8:00?AM?–?10:00?PM | Wednesday: 8:00?AM?–?10:00?PM | Thursday: 8:00?AM?–?10:00?PM | Friday: 8:00?AM?–?10:00?PM | Saturday: 8:00?AM?–?10:00?PM | Sunday: 8:00?AM?–?10:00?PM,,
CT3211005881,TC UNITRADE SDN BHD,"NO 9 JALAN DUA, OFF JLN CHAN SOW LIN, KUALA LUMPUR",55200,KUALA LUMPUR,Others,CENTRAL,CENTRAL,3.1232787,101.7114402,spv,4446.4,10.2,33059,TSTRB5,4.1,1097,0,,03-9222 2811,Monday: 8:00?AM?–?7:00?PM | Tuesday: 8:00?AM?–?7:00?PM | Wednesday: 8:00?AM?–?7:00?PM | Thursday: 8:00?AM?–?7:00?PM | Friday: 8:00?AM?–?7:00?PM | Saturday: 8:00?AM?–?7:00?PM | Sunday: 8:00?AM?–?6:00?PM,https://www.wmart.com.my/,
CT3211005882,JAMIL STORE,"NO.32 MAIN STREET, PEKAN SUNGAI BESI, SG BESI",57000,KUALA LUMPUR,Others,CENTRAL,CENTRAL,3.0635705,101.7106755,spv,594.57,12.8,33059,TSTRB5,0,0,0,ChIJq3LnmbQ1zDERrEJ1dRHRiHw,016-493 8654,Monday: 6:00?AM?–?10:00?PM | Tuesday: 6:00?AM?–?10:00?PM | Wednesday: 6:00?AM?–?10:00?PM | Thursday: 6:00?AM?–?10:00?PM | Friday: 6:00?AM?–?10:00?PM | Saturday: 6:00?AM?–?10:00?PM | Sunday: 6:00?AM?–?10:00?PM,,TRUE
CT3211005883,KEDAI UBAT HUA CHEONG,"4 JALAN 1/92B, OFF JALAN PUDU ULU, CHERAS",56100,CHERAS,Others,CENTRAL,CENTRAL,3.1198094,101.7305128,cmh,1228.66,16.6,33059,TSTRB5,4.1,19,0,,014-921 8768,Monday: 9:00?AM?–?10:00?PM | Tuesday: 9:00?AM?–?10:00?PM | Wednesday: 9:00?AM?–?10:00?PM | Thursday: 9:00?AM?–?10:00?PM | Friday: 9:00?AM?–?10:00?PM | Saturday: 9:00?AM?–?10:00?PM | Sunday: 9:00?AM?–?10:00?PM,https://laiheng.justorder.today/v2,
CT3211005884,PASAR MINI A.M.S,"NO.6 JALAN HILIR 2, TAMAN SRI ANGSANA HILIR, KG PANDAN",55100,KAMPUNG PANDAN,Others,CENTRAL,CENTRAL,3.1487548,101.7437465,spv,3269.81,11.2,33059,TSTRB5,3.8,13,0,ChIJ-y0_2FQ2zDERiTVtjXOhC5w,03-9281 6995,Monday: 7:00?AM?–?10:00?PM | Tuesday: 7:00?AM?–?10:00?PM | Wednesday: 7:00?AM?–?10:00?PM | Thursday: 7:00?AM?–?10:00?PM | Friday: 7:00?AM?–?10:00?PM | Saturday: 7:00?AM?–?10:00?PM | Sunday: 7:00?AM?–?10:00?PM,,
CT3211005885,PASAR MINI R & F,"NO.3 JALAN HILIR 1, TAMAN ANGSANA HILIR, KG PANDAN",55100,KG PANDAN DALAM,Others,CENTRAL,CENTRAL,3.1484536,101.7444762,spv,1535.7,15.8,33059,TSTRB5,3.8,13,0,,03-9281 6995,Monday: 7:00?AM?–?10:00?PM | Tuesday: 7:00?AM?–?10:00?PM | Wednesday: 7:00?AM?–?10:00?PM | Thursday: 7:00?AM?–?10:00?PM | Friday: 7:00?AM?–?10:00?PM | Saturday: 7:00?AM?–?10:00?PM | Sunday: 7:00?AM?–?10:00?PM,,
CT3211005886,KEDAI RUNCIT THAHIR,"NO.19 JALAN TERATAI 1/2E, TAMAN BUKIT TERATAI, AMPANG",68000,AMPANG,Others,CENTRAL,CENTRAL,3.1110598,101.7647844,spv,767.1,12.8,33059,TSTRB6,3.6,17,0,ChIJmwO79Sc0zDERE4Il6ps95Wk,,,,TRUE
CT3211005887,PASARAYA MENG FATT,"35 & 37 JALAN BUNGA TANJUNG 7, TAMAN MUDA, AMPANG",68000,AMPANG,Others,CENTRAL,CENTRAL,3.119464,101.759554,spv,4164.46,6.4,33059,TSTRB6,4.2,31,0,,03-4295 3233,Monday: 7:30?AM?–?7:00?PM | Tuesday: 7:30?AM?–?7:00?PM | Wednesday: 7:30?AM?–?7:00?PM | Thursday: 7:30?AM?–?7:00?PM | Friday: 7:30?AM?–?7:00?PM | Saturday: 7:30?AM?–?7:00?PM | Sunday: 7:30?AM?–?2:00?PM,,
CT3211005895,MI CAHAYA MINI MARKET,"C-G -01 Block Mutiara, Taman Pasir Permata, JLN KELANG LAMA",58200,JALAN KELANG LAMA,Others,CENTRAL,CENTRAL,3.0835181,101.6688369,spv,338,14.2,33059,TSTRB5,0,0,0,,,,,TRUE
CT3211005933,HARIZA TRADING,"NO.12, JALAN 3/109C, TAMAN ABADI INDAH,, JLN KELANG LAMA",58100,"TAMAN DESA,",Others,CENTRAL,CENTRAL,3.09588,101.6845304,spv,673.67,8,33059,TSTRB5,3.5,6,0,ChIJ07WzlBVKzDEReDOsDi_zjLE,,,,TRUE
CT3211005934,CRESCENT STAR IMPEX SDN BHD,"14 JALAN KOVIL HILIR, OFF JALAN IPOH, JLN IPOH",51100,,Others,CENTRAL,CENTRAL,3.1777684,101.6886256,spv,875.81,21.8,33059,TSTRB3,4.3,156,0,ChIJ-YWDwBNIzDERkE8C9PzOMvk,03-4045 2600,Monday: 8:30?AM?–?8:30?PM | Tuesday: 8:30?AM?–?8:30?PM | Wednesday: 8:30?AM?–?8:30?PM | Thursday: 8:30?AM?–?8:30?PM | Friday: 8:30?AM?–?8:30?PM | Saturday: 8:30?AM?–?8:30?PM | Sunday: 9:00?AM?–?8:30?PM,http://csimpex.com.my/,
CT3211005955,PASAR MINI TAMAN PUTRA,"49 JALAN 11 TAMAN PUTRA, AMPANG, AMPANG",68000,,Others,CENTRAL,CENTRAL,3.1209064,101.7653617,spv,2014.87,13.2,33059,TSTRB6,4.1,84,0,ChIJN4Xco5o2zDER7hsCA1DEbfg,03-4291 3127,"Monday: Closed | Tuesday: 6:30?AM?–?9:00?PM | Wednesday: 6:30?AM?–?9:00?PM | Thursday: 6:30?AM?–?9:00?PM | Friday: 6:30?AM?–?1:00?PM, 3:30?–?9:00?PM | Saturday: 6:30?AM?–?9:00?PM | Sunday: 6:30?AM?–?9:00?PM",,
CT3211005958,PERNIAGAAN KEN SHENG,"No.5 Jalan Melur 45, Taman Melur, AMPANG",68000,AMPANG,Others,CENTRAL,CENTRAL,3.1210137,101.7704081,cmh,2404.95,8,33059,TSTRB6,3.9,20,0,ChIJfycS4pk2zDERiNBWo-8aP3Q,,,,TRUE
CT3211005961,PASAR MINI AMMAYAS,"NO 12 JALAN REJANG 6, TAMAN SETAPAK JAYA, SETAPAK",53000,SETAPAK,Others,CENTRAL,CENTRAL,3.190972,101.727669,spv,455.89,14,33059,TSTK001,4.2,22,0,ChIJCdI_B9M5zDERyguDJaL-GLU,,,,TRUE
CT3211005971,PASAR MINI SHEIKH MUHAMAD MAJU,"no 7 jalan ss7/10, kelana jaya, PETALING JAYA",47301,petaling jaya,Others,CENTRAL,CENTRAL,3.092792,101.602182,spv,990.86,13.6,33059,TSTRB5,0,0,0,ChIJBWchdgBNzDER8NR5f6KnbRY,012-616 9149,Monday: Open 24 hours | Tuesday: Open 24 hours | Wednesday: Open 24 hours | Thursday: Open 24 hours | Friday: Open 24 hours | Saturday: Open 24 hours | Sunday: Open 24 hours,,TRUE
CT3211005973,NRZR WARTEL ENTERPRISE,"No.3G Jalan Pandan Indah 3/3A, Pandan Indah, PANDAN INDAH",55100,,Others,CENTRAL,CENTRAL,3.1223486,101.7510458,spv,1662.22,14,33059,TSTRB6,0,0,0,ChIJyecS8os3zDERJvbqWsihkNk,,,,TRUE
CT3211005987,MK SNACK FOOD SDN BHD,"no 66 jalan 1/2, OLD TOWN, PETALING JAYA",46000,PETALING JAYA,Others,CENTRAL,CENTRAL,3.0864473,101.6472929,whs,-7.26,0,33059,TSTRB5,0,0,0,,03-7846 2105,Monday: 8:30?AM?–?8:00?PM | Tuesday: 8:30?AM?–?8:00?PM | Wednesday: 8:30?AM?–?8:00?PM | Thursday: 8:30?AM?–?8:00?PM | Friday: 8:30?AM?–?8:00?PM | Saturday: 8:30?AM?–?8:00?PM | Sunday: 8:30?AM?–?8:00?PM,,
CT3211005993,TIOE ENTERPRISE,"17b jalan 21/11b, SEA PARK, PETALING JAYA",46300,PETALING JAYA,Others,CENTRAL,CENTRAL,3.1106938,101.6225654,whs,0,0,33059,TSTRB5,4.5,66,0,ChIJv_RmLlxJzDER_s766imQB4s,011-2735 1646,Monday: Closed | Tuesday: Closed | Wednesday: Closed | Thursday: Closed | Friday: Closed | Saturday: Open 24 hours | Sunday: Open 24 hours,,TRUE
CT3211006010,S SARAWANAN ENTERPRISE,"11 JALAN BURUNG JENTAYU, TAMAN BUKIT MALURI, KEPONG",52100,KEPONG,Others,CENTRAL,CENTRAL,3.2006143,101.6328854,spv,808.49,9.6,33059,TSTRB6,3.7,3,0,ChIJd3E19hlGzDER7L1ZurPnAQA,,,,TRUE
CT3211006028,SIU SIU HERBS & FOODS TRADING,"NO.9,JALAN RADIN TENGAH,, SRI PETALING,, SRI PETALING",57000,"WILAYAH PERSEKUTUAN,",Others,CENTRAL,CENTRAL,3.06834,101.6944241,spv,709.77,3.6,33059,TSTRB5,3.5,1079,0,,03-9056 3023,Monday: 10:00?AM?–?10:00?PM | Tuesday: 10:00?AM?–?10:00?PM | Wednesday: 10:00?AM?–?10:00?PM | Thursday: 10:00?AM?–?10:00?PM | Friday: 10:00?AM?–?10:00?PM | Saturday: 10:00?AM?–?10:00?PM | Sunday: 10:00?AM?–?10:00?PM,http://www.tstore.com.my/,
CT3211006029,KEDAI UBAT DAN PASAR MINI KAM SENG,"BIOCK G_G08 APARTMENT PERMAI, JAIAN PJU 10/1, SUNGAI BUIOH",47830,DAMANSARA DAMAI,Others,CENTRAL,CENTRAL,3.1947167,101.5893395,cmh,463.94,9,33059,TSTRB6,4,2,0,ChIJWdRXwItFzDERe5W_JuFHqY4,012-923 6114,Monday: 8:00?AM?–?8:00?PM | Tuesday: 8:00?AM?–?8:00?PM | Wednesday: 8:00?AM?–?8:00?PM | Thursday: 8:00?AM?–?8:00?PM | Friday: 8:00?AM?–?8:00?PM | Saturday: 8:00?AM?–?8:00?PM | Sunday: 8:00?AM?–?8:00?PM,,TRUE
CT3211006044,SYARIKAT PERNIAGAAN SARAYA,"37 JALAN BUNGA TANJUNG 18, TAMAN SERAYA, AMPANG",56100,AMPANG,Others,CENTRAL,CENTRAL,3.1150612,101.7610431,spv,329.03,7,33059,TSTRB6,4.2,31,0,,03-4295 3233,Monday: 7:30?AM?–?7:00?PM | Tuesday: 7:30?AM?–?7:00?PM | Wednesday: 7:30?AM?–?7:00?PM | Thursday: 7:30?AM?–?7:00?PM | Friday: 7:30?AM?–?7:00?PM | Saturday: 7:30?AM?–?7:00?PM | Sunday: 7:30?AM?–?2:00?PM,,
CT3211006068,BALKEES ENTERPRISE,"no 56 jalan mega mendung, komplexs bandar park, JLN KELANG LAMA",58200,off jalan kelang lama,Others,CENTRAL,CENTRAL,3.0830642,101.6732129,spv,2936.08,24,33059,TSTRB5,4,32,0,ChIJUf4AjU9KzDERO4Qg4qD4avY,,,,TRUE
CT3211006069,INOV RESOURCES SDN BHD,"NO 1 KOMPLEKS YJN, JALAN JALIL PERWIRA 2, BUKIT JALIL",58200,BUKIT JALIL,Others,CENTRAL,CENTRAL,3.0634201,101.6686801,spv,3284.81,21,33059,TSTRB5,0,0,0,,018-240 6786,Monday: 8:00?AM?–?11:30?PM | Tuesday: 8:00?AM?–?11:30?PM | Wednesday: 8:00?AM?–?11:30?PM | Thursday: 8:00?AM?–?11:30?PM | Friday: 8:00?AM?–?11:30?PM | Saturday: 8:00?AM?–?11:30?PM | Sunday: 8:00?AM?–?11:30?PM,https://rrminimart.my.canva.site/,TRUE
CT3211006070,NZ GROCER SDN BHD,"G-03 PV21 CONDOMINIUM NO 6 JALAN USAHAWAN 2 OFF, JALAN GENTING KLANG SETAPAK, SETAPAK",53200,SETAPAK,Others,CENTRAL,CENTRAL,3.199964,101.719261,spv,1189,9.6,33059,TSTK001,4.4,14,0,ChIJs_kRa2Q5zDERO4jnzFIdtjo,,,,TRUE
CT3211006087,HINOKA REEN MAJU EMPIRE,"6 JALAN MAJU UTAMA, RP4 TAMAN LEMBAH MAJU, AMPANG",68000,AMPANG,Others,CENTRAL,CENTRAL,3.125324,101.754605,spv,1977.88,16.8,33059,TSTRB6,4.3,74,0,,010-299 3757,Monday: 6:00?AM?–?10:00?PM | Tuesday: 6:00?AM?–?10:00?PM | Wednesday: 6:00?AM?–?10:00?PM | Thursday: 6:00?AM?–?10:00?PM | Friday: 6:00?AM?–?10:00?PM | Saturday: 6:00?AM?–?10:00?PM | Sunday: 6:00?AM?–?10:00?PM,,
CT3211006111,PASARAYA SERENDAH JAYA,"23-24 jln besar, serendah, SERENDAH",48200,serendah,Others,CENTRAL,CENTRAL,3.3654373,101.6041381,spv,1032.17,25,33059,TSTRB3,4.4,54,0,ChIJWyOCG0xpzDERzOMgAC3F_DY,03-6081 2713,Monday: 9:00?AM?–?10:00?PM | Tuesday: 9:00?AM?–?10:00?PM | Wednesday: 9:00?AM?–?10:00?PM | Thursday: 9:00?AM?–?10:00?PM | Friday: 9:00?AM?–?10:00?PM | Saturday: 9:00?AM?–?10:00?PM | Sunday: 9:00?AM?–?10:00?PM,,
CT3211006116,WAI SOON MINI MARKET,"NO.4G JALAN MULIA 3/1, TAMAN MULIA JAYA, AMPANG",68000,AMPANG,Others,CENTRAL,CENTRAL,3.1329667,101.7896254,spv,664.94,7.4,33059,TSTRB6,5,4,0,,017-692 5404,Monday: 8:00?AM?–?10:00?PM | Tuesday: 8:00?AM?–?10:00?PM | Wednesday: 8:00?AM?–?10:00?PM | Thursday: 8:00?AM?–?10:00?PM | Friday: 8:00?AM?–?10:00?PM | Saturday: 8:00?AM?–?10:00?PM | Sunday: 8:00?AM?–?10:00?PM,,
CT3211006171,NSK TRADE CITY (KD) SDN BHD,"NO.1,JALAN KENYALANG 11/1, SEKSYEN 11,, KOTA DAMANSARA, PJU 5,, PETALING JAYA,",47810,"PETALING JAYA,",NSK,CENTRAL,CENTRAL,3.1587967,101.5922167,smt,230578.73,75.2,33059,TSTL003,4,6365,0,,03-6142 2066,Monday: 8:00?AM?–?10:00?PM | Tuesday: 8:00?AM?–?10:00?PM | Wednesday: 8:00?AM?–?10:00?PM | Thursday: 8:00?AM?–?10:00?PM | Friday: 8:00?AM?–?10:00?PM | Saturday: 8:00?AM?–?10:00?PM | Sunday: 8:00?AM?–?10:00?PM,http://www.nsktrade.com/,
CT3211006176,TAJ MINI MARKET,"BLOCK D 00-18 PANGSAPURI PENARA, BANDAR SRI PERMAISURI, CHERAS",56000,CHERAS,Others,CENTRAL,CENTRAL,3.0989643,101.709155,spv,0,0,33059,TSTL002,5,1,0,,017-211 3176,Monday: Open 24 hours | Tuesday: Open 24 hours | Wednesday: Open 24 hours | Thursday: Open 24 hours | Friday: Open 24 hours | Saturday: Open 24 hours | Sunday: Open 24 hours,http://www.wassap.my/60172113176/hazarahent,
CT3211006197,PASAR MINI IZHARI,"A1-G-28 JALAN PANDAN MEWAH 4, TAMAN PANDAN MEWAH, AMPANG",68000,AMPANG,Others,CENTRAL,CENTRAL,3.1292579,101.764963,spv,1234.26,18.4,33059,TSTRB6,0,0,0,ChIJT1j2kZI2zDERCBcmbBu3cJc,012-239 3375,Monday: 8:00?AM?–?8:00?PM | Tuesday: 8:00?AM?–?8:00?PM | Wednesday: 8:00?AM?–?8:00?PM | Thursday: 8:00?AM?–?8:00?PM | Friday: 8:00?AM?–?8:00?PM | Saturday: 8:00?AM?–?8:00?PM | Sunday: 8:00?AM?–?8:00?PM,,TRUE
CT3211006202,NSK TRADE CITY (PEEL) SDN BHD,"PLAZA 393, NO. 61,JALAN PEEL,, TAMAN MALURI CHERAS,, CHERAS",55100,"CHERAS,",NSK,CENTRAL,CENTRAL,3.1304189,101.7221603,smt,233601.28,85.8,33059,TSTL003,4,5115,0,ChIJ__emPhY2zDER2G_cr0ZipJw,,,,TRUE
CT3211006208,MRT MAJU TRADING,"NO.20, JALAN 3/109C,, TAMAN ABADI INDAH,, JLN KELANG LAMA",58100,OFF JALAN KELANG LAMA,Others,CENTRAL,CENTRAL,3.0963037,101.6849842,spv,772.29,18.6,33059,TSTRB5,4.3,4,0,ChIJxUP-6xVKzDERJQ9aRWTbqJ0,,,,TRUE
CT3211006212,KEDAI BORONG AH MIN SDN BHD,"B3-G  JALAN BESAR, SELAYANG BARU, BATU CAVES",68100,BATU CAVES,Others,CENTRAL,CENTRAL,3.2203083,101.618365,whs,0,0,33059,TSTL002,0,0,0,,,,,TRUE
CT3211006232,NUR SERAYA ENTERPRISE,"No.19 JALAN MELUR 45, TAMAN MELUR, AMPANG",68000,AMPANG,Others,CENTRAL,CENTRAL,3.1206626,101.7704787,spv,969.24,8.2,33059,TSTRB6,3.9,113,0,ChIJ0USz5pk2zDERSmlPd1gXbFM,,,,TRUE
CT3211006259,NISHA MINI MART,"207-0 -07 FLAT SENTUL UTAMA, TAMAN DATO SENU, SENTUL",51000,SENTUL,Others,CENTRAL,CENTRAL,3.194956,101.698654,spv,1354.38,12.2,33059,TSTK001,5,1,0,ChIJBXrqMzlHzDERceHd4xnJROE,,,,TRUE
CT3211006294,AL RASVI STORE,"3 JLN PEJABAT POS, PEKAN SUNGAI BESI, SG BESI",57000,KUALA LUMPUR,Others,CENTRAL,CENTRAL,3.0640134,101.7102556,spv,1311.32,11,33059,TSTRB5,5,1,0,ChIJcQjDawA1zDER90WfhNOxtuY,016-493 8654,Monday: 6:00?AM?–?10:00?PM | Tuesday: 6:00?AM?–?10:00?PM | Wednesday: 6:00?AM?–?10:00?PM | Thursday: 6:00?AM?–?10:00?PM | Friday: 6:00?AM?–?10:00?PM | Saturday: 6:00?AM?–?10:00?PM | Sunday: 6:00?AM?–?10:00?PM,,TRUE
CT3211006298,L & M DYNAMIC ENTERPRISE SDN BHD,"NO 46 WISMA CITY TOWER, JALAN ALOR, KUALA LUMPUR",50200,BUKIT BINTANG,Others,CENTRAL,CENTRAL,3.145844,101.7083768,spv,1227.15,9.4,33059,TSTRB5,4.1,13811,0,,03-2141 0500,Monday: 10:00?AM?–?10:00?PM | Tuesday: 10:00?AM?–?10:00?PM | Wednesday: 10:00?AM?–?10:00?PM | Thursday: 10:00?AM?–?10:00?PM | Friday: 10:00?AM?–?10:00?PM | Saturday: 10:00?AM?–?10:00?PM | Sunday: 10:00?AM?–?10:00?PM,https://lot10.com.my/,
CT3211006299,CHOP SIN HIN,"3545 Jalan Besar, Jinjang Utara, JINJANG",52200,Kuala Lumpur,Others,CENTRAL,CENTRAL,3.223154,101.659378,spv,515.74,7,33059,TSTRB6,4.5,2,0,,03-6242 8875,Monday: 8:00?AM?–?10:00?PM | Tuesday: 8:00?AM?–?10:00?PM | Wednesday: 8:00?AM?–?10:00?PM | Thursday: 8:00?AM?–?10:00?PM | Friday: 8:00?AM?–?10:00?PM | Saturday: 8:00?AM?–?10:00?PM | Sunday: 8:00?AM?–?10:00?PM,,
CT3211006308,CALIFORNIA EXOTIC (M) SDN BHD,"LOT LG-156, sungai wang plaza, KUALA LUMPUR",55100,jalan sultan ismail,Others,CENTRAL,CENTRAL,3.1453198,101.7111976,whs,0,0,33059,TSTRB5,4.1,13811,0,,03-2141 0500,Monday: 10:00?AM?–?10:00?PM | Tuesday: 10:00?AM?–?10:00?PM | Wednesday: 10:00?AM?–?10:00?PM | Thursday: 10:00?AM?–?10:00?PM | Friday: 10:00?AM?–?10:00?PM | Saturday: 10:00?AM?–?10:00?PM | Sunday: 10:00?AM?–?10:00?PM,https://lot10.com.my/,
CT3211006326,V MART (SENTUL MAWAR),"NO.1  BLOCK B  MAWAR APARTMENT, JALAN 7/48A, SENTUL",51000,BANDAR BARU SENTUL,Others,CENTRAL,CENTRAL,3.1845561,101.6975262,spv,1769.9,7,33059,TSTRB6,0,0,0,ChIJS1KHFytJzDERmPhMwNiTCR4,,Monday: Open 24 hours | Tuesday: Open 24 hours | Wednesday: Open 24 hours | Thursday: Open 24 hours | Friday: Open 24 hours | Saturday: Open 24 hours | Sunday: Open 24 hours,,TRUE
CT3211006335,QR GOLDEN SDN BHD,"Lot 385 Jln pahang, kuala kubu baru, KUALA KUBU BARU",44000,hulu selangor,Others,CENTRAL,CENTRAL,3.5600867,101.656565,spv,503.35,9.6,33059,TSTRB3,4.1,105,0,,,Monday: 9:00?AM?–?9:00?PM | Tuesday: 9:00?AM?–?9:00?PM | Wednesday: 9:00?AM?–?9:00?PM | Thursday: 9:00?AM?–?9:00?PM | Friday: 9:00?AM?–?9:00?PM | Saturday: 9:00?AM?–?9:00?PM | Sunday: 9:00?AM?–?9:00?PM,,
CT3211006338,ARTA KANA ENTERPRISE,"NO 26 JALAN 10, TAMAN SELAYANG, BATU CAVES",68100,BATU CAVES,Others,CENTRAL,CENTRAL,3.2409467,101.67442,spv,154.43,5.2,33059,TSTK001,3.7,6,0,,014-992 2372,Monday: 9:00?AM?–?8:00?PM | Tuesday: 9:00?AM?–?8:00?PM | Wednesday: 9:00?AM?–?6:00?PM | Thursday: 9:00?AM?–?8:00?PM | Friday: 9:00?AM?–?8:00?PM | Saturday: 9:00?AM?–?8:00?PM | Sunday: 9:00?AM?–?8:00?PM,,
CT3211006430,PASARAYA BERNAM JAYA,"NO.41-43-45 JALAN ADENIUM, BUKIT BERUNTUNG, RAWANG",48300,,Others,CENTRAL,CENTRAL,3.4211433,101.55655,spv,8612.33,5.6,33059,TSTL002,4.1,100,0,ChIJW5Bros9ozDERE1At-kIurKU,,,,TRUE
CT3211006442,KEDAI RUNCIT BHARUDDIN,"38 JALAN SUASA 4, PEKAN SUNGAI BESI, SG BESI",57000,KUALA LUMPUR,Others,CENTRAL,CENTRAL,3.0636712,101.7107878,spv,833.66,16.4,33059,TSTRB5,4,4,0,ChIJ270n0Xw1zDERKCVPrB3PqsM,016-493 8654,Monday: 6:00?AM?–?10:00?PM | Tuesday: 6:00?AM?–?10:00?PM | Wednesday: 6:00?AM?–?10:00?PM | Thursday: 6:00?AM?–?10:00?PM | Friday: 6:00?AM?–?10:00?PM | Saturday: 6:00?AM?–?10:00?PM | Sunday: 6:00?AM?–?10:00?PM,,TRUE
CT3211006443,KEDAI RUNCIT KOONG YIN WAN,"17 Jalan 12, Desa Jaya Kepong, KEPONG",52100,,Others,CENTRAL,CENTRAL,3.2164083,101.6296484,spv,298.21,6.8,33059,TSTRB6,3.7,48,0,,03-6262 1787,Monday: 7:00?AM?–?6:45?PM | Tuesday: 7:00?AM?–?6:45?PM | Wednesday: 7:00?AM?–?6:45?PM | Thursday: 7:00?AM?–?6:45?PM | Friday: 7:00?AM?–?6:45?PM | Saturday: 7:00?AM?–?6:45?PM | Sunday: 7:00?AM?–?1:00?PM,,
CT3211006450,KT HOME MARTSDN BHD,"LOT 46042 JALAN TASIK TAMBAHAN 1, TAMAN PERMAI JAYA",68000,68000 AMPANG  SELANGOR,Others,CENTRAL,CENTRAL,3.1292609,101.7766222,spv,520.72,15.6,33059,TSTRB6,0,0,0,,,,,TRUE
CT3211006481,MA SYUKUR ENTERPRISE ,"BLOK M, TINGKAT 2, D CASA CONDOMINIUM,JALAN WAWASAN 1/10",68000,"AMPANG,",Others,CENTRAL,CENTRAL,3.138583,101.7687673,spv,360.26,10.2,33059,TSTRB6,0,0,0,ChIJVyyMJYg3zDERt-fQP1uqYtE,,,,TRUE
CT3211006538,MODERN STORE -68 JALAN THAMBY,"MODERN STORE(M) SDN BHD, 68 jln Thamby Abdhullah Brickfield 50470.",50470,KUALA LUMPUR,Others,CENTRAL,CENTRAL,3.1288158,101.6821542,spv,44452.9,49.6,33059,TSTRB3,4.2,117,0,,03-2276 1617,Monday: 10:00?AM?–?10:00?PM | Tuesday: 10:00?AM?–?10:00?PM | Wednesday: 10:00?AM?–?10:00?PM | Thursday: 10:00?AM?–?10:00?PM | Friday: 10:00?AM?–?10:00?PM | Saturday: 8:00?AM?–?10:00?PM | Sunday: 8:00?AM?–?10:00?PM,,
CT3211006539,PASAR MINI AL IHSAN MAJU,"LOT 4308 JALAN E3/4, TAMAN EHSAN",52100,KEPONG,Others,CENTRAL,CENTRAL,3.2213032,101.6217873,spv,1420.57,19.2,33059,TSTRB6,3.9,341,0,,018-376 1888,Monday: Open 24 hours | Tuesday: Open 24 hours | Wednesday: Open 24 hours | Thursday: Open 24 hours | Friday: Open 24 hours | Saturday: Open 24 hours | Sunday: Open 24 hours,http://www.sriternak.com/,
CT3211006541,AJMEER ENTERPRISE (2),"A-P6-1,, RESIDENSE HARMONI 2, KUALA LUMPUR",52100,NO 1 JALAN PRIMA PELANGI 7,Others,CENTRAL,CENTRAL,3.1789752,101.6440365,spv,528.23,10.2,33059,TSTRB6,0,0,0,,,,,TRUE
CT3211006542,JIN ANN LOONG MEDICINE & LIQUOR,"80,, JALAN RAJA LOUT,",50350,KUALA LUMPUR,Others,CENTRAL,CENTRAL,3.1645543,101.6962037,cmh,414.7,13.6,33059,TSTRB5,4.1,1027,0,,03-2691 5786,Monday: 9:30?AM?–?7:00?PM | Tuesday: 9:30?AM?–?7:00?PM | Wednesday: 9:30?AM?–?7:00?PM | Thursday: 9:30?AM?–?7:00?PM | Friday: 9:30?AM?–?7:00?PM | Saturday: 9:30?AM?–?7:00?PM | Sunday: 9:30?AM?–?7:00?PM,,
CT3211006588,KEDAI RUNCIT AMEEN MAJU,"B1-0-2 DESA PANDAN, JALAN KAMPUNG PANDAN",55100,55100 KUALA LUMPUR,Others,CENTRAL,CENTRAL,3.145074,101.733765,spv,279.69,10.2,33059,TSTRB5,4.2,885,0,,,Monday: 8:00?AM?–?10:00?PM | Tuesday: 8:00?AM?–?10:00?PM | Wednesday: 8:00?AM?–?10:00?PM | Thursday: 8:00?AM?–?10:00?PM | Friday: 8:00?AM?–?10:00?PM | Saturday: 8:00?AM?–?10:00?PM | Sunday: 8:00?AM?–?10:00?PM,https://www.stargrocer.my/,
CT3211006603,KEDAI RUNCIT KATARI  III,"BLOCK A6-G-8 JALAN MEWAH 4, TAMAN PANDAN MEWAH",68000,AMPANG 68000 SELANGOR,Others,CENTRAL,CENTRAL,3.1286622,101.7656489,spv,386.84,8.8,33059,TSTRB6,4.5,4,0,ChIJLX5X8JI2zDERpHtonCyIuJ4,012-239 3375,Monday: 8:00?AM?–?8:00?PM | Tuesday: 8:00?AM?–?8:00?PM | Wednesday: 8:00?AM?–?8:00?PM | Thursday: 8:00?AM?–?8:00?PM | Friday: 8:00?AM?–?8:00?PM | Saturday: 8:00?AM?–?8:00?PM | Sunday: 8:00?AM?–?8:00?PM,,TRUE
CT3211006609,CASH RB06,"Lot12 Jalan E 1/1, Kawasan Perindustrian Ehsan",52100,Kepong,Others,CENTRAL,CENTRAL,3.2190504,101.6225547,cash,4873.14,13.4,33059,TSTRB6,3.9,341,0,,018-376 1888,Monday: Open 24 hours | Tuesday: Open 24 hours | Wednesday: Open 24 hours | Thursday: Open 24 hours | Friday: Open 24 hours | Saturday: Open 24 hours | Sunday: Open 24 hours,http://www.sriternak.com/,
CT3211006612,ST ROSYAM MART SDN BHD,"LOT  3-13, GROUND FLOOR,DEWAN SRI ISKANDAR,, JALAN SETIAWANGSA 8,",54200,"SETIAWANGSA,",Others,CENTRAL,CENTRAL,3.17889,101.741574,whs,90975.43,43,33059,TSTRB3,4.3,5310,0,ChIJM0mvfYQ3zDERDYaEOTfEME0,03-4256 2288,Monday: Open 24 hours | Tuesday: Open 24 hours | Wednesday: Open 24 hours | Thursday: Open 24 hours | Friday: Open 24 hours | Saturday: Open 24 hours | Sunday: Open 24 hours,http://www.sriternak.com/,
CT3211006617,KR  MANI TRADING  SDN BHD,NO. 357 BATU 2 1/2  JALAN IPOH  51200 KUALA LUMPUR,51200,,Others,CENTRAL,CENTRAL,3.1765069,101.6885237,spv,-142.5,8.2,33059,TSTK001,4.3,156,0,,03-4045 2600,Monday: 8:30?AM?–?8:30?PM | Tuesday: 8:30?AM?–?8:30?PM | Wednesday: 8:30?AM?–?8:30?PM | Thursday: 8:30?AM?–?8:30?PM | Friday: 8:30?AM?–?8:30?PM | Saturday: 8:30?AM?–?8:30?PM | Sunday: 9:00?AM?–?8:30?PM,http://csimpex.com.my/,
CT3211006625,FARMASI GOODMEDIC (KUCHAI LAMA),"359 jalan selesa taman gembira, 58200 kuala lumpur",58200,,Others,CENTRAL,CENTRAL,3.0845091,101.6815294,oth,1491.41,6.6,33059,TSTRB5,0,0,0,,,,,TRUE
CT3211006626,KEDAI UBAT & RUNCIT FADASON,"NO.42 JALAN 2/17, TAMAN FADASON OFF JALAN KEPONG",52100,,Others,CENTRAL,CENTRAL,3.2136145,101.6531169,cmh,445.36,8,33059,TSTRB6,5,1,0,,,Monday: 9:00?AM?–?10:00?PM | Tuesday: 9:00?AM?–?10:00?PM | Wednesday: 9:00?AM?–?10:00?PM | Thursday: 9:00?AM?–?10:00?PM | Friday: 9:00?AM?–?10:00?PM | Saturday: 9:00?AM?–?10:00?PM | Sunday: 9:00?AM?–?10:00?PM,,
CT3211006645,STS SEMX ENTERPRISE *B-G-02,"B-G-02 FLORA DAMANSARA JALAN PJU 8/9, PETALING JAYA  SELANGOR",47820,,Others,CENTRAL,CENTRAL,3.1771503,101.6182142,spv,1400.48,9.8,33059,TSTM011,4.3,3,0,,014-633 6083,"Monday: 8:00?AM?–?1:00?AM | Tuesday: 8:00?AM?–?12:30?AM | Wednesday: 8:00?AM?–?12:30?AM | Thursday: 8:00?AM?–?12:30?AM | Friday: 8:00?AM?–?1:15?PM, 2:15?PM?–?12:30?AM | Saturday: 8:00?AM?–?12:30?AM | Sunday: 8:00?AM?–?12:30?AM",,
CT3211006651,CSS MART,"Seringin Residences No.8 Jalan Senang Ria, taman gembira 58200 kl",58200,,Others,CENTRAL,CENTRAL,3.0766244,101.6868212,con,767.37,7.2,33059,TSTRB5,4.4,29,0,,,Monday: 10:00?AM?–?10:00?PM | Tuesday: 10:00?AM?–?10:00?PM | Wednesday: 10:00?AM?–?10:00?PM | Thursday: 10:00?AM?–?10:00?PM | Friday: 10:00?AM?–?10:00?PM | Saturday: 10:00?AM?–?10:00?PM | Sunday: 10:00?AM?–?10:00?PM,https://memasgrocer.com/,
CT3211006661,PASAR KECIL ANUGERAH,"PP1-G-02-S PERMAI PUTERI, JLN 13D PERMAI CITY",68000,TMN DATO AHMED RAZALI,Others,CENTRAL,CENTRAL,3.1564722,101.75742,spv,867.68,12,33059,TSTRB6,4.6,5,0,,011-1233 1285,Monday: 8:00?AM?–?11:00?PM | Tuesday: 8:00?AM?–?11:00?PM | Wednesday: 8:00?AM?–?11:00?PM | Thursday: 8:00?AM?–?11:00?PM | Friday: 8:00?AM?–?11:00?PM | Saturday: 8:00?AM?–?11:00?PM | Sunday: 8:00?AM?–?11:00?PM,,
CT3211006672,V MART (DAIMOND SQUARE),"LOT 4G GF JALAN 1/50, DIOMOND SQUARE COMMERCIAL CENTRE",53300,OFF JALAN GOMBAK,Others,CENTRAL,CENTRAL,3.1955878,101.7068264,spv,907.78,11.4,33059,TSTRB6,0,0,0,,,,,TRUE
CT3211006690,SWEE SANG THONG MEDICAL HALL,"NO 10 JALAN TUANKU 4, SALAK SOUTH GARDEN",57100,57100 KUALA LUMPUR,Others,CENTRAL,CENTRAL,3.0835113,101.6951373,cmh,454.4,4.2,33059,TSTRB5,4,1004,0,,012-366 3232,Monday: 10:00?AM?–?12:00?AM | Tuesday: 10:00?AM?–?12:00?AM | Wednesday: 10:00?AM?–?12:00?AM | Thursday: 10:00?AM?–?12:00?AM | Friday: 10:00?AM?–?12:00?AM | Saturday: 10:00?AM?–?12:00?AM | Sunday: 10:00?AM?–?12:00?AM,https://www.facebook.com/purigene.health.solution/,
CT3211006713,NALINI QZ MINI MART,"33-5-8 VILLA SCOTT CONDOMINIUM, JALAN SCOTT OFF JALAN BRICKFIELD",50480,KUALA LUMPUR,Others,CENTRAL,CENTRAL,3.134404,101.6929745,spv,499.43,13,33059,TSTRB3,5,2,0,,016-269 3427,Monday: 9:00?AM?–?8:00?PM | Tuesday: 9:00?AM?–?8:00?PM | Wednesday: 9:00?AM?–?8:00?PM | Thursday: 9:00?AM?–?8:00?PM | Friday: 9:00?AM?–?8:00?PM | Saturday: 9:00?AM?–?8:00?PM | Sunday: 9:00?AM?–?8:00?PM,,
CT3211006724,V.K.ENTERPRISE,"NO.13 MARKET STREET, SUNGAI BESI",57000,57000 KUALA LUMPUR,Others,CENTRAL,CENTRAL,3.0642182,101.7099453,spv,144.97,5.2,33059,TSTRB5,4,1558,0,,03-8060 0829,Monday: 8:30?AM?–?10:00?PM | Tuesday: 8:30?AM?–?10:00?PM | Wednesday: 8:30?AM?–?10:00?PM | Thursday: 8:30?AM?–?10:00?PM | Friday: 8:30?AM?–?10:00?PM | Saturday: 8:30?AM?–?10:00?PM | Sunday: 8:30?AM?–?10:00?PM,https://www.heromarket.com.my/,
CT3211006749,WANEYLA ENTERPRISE,"BG-5,, PANGSAPURI SERI NILAM,",68000,"BANDAR BARU AMPANG,",Others,CENTRAL,CENTRAL,3.1386578,101.7685757,spv,1199.6,16.4,33059,TSTRB6,0,0,0,ChIJ54rTXAA3zDER-lYCogsB0T4,,,,TRUE
CT3211006750,PASAR MINI AMPANG INDAH,"NO.9, JALAN INDAH 2A",68000,AMPANG INDAH,Others,CENTRAL,CENTRAL,3.150855,101.7729,spv,763.37,9,33059,TSTRB6,4.1,33,0,ChIJzadWuwI3zDER6iayvBcnwlE,,,,TRUE
CT3211006768,AR SELAMAT MAJU A ENTERPRISE,"3A-G JALAN KENAGA SD 9/4, BANDAR  SRI DAMANSARA",52200,,Others,CENTRAL,CENTRAL,3.1914536,101.61272,spv,1045.91,15.2,33059,TSTRB6,3.4,16,0,ChIJ--EbglVPzDERi4IcCpR6wqQ,,,,TRUE
CT3211006773,SELAYANG GEN WHOLESALE SDN BHD,"NO.4 ,5 & 6 JALAN SU 25, TAMAN SELAYANG UTAMAV",68100,BATU CAVES,Others,CENTRAL,CENTRAL,3.2336743,101.6446342,spv,380.63,7.2,33059,TSTRB6,5,1,0,,03-6136 1944,Monday: 9:00?AM?–?8:00?PM | Tuesday: 9:00?AM?–?8:00?PM | Wednesday: 9:00?AM?–?8:00?PM | Thursday: 9:00?AM?–?8:00?PM | Friday: 9:00?AM?–?8:00?PM | Saturday: 9:00?AM?–?8:00?PM | Sunday: 9:00?AM?–?8:00?PM,,
CT3211006774,PASAR MINI AZ,"67 JALAN SG 8/7, TAMAN SRI GOMBAK",68100,BATU CAVES,Others,CENTRAL,CENTRAL,3.2496167,101.7064728,spv,637.93,11.2,33059,TSTRB6,0,0,0,ChIJR-ECBGBHzDER31jyprLoBAM,,,,TRUE
CT3211006789,KEDAI UBAT DAN RUNCIT YOU HUAT,"A-1-4 SRI INTAN CONDOMINIUM  BUSINESS CENTRE, BATU 5 JALAN IPOH",51200,,Others,CENTRAL,CENTRAL,3.196469,101.674416,cmh,1431.28,6.2,33059,TSTK001,3.8,4,0,ChIJoe34RVJHzDERMCKkEJUt14c,,,,TRUE
CT3211006818,FRESHII (M) SDN BHD,"NO.17-NO.19 JALAN BRP 6/12, BUKIT RAHMAN PUTRA",47000,SUNGAI BULOH,Others,CENTRAL,CENTRAL,3.2273857,101.5580752,spv,957.96,10.4,33059,TSTM011,3.8,4,0,,,Monday: Closed | Tuesday: 6:30?AM?–?12:00?PM | Wednesday: Closed | Thursday: 6:30?AM?–?12:00?PM | Friday: Closed | Saturday: 6:30?AM?–?12:00?PM | Sunday: 6:30?AM?–?12:00?PM,,
CT3211006852,RMSK TRADING SDN BHD,"G-048 ,PJ CENTRE STAGE,, JALAN 13/1, SEKSYEN 13,",46100,"PETALING JAYA,",Others,CENTRAL,CENTRAL,3.1119245,101.6385694,spv,2997.52,18,33059,TSTRB5,4.2,1155,0,,03-7956 1633,Monday: 10:00?AM?–?10:00?PM | Tuesday: 10:00?AM?–?10:00?PM | Wednesday: 10:00?AM?–?10:00?PM | Thursday: 10:00?AM?–?10:00?PM | Friday: 10:00?AM?–?10:00?PM | Saturday: 10:00?AM?–?10:00?PM | Sunday: 10:00?AM?–?10:00?PM,https://www.jayagrocer.com/,
CT3211006853,KEDAI UBAT KEN CHONG,no1 jalan poah off jalan loke yew,53180,kuala lumpur,Others,CENTRAL,CENTRAL,3.1332196,101.7068101,cmh,270.27,9.2,33059,TSTRB5,5,2,0,,019-877 1998,Monday: 8:00?AM?–?10:00?PM | Tuesday: 8:00?AM?–?10:00?PM | Wednesday: 8:00?AM?–?10:00?PM | Thursday: 8:00?AM?–?10:00?PM | Friday: 8:00?AM?–?10:00?PM | Saturday: 8:00?AM?–?10:00?PM | Sunday: 8:00?AM?–?10:00?PM,,
CT3211006854,PASAR MINI SALMAN,"G G 85 JLN BUNGA RAYA APARTMENT ANGGERIK FASA 1, bky",48300,bkt beruntung,Others,CENTRAL,CENTRAL,3.4465474,101.5481991,spv,340.57,10.6,33059,TSTRB3,5,1,0,ChIJjYODoEdvzDERilY3tgRuwyY,,,,TRUE
CT3211006857,BAN CHOON TONG,"96 JALAN PASAR PUDU, PUDU",55100,55100 KUALA LUMPUR,Others,CENTRAL,CENTRAL,3.1335179,101.715568,cmh,231.12,4.8,33059,TSTRB5,5,2,0,ChIJwbk4PyM2zDERYi-YnRZa2_E,,,,TRUE
CT3211006887,FINE GOOD TRADING,"LG-1-03 BLOK C  APARTMENT LESTARI, JLN PJU 10/1B DAMANSARA DAMAI",47830,PETALING JAYA,Others,CENTRAL,CENTRAL,3.1968558,101.5949787,spv,170.2,6.2,33059,TSTM011,4.1,10,0,,014-901 5623,Monday: 9:00?AM?–?9:00?PM | Tuesday: 9:00?AM?–?9:00?PM | Wednesday: 9:00?AM?–?9:00?PM | Thursday: 9:00?AM?–?9:00?PM | Friday: 9:00?AM?–?9:00?PM | Saturday: 9:00?AM?–?9:00?PM | Sunday: 9:00?AM?–?9:00?PM,,
CT3211006990,AL-RAHMAN MINI MARKET,"GF-D-0-1   TAMAN AMAN PUTRA, JINJANG UTARA",52200,KUALA LUMPUR,Others,CENTRAL,CENTRAL,3.226389,101.6593785,spv,827.67,10.2,33059,TSTRB6,4.5,2,0,,03-6242 8875,Monday: 8:00?AM?–?10:00?PM | Tuesday: 8:00?AM?–?10:00?PM | Wednesday: 8:00?AM?–?10:00?PM | Thursday: 8:00?AM?–?10:00?PM | Friday: 8:00?AM?–?10:00?PM | Saturday: 8:00?AM?–?10:00?PM | Sunday: 8:00?AM?–?10:00?PM,,
CT3211007023,P.M. FRESH MART,"ANDARI TOWNVILLA 1,, JALAN SH2/1,SELAYANG HEIGHTS,",68100,"BATU CAVES,",Others,CENTRAL,CENTRAL,3.270211,101.652916,spv,458.57,5.2,33059,TSTK001,0,0,0,,,,,TRUE
CT3211007045,AMISYA MAJU ENTERPRISE,"PPI-G-01-S PERMAI PUTERI APARTMENT, JLN 13D TAMAN AHMAD RAZALI",68000,AMPANG,Others,CENTRAL,CENTRAL,3.1565511,101.7574488,spv,562.27,8.8,33059,TSTRB6,4.6,5,0,,011-1233 1285,Monday: 8:00?AM?–?11:00?PM | Tuesday: 8:00?AM?–?11:00?PM | Wednesday: 8:00?AM?–?11:00?PM | Thursday: 8:00?AM?–?11:00?PM | Friday: 8:00?AM?–?11:00?PM | Saturday: 8:00?AM?–?11:00?PM | Sunday: 8:00?AM?–?11:00?PM,,
CT3211007063,ALAWAL MINI MAEKET,"A-G 13 Tingkat Bawah Residensi Bistaria, Tamn Ukay Bistaria",68000,Hulu Kelang,Others,CENTRAL,CENTRAL,3.1972204,101.7658643,spv,275.64,8.2,33059,TSTK001,0,0,0,,,,,TRUE
CT3211007065,DELOWARA ENTERPRISE AMPANG,"NO SH 5 BLOK F JALAN KOSAS 3/12, RUMAH PANGSA TAMAN KOSAS",68000,AMPANG,Others,CENTRAL,CENTRAL,3.146297,101.7758685,spv,1151.94,14.2,33059,TSTRB6,0,0,0,ChIJFZ578ZI3zDERi0qQ7ypfPUQ,,,,TRUE
CT3211007091,GHORASHAL ENTERPRISE,"B1-G-13 BLOK 1 DESA LEMBAH PERMAI, JALAN PERMAI 11",68000,AMPANG,Others,CENTRAL,CENTRAL,3.1477659,101.7881715,spv,2934.37,14.2,33059,TSTRB6,0,0,0,,,,,TRUE
CT3211007096,KEDAI RUNCIT AMAL JAYA,"LOT 214 JALAN 11, KAMPUNG MELAYU TAMBAHAN",68000,AMPANG,Others,CENTRAL,CENTRAL,3.1516468,101.766828,spv,1472.15,9.2,33059,TSTRB6,5,2,0,ChIJM5srvKo3zDERv05BtwGNaI4,,,,TRUE
CT3211007135,PASAR MINI TAJ MAJU (NO 96B JLN 11),"No 96, Jalan 11 Selayang Baru",68100,Batu Caves,Others,CENTRAL,CENTRAL,3.2554386,101.6678981,spv,906.56,10.8,33059,TSTK001,2.1,7,0,,,,,TRUE
CT3211007166,APPLE GROCER - DJ,"NO.79,JALAN SS 22/11, PETALING JAYA",47400,SELANGOR,Others,CENTRAL,CENTRAL,3.1290716,101.6211606,spv,4162.81,8.6,33059,TSTRB5,0,0,0,ChIJHTxBMDhJzDER5vc1WzF03NM,,,,TRUE
CT3211007214,DAGANG SAUJANA ENTERPRISE,"B G 13  KEDI RUMAH PANGSA, JALAN 14A TAMAN NIRWANA",68000,AMPANG,Others,CENTRAL,CENTRAL,3.1431065,101.7559659,spv,1027.09,14.2,33059,TSTRB6,4.3,29,0,,017-291 3203,Monday: 8:00?AM?–?10:00?PM | Tuesday: 8:00?AM?–?10:00?PM | Wednesday: 8:00?AM?–?10:00?PM | Thursday: 8:00?AM?–?10:00?PM | Friday: 8:00?AM?–?10:00?PM | Saturday: 8:00?AM?–?10:00?PM | Sunday: 8:00?AM?–?10:00?PM,,
CT3211007218,UKD INFO SYSTEM SDN BHD,"NO.25 JALAN JEJAKA 9, TAMAN MALURI CHERAS",55100,55100 KUALA LUMPUR,Others,CENTRAL,CENTRAL,3.1283405,101.7319344,spv,362.21,13.8,33059,TSTRB5,3.9,57,0,,016-258 1777,Monday: 10:30?AM?–?12:00?AM | Tuesday: 10:30?AM?–?12:00?AM | Wednesday: 10:30?AM?–?12:00?AM | Thursday: 10:30?AM?–?12:00?AM | Friday: 10:30?AM?–?12:00?AM | Saturday: 10:30?AM?–?12:00?AM | Sunday: 10:30?AM?–?12:00?AM,https://www.facebook.com/amaya0162581777,
CT3211007234,KEDAI RUNCIT ZAKI,"NO B2-G-09 BLOCK 2, JALAN PERMAI 8 DESA LEMBAH PERMAI",68000,AMPANG,Others,CENTRAL,CENTRAL,3.1467851,101.7871492,spv,904.94,7,33059,TSTRB6,0,0,0,ChIJ_5oCTUA3zDERlvKqcKztuXY,,,,TRUE
CT3211007235,BABA DONA SUPER MART(PANTAI HILL PARK),"NO.1 2 3 3A PANTAI GALLENRIAL, JALAN PANTAI DALAM LEMBAH PANTAI",59200,KUALA LUMPUR,Others,CENTRAL,CENTRAL,3.1073617,101.6662737,lpv,1375.35,13,33059,TSTRB3,4.1,958,0,,1-300-80-2366,Monday: 9:00?AM?–?10:00?PM | Tuesday: 9:00?AM?–?10:00?PM | Wednesday: 9:00?AM?–?10:00?PM | Thursday: 9:00?AM?–?10:00?PM | Friday: 9:00?AM?–?10:00?PM | Saturday: 9:00?AM?–?10:00?PM | Sunday: 9:00?AM?–?10:00?PM,https://www.aeonretail.com.my/,
CT3211007247,ASIA LEMON WHOLESALE& & TRADING,"A-5 JLN RAWANG MUTIARA 2, mutiara business centre",48000,selangor,Others,CENTRAL,CENTRAL,3.329773,101.5788364,whs,18093.36,11,33059,TSTRB3,3.7,3,0,,012-611 8013,,,
CT3211007277,STS SEMX ENTERPRISE *9-1,"9-1 JALAN PJU 8/5F  BANDAR DAMANSARA PERDANA, BUKIT LANJAN  PETALING JAYA",47820,SELANGOR,Others,CENTRAL,CENTRAL,3.166425,101.605965,spv,2133.12,15.8,33059,TSTM011,4.1,764,0,,03-7726 3678,Monday: 9:30?AM?–?10:00?PM | Tuesday: 9:30?AM?–?10:00?PM | Wednesday: 9:30?AM?–?10:00?PM | Thursday: 9:30?AM?–?10:00?PM | Friday: 9:30?AM?–?10:00?PM | Saturday: 9:30?AM?–?10:00?PM | Sunday: 9:30?AM?–?10:00?PM,https://www.jayagrocer.com/,
CT3211007280,KEDAI UBAT THAI YIK SDN BHD,"LOT 18-1  GROUND FLOOR, JALAN PJU 1/3A  SUNWAYMAS COMMERCIAL CENTRE",47301,PETALING JAYA,Others,CENTRAL,CENTRAL,3.1205699,101.5992127,cmh,1403.87,6.2,33059,TSTRB5,3.8,47,0,,03-7499 3887,Monday: 8:30?AM?–?10:00?PM | Tuesday: 8:30?AM?–?10:00?PM | Wednesday: 8:30?AM?–?10:00?PM | Thursday: 8:30?AM?–?10:00?PM | Friday: 8:30?AM?–?10:00?PM | Saturday: 8:30?AM?–?10:00?PM | Sunday: 8:30?AM?–?10:00?PM,http://www.econsave.com.my/,
CT3211007289,JAZAM SEPAKAT SDN BHD,"NO 1 2&3, JALAN AWF 1, JALAN AMPANG WATERFRONT",68000,AMPANG,Others,CENTRAL,CENTRAL,3.1456919,101.7673823,spv,6159.21,19.8,33059,TSTRB6,4.6,34,0,,016-203 0273,Monday: 8:30?AM?–?9:30?PM | Tuesday: 8:30?AM?–?9:30?PM | Wednesday: 8:30?AM?–?9:30?PM | Thursday: 8:30?AM?–?9:30?PM | Friday: 8:30?AM?–?9:30?PM | Saturday: 8:30?AM?–?9:30?PM | Sunday: 8:30?AM?–?9:30?PM,,
CT3211007303,ROBIATUL ENTERPRISE,"BLOK A SG 08 JALAN LEMBAH JAYA, TAMAN INDRUSTRI LEMBAH JAYA",68000,AMPANG,Others,CENTRAL,CENTRAL,3.139459,101.7810562,spv,772.48,9,33059,TSTRB6,0,0,0,,,,,TRUE
CT3211007372,SUPER SEVEN MART SDN BHD,"suite 2018 level 21, plaza pengkalan  jalan tiong",51100,3rd mile jalan ipoh k.l,Others,CENTRAL,CENTRAL,3.1389748,101.7133781,spv,196.07,7.6,33059,TSTRB5,0,0,0,,,,,TRUE
CT3211007381,STAR GROCER SDN BHD (PARAMOUNT),"2,JALAN 20/16A,, TAMAN PARAMOUNT,",46300,"PETALING JAYA,",STARGROCER,CENTRAL,CENTRAL,3.1071143,101.624305,lpv,20245.17,24.2,33059,TSTRB3,4.1,858,0,,,Monday: 8:00?AM?–?10:00?PM | Tuesday: 8:00?AM?–?10:00?PM | Wednesday: 8:00?AM?–?10:00?PM | Thursday: 8:00?AM?–?10:00?PM | Friday: 8:00?AM?–?10:00?PM | Saturday: 8:00?AM?–?10:00?PM | Sunday: 8:00?AM?–?10:00?PM,https://www.stargrocer.my/,
CT3211007389,KEDAI UBAT TONG SENG,"1075 ROAD 7/27, HAPPY GARDEN",46400,PETALING JAYA,Others,CENTRAL,CENTRAL,3.1286605,101.6347062,cmh,244.66,12.6,33059,TSTRB5,4.7,299,0,,012-656 6058,Monday: 8:00?AM?–?10:00?PM | Tuesday: 8:00?AM?–?10:00?PM | Wednesday: 8:00?AM?–?10:00?PM | Thursday: 8:00?AM?–?10:00?PM | Friday: 8:00?AM?–?10:00?PM | Saturday: 8:00?AM?–?10:00?PM | Sunday: 8:00?AM?–?10:00?PM,https://www.facebook.com/urbanfreshmarketplace/,
CT3211007391,THAI SENG KL TRADING,"1-1B  JALAN RAJA UDA, KAMPUNG BARU",50300,KUALA LUMPUR,Others,CENTRAL,CENTRAL,3.1662457,101.7016691,spv,2292.26,13,33059,TSTRB5,4.7,3,0,,03-2697 9029,Monday: 8:30?AM?–?8:00?PM | Tuesday: 8:30?AM?–?8:00?PM | Wednesday: 8:30?AM?–?8:00?PM | Thursday: 8:30?AM?–?8:00?PM | Friday: 8:30?AM?–?8:00?PM | Saturday: 8:30?AM?–?8:00?PM | Sunday: 8:30?AM?–?8:00?PM,,
CT3211007406,GAK MART,"9 KG PASIR BARU, BATU 6 OLD KLANG ROAD",58200,KUALA LUMPUR,Others,CENTRAL,CENTRAL,3.0850463,101.6637256,spv,1457.93,22.8,33059,TSTRB5,0,0,0,ChIJo8nVlK1LzDER77Lk0okv4Tw,,,,TRUE
CT3211007407,AZIZAN TRADING,"146A  JALAN ABDUL RAHMAN IDRIS, CHOW KIT  50300 KUALA LUMPUR",50300,KUALA LUMPUR,Others,CENTRAL,CENTRAL,3.166884,101.7023001,spv,4522.67,30.4,33059,TSTRB5,4.4,36,0,,,Monday: 10:00?AM?–?10:00?PM | Tuesday: 10:00?AM?–?10:00?PM | Wednesday: Closed | Thursday: 10:00?AM?–?10:00?PM | Friday: 10:00?AM?–?10:00?PM | Saturday: 10:00?AM?–?10:00?PM | Sunday: 10:00?AM?–?10:00?PM,,
CT3211007412,BEN MART SDN BHD(PUDU),"NO.82-84 JALAN PASAR BARU, PUDU 55100 KUALA LUMPUR",55100,,Others,CENTRAL,CENTRAL,3.134064,101.7157784,spv,1810.92,4.8,33059,TSTRB5,4.6,175,0,ChIJEd8A6oI3zDERyuusYKRxsoA,,,,TRUE
CT3211007464,KEEN HING ENTERPRISE,53,50000,JALAN PETALING,Others,CENTRAL,CENTRAL,3.144255,101.6977512,spv,814.29,6.2,33059,TSTRB5,4.2,5275,0,,03-2072 7378,Monday: 9:30?AM?–?8:00?PM | Tuesday: 9:30?AM?–?8:00?PM | Wednesday: 9:30?AM?–?8:00?PM | Thursday: 9:30?AM?–?8:00?PM | Friday: 9:30?AM?–?8:00?PM | Saturday: 9:30?AM?–?8:00?PM | Sunday: 9:30?AM?–?8:00?PM,https://www.mydin.my/,
CT3211007474,SUPER SEVEN TRADE CENTER (BJ) SDN BHD,"LOT A1-A13A A32  AURORA PLACE  PLAZA BUKIT JALIL, NO. 1  PERSIARAN JALIL 1  BANDAR BUKIT JALIL",57000,KUALA LUMPUR,NSK,CENTRAL,CENTRAL,3.0545093,101.669652,lpv,34257.67,30,33059,TSTL003,0,0,0,,012-671 0988,Monday: 10:00?AM?–?10:00?PM | Tuesday: 10:00?AM?–?10:00?PM | Wednesday: 10:00?AM?–?10:00?PM | Thursday: 10:00?AM?–?10:00?PM | Friday: 10:00?AM?–?10:00?PM | Saturday: 10:00?AM?–?10:00?PM | Sunday: 10:00?AM?–?10:00?PM,,TRUE
CT3211007475,PASAR MINI ABG DEEN,"NO 54C  JLN 35 SELAYANG BARU BATU CAVES, SELANGOR",68100,,Others,CENTRAL,CENTRAL,3.2516717,101.66183,spv,510.99,4.4,33059,TSTK001,0,0,0,ChIJb9X984hHzDERUlu8p3CKgtI,,,,TRUE
CT3211007479,CASH RB11,"LOT 12,JALAN E/1,KAWASAN PERINDUSTRIAN EHSAN,TAMAN, EHSAN ,",52100,KEPONG,Others,CENTRAL,CENTRAL,3.2200565,101.6186813,cash,115.2,0.2,33059,TSTM011,0,0,0,,,,,TRUE
CT3211007480,CASH RB03,"TIEN SWEE TRADING, LOT 12 JLN E1/1,KAWASAN PERINDUSTRIAN EHSAN",52100,KUALA LUMPUR,Others,CENTRAL,CENTRAL,3.22005,101.618715,cash,1992.45,1.2,33059,TSTRB3,0,0,0,,,,,TRUE
CT3211007482,SUPER SEVEN TRADE CENTER (KLTS) S/B - JLN GOMBAK,"62-G  63-G  63A-G  65-G  66-G  67-G  68-G, PLAZA KLTS  BLOCK D, SETAPAK",53000,JALAN GOMBAK SETAPAK,NSK,CENTRAL,CENTRAL,3.2047643,101.7039743,spv,15277.36,20,33059,TSTL003,3.5,101,0,,03-4021 3565,Monday: 8:00?AM?–?9:00?PM | Tuesday: 8:00?AM?–?9:00?PM | Wednesday: 8:00?AM?–?9:00?PM | Thursday: 8:00?AM?–?9:00?PM | Friday: 8:00?AM?–?9:00?PM | Saturday: 8:00?AM?–?9:00?PM | Sunday: 8:00?AM?–?9:00?PM,http://www.super7.com.my/,
CT3211007483,NEGMATH TRADING,"NO. 53  JALAN RAJA, MUDA ABDUL AZIZ",50300,50300  KUALA LUMPUR,Others,CENTRAL,CENTRAL,3.1678856,101.7011442,spv,343.04,12,33059,TSTRB5,4.4,36,0,,,Monday: 10:00?AM?–?10:00?PM | Tuesday: 10:00?AM?–?10:00?PM | Wednesday: Closed | Thursday: 10:00?AM?–?10:00?PM | Friday: 10:00?AM?–?10:00?PM | Saturday: 10:00?AM?–?10:00?PM | Sunday: 10:00?AM?–?10:00?PM,,
CT3211007498,NSK TRADE CITY (KEPONG) SDN BHD,"G20, GROUND FLOOR, BREM MALL,, JALAN KEPONG,",52000,52000 KUALA LUMPUR.,NSK,CENTRAL,CENTRAL,3.2046051,101.6675546,smt,66010.48,47.4,33059,TSTL003,4,1516,0,ChIJSZ3qEctHzDEROGs1ERk8MRI,,,,TRUE
CT3211007512,USAHA MANDIRI NAD ENTERPRISE - NO 6A,6A LOT 1423 JALAN GAJAH UTAMA  KG KUBU GAJAH,47000,SUNGAI BULOH,Others,CENTRAL,CENTRAL,3.202211,101.5150728,spv,6372.23,21,33059,TSTM011,3,2,0,,018-215 1385,"Monday: 7:00?AM?–?11:00?PM | Tuesday: 7:00?AM?–?11:00?PM | Wednesday: 7:00?AM?–?11:00?PM | Thursday: 7:00?AM?–?11:00?PM | Friday: 7:00?AM?–?12:00?PM, 2:00?–?11:00?PM | Saturday: 7:00?AM?–?11:00?PM | Sunday: 7:00?AM?–?11:00?PM",https://facebook.com/mynsagrocer,
CT3211007525,PERNIAGAAN HAMID DAN JAMIL,"NO. 218, JLN SILANG,, BATU 7 1/2, SG BESI",57100,KUALA LUMPUR,Others,CENTRAL,CENTRAL,3.0643139,101.7107462,spv,158.79,5.8,33059,TSTRB5,4,1558,0,,03-8060 0829,Monday: 8:30?AM?–?10:00?PM | Tuesday: 8:30?AM?–?10:00?PM | Wednesday: 8:30?AM?–?10:00?PM | Thursday: 8:30?AM?–?10:00?PM | Friday: 8:30?AM?–?10:00?PM | Saturday: 8:30?AM?–?10:00?PM | Sunday: 8:30?AM?–?10:00?PM,https://www.heromarket.com.my/,
CT3211007532,V MART (BUKIT OUG CONDOMINIUM),"NO. 1-0-1  BUKIT OUG CONDOMINIUM, JALAN 3A/155  OUG OFF JALAN KLANG LAMA",58200,58200 KUALA LUMPUR,Others,CENTRAL,CENTRAL,3.0626409,101.6687913,spv,415.03,5.2,33059,TSTRB5,5,2,0,ChIJ0XAUrtVLzDERSRTcLFO9zoc,018-240 6786,Monday: 8:00?AM?–?11:30?PM | Tuesday: 8:00?AM?–?11:30?PM | Wednesday: 8:00?AM?–?11:30?PM | Thursday: 8:00?AM?–?11:30?PM | Friday: 8:00?AM?–?11:30?PM | Saturday: 8:00?AM?–?11:30?PM | Sunday: 8:00?AM?–?11:30?PM,https://rrminimart.my.canva.site/,TRUE
CT3211007537,DR JAYA ENTERPRISE,"LOT PT3448 , NO 6A, JALAN DAMAI 1/1 ,TAMAN DAMAI,",48100,"BATU ARANG,",Others,CENTRAL,CENTRAL,3.312116,101.47222,spv,251.01,6.4,33059,TSTRB3,2.5,2,0,,,Monday: 8:00?AM?–?8:00?PM | Tuesday: 8:00?AM?–?8:00?PM | Wednesday: 8:00?AM?–?8:00?PM | Thursday: 8:00?AM?–?8:00?PM | Friday: 8:00?AM?–?8:00?PM | Saturday: 8:00?AM?–?8:00?PM | Sunday: 8:00?AM?–?8:00?PM,,
CT3211007549,PASAR MINI PUSPARIA,"NO.15, JALAN BERLIAN 1A, TAMAN LEMBAH DAMAI",44100,,Others,CENTRAL,CENTRAL,3.5991807,101.6148559,spv,1125.73,6.6,33059,TSTK001,4.5,2,0,ChIJL5tX7ad2zDERbOg-o1f3MuY,,,,
CT3211007568,BILABILA RETAIL SDN BHD,"G-2, NO 12A, RESIDENSI ERA NOVUM,, JALAN KERINCHI KIRI 2,",59200,"BANGSAR SOUTH,",BILABILA,CENTRAL,CENTRAL,3.1682049,101.64873,con,596322.96,77.2,33059,TSTRB3,2.1,22,0,,,Monday: Open 24 hours | Tuesday: Open 24 hours | Wednesday: Open 24 hours | Thursday: Open 24 hours | Friday: Open 24 hours | Saturday: Open 24 hours | Sunday: Open 24 hours,https://www.7eleven.com.my/cafe/?utm_source=GBP&utm_medium=GBP&utm_campaign=GBP,
CT3211007575,PENGKALAN SUTRAMAS -PASARAYA IHSAN,"NO 19 JALAN ADENIUM 2G/6, PUSAT PERNIAGAAN ADENIUM BUKIT BERUNTUNG",48300,RAWANG,Others,CENTRAL,CENTRAL,3.418255,101.5562033,spv,3172.79,17.4,33059,TSTRB3,0,0,0,,,,,TRUE
CT3211007645,KEDAI RUNCIT SUHADA,"LOT 1867, LORONG 10",47000,KAMPUNG MERBAU SEMPAK,Others,CENTRAL,CENTRAL,3.2109277,101.514898,spv,2352.17,11.2,33059,TSTM011,1,1,0,,011-2682 5798,,,
CT3211007704,NSK TRADE CITY (SUBANG 2) SDN BHD,"UNIT L1-17, LEVEL 1, PUSAT KOMERSIL ARENA BINTANG, NO3, JLN ZUHAL U5/179",40150,SHAH ALAM,NSK,CENTRAL,CENTRAL,3.1561443,101.5535261,smt,47582.38,33.2,33059,TSTL003,4.1,617,0,,03-6120 7481,Monday: 8:00?AM?–?10:00?PM | Tuesday: 8:00?AM?–?10:00?PM | Wednesday: 8:00?AM?–?10:00?PM | Thursday: 8:00?AM?–?10:00?PM | Friday: 8:00?AM?–?10:00?PM | Saturday: 8:00?AM?–?10:00?PM | Sunday: 8:00?AM?–?10:00?PM,http://www.nsktrade.com/,
CT3211007718,SOON CHEONG MARINE PRODUCTS SB (SRI SINAR),"12-16,JALAN 16/38D,TAMAN SRI SINAR, KUALA LUMPUR",52100,,SC,CENTRAL,CENTRAL,3.1887456,101.6506522,spv,2348.86,3.8,33059,TSTM011,5,4,0,,014-734 8935,Monday: Open 24 hours | Tuesday: Open 24 hours | Wednesday: Open 24 hours | Thursday: Open 24 hours | Friday: Open 24 hours | Saturday: Open 24 hours | Sunday: Closed,,
CT3211007726,CB GROCER SDN BHD,"27-1 & 28-1, JALAN ANGGUN CITY 1, PUSAT KOMERSIAL ANGGUN,",48000,RAWANG,Others,CENTRAL,CENTRAL,3.318575,101.5364533,spv,837.6,7.8,33059,TSTRB3,3.5,26,0,ChIJU_qOmKhDzDEROt6lbtkVols,,,,TRUE
CT3211007731,QRA SDN BHD,"SUITE 3A,2 LEVEL 3A,BLOCK B, THE FIVE@KPD,JLN DUNGUN,BUKIT DAMASARA",50490,KUALA LUMPUR,Others,CENTRAL,CENTRAL,3.1519482,101.6649657,oth,58974.92,67.6,33059,TSTRB3,4.6,17,0,ChIJ7fNUq8JJzDERVwvQGV_HuTU,,,,TRUE
CT3211007737,KANA ISDA DUA ENTERPRISE,"NO 3JLN CEMPERAI 4A, TMN RASA UTAMA",44200,SELANGOR,Others,CENTRAL,CENTRAL,3.4883283,101.63127,spv,449.16,12.2,33059,TSTRB3,0,0,0,,,,,TRUE
CT3211007738,UTAMA ANANDA ENTERPRISE,"NO 7 JLN CENGAL 2/1, DESA ALAM RIA",44300,BATANGKALI,Others,CENTRAL,CENTRAL,3.4669517,101.66036,spv,2816.57,13,33059,TSTRB3,3.9,16,0,ChIJXwd_RFVszDERDvnjcPsLZT0,,,,TRUE
CT3211007739,MUHAMMAD NUR BIN ZAINAL ABIDIN,"LOT 1937-F, JALAN BESAR",40160,KG KUBU GAJAH,Others,CENTRAL,CENTRAL,3.205889,101.515094,spv,263.52,11.8,33059,TSTM011,3,2,0,,018-215 1385,"Monday: 7:00?AM?–?11:00?PM | Tuesday: 7:00?AM?–?11:00?PM | Wednesday: 7:00?AM?–?11:00?PM | Thursday: 7:00?AM?–?11:00?PM | Friday: 7:00?AM?–?12:00?PM, 2:00?–?11:00?PM | Saturday: 7:00?AM?–?11:00?PM | Sunday: 7:00?AM?–?11:00?PM",https://facebook.com/mynsagrocer,
CT3211007743,KWONG ONN THONG,"38,JLN WELMAN, RAWANG",48000,SELANGOR,Others,CENTRAL,CENTRAL,3.321788,101.574783,cmh,319.98,5,33059,TSTRB3,3.9,825,0,,03-7723 9393,Monday: 9:00?AM?–?10:00?PM | Tuesday: 9:00?AM?–?10:00?PM | Wednesday: 9:00?AM?–?10:00?PM | Thursday: 9:00?AM?–?10:00?PM | Friday: 9:00?AM?–?10:00?PM | Saturday: 9:00?AM?–?10:00?PM | Sunday: 9:00?AM?–?10:00?PM,http://www.giant.com.my/,
CT3211007756,KIEN FATT MEDICAL STORE SDN BHD,"NO. 59, JALAN PETALING,",50000,"KUALA LUMPUR, 50000",Others,CENTRAL,CENTRAL,3.1440616,101.6977279,cmh,374.36,3.4,33059,TSTRB5,4.2,5275,0,,03-2072 7378,Monday: 9:30?AM?–?8:00?PM | Tuesday: 9:30?AM?–?8:00?PM | Wednesday: 9:30?AM?–?8:00?PM | Thursday: 9:30?AM?–?8:00?PM | Friday: 9:30?AM?–?8:00?PM | Saturday: 9:30?AM?–?8:00?PM | Sunday: 9:30?AM?–?8:00?PM,https://www.mydin.my/,
CT3211007759,NA RASEUKI SABE ENTERPRISE,"LOT 107A,, KG MELAYU BT 13 1/2,",47000,SUNGAI BULOH,Others,CENTRAL,CENTRAL,3.220803,101.572467,spv,315.69,11.8,33059,TSTM011,0,0,0,,,,,TRUE
CT3211007772,V MART (SETAPAK INDAH JAYA),"NO.17-0-4, 17-0-5,BLOCK 17,JALAN 3/50C,, TAMAN SETAPAK INDAH JAYA,SETAPAK",53300,KUALA LUMPUR,Others,CENTRAL,CENTRAL,3.1977613,101.7084594,spv,493.22,4,33059,TSTRB6,3.1,13,0,,03-3362 6863,Monday: 10:00?AM?–?10:00?PM | Tuesday: 10:00?AM?–?10:00?PM | Wednesday: 10:00?AM?–?10:00?PM | Thursday: 10:00?AM?–?10:00?PM | Friday: 10:00?AM?–?10:00?PM | Saturday: 10:00?AM?–?10:00?PM | Sunday: 10:00?AM?–?10:00?PM,http://www.99speedmart.com.my/,
CT3211007774,KAM FOH ENTERPRISE,"55,JLN WELMAN, 48000",48000,RAWANG,Others,CENTRAL,CENTRAL,3.32132,101.5752183,cmh,-198.54,0,33059,TSTRB3,3.9,825,0,,03-7723 9393,Monday: 9:00?AM?–?10:00?PM | Tuesday: 9:00?AM?–?10:00?PM | Wednesday: 9:00?AM?–?10:00?PM | Thursday: 9:00?AM?–?10:00?PM | Friday: 9:00?AM?–?10:00?PM | Saturday: 9:00?AM?–?10:00?PM | Sunday: 9:00?AM?–?10:00?PM,http://www.giant.com.my/,
CT3211007788,V MART (PLATINUM TERATAI),"LOT-G-01 RESIDENSI PLATINUM TERATAI, NO.2 JLN KURAMAN SETAPAK",53000,KUALA LUMPUR,Others,CENTRAL,CENTRAL,3.2012174,101.7095052,spv,1548.63,9,33059,TSTRB6,3.1,13,0,,03-3362 6863,Monday: 10:00?AM?–?10:00?PM | Tuesday: 10:00?AM?–?10:00?PM | Wednesday: 10:00?AM?–?10:00?PM | Thursday: 10:00?AM?–?10:00?PM | Friday: 10:00?AM?–?10:00?PM | Saturday: 10:00?AM?–?10:00?PM | Sunday: 10:00?AM?–?10:00?PM,http://www.99speedmart.com.my/,
CT3211007789,ZEE SUPER MART SDN BHD(AMPANG),"C-G-05,C-G07,C-G-09JLN 12D,DESA PERMAI, TMN DATO AHMAD RAZALI,AMPANG",68000,,Others,CENTRAL,CENTRAL,3.157045,101.756943,spv,-696.53,12.2,33059,TSTK001,4.6,5,0,,011-1233 1285,Monday: 8:00?AM?–?11:00?PM | Tuesday: 8:00?AM?–?11:00?PM | Wednesday: 8:00?AM?–?11:00?PM | Thursday: 8:00?AM?–?11:00?PM | Friday: 8:00?AM?–?11:00?PM | Saturday: 8:00?AM?–?11:00?PM | Sunday: 8:00?AM?–?11:00?PM,,
CT3211007790,K3 FRESH MART,"27,JLN BIDARA1,TMN BIDARA,, BATU CAVES,SELANGOR",68100,,Others,CENTRAL,CENTRAL,3.2409171,101.6445697,spv,967.54,7,33059,TSTK001,2,5,0,,,Monday: 9:00?AM?–?10:00?PM | Tuesday: 9:00?AM?–?10:00?PM | Wednesday: 9:00?AM?–?10:00?PM | Thursday: 9:00?AM?–?10:00?PM | Friday: 9:00?AM?–?10:00?PM | Saturday: 9:00?AM?–?10:00?PM | Sunday: 9:00?AM?–?10:00?PM,,
CT3211007800,PEMBORONG MAJU A&A SDN BHD,"WISMA YEE SIEW MOOY,NO 888 KG BATU, BATU 5 OFFJLN IPOH,KUALA LUMPUR",51200,,Others,CENTRAL,CENTRAL,3.2033922,101.6735289,whs,0,0,33059,TSTL002,0,0,0,,,,,TRUE
CT3211007803,KEDAI UBAT & P/M SIN KUO HAN,"MV/1A/0-04,JALAN MERDEKA,, MERDEKA VILLA",68000 AMPANG,,Others,CENTRAL,CENTRAL,3.1387159,101.7643665,cmh,2426.71,7.8,33059,TSTRB6,5,6,0,ChIJoYds0-82zDERgcAcaSeIwpE,,,,TRUE
CT3211007808,ILHAM MANTAP SDN BHD,"NO 1JLN SS12/1B, SUBANG JAYA",47500,,Others,CENTRAL,CENTRAL,3.2485867,101.6387317,oth,129.38,4.2,33059,TSTRB5,0,0,0,,,,,TRUE
CT3211007809,VINTAGE MINI MARKET,"BESTARI CONDOMINIUM, GERAI-1 JLN1/64D OFF JLN PUTRA",50350,KUALA LUMPUR,Others,CENTRAL,CENTRAL,3.1682719,101.6934911,spv,654.19,15,33059,TSTRB3,4.2,1146,0,,03-4040 0628,Monday: 8:00?AM?–?10:00?PM | Tuesday: 8:00?AM?–?10:00?PM | Wednesday: 8:00?AM?–?10:00?PM | Thursday: 8:00?AM?–?10:00?PM | Friday: 8:00?AM?–?10:00?PM | Saturday: 8:00?AM?–?10:00?PM | Sunday: 8:00?AM?–?10:00?PM,http://mercato.com.my/,
CT3211007823,DBS GROCER SDN. BHD.,"NO. 2 & 3,, JALAN SELAYANG SEGAR 1,",68100,"TAMAN SELAYANG SEGAR,",Others,CENTRAL,CENTRAL,3.2520867,101.65987,spv,1061.98,2,33059,TSTK001,0,0,0,,,,,TRUE
CT3211007843,BLUE FOREST GROCER,"NO 7G, JLNSET3/1 THE GROVE,SETIA ECO TEMPLER",48000,RAWANG,Others,CENTRAL,CENTRAL,3.288324,101.638319,spv,1971.68,7.6,33059,TSTRB3,5,6,0,ChIJ8xaXxthDzDERIUqB00nFedA,,,,TRUE
CT3211007855,TS WHOLESALE SDN BHD,"NO 14, JALAN 12/152,, TAMAN PERINDUSTRIAN OUG,",-,"BATU 6,",Others,CENTRAL,CENTRAL,3.0673909,101.6614947,whs,13635.04,0.2,33059,TSTRB5,4,1,0,ChIJVS329v1KzDERmSkSTsKtKX4,,,,TRUE
CT3211007900,NSK GROCER (KL) SDN BHD,"LG 19-21, LOWER GROUND, QUILL CITY MALL,",50250,"1018, JALAN SULTAN ISMAIL",NSK,CENTRAL,CENTRAL,3.1602279,101.7004286,smt,98296.13,72.2,33059,TSTL003,4.3,1217,0,,011-5583 1838,Monday: 10:00?AM?–?10:00?PM | Tuesday: 10:00?AM?–?10:00?PM | Wednesday: 10:00?AM?–?10:00?PM | Thursday: 10:00?AM?–?10:00?PM | Friday: 10:00?AM?–?10:00?PM | Saturday: 10:00?AM?–?10:00?PM | Sunday: 10:00?AM?–?10:00?PM,,
CT3211007902,ADRIANA JAYA ENTERPRISE,"NO 17, JALAN KJ 1A/3, KUNDANG JAYA",48020,TAMAN KUNDANG JAYA,Others,CENTRAL,CENTRAL,3.2849383,101.5239983,spv,2010.35,20.8,33059,TSTM011,3,6,0,ChIJc9B0_G5dzDERrEnyqFZIY3E,,,,TRUE
CT3211007903,DE MAKETTO SDN BHD,"G-08,, JALAN PEEL,",55100,"MALURI,",Others,CENTRAL,CENTRAL,3.1972462,101.577513,spv,0,0,33059,TSTM011,0,0,0,,,,,TRUE
CT3211007913,URBAN MARKETPLACE (SRI PETALING),"URBAN RETAILS SDN BHD, LG-01 PINNACLE SRI PETALING MALL, KUALA LUMPUR",57000,"NO.1,JALAN RADIN ANUM 1,",Others,CENTRAL,CENTRAL,3.06828,101.6939614,lpv,31793.51,29.4,33059,TSTRB3,3.5,1079,0,,03-9056 3023,Monday: 10:00?AM?–?10:00?PM | Tuesday: 10:00?AM?–?10:00?PM | Wednesday: 10:00?AM?–?10:00?PM | Thursday: 10:00?AM?–?10:00?PM | Friday: 10:00?AM?–?10:00?PM | Saturday: 10:00?AM?–?10:00?PM | Sunday: 10:00?AM?–?10:00?PM,http://www.tstore.com.my/,
CT3211007937,LUAN SENG BROTHERS TRADING CO SDN BHD,"43, , JALAN PINGGIR,",51200,"BATU 2 1/2, JALAN IPOH,",Others,CENTRAL,CENTRAL,3.1751264,101.6884769,whs,16799.43,3.8,33059,TSTRB6,4.3,156,0,,03-4045 2600,Monday: 8:30?AM?–?8:30?PM | Tuesday: 8:30?AM?–?8:30?PM | Wednesday: 8:30?AM?–?8:30?PM | Thursday: 8:30?AM?–?8:30?PM | Friday: 8:30?AM?–?8:30?PM | Saturday: 8:30?AM?–?8:30?PM | Sunday: 9:00?AM?–?8:30?PM,http://csimpex.com.my/,
CT3211007938,URBAN MARKETPLACE (SENTUL),"URBAN RETAILS SDN BHD, LOT AG-3, SENTUL POINT, NO 8,JALAN SENTUL PERDANA",51000,SENTUL PERDANA,Others,CENTRAL,CENTRAL,3.2029765,101.6887759,lpv,39036,40.8,33059,TSTRB3,4,286,0,ChIJ0wB6ioVHzDERkKJarFHcDMA,,,,TRUE
CT3211007943,SELECTIONS GROCERIES S/B -3 *RAJA CHULAN,"URBAN FRESH, LOT G-06/7, WISMA LIM FOO YONG,",50200,KUALA LUMPUR,Others,CENTRAL,CENTRAL,3.150394,101.709387,con,20927.93,24,33059,TSTRB3,0,0,0,,017-975 3476,,,TRUE
CT3211007946,KHUSI ENTERPRISE,"NO.19,, JALAN ORKID,",48300,RAWANG,Others,CENTRAL,CENTRAL,3.4019317,101.56035,spv,1126.6,7,33059,TSTRB3,0,0,0,,,,,TRUE
CT3211007951,ILA DAILY ENTERPRISE,"NO. F1661, JALAN PASAR,, RAWANG,",48100,SELANGOR,Others,CENTRAL,CENTRAL,3.3160872,101.4715933,spv,352.36,5.4,33059,TSTRB3,2.5,2,0,,,,,
CT3211007952,SELECTIONS GROCERIES S/B -1 *DESA PANDAN,"NO.01-03-GROUNF FLOOR, PESAT PERNIAGAAN (G VILLAGE, DESA PANDAN,",55100,KUALA LUMPUR,Others,CENTRAL,CENTRAL,3.1495233,101.73662,con,27691.09,34.6,33059,TSTRB3,4.3,326,0,,03-9201 7948,Monday: 8:00?AM?–?10:00?PM | Tuesday: 8:00?AM?–?10:00?PM | Wednesday: 8:00?AM?–?10:00?PM | Thursday: 8:00?AM?–?10:00?PM | Friday: 8:00?AM?–?10:00?PM | Saturday: 8:00?AM?–?10:00?PM | Sunday: 8:00?AM?–?10:00?PM,,
CT3211007958,SELECTIONS GROCERIES S/B -2 *KAMPUNG BARU,"LEVEL 1,, MERCU SUMMER SUITES,NO.8,",50250,JALAN CENDANA KAMPUNG BARU,Others,CENTRAL,CENTRAL,3.158677,101.704924,con,11437.9,10.4,33059,TSTRB3,3.9,7,0,,,Monday: 9:00?AM?–?8:00?PM | Tuesday: 9:00?AM?–?8:00?PM | Wednesday: 9:00?AM?–?8:00?PM | Thursday: 9:00?AM?–?8:00?PM | Friday: Open 24 hours | Saturday: 9:00?AM?–?8:00?PM | Sunday: 9:00?AM?–?8:00?PM,,
CT3211007967,AQ PHARMACY SDN BHD,"NO.31,JALAN BRP 6/12,, SHAH ALAM",40160,SELANGOR,Others,CENTRAL,CENTRAL,3.2277221,101.5584423,oth,537.21,1.4,33059,TSTM011,3.8,4,0,,,Monday: Closed | Tuesday: 6:30?AM?–?12:00?PM | Wednesday: Closed | Thursday: 6:30?AM?–?12:00?PM | Friday: Closed | Saturday: 6:30?AM?–?12:00?PM | Sunday: 6:30?AM?–?12:00?PM,,
CT3211007986,EMART24 HOLDING SDN BHD,"LOT 793,, PERSIARAN SUBANG INDAH,, OFF PERSIARAN SUBANG,",47500,,Others,CENTRAL,CENTRAL,3.0431448,101.5946019,con,-1364.03,0,33059,TSTL002,0,0,0,,,,,
CT3211007987,ALPHA TECH BAY SDN BHD,"A22& A26, JALAN DELTA U6/19,, TAMAN PERINDUSTRIAN SUMWAY SUBANG,",40150,"SEKSYEN U6,40150 SHAH ALAM,",Others,CENTRAL,CENTRAL,3.1407382,101.5389553,oth,-7163.87,0,33059,TSTM011,4,3,0,,018-404 3326,Monday: 7:00?AM?–?8:00?PM | Tuesday: 7:00?AM?–?8:00?PM | Wednesday: 7:00?AM?–?8:00?PM | Thursday: 7:00?AM?–?8:00?PM | Friday: 7:00?AM?–?8:00?PM | Saturday: 7:00?AM?–?8:00?PM | Sunday: 7:00?AM?–?8:00?PM,,
CT3211008003,PASAR MINI AA BASHER,"TINGKAT BAWAH BLOCK C,, PANGSAPURI MAWAR SARI,JALAN 17/56, KUALA LUMPUR",54200,KUALA LUMPUR,Others,CENTRAL,CENTRAL,3.181983,101.753448,spv,891.39,6,33059,TSTK001,3.8,57,0,,,Monday: 9:00?AM?–?9:00?PM | Tuesday: 9:00?AM?–?9:00?PM | Wednesday: 9:00?AM?–?9:00?PM | Thursday: 9:00?AM?–?9:00?PM | Friday: 9:00?AM?–?9:00?PM | Saturday: 9:00?AM?–?9:00?PM | Sunday: 9:00?AM?–?9:00?PM,,
CT3211008004,MBG FRUITS SDN BHD,"LOT 639,JALAN BATU HAMPAR, MELALUI JALAN IPOH,BATU 7, SELAYANG",68100,KUALA LUMPUR,Others,CENTRAL,CENTRAL,3.2333238,101.6714463,spv,5527.2,7,33059,TSTK001,4.2,140,0,ChIJkwZeWUFHzDER5xbBb8Jz7BM,03-6187 6230,Monday: 8:00?AM?–?8:00?PM | Tuesday: 8:00?AM?–?8:00?PM | Wednesday: 8:00?AM?–?8:00?PM | Thursday: 8:00?AM?–?8:00?PM | Friday: 8:00?AM?–?8:00?PM | Saturday: 8:00?AM?–?8:00?PM | Sunday: 8:00?AM?–?8:00?PM,,TRUE
CT3211008006,PASAR MINI NOOR ASYIKA,"NO A-0-8 TARATAK,, MUHIBBAH 1,JALAN DESA BAHAGIA,",-,,Others,CENTRAL,CENTRAL,3.0970631,101.6826155,spv,393.24,15.2,33059,TSTRB5,0,0,0,,,,,TRUE
CT3211008009,MNT MINI MARKET,"BLOK D004,ARENA GREEN, PANGSAPURI BUKIT JALIL, KUALA LUMPUR",57000,KUALA LUMPUR,Others,CENTRAL,CENTRAL,3.0528814,101.6878543,spv,601.37,13,33059,TSTRB5,0,0,0,,,,,TRUE
CT3211008010,SUPER SEVEN MINI MART(TAMAN DESA),"NO.B-01APARTMENT TERATAK MUHIBAH 1,, JALAN DESA BAHAGIA TAMAN DESA,",58100,KUALA LUMPUR.,Others,CENTRAL,CENTRAL,3.0976216,101.6833061,spv,174.69,7.2,33059,TSTRB5,0,0,0,,,,,TRUE
CT3211008025,J&H MARKET TRADING SDN. BHD,"UNIT B1-17, BASEMENT 1 FLOOR, RESIDENSI SAMBUNGAN SELATAN (SOUTH LINK), KUALA LUMPUR,W.P",59200,KUALA LUMPUR,Others,CENTRAL,CENTRAL,3.113854,101.665181,spv,9549.6,33.6,33059,TSTRB5,4.3,959,0,,,Monday: 10:00?AM?–?10:00?PM | Tuesday: 10:00?AM?–?10:00?PM | Wednesday: 10:00?AM?–?10:00?PM | Thursday: 10:00?AM?–?10:00?PM | Friday: 10:00?AM?–?10:00?PM | Saturday: 10:00?AM?–?10:00?PM | Sunday: 10:00?AM?–?10:00?PM,http://villagegrocer.com.my/,
CT3211008041,ANDY GROCERY STORE,"20A,, JALAN DESA JAYA,TAMAN DESA,, KUALA LUMPUR",58100,KUALA LUMPUR,Others,CENTRAL,CENTRAL,3.1023201,101.6838255,spv,1763.45,10.2,33059,TSTRB5,4.2,2410,0,,03-7972 7606,Monday: 8:30?AM?–?10:00?PM | Tuesday: 8:30?AM?–?10:00?PM | Wednesday: 8:30?AM?–?10:00?PM | Thursday: 8:30?AM?–?10:00?PM | Friday: 8:30?AM?–?10:00?PM | Saturday: 8:30?AM?–?10:00?PM | Sunday: 8:30?AM?–?10:00?PM,https://www.demarket.my/,
CT3211008042,FAUZUL ENTERPRISE,"UNIT 29-1,BLOCK C2,JALAN PJU 1/39,, DATARAN PRIMA,, PETALING JAYA",47301,,Others,CENTRAL,CENTRAL,3.1179761,101.5952171,oth,337.77,13,33059,TSTRB5,3.8,36,0,,016-205 7498,Monday: 7:00?AM?–?6:00?PM | Tuesday: 7:00?AM?–?6:00?PM | Wednesday: 7:00?AM?–?6:00?PM | Thursday: 7:00?AM?–?6:00?PM | Friday: 7:00?AM?–?6:00?PM | Saturday: 7:00?AM?–?6:00?PM | Sunday: 7:00?AM?–?6:00?PM,https://www.facebook.com/Hong-Yang-Oriental-Food-495876844128462/,
CT3211008053,KEDAI UBAT & RUNCIT FOOK SENG ENTERPRISE,"39,, JALAN BUNGA CEMPAKA 6A,, KUALA LUMPUR",56100,CHERAS,Others,CENTRAL,CENTRAL,3.1185014,101.7556042,cmh,1605.83,9,33059,TSTRB6,4.2,31,0,,03-4295 3233,Monday: 7:30?AM?–?7:00?PM | Tuesday: 7:30?AM?–?7:00?PM | Wednesday: 7:30?AM?–?7:00?PM | Thursday: 7:30?AM?–?7:00?PM | Friday: 7:30?AM?–?7:00?PM | Saturday: 7:30?AM?–?7:00?PM | Sunday: 7:30?AM?–?2:00?PM,,
CT3211008056,ARC RETAIL SDN BHD,"BLOCK B-B2-2,, KIARAVILLE,NO.2,JALAN CHANGKAT DUTA KIARA,",50480,MONT KIARA,Others,CENTRAL,CENTRAL,3.1733269,101.6594302,spv,-3183.77,13.2,33059,TSTRB5,4.7,117,0,ChIJZV835wtJzDERk5QXsJ3bf2Q,016-212 8828,Monday: 9:00?AM?–?9:00?PM | Tuesday: 9:00?AM?–?9:00?PM | Wednesday: 9:00?AM?–?9:00?PM | Thursday: 9:00?AM?–?9:00?PM | Friday: 9:00?AM?–?9:00?PM | Saturday: 9:00?AM?–?9:00?PM | Sunday: Closed,https://www.dailymarket.com.my/,TRUE
CT3211008057,NSK GROCER (KL) SDN BHD- PARAGON MALL,"G-001, F-001,, PARAGON POINT SHOPPING COMPLEX,, TAMAN PUTRA",68000,AMPANG,NSK,CENTRAL,CENTRAL,3.1204252,101.7617273,smt,17346.7,18.2,33059,TSTL003,4,534,0,,011-5583 1838,Monday: 8:00?AM?–?10:00?PM | Tuesday: 8:00?AM?–?10:00?PM | Wednesday: 8:00?AM?–?10:00?PM | Thursday: 8:00?AM?–?10:00?PM | Friday: 8:00?AM?–?10:00?PM | Saturday: 8:00?AM?–?10:00?PM | Sunday: 8:00?AM?–?10:00?PM,http://nskonline.com.my/,
CT3211008063,PASAR MINI MB,"10G, JALAN PANDAN 2/5,, PANDAN JAYA,",55100,"AMPANG,",Others,CENTRAL,CENTRAL,3.1335705,101.7398438,spv,3365.63,15.4,33059,TSTRB6,3.9,7,0,,017-692 5404,,,
CT3211008064,DEEN MAX ENTERPRISE,"KOLEJ 11,KEDIAMAN UNGKU AZIZ,, UNIVERSITI MALAYA,",50603,,Others,CENTRAL,CENTRAL,3.1293342,101.6608937,spv,2253.54,6,33059,TSTRB5,0,0,0,,,,,TRUE
CT3211008068,THASHINAS TRADING ,"NO 7-1,, JALAN 2/1A,",52100,"TAMAN KEPONG INDAH,",Others,CENTRAL,CENTRAL,3.224915,101.63921,spv,2850.95,28.8,33059,TSTRB6,0,0,0,,,,,TRUE
CT3211008069,MTC DISTRIBUTION AND LOGISTIC,"GC GROCER,NO. 1,JALAN SU 15,, TAMAN SELAYANG UTAMA",68100,BATU CAVES,Others,CENTRAL,CENTRAL,3.2363017,101.6451617,spv,218.51,2.2,33059,TSTK001,4.4,30,0,,013-333 7976,Monday: 2:00?–?9:00?PM | Tuesday: 2:00?–?9:00?PM | Wednesday: 2:00?–?9:00?PM | Thursday: 2:00?–?9:00?PM | Friday: 2:00?–?9:00?PM | Saturday: 2:00?–?9:00?PM | Sunday: 2:00?–?9:00?PM,,
CT3211008080,PASARAYA AMS MUTIARA,"NO 1 & 3,, KAMPUNG KERINCHI,, PANTAI DALAM",59200,"BANGSARBANGSAR JALAN PANTAI MURNI 2,",Others,CENTRAL,CENTRAL,3.1023033,101.664035,spv,950.85,10.6,33059,TSTRB3,0,0,0,,,,,TRUE
CT3211008083,Y & C COPIER ENTERPRISE,"NO 11-GROUND FLOOR,, JALAN 15/48A BOULEVARD SHOP OFFICE",51000,SENTUL RAYA,Others,CENTRAL,CENTRAL,3.1849858,101.6927976,spv,2736.23,6.8,33059,TSTK001,4,4,0,ChIJHSPorMNJzDERJ00F2wxbvzg,,,,TRUE
CT3211008088,THE STORE S/B - SHAH ALAM (SUNGAI BULOH),"KOMPLEKS SUNGAI BULOH, NO. 2,, BANDAR BARU SUNGAI BULOH,SEKSYEN U20,",47000,"SHAH ALAM,",THESTORE,CENTRAL,CENTRAL,3.2089267,101.5642683,smt,14981.26,36.8,33059,TSTL002,3.9,9,0,,03-6156 2185,Monday: 8:00?AM?–?8:00?PM | Tuesday: 8:00?AM?–?8:00?PM | Wednesday: 8:00?AM?–?8:00?PM | Thursday: 8:00?AM?–?8:00?PM | Friday: 8:00?AM?–?8:00?PM | Saturday: 8:00?AM?–?8:00?PM | Sunday: 8:00?AM?–?8:00?PM,,
CT3211008090,THE STORE S/B - SETAPAK (M3 MALL),"JALAN MADRASAH, JALAN 1/22A,, TAMAN MELATI,","53100 KUALA LUMPUR,",FEDERAL TERRITORY OF KUALA LUMPUR,THESTORE,CENTRAL,CENTRAL,3.218335,101.7189367,smt,15505.02,36.8,33059,TSTL002,0,0,0,,,,,TRUE
CT3211008091,THE STORE S/B - KL (SRI PETALING),"41, JALAN RADIN TENGAH,, BANDAR BARU SRI PETALING,",57000,"WILAYAH PERSEKUTUAN,",THESTORE,CENTRAL,CENTRAL,3.0691517,101.6937967,smt,25077.47,52.6,33059,TSTL002,3.5,1079,0,,03-9056 3023,Monday: 10:00?AM?–?10:00?PM | Tuesday: 10:00?AM?–?10:00?PM | Wednesday: 10:00?AM?–?10:00?PM | Thursday: 10:00?AM?–?10:00?PM | Friday: 10:00?AM?–?10:00?PM | Saturday: 10:00?AM?–?10:00?PM | Sunday: 10:00?AM?–?10:00?PM,http://www.tstore.com.my/,
CT3211008092,THE STORE S/B - KL (PUDU PLAZA),"UPPER GROUND & 1ST FLOOR,, JALAN DAVIS, PUDU,",55100,"PUDU,",THESTORE,CENTRAL,CENTRAL,3.1376823,101.7140796,smt,30887.6,46,33059,TSTL002,0,0,0,,,,,TRUE
CT3211008093,THE STORE S/B - KL (PANDAN INDAH),"MID POINT SHOPPING CENTRE,, JALAN PANDAN INDAH 1/25,",55100,"PANDAN INDAH,",THESTORE,CENTRAL,CENTRAL,3.132215,101.7526767,smt,29013.44,52,33059,TSTL002,3.8,1113,0,,03-9274 9311,Monday: 10:00?AM?–?10:00?PM | Tuesday: 10:00?AM?–?10:00?PM | Wednesday: 10:00?AM?–?10:00?PM | Thursday: 10:00?AM?–?10:00?PM | Friday: 10:00?AM?–?10:00?PM | Saturday: 10:00?AM?–?10:00?PM | Sunday: 10:00?AM?–?10:00?PM,http://www.tstore.com.my/,
CT3211008107,CERR MART SDN BHD,"C-G-43 & C-G-4,LEGASI KAMPUNG BHARU, NO.25, JALAN RAJA MUDA MUSA, KUALA LUMPUR",50300,KAMPUNG BHARU,Others,CENTRAL,CENTRAL,3.1626217,101.7058467,spv,188.76,4.4,33059,TSTRB3,4.4,107,0,ChIJ86T8drxJzDERKQZOc4aG_0k,011-5946 3003,"Monday: 9:00?AM?–?10:00?PM | Tuesday: 9:00?AM?–?10:00?PM | Wednesday: 9:00?AM?–?10:00?PM | Thursday: 9:00?AM?–?10:00?PM | Friday: 9:00?AM?–?12:30?PM, 2:30?–?10:00?PM | Saturday: 9:00?AM?–?10:00?PM | Sunday: 9:00?AM?–?10:00?PM",,
CT3211008115,STAR GROCER SDN BHD (SRI DAMANSARA),"NO GF-01,PUSAT KOMERSIAL FLORA,, PERSIARAN PERDANA,, BANDAR SRI DAMANSARA,",52200,"SRI DAMANSARA,",STARGROCER,CENTRAL,CENTRAL,3.1976133,101.6114813,lpv,7112.04,17.6,33059,TSTRB3,0,0,0,,,,,TRUE
CT3211008117,ALIBABA STOR ENTERPRISE,"A9-G,, JALAN BESAR,, SELANGOR,",68100,"SELAYANG BARU,",Others,CENTRAL,CENTRAL,3.246003,101.6701889,spv,3791.97,2,33059,TSTK001,0,0,0,,,,,TRUE
CT3211008136,ARA FRESHMART,"NO 2A-G,, JALAN BSC 2/2B, SELANGOR",47000,"BANDAR SERI COALFIELDS,",Others,CENTRAL,CENTRAL,3.2465439,101.4754289,spv,1283.38,12.4,33059,TSTM011,4.3,16,0,,03-3362 6863,Monday: 10:00?AM?–?10:00?PM | Tuesday: 10:00?AM?–?10:00?PM | Wednesday: 10:00?AM?–?10:00?PM | Thursday: 10:00?AM?–?10:00?PM | Friday: 10:00?AM?–?10:00?PM | Saturday: 10:00?AM?–?10:00?PM | Sunday: 10:00?AM?–?10:00?PM,http://www.99speedmart.com.my/,
CT3211008137,FREE STORE (EMPIRE DAMANSARA) SDN BHD,"G-12, BLOK EMPIRE GALLERY,, EMPIRE DAMANSARA,NO 2, JALAN PJU 8/8A,",47820,"DAMANSARA PERDANA,PETALING JAYA,",Others,CENTRAL,CENTRAL,3.1676358,101.6119233,spv,1794.33,13.6,33059,TSTRB5,4.7,28,0,,,Monday: 10:00?AM?–?10:00?PM | Tuesday: 10:00?AM?–?10:00?PM | Wednesday: 10:00?AM?–?10:00?PM | Thursday: 10:00?AM?–?10:00?PM | Friday: 10:00?AM?–?10:00?PM | Saturday: 10:00?AM?–?10:00?PM | Sunday: 10:00?AM?–?10:00?PM,https://villagegrocer.com.my/,
CT3211008143,21 SHOPPING MART,"G07,HERITAGE LANE @ EMPIRE DAMANSARA,, JALAN PJU 8/84A DAMANSARA PERDANA,",47820,PETALING JAYA.,Others,CENTRAL,CENTRAL,3.1676358,101.6119233,spv,3476.39,23.2,33059,TSTM011,4.7,28,0,,,Monday: 10:00?AM?–?10:00?PM | Tuesday: 10:00?AM?–?10:00?PM | Wednesday: 10:00?AM?–?10:00?PM | Thursday: 10:00?AM?–?10:00?PM | Friday: 10:00?AM?–?10:00?PM | Saturday: 10:00?AM?–?10:00?PM | Sunday: 10:00?AM?–?10:00?PM,https://villagegrocer.com.my/,
CT3211008150,MITA REZEKI JAYA ENTERPRISE,"LOT 81,BATU 13 1/2,, KAMPUNG MELAYU SUNGAI BULOH,",47000,"SUNGAI BULOH,",Others,CENTRAL,CENTRAL,3.219761,101.573259,spv,453.02,4.8,33059,TSTM011,0,0,0,ChIJezkyvMZFzDERzw8enjP91gk,,,,TRUE
CT3211008152,SUPER JAYA MART,"NO 3, GROUND FLOOR,JALAN SS25/12,, TAMAN MAYANG,",47301,"PETALING JAYA,",Others,CENTRAL,CENTRAL,3.1139024,101.6008497,con,85.13,3.6,33059,TSTRB5,3.8,36,0,,016-205 7498,Monday: 7:00?AM?–?6:00?PM | Tuesday: 7:00?AM?–?6:00?PM | Wednesday: 7:00?AM?–?6:00?PM | Thursday: 7:00?AM?–?6:00?PM | Friday: 7:00?AM?–?6:00?PM | Saturday: 7:00?AM?–?6:00?PM | Sunday: 7:00?AM?–?6:00?PM,https://www.facebook.com/Hong-Yang-Oriental-Food-495876844128462/,
CT3211008161,JC ECO TRADING,"D-G-03,, GREEN PARK CONDOMINIUM,",58200,"JALAN AWAN PINTAL,",Others,CENTRAL,CENTRAL,3.0687013,101.6631323,oth,2568.12,3,33059,TSTRB5,0,0,0,,,,,TRUE
CT3211008165,K PLUS FOOD MARKET,"C-04-07, PLAZA BUKIT JALIL (AURORA PLACE)",57000,"NO.1, PERSIARAN JALIL 1, BANDAR BUKIT JALIL",Others,CENTRAL,CENTRAL,3.158481,101.611688,spv,5305.68,6.8,33059,TSTRB5,4.2,462,0,ChIJJSRWD5BPzDERnA9zTePDXbE,,Monday: 10:00?AM?–?10:00?PM | Tuesday: 10:00?AM?–?10:00?PM | Wednesday: 10:00?AM?–?10:00?PM | Thursday: 10:00?AM?–?10:00?PM | Friday: 10:00?AM?–?10:00?PM | Saturday: 10:00?AM?–?10:00?PM | Sunday: 10:00?AM?–?10:00?PM,https://www.kplus.my/,
CT3211008168,NSK GROCER (KL) SDN BHD- 3 DAMANSARA,"LG-13A AND LG-17, 3 DAMANSARA, NO 3JALAN SS20/27,",47400,"PETALING JAYA,",NSK,CENTRAL,CENTRAL,3.1307213,101.6269947,smt,100386.25,65.8,33059,TSTL003,4.1,604,0,ChIJv829LR5JzDER70yE4_M-XIQ,011-5583 1838,Monday: 9:30?AM?–?10:00?PM | Tuesday: 9:30?AM?–?10:00?PM | Wednesday: 9:30?AM?–?10:00?PM | Thursday: 9:30?AM?–?10:00?PM | Friday: 10:00?AM?–?10:00?PM | Saturday: 10:00?AM?–?10:00?PM | Sunday: 10:00?AM?–?10:00?PM,https://www.facebook.com/nskgrocer/,
CT3211008179,METRO ONE ENTERPRISE,"NO.K1-1-K1,, PANGSAPURI SRI MERANTI,",52200,"BANDAR SRI DAMANSARA,",Others,CENTRAL,CENTRAL,3.1949862,101.6024856,spv,1104.59,20.2,33059,TSTRB6,0,0,0,,,,,TRUE
CT3211008190,MONDO GROCERY SDN BHD,"1-13A,, RESIDENCES THE PARK,",57000,"BUKIT JALIL, UTAMA,",Others,CENTRAL,CENTRAL,3.05297,101.672581,spv,-281.9,1.6,33059,TSTRB5,0,0,0,,012-671 0988,Monday: 10:00?AM?–?10:00?PM | Tuesday: 10:00?AM?–?10:00?PM | Wednesday: 10:00?AM?–?10:00?PM | Thursday: 10:00?AM?–?10:00?PM | Friday: 10:00?AM?–?10:00?PM | Saturday: 10:00?AM?–?10:00?PM | Sunday: 10:00?AM?–?10:00?PM,,TRUE
CT3211008201,P.M.MP KAY KAY TRADING,"LOT D3,, KAMPUNG MELAYU,",48050,"SRI KUNDANG,",Others,CENTRAL,CENTRAL,3.258003,101.521744,spv,1711,14.8,33059,TSTM011,5,1,0,,017-303 8067,Monday: 8:00?AM?–?8:30?PM | Tuesday: 8:00?AM?–?8:30?PM | Wednesday: 8:00?AM?–?8:30?PM | Thursday: 8:00?AM?–?8:30?PM | Friday: 8:00?AM?–?8:30?PM | Saturday: 8:00?AM?–?8:30?PM | Sunday: 8:00?AM?–?8:30?PM,https://www.facebook.com/share/1CFvAALRNC/?mibextid=wwXIfr,
CT3211008202,NEW CENTURY HOME MART SDN BHD,"NO 11G & 13G, JALAN ADENIUM 1A,SEKSYEN BB5,, SELANGOR",48300,BUKIT BERUNTUNG,Others,CENTRAL,CENTRAL,3.416924,101.552526,spv,831.86,9.2,33059,TSTRB3,5,2,0,ChIJk2mhVChpzDERQngTEs_nvO4,,,,TRUE
CT3211008205,NSK GROCER (KL) SDN BHD- TIMES SQUARE,"LG-34 & LG-60B,, BERJAYA TIMES SQUARE,NO.1 JALAN IMBI",55100,"BUKIT BINTANG,",NSK,CENTRAL,CENTRAL,3.142884,101.710546,smt,31146.66,35.4,33059,TSTL003,4.1,13811,0,,03-2141 0500,Monday: 10:00?AM?–?10:00?PM | Tuesday: 10:00?AM?–?10:00?PM | Wednesday: 10:00?AM?–?10:00?PM | Thursday: 10:00?AM?–?10:00?PM | Friday: 10:00?AM?–?10:00?PM | Saturday: 10:00?AM?–?10:00?PM | Sunday: 10:00?AM?–?10:00?PM,https://lot10.com.my/,
CT3211008207,KENWINGSTON GROCER S/B @CANTARA  *ARA D'SARA,"G-G-07,G-G-08,G-G-09,G-G-10,G-G-11,G-G-12,, NO.6, JALAN PJU 1A/41B, CANTARA RESIDENCE",47301,"ARA DAMANSARA,",MEMI,CENTRAL,CENTRAL,3.1173786,101.5906902,spv,4901.04,5.2,33059,TSTRB5,5,275,0,,07-283 0123,Monday: 10:00?AM?–?10:00?PM | Tuesday: 10:00?AM?–?10:00?PM | Wednesday: 10:00?AM?–?10:00?PM | Thursday: 10:00?AM?–?10:00?PM | Friday: 10:00?AM?–?10:00?PM | Saturday: 10:00?AM?–?10:00?PM | Sunday: 10:00?AM?–?10:00?PM,https://www.eco-shop.com.my/,
CT3211008214,KENWINGSTON GROCER S/B @KL TRADERS SQUARE,"NO. 27-G,, PLAZA KLTS BLOCK B,, KUALA LUMPUR.",53300,"NO.99 JALAN GOMBAK,",MEMI,CENTRAL,CENTRAL,3.204412,101.703484,lpv,15293.83,16.6,33059,TSTK001,3.5,101,0,,03-4021 3565,Monday: 8:00?AM?–?9:00?PM | Tuesday: 8:00?AM?–?9:00?PM | Wednesday: 8:00?AM?–?9:00?PM | Thursday: 8:00?AM?–?9:00?PM | Friday: 8:00?AM?–?9:00?PM | Saturday: 8:00?AM?–?9:00?PM | Sunday: 8:00?AM?–?9:00?PM,http://www.super7.com.my/,
CT3211008221,AJUAA ENTERPRISE,"NO 2, JALAN BATU MUDA 2",68100,TAMAN BATU MUDA,Others,CENTRAL,CENTRAL,3.226754,101.685089,spv,-1589.44,0,33059,TSTK001,3,1,0,,016-680 1374,Monday: Open 24 hours | Tuesday: Open 24 hours | Wednesday: Open 24 hours | Thursday: Open 24 hours | Friday: Open 24 hours | Saturday: Open 24 hours | Sunday: Open 24 hours,,
CT3211008224,KEDAI RUNCIT AYMAN ENTERPRISE,"NO 9,JALAN DATO SENU 26,, TAMAN SENTUL UTAMA,",51000,SENTUL,Others,CENTRAL,CENTRAL,3.196079,101.695259,spv,918.95,7.8,33059,TSTK001,4,5,0,,,Monday: 8:30?AM?–?8:00?PM | Tuesday: 8:30?AM?–?8:00?PM | Wednesday: 8:30?AM?–?8:00?PM | Thursday: 8:30?AM?–?8:00?PM | Friday: 8:30?AM?–?8:00?PM | Saturday: 8:30?AM?–?8:00?PM | Sunday: 8:30?AM?–?8:00?PM,,
CT3211008225,AIDAH ANA MINIMART,"BLOK A2-03, DESA PANDAN",55100,KG PANDAN ,Others,CENTRAL,CENTRAL,3.1443581,101.7320581,spv,205.66,7.8,33059,TSTRB5,0,0,0,,,,,TRUE
CT3211008230,GETGO VALUE MART,"A-3-2A, KINRARA MAS CONDOMINIUM,",58200,"JALAN MAS 1, KINRARA MAS,",Others,CENTRAL,CENTRAL,3.060708,101.649655,spv,912.15,16,33059,TSTRB5,4,1057,0,,,Monday: 8:00?AM?–?10:00?PM | Tuesday: 8:00?AM?–?10:00?PM | Wednesday: 8:00?AM?–?10:00?PM | Thursday: 8:00?AM?–?10:00?PM | Friday: 8:00?AM?–?10:00?PM | Saturday: 8:00?AM?–?10:00?PM | Sunday: 8:00?AM?–?10:00?PM,https://www.facebook.com/stargrocersb/photos/address-level-lg-no-48-49-50-51-52-53-54jalan-tk-111ctaman-kinrara-seksyen-14710/725232461251332/,
CT3211008231,KEDAI RUNCIT MAHSYUR TEGUH,"NO 61,, JALAN NAKHODA KANAN,KAMPUNG NAKHODA,",68100,"BATU CAVES,",Others,CENTRAL,CENTRAL,3.249668,101.679771,spv,46,1.8,33059,TSTK001,4,27,0,ChIJqU3nJhhHzDER2xhlHF1MAQ0,,,,TRUE
CT3211008234,KEDAI RUNCIT KIM FAAT,"NO 1,, RUMAH MURAH",44300,"TAMAN SERI BATANG KALI,",Others,CENTRAL,CENTRAL,3.463997,101.651128,spv,693.26,2.4,33059,TSTRB3,0,0,0,,,,,TRUE
CT3211008235,KANA BERKAT ENT,"LBKL 353,, BATU 4.3/4,",53000,"JALAN GOMBAK,",Others,CENTRAL,CENTRAL,3.211524,101.706894,spv,137.39,4.6,33059,TSTK001,3.9,2481,0,,03-4024 8290,Monday: 8:30?AM?–?10:00?PM | Tuesday: 8:30?AM?–?10:00?PM | Wednesday: 8:30?AM?–?10:00?PM | Thursday: 8:30?AM?–?10:00?PM | Friday: 8:30?AM?–?10:00?PM | Saturday: 8:30?AM?–?10:00?PM | Sunday: 8:30?AM?–?10:00?PM,http://www.villagegrocer.com.my/,
CT3211008238,GAGASAN MERAH ENTERPRISE,"NO 15,, JALAN BUNGA KERTAS 1A,",48300,"BUKIT SENTOSA,",Others,CENTRAL,CENTRAL,3.399888,101.560588,spv,264.05,8.4,33059,TSTRB3,0,0,0,ChIJ0amsbgBpzDER3qhimDH3HPo,,,,TRUE
CT3211008242,ZAHRA MART,"LOT 2413E,, LORONG PULAI,",48050,"KUANG,",Others,CENTRAL,CENTRAL,3.224097,101.533502,spv,306.6,12.4,33059,TSTM011,0,0,0,,,,,TRUE
CT3211008247,STM SMART ENTERPRISE -1,"EG.K.05, BLOCK E FLORA DAMANSARA, NO 1, JALAN PJU 8/9,",47820,BANDAR DAMANSARA PERDANA,Others,CENTRAL,CENTRAL,3.175034,101.617315,spv,1369.79,15.4,33059,TSTM011,4.3,3,0,ChIJFVe_ibRIzDERBgdp5XO9IeY,014-633 6083,"Monday: 8:00?AM?–?1:00?AM | Tuesday: 8:00?AM?–?12:30?AM | Wednesday: 8:00?AM?–?12:30?AM | Thursday: 8:00?AM?–?12:30?AM | Friday: 8:00?AM?–?1:15?PM, 2:15?PM?–?12:30?AM | Saturday: 8:00?AM?–?12:30?AM | Sunday: 8:00?AM?–?12:30?AM",,
CT3211008248,THAMBI MAJU SUPERMARKET,"NO.1,JALAN CEMPERAI 4/A,, TAMAN RASA UTAMA,","44200,","RASA,",Others,CENTRAL,CENTRAL,3.488476,101.631356,spv,1071.44,12.2,33059,TSTRB3,0,0,0,ChIJ2-S93eltzDERrUrw-xf7eXg,,,,TRUE
CT3211008249,MEENAMBIKA STORE,"LOT 18,, JALAN KUALA KALI,",44200,RASA,Others,CENTRAL,CENTRAL,3.496179,101.6323993,spv,51.59,1.4,33059,TSTRB3,5,1,0,ChIJQ2nbcO5tzDERL3QXXFXla9I,011-7226 8665,,,TRUE
CT3211008251,ABAAN ENTERPRISE,"1-G,JALAN UP 1/8, TAMAN UKAY PERDANA COMMERCIAL CENTRE",68000,TAMAN UKAY PERDANA,Others,CENTRAL,CENTRAL,3.204805,101.777756,spv,289.33,8.6,33059,TSTK001,0,0,0,,,,,TRUE
CT3211008255,A.N.I MULTI ENTERPRES,"25,, JALAN SG 3/1",68100,TAMAN SRI GOMBAK,Others,CENTRAL,CENTRAL,3.240582,101.703239,spv,839.7,6.6,33059,TSTK001,2.5,2,0,,,Monday: 9:00?AM?–?8:00?PM | Tuesday: 9:00?AM?–?8:00?PM | Wednesday: 9:00?AM?–?8:00?PM | Thursday: 9:00?AM?–?8:00?PM | Friday: 9:00?AM?–?8:00?PM | Saturday: 9:00?AM?–?8:00?PM | Sunday: 9:00?AM?–?8:00?PM,,
CT3211008257,KEDAI RUNCIT MULIA SEJATI,"NO 10,, JALAN SS 5B/4,",47301,"KELANA JAYA,",Others,CENTRAL,CENTRAL,3.100962,101.605829,spv,344.42,12.4,33059,TSTRB5,4.3,19,0,,03-7874 7104,Monday: 7:00?AM?–?8:30?PM | Tuesday: 7:00?AM?–?8:30?PM | Wednesday: 7:00?AM?–?8:30?PM | Thursday: 7:00?AM?–?8:30?PM | Friday: 7:00?AM?–?8:30?PM | Saturday: 7:00?AM?–?8:00?PM | Sunday: 7:00?AM?–?8:00?PM,,
CT3211008264,LIMA SAUDARA TRADING,"NO A 3/2,WISMA ABU SAMAH,, JALAN RAHIDIN, KG PAYA JARAS TENGAH,",47000,SG BULOH,Others,CENTRAL,CENTRAL,3.199317,101.549356,spv,217.17,9.6,33059,TSTM011,0,0,0,ChIJ_WIbYwBFzDERfpTMFkDGkdU,,,,TRUE
CT3211008265,KEDAI RUNCIT MUARA INDAH,"B-005, VISTA SHOP,, JALAN PJU 10/3D,",47830,"DAMANSARA DAMAI,",Others,CENTRAL,CENTRAL,3.198802,101.5933,spv,159.11,5.6,33059,TSTM011,3.8,62,0,,03-6143 7593,Monday: 10:00?AM?–?10:00?PM | Tuesday: 10:00?AM?–?10:00?PM | Wednesday: 10:00?AM?–?10:00?PM | Thursday: 10:00?AM?–?10:00?PM | Friday: 10:00?AM?–?10:00?PM | Saturday: 10:00?AM?–?10:00?PM | Sunday: 10:00?AM?–?10:00?PM,,
CT3211008267,PASAR MINI MY ALADDIN (M) SDN BHD,"NO.18-G , JALAN CAMAR 4/3 ,, SEKSYEN 4 ,",47810,"KOTA DAMANSARA ,",Others,CENTRAL,CENTRAL,3.15387,101.57901,spv,730.65,7.8,33059,TSTM011,3.6,9,0,ChIJt75qsAJPzDERbQ5ahc1lRCo,03-6143 3747,Monday: 7:00?AM?–?9:30?PM | Tuesday: 7:00?AM?–?9:30?PM | Wednesday: 7:00?AM?–?9:30?PM | Thursday: 7:00?AM?–?9:30?PM | Friday: 7:00?AM?–?9:30?PM | Saturday: 7:00?AM?–?9:30?PM | Sunday: 7:00?AM?–?9:30?PM,,
CT3211008269,MM MULTIPURPOSE MARKET,"7, TINGKAT BAWAH BLOK C,, JALAN SELINGSING 4,",52100,"TAMAN SRI KUCHING,",Others,CENTRAL,CENTRAL,3.1978649,101.6724934,spv,329.54,11,33059,TSTRB6,0,0,0,,,,,TRUE
CT3211008279,AT THAHURA ENTERPRISE,"25-G-A & 27-G-B,, JLN 7A/3,",48020,MEDAN PUTRI RAWANG,Others,CENTRAL,CENTRAL,3.285508,101.472727,spv,1413.36,15.4,33059,TSTRB3,5,3,0,ChIJgzlYbmRczDERGUSPbzXG2xY,010-298 4715,Monday: 9:30?AM?–?10:00?PM | Tuesday: 9:30?AM?–?10:00?PM | Wednesday: 9:30?AM?–?10:00?PM | Thursday: 9:30?AM?–?10:00?PM | Friday: 9:30?AM?–?10:00?PM | Saturday: 9:30?AM?–?10:00?PM | Sunday: 9:30?AM?–?10:00?PM,http://www.agrobazaar.com.my/index.php/shopDirectory/shops?shopId=83578,TRUE
CT3211008280,NIRMALA STORE,"TS, 75, PASAR BESAR,, TAMAN TUN  DR. ISMAIL,",60000,DAMANSARA,Others,CENTRAL,CENTRAL,3.138842,101.630106,spv,326.21,11.6,33059,TSTRB5,0,0,0,,,,,TRUE
CT3211008286,JNJ GROCERY - METRO PRIMA,"B-0-11 (GROUND FLOOR),, PLAZA METRO PRIMA,",52100,"JALAN METRO 1,",Others,CENTRAL,CENTRAL,3.212598,101.637441,spv,3150.3,9.8,33059,TSTRB6,4.3,3,0,,014-210 5786,"Monday: 7:30?AM?–?11:00?PM | Tuesday: 7:30?AM?–?11:00?PM | Wednesday: 7:30?AM?–?11:00?PM | Thursday: 7:30?AM?–?11:00?PM | Friday: 7:30?AM?–?12:00?PM, 2:30?–?11:00?PM | Saturday: 7:30?AM?–?11:00?PM | Sunday: 7:30?AM?–?11:00?PM",,
CT3211008290,PERNIAGAAN MERRI JAYA TIGA,"NO. 1,, LORONG KERAMAT DALAM 1,",54000,"JALAN DATUK KERAMAT,",Others,CENTRAL,CENTRAL,3.166379,101.730675,spv,900.48,11.4,33059,TSTK001,4.2,190,0,,03-4053 5004,"Monday: 9:00?AM?–?9:00?PM | Tuesday: 9:00?AM?–?9:00?PM | Wednesday: 9:00?AM?–?9:00?PM | Thursday: 9:00?AM?–?9:00?PM | Friday: 9:00?AM?–?12:30?PM, 2:00?–?9:00?PM | Saturday: 9:00?AM?–?9:00?PM | Sunday: 9:00?AM?–?9:00?PM",,
CT3211008292,KEDAI RUNCIT SRI DAMANSARA,"BLK B, 106 & 107,, JALAN CEMPAKA SD 12/2,",52200,"BDR.SRI DAMANSARA,",Others,CENTRAL,CENTRAL,3.196168,101.605955,spv,1387.58,14.6,33059,TSTRB6,3.9,1365,0,ChIJVSqDQQBGzDERfizLKecE0b0,,,,TRUE
CT3211008295,SIVIEN MAJU ENTERPRISE,"A-00-09, PPR INTAN BAIDURI, KEPONG UTARA,",52200,"MUKIM BATU,",Others,CENTRAL,CENTRAL,3.232728,101.652893,spv,207.04,7,33059,TSTK001,3.9,20,0,,03-2114 2337,Monday: 8:00?AM?–?10:00?PM | Tuesday: 8:00?AM?–?10:00?PM | Wednesday: 8:00?AM?–?10:00?PM | Thursday: 8:00?AM?–?10:00?PM | Friday: 8:00?AM?–?10:00?PM | Saturday: 8:00?AM?–?10:00?PM | Sunday: 8:00?AM?–?10:00?PM,https://www.7eleven.com.my/,
CT3211008296,WINROUTE SDN BHD,"2079B,, 1617 JALAN GENTING KELANG",53300,SETAPAK VILLAGE,Others,CENTRAL,CENTRAL,3.201785,101.719658,whs,0,0,33059,TSTK001,5,2,0,ChIJmWeglh45zDERJ9dNmvaXJWQ,,,,TRUE
CT3211008297,ZARIMAH IKHLAS ENTERPRISE,"NO.20, GERAI MPS,, PERSIARAN BUKIT RAHMAN PUTRA 3",47000,"SG BULOH,",Others,CENTRAL,CENTRAL,3.227501,101.573417,spv,192.68,6.6,33059,TSTM011,3.9,70,0,,,Monday: 8:30?AM?–?9:00?PM | Tuesday: 8:30?AM?–?9:00?PM | Wednesday: 8:30?AM?–?9:00?PM | Thursday: 8:30?AM?–?9:00?PM | Friday: 8:30?AM?–?9:00?PM | Saturday: 8:30?AM?–?9:00?PM | Sunday: 8:30?AM?–?1:00?PM,,
CT3211008298,SRSB SPEED MART,"5,, LORONG SYED PUTRA KIRI,",101675107 25/07/2023 101675108 25/07/2023 10167510,KUALA LUMPUR,Others,CENTRAL,CENTRAL,3.126498,101.688508,spv,975.8,16.2,33059,TSTRB3,0,0,0,,,,,TRUE
CT3211008299,HASTA CONVENIENCE STORE,"101,, JALAN SULTAN ABDUL SAMAD",50470,"BRICKFIELDS,",Others,CENTRAL,CENTRAL,3.134091,101.691718,spv,598.32,15.8,33059,TSTRB3,5,2,0,,016-269 3427,Monday: 9:00?AM?–?8:00?PM | Tuesday: 9:00?AM?–?8:00?PM | Wednesday: 9:00?AM?–?8:00?PM | Thursday: 9:00?AM?–?8:00?PM | Friday: 9:00?AM?–?8:00?PM | Saturday: 9:00?AM?–?8:00?PM | Sunday: 9:00?AM?–?8:00?PM,,
CT3211008300,URBAN MARKETPLACE (SEVENTEEN MALL),"L1-01, LEVEL 1, SEVENTEEN MALL,, JALAN 17/38,",46400,"SEKSYEN 17,",Others,CENTRAL,CENTRAL,3.129604,101.634957,lpv,31537.88,26,33059,TSTRB3,4.7,299,0,,012-656 6058,Monday: 8:00?AM?–?10:00?PM | Tuesday: 8:00?AM?–?10:00?PM | Wednesday: 8:00?AM?–?10:00?PM | Thursday: 8:00?AM?–?10:00?PM | Friday: 8:00?AM?–?10:00?PM | Saturday: 8:00?AM?–?10:00?PM | Sunday: 8:00?AM?–?10:00?PM,https://www.facebook.com/urbanfreshmarketplace/,
CT3211008338,REZEKI MULYA BIN ANUAR,"24,, JALAN SP 2/4,",40150,"TAMAN SUBANG PERDANA,",Others,CENTRAL,CENTRAL,3.150747,101.5428,spv,2709.26,14.8,33059,TSTM011,4,1,0,,03-7845 1433,Monday: 8:00?AM?–?8:00?PM | Tuesday: 8:00?AM?–?8:00?PM | Wednesday: 8:00?AM?–?8:00?PM | Thursday: 8:00?AM?–?8:00?PM | Friday: 8:00?AM?–?8:00?PM | Saturday: 8:00?AM?–?8:00?PM | Sunday: 8:00?AM?–?8:00?PM,,
CT3211008339,TAWAKAL INDAH TRADING,"7G,, MEDAN BUKIT INDAH DUA,",68000,"BUKIT INDAH,",Others,CENTRAL,CENTRAL,3.152625,101.7745333,spv,444.67,10.4,33059,TSTRB6,0,0,0,,,,,TRUE
CT3211008340,JASRIL JS,"LOT 1498, JALAN 1, KAMPUNG AMPANG INDAH",68000,LEMBAH JAYA SELATAN,Others,CENTRAL,CENTRAL,3.135979,101.784318,spv,463.17,15.8,33059,TSTRB6,3.8,16,0,,,Monday: 8:00?AM?–?12:00?PM | Tuesday: 8:00?AM?–?12:00?PM | Wednesday: 8:00?AM?–?12:00?PM | Thursday: 8:00?AM?–?12:00?PM | Friday: 8:00?AM?–?12:00?PM | Saturday: 8:00?AM?–?12:00?PM | Sunday: 8:00?AM?–?12:00?PM,,
CT3211008341,BERKAH REZEKI RESOURCES,"LOT 3310-9,, JALAN TERATAI 2,",47000,"KG PAYA JARAS HILIR,",Others,CENTRAL,CENTRAL,3.3148917,101.4140767,spv,0,0,33059,TSTM011,4.3,4,0,,010-242 9185,Monday: 2:00?–?10:30?PM | Tuesday: 9:00?AM?–?10:30?PM | Wednesday: 9:00?AM?–?10:30?PM | Thursday: 9:00?AM?–?10:30?PM | Friday: 9:00?AM?–?10:30?PM | Saturday: 9:00?AM?–?10:30?PM | Sunday: 9:00?AM?–?10:30?PM,,
CT3211008343,PASAR MINI MAWAR SEJAHTERA (21),"21G,, JALAN UP 1/8,, SELANGOR DARUL EHSAN.",68000,"UKAY PERDANA,",Others,CENTRAL,CENTRAL,3.203935,101.777092,spv,1009.76,13.4,33059,TSTRB6,0,0,0,ChIJZyZSTwA5zDERTaBmTiBTAME,,,,TRUE
CT3211008344,RAMJI USHA ENTERPRISE,"NO 14G,, JALAN WAWASAN 4/5,",68000,"BANDAR BARU AMPANG,",Others,CENTRAL,CENTRAL,3.146252,101.764973,spv,389.04,11.2,33059,TSTRB6,4.6,34,0,,016-203 0273,Monday: 8:30?AM?–?9:30?PM | Tuesday: 8:30?AM?–?9:30?PM | Wednesday: 8:30?AM?–?9:30?PM | Thursday: 8:30?AM?–?9:30?PM | Friday: 8:30?AM?–?9:30?PM | Saturday: 8:30?AM?–?9:30?PM | Sunday: 8:30?AM?–?9:30?PM,,
CT3211008348,ACCESS FOUR TRADING,"NO 10,, JALAN AU 4/1,",54200,TAMAN SRI KERAMAT TENGAH,Others,CENTRAL,CENTRAL,3.197086,101.759127,spv,5269.33,20.2,33059,TSTRB6,0,0,0,ChIJYyTdOQA5zDERlQHDNzCUAJA,,,,TRUE
CT3211008349,KEDAI UBAT DAN RUNCIT MUN SANG,"2A, GROUND FLOOR, JALAN PERDANA 2/3A,",55300,"PANDAN PERDANA,",Others,CENTRAL,CENTRAL,3.116384,101.739914,spv,147.59,6.8,33059,TSTRB6,5,1,0,,017-439 6665,Monday: Open 24 hours | Tuesday: Open 24 hours | Wednesday: Open 24 hours | Thursday: Open 24 hours | Friday: Open 24 hours | Saturday: Open 24 hours | Sunday: Open 24 hours,http://www.icomecome.com/,
CT3211008350,PANOWA INTERNATIONAL SDN BHD,"UNIT B-01-03, WISMA PANTAI, PANTAI BUSINESS PARK",58200,OFF JALAN PANTAI,Others,CENTRAL,CENTRAL,3.115534,101.669387,spv,515,8.8,33059,TSTRB3,3.7,9,0,ChIJMXQZ24ZJzDERsDJ98RcGp6Q,,,,TRUE
CT3211008352,JARA GROCERS,"38, JALAN ANG SENG (MINI MART SRI IMPIAN LOBBY)",50470,"BRICKFIELDS,",Others,CENTRAL,CENTRAL,3.128875,101.681281,spv,1765.56,10.4,33059,TSTRB3,5,1,0,,017-334 2345,Monday: 10:00?AM?–?9:00?PM | Tuesday: Closed | Wednesday: 10:30?AM?–?9:00?PM | Thursday: 10:30?AM?–?9:00?PM | Friday: 10:30?AM?–?9:00?PM | Saturday: 10:30?AM?–?9:00?PM | Sunday: 10:30?AM?–?9:00?PM,,
CT3211008353,INARAMY ENTERPRISE,"NO.28-G,, JALAN PINGGIR OFF,",51200,"JALAN IPOH,",Others,CENTRAL,CENTRAL,3.17348,101.690201,spv,801.68,9,33059,TSTK001,4.3,156,0,,03-4045 2600,Monday: 8:30?AM?–?8:30?PM | Tuesday: 8:30?AM?–?8:30?PM | Wednesday: 8:30?AM?–?8:30?PM | Thursday: 8:30?AM?–?8:30?PM | Friday: 8:30?AM?–?8:30?PM | Saturday: 8:30?AM?–?8:30?PM | Sunday: 9:00?AM?–?8:30?PM,http://csimpex.com.my/,
CT3211008354,MOTHER GROCERY,"21,, JALAN KUALA KALI,",44200,RASA SELANGOR.,Others,CENTRAL,CENTRAL,3.496363,101.632643,spv,175.06,5.6,33059,TSTRB3,0,0,0,,011-7226 8665,,,TRUE
CT3211008355,SPM TELECOMMUNICATION (M) SDN BHD,"G-19 CITY ONE PLAZA, JALAN SUPPIAH PILLAY",51200,OFF JALAN IPOH,Others,CENTRAL,CENTRAL,3.154692,101.697784,spv,1388.18,9.4,33059,TSTRB3,4.3,9293,0,,03-2693 8620,Monday: 10:15?AM?–?9:00?PM | Tuesday: 10:15?AM?–?9:00?PM | Wednesday: 10:15?AM?–?9:00?PM | Thursday: 10:15?AM?–?9:00?PM | Friday: 10:15?AM?–?9:00?PM | Saturday: 10:00?AM?–?9:30?PM | Sunday: 10:00?AM?–?9:30?PM,http://www.haniffaonline.com.my/,
CT3211008356,88 GD MART,"NO G-07 (GROUND FLOOR),, SUITE ENESTA KEPONG,",52000,"NO 201, PINTASAN SEGAMBUT, KEPONG,",Others,CENTRAL,CENTRAL,3.208251,101.656786,spv,1327.32,9.2,33059,TSTRB6,4.4,5,0,,,Monday: Closed | Tuesday: 3:00?–?11:00?AM | Wednesday: 3:00?–?11:00?AM | Thursday: 3:00?–?11:00?AM | Friday: 3:00?–?11:00?AM | Saturday: 3:00?–?11:00?AM | Sunday: 3:00?–?11:00?AM,,
CT3211008357,YIN & XUAN ENTERPRISE,"NO. 15,, JALAN SG 3/10,",68100,"TAMAN SRI GOMBAK,",Others,CENTRAL,CENTRAL,3.2428686,101.7029451,spv,1106.18,8.8,33059,TSTRB6,4.2,45,0,,012-974 3813,Monday: 8:00?AM?–?10:00?PM | Tuesday: 8:00?AM?–?10:00?PM | Wednesday: 8:00?AM?–?10:00?PM | Thursday: 8:00?AM?–?10:00?PM | Friday: 8:00?AM?–?10:00?PM | Saturday: 8:00?AM?–?10:00?PM | Sunday: 8:00?AM?–?10:00?PM,,
CT3211008358,KEDAI SERBANEKA BALQIS,"BLOCK A1-G-25,, JALAN MEWAH 4,, AMPANG",68000,"TAMAN PANDAN MEWAH,",Others,CENTRAL,CENTRAL,3.12918,101.765032,spv,386.27,8.2,33059,TSTRB6,5,11,0,ChIJO56hjZI2zDERbYpFfP9OKs4,012-239 3375,Monday: 8:00?AM?–?8:00?PM | Tuesday: 8:00?AM?–?8:00?PM | Wednesday: 8:00?AM?–?8:00?PM | Thursday: 8:00?AM?–?8:00?PM | Friday: 8:00?AM?–?8:00?PM | Saturday: 8:00?AM?–?8:00?PM | Sunday: 8:00?AM?–?8:00?PM,,TRUE
CT3211008361,FARLA DIGANTARA ENTERPRISE,"Q2-1-K5, PANGSAPURI SRI MERANTI",52200,"PSN MERANTI, BANDAR SRI DAMANASARA PJU 9",Others,CENTRAL,CENTRAL,3.194725,101.60306,spv,506.32,17.8,33059,TSTRB6,0,0,0,,,,,TRUE
CT3211008362,NS AZIMA ENTERPRISE,"NO 26, JALAN 4/2",68100,"BANDAR BARU SELAYANG,FASA 2B,",Others,CENTRAL,CENTRAL,3.267569,101.67334,spv,28.88,1,33059,TSTK001,3.9,128,0,,03-3362 6863,Monday: 10:00?AM?–?10:00?PM | Tuesday: 10:00?AM?–?10:00?PM | Wednesday: 10:00?AM?–?10:00?PM | Thursday: 10:00?AM?–?10:00?PM | Friday: 10:00?AM?–?10:00?PM | Saturday: 10:00?AM?–?10:00?PM | Sunday: 10:00?AM?–?10:00?PM,http://www.99speedmart.com.my/,
CT3211008364,KEDAI RUNCIT JB SAMEENA,"NO. 58, JALAN SG 4/8,, TAMAN SRI GOMBAK",68100,BATU CAVES,Others,CENTRAL,CENTRAL,3.242809,101.708527,spv,619.86,8,33059,TSTK001,2.5,2,0,,,Monday: 9:00?AM?–?8:00?PM | Tuesday: 9:00?AM?–?8:00?PM | Wednesday: 9:00?AM?–?8:00?PM | Thursday: 9:00?AM?–?8:00?PM | Friday: 9:00?AM?–?8:00?PM | Saturday: 9:00?AM?–?8:00?PM | Sunday: 9:00?AM?–?8:00?PM,,
CT3211008365,MUS GMART RUNCIT & BORONG,"LOT 1774-A2, JALAN GAJAH 14,",47000,KG KUBU GAJAH,Others,CENTRAL,CENTRAL,3.197487,101.522751,spv,289.12,12,33059,TSTM011,0,0,0,,,,,TRUE
CT3211008366,MAJU DESA MURNI ENTERPRISE,"33G,, JALAN SULAIMAN 3,",68000,"TAMAN PUTRA SULAIMAN,",Others,CENTRAL,CENTRAL,3.150505,101.74949,spv,803.78,9.6,33059,TSTRB6,4.6,4609,0,,011-1111 9912,Monday: 8:00?AM?–?12:00?AM | Tuesday: 8:00?AM?–?12:00?AM | Wednesday: 8:00?AM?–?12:00?AM | Thursday: 8:00?AM?–?12:00?AM | Friday: 8:00?AM?–?12:00?AM | Saturday: 8:00?AM?–?12:00?AM | Sunday: 8:00?AM?–?12:00?AM,https://madinah.com.my/,
CT3211008369,KEDAI RUNCIT AMAN PURI,"DESA SATU APT,, DS4-1-N-BLK 4,",52100,"DESA AMAN PURI,",Others,CENTRAL,CENTRAL,3.215674,101.615702,spv,3401.53,22,33059,TSTRB6,0,0,0,ChIJG0njRQBFzDERHjmGDGZekNM,,Monday: 8:30?AM?–?8:00?PM | Tuesday: 8:30?AM?–?8:00?PM | Wednesday: 8:30?AM?–?8:00?PM | Thursday: 8:30?AM?–?8:00?PM | Friday: 8:30?AM?–?8:00?PM | Saturday: 8:30?AM?–?8:00?PM | Sunday: 8:30?AM?–?8:00?PM,,TRUE
CT3211008370,PERNIAGAAN MASNORA AIENMORIZ ENTERPRISE,"DS-4-1-0,, DESA SATU APARTMENT",52100,DESA AMAN PURI,Others,CENTRAL,CENTRAL,3.2150111,101.6154128,spv,2218.68,23,33059,TSTRB6,0,0,0,,,Monday: 8:30?AM?–?8:00?PM | Tuesday: 8:30?AM?–?8:00?PM | Wednesday: 8:30?AM?–?8:00?PM | Thursday: 8:30?AM?–?8:00?PM | Friday: 8:30?AM?–?8:00?PM | Saturday: 8:30?AM?–?8:00?PM | Sunday: 8:30?AM?–?8:00?PM,,TRUE
CT3211008372,PASARAYA DESA SDN BHD,"10G,, JALAN ARA SD 7/3A,",52200,"BANDAR SRI DAMANSARA,",Others,CENTRAL,CENTRAL,3.1865433,101.61484,spv,-993.3,5.6,33059,TSTRB6,0,0,0,,,,,TRUE
CT3211008373,USAHA SAFRINA ENTERPRISE,"NO.35A,, JALAN AU3/1,",54200,"TAMAN SEPAKAT,",Others,CENTRAL,CENTRAL,3.1819267,101.7573883,spv,504.14,9.2,33059,TSTRB6,3.8,57,0,,,Monday: 9:00?AM?–?9:00?PM | Tuesday: 9:00?AM?–?9:00?PM | Wednesday: 9:00?AM?–?9:00?PM | Thursday: 9:00?AM?–?9:00?PM | Friday: 9:00?AM?–?9:00?PM | Saturday: 9:00?AM?–?9:00?PM | Sunday: 9:00?AM?–?9:00?PM,,
CT3211008374,PASAR SEGAR PINGGIRAN DUA,"NO. 2, JALAN 2/2,, PINGGIRAN GOMBAK,",68100,"BATU CAVES,",Others,CENTRAL,CENTRAL,3.254506,101.693901,spv,222.96,0.2,33059,TSTK001,3.9,159,0,ChIJBQsLXUNHzDERErCw2u6Sec4,011-3985 7123,Monday: 10:00?AM?–?10:00?PM | Tuesday: 10:00?AM?–?10:00?PM | Wednesday: 10:00?AM?–?10:00?PM | Thursday: 10:00?AM?–?10:00?PM | Friday: 10:00?AM?–?10:00?PM | Saturday: 10:00?AM?–?10:00?PM | Sunday: 10:00?AM?–?10:00?PM,,
CT3211008379,JIYAA FRESH N MINIMART,"37,, JALAN SM 3",68100,TAMAN SUNWAY BATU CAVES,Others,CENTRAL,CENTRAL,3.236611,101.691345,spv,512.86,10,33059,TSTK001,3.4,295,0,,03-6189 1924,Monday: 9:00?AM?–?10:00?PM | Tuesday: 9:00?AM?–?10:00?PM | Wednesday: 9:00?AM?–?10:00?PM | Thursday: 9:00?AM?–?10:00?PM | Friday: 8:30?AM?–?11:00?PM | Saturday: 8:30?AM?–?11:00?PM | Sunday: 8:30?AM?–?11:00?PM,https://www.tfvaluemart.com.my/,
CT3211008380,ECOMM SDN BHD,"A-3A-17 KOMPLEKS PERINDUSRTIAN EMHUB,, PERSIARAN SURIAN, SEKSYEN 3, TAMAN SAINS SELANGOR,",47820,KOTA DAMASARA,Others,CENTRAL,CENTRAL,3.2199299,101.6188234,whs,0,0,33059,TSTL002,0,0,0,,,,,TRUE
CT3211008381,PASAR MINI TUNAS MUDA RIZKY,"01-02-E ,, BLOK E ,",52000,"PANGSAPURI AMAN PUTRA ,",Others,CENTRAL,CENTRAL,3.226192,101.65935,spv,675.35,5.4,33059,TSTRB6,4.5,2,0,,03-6242 8875,Monday: 8:00?AM?–?10:00?PM | Tuesday: 8:00?AM?–?10:00?PM | Wednesday: 8:00?AM?–?10:00?PM | Thursday: 8:00?AM?–?10:00?PM | Friday: 8:00?AM?–?10:00?PM | Saturday: 8:00?AM?–?10:00?PM | Sunday: 8:00?AM?–?10:00?PM,,
CT3211008385,NZ GROCERIES SDN BHD,"NO S-G 63A ,, MAXIM CITY LIGHT",51000,"JALAN SENTUL PERDANA ,",Others,CENTRAL,CENTRAL,3.208212,101.690613,spv,1352.15,5.4,33059,TSTK001,1.2,11,0,,012-307 5553,Monday: 7:00?AM?–?11:50?PM | Tuesday: 7:00?AM?–?11:50?PM | Wednesday: 7:00?AM?–?11:50?PM | Thursday: 7:00?AM?–?11:50?PM | Friday: 7:00?AM?–?11:50?PM | Saturday: 7:00?AM?–?11:50?PM | Sunday: 7:00?AM?–?11:50?PM,,
CT3211008387,URBAN MARKETPLACE (TRX 106),"LOT G.21, G.22, G.23 & G.23A, LEVEL GROUND, MENARA EXCHANGE 106,",55188,LINGKARAN TRX,Others,CENTRAL,CENTRAL,3.1418755,101.7188175,con,9549.84,9.8,33059,TSTRB3,0,0,0,,,,,TRUE
CT3211008397,MAMARAJ MINI MARKET,"NO.8,, JALAN SS 5A/9,",47301,KELANA JAYA,Others,CENTRAL,CENTRAL,3.095926,101.605996,spv,583.1,14.8,33059,TSTRB5,3.8,28,0,ChIJh6M0dQ1MzDER6lXYP5pF6y0,012-616 9149,Monday: Open 24 hours | Tuesday: Open 24 hours | Wednesday: Open 24 hours | Thursday: Open 24 hours | Friday: Open 24 hours | Saturday: Open 24 hours | Sunday: Open 24 hours,,TRUE
CT3211008398,SALBELA ENGINEERING SDN BHD,"15 , JALAN NURI 7A ,, SEKSYEN 7 ,",47810,"KOTA DAMANSARA ,",Others,CENTRAL,CENTRAL,3.1727909,101.5762497,spv,252.81,10.2,33059,TSTM011,4,173,0,,03-6143 7173,Monday: 8:00?AM?–?8:00?PM | Tuesday: 8:00?AM?–?8:00?PM | Wednesday: 8:00?AM?–?8:00?PM | Thursday: 8:00?AM?–?8:00?PM | Friday: 8:00?AM?–?8:00?PM | Saturday: 8:00?AM?–?8:00?PM | Sunday: 8:00?AM?–?8:00?PM,,
CT3211008399,PASAR MINI NOOR,"25A , JALAN NURI 7A ,, SEKSYEN 7 ,",47810,"KOTA DAMANSARA ,",Others,CENTRAL,CENTRAL,3.172364,101.576159,spv,315.61,6.8,33059,TSTM011,4,173,0,,03-6143 7173,Monday: 8:00?AM?–?8:00?PM | Tuesday: 8:00?AM?–?8:00?PM | Wednesday: 8:00?AM?–?8:00?PM | Thursday: 8:00?AM?–?8:00?PM | Friday: 8:00?AM?–?8:00?PM | Saturday: 8:00?AM?–?8:00?PM | Sunday: 8:00?AM?–?8:00?PM,,
CT3211008401,ST ROSYAM MART (SUNGAI BULOH) SDN BHD,"LOT 21117 (PT 6394), JALAN BESAR BANDAR BARU",40160,"SUNGAI BULOH, SEKSYEN U20",Others,CENTRAL,CENTRAL,3.209188,101.565063,lpv,23137.42,16.2,33059,TSTRB3,3.9,9,0,,03-6156 2185,Monday: 8:00?AM?–?8:00?PM | Tuesday: 8:00?AM?–?8:00?PM | Wednesday: 8:00?AM?–?8:00?PM | Thursday: 8:00?AM?–?8:00?PM | Friday: 8:00?AM?–?8:00?PM | Saturday: 8:00?AM?–?8:00?PM | Sunday: 8:00?AM?–?8:00?PM,,
CT3211008402,NIHAL MINI MART,"C-0-2, ARENA GREEN APARTMENT,, NO.3, JALAN 1/155A,",57000,"BUKIT JALIL,",Others,CENTRAL,CENTRAL,3.052614,101.687563,spv,404.72,14.8,33059,TSTRB5,4,1,0,ChIJy6dGL75KzDER683FpTwPOy0,,,,TRUE
CT3211008403,AFS GROCER SDN BHD,"NO. 7, 9, 11,, JALAN NIRWANA 1,",68000,"TAMAN NIRWANA,",Others,CENTRAL,CENTRAL,3.146225,101.75178,spv,1162.18,6,33059,TSTRB6,3.6,12,0,,03-4251 7387,Monday: 9:00?AM?–?8:00?PM | Tuesday: 9:00?AM?–?8:00?PM | Wednesday: 9:00?AM?–?8:00?PM | Thursday: 9:00?AM?–?8:00?PM | Friday: 9:00?AM?–?8:00?PM | Saturday: 9:00?AM?–?8:00?PM | Sunday: 9:00?AM?–?8:00?PM,,
CT3211008405,TIA PERMAI JAYA ENTERPRISE,"7B, MEDAN SELERA, KG. BUKIT PERMAI, JALAN AU1B/1",54200,TAMAN KERAMAT PERMAI,Others,CENTRAL,CENTRAL,3.170373,101.738968,spv,72.18,3.2,33059,TSTK001,5,5,0,,07-283 0123,Monday: 10:00?AM?–?10:00?PM | Tuesday: 10:00?AM?–?10:00?PM | Wednesday: 10:00?AM?–?10:00?PM | Thursday: 10:00?AM?–?10:00?PM | Friday: 10:00?AM?–?10:00?PM | Saturday: 10:00?AM?–?10:00?PM | Sunday: 10:00?AM?–?10:00?PM,https://www.eco-shop.com.my/,
CT3211008406,KEDAI RUNCIT MARZIAH (SUNGAI BULOH),"NO. 12,, GERAI PERSIARAN BRP3,",47000,"JALAN MATANG PAGAR,",Others,CENTRAL,CENTRAL,3.233655,101.563384,spv,232.66,5.2,33059,TSTM011,0,0,0,,,,,TRUE
CT3211008407,KEDAI RUNCIT ZULKIFLY,"LOT 28-3, JALAN TEMPAYAN EMAS 1/2",47000,KG PAYAS DALAM,Others,CENTRAL,CENTRAL,3.193946,101.536967,spv,504.65,5.6,33059,TSTM011,3.6,8,0,ChIJZ03FQwhFzDERxSh3ym8Deb4,,,,TRUE
CT3211008414,TR SARENA JAYA ENTERPRISE(2),"NO 5X ,, JALAN KERAMAT ,",54200,"KG DATUK KERAMAT ,",Others,CENTRAL,CENTRAL,3.166631,101.729851,spv,699.83,5.8,33059,TSTK001,4.2,190,0,,03-4053 5004,"Monday: 9:00?AM?–?9:00?PM | Tuesday: 9:00?AM?–?9:00?PM | Wednesday: 9:00?AM?–?9:00?PM | Thursday: 9:00?AM?–?9:00?PM | Friday: 9:00?AM?–?12:30?PM, 2:00?–?9:00?PM | Saturday: 9:00?AM?–?9:00?PM | Sunday: 9:00?AM?–?9:00?PM",,
CT3211008416,ADHA LEGACY,"NO 25118,, JALAN KOLAM AIR LAMA,",68000,"AMPANG JAYA,AMPANG,",Others,CENTRAL,CENTRAL,3.160532,101.75131,spv,842.35,5.4,33059,TSTRB6,4.1,7,0,,,Monday: 9:00?AM?–?12:00?AM | Tuesday: 9:00?AM?–?12:00?AM | Wednesday: 9:00?AM?–?12:00?AM | Thursday: 9:00?AM?–?12:00?AM | Friday: 9:00?AM?–?12:00?AM | Saturday: 9:00?AM?–?12:00?AM | Sunday: 9:00?AM?–?12:00?AM,,
CT3211008417,KEDAI RUNCIT METRO ONE  ENTERPRISE,"LOT 11725-C ,, JALAN PKNS",40100,"KG MELAYU SUBANG,",Others,CENTRAL,CENTRAL,3.153534,101.52931,spv,243.19,10.8,33059,TSTM011,4.8,4,0,,017-209 0376,Monday: 9:00?AM?–?7:00?PM | Tuesday: 9:00?AM?–?7:00?PM | Wednesday: 9:00?AM?–?7:00?PM | Thursday: 9:00?AM?–?7:00?PM | Friday: 9:00?AM?–?7:00?PM | Saturday: 9:00?AM?–?7:00?PM | Sunday: 9:00?AM?–?3:00?PM,,
CT3211008423,KEDAI RUNCIT YUSUF ALI ENTERPRISE,"NO. 21-G, JALAN AMAN DAMAI G U17/G",40160,SHAH ALAM ,Others,CENTRAL,CENTRAL,3.2176283,101.522605,spv,772.06,6.4,33059,TSTM011,5,1,0,ChIJpcM1iQVbzDERmh1kESGtgGM,,,,TRUE
CT3211008424,AMAN MAKMUR BARU ENTERPRISE,"NO.29,, JALAN SG 3/1,",68100,SELANGOR,Others,CENTRAL,CENTRAL,3.240707,101.70327,spv,1061.76,8,33059,TSTK001,2.5,2,0,,,Monday: 9:00?AM?–?8:00?PM | Tuesday: 9:00?AM?–?8:00?PM | Wednesday: 9:00?AM?–?8:00?PM | Thursday: 9:00?AM?–?8:00?PM | Friday: 9:00?AM?–?8:00?PM | Saturday: 9:00?AM?–?8:00?PM | Sunday: 9:00?AM?–?8:00?PM,,
CT3211008426,B & E NEIGHBOURS MART,"NO 68 G, JALAN 3/62",52100,"BANDAR  MANJALARA, KEPONG",Others,CENTRAL,CENTRAL,3.195212,101.623173,spv,728.18,7.2,33059,TSTRB6,0,0,0,,,,,TRUE
CT3211008428,DEEN BARONA BERKAH TRADING,"35F,, KG.SENTOSA, BT 13 1/2,",47000,"SG. BULOH,",Others,CENTRAL,CENTRAL,3.215153,101.576478,spv,323.88,13.8,33059,TSTM011,0,0,0,,,,,TRUE
CT3211008429,ALMATHARSHA ENTERPRISE,"LOT B3-00-06, PANGSAPURI TANJUNG MERDEKA VILLA",68000,"JALAN MERDEKA PERMAI 2,",Others,CENTRAL,CENTRAL,3.137605,101.766036,spv,355.54,8.8,33059,TSTRB6,0,0,0,,,,,TRUE
CT3211008432,PASAR SEGAR AZ,"NO.152X,, JALAN DATUK KERAMAT,",54000,KAMPUNG DATUK KERAMAT,Others,CENTRAL,CENTRAL,3.16664,101.730522,spv,1687.01,10.6,33059,TSTK001,4.2,190,0,,03-4053 5004,"Monday: 9:00?AM?–?9:00?PM | Tuesday: 9:00?AM?–?9:00?PM | Wednesday: 9:00?AM?–?9:00?PM | Thursday: 9:00?AM?–?9:00?PM | Friday: 9:00?AM?–?12:30?PM, 2:00?–?9:00?PM | Saturday: 9:00?AM?–?9:00?PM | Sunday: 9:00?AM?–?9:00?PM",,
CT3211008458,KEDAI RUNCIT NUR SAIFUL,"NO 14-15,, JALAN PANDAN PERDANA 9/10",55300,"PANDAN PERDANA,",Others,CENTRAL,CENTRAL,3.1243517,101.7451767,spv,1265.43,9.2,33059,TSTRB6,0,0,0,,,,,TRUE
CT3211008459,ZZMY MAJU ENTERPRISE,"NO 13,, GERAI MPS KG SRI INDAH",47000,"SUNGAI BULOH,",Others,CENTRAL,CENTRAL,3.2275633,101.5731217,spv,1126.22,5.2,33059,TSTM011,3.9,70,0,,,Monday: 8:30?AM?–?9:00?PM | Tuesday: 8:30?AM?–?9:00?PM | Wednesday: 8:30?AM?–?9:00?PM | Thursday: 8:30?AM?–?9:00?PM | Friday: 8:30?AM?–?9:00?PM | Saturday: 8:30?AM?–?9:00?PM | Sunday: 8:30?AM?–?1:00?PM,,
CT3211008465,KEDAI BAHRUM HASIBUAN BIN HUSEIN,"PT LOT 1461,, JALAN GAJAH 21",40160,SUNGAI BULOH,Others,CENTRAL,CENTRAL,3.200969,101.515181,spv,191.01,6.6,33059,TSTM011,3,2,0,,018-215 1385,"Monday: 7:00?AM?–?11:00?PM | Tuesday: 7:00?AM?–?11:00?PM | Wednesday: 7:00?AM?–?11:00?PM | Thursday: 7:00?AM?–?11:00?PM | Friday: 7:00?AM?–?12:00?PM, 2:00?–?11:00?PM | Saturday: 7:00?AM?–?11:00?PM | Sunday: 7:00?AM?–?11:00?PM",https://facebook.com/mynsagrocer,
CT3211008468,PASAR MINI RAISHA MART,"GERAI NO 11, 12, PSRN PERTAHANAN",53100,"TAMAN MELATI, SETAPAK",Others,CENTRAL,CENTRAL,3.218514,101.722908,spv,89.47,3.2,33059,TSTK001,0,0,0,ChIJAWA2tbU5zDERbnG5qLWZ9XM,,,,TRUE
CT3211008473,TF VALUE - MART SDN BHD BATU CAVES,"10243., JALAN BATU CAVES,",68100,"GOMBAK,",TFV,CENTRAL,CENTRAL,3.2199973,101.6188025,smt,237026.07,131.6,33059,TSTL002,0,0,0,,,,,TRUE
CT3211008476,JAVED TOHEDI ENTERPRISE,"284-00-05 , HERITAGE CONDOMINIUM  BLOCK B,",53000,"JALAN PAHANG,",Others,CENTRAL,CENTRAL,3.1859483,101.7008,spv,1071.54,7,33059,TSTRB6,4.9,8,0,,0,Monday: 6:00?AM?–?1:00?AM | Tuesday: 6:00?AM?–?1:00?AM | Wednesday: 6:00?AM?–?1:00?AM | Thursday: 6:00?AM?–?1:00?AM | Friday: 6:00?AM?–?1:00?AM | Saturday: 6:00?AM?–?1:00?AM | Sunday: 6:00?AM?–?1:00?AM,,
CT3211008480,IMAM GLOBAL SDN BHD (2),"H-LG2-K07,FLORA DAMANSARA,, JLN PJU 8/9, DAMANSARA PERDANA,",47820,"PETALING JAYA,",Others,CENTRAL,CENTRAL,3.177101,101.617207,spv,274.97,10.6,33059,TSTM011,4.3,3,0,,014-633 6083,"Monday: 8:00?AM?–?1:00?AM | Tuesday: 8:00?AM?–?12:30?AM | Wednesday: 8:00?AM?–?12:30?AM | Thursday: 8:00?AM?–?12:30?AM | Friday: 8:00?AM?–?1:15?PM, 2:15?PM?–?12:30?AM | Saturday: 8:00?AM?–?12:30?AM | Sunday: 8:00?AM?–?12:30?AM",,
CT3211008482,RNS GEMILANG RESOURCES,"NO 57,, JALAN LANDAK,",55100,OFF JALAN PUDU,Others,CENTRAL,CENTRAL,3.13757,101.712701,spv,245.21,10.2,33059,TSTRB5,0,0,0,ChIJtTr3BC82zDERSiYX7-_rrAk,,,,TRUE
CT3211008489,STAR MARKET,"2 ,, JALAN TASIK PUTERI 4,",48020,"BTP 32, BANDAR TASIK PUTERI,",STARGROCER,CENTRAL,CENTRAL,3.291133,101.47882,lpv,16752.24,25.6,33059,TSTRB3,4.3,200,0,,,Monday: 8:00?AM?–?10:00?PM | Tuesday: 8:00?AM?–?10:00?PM | Wednesday: 8:00?AM?–?10:00?PM | Thursday: 8:00?AM?–?10:00?PM | Friday: 8:00?AM?–?10:00?PM | Saturday: 8:00?AM?–?10:00?PM | Sunday: 8:00?AM?–?10:00?PM,https://www.stargrocer.my/,
CT3211008507,PELITA HIJRAH SDN BHD,"LOT 71104,, JALAN TERATAI UTAMA,",47000,"KAMPUNG PAYA JARAS HILIR,",Others,CENTRAL,CENTRAL,3.188503,101.531117,spv,47687.57,34.2,33059,TSTM011,3.3,45,0,,012-441 1035,"Monday: 8:00?AM?–?10:30?PM | Tuesday: 8:00?AM?–?10:30?PM | Wednesday: 8:00?AM?–?10:30?PM | Thursday: 8:00?AM?–?10:30?PM | Friday: 8:00?AM?–?12:30?PM, 2:00?–?10:30?PM | Saturday: 8:00?AM?–?10:30?PM | Sunday: 8:00?AM?–?10:30?PM",,
CT3211008509,PASARAYA FATIMAH,"NO B-0-18,LESTARI APARTMENT, JALAN PJU 10/1B, DAMANSARA DAMAI",47830,PETALING JAYA,Others,CENTRAL,CENTRAL,3.1967317,101.595485,spv,232.11,9.8,33059,TSTM011,4.1,10,0,,014-901 5623,Monday: 9:00?AM?–?9:00?PM | Tuesday: 9:00?AM?–?9:00?PM | Wednesday: 9:00?AM?–?9:00?PM | Thursday: 9:00?AM?–?9:00?PM | Friday: 9:00?AM?–?9:00?PM | Saturday: 9:00?AM?–?9:00?PM | Sunday: 9:00?AM?–?9:00?PM,,
CT3211008511,PERNIAGAAN SENANTIASA BERKAT,"NO 27, JALAN SS24/8",47301,TAMAN MEGAH,Others,CENTRAL,CENTRAL,3.114265,101.611707,spv,1307.88,13.2,33059,TSTRB5,3.6,93,0,,03-6421 9976,Monday: 10:00?AM?–?10:00?PM | Tuesday: 10:00?AM?–?10:00?PM | Wednesday: 10:00?AM?–?10:00?PM | Thursday: 10:00?AM?–?10:00?PM | Friday: 10:00?AM?–?10:00?PM | Saturday: 10:00?AM?–?10:00?PM | Sunday: 10:00?AM?–?10:00?PM,https://villagegrocer.com.my/,
CT3211008513,FADHIL BAROKAH 2 ENTERPRISE -3,"LOT C12,, JALAN KUNDANG,",48050,KAMPUNG MELAYU SRI KUNDANG,Others,CENTRAL,CENTRAL,3.250086,101.52571,spv,274.49,10.8,33059,TSTM011,0,0,0,ChIJdzUdfgBFzDERfQRjlh5fqGI,,,,TRUE
CT3211008514,KAMAL AGENCIES,"72 JALAN 17/1A, SEKSYEN 17",46400,PETALING JAYA,Others,CENTRAL,CENTRAL,3.1193,101.63448,spv,1899.89,16.6,33059,TSTRB5,4.1,648,0,,,Monday: 10:00?AM?–?10:00?PM | Tuesday: 10:00?AM?–?10:00?PM | Wednesday: 10:00?AM?–?10:00?PM | Thursday: 10:00?AM?–?10:00?PM | Friday: 10:00?AM?–?10:00?PM | Saturday: 10:00?AM?–?10:00?PM | Sunday: 10:00?AM?–?10:00?PM,http://aeonbig.com.my/,
CT3211008515,PASARAYA NZ MAJESTIC,"LOT 13,, JALAN KUNDANG",48050,"KUANG, HULU SELANGOR",Others,CENTRAL,CENTRAL,3.257895,101.5532767,spv,44.5,12.6,33059,TSTM011,3,2,0,ChIJveiwceFFzDERPOoav_oufyw,,,,TRUE
CT3211008516,NSK GROCER (KL) SDN BHD - AMCORP MALL,"LG-22, LOWER GROUND FLOOR,, AMCORP MALL, NO.18,PERSIARAN BARAT,",46050,"PETALING JAYA,",NSK,CENTRAL,CENTRAL,3.1049016,101.6471932,smt,11765.79,17.8,33059,TSTL003,3.5,44,0,ChIJnf4HcgBLzDERWCujoUuY62M,,Monday: 10:00?AM?–?10:00?PM | Tuesday: 10:00?AM?–?10:00?PM | Wednesday: 10:00?AM?–?10:00?PM | Thursday: 10:00?AM?–?10:00?PM | Friday: 10:00?AM?–?10:00?PM | Saturday: 10:00?AM?–?10:00?PM | Sunday: 10:00?AM?–?10:00?PM,https://www.facebook.com/nskgrocer/,
CT3211008519,GAMUDA FRESH MART,"GB-GF-16,, GAIA BOULEVARD",48050,BANDAR GAMUDA GARDEN,Others,CENTRAL,CENTRAL,3.282737,101.5419,spv,202.14,7.4,33059,TSTM011,3.2,40,0,,,Monday: 8:00?AM?–?10:00?PM | Tuesday: 8:00?AM?–?10:00?PM | Wednesday: 8:00?AM?–?10:00?PM | Thursday: 8:00?AM?–?10:00?PM | Friday: 8:00?AM?–?10:00?PM | Saturday: 8:00?AM?–?10:00?PM | Sunday: 8:00?AM?–?10:00?PM,https://www.stargrocer.my/,
CT3211008525,KEDAI RUNCIT AL HIKMAH,"NO.16A,, JALAN AU2B,",54200,"TAMAN KERAMAT,",Others,CENTRAL,CENTRAL,3.176128,101.745377,spv,1083.69,13.6,33059,TSTK001,4,2058,0,,03-4252 7394,Monday: 7:00?AM?–?10:00?PM | Tuesday: 7:00?AM?–?10:00?PM | Wednesday: 7:00?AM?–?10:00?PM | Thursday: 7:00?AM?–?10:00?PM | Friday: 7:00?AM?–?11:00?PM | Saturday: 7:00?AM?–?11:00?PM | Sunday: 7:00?AM?–?11:00?PM,https://www.giant.com.my/,
CT3211008526,MF MARKET ENTERPRISE,"6-G, JLN MATAHARI AA U5/AA SEK U5,",40150,"SHAH ALAM,",Others,CENTRAL,CENTRAL,3.166573,101.541674,spv,898.89,5.2,33059,TSTM011,4.3,27,0,,,Monday: 8:00?AM?–?8:00?PM | Tuesday: 8:00?AM?–?8:00?PM | Wednesday: 8:00?AM?–?8:00?PM | Thursday: 8:00?AM?–?8:00?PM | Friday: 8:00?AM?–?8:00?PM | Saturday: 8:00?AM?–?8:00?PM | Sunday: 8:00?AM?–?8:00?PM,,
CT3211008540,METRO ONE ENTERPRISE - SHAH ALAM,"NO 4, JALAN PLUTO AYU 5/AY,, SEKSYEN U5,",40150,"BANDAR PINGGIRAN SUBANG,",Others,CENTRAL,CENTRAL,3.162991,101.536026,spv,1099.58,9.8,33059,TSTM011,4.3,32,0,,,Monday: 10:00?AM?–?11:00?PM | Tuesday: 10:00?AM?–?11:00?PM | Wednesday: 10:00?AM?–?11:00?PM | Thursday: 10:00?AM?–?11:00?PM | Friday: 10:00?AM?–?11:00?PM | Saturday: 10:00?AM?–?11:00?PM | Sunday: 10:00?AM?–?11:00?PM,,
CT3211008547,BARATHIS MEGA MARKETING,"NO 27 JALAN BUNGA KERTAS 1B/2,, SEKSYEN BS1,",48300,"BANDAR BUKIT BERUNTUNG,",Others,CENTRAL,CENTRAL,3.4001,101.557458,spv,248.21,7.6,33059,TSTRB3,0,0,0,ChIJW8MhPqlpzDERpH2MqZzmr_M,,,,TRUE
CT3211008550,DINE MART,"NO.17,, JALAN TUN SAMBANTHAN 4,",50470,"BRICKFIELDS,",Others,CENTRAL,CENTRAL,3.132927,101.689603,spv,1053.79,6,33059,TSTRB3,5,2,0,,016-269 3427,Monday: 9:00?AM?–?8:00?PM | Tuesday: 9:00?AM?–?8:00?PM | Wednesday: 9:00?AM?–?8:00?PM | Thursday: 9:00?AM?–?8:00?PM | Friday: 9:00?AM?–?8:00?PM | Saturday: 9:00?AM?–?8:00?PM | Sunday: 9:00?AM?–?8:00?PM,,
CT3211008552,TAWAKAL BERKAT MAJU ENTERPRISE,"C-G-02 PPR KG BARU AIR PANAS,, JALAN USAHAWAN 6 OFF,, JALAN GENTING KELANG,",53200,"SETAPAK,",Others,CENTRAL,CENTRAL,3.195791,101.719742,spv,179.83,4.8,33059,TSTK001,0,0,0,,,,,TRUE
CT3211008566,AIM MAN POINT ENTERPRISE,"BANGUNAN PEJABAT MAHALLAH & CAFE,, MAHALLAH SUMAYYAH,",53100,"UIAM GOMBAK,",Others,CENTRAL,CENTRAL,3.25388,101.738594,spv,1126.02,4.4,33059,TSTK001,0,0,0,,,,,TRUE
CT3211008572,FACHRUDDIN MAJU ENTERPRISE,"7226 AZ-1,, JALAN TERATAI",40160,KG PAYA JARAS HILIR,Others,CENTRAL,CENTRAL,3.188474,101.537176,spv,1058.62,12.4,33059,TSTM011,0,0,0,ChIJ78UtNwBPzDERuowEzyZ8PBQ,,,,TRUE
CT3211008573,ZZMY MAJU ENTERPRISE (2),"LOT 2882-C,, JALAN TERATAI,",40160,"KG PAYA JARAS HILIR,",Others,CENTRAL,CENTRAL,3.1968083,101.5335233,spv,458.93,11.4,33059,TSTM011,5,2,0,ChIJGw2md4xFzDERnquhXmcWBqQ,,,,TRUE
CT3211008624,BIG SAVER TRADING,"D-19 ,, PUTRA MAJISTIC ,",51200,"JALAN KASSYPILLAY ,",Others,CENTRAL,CENTRAL,3.176231,101.684204,spv,7715.07,14.2,33059,TSTK001,3.6,113,0,,011-5583 1838,Monday: 10:00?AM?–?10:00?PM | Tuesday: 10:00?AM?–?10:00?PM | Wednesday: 10:00?AM?–?10:00?PM | Thursday: 10:00?AM?–?10:00?PM | Friday: 10:00?AM?–?10:00?PM | Saturday: 10:00?AM?–?10:00?PM | Sunday: 10:00?AM?–?10:00?PM,,
CT3211008625,ATIF EDUKIT LAB SERVICE & SUPPLIER,"NO. B3-G-09-10,, JALAN PERMAI 3,",68000,"DESA LEMBAH PERMAI,",Others,CENTRAL,CENTRAL,3.145756,101.787171,spv,808.47,11.6,33059,TSTRB6,0,0,0,,,,,TRUE
CT3211008672,PASAR MINI LAILA ENTERPRISE,"NO.57B-G , 58A-G ,, JALAN PANDAN CAHAYA 2/3 ,",68000,"PANDAN CAHAYA ,",Others,CENTRAL,CENTRAL,3.13812,101.756551,spv,1024.69,10.6,33059,TSTRB6,4.3,29,0,,017-291 3203,Monday: 8:00?AM?–?10:00?PM | Tuesday: 8:00?AM?–?10:00?PM | Wednesday: 8:00?AM?–?10:00?PM | Thursday: 8:00?AM?–?10:00?PM | Friday: 8:00?AM?–?10:00?PM | Saturday: 8:00?AM?–?10:00?PM | Sunday: 8:00?AM?–?10:00?PM,,
CT3211008721,DASH MART,"B 2-0-13A, PV 10 PLATINUM LAKE, CONDOMINIUM NO 2 JLN SAUJANA 2",53300,"TMN DANAU KOTA SETAPAK,",Others,CENTRAL,CENTRAL,3.203206,101.715427,spv,975.35,7.2,33059,TSTRB3,4.1,2078,0,,1-300-80-2366,Monday: 9:00?AM?–?10:00?PM | Tuesday: 9:00?AM?–?10:00?PM | Wednesday: 9:00?AM?–?10:00?PM | Thursday: 9:00?AM?–?10:00?PM | Friday: 9:00?AM?–?10:00?PM | Saturday: 9:00?AM?–?10:00?PM | Sunday: 8:00?AM?–?10:00?PM,http://www.aeonbig.com.my/,
CT3211008722,SHIBA GLOBAL CENTRAL ENTERPRISE,"98,JALAN TUN SAMBANTHAN,, NEAR MONORAIL STATION,",50470,"BRICKFIELDS,",Others,CENTRAL,CENTRAL,3.133393,101.687852,spv,308.57,8.8,33059,TSTRB3,3.1,20,0,,010-202 6322,Monday: 9:00?AM?–?10:00?PM | Tuesday: 9:00?AM?–?10:00?PM | Wednesday: 9:00?AM?–?10:00?PM | Thursday: 9:00?AM?–?10:00?PM | Friday: 9:00?AM?–?10:00?PM | Saturday: 9:00?AM?–?10:00?PM | Sunday: 9:00?AM?–?10:00?PM,https://www.marksandspencer.com/,
CT3211008753,VM FRESH MART,"B-G-06,, APARTMENT VISTA MUTIARA,",52000,"JALAN VISTA MUTIARA,OFF JALAN KEPONG,",Others,CENTRAL,CENTRAL,3.209365,101.6482317,spv,1709.54,11.2,33059,TSTRB6,3.8,8,0,ChIJ4w_zsSBHzDERhocDJLDI8Ew,,,,TRUE
CT3211008756,SF MINI MART,"LOT 2048-18,, JALAN BATU 10,",68100,"GOMBAK,",Others,CENTRAL,CENTRAL,3.265094,101.726753,spv,0,0,33059,TSTK001,0,0,0,ChIJkZgOegA5zDERKFZHEI0KKvg,,,,TRUE
CT3211008757,LIAN SENG FROZEN WHOLESALE CASH & CARRY,"LOT 11 (A),, JALAN E1/1,",52100,"TAMAN INDUSTRI TAMAN EHSAN,",Others,CENTRAL,CENTRAL,3.2202367,101.6186933,spv,626.41,4.2,33059,TSTRB6,3.6,10,0,ChIJ47MiGA1HzDERLic5fk3fSVQ,,,,TRUE
CT3211008782,POS SHOP SDN BHD,"LEVEK 6,, DAYABUMI COMPLEX",50670,,Others,CENTRAL,CENTRAL,3.2200387,101.6186861,con,3112.08,2,33059,TSTK001,0,0,0,,,,,TRUE
CT3211008857,V MART. (BAYU ANDAMAN),"B-6-3,, RESIDENSI BAYU ANDAMAN,NO.3 ",51000,"PINGGIRAN DATO' SENU,",Others,CENTRAL,CENTRAL,3.1992517,101.6965767,spv,-2093.92,4,33059,TSTRB6,0,0,0,,,,,TRUE
CT3211008887,KS SMART MART SDN BHD - BATU CAVES,"NO. V-G-03A,, V-RESIDENSI 5,",68100,"KM 12 JALAN IPOH-RAWANG,",Others,CENTRAL,CENTRAL,3.249254,101.649956,spv,33.99,5,33059,TSTK001,3,2,0,ChIJ51WMY8ZHzDERjK9L1f7bmZc,,,,TRUE
CT3211008902,COWBOY (KL) SDN. BHD.,"K-G-1,PUSAT KOMERSIL JALAN KUCHING,, NO. 115 JALAN KEPAYANG OFF ",51200,"JALAN KUCHING,",Others,CENTRAL,CENTRAL,3.1990373,101.6706719,spv,5330.46,7.4,33059,TSTRB6,3.6,263,0,ChIJlwi-IUBHzDER_NadoqQ3os8,,,,TRUE
CT3211008908,ZEE SUPER MART SDN BHD (SELAYANG),"46A & 46B,JALAN BESAR, SELAYANG BARU,",68100,BATU CAVES,Others,CENTRAL,CENTRAL,3.246769,101.671585,spv,0,0,33059,TSTK001,0,0,0,,,,,TRUE
CT3211008909,SEIBU AT THE EXCHANGE TRX,"C.DS.01,G.DS.01, & L2.DS.01,, PERSIARAN TRX,",55188,TUN RAZAK EXCHANGE,Others,CENTRAL,CENTRAL,3.142333,101.718119,oth,2902.2,3,33059,TSTRB3,4,373,0,ChIJ8zEg3Lc3zDERXU3NMX3cMlk,,,,TRUE
CT3211008913,NSK GROCER (KL) SDN BHD - RIVER CITY,"LOT NO. H-G-01,, BLOCK H,THE RIVERCITY,",51200,"JALAN SULTAN AZLAN SHAH,",NSK,CENTRAL,CENTRAL,3.179087,101.683029,lpv,31690.04,35.6,33059,TSTL003,3.6,113,0,,011-5583 1838,Monday: 10:00?AM?–?10:00?PM | Tuesday: 10:00?AM?–?10:00?PM | Wednesday: 10:00?AM?–?10:00?PM | Thursday: 10:00?AM?–?10:00?PM | Friday: 10:00?AM?–?10:00?PM | Saturday: 10:00?AM?–?10:00?PM | Sunday: 10:00?AM?–?10:00?PM,,
CT3211008918,PASARAYA BSK SDN BHD,"160(BLK N-82),161(BLK N-83A),162(N-86),163(N-88),, 164(N-90),165(N-92) & 166(N-93A) GF-FL,",48020,"JALAN 7A/3,BANDAR TASIK PUTERI,",Others,CENTRAL,CENTRAL,3.283517,101.472809,spv,4347.32,9.4,33059,TSTRB3,4.3,9,0,,07-283 0123,Monday: 10:00?AM?–?10:00?PM | Tuesday: 10:00?AM?–?10:00?PM | Wednesday: 10:00?AM?–?10:00?PM | Thursday: 10:00?AM?–?10:00?PM | Friday: 10:00?AM?–?10:00?PM | Saturday: 10:00?AM?–?10:00?PM | Sunday: 10:00?AM?–?10:00?PM,https://www.eco-shop.com.my/,
CT3211008926,TONG LEE TRADING SDN. BHD.,"NO.13,, JALAN KAMUNTING 2 B,",48300,"KAWASAN PERINDUSTRIAN BUKIT BERUNTUNG,",Others,CENTRAL,CENTRAL,3.2201266,101.618659,whs,-12029.61,0,33059,TSTL002,0,0,0,,,,,
CT3211008931,KENWINGSTON GROCER (MMZZ GROCER @ SAMA SQUARE),"LOT G-17,KOMPLEKS SAMA,, NO 2, JALAN 1/23C,",53200,"SETAPAK,",MEMI,CENTRAL,CENTRAL,3.193718,101.720268,spv,6115.27,16.6,33059,TSTK001,0,0,0,,,,,
CT3211008936,MOHANA MINI MARKET,"5, TONG NAM FLATS ",50470,JALAN TRAVERS BRICKFIELDS ,Others,CENTRAL,CENTRAL,3.24848,101.6384917,spv,322.05,10.4,33059,TSTRB3,0,0,0,,,,,
CT3211008940,ARASHA GROCER,"NO.G-08 , PANGSAPURI PERKHIMATAN SURIA PUTRA ,, JALAN BUKIT RAHMAN PUTRA 2/1 , , BUKIT RAHMAN PUTRA , SEKSYEN U20 , ",40160,SHAH ALAM,Others,CENTRAL,CENTRAL,3.2185776,101.5553722,spv,1203.59,12.2,33059,TSTM011,0,0,0,,,,,
CT3211008941,FADHIL BAROKAH ENTERPRISE -2,"NO 20,JALAN DESA KUNDANG 2,, TAMAN DESA KUNDANG,",48050,RAWANG,Others,CENTRAL,CENTRAL,3.3010454,101.5224864,spv,1455.98,16.8,33059,TSTM011,0,0,0,,,,,
CT3211008942,PASAR MINI TAJ MAJU (15D-A JLN 29),"NO.15D-A, JALAN 29,, SELAYANG BARU,",68100,"SELAYANG,",Others,CENTRAL,CENTRAL,3.250123,101.665207,spv,921.7,6.8,33059,TSTK001,0,0,0,,,,,
CT3211008943,SUHA MART,"B-GK 07, FLORA DAMANSARA,, NO.1, JALAN PJU 8/9,DAMANSARA PERDANA",47820,PETALING JAYA,Others,CENTRAL,CENTRAL,3.177216,101.618253,spv,3071.87,10.2,33059,TSTM011,4.3,3,0,,014-633 6083,"Monday: 8:00?AM?–?1:00?AM | Tuesday: 8:00?AM?–?12:30?AM | Wednesday: 8:00?AM?–?12:30?AM | Thursday: 8:00?AM?–?12:30?AM | Friday: 8:00?AM?–?1:15?PM, 2:15?PM?–?12:30?AM | Saturday: 8:00?AM?–?12:30?AM | Sunday: 8:00?AM?–?12:30?AM",,
CT3211008944,TF VALUE MART SDN BHD -BANDAR SRI DAMANSARA,"NO 13C,, JALAN TEMBAGA SD5/2A,",52200,BANDAR SRI DAMANSARA,TFV,CENTRAL,CENTRAL,3.2018527,101.6186045,smt,56994.68,63,33059,TSTL002,4,130,0,ChIJWYr1HbJJzDER9cS8U5E2-qM,,,,TRUE
CT3211008965,SJ PHARMACY EXPRESS SDN. BHD.,"33A,, JALAN SULAIMAN 1,",68000,"TAMAN PUTRA SULAIMAN,",Others,CENTRAL,CENTRAL,3.150985,101.749036,spv,2168.61,7,33059,TSTRB6,4.8,6,0,,011-1177 7800,Monday: Open 24 hours | Tuesday: Open 24 hours | Wednesday: Open 24 hours | Thursday: Open 24 hours | Friday: Open 24 hours | Saturday: Open 24 hours | Sunday: Open 24 hours,,
CT3211008989,MZ MINI MART ENTERPRISE,"NO 44,, JALAN SUASA 4,",57000,PEKAN SUNGAI BESI.,Others,CENTRAL,CENTRAL,3.063771,101.710987,spv,695.17,9.2,33059,TSTRB5,5,1,0,,,Monday: 8:00?AM?–?7:00?PM | Tuesday: 8:00?AM?–?7:00?PM | Wednesday: 8:00?AM?–?7:00?PM | Thursday: 8:00?AM?–?7:00?PM | Friday: 8:00?AM?–?7:00?PM | Saturday: 8:00?AM?–?7:00?PM | Sunday: 8:00?AM?–?7:00?PM,,
CT3211008994,NAD SAMUDERA ENTERPRISE (M) SDN BHD (3),"LOT 3104-A,, JALAN TEMPAYAN EMAS 1,",47000,"KAMPUNG PAYA JARAS DALAM,",Others,CENTRAL,CENTRAL,3.1941933,101.5381694,spv,285.7,13.8,33059,TSTM011,0,0,0,,,,,
CT3211008997,STAR GROCER SDN BHD (GARDENS SQUARE),"GARDENS SQUARE,, BANDAR GAMUDA GARDENS,",48050,RAWANG,STARGROCER,CENTRAL,CENTRAL,3.2484465,101.6384429,lpv,8584.79,20.4,33059,TSTRB3,0,0,0,,,,,
CT3211008998,LAI HENG TRADING,"2-00-31, BLOCK C,, D' ALAMANDA PUDU IMPIAN IV,",56100,"JALAN PUDU ULU,",Others,CENTRAL,CENTRAL,3.1206031,101.7314409,spv,6424.46,13.4,33059,TSTRB5,4.1,19,0,ChIJl7l_IwQ3zDERqBxMDpA9fJ8,014-921 8768,Monday: 9:00?AM?–?10:00?PM | Tuesday: 9:00?AM?–?10:00?PM | Wednesday: 9:00?AM?–?10:00?PM | Thursday: 9:00?AM?–?10:00?PM | Friday: 9:00?AM?–?10:00?PM | Saturday: 9:00?AM?–?10:00?PM | Sunday: 9:00?AM?–?10:00?PM,https://laiheng.justorder.today/v2,
CT3211009047,KAYAL SUPERMART SDN BHD,"NO 4, LORONG PADANG BELIA, OFF JALAN TUN SAMBANTHAN 3,",50470,"BRICKFIELDS,",Others,CENTRAL,CENTRAL,3.1346864,101.6919814,spv,587.43,5.2,33059,TSTRB3,5,2,0,,016-269 3427,Monday: 9:00?AM?–?8:00?PM | Tuesday: 9:00?AM?–?8:00?PM | Wednesday: 9:00?AM?–?8:00?PM | Thursday: 9:00?AM?–?8:00?PM | Friday: 9:00?AM?–?8:00?PM | Saturday: 9:00?AM?–?8:00?PM | Sunday: 9:00?AM?–?8:00?PM,,
CT3211009071,DELOWARA ENTERPRISE TAMAN YARL,"J-G-E,, OG HEIGHTS CONDO,",58200,"JALAN AWAN CINA,TAMAN YARI,",Others,CENTRAL,CENTRAL,3.0655767,101.669751,spv,393.99,13,33059,TSTRB5,0,0,0,,018-240 6786,Monday: 8:00?AM?–?11:30?PM | Tuesday: 8:00?AM?–?11:30?PM | Wednesday: 8:00?AM?–?11:30?PM | Thursday: 8:00?AM?–?11:30?PM | Friday: 8:00?AM?–?11:30?PM | Saturday: 8:00?AM?–?11:30?PM | Sunday: 8:00?AM?–?11:30?PM,https://rrminimart.my.canva.site/,
CT3211009074,PASARAYA IMAN,"B4-0-45,, JALAN 1/152 TAMAN OUG PARKLANE,",58200,"OFF JALAN KLANG LAMA,",Others,CENTRAL,CENTRAL,3.068233,101.657222,spv,2446.34,17.8,33059,TSTRB5,5,1,0,,07-283 0123,Monday: 10:00?AM?–?10:00?PM | Tuesday: 10:00?AM?–?10:00?PM | Wednesday: 10:00?AM?–?10:00?PM | Thursday: 10:00?AM?–?10:00?PM | Friday: 10:00?AM?–?10:00?PM | Saturday: 10:00?AM?–?10:00?PM | Sunday: 10:00?AM?–?10:00?PM,https://www.eco-shop.com.my/,
CT3211009079,NF CONVENIENCE STORE,"LOT 1,, STATION STAR LRT,",57000,"BUKIT JALIL,",Others,CENTRAL,CENTRAL,3.058407,101.6914,spv,358.56,13,33059,TSTRB5,0,0,0,,,,,
CT3211009085,STS SEMX ENTERPRISE *A-G-K10,"A-G-K10,FLORA DAMANSARA,, JALAN PJU 8/9,DAMANSARA PERDANA,",47820,"PETALING JAYA,",Others,CENTRAL,CENTRAL,3.1761529,101.6186227,spv,739.5,10.6,33059,TSTM011,4.3,3,0,,014-633 6083,"Monday: 8:00?AM?–?1:00?AM | Tuesday: 8:00?AM?–?12:30?AM | Wednesday: 8:00?AM?–?12:30?AM | Thursday: 8:00?AM?–?12:30?AM | Friday: 8:00?AM?–?1:15?PM, 2:15?PM?–?12:30?AM | Saturday: 8:00?AM?–?12:30?AM | Sunday: 8:00?AM?–?12:30?AM",,
CT3211009098,Y & R SKALA ENTERPRISE,"LOT 2970,, PAYA JARAS TENGAH,",47000,SUNGAI BULOH,Others,CENTRAL,CENTRAL,3.2199718,101.618625,spv,0,0,33059,TSTM011,0,0,0,,,,,
CT3211009100,QS & VISION TRADING SDN. BHD.,"NO. 65,, LOT 4495 KAMPUNG SEGAMBUT LUAR,",51200,"JALAN SEGAMBUT LUAR BATU 4 1/2,",Others,CENTRAL,CENTRAL,3.2166512,101.6226516,spv,0,0,33059,TSTM011,0,0,0,,,Monday: 8:30?AM?–?8:00?PM | Tuesday: 8:30?AM?–?8:00?PM | Wednesday: 8:30?AM?–?8:00?PM | Thursday: 8:30?AM?–?8:00?PM | Friday: 8:30?AM?–?8:00?PM | Saturday: 8:30?AM?–?8:00?PM | Sunday: 8:30?AM?–?8:00?PM,,
CT3211009105,PERDAGANGAN GROSHERS SDN BHD,"179,, OLD KLANG ROAD,",58000,,Others,CENTRAL,CENTRAL,3.100838,101.676482,spv,1088.42,16.8,33059,TSTRB5,0,0,0,,,,,
CT3211009106,SAUJANA HIDAYAH DEVELOPMENT SDN. BHD.,"G-03,, RESIDENSI DAMAI INDAH,",57100,"NO.326,JALAN SUNGAI BESI,",Others,CENTRAL,CENTRAL,3.0844847,101.6817797,spv,1834.59,5.6,33059,TSTRB5,0,0,0,,,,,
CT3211009111,PASARAYA RS BESTARI,"3,JALAN NOVA U5/N,, SUBANG BESTARI,",40150,SHAH ALAM,Others,CENTRAL,CENTRAL,3.1609146,101.5479952,spv,0,0,33059,TSTM011,4.3,43,0,,07-283 0123,Monday: 10:00?AM?–?10:00?PM | Tuesday: 10:00?AM?–?10:00?PM | Wednesday: 10:00?AM?–?10:00?PM | Thursday: 10:00?AM?–?10:00?PM | Friday: 10:00?AM?–?10:00?PM | Saturday: 10:00?AM?–?10:00?PM | Sunday: 10:00?AM?–?10:00?PM,https://www.eco-shop.com.my/,
CT3211009112,PASARAYA RS SUBANG,"NO.16, GROUND SLOOR JALAN U6/A,, PUSAT PERDAGANGAN SEL U6,",40150,SUBANG PERMAI,Others,CENTRAL,CENTRAL,3.139852,101.5275663,spv,868.2,10.6,33059,TSTM011,4.5,2,0,,016-324 3818,Monday: 9:00?AM?–?8:00?PM | Tuesday: 9:00?AM?–?8:00?PM | Wednesday: 9:00?AM?–?8:00?PM | Thursday: 9:00?AM?–?8:00?PM | Friday: 9:00?AM?–?8:00?PM | Saturday: 9:00?AM?–?8:00?PM | Sunday: 9:00?AM?–?8:00?PM,,
CT3211009113,PASARAYA TSK SEGAR,"NO.30F, GROUND FLOOR,, JALAN DINAR F03/F,, TAMAN SUBANG PERDANA, SEKSYEN U3,",40150,SHAH ALAM,Others,CENTRAL,CENTRAL,3.1505463,101.5430225,spv,0,0,33059,TSTM011,4,1,0,,03-7845 1433,Monday: 8:00?AM?–?8:00?PM | Tuesday: 8:00?AM?–?8:00?PM | Wednesday: 8:00?AM?–?8:00?PM | Thursday: 8:00?AM?–?8:00?PM | Friday: 8:00?AM?–?8:00?PM | Saturday: 8:00?AM?–?8:00?PM | Sunday: 8:00?AM?–?8:00?PM,,
CT3211009121,PASARAYA  AL SULAIMAN,"NO 22 & 24,, JALAN 30B/146,",57000,"DESA TASIK,",Others,CENTRAL,CENTRAL,3.0719388,101.7169045,spv,372,14,33059,TSTRB5,5,1,0,,011-6456 6899,Monday: 7:00?AM?–?11:00?PM | Tuesday: 7:00?AM?–?11:00?PM | Wednesday: 7:00?AM?–?11:00?PM | Thursday: 7:00?AM?–?11:00?PM | Friday: 7:00?AM?–?11:00?PM | Saturday: 7:00?AM?–?11:00?PM | Sunday: 7:00?AM?–?11:00?PM,,
CT3211009123,LAGUNA CAHAYA ENTERPRISE,"NO A-02,, JALAN TASIK BIRU 17,",48050,"TAMAN TASIK BIRU KUNDANG,",Others,CENTRAL,CENTRAL,3.2475239,101.5234915,spv,1387.92,9,33059,TSTM011,0,0,0,,,,,
CT3211009146,FADHIL BAROKAH ENTERPRISE -3,"LOT 113R-A,, JALAN KUANG,BATU 18,",48050,"KUANG,RAWANG",Others,CENTRAL,CENTRAL,3.2293382,101.5362391,spv,868.29,19.2,33059,TSTM011,0,0,0,,,,,
CT3211009147,BALKEES ENTERPRISE - SRI SENTOSA,"NO.6, 8, , JALAN SRI SENTOSA 1A/133,, ATU 6 1/2, JLN KLANG LAMA,",58000,TAMAN SRI SENTOSA ,Others,CENTRAL,CENTRAL,3.0804631,101.6617687,spv,1696.46,16.8,33059,TSTRB5,0,0,0,,,,,
CT3211009152,EMPAYAR WARISAN DAYANG,"NO. 21,, JALAN DESA KUNDANG 2,",48050,"TAMAN DESA KUNDANG,",Others,CENTRAL,CENTRAL,3.300925,101.5223246,spv,480.17,20.4,33059,TSTM011,0,0,0,,,,,
CT3211009155,RIYADS MINI MART,"A-00-2,TOWER A MUTIARA UPPER EAST,, NO.39,JALAN 1/76,",55100,"DESA PANDAN,",Others,CENTRAL,CENTRAL,3.1520147,101.7378349,spv,0,0,33059,TSTRB6,4.3,326,0,,03-9201 7948,Monday: 8:00?AM?–?10:00?PM | Tuesday: 8:00?AM?–?10:00?PM | Wednesday: 8:00?AM?–?10:00?PM | Thursday: 8:00?AM?–?10:00?PM | Friday: 8:00?AM?–?10:00?PM | Saturday: 8:00?AM?–?10:00?PM | Sunday: 8:00?AM?–?10:00?PM,,
CT3211009157,NSK GROCER (KL) SDN BHD- SHAMELIN MALL,"LOT NO. A-LG-01 & D-LG-01A,LEVEL G,, 1 SHAMELIN MALL,100,JALAN 4/91,",56100,"TAMAN SAMELIN PERKASA,",NSK,CENTRAL,CENTRAL,3.122814,101.739761,smt,30065.94,21.8,33059,TSTL003,4.6,5,0,,07-283 0123,Monday: 10:00?AM?–?10:00?PM | Tuesday: 10:00?AM?–?10:00?PM | Wednesday: 10:00?AM?–?10:00?PM | Thursday: 10:00?AM?–?10:00?PM | Friday: 10:00?AM?–?10:00?PM | Saturday: 10:00?AM?–?10:00?PM | Sunday: 10:00?AM?–?10:00?PM,https://www.eco-shop.com.my/,
CT3211009171,PAYUNG MART SDN. BHD.,"NO. 5-1, 6-1, 7-1, 7-2 & 7-3,, JALAN BUKIT MELAWATI U17/10B,",40170,"TAMAN SAUJANA PERMAI, SEKSYEN U17,",Others,CENTRAL,CENTRAL,3.22102,101.50016,spv,201.74,9,33059,TSTM011,5,73,0,,016-365 2858,Monday: 9:00?AM?–?10:00?PM | Tuesday: 9:00?AM?–?10:00?PM | Wednesday: 9:00?AM?–?10:00?PM | Thursday: 9:00?AM?–?10:00?PM | Friday: 9:00?AM?–?10:00?PM | Saturday: 9:00?AM?–?10:00?PM | Sunday: 9:00?AM?–?10:00?PM,https://www.google.com/search?q=Payung+Mart+Sdn+Bhd&oq=Payu&gs_lcrp=EgZjaHJvbWUqDggAEEUYJxg7GIAEGIoFMg4IABBFGCcYOxiABBiKBTIOCAEQRRgnGDsYgAQYigUyCggCEAAYsQMYgAQyBggDEEUYOTIMCAQQABhDGIAEGIoFMhIIBRAuGEMYxwEY0QMYgAQYigUyDAgGEAAYQxiABBiKBTIHCAcQABiABDIKCAgQLhixAxiABDIHCAkQABiABNIBCTMyODBqMGoxNagCDLACAfEFLmg8EWQ68wXxBS5oPBFkOvMF&sourceid=chrome&ie=UTF-8,
CT3211009172,PASAR MINI MP KAY KAY TRADING,"NO.4 & 5,, PERSIARAN METAFASA  U 16/1 , ",40160,"TAMAN BUKIT SUBANG , ",Others,CENTRAL,CENTRAL,3.1690422,101.5172826,spv,234.52,10.6,33059,TSTM011,0,0,0,,,,,
CT3211009226,GOLDEN FRESH CHAIN STORE SDN BHD - TEX,"NO 74,, JALAN BURHANUDDIN HELMI,",60000,"TAMAN TUN DR ISMAIL,",Others,CENTRAL,CENTRAL,3.2485829,101.6495904,spv,0,0,33059,TSTRB5,0,0,0,,,,,
CT3211009230,BEN MART (TAMAN MUDA) SDN BHD,"NO. 39 & 41,, JALAN BUNGA TANJUNG 7,",68000,"TAMAN MUDA,",Others,CENTRAL,CENTRAL,3.1193855,101.7595823,spv,756.26,1,33059,TSTRB6,4.2,31,0,,03-4295 3233,Monday: 7:30?AM?–?7:00?PM | Tuesday: 7:30?AM?–?7:00?PM | Wednesday: 7:30?AM?–?7:00?PM | Thursday: 7:30?AM?–?7:00?PM | Friday: 7:30?AM?–?7:00?PM | Saturday: 7:30?AM?–?7:00?PM | Sunday: 7:30?AM?–?2:00?PM,,
CT3211009235,STAR GROCER SDN BHD (SAUJANA PERDANA),,,,Others,CENTRAL,CENTRAL,0,0,nan,0,0,33059,,3.5,48,0,,,Monday: 8:30?AM?–?10:30?PM | Tuesday: 8:30?AM?–?10:30?PM | Wednesday: 8:30?AM?–?10:30?PM | Thursday: 8:30?AM?–?10:30?PM | Friday: 8:30?AM?–?10:30?PM | Saturday: 8:30?AM?–?10:30?PM | Sunday: 8:30?AM?–?10:30?PM,https://m.facebook.com/brotherhoodrawang/posts/428826647544623,
D189,DRE RETAIL ENTERPRISE SDN BHD,"E-G-10  RESIDENSI BISTARI, TAMAN UKAY BISTARI",68000,68000 AMPANG SELANGOR,Others,CENTRAL,CENTRAL,3.1965389,101.7665429,whs,38101.03,19.2,33059,TSTK001,0,0,0,,,,,
DA01,KEDAI JIMAT A.SUHAIMI ENTERPRISE,"122  JALAN JASA 5, TAMAN JASA SG TUA",-,68100 BATU CAVES,Others,CENTRAL,CENTRAL,3.256724,101.6745,spv,1519.27,12.8,33059,TSTL003,0,0,0,,,,,
DA03,PASAR MINI AS-SAKHIYA,"4 & 5 JLN H-3 FASA 5, TAMAN MELAWATI",53100,53100 KL,Others,CENTRAL,CENTRAL,3.2274979,101.744576,spv,1942.64,9.2,33059,TSTK001,0,0,0,,,,,
DA08,PASARAYA SURIA S/B - D'SARA,"9 11 13  JLN NURI 7A, KOTA DAMANSARA",-,47810 PETALING JAYA,Others,CENTRAL,CENTRAL,3.1730661,101.5764064,spv,3484.8,2.2,33059,TSTM011,4,173,0,ChIJVVsVfAtPzDERHK1r6HHcchQ,03-6143 7173,Monday: 8:00?AM?–?8:00?PM | Tuesday: 8:00?AM?–?8:00?PM | Wednesday: 8:00?AM?–?8:00?PM | Thursday: 8:00?AM?–?8:00?PM | Friday: 8:00?AM?–?8:00?PM | Saturday: 8:00?AM?–?8:00?PM | Sunday: 8:00?AM?–?8:00?PM,,
DB01,ANI MART ENTERPRISE,"NO.11-A,, JALAN SATU,",68100,"TAMAN BATU CAVES,",Others,CENTRAL,CENTRAL,3.2343976,101.6774755,spv,278.2,4.8,33059,TSTK001,4,195,0,,012-998 3607,Monday: 8:00?AM?–?10:00?PM | Tuesday: 8:00?AM?–?10:00?PM | Wednesday: 8:00?AM?–?10:00?PM | Thursday: 8:00?AM?–?10:00?PM | Friday: 8:00?AM?–?10:00?PM | Saturday: 8:00?AM?–?10:00?PM | Sunday: 8:00?AM?–?10:00?PM,https://www.facebook.com/profile.php?id=100075549695519&mibextid=ZbWKwL,
DB03,KEDAI UBAT BAN ON TONG,"36  JALAN BESAR, SELAYANG BARU",-,68100 K.L.,Others,CENTRAL,CENTRAL,3.2464675,101.6709431,cmh,4538.23,13,33059,TSTL003,0,0,0,,,,,
DB07,KEDAI BAN FOE SDN BHD,"LOT 439  KG. SRI INDAH, 47000 SG. BULUH",-,SELANGOR,Others,CENTRAL,CENTRAL,3.2268979,101.5752862,spv,208.72,1.2,33059,TSTM011,3.9,70,0,ChIJU-PM_6tFzDERFnVJ4m4IUP8,,Monday: 8:30?AM?–?9:00?PM | Tuesday: 8:30?AM?–?9:00?PM | Wednesday: 8:30?AM?–?9:00?PM | Thursday: 8:30?AM?–?9:00?PM | Friday: 8:30?AM?–?9:00?PM | Saturday: 8:30?AM?–?9:00?PM | Sunday: 8:30?AM?–?1:00?PM,,
DC03,KEDAI UBAT CHOONG HON,"NO. 34 JALAN PUBLIC KG BARU, SG BULOH",-,47000 SELANGOR,Others,CENTRAL,CENTRAL,3.1972533,101.568115,spv,919.49,3.6,33059,TSTM011,0,0,0,,,,,
DG01,GUAN HUAT TRADING CO,"15c  JALAN 29, SELAYANG BARU",-,68100 SELANGOR BATU CAVES,Others,CENTRAL,CENTRAL,3.2510584,101.666122,spv,475.39,7.2,33059,TSTL003,0,0,0,,,,,
DK04,KEDAI RUNCIT MARZIAH,"NO.3, JALAN 1",68100,TAMAN,Others,CENTRAL,CENTRAL,3.2365267,101.6778933,spv,809.32,4.6,33059,TSTK001,4,195,0,,012-998 3607,Monday: 8:00?AM?–?10:00?PM | Tuesday: 8:00?AM?–?10:00?PM | Wednesday: 8:00?AM?–?10:00?PM | Thursday: 8:00?AM?–?10:00?PM | Friday: 8:00?AM?–?10:00?PM | Saturday: 8:00?AM?–?10:00?PM | Sunday: 8:00?AM?–?10:00?PM,https://www.facebook.com/profile.php?id=100075549695519&mibextid=ZbWKwL,
DK11,K/R JAMAL MOHAMED & ANAK,"NO. 102  JLN GOMBAK, BATU 5 1/2  GOMBAK",-,53100 K.L.,Others,CENTRAL,CENTRAL,3.2129941,101.7107595,spv,279.84,0.8,33059,TSTK001,3.9,2481,0,,03-4024 8290,Monday: 8:30?AM?–?10:00?PM | Tuesday: 8:30?AM?–?10:00?PM | Wednesday: 8:30?AM?–?10:00?PM | Thursday: 8:30?AM?–?10:00?PM | Friday: 8:30?AM?–?10:00?PM | Saturday: 8:30?AM?–?10:00?PM | Sunday: 8:30?AM?–?10:00?PM,http://www.villagegrocer.com.my/,
DS07,SRI SURIA MINIMARKET,"37  JALAN SG1/1, SERI GOMBAK  JLN BATU CAVES",-,SELANGOR,Others,CENTRAL,CENTRAL,3.2461083,101.6992633,spv,44.29,2,33059,TSTK001,0,0,0,,,,,
DS08,SUN THONG HING S/B,"21 22  MAIN STREET, SG. BULOH N/VILLAGE",-,SG. BULOH  47000 SELANGOR,Others,CENTRAL,CENTRAL,3.19639,101.5674933,spv,319.2,0.6,33059,TSTL002,0,0,0,,,,,
DS12,SYKT PERNIAGAAN SIN LAI FOOK,"LOT. NO. 7K, (PT.103) BATU 7 1/2",-,JLN IPOH  SELAYANG BARU,Others,CENTRAL,CENTRAL,3.2427767,101.6664833,spv,0,0,33059,TSTL002,0,0,0,,,,,
DS13,SYARIKAT SRI MURUGAN,"19 JLN SU 11, TMN SELAYANG UTAMA",-,68100 BATU CAVES SELANGOR,Others,CENTRAL,CENTRAL,3.235716,101.646149,spv,512.82,5.8,33059,TSTK001,4.4,30,0,,013-333 7976,Monday: 2:00?–?9:00?PM | Tuesday: 2:00?–?9:00?PM | Wednesday: 2:00?–?9:00?PM | Thursday: 2:00?–?9:00?PM | Friday: 2:00?–?9:00?PM | Saturday: 2:00?–?9:00?PM | Sunday: 2:00?–?9:00?PM,,
DS17,PASAR MINI SNOFA,"SH29  TAMAN GREENWOOD, BATU CAVES",-,68100 K.L.,Others,CENTRAL,CENTRAL,3.2334919,101.7058083,spv,3028.56,4.6,33059,TSTK001,5,5,0,,010-708 9093,Monday: Closed | Tuesday: 10:00?AM?–?10:00?PM | Wednesday: 10:00?AM?–?10:00?PM | Thursday: 10:00?AM?–?10:00?PM | Friday: 10:00?AM?–?10:00?PM | Saturday: 10:00?AM?–?10:00?PM | Sunday: 10:00?AM?–?6:00?PM,https://wa.me/message/CM2KJXBJ4OPLA1,
DS44,SENIVASTAR TRADING,"47 JLN PS 5, TMN PRIMA SELAYANG",-,68100 B CAVES SEL,Others,CENTRAL,CENTRAL,3.2481883,101.64793,spv,8.99,0.4,33059,TSTK001,0,0,0,,,,,
DY08,KEDAI UBAT RUNCIT DAN ARAK YEE HONG,"24  JALAN 30/48, TAMAN DATO SENU  SENTUL",-,51000 K.L..,Others,CENTRAL,CENTRAL,3.1942751,101.6959616,cmh,2433.02,16,33059,TSTL003,0,0,0,,,,,
EJ02,SYARIKAT JAYA DIRI,"714  LORONG KERAMAT 11, JALAN DATUK KERAMAT",54000,54000 KUALA LUMPUR,Others,CENTRAL,CENTRAL,3.16575,101.734035,whs,47298.12,20.2,33059,TSTK001,4.2,190,0,ChIJ2RLGtL43zDERY35918gJOqA,03-4053 5004,"Monday: 9:00?AM?–?9:00?PM | Tuesday: 9:00?AM?–?9:00?PM | Wednesday: 9:00?AM?–?9:00?PM | Thursday: 9:00?AM?–?9:00?PM | Friday: 9:00?AM?–?12:30?PM, 2:00?–?9:00?PM | Saturday: 9:00?AM?–?9:00?PM | Sunday: 9:00?AM?–?9:00?PM",,
FA01,BATANG KALI STORE - S.A HAMEED,"19  GERAI MDUS, JLN ULU YAM BAHRU",-,44300 BATANG KALI,Others,CENTRAL,CENTRAL,3.4690183,101.6415467,spv,747.9,7.4,33059,TSTRB3,2.4,14,0,,03-6057 1094,Monday: Open 24 hours | Tuesday: Open 24 hours | Wednesday: Open 24 hours | Thursday: Open 24 hours | Friday: Open 24 hours | Saturday: Open 24 hours | Sunday: Open 24 hours,http://www.7eleven.com.my/,
FK14,K.C. HUAT TRDG S/B,"LOT 2212  KAMPUNG BARU, SG BULOH",-,47000 SELANGOR,Others,CENTRAL,CENTRAL,3.1934533,101.5716517,whs,18472.56,1.2,33059,TSTM011,0,0,0,,,,,
FN04,NEW MALAYA STORES,"7  JLN MAT KILAU, KUALA KUBU BAHRU",-,44000 SELANGOR,Others,CENTRAL,CENTRAL,3.5634217,101.6592583,spv,441.32,2,33059,TSTRB3,4.1,105,0,,,Monday: 9:00?AM?–?9:00?PM | Tuesday: 9:00?AM?–?9:00?PM | Wednesday: 9:00?AM?–?9:00?PM | Thursday: 9:00?AM?–?9:00?PM | Friday: 9:00?AM?–?9:00?PM | Saturday: 9:00?AM?–?9:00?PM | Sunday: 9:00?AM?–?9:00?PM,,
FS23,PASAR MINI SRI SERENDAH,"29  JLN. CEMPAKA 1, TAMAN CEMPAKA  48200 SERENDAH",-,HULU SELANGOR,Others,CENTRAL,CENTRAL,3.371415,101.6132517,spv,294.25,2.2,33059,TSTRB3,0,0,0,,,,,
FS31,PASARAYA SOON HUAT SDN BHD -18-19,"18-19   BATU 18, RAWANG  48000 SELANGOR",-,,Others,CENTRAL,CENTRAL,3.314377,101.578711,spv,3774.95,7.6,33059,TSTRB3,3.9,106,0,ChIJLfIHtlNCzDERclooKqo-N8M,03-6091 0500,Monday: 9:00?AM?–?9:00?PM | Tuesday: 9:00?AM?–?9:00?PM | Wednesday: 9:00?AM?–?9:00?PM | Thursday: 9:00?AM?–?9:00?PM | Friday: 9:00?AM?–?9:00?PM | Saturday: 9:00?AM?–?9:00?PM | Sunday: 9:00?AM?–?9:00?PM,https://m.facebook.com/pages/Pasaraya-Soon-Huat/246561688791772,
FS43,PASARAYA SOON HUAT SDN BHD -17-26,"NO 17-26  JALAN BERSATU 8, TAMAN BERSATU",-,48000 RAWANG   SELANGOR DARUL EHSAN,Others,CENTRAL,CENTRAL,3.3094267,101.5827783,lpv,20337.09,14.4,33059,TSTRB3,4,437,0,,03-6091 0500,Monday: 9:00?AM?–?9:00?PM | Tuesday: 9:00?AM?–?9:00?PM | Wednesday: 9:00?AM?–?9:00?PM | Thursday: 9:00?AM?–?9:00?PM | Friday: 9:00?AM?–?9:00?PM | Saturday: 9:00?AM?–?9:00?PM | Sunday: 9:00?AM?–?9:00?PM,https://m.facebook.com/pages/Pasaraya-Soon-Huat/246561688791772,
GB26,BINA SEMULA ENTERPRISE,"NO.2  JLN CECAWI 6/30, KOTA DAMANSARA",47810,47810 PETALING JAYA,Others,CENTRAL,CENTRAL,3.1540987,101.5765122,spv,227.27,9,33059,TSTM011,3.6,9,0,,03-6143 3747,Monday: 7:00?AM?–?9:30?PM | Tuesday: 7:00?AM?–?9:30?PM | Wednesday: 7:00?AM?–?9:30?PM | Thursday: 7:00?AM?–?9:30?PM | Friday: 7:00?AM?–?9:30?PM | Saturday: 7:00?AM?–?9:30?PM | Sunday: 7:00?AM?–?9:30?PM,,
GC18,KEDAI UBAT & RUNCIT CS,"NO 14  JALAN DESA 1/1, BANDAR COUNTRY HOMES",48000,48000 RAWANG SELANGOR,Others,CENTRAL,CENTRAL,3.3285317,101.527425,spv,885.61,16.6,33059,TSTRB3,3.7,3,0,,012-367 3610,Monday: 8:00?AM?–?10:00?PM | Tuesday: 8:00?AM?–?10:00?PM | Wednesday: 8:00?AM?–?10:00?PM | Thursday: 8:00?AM?–?10:00?PM | Friday: 8:00?AM?–?10:00?PM | Saturday: Closed | Sunday: Closed,,
GE04,ENG HOCK MINI MARKET,"106 JLN PS2, PRIMA SELAYANG KM15",68100,JALAN RAWANG 68100 BT. CAVES,Others,CENTRAL,CENTRAL,3.250415,101.644555,spv,249.89,5.6,33059,TSTK001,0,0,0,,,Monday: 9:00?AM?–?8:00?PM | Tuesday: 9:00?AM?–?8:00?PM | Wednesday: 9:00?AM?–?8:00?PM | Thursday: 9:00?AM?–?8:00?PM | Friday: 9:00?AM?–?8:00?PM | Saturday: 9:00?AM?–?8:00?PM | Sunday: 9:00?AM?–?8:00?PM,,
GH20,HIJAS SUPER MARKET,"NO.1 & 3,, JALAN DC 1/2,",47000,"DESA COALFIELDS,",Others,CENTRAL,CENTRAL,3.2310087,101.4887489,spv,1315.77,9.8,33059,TSTM011,4,108,0,,017-871 2403,"Monday: 7:00?AM?–?11:00?PM | Tuesday: 7:00?AM?–?11:00?PM | Wednesday: 7:00?AM?–?11:00?PM | Thursday: 7:00?AM?–?11:00?PM | Friday: 7:00?AM?–?1:00?PM, 2:00?–?11:00?PM | Saturday: 7:00?AM?–?11:00?PM | Sunday: 7:00?AM?–?11:00?PM",,
GI07,ISTIMEWA MINI MARKET,"NO.F-G06  APARTMENT PERMAI, JLN PJU 10/1  DAMANSARA DAMAI",-,47830 PETALING JAYA  SELANGOR,Others,CENTRAL,CENTRAL,3.1944017,101.5887533,spv,1212.2,10.4,33059,TSTM011,0,0,0,,012-923 6114,Monday: 8:00?AM?–?8:00?PM | Tuesday: 8:00?AM?–?8:00?PM | Wednesday: 8:00?AM?–?8:00?PM | Thursday: 8:00?AM?–?8:00?PM | Friday: 8:00?AM?–?8:00?PM | Saturday: 8:00?AM?–?8:00?PM | Sunday: 8:00?AM?–?8:00?PM,,
GJ02,JASA UTAMA M/M,"5 JLN JU 1, TAMAN JASA UTAMA",-,68100 BATU CAVES  SELANGOR,Others,CENTRAL,CENTRAL,3.2693117,101.6813433,spv,678.46,8,33059,TSTK001,4,167,0,,012-318 7266,Monday: 8:00?AM?–?10:00?PM | Tuesday: 8:00?AM?–?10:00?PM | Wednesday: 8:00?AM?–?10:00?PM | Thursday: 8:00?AM?–?10:00?PM | Friday: 8:00?AM?–?10:00?PM | Saturday: 8:00?AM?–?10:00?PM | Sunday: 8:00?AM?–?10:00?PM,https://segigroup.com/,
GK01,KBC NOOR MAJU ENTERPRISE,"103A BLOCK A JLN PS 2 PRIMA, SELAYANG KM 15 JLN RWG 68100",-,BT.CAVES.SEL,Others,CENTRAL,CENTRAL,3.2505667,101.6445167,spv,0,0,33059,TSTK001,0,0,0,,,Monday: 9:00?AM?–?8:00?PM | Tuesday: 9:00?AM?–?8:00?PM | Wednesday: 9:00?AM?–?8:00?PM | Thursday: 9:00?AM?–?8:00?PM | Friday: 9:00?AM?–?8:00?PM | Saturday: 9:00?AM?–?8:00?PM | Sunday: 9:00?AM?–?8:00?PM,,
GK19,PASAR RAYA KHALEESAH,"NO.33 JALAN BESAR, TANJ0NG MALIM PERAK",35900,POS KOD 35900,Others,CENTRAL,CENTRAL,3.6801717,101.5206533,spv,2253.86,4.4,33059,TSTK001,0,0,0,,,,,
GK23,PASAR MINI KIAN FATT,"NO. 23 JLN MACAU, 48200 SERENDAH.",-,,Others,CENTRAL,CENTRAL,3.3680133,101.6076817,spv,565.18,16,33059,TSTRB3,4.4,54,0,,03-6081 2713,Monday: 9:00?AM?–?10:00?PM | Tuesday: 9:00?AM?–?10:00?PM | Wednesday: 9:00?AM?–?10:00?PM | Thursday: 9:00?AM?–?10:00?PM | Friday: 9:00?AM?–?10:00?PM | Saturday: 9:00?AM?–?10:00?PM | Sunday: 9:00?AM?–?10:00?PM,,
GK34,LK SHOP,"E003  VISTA SHOP PJU 10/3D, DAMANSARA DAMAI 47830 P.J",47830,SELANGOR,Others,CENTRAL,CENTRAL,3.1987113,101.5933055,spv,762.66,8.8,33059,TSTM011,3.8,62,0,,03-6143 7593,Monday: 10:00?AM?–?10:00?PM | Tuesday: 10:00?AM?–?10:00?PM | Wednesday: 10:00?AM?–?10:00?PM | Thursday: 10:00?AM?–?10:00?PM | Friday: 10:00?AM?–?10:00?PM | Saturday: 10:00?AM?–?10:00?PM | Sunday: 10:00?AM?–?10:00?PM,,
GK35,ABU NAURAH ENTERPRISE,"LOT 240-F JLN SEK KEB SG PLONG, SG BULOH 48050 SELANGOR",48050,,Others,CENTRAL,CENTRAL,3.2078174,101.5400162,spv,1381.15,13,33059,TSTM011,0,0,0,,,,,
GL02,LIAN LEE ENTERPRISE,"PEMBORONG MAKANAN RINGAN & PLASTIK, LOT 42  BATU 16  JALAN RAWANG",48000,RAWANG  SELANGOR.,Others,CENTRAL,CENTRAL,3.3103259,101.5587947,whs,32.52,0.8,33059,TSTRB3,0,0,0,,,,,
GL03,IMAM GLOBAL SDN BHD (1),"F-LG2-K07, 1ST FLOOR, FLORA DAMANSARA,",47830,PETALING JAYA,Others,CENTRAL,CENTRAL,3.1760317,101.6169027,spv,541.3,15.4,33059,TSTM011,4.3,3,0,,014-633 6083,"Monday: 8:00?AM?–?1:00?AM | Tuesday: 8:00?AM?–?12:30?AM | Wednesday: 8:00?AM?–?12:30?AM | Thursday: 8:00?AM?–?12:30?AM | Friday: 8:00?AM?–?1:15?PM, 2:15?PM?–?12:30?AM | Saturday: 8:00?AM?–?12:30?AM | Sunday: 8:00?AM?–?12:30?AM",,
GL07,LIAN KIM MINI MARKET,"33 JALAN CEMPAKA 1, TMN CAMPAKA, SERENDAH",48200,SELANGOR,Others,CENTRAL,CENTRAL,3.372575,101.6123283,spv,816.75,2.6,33059,TSTRB3,0,0,0,,,,,
GL19,PASAR MINI LAILA ENTERPRISE,"LOT 1385   KG KUBU GAJAH, KG KUBU GAJAH",47000,SUNGAI BULOH,Others,CENTRAL,CENTRAL,3.2040996,101.5150954,spv,1458.65,10.8,33059,TSTM011,3,2,0,,018-215 1385,"Monday: 7:00?AM?–?11:00?PM | Tuesday: 7:00?AM?–?11:00?PM | Wednesday: 7:00?AM?–?11:00?PM | Thursday: 7:00?AM?–?11:00?PM | Friday: 7:00?AM?–?12:00?PM, 2:00?–?11:00?PM | Saturday: 7:00?AM?–?11:00?PM | Sunday: 7:00?AM?–?11:00?PM",https://facebook.com/mynsagrocer,
GL21,LUONG JATENG TRADING NO 35-37,"35-37  JLN JATI 3, SAUJANA UTAMA DUA",47000,47000 SUNGAI BULOH,Others,CENTRAL,CENTRAL,3.2005671,101.4875021,spv,0,0,33059,TSTM011,3.8,71,0,,,Monday: 10:00?AM?–?9:30?PM | Tuesday: 10:00?AM?–?9:30?PM | Wednesday: 10:00?AM?–?9:30?PM | Thursday: 10:00?AM?–?9:30?PM | Friday: 10:00?AM?–?9:30?PM | Saturday: 10:00?AM?–?9:30?PM | Sunday: 10:00?AM?–?9:30?PM,,
GL28,ZAYAN MINI MART,"8-1  JALAN IMPIAN 10, 47000 SUNGAI BULOH",47000,SELANGOR,Others,CENTRAL,CENTRAL,3.248566,101.5667726,spv,1148.53,12.8,33059,TSTM011,0,0,0,,,,,
GM10,KEDAI RUNCIT MURAH REZEKI (1),"GG06  APARTMENT DAHLIA, JALAN BUNGA RAYA 1",-,TAMAN BUNGA RAYA,Others,CENTRAL,CENTRAL,3.437597,101.548772,spv,2021.14,9.8,33059,TSTRB3,0,0,0,,,,,
GM57,MY DAILY ENTERPRISE -D'SARA DAMAI,"A 009, BLOCK A,APARTMENT HARMONI,, PETALING JAYA",47830,SELANGOR,Others,CENTRAL,CENTRAL,3.195817,101.584721,spv,1453.05,10,33059,TSTRB6,4.9,13,0,,012-405 1390,,,
GM60,MOHIDEEN STORE,"16  JLN BESAR, 35900 TANJONG MALIM  PERAK",-,,Others,CENTRAL,CENTRAL,3.680893,101.520905,spv,1019.86,5,33059,TSTK001,0,0,0,,,,,
GN01,NSK TRADING SDN BHD - RAWANG,"LOT 11642 & 11643 JLN BJ 2, OFF JALAN RAWANG",48000,48000 RAWANG SELANGOR,NSK,CENTRAL,CENTRAL,3.309165,101.55494,smt,77471.93,36.8,33059,TSTL003,0,0,0,,,,,
GN24,NSK TRADE CITY SDN BHD - KUCHAI LAMA,"BASEMENT 2 PUSAT PERDAGANGANG KUCHAI NO.2 JLN 1/12, OFF JLN KUCHAI LAMA 58200 KL.",58200,,NSK,CENTRAL,CENTRAL,3.084336,101.691383,smt,585989.24,109.4,33059,TSTL003,4,1004,0,,012-366 3232,Monday: 10:00?AM?–?12:00?AM | Tuesday: 10:00?AM?–?12:00?AM | Wednesday: 10:00?AM?–?12:00?AM | Thursday: 10:00?AM?–?12:00?AM | Friday: 10:00?AM?–?12:00?AM | Saturday: 10:00?AM?–?12:00?AM | Sunday: 10:00?AM?–?12:00?AM,https://www.facebook.com/purigene.health.solution/,
GP26,PASAR MINI PAYA JARAS (001987266-W),"LOT 3064 JALAN KUALA SELANGOR, KG PAYA JARAS",-,47000 SUNGAI BULOH SELANGOR.,Others,CENTRAL,CENTRAL,3.2002583,101.5533967,spv,1648.9,8,33059,TSTM011,0,0,0,,,,,
GP28,PASAR MINI GEUNASEH (B74-B),"B74-B  KAMPUNG MELAYU SRI KUNDANG, 48050 RAWANG SELANGOR.",-,,Others,CENTRAL,CENTRAL,3.2561875,101.5256703,spv,3014.77,10.2,33059,TSTM011,0,0,0,,,,,
GP35,PASAR MINI GEUNASEH-2,"LOT 63A. KAMPUNG MELAYU, SERI KUNDANG  48050 RAWANG",48050,SELANGOR,Others,CENTRAL,CENTRAL,3.2552025,101.5258135,spv,617.49,12.2,33059,TSTM011,0,0,0,,,,,
GR05,RADZIAH ENTERPRISE,"LOT 37 JLN DATO MUDA JAAFAR, 44000 KUALA KUBU BAHRU",-,SELANGOR,Others,CENTRAL,CENTRAL,3.5647433,101.6597017,spv,353.58,9.4,33059,TSTRB3,4.1,105,0,,,Monday: 9:00?AM?–?9:00?PM | Tuesday: 9:00?AM?–?9:00?PM | Wednesday: 9:00?AM?–?9:00?PM | Thursday: 9:00?AM?–?9:00?PM | Friday: 9:00?AM?–?9:00?PM | Saturday: 9:00?AM?–?9:00?PM | Sunday: 9:00?AM?–?9:00?PM,,
GR22,MUS GMART RUNCIT & BORONG (2),"NO. 1 JALAN BINTANG U5/33, SYEKSYEN U5 SUBANG SURIA",40150,40150 SHAH ALAM  SELANGOR.,Others,CENTRAL,CENTRAL,3.1853892,101.5341297,spv,1073.91,13.8,33059,TSTM011,0,0,0,,,,,
GS06,AVELON HEALTHCARE SDN BHD,"NO 22 G, BLOK B,, VISTA MAGNA",52100,KEPONG,Others,CENTRAL,CENTRAL,3.2135533,101.64278,oth,7613.91,11,33059,TSTRB3,3.9,5171,0,,017-366 0360,Monday: 9:00?AM?–?10:00?PM | Tuesday: 9:00?AM?–?10:00?PM | Wednesday: 9:00?AM?–?10:00?PM | Thursday: 9:00?AM?–?10:00?PM | Friday: 9:00?AM?–?10:00?PM | Saturday: 8:00?AM?–?10:00?PM | Sunday: 8:00?AM?–?10:00?PM,http://www.aeonbig.com.my/,
GS07,PASAR MINI SYAMIM,"5 JALAN 1, TAMAN BATU CAVES",-,68100 SELANGOR,Others,CENTRAL,CENTRAL,3.2370904,101.6779775,spv,4581.6,13,33059,TSTK001,4,195,0,,012-998 3607,Monday: 8:00?AM?–?10:00?PM | Tuesday: 8:00?AM?–?10:00?PM | Wednesday: 8:00?AM?–?10:00?PM | Thursday: 8:00?AM?–?10:00?PM | Friday: 8:00?AM?–?10:00?PM | Saturday: 8:00?AM?–?10:00?PM | Sunday: 8:00?AM?–?10:00?PM,https://www.facebook.com/profile.php?id=100075549695519&mibextid=ZbWKwL,
GS101,PASAR MINI SABANG,"NO LOT 1830-2 JALAN GAJAH 23, KAMPUNG KUBU GAJAH",47000,SG.BULOH,Others,CENTRAL,CENTRAL,3.1893269,101.5289234,spv,977.26,6,33059,TSTM011,3.3,45,0,,012-441 1035,"Monday: 8:00?AM?–?10:30?PM | Tuesday: 8:00?AM?–?10:30?PM | Wednesday: 8:00?AM?–?10:30?PM | Thursday: 8:00?AM?–?10:30?PM | Friday: 8:00?AM?–?12:30?PM, 2:00?–?10:30?PM | Saturday: 8:00?AM?–?10:30?PM | Sunday: 8:00?AM?–?10:30?PM",,
GS17,SHAUKAT MINI MARKET,"NO.8 BLOCK G TKT BAWAH, APT DAHLIA TMN BUNGA RAYA",-,BUKIT BERUNTUNG 48300 RAWANG SELANGOR,Others,CENTRAL,CENTRAL,3.437788,101.546783,spv,706.39,13,33059,TSTRB3,0,0,0,,,,,
GS71,KEDAI RUNCIT SALVIA,"6A  JALAN KENYANG 11/3, P/PURI SAVIA KOTA DAMANSARA",47810,,Others,CENTRAL,CENTRAL,3.1591983,101.5954147,spv,1190.52,17,33059,TSTM011,4.1,5601,0,,03-6142 2800,Monday: 8:00?AM?–?10:00?PM | Tuesday: 8:00?AM?–?10:00?PM | Wednesday: 8:00?AM?–?10:00?PM | Thursday: 8:00?AM?–?10:00?PM | Friday: 8:00?AM?–?10:00?PM | Saturday: 8:00?AM?–?10:00?PM | Sunday: 8:00?AM?–?10:00?PM,http://www.giant.com.my/,
GS77,PASAR MINI SHARIS,"SETAPAK RIVIERA CONDO, NO.-1-TOWER B,",53000,"KAMPUNG BANDAR DALAM,",Others,CENTRAL,CENTRAL,3.202856,101.700432,spv,75.32,3,33059,TSTK001,0,0,0,,011-3323 6530,Monday: 8:00?AM?–?11:00?PM | Tuesday: 8:00?AM?–?11:00?PM | Wednesday: 8:00?AM?–?11:00?PM | Thursday: 8:00?AM?–?11:00?PM | Friday: 8:00?AM?–?11:00?PM | Saturday: 8:00?AM?–?9:30?PM | Sunday: 8:00?AM?–?11:00?PM,,
GT02,P/R TUN TEJA,"17 JLN TUN TEJA 1, TMN TUN TEJA",-,48000 RAWANG SELANGOR,Others,CENTRAL,CENTRAL,3.298335,101.5908683,spv,720.11,4.2,33059,TSTRB3,3.9,63,0,,03-3362 6863,Monday: 10:00?AM?–?10:00?PM | Tuesday: 10:00?AM?–?10:00?PM | Wednesday: 10:00?AM?–?10:00?PM | Thursday: 10:00?AM?–?10:00?PM | Friday: 10:00?AM?–?10:00?PM | Saturday: 10:00?AM?–?10:00?PM | Sunday: 10:00?AM?–?10:00?PM,http://www.99speedmart.com.my/,
GT04,PASARAYA TASIK,"1-G-B GROUND FLOOR, JALAN 7A/3 MEDAN PUTERI",-,BANDAR TASIK PUTERI,Others,CENTRAL,CENTRAL,3.284934,101.472623,spv,392.89,8.6,33059,TSTRB3,0,0,0,,010-298 4715,Monday: 9:30?AM?–?10:00?PM | Tuesday: 9:30?AM?–?10:00?PM | Wednesday: 9:30?AM?–?10:00?PM | Thursday: 9:30?AM?–?10:00?PM | Friday: 9:30?AM?–?10:00?PM | Saturday: 9:30?AM?–?10:00?PM | Sunday: 9:30?AM?–?10:00?PM,http://www.agrobazaar.com.my/index.php/shopDirectory/shops?shopId=83578,
GT09,SOON SANG HERBAL SHOP,"45-1, JALAN PJU 5/11, DATARAN SUNWAY",47810,KOTA DAMANSARA,Others,CENTRAL,CENTRAL,3.1527733,101.593875,spv,316.46,2.2,33059,TSTM011,4.3,16,0,,013-218 7733,Monday: 9:30?AM?–?10:30?PM | Tuesday: 9:30?AM?–?10:30?PM | Wednesday: 9:30?AM?–?10:30?PM | Thursday: 9:30?AM?–?10:30?PM | Friday: 9:30?AM?–?10:30?PM | Saturday: 9:30?AM?–?10:30?PM | Sunday: 9:30?AM?–?10:30?PM,https://xychinacity.com/,
GU03,MAKMUR MAJU BARU TRADING,"NO.102 ,, JALAN SBC 12 ,",68100,"TAMAN SRI BATU CAVES ,",Others,CENTRAL,CENTRAL,3.232795,101.691093,spv,48.58,2.2,33059,TSTK001,3.4,295,0,,03-6189 1924,Monday: 9:00?AM?–?10:00?PM | Tuesday: 9:00?AM?–?10:00?PM | Wednesday: 9:00?AM?–?10:00?PM | Thursday: 9:00?AM?–?10:00?PM | Friday: 8:30?AM?–?11:00?PM | Saturday: 8:30?AM?–?11:00?PM | Sunday: 8:30?AM?–?11:00?PM,https://www.tfvaluemart.com.my/,
GY01,KEDAI UBAT YU YI,"47 JALAN MERANTI 2B SEK 3, BANDAR UTAMA BATANG KALI",-,SELANGOR,Others,CENTRAL,CENTRAL,3.4596817,101.6551983,cmh,596.52,3.2,33059,TSTRB3,4.2,6,0,,,Monday: 9:00?AM?–?9:00?PM | Tuesday: 9:00?AM?–?9:00?PM | Wednesday: 9:00?AM?–?9:00?PM | Thursday: 9:00?AM?–?9:00?PM | Friday: 9:00?AM?–?9:00?PM | Saturday: 9:00?AM?–?9:00?PM | Sunday: 9:00?AM?–?9:00?PM,,
GY14,YEW LEE STORE,"1785-6 JALAN BESAR, 48100 BATU ARANG",48100,SELANGOR D.E,Others,CENTRAL,CENTRAL,3.3158034,101.4709046,spv,1825.38,7.6,33059,TSTRB3,2.5,2,0,,,,,
H191,HALIQ'S MILLS & SUNDRIES,"LOT 24B JALAN E1 FAS A4, TAMAN MELAWATI HULU KELANG",68100,SELANGOR DARUL EHSAN.,Others,CENTRAL,CENTRAL,3.2218665,101.740898,spv,331.57,8.6,33059,TSTL003,0,0,0,,,,,
HS27,PASAR MINI BARKATH MAJU,"NO 68  JALAN 11/10, TAMAN KOPERASI POLIS FASA 1",68100,68100 KUALA LUMPUR,Others,CENTRAL,CENTRAL,3.2212533,101.6965717,spv,1682.02,10.4,33059,TSTK001,0,0,0,,,,,
I062,MEHARAJ STORE,"NO.2 ,JALAN 12/10,, TAMAN KOPERASI POLIS FASA 1,, -",68100,KUALA LUMPUR.,Others,CENTRAL,CENTRAL,3.220595,101.696025,spv,539.9,6.6,33059,TSTK001,0,0,0,,,,,
IA04,PASAR MINI AIK SING -SETAPAK,"SH 18 & 19 JLN SAMPADI, GOMBAK",53000,GOMBAK,Others,CENTRAL,CENTRAL,3.2052371,101.7094199,spv,12602.29,21.8,33059,TSTL003,4.4,7,0,,018-397 6371,Monday: 8:00?AM?–?11:00?PM | Tuesday: 8:00?AM?–?11:00?PM | Wednesday: 8:00?AM?–?11:00?PM | Thursday: 8:00?AM?–?11:00?PM | Friday: 8:00?AM?–?11:00?PM | Saturday: 8:00?AM?–?11:00?PM | Sunday: 8:00?AM?–?11:00?PM,https://m.facebook.com/Bandaradenglobal/,
IA217,PASAR BESAR,"NO 10 JALAN PS 8/1, TAMAN PRIMA SELAYANG",68100,BATU CAVES,Others,CENTRAL,CENTRAL,3.2465283,101.650125,spv,1696.5,3.2,33059,TSTK001,4.1,3441,0,,07-283 0123,Monday: 9:30?AM?–?10:30?PM | Tuesday: 9:30?AM?–?10:30?PM | Wednesday: 9:30?AM?–?10:30?PM | Thursday: 9:30?AM?–?10:30?PM | Friday: 9:30?AM?–?10:30?PM | Saturday: 9:30?AM?–?10:30?PM | Sunday: 9:30?AM?–?10:30?PM,http://www.eco-shop.com.my/,
IA28,ADA CASH & CARRY S/B,"LOT 416-417, TMN PERUSAHAAN 2  FASA 1A",-,BDR BARU SG BULOH,Others,CENTRAL,CENTRAL,3.2111083,101.567365,spv,2162.9,3.6,33059,TSTM011,3.9,9,0,,03-6156 2185,Monday: 8:00?AM?–?8:00?PM | Tuesday: 8:00?AM?–?8:00?PM | Wednesday: 8:00?AM?–?8:00?PM | Thursday: 8:00?AM?–?8:00?PM | Friday: 8:00?AM?–?8:00?PM | Saturday: 8:00?AM?–?8:00?PM | Sunday: 8:00?AM?–?8:00?PM,,
IB02,SYARIKAT PERNIAGAAN BERJAYA (333687984-T),"51 JALAN 1/23F JLN LANGKAWI, TAMAN TERATAI MEWAH",-,53000 SETAPAK KL,Others,CENTRAL,CENTRAL,3.2008189,101.7099338,cmh,2047.97,5.8,33059,TSTL003,3.1,13,0,,03-3362 6863,Monday: 10:00?AM?–?10:00?PM | Tuesday: 10:00?AM?–?10:00?PM | Wednesday: 10:00?AM?–?10:00?PM | Thursday: 10:00?AM?–?10:00?PM | Friday: 10:00?AM?–?10:00?PM | Saturday: 10:00?AM?–?10:00?PM | Sunday: 10:00?AM?–?10:00?PM,http://www.99speedmart.com.my/,
IB06,BINTANG HU TRADING,"LOT 1310-C,, JALAN GAJAH UTAMA,",47000,"KAMPUNG KUBU GAJAH,",Others,CENTRAL,CENTRAL,3.2075557,101.5148618,whs,6501.6,0.4,33059,TSTM011,3,2,0,,018-215 1385,"Monday: 7:00?AM?–?11:00?PM | Tuesday: 7:00?AM?–?11:00?PM | Wednesday: 7:00?AM?–?11:00?PM | Thursday: 7:00?AM?–?11:00?PM | Friday: 7:00?AM?–?12:00?PM, 2:00?–?11:00?PM | Saturday: 7:00?AM?–?11:00?PM | Sunday: 7:00?AM?–?11:00?PM",https://facebook.com/mynsagrocer,
IB63,HAMUUDI ENTERPRISE,"HAMUDI ENT MAHALLAH ZAINAD JAHSYI, PUSAT ASASI IIUM  JALAN UNIVERSITI",46350,46350 PETALING JAYA  SELANGOR D.E,Others,CENTRAL,CENTRAL,3.1192252,101.6413273,spv,0,0,33059,TSTL002,0,0,0,,,,,
IE27,EVERLASTING KKB TRADING HOUSE,"38, JALAN DATO MUDA JAAFAR",44000,KUALA KUBU BHARU,Others,CENTRAL,CENTRAL,3.5647433,101.6597017,spv,4057.14,17.2,33059,TSTRB3,4.1,105,0,,,Monday: 9:00?AM?–?9:00?PM | Tuesday: 9:00?AM?–?9:00?PM | Wednesday: 9:00?AM?–?9:00?PM | Thursday: 9:00?AM?–?9:00?PM | Friday: 9:00?AM?–?9:00?PM | Saturday: 9:00?AM?–?9:00?PM | Sunday: 9:00?AM?–?9:00?PM,,
IJ09,JAYA CASH & CARRY S/B,"LOT PT 1268  BATU 19, JLN SERENDAH",48000,RAWANG,Others,CENTRAL,CENTRAL,3.3253383,101.57823,whs,803.68,0.6,33059,TSTL002,4,3,0,,,Monday: 10:00?AM?–?8:00?PM | Tuesday: 10:00?AM?–?8:00?PM | Wednesday: 10:00?AM?–?8:00?PM | Thursday: 10:00?AM?–?8:00?PM | Friday: 10:00?AM?–?8:00?PM | Saturday: 10:00?AM?–?8:00?PM | Sunday: 10:00?AM?–?8:00?PM,,
IK08,MEDICAL N FOOD STORE,"4  JLN SG 1/5, SRI GOMBAK  BATU CAVES",68100,68100 SELANGOR,Others,CENTRAL,CENTRAL,3.2266733,101.63626,spv,-159,0,33059,TSTL002,0,0,0,,,,,
IK12,KIM CHIN LEE M/MARKET,"AM-22  JLN BAKUBANG 2, SETAPAK GARDEN",-,53000 K.L.,Others,CENTRAL,CENTRAL,3.20618,101.713525,spv,109.2,4,33059,TSTK001,4.4,7,0,,018-397 6371,Monday: 8:00?AM?–?11:00?PM | Tuesday: 8:00?AM?–?11:00?PM | Wednesday: 8:00?AM?–?11:00?PM | Thursday: 8:00?AM?–?11:00?PM | Friday: 8:00?AM?–?11:00?PM | Saturday: 8:00?AM?–?11:00?PM | Sunday: 8:00?AM?–?11:00?PM,https://m.facebook.com/Bandaradenglobal/,
IK16,KIAN HONG,"NO. 4251-24  SETAPAK GARDEN, 4 1/2 TMN SETAPAK",-,SELANGOR,Others,CENTRAL,CENTRAL,3.2075362,101.7057702,spv,6801.24,12.4,33059,TSTL003,5,6,0,,017-578 6004,Monday: 6:00?AM?–?12:00?AM | Tuesday: 6:00?AM?–?12:00?AM | Wednesday: 6:00?AM?–?12:00?AM | Thursday: 6:00?AM?–?12:00?AM | Friday: 6:00?AM?–?12:00?AM | Saturday: 6:00?AM?–?12:00?AM | Sunday: 6:00?AM?–?12:00?AM,,
IK26,KHOO TRADING,"NO.70 JALAN DESA 1/12, BANDAR COUNTRY HOMES",-,48000 RAWANG,Others,CENTRAL,CENTRAL,3.22014,101.618655,whs,0,0,33059,TSTL002,0,0,0,,,,,
IK28,PERNIAGAAN JING HUA,"BG-20 JALAN NIRWANA 14A, TAMAN NIRWANA",68000,68000 AMPANG SELANGOR,Others,CENTRAL,CENTRAL,3.14325,101.755751,whs,3224.99,1.8,33059,TSTRB6,4.3,29,0,,017-291 3203,Monday: 8:00?AM?–?10:00?PM | Tuesday: 8:00?AM?–?10:00?PM | Wednesday: 8:00?AM?–?10:00?PM | Thursday: 8:00?AM?–?10:00?PM | Friday: 8:00?AM?–?10:00?PM | Saturday: 8:00?AM?–?10:00?PM | Sunday: 8:00?AM?–?10:00?PM,,
IL03,KEDAI UBAT & RUNCIT LI KHONG,"1076  JLN SENTUL PASAR, 51000 KUALA LUMPUR",-,,Others,CENTRAL,CENTRAL,3.1945743,101.6905929,cmh,1063.89,3.6,33059,TSTK001,3.9,896,0,,03-4045 6993,Monday: 8:30?AM?–?10:00?PM | Tuesday: 8:30?AM?–?10:00?PM | Wednesday: 8:30?AM?–?10:00?PM | Thursday: 8:30?AM?–?10:00?PM | Friday: 8:30?AM?–?10:00?PM | Saturday: 8:30?AM?–?10:00?PM | Sunday: 8:30?AM?–?10:00?PM,https://m.facebook.com/PasarayaOTK/,
IL09,K/U & PER LIAN ANN,"32  JLN SIBU 8, TMN WAHYU BATU 6",-,JLN IPOH  K.L.,Others,CENTRAL,CENTRAL,3.211771,101.670548,spv,366.94,7.2,33059,TSTL003,3,7,0,,07-283 0123,Monday: 10:00?AM?–?10:00?PM | Tuesday: 10:00?AM?–?10:00?PM | Wednesday: 10:00?AM?–?10:00?PM | Thursday: 10:00?AM?–?10:00?PM | Friday: 10:00?AM?–?10:00?PM | Saturday: 10:00?AM?–?10:00?PM | Sunday: 10:00?AM?–?10:00?PM,https://www.eco-shop.com.my/,
IM01,MEDINA STORE,"NO 6 JALAN 10, GREENWOOD PARK",-,68100 BATU CAVES SELANGOR,Others,CENTRAL,CENTRAL,3.2336873,101.7060247,spv,1139.7,6.2,33059,TSTK001,5,5,0,,010-708 9093,Monday: Closed | Tuesday: 10:00?AM?–?10:00?PM | Wednesday: 10:00?AM?–?10:00?PM | Thursday: 10:00?AM?–?10:00?PM | Friday: 10:00?AM?–?10:00?PM | Saturday: 10:00?AM?–?10:00?PM | Sunday: 10:00?AM?–?6:00?PM,https://wa.me/message/CM2KJXBJ4OPLA1,
IM04,K/U & RUNCIT MAN SIONG,"NO. 10  JLN 7/18B TMN BATU, PERMAI  BATU 5 OFF JLN IPOH",-,51200 K.L.,Others,CENTRAL,CENTRAL,3.2072545,101.6772005,cmh,845.28,5.4,33059,TSTK001,0,0,0,,,,,
IN12,MY NSA SDN. BHD.,"LOT 1385,SHOP A-B-C-D,, JALAN BESAR KAMPUNG KUBU GAJAH,",47000,"SEKSYEN  U17,",Others,CENTRAL,CENTRAL,3.204381,101.515195,spv,4338.4,14.2,33059,TSTM011,3,2,0,,018-215 1385,"Monday: 7:00?AM?–?11:00?PM | Tuesday: 7:00?AM?–?11:00?PM | Wednesday: 7:00?AM?–?11:00?PM | Thursday: 7:00?AM?–?11:00?PM | Friday: 7:00?AM?–?12:00?PM, 2:00?–?11:00?PM | Saturday: 7:00?AM?–?11:00?PM | Sunday: 7:00?AM?–?11:00?PM",https://facebook.com/mynsagrocer,
IN14,NAZ STYLE ENTERPRISE,"NO 38A  JALAN PUBLIC, KG.BARU SG.BULOH",47000,SEK U19  SG.BULOH 47000,Others,CENTRAL,CENTRAL,3.1971133,101.5680883,spv,999.69,8.6,33059,TSTM011,0,0,0,,,,,
IN38,NAD SAMUDERA ENT (P.JARAS),"LOT 3233  BATU 15, PAYA JARAS DALAM",47000,SG.BULOH,Others,CENTRAL,CENTRAL,3.1932469,101.5483935,spv,5477.11,20.8,33059,TSTM011,0,0,0,,,,,
IP52,PASARAYA BERUNTUNG SDN BHD -JLN BUNGA KERTAS,"3 5 7  JLN BUNGA KERTAS 1D, BUKIT SENTOSA 48300",48300,RAWANG  SELANGOR.,Others,CENTRAL,CENTRAL,3.40095,101.5572133,spv,821.29,20.6,33059,TSTRB3,0,0,0,,,,,
IP53,PASARAYA BERUNTUNG SDN BHD- JLN ORKID,"NO.3G 5G DAN 7G, JLN ORKID 1F/1 BUKIT SENTOSA",48300,48300 RAWANG SELANGOR,Others,CENTRAL,CENTRAL,3.4039783,101.5595633,spv,2932.19,21.8,33059,TSTRB3,0,0,0,,,,,
IP54,PASARAYA BERUNTUNG -JLN SEROJA,"LOT 17251, JALAN SEROJA 3A/9",48300,BUKIT SENTOSA,Others,CENTRAL,CENTRAL,3.4162517,101.58347,spv,506.1,13.4,33059,TSTRB3,0,0,0,,,,,
IS08,KEDAI U&R SENG SOON SDN BHD,"1068  JLN SENTUL, 51200 KUALA LUMPUR",-,,Others,CENTRAL,CENTRAL,3.1943667,101.6906967,spv,-8.88,0,33059,TSTL002,3.9,896,0,,03-4045 6993,Monday: 8:30?AM?–?10:00?PM | Tuesday: 8:30?AM?–?10:00?PM | Wednesday: 8:30?AM?–?10:00?PM | Thursday: 8:30?AM?–?10:00?PM | Friday: 8:30?AM?–?10:00?PM | Saturday: 8:30?AM?–?10:00?PM | Sunday: 8:30?AM?–?10:00?PM,https://m.facebook.com/PasarayaOTK/,
IS15,SALMA STORE - TMN MELEWAR,"31  JALAN BATU GELIGA 3, TAMAN MELEWAR  BATU CAVES",-,68100 KUALA LUMPUR,Others,CENTRAL,CENTRAL,3.220815,101.6999983,spv,-380.99,0,33059,TSTL002,0,0,0,,,,,
IT03,K/U TAI PIEH SDN BHD,"43A-0-6  3/48A, SENTUL PERDANA",-,BANDAR BARU SENTUL  51000 KL,Others,CENTRAL,CENTRAL,3.1827023,101.6970951,cmh,1559.46,4.2,33059,TSTK001,0,0,0,,,Monday: Open 24 hours | Tuesday: Open 24 hours | Wednesday: Open 24 hours | Thursday: Open 24 hours | Friday: Open 24 hours | Saturday: Open 24 hours | Sunday: Open 24 hours,,
IT04,IBRAMALI MART,"109  JLN SENTUL PASAR, 51000 K.L.",51000,,Others,CENTRAL,CENTRAL,3.188681,101.6911594,cmh,0,0,33059,TSTK001,3.9,896,0,,03-4045 6993,Monday: 8:30?AM?–?10:00?PM | Tuesday: 8:30?AM?–?10:00?PM | Wednesday: 8:30?AM?–?10:00?PM | Thursday: 8:30?AM?–?10:00?PM | Friday: 8:30?AM?–?10:00?PM | Saturday: 8:30?AM?–?10:00?PM | Sunday: 8:30?AM?–?10:00?PM,https://m.facebook.com/PasarayaOTK/,
IT08,TOLY JAYA MARKETING,"11-G-2   JALAN MEWAH 4, PANDAN MEWAH 68000 AMPANG",68000,SELANGOR DARUL EHSAN.,Others,CENTRAL,CENTRAL,3.1300583,101.7644233,whs,3599.68,1,33059,TSTRB3,5,4,0,,018-374 4636,Monday: 7:00?AM?–?11:00?PM | Tuesday: 7:00?AM?–?11:00?PM | Wednesday: 7:00?AM?–?11:00?PM | Thursday: 7:00?AM?–?11:00?PM | Friday: 7:00?AM?–?11:00?PM | Saturday: 7:00?AM?–?10:30?PM | Sunday: 7:00?AM?–?11:00?PM,,
IT13,PERNIAGAAN TACK SING,"43-G  1/23F, OFF JLN LANGKAWI",-,TMN TERATAI MEWAH  SETAPAK,Others,CENTRAL,CENTRAL,3.200667,101.709824,cmh,1585.25,10.4,33059,TSTL003,3.1,13,0,,03-3362 6863,Monday: 10:00?AM?–?10:00?PM | Tuesday: 10:00?AM?–?10:00?PM | Wednesday: 10:00?AM?–?10:00?PM | Thursday: 10:00?AM?–?10:00?PM | Friday: 10:00?AM?–?10:00?PM | Saturday: 10:00?AM?–?10:00?PM | Sunday: 10:00?AM?–?10:00?PM,http://www.99speedmart.com.my/,
IT86,PASAR MINI TAJ MAJU -SENTUL,"209-00-09  JALAN DATO SENU 26, TAMAN DATO SENU 51000",51000,SENTUL UTAMA KUALA LUMPUR,Others,CENTRAL,CENTRAL,3.1951649,101.6984151,spv,142.07,8.4,33059,TSTK001,0,0,0,,,,,
IU04,USAHA KAWAN SERVICES,"LOT 3067 A2 BATU 14 1/2, KAMPUNG G PAYA JARAS",47100,SG.BULOH,Others,CENTRAL,CENTRAL,3.2005411,101.5540188,whs,1837.2,0.4,33059,TSTM011,0,0,0,,,,,
IV07,KEDAI UBAT DAN RUNCIT VENGANTAI,"NO.29G   JLN BRP 6/12, BUKIT RAHMAN PUTRA",-,40160 SUNGAI BULOH SELANGOR,Others,CENTRAL,CENTRAL,3.2279422,101.5583889,cmh,588.13,5,33059,TSTM011,3.8,4,0,,,Monday: Closed | Tuesday: 6:30?AM?–?12:00?PM | Wednesday: Closed | Thursday: 6:30?AM?–?12:00?PM | Friday: Closed | Saturday: 6:30?AM?–?12:00?PM | Sunday: 6:30?AM?–?12:00?PM,,
IW24,KEDAI UBAT DAN BARANG-BARANG RUNCIT WEI POH,"NO.1 & 2  JALAN 1/1, TAMAN DESA COUNTRY HOMES",45000,RAWANG  45000 SELANGOR,Others,CENTRAL,CENTRAL,3.3283333,101.528285,cmh,10008.38,20.4,33059,TSTRB3,3.7,3,0,,012-367 3610,Monday: 8:00?AM?–?10:00?PM | Tuesday: 8:00?AM?–?10:00?PM | Wednesday: 8:00?AM?–?10:00?PM | Thursday: 8:00?AM?–?10:00?PM | Friday: 8:00?AM?–?10:00?PM | Saturday: Closed | Sunday: Closed,,
JA31,BISMI BEST MART,"NO 12, JALAN 4/2I, BATU CAVES",68100,BANDAR BARU SELAYANG,Others,CENTRAL,CENTRAL,3.2674713,101.6734146,spv,4504.78,17.6,33059,TSTK001,3.9,128,0,,03-3362 6863,Monday: 10:00?AM?–?10:00?PM | Tuesday: 10:00?AM?–?10:00?PM | Wednesday: 10:00?AM?–?10:00?PM | Thursday: 10:00?AM?–?10:00?PM | Friday: 10:00?AM?–?10:00?PM | Saturday: 10:00?AM?–?10:00?PM | Sunday: 10:00?AM?–?10:00?PM,http://www.99speedmart.com.my/,
JB02,VAN SEN FOH  -BAN SANG WOH,"17  JLN KUALA KALI RASA, SELANGOR",-,,Others,CENTRAL,CENTRAL,3.49632,101.6331767,cmh,1613.28,5.6,33059,TSTRB3,0,0,0,,011-7226 8665,,,
JB03,PASARAYA BERUNTUNG S/B,"13 15 17  JLN. MELATI 4, SEK. BB 11 BDR BERUNTUNG  48300 RAWANG SELANGOR",-,,Others,CENTRAL,CENTRAL,3.4071483,101.5543117,spv,1804.12,13.8,33059,TSTRB3,0,0,0,,,,,
JB10,PASARAYA B & O SDN BHD,"21-27  JLN 46B/26, PUSAT BANDAR RAMPAI",-,53300 KUALA LUMPUR,Others,CENTRAL,CENTRAL,3.195584,101.730802,spv,13306.46,22.6,33059,TSTL003,0,0,0,,,,,
JC01,P/R CHEE SENG,"35  JLN MELATI 2A, BUKIT BERUNTUNG",-,SELANGOR D.E.,Others,CENTRAL,CENTRAL,3.4070833,101.5556617,spv,659.58,5.8,33059,TSTRB3,0,0,0,,,,,
JC04,A MART SUPERSTORE SDN BHD,"G-7, 33",50450,JALAN YAP KWAN SENG,Others,CENTRAL,CENTRAL,3.1630315,101.7147153,spv,16092.42,9,33059,TSTRB3,5,1,0,,011-6422 8988,,,
JC14,CASH,-,-,,Others,CENTRAL,CENTRAL,0,0,cash,0,0,33059,TSTA001,4.4,7,0,,012-399 7152,Monday: 9:30?AM?–?9:30?PM | Tuesday: 9:30?AM?–?10:00?PM | Wednesday: 9:30?AM?–?9:30?PM | Thursday: 9:30?AM?–?9:30?PM | Friday: 9:30?AM?–?9:30?PM | Saturday: 9:30?AM?–?9:30?PM | Sunday: 9:00?AM?–?9:30?PM,,
JF05,CHOP NG FOH,"25A KG BARU KUNDANG, 43020 RAWANG SELANGOR",-,,Others,CENTRAL,CENTRAL,3.2788817,101.5148733,spv,882.82,4.6,33059,TSTM011,0,0,0,,,,,
JH14,PASARAYA & UBAT HON MENG,"42 & 44 JLN SJ 3, SELAYANG JAYA BATU CAVES",-,68100 SELANGOR,Others,CENTRAL,CENTRAL,3.238235,101.651489,cmh,1101.41,7,33059,TSTL003,4.1,75,0,ChIJIST4uPtGzDEROgJ2GIyyRms,03-6127 7899,Monday: 8:00?AM?–?6:30?PM | Tuesday: 8:00?AM?–?6:30?PM | Wednesday: 8:00?AM?–?6:30?PM | Thursday: 8:00?AM?–?6:30?PM | Friday: 8:00?AM?–?6:30?PM | Saturday: 8:00?AM?–?6:30?PM | Sunday: Closed,https://www.facebook.com/%E6%B1%89%E6%98%8E%E5%8F%82%E8%8C%B8%E8%8D%AF%E8%A1%8C%E5%95%86%E5%BA%97-Pasaraya-Dan-Ubat-Hon-Meng-106261404989536/,
JI02,I.M. ESMAIL,"LBKL 7 BATU 3 3/4, JALAN GOMBAK",-,53000 K.LUMPUR,Others,CENTRAL,CENTRAL,3.1999686,101.7058772,spv,1361.95,10.6,33059,TSTL003,4,5,0,,,Monday: 8:30?AM?–?8:00?PM | Tuesday: 8:30?AM?–?8:00?PM | Wednesday: 8:30?AM?–?8:00?PM | Thursday: 8:30?AM?–?8:00?PM | Friday: 8:30?AM?–?8:00?PM | Saturday: 8:30?AM?–?8:00?PM | Sunday: 8:30?AM?–?8:00?PM,,
JI04,SETOR INSAF,"NO.7 JALAN ABDUL HAMID, 44000 KUALA KUBU BARU",-,,Others,CENTRAL,CENTRAL,3.5648183,101.6594033,spv,10109.9,17.4,33059,TSTRB3,4.1,105,0,,,Monday: 9:00?AM?–?9:00?PM | Tuesday: 9:00?AM?–?9:00?PM | Wednesday: 9:00?AM?–?9:00?PM | Thursday: 9:00?AM?–?9:00?PM | Friday: 9:00?AM?–?9:00?PM | Saturday: 9:00?AM?–?9:00?PM | Sunday: 9:00?AM?–?9:00?PM,,
JI05,YA NUR SUPERMART,"NO.142,, JALAN 11,",68100,"SELAYANG BARU,",Others,CENTRAL,CENTRAL,3.2592367,101.6691083,spv,156.13,6.2,33059,TSTK001,0,0,0,,,,,
JJ01,PERNIAGAAN UBAT & UBAT JIN FATT,"44  JLN KAMARUDDIN, KUALA KUBU BARU",-,SELANGOR,Others,CENTRAL,CENTRAL,3.56473,101.65946,cmh,161.88,4,33059,TSTRB3,4.1,105,0,,,Monday: 9:00?AM?–?9:00?PM | Tuesday: 9:00?AM?–?9:00?PM | Wednesday: 9:00?AM?–?9:00?PM | Thursday: 9:00?AM?–?9:00?PM | Friday: 9:00?AM?–?9:00?PM | Saturday: 9:00?AM?–?9:00?PM | Sunday: 9:00?AM?–?9:00?PM,,
JJ12,P/R J H KOTA DAMANSARA,"5 & 7 JLN CECAWI PSB 6/19B, SEKSYEN 6 KOTA DAMANSARA 47000 SG BULOH",-,,Others,CENTRAL,CENTRAL,3.1591546,101.5740388,spv,709.1,3.8,33059,TSTM011,3.8,136,0,,03-6144 5243,Monday: 9:00?AM?–?8:00?PM | Tuesday: 9:00?AM?–?8:00?PM | Wednesday: 9:00?AM?–?8:00?PM | Thursday: 9:00?AM?–?8:00?PM | Friday: 9:00?AM?–?8:00?PM | Saturday: 9:00?AM?–?8:00?PM | Sunday: 9:00?AM?–?8:00?PM,,
JK07,KWONG ONN,"3  JLN ABDUL HAMID, KUALA KUBU BHARU",44000,44000 SELANGOR,Others,CENTRAL,CENTRAL,3.5631348,101.6586374,whs,10023.89,1.2,33059,TSTL002,4.1,105,0,,,Monday: 9:00?AM?–?9:00?PM | Tuesday: 9:00?AM?–?9:00?PM | Wednesday: 9:00?AM?–?9:00?PM | Thursday: 9:00?AM?–?9:00?PM | Friday: 9:00?AM?–?9:00?PM | Saturday: 9:00?AM?–?9:00?PM | Sunday: 9:00?AM?–?9:00?PM,,
JK19,KONG MING,"299  NEW VILLAGE, 44000 KUALA KUBU BHARU",-,HULU SELANGOR D.E.,Others,CENTRAL,CENTRAL,3.5631667,101.6649067,spv,412.3,7.8,33059,TSTRB3,0,0,0,,,,,
JK33,KEDAI RUNCIT ABBAS RIYAZ,"LOT 8805  JLN NAKHODA KIRI, KG NAKHODA",-,BATU CAVES 68100 SELANGOR,Others,CENTRAL,CENTRAL,3.2529747,101.6834717,spv,1076.91,7.2,33059,TSTK001,4,221,0,,,Monday: 8:00?AM?–?10:00?PM | Tuesday: 8:00?AM?–?10:00?PM | Wednesday: 8:00?AM?–?10:00?PM | Thursday: 8:00?AM?–?10:00?PM | Friday: 8:00?AM?–?10:00?PM | Saturday: 8:00?AM?–?10:00?PM | Sunday: 8:00?AM?–?10:00?PM,,
JK41,PASAR MINI KUMERAS (1),"1,JALAN 2A/1,, TAMAN BANDAR BARU SELAYANG,FASA -II,",68100,BATU CAVES,Others,CENTRAL,CENTRAL,3.262855,101.67803,spv,2307.8,8,33059,TSTK001,4.4,22,0,ChIJ_UfALjFHzDERNU1Yh8y2VCY,03-6187 6109,Monday: 7:30?AM?–?10:00?PM | Tuesday: 7:30?AM?–?10:00?PM | Wednesday: 7:30?AM?–?10:00?PM | Thursday: 7:30?AM?–?10:00?PM | Friday: 7:30?AM?–?10:00?PM | Saturday: 7:30?AM?–?10:00?PM | Sunday: 7:30?AM?–?10:00?PM,,
JL13,PASAR MINI JAYA TIMUR,"5 JALAN SP 1/2 SEKSEN 1, TAMAN SUBANG PERDANA",-,40000 SHAH ALAM SELANGOR,Others,CENTRAL,CENTRAL,3.1552867,101.5383,spv,1122.76,13.2,33059,TSTM011,5,2,0,,010-702 2983,,,
JM13,PASAR MINI MUTAKHIR,"LOT 2453 BT 171/4, JLN KUANG  KUANG",-,SELANGOR D.E.,Others,CENTRAL,CENTRAL,3.2252142,101.5343111,spv,8317.81,17.2,33059,TSTM011,0,0,0,,,,,
JR10,PERNIAGAAN RASA UTAMA,"21  JLN CEMPERAI 4, 44200 RASA SEL",-,,Others,CENTRAL,CENTRAL,3.4879567,101.6315233,spv,438.95,12.6,33059,TSTRB3,0,0,0,,,,,
JS03,PASARAYA SRI RAWANG SDN BHD,"6 8 & 12 JLN 5, TMN SRI RAWANG.",-,48000 RAWANG SEL,Others,CENTRAL,CENTRAL,3.319495,101.5655967,spv,1372.49,5.4,33059,TSTRB3,3.9,48,0,ChIJGV4W7PlCzDERlwZ5T7TvSzM,,Monday: 9:30?AM?–?8:00?PM | Tuesday: 9:30?AM?–?8:00?PM | Wednesday: 9:30?AM?–?8:00?PM | Thursday: 9:30?AM?–?8:00?PM | Friday: 9:30?AM?–?8:00?PM | Saturday: 9:30?AM?–?8:00?PM | Sunday: 9:30?AM?–?1:00?PM,,
JS16,KEDAI UBAT SOO CHOON,"F-1706  MAIN STREET, BATU ARANG",-,SELANGOR,Others,CENTRAL,CENTRAL,3.316329,101.471599,spv,599.24,1.6,33059,TSTRB3,2.5,2,0,,,,,
JS44,PASAR MINI SELAYANG,"16  JALAN 10, TAMAN SELAYANG",-,68100 BATU CAVES SELANGOR,Others,CENTRAL,CENTRAL,3.2410683,101.6741067,spv,3505.6,16,33059,TSTK001,3.7,6,0,,014-992 2372,Monday: 9:00?AM?–?8:00?PM | Tuesday: 9:00?AM?–?8:00?PM | Wednesday: 9:00?AM?–?6:00?PM | Thursday: 9:00?AM?–?8:00?PM | Friday: 9:00?AM?–?8:00?PM | Saturday: 9:00?AM?–?8:00?PM | Sunday: 9:00?AM?–?8:00?PM,,
JS52,ALIZA NIAGA,"1315  BATU 6, JALAN GOMBAK",-,53100 SELANGOR D.E.,Others,CENTRAL,CENTRAL,3.2258352,101.714743,spv,0,0,33059,TSTK001,0,0,0,,011-1282 5410,,,
JS67,PASARAYA AWANY,"LOT 2284 JALAN GOMBAK, BATU 8 1/4",-,68100 BT CAVES SELANGOR,Others,CENTRAL,CENTRAL,3.2200917,101.6184583,spv,0,0,33059,TSTL002,0,0,0,,,,,
JS70,PERNIAGAAN SAALIHIN,"5  JALAN MERANTI 2-B, BANDAR UTAMA BATANG KALI  SEKSYEN 3  43300 BATANG",-,,Others,CENTRAL,CENTRAL,3.4612183,101.65502,spv,2508.56,23,33059,TSTRB3,4.2,6,0,,,Monday: 9:00?AM?–?9:00?PM | Tuesday: 9:00?AM?–?9:00?PM | Wednesday: 9:00?AM?–?9:00?PM | Thursday: 9:00?AM?–?9:00?PM | Friday: 9:00?AM?–?9:00?PM | Saturday: 9:00?AM?–?9:00?PM | Sunday: 9:00?AM?–?9:00?PM,,
JT01,THUNG TUCK MEDICINE TRADING,"15  JALAN ORKID 1B, BUKIT SENTOSA  RAWANG",-,48300 SELANGOR D.E.,Others,CENTRAL,CENTRAL,3.401655,101.5589017,cmh,191.61,5.4,33059,TSTRB3,0,0,0,,,,,
JT09,TUNG YUAN,"15  JLN KUALA KALI RASA, RASA  44200 HULU SELANGOR",-,,Others,CENTRAL,CENTRAL,3.49632,101.6331767,spv,690.38,8.8,33059,TSTRB3,0,0,0,,011-7226 8665,,,
JT10,THONG HING 00017653-P,"F1698  JLN BESAR, 48100 BATU ARANG  SELANGOR D.E.",-,,Others,CENTRAL,CENTRAL,3.3170327,101.4747969,spv,4556.22,7.2,33059,TSTRB3,2.5,2,0,,,,,
JT22,K/U& R THUNG YAT,"4  JLN BERSATU 12, TMN BERSATU 48000",-,RAWANG SELANGOR,Others,CENTRAL,CENTRAL,3.3074482,101.5807386,cmh,1120.48,6.4,33059,TSTRB3,4,437,0,,03-6091 0500,Monday: 9:00?AM?–?9:00?PM | Tuesday: 9:00?AM?–?9:00?PM | Wednesday: 9:00?AM?–?9:00?PM | Thursday: 9:00?AM?–?9:00?PM | Friday: 9:00?AM?–?9:00?PM | Saturday: 9:00?AM?–?9:00?PM | Sunday: 9:00?AM?–?9:00?PM,https://m.facebook.com/pages/Pasaraya-Soon-Huat/246561688791772,
JT23,PASARAYA THAI YEAN (CAWANGAN),"1 2 JLN SILANG, 58000 RAWANG  SELANGOR",-,,Others,CENTRAL,CENTRAL,3.3226122,101.5745816,spv,5056.69,12.2,33059,TSTRB3,3.9,825,0,,03-7723 9393,Monday: 9:00?AM?–?10:00?PM | Tuesday: 9:00?AM?–?10:00?PM | Wednesday: 9:00?AM?–?10:00?PM | Thursday: 9:00?AM?–?10:00?PM | Friday: 9:00?AM?–?10:00?PM | Saturday: 9:00?AM?–?10:00?PM | Sunday: 9:00?AM?–?10:00?PM,http://www.giant.com.my/,
JT31,M.S.TAJ TRADING,"8 JLN 7/18B, TAMAN BATU PERMAI",-,BATU 5 OFF JALAN IPOH 51200 KL,Others,CENTRAL,CENTRAL,3.2070955,101.6772106,spv,0,0,33059,TSTK001,0,0,0,,,,,
JU04,PASAR MINI USWAH,"4  JLN NURI 7/B  SEKSYEN 7, KOTA DAMANSARA",-,47810 PJ  SELANGOR,Others,CENTRAL,CENTRAL,3.1731391,101.5759382,spv,1636.54,8.6,33059,TSTM011,4,173,0,,03-6143 7173,Monday: 8:00?AM?–?8:00?PM | Tuesday: 8:00?AM?–?8:00?PM | Wednesday: 8:00?AM?–?8:00?PM | Thursday: 8:00?AM?–?8:00?PM | Friday: 8:00?AM?–?8:00?PM | Saturday: 8:00?AM?–?8:00?PM | Sunday: 8:00?AM?–?8:00?PM,,
JV02,SYKT VIVEKI,"22  GERAI M.D.H.S, 44300 BATANG KALI",-,HULU SELANGOR,Others,CENTRAL,CENTRAL,3.4690433,101.6416117,spv,270.67,6.2,33059,TSTRB3,2.4,14,0,,03-6057 1094,Monday: Open 24 hours | Tuesday: Open 24 hours | Wednesday: Open 24 hours | Thursday: Open 24 hours | Friday: Open 24 hours | Saturday: Open 24 hours | Sunday: Open 24 hours,http://www.7eleven.com.my/,
JW03,WENG LEE,"10 ULU YAM LAMA, SELANGOR",44300,,Others,CENTRAL,CENTRAL,3.454235,101.6410167,spv,557.81,7.4,33059,TSTRB3,0,0,0,,,,,
JW24,SYARIKAT WING FATT,"11-12  JLN BESAR SG BULUH, NEW VILLAGE  SELANGOR",-,,Others,CENTRAL,CENTRAL,3.197165,101.5676167,spv,1363.34,6.4,33059,TSTM011,0,0,0,,,,,
JY04,PASARAYA Y.S.T - ULU YAM BARU,"8 9 JLN BESAR, SEK 1 ULU YAM BARU",44300,44300 BATANG KALI SELANGOR,Others,CENTRAL,CENTRAL,3.4318783,101.658645,spv,872.03,24,33059,TSTRB3,3.4,10,0,,03-6075 2719,Monday: Open 24 hours | Tuesday: Open 24 hours | Wednesday: Open 24 hours | Thursday: Open 24 hours | Friday: Open 24 hours | Saturday: Open 24 hours | Sunday: Open 24 hours,http://www.7eleven.com.my/,
JY14,YAT FONG HERBS 'N' FOODS SDN BHD,"31-41, JALAN BUNGA KERTAS 1B,, BUKIT SENTOSA,",48300,"RAWANG,",Others,CENTRAL,CENTRAL,3.399263,101.558884,spv,1776.76,8.4,33059,TSTK001,0,0,0,,,,,
KA09,MARJU ENTERPRISE,"LOT 371,, JALAN SUNGAI TUA, KG KELAKSAMARA,",68100,"BATU CAVES,",Others,CENTRAL,CENTRAL,3.2487383,101.6760233,spv,581,7.8,33059,TSTK001,0,0,0,,,,,
KA109,AJMEER ENTERPRISE,"A-G-1  CONDOMINIUM VILLA ORKID, NO 2  JALAN PRIMA  PELANGI 7",51200,KUALA LUMPUR.,Others,CENTRAL,CENTRAL,3.1777535,101.6443424,spv,1270.33,12.2,33059,TSTRB6,0,0,0,,,,,
KA114,UTAMA ANANDA ENTERPRISE 1,"NO. 6 JALAN 57, SELAYANG BARU",68100,BATU CAVES,Others,CENTRAL,CENTRAL,3.256057,101.6688448,spv,16.66,0.8,33059,TSTK001,0,0,0,,,,,
KA55,KEDAI RUNCIT ATRAKANA,"LOT 4 JALAN DEWAN, BT 6 3/4 SIMPANG TIGA",-,GOMBAK  53100 KUALA LUMPUR,Others,CENTRAL,CENTRAL,3.2321934,101.7071979,spv,1188.24,11.2,33059,TSTK001,4,4,0,,016-670 5405,Monday: 8:00?AM?–?11:00?PM | Tuesday: 8:00?AM?–?11:00?PM | Wednesday: 8:00?AM?–?11:00?PM | Thursday: 8:00?AM?–?11:00?PM | Friday: 8:00?AM?–?11:00?PM | Saturday: 8:00?AM?–?11:00?PM | Sunday: 8:00?AM?–?11:00?PM,,
KA58,MULTI NATION SDN BHD,"100  JLN GURNEY, KUALA LUMPUR",-,,Others,CENTRAL,CENTRAL,3.0044617,101.6228417,spv,0,0,33059,TSTK001,0,0,0,,,,,
KA62,ASFN MINI MARKET,"LOT 3A  LORONG 57, JLN 11  SELAYANG BARU",-,68100 BATU CAVES  SELANGOR,Others,CENTRAL,CENTRAL,3.255779,101.668007,spv,1197.13,8,33059,TSTK001,0,0,0,,,,,
KA78,KEDAI RUNCIT ASBON BIN DAMANI,"NO. 8441  JALAN NAKHOD  KANA, 68100 BATU CAVES",-,SELANGOR DARUL EHSAN.,Others,CENTRAL,CENTRAL,3.2505745,101.6759146,spv,1065.34,4.2,33059,TSTK001,0,0,0,,,,,
KA84,AL NASEREEN TRADING-WANGSA MAJU,"10  JALAN 11/5, TAMAN MELATI",53100,KUALA LUMPUR,Others,CENTRAL,CENTRAL,3.225055,101.723068,spv,1532.3,11.6,33059,TSTK001,0,0,0,,,,,
KA94,HATIJAH LEGACY,"NO. 4,, JALAN 3/8,, SELANGOR.",68100,"BANDAR BARU SELAYANG,",Others,CENTRAL,CENTRAL,3.2523783,101.6502483,spv,723.8,10.6,33059,TSTK001,0,0,0,,,,,
KB06,BARATHIS TRADING,"NO. 24A JALAN BESAR, SELAYANG BARU",-,68100 BATU CAVES  SELANGOR,Others,CENTRAL,CENTRAL,3.2457831,101.6701515,spv,467.79,4.8,33059,TSTK001,0,0,0,,,,,
KB23,MMA GLOBAL RESOURCES SDN BHD,"BLOCK C NO C-0-8, JALAN 3/23D",-,RUMAH PANGSA,Others,CENTRAL,CENTRAL,3.0043513,101.6228815,spv,2083.33,6.6,33059,TSTL002,0,0,0,,,,,
KB56,BAJARIA ENTERPRISE,"LOT 2722  JALAN PERMATA 4, TAMAN PERMATA",53300,53300 ULU KLANG  SELANGOR,Others,CENTRAL,CENTRAL,3.2066024,101.7508304,spv,1964.48,9.8,33059,TSTK001,4.2,430,0,,03-4162 0681,Monday: 10:00?AM?–?10:00?PM | Tuesday: 10:00?AM?–?10:00?PM | Wednesday: 10:00?AM?–?10:00?PM | Thursday: 10:00?AM?–?10:00?PM | Friday: 10:00?AM?–?10:00?PM | Saturday: 10:00?AM?–?10:00?PM | Sunday: 10:00?AM?–?10:00?PM,https://www.hari.com.my/,
KB57,PASAR MINI AL SELAMAT,"NO.24 PERSIARAN 1/12, KAMPUNG BATU MUDA JALAN IPOH",68100,BATU CAVES,Others,CENTRAL,CENTRAL,3.2164554,101.6865384,spv,0,0,33059,TSTK001,0,0,0,,,,,
KC40,KEDAI BARANGAN BERANEKA CHAI CHIN,"NO. 33  JALAN TUN TEJA 1, TMN T.TEJA",-,48000 RAWANG,Others,CENTRAL,CENTRAL,3.2980567,101.59192,spv,300.92,8.4,33059,TSTRB3,3.9,63,0,,03-3362 6863,Monday: 10:00?AM?–?10:00?PM | Tuesday: 10:00?AM?–?10:00?PM | Wednesday: 10:00?AM?–?10:00?PM | Thursday: 10:00?AM?–?10:00?PM | Friday: 10:00?AM?–?10:00?PM | Saturday: 10:00?AM?–?10:00?PM | Sunday: 10:00?AM?–?10:00?PM,http://www.99speedmart.com.my/,
KC47,CHOP SOON HUNG CHAN,"F1788 JALAN BESAR BATU ARANG, 46100 SELANGOR",-,,Others,CENTRAL,CENTRAL,3.3149679,101.4711639,spv,300,9.6,33059,TSTRB3,2.5,2,0,,,,,
KF35,FAHIMA STORE,"KOTA WARISAN, SELAYANG BAHAGIA",-,LEBUH RAYA SELAYANG,Others,CENTRAL,CENTRAL,3.244643,101.653732,spv,344.39,4.4,33059,TSTK001,4.1,3441,0,,07-283 0123,Monday: 9:30?AM?–?10:30?PM | Tuesday: 9:30?AM?–?10:30?PM | Wednesday: 9:30?AM?–?10:30?PM | Thursday: 9:30?AM?–?10:30?PM | Friday: 9:30?AM?–?10:30?PM | Saturday: 9:30?AM?–?10:30?PM | Sunday: 9:30?AM?–?10:30?PM,http://www.eco-shop.com.my/,
KH25,KEDAI DEPAN ONE RIZQAH ENTERPRISE,"224, JALAN DATOK KERAMAT,",54000,KAMPUNG DATOK KERAMAT,Others,CENTRAL,CENTRAL,3.165335,101.7326583,spv,288.49,7.2,33059,TSTK001,4.2,190,0,,03-4053 5004,"Monday: 9:00?AM?–?9:00?PM | Tuesday: 9:00?AM?–?9:00?PM | Wednesday: 9:00?AM?–?9:00?PM | Thursday: 9:00?AM?–?9:00?PM | Friday: 9:00?AM?–?12:30?PM, 2:00?–?9:00?PM | Saturday: 9:00?AM?–?9:00?PM | Sunday: 9:00?AM?–?9:00?PM",,
KH27,HF PEARL ENTERPRISE,"09-00-01,PPR JELATEK,, OFF JALAN AMPANG,KG",54000,"BEREMBANG HILIR,",Others,CENTRAL,CENTRAL,3.16372,101.7360167,spv,194.44,7.4,33059,TSTK001,5,5,0,,07-283 0123,Monday: 10:00?AM?–?10:00?PM | Tuesday: 10:00?AM?–?10:00?PM | Wednesday: 10:00?AM?–?10:00?PM | Thursday: 10:00?AM?–?10:00?PM | Friday: 10:00?AM?–?10:00?PM | Saturday: 10:00?AM?–?10:00?PM | Sunday: 10:00?AM?–?10:00?PM,https://www.eco-shop.com.my/,
KH72,HAVVA MINI MART (RAMPIA),"25-G   JALAN RAMPAI NIAGA 3, MEDAN NIAGA RAMPIA",53300,53300 KUALA LUMPUR,Others,CENTRAL,CENTRAL,3.19801,101.728691,spv,1467.71,9.6,33059,TSTK001,0,0,0,,,,,
KI07,SAUJANA INDAH DAMAI ENTERPRISE,"GRD FLOOR,BLOCK C,, JALAN 13/21D,MEDAN IDAMAN,",53100,KUALA LUMPUR,Others,CENTRAL,CENTRAL,3.20879,101.7102433,spv,367.44,0.4,33059,TSTK001,4.4,7,0,,018-397 6371,Monday: 8:00?AM?–?11:00?PM | Tuesday: 8:00?AM?–?11:00?PM | Wednesday: 8:00?AM?–?11:00?PM | Thursday: 8:00?AM?–?11:00?PM | Friday: 8:00?AM?–?11:00?PM | Saturday: 8:00?AM?–?11:00?PM | Sunday: 8:00?AM?–?11:00?PM,https://m.facebook.com/Bandaradenglobal/,
KI13,ILHAM MINI MARKET,"51E  PT 26498 JALAN 11, SELAYANG PERMAI OFF SELAYANG BARU",-,68100 BATU CAVES,Others,CENTRAL,CENTRAL,3.2590517,101.6688467,spv,578.37,9.2,33059,TSTK001,0,0,0,,,,,
KI16,INDAH REZEKI ENTERPRISE,"LOT 1311-15  JALAN KERDAS 4, BATU 6  OFF JALAN GOMBAK",-,53100 KUALA LUMPUR,Others,CENTRAL,CENTRAL,3.2234201,101.710346,spv,1331.41,7,33059,TSTK001,3.7,3,0,,03-6184 1253,Monday: 8:00?AM?–?8:00?PM | Tuesday: 8:00?AM?–?8:00?PM | Wednesday: 8:00?AM?–?8:00?PM | Thursday: 8:00?AM?–?8:00?PM | Friday: 8:00?AM?–?8:00?PM | Saturday: 8:00?AM?–?8:00?PM | Sunday: 8:00?AM?–?8:00?PM,,
KI28,KR SINAR CAHAYA ENTERPRISE,"59 -16 TAMAN KOPERASI POLIS 2, SELANGOR DARUL EHSAN",-,,Others,CENTRAL,CENTRAL,3.2202983,101.6186167,spv,0,0,33059,TSTL002,0,0,0,,,,,
KJ03,PERNIAGAAN BARONA JAYA (SENTUL),"80 TKT BAWAH, JALAN DATO SENU 4",51000,TAMAN DATO SENU SENTUL,Others,CENTRAL,CENTRAL,3.193548,101.6961,spv,359.02,6.2,33059,TSTK001,0,0,0,,016-658 4610,Monday: 5:00?AM?–?1:00?PM | Tuesday: 5:00?AM?–?1:00?PM | Wednesday: 5:00?AM?–?1:00?PM | Thursday: 5:00?AM?–?1:00?PM | Friday: 5:00?AM?–?12:30?PM | Saturday: 5:00?AM?–?1:00?PM | Sunday: 5:00?AM?–?1:00?PM,,
KK03,PASAR MINI SELVARAJ,"NO.16 JALAN3/8, BANDAR BARU SELAYANG, BATU CAVES",68100,SELANGOR,Others,CENTRAL,CENTRAL,3.25261,101.6500683,spv,1106.88,7.8,33059,TSTK001,0,0,0,,,,,
KK11,KEDAI KELUARGA RIA,"BLOK A NO: 7, PANGSAPURI BUKIT BARU",-,JLN KERAMAT HUJONG ATAS,Others,CENTRAL,CENTRAL,3.174635,101.732765,spv,523.04,10.6,33059,TSTK001,0,0,0,,,,,
KK130,JOM GROCER SDN BHD,"UNIT G-38, SEASON GARDEN RESIDENSI,, LOT 7, JALAN 1/27E,",53300,KUALA LUMPUR,Others,CENTRAL,CENTRAL,3.1878133,101.7349217,spv,1076,7.4,33059,TSTK001,0,0,0,,,,,
KK134,KEDAI RUNCIT YUSIDA,"LOT.536, KAMPUNG PANDAN",51100,BALANG,Others,CENTRAL,CENTRAL,3.21798,101.7020567,spv,0,0,33059,TSTL002,4.4,46,0,,,Monday: Closed | Tuesday: 8:00?AM?–?12:00?AM | Wednesday: 8:00?AM?–?12:00?AM | Thursday: 8:00?AM?–?12:00?AM | Friday: 8:00?AM?–?12:00?AM | Saturday: 8:00?AM?–?12:00?AM | Sunday: 8:00?AM?–?12:00?AM,,
KK18,PERNIAGAAN KANA RIZKI,"40 JALAN BULAN H U5/H, BANDAR PINGGIRAN SUBANG",-,40150 SHAH ALAM SELANGOR,Others,CENTRAL,CENTRAL,3.1624833,101.5487567,spv,733.38,11.2,33059,TSTM011,4.3,43,0,,07-283 0123,Monday: 10:00?AM?–?10:00?PM | Tuesday: 10:00?AM?–?10:00?PM | Wednesday: 10:00?AM?–?10:00?PM | Thursday: 10:00?AM?–?10:00?PM | Friday: 10:00?AM?–?10:00?PM | Saturday: 10:00?AM?–?10:00?PM | Sunday: 10:00?AM?–?10:00?PM,https://www.eco-shop.com.my/,
KK23,KANA REZKI ENTERPRISE,"LOT 544-10, KAMPONG PADANG BALANG",-,SENTUL 51100 K.L,Others,CENTRAL,CENTRAL,3.2143817,101.6997567,spv,0,0,33059,TSTL002,0,0,0,,,,,
KK54,PASARAYA KUMARES,"NO.10,JALAN SJ 3,, TAMAN SELAYANG JAYA..",68100,"BATU CAVES,",Others,CENTRAL,CENTRAL,3.23916,101.6510633,spv,0,0,33059,TSTK001,4.3,12,0,,03-6120 3133,Monday: 8:00?AM?–?6:00?PM | Tuesday: 8:00?AM?–?6:00?PM | Wednesday: 8:00?AM?–?6:00?PM | Thursday: 8:00?AM?–?6:00?PM | Friday: 8:00?AM?–?6:00?PM | Saturday: 8:00?AM?–?6:00?PM | Sunday: 8:00?AM?–?3:00?PM,https://www.facebook.com/33RiceMart/,
KK66,PASAR MINI KUMERAS (2) -87,"NO.87,JALAN PUSAT NIAGA,",68100,"BATU CAVES,",Others,CENTRAL,CENTRAL,3.2377481,101.6958354,spv,810.86,5,33059,TSTK001,4,1191,0,,,Monday: 8:00?AM?–?10:00?PM | Tuesday: 8:00?AM?–?10:00?PM | Wednesday: 8:00?AM?–?10:00?PM | Thursday: 8:00?AM?–?10:00?PM | Friday: 8:00?AM?–?10:00?PM | Saturday: 8:00?AM?–?10:00?PM | Sunday: 8:00?AM?–?10:00?PM,http://tunasmanja.com/,
KK73,RIZKI BAROKAH ENTERPRISE,"LOT 10-1, JALAN CHANGKAT",58100,KUALA LUMPUR,Others,CENTRAL,CENTRAL,3.233256,101.709518,spv,531.47,3.6,33059,TSTK001,5,5,0,,010-708 9093,Monday: Closed | Tuesday: 10:00?AM?–?10:00?PM | Wednesday: 10:00?AM?–?10:00?PM | Thursday: 10:00?AM?–?10:00?PM | Friday: 10:00?AM?–?10:00?PM | Saturday: 10:00?AM?–?10:00?PM | Sunday: 10:00?AM?–?6:00?PM,https://wa.me/message/CM2KJXBJ4OPLA1,
KK85,RAHMAT REZEKI ENTERPRISE,"G5 SBC 12  TAMAN SRI BATU CAVES, 68100 BATU CAVES  SELANGOR",-,,Others,CENTRAL,CENTRAL,3.2328923,101.691618,spv,51.43,2.2,33059,TSTK001,3.4,295,0,,03-6189 1924,Monday: 9:00?AM?–?10:00?PM | Tuesday: 9:00?AM?–?10:00?PM | Wednesday: 9:00?AM?–?10:00?PM | Thursday: 9:00?AM?–?10:00?PM | Friday: 8:30?AM?–?11:00?PM | Saturday: 8:30?AM?–?11:00?PM | Sunday: 8:30?AM?–?11:00?PM,https://www.tfvaluemart.com.my/,
KL07,LIM CHOY,"NO. 116, KAMPUNG BARU,",48000,"RAWANG,",Others,CENTRAL,CENTRAL,3.3095837,101.5860992,spv,443.96,12.2,33059,TSTRB3,0,0,0,,,Monday: 9:00?AM?–?8:00?PM | Tuesday: 9:00?AM?–?8:00?PM | Wednesday: 9:00?AM?–?8:00?PM | Thursday: 9:00?AM?–?8:00?PM | Friday: 9:00?AM?–?8:00?PM | Saturday: 9:00?AM?–?8:00?PM | Sunday: 9:00?AM?–?8:00?PM,,
KM110,KEDAI RUNCIT MOHD FADZIL HAIRI (1)*SG BULOH,"NO. 1 TL ,, JALAN PAYA JARAS HILIR,",47000,"SG BULOH,",Others,CENTRAL,CENTRAL,3.2031982,101.5419271,spv,271.44,11.8,33059,TSTM011,4.3,82,0,,012-397 9116,"Monday: 9:00?AM?–?7:00?PM | Tuesday: 9:00?AM?–?7:00?PM | Wednesday: 9:00?AM?–?7:00?PM | Thursday: 9:00?AM?–?7:00?PM | Friday: 9:00?AM?–?12:30?PM, 2:30?–?7:00?PM | Saturday: 9:00?AM?–?7:00?PM | Sunday: 10:00?AM?–?3:00?PM",http://emzekatrading.blogspot.com/,
KM13,PM MUTIARA SEJATI SDN BHD,"102 & 102B,LOT 5029,, LORONG MELUR,JALAN KUANG,",48050,"BT 17 1/2,RAWANG",Others,CENTRAL,CENTRAL,3.2320096,101.5369756,spv,1794.56,7.2,33059,TSTM011,0,0,0,,,,,
KM34,PASAR MINI MAWAR SEJAHTERA -544,"LOT 544 KAMPUNG PADANG BALANG, SENTUL 51100 K.L.",-,,Others,CENTRAL,CENTRAL,3.2139275,101.7000133,spv,0,0,33059,TSTL002,0,0,0,,,,,
KM35,PASAR MINI MAWAR SEJAHTERA - 575,"LOT 575 KG PADANG BALANG HILIR, SENTUL  51100 K.L.",-,,Others,CENTRAL,CENTRAL,3.2091663,101.6952674,spv,0,0,33059,TSTL002,4.5,2,0,,03-2857 6811,Monday: 7:00?AM?–?11:00?PM | Tuesday: 7:00?AM?–?11:00?PM | Wednesday: 7:00?AM?–?11:00?PM | Thursday: 7:00?AM?–?11:00?PM | Friday: 7:00?AM?–?11:00?PM | Saturday: 7:00?AM?–?11:00?PM | Sunday: 7:00?AM?–?11:00?PM,,
KM79,MEGA MAJU MULTI TRADING,"NO. 104  GRD FLR. BLK A, JLN PS 2 TMN PRIMA SELAYANG",-,BT. CAVES 68100 SEL.,Others,CENTRAL,CENTRAL,3.2505783,101.6445633,spv,392.64,2.2,33059,TSTK001,0,0,0,,,Monday: 9:00?AM?–?8:00?PM | Tuesday: 9:00?AM?–?8:00?PM | Wednesday: 9:00?AM?–?8:00?PM | Thursday: 9:00?AM?–?8:00?PM | Friday: 9:00?AM?–?8:00?PM | Saturday: 9:00?AM?–?8:00?PM | Sunday: 9:00?AM?–?8:00?PM,,
KM83,KEDAI RUNCIT MOHD FADZIL HAIRI (2)*PAYA JARAS,"LOT 2885, JLN PAYA JARAS HILIR",47000,KG PAYA JARAS,Others,CENTRAL,CENTRAL,3.1989204,101.5371533,spv,90.23,3.2,33059,TSTM011,0,0,0,,,,,
KM90,PASAR MINI S.ABDULLAH,"NO. 3  JALAN TUN TEJA 1, TAMAN TUN TEJA",-,48000 RAWANG SELANGOR,Others,CENTRAL,CENTRAL,3.29888,101.590415,spv,1085.83,4,33059,TSTRB3,5,1,0,,,Monday: 8:00?AM?–?8:00?PM | Tuesday: 8:00?AM?–?8:00?PM | Wednesday: 8:00?AM?–?8:00?PM | Thursday: 8:00?AM?–?8:00?PM | Friday: 8:00?AM?–?8:00?PM | Saturday: 8:00?AM?–?8:00?PM | Sunday: 8:00?AM?–?8:00?PM,,
KM97,MOE KHANT SDN BHD,"46  JLN 2/3A, PUSAT BANDAR UTARA",68100,SELAYANG  68100 BATU CAVES,Others,CENTRAL,CENTRAL,3.2350957,101.6707698,spv,73.59,2.2,33059,TSTK001,4,5,0,,012-396 1321,Monday: 9:00?AM?–?5:00?PM | Tuesday: 9:00?AM?–?5:00?PM | Wednesday: 9:00?AM?–?5:00?PM | Thursday: 9:00?AM?–?5:00?PM | Friday: 9:00?AM?–?5:00?PM | Saturday: Closed | Sunday: Closed,,
KN04,NSK TRADE CITY (SELAYANG) SDN BHD,"LOT 4674 SELAYANG  BT 8, JLN IPOH  68100 BATU CAVES",68100,SELANGOR,NSK,CENTRAL,CENTRAL,3.2447773,101.6624919,smt,407425.48,72,33059,TSTL003,3.9,7997,0,ChIJp41K6h1HzDERLeY9yISbmNA,,,,TRUE
KN39,NANDAJAYA MINI MARKET,"LOT 10A  JALAN NAKHODA SELAYANG, 68100 BATU CAVES  SELANGOR.",-,,Others,CENTRAL,CENTRAL,3.2505467,101.6762933,spv,2069.07,8.4,33059,TSTK001,0,0,0,,,,,
KN45,N.VIMALAN ENTERPRISE,"LOT.8980,, JALAN NAHKODA KIRI,KAMPUNG NAHKODA,BT CAVES,",68100,SELANGOR.,Others,CENTRAL,CENTRAL,3.2535312,101.6824319,spv,471.99,1.2,33059,TSTK001,4,221,0,,,Monday: 8:00?AM?–?10:00?PM | Tuesday: 8:00?AM?–?10:00?PM | Wednesday: 8:00?AM?–?10:00?PM | Thursday: 8:00?AM?–?10:00?PM | Friday: 8:00?AM?–?10:00?PM | Saturday: 8:00?AM?–?10:00?PM | Sunday: 8:00?AM?–?10:00?PM,,
KP35,PALANI MINI MARKET,"5  JLN GP UTAMA, TAMAN GARING PERMAI",-,48000 RAWANG,Others,CENTRAL,CENTRAL,3.3268517,101.5611467,spv,1688.3,13.8,33059,TSTRB3,0,0,0,,,,,
KP42,SRI KELANTAN MART,"162-B  FLAT SRI KELANTAN, SENTUL KUALA LUMPUR",-,51000 KUALA LUMPUR,Others,CENTRAL,CENTRAL,3.1921115,101.6910571,spv,308.29,5.2,33059,TSTK001,3.9,896,0,,03-4045 6993,Monday: 8:30?AM?–?10:00?PM | Tuesday: 8:30?AM?–?10:00?PM | Wednesday: 8:30?AM?–?10:00?PM | Thursday: 8:30?AM?–?10:00?PM | Friday: 8:30?AM?–?10:00?PM | Saturday: 8:30?AM?–?10:00?PM | Sunday: 8:30?AM?–?10:00?PM,https://m.facebook.com/PasarayaOTK/,
KP65,POLY BRIGHT CAFE SDN BHD,"29  JALAN BUNGA KERTAS 1A, SEKSYEN BS1  BUKIT SENTOSA",48300,48300 RAWANG SELANGOR DARUL EHSAN.,Others,CENTRAL,CENTRAL,3.400462,101.560557,spv,857.42,14.6,33059,TSTRB3,0,0,0,,,,,
KP67,PASAR MINI SHAWAL - 6,"NO 6  JALAN AROWANA 8A, TAMAN DESA HULU YAM",44300,44300 BATANG KALI SELANGOR,Others,CENTRAL,CENTRAL,3.4391933,101.6584467,spv,1313.62,15.8,33059,TSTRB3,0,0,0,,,,,
KP69,7 PELANGI SDN BHD (PV20),"G-01 PV 20 PLATINUM LAKE CONDO, NO 5 JALAN USAHAWAN 5",53200,OFF JALAN GENTING KLANG,Others,CENTRAL,CENTRAL,3.199487,101.72068,spv,1762.46,10.4,33059,TSTK001,0,0,0,,,,,
KR11,ROOBAM MINI MARKET,"LOT 31  JALAN 49  SELAYANG BARU, 68100 BATU CAVES  SELANGOR",-,,Others,CENTRAL,CENTRAL,3.256019,101.66539,spv,1278.03,5.8,33059,TSTK001,0,0,0,,,,,
KR25,MUTHU KUMARAN STORE,"LOT 236 KG BENDAHARA, JLN 16 BT 9",68100,JLN SG TUA BT CAVES,Others,CENTRAL,CENTRAL,3.265011,101.674088,spv,333.97,9.6,33059,TSTK001,4.4,22,0,,03-6187 6109,Monday: 7:30?AM?–?10:00?PM | Tuesday: 7:30?AM?–?10:00?PM | Wednesday: 7:30?AM?–?10:00?PM | Thursday: 7:30?AM?–?10:00?PM | Friday: 7:30?AM?–?10:00?PM | Saturday: 7:30?AM?–?10:00?PM | Sunday: 7:30?AM?–?10:00?PM,,
KR44,PERNIAGAAN REZEKI ANAKANDA,"JALAN KG. BANDAR DALAM, LOT 2763  GOMBAK 51000",-,KUALA LUMPUR,Others,CENTRAL,CENTRAL,3.2061332,101.6980988,spv,545.7,11.2,33059,TSTK001,5,1,0,,014-928 4973,Monday: 8:44?AM?–?10:44?PM | Tuesday: 8:44?AM?–?10:44?PM | Wednesday: 8:44?AM?–?10:44?PM | Thursday: 8:44?AM?–?10:44?PM | Friday: 8:44?AM?–?10:44?PM | Saturday: 8:44?AM?–?10:44?PM | Sunday: 8:44?AM?–?10:44?PM,,
KS132,SALAM SENTOSA ENTERPRISE,"11  JLN BUNGA KERTAS 1A, SEK. BS1 BKT SENTOSA",48300,48300 RAWANG SELANGOR D.E,Others,CENTRAL,CENTRAL,3.399775,101.560615,spv,2067.07,12.4,33059,TSTRB3,0,0,0,,,,,
KS147,PERNIAGAAN S. M. AHMAD,"NO. 12 LORONG HAJI HUSEIN, 50300 KUALA LUMPUR",-,,Others,CENTRAL,CENTRAL,3.166388,101.7004877,whs,39846.54,3.4,33059,TSTK001,4.1,49,0,,012-678 5466,Monday: 7:30?AM?–?8:00?PM | Tuesday: 7:30?AM?–?8:00?PM | Wednesday: 7:30?AM?–?8:00?PM | Thursday: 7:30?AM?–?8:00?PM | Friday: 7:30?AM?–?12:00?PM | Saturday: 7:30?AM?–?8:00?PM | Sunday: 7:30?AM?–?8:00?PM,,
KS164,POINT CONVENIENCE SHOP SDN BHD,"B-0-13A  VIVA 378, JLN IPOH  51200 KUALA LUMPUR",-,WILAYAH PERSEKUTUAN,Others,CENTRAL,CENTRAL,3.1778181,101.6848459,spv,5337.46,5,33059,TSTK001,3.6,113,0,,011-5583 1838,Monday: 10:00?AM?–?10:00?PM | Tuesday: 10:00?AM?–?10:00?PM | Wednesday: 10:00?AM?–?10:00?PM | Thursday: 10:00?AM?–?10:00?PM | Friday: 10:00?AM?–?10:00?PM | Saturday: 10:00?AM?–?10:00?PM | Sunday: 10:00?AM?–?10:00?PM,,
KS179,BUKIT KALA PIT STOP,"LOT 1605,, BATU 5 3/4,JALAN GOMBAK,KAMPUNG KERDAS 1",53100,-,Others,CENTRAL,CENTRAL,3.2299447,101.7032824,spv,297.51,1.6,33059,TSTK001,4,4,0,,016-670 5405,Monday: 8:00?AM?–?11:00?PM | Tuesday: 8:00?AM?–?11:00?PM | Wednesday: 8:00?AM?–?11:00?PM | Thursday: 8:00?AM?–?11:00?PM | Friday: 8:00?AM?–?11:00?PM | Saturday: 8:00?AM?–?11:00?PM | Sunday: 8:00?AM?–?11:00?PM,,
KS199,SEAMOVE TRADING,"NO.1M JALAN SBC 1, BATU CAVES 68100 SELANGOR",68100,,Others,CENTRAL,CENTRAL,3.22234,101.6932683,spv,1440.4,1.4,33059,TSTK001,0,0,0,,,,,
KT16,GEDUNG PEMBORONG NSK - TOPZELLER (M) SDN BHD,"LOT 8097 JLN KLANG, OFF JLN GENTING KELANG",-,MUKIM SETAPAK KL,NSK,CENTRAL,CENTRAL,3.199707,101.7257894,whs,59502.4,15.2,33059,TSTL003,0,0,0,,,,,
KT51,TR MAJU SPEED MART,"NO. 23  JALAN AIR LOMBONG, AIR PANAS  SETAPAK",-,53200 KUALA LUMPUR.,Others,CENTRAL,CENTRAL,3.190222,101.718643,spv,518.58,3.6,33059,TSTK001,0,0,0,,,,,
KT52,TLT SUCCESS ENTERPRISE,"23  JALAN SJ17, TAMN SELAYANG JAYA",-,68100 BATU CAVES  SELANGOR,Others,CENTRAL,CENTRAL,3.2380726,101.6501887,spv,1021.23,6.6,33059,TSTK001,4.1,75,0,,03-6127 7899,Monday: 8:00?AM?–?6:30?PM | Tuesday: 8:00?AM?–?6:30?PM | Wednesday: 8:00?AM?–?6:30?PM | Thursday: 8:00?AM?–?6:30?PM | Friday: 8:00?AM?–?6:30?PM | Saturday: 8:00?AM?–?6:30?PM | Sunday: Closed,https://www.facebook.com/%E6%B1%89%E6%98%8E%E5%8F%82%E8%8C%B8%E8%8D%AF%E8%A1%8C%E5%95%86%E5%BA%97-Pasaraya-Dan-Ubat-Hon-Meng-106261404989536/,
KT64,THE BEST MINI MARKET(IP0401482-T),"NO 9, TAMAN UNIVERSITI",35900,35900,Others,CENTRAL,CENTRAL,3.68538,101.5279283,spv,2022.83,10,33059,TSTK001,0,0,0,,,,,
KU01,PERNIAGAAN UA CAHAYA,"NO 11 JLN KESUMBASARI 2, BANDAR SG BUAYA",-,48010 RAWANG  SELANGOR,Others,CENTRAL,CENTRAL,3.3723193,101.5274907,spv,2636.61,8.4,33059,TSTRB3,3.5,48,0,,,Monday: 8:30?AM?–?10:30?PM | Tuesday: 8:30?AM?–?10:30?PM | Wednesday: 8:30?AM?–?10:30?PM | Thursday: 8:30?AM?–?10:30?PM | Friday: 8:30?AM?–?10:30?PM | Saturday: 8:30?AM?–?10:30?PM | Sunday: 8:30?AM?–?10:30?PM,https://m.facebook.com/brotherhoodrawang/posts/428826647544623,
KU14,PASARAYA UMA RANI,"NO. 2  2A  6 GROUNG FLOOR, JALAN 1/47B  BATU 4",-,JALAN IPOH  51200 KUALA LUMPUR,Others,CENTRAL,CENTRAL,3.1936143,101.6800437,spv,2321.74,11.2,33059,TSTK001,0,0,0,,,,,
KU19,USMAN BIN HASAN,"LOT 188  JALAN KUALA SELANGOR, 47000 SHAH ALAM",47000,SELANGOR,Others,CENTRAL,CENTRAL,3.2081007,101.5391046,spv,297.59,12.8,33059,TSTM011,0,0,0,,,,,
KW05,PASAR MINI FAJAR RIA - SEK 1,"25 JALAN 2A/27A, SEKSYEN 1 WANGSA MAJU",-,53300 KUALA LUMPUR,Others,CENTRAL,CENTRAL,3.202076,101.731522,spv,913.28,8.8,33059,TSTK001,4.3,3259,0,,1-300-80-2366,Monday: 10:00?AM?–?10:00?PM | Tuesday: 10:00?AM?–?10:00?PM | Wednesday: 10:00?AM?–?10:00?PM | Thursday: 10:00?AM?–?10:00?PM | Friday: 10:00?AM?–?11:00?PM | Saturday: 10:00?AM?–?11:00?PM | Sunday: 10:00?AM?–?10:00?PM,,
KY17,YAT YAT KALUMPANG MINI MART,"LOT 593  KAMPONG SEJANTUNG, KALUMPANG  HULU SELANGOR.",44100,,Others,CENTRAL,CENTRAL,3.6379833,101.56951,spv,6168.57,19.8,33059,TSTK001,0,0,0,,,,,
KZ10,PASAR MINI ZAKARIA,"39-G  JLN 5/1, GREEN VALLEY PARK",-,BANDAR TASIK PUTERI,Others,CENTRAL,CENTRAL,3.2813971,101.465771,spv,686.67,3.6,33059,TSTRB3,0,0,0,,,,,
KZ17,ZEE SUPER MART SDN BHD,"NO. 2  SELASEH INDAH, TAMAN SELASEH",-,68100 SRI GOMBAK,Others,CENTRAL,CENTRAL,3.2277433,101.698645,spv,6812.14,15.8,33059,TSTK001,4.3,407,0,,,Monday: 9:00?AM?–?10:00?PM | Tuesday: 9:00?AM?–?10:00?PM | Wednesday: 9:00?AM?–?10:00?PM | Thursday: 9:00?AM?–?10:00?PM | Friday: 9:00?AM?–?10:00?PM | Saturday: 9:00?AM?–?10:00?PM | Sunday: 9:00?AM?–?10:00?PM,https://m.facebook.com/pages/Zeemart/253487271445420,
LA01,PERNIAGGAN ANWAR,"BLOCK 41-00-05, P.P.R GOMBAK DBKL",-,GOMBAK SETIA 53100 K.L.,Others,CENTRAL,CENTRAL,3.2162983,101.7196682,spv,407.73,7.2,33059,TSTK001,0,0,0,,,,,
LA13,RAJAB MINI MARKET,"NO 128,, JALAN 11-SELAYANG BARU,","68100 BATU CAVES,",BT CAVES,Others,CENTRAL,CENTRAL,3.258345,101.668488,spv,324.53,13,33059,TSTL003,0,0,0,,,,,
LB06,BM MOHAMAD TRADING PASAR MINI,"12-0-5 JALAN 30/50, KERAMAT WANGSA",54200,AMPANG ULU KLANG,Others,CENTRAL,CENTRAL,3.1791567,101.7490133,spv,956.28,6.6,33059,TSTK001,5,3,0,,,Monday: 9:00?AM?–?8:00?PM | Tuesday: 9:00?AM?–?8:00?PM | Wednesday: 9:00?AM?–?8:00?PM | Thursday: 9:00?AM?–?8:00?PM | Friday: 9:00?AM?–?8:00?PM | Saturday: 9:00?AM?–?8:00?PM | Sunday: 9:00?AM?–?8:00?PM,,
LB10,SHARARIH ENTERPRISE,"NO.1 LORONG BUNGA TERATAI, KG WIRA JAYA SETAPAK",53300,KUALA LUMPUR,Others,CENTRAL,CENTRAL,3.218017,101.723053,spv,191.73,6.6,33059,TSTK001,0,0,0,,,,,
LB12,PASARAYA BEST (HQ),"NO. 31 29 27 25, JLN DC 4/1",-,DESA COALFIELDS,Others,CENTRAL,CENTRAL,3.2338006,101.4899768,spv,11263.49,31.4,33059,TSTL003,4.1,395,0,ChIJXZMUlgJbzDERx-Ylo9P8sSc,03-6039 9858,Monday: 3:00?–?10:00?PM | Tuesday: 10:00?AM?–?10:00?PM | Wednesday: 10:00?AM?–?10:00?PM | Thursday: 10:00?AM?–?10:00?PM | Friday: 10:00?AM?–?10:00?PM | Saturday: 10:00?AM?–?10:00?PM | Sunday: 10:00?AM?–?10:00?PM,http://www.facebook.com/pasarayabest,
LC02,PASAR MINI CECAWI,"NO 5 JALAN CECAWI 6/19A, SEKSYEN - 6",47810,KOTA DAMANSARA,Others,CENTRAL,CENTRAL,3.1584102,101.5738095,spv,228.99,9.2,33059,TSTM011,3.8,136,0,,03-6144 5243,Monday: 9:00?AM?–?8:00?PM | Tuesday: 9:00?AM?–?8:00?PM | Wednesday: 9:00?AM?–?8:00?PM | Thursday: 9:00?AM?–?8:00?PM | Friday: 9:00?AM?–?8:00?PM | Saturday: 9:00?AM?–?8:00?PM | Sunday: 9:00?AM?–?8:00?PM,,
LC04,CHOY KEE,"NO 65B  KG.BARU KUNDANG, BATU ARANG",48202,RAWANG,Others,CENTRAL,CENTRAL,3.2772617,101.5144233,spv,394.54,7.4,33059,TSTM011,3,1,0,,011-2834 6216,Monday: 9:00?AM?–?8:00?PM | Tuesday: 9:00?AM?–?8:00?PM | Wednesday: 9:00?AM?–?8:00?PM | Thursday: 9:00?AM?–?8:00?PM | Friday: 9:00?AM?–?8:00?PM | Saturday: 9:00?AM?–?8:00?PM | Sunday: 9:30?AM?–?6:00?PM,,
LC10,SYARIKAT CHIN NAM HUAT,"1 JLN GJ2 BATU 5 1/2, TAMAN GOMBAK JAYA",-,53100 SELANGOR DARUL EHSAN.,Others,CENTRAL,CENTRAL,3.2174417,101.7126683,whs,-346.38,0,33059,TSTL002,0,0,0,,,Monday: 10:30?AM?–?11:00?PM | Tuesday: 10:30?AM?–?11:00?PM | Wednesday: 10:30?AM?–?11:00?PM | Thursday: 10:30?AM?–?11:00?PM | Friday: 10:30?AM?–?11:00?PM | Saturday: 10:30?AM?–?11:00?PM | Sunday: 10:30?AM?–?11:00?PM,,
LD03,CASA DE CONFEC SDN BHD,"NO 23,, JALAN ALAM JAYA 17,, SELANGOR.",43200,"TAMAN ALAM JAYA, BT9 JALAN CHERAS,",Others,CENTRAL,CENTRAL,3.076745,101.76907,whs,13046.63,1.4,33059,TSTL002,3.7,20,0,,012-651 0269,Monday: Closed | Tuesday: 7:00?AM?–?3:30?PM | Wednesday: 7:00?AM?–?3:30?PM | Thursday: 7:00?AM?–?3:30?PM | Friday: 7:00?AM?–?3:30?PM | Saturday: 7:00?AM?–?3:30?PM | Sunday: 7:00?AM?–?3:30?PM,https://m.me/ddfreshmeat?ref=w13673615,
LE05,SIN TEONG CHOON-ESSO TG.MALIM,"NO.62 JALAN BESAR HULU BERNAM, 85900 TANJONG MALAIM.",-,,Others,CENTRAL,CENTRAL,3.6795189,101.5204733,spv,0,0,33059,TSTK001,0,0,0,,,,,
LF06,FOOK HING LOONG,"NO.3 JALAN MACCAU, 48200 SERENDAH",48200,SELANGOR,Others,CENTRAL,CENTRAL,3.3676417,101.6071333,spv,875.47,8.2,33059,TSTRB3,4.4,54,0,,03-6081 2713,Monday: 9:00?AM?–?10:00?PM | Tuesday: 9:00?AM?–?10:00?PM | Wednesday: 9:00?AM?–?10:00?PM | Thursday: 9:00?AM?–?10:00?PM | Friday: 9:00?AM?–?10:00?PM | Saturday: 9:00?AM?–?10:00?PM | Sunday: 9:00?AM?–?10:00?PM,,
LF08,FEMI MART,"NO.22 TKT BAWAH, JLN CAMAR 4/3 SEK 4",-,KOTA D'SARA SG. BULOH,Others,CENTRAL,CENTRAL,3.1540441,101.5791287,spv,832.93,11.8,33059,TSTM011,3.6,9,0,,03-6143 3747,Monday: 7:00?AM?–?9:30?PM | Tuesday: 7:00?AM?–?9:30?PM | Wednesday: 7:00?AM?–?9:30?PM | Thursday: 7:00?AM?–?9:30?PM | Friday: 7:00?AM?–?9:30?PM | Saturday: 7:00?AM?–?9:30?PM | Sunday: 7:00?AM?–?9:30?PM,,
LG01,GOLD MARRY SDN BHD,"NO.1-10 JALAN 1/3A, KM 12 JALAN IPOH",68100,KUALA LUMPUR,Others,CENTRAL,CENTRAL,3.2337252,101.6706535,whs,-22.56,0,33059,TSTL002,5,1,0,,011-1111 1079,"Monday: 7:30?AM?–?11:45?PM | Tuesday: 7:00?AM?–?11:55?PM | Wednesday: 7:30?AM?–?11:45?PM | Thursday: 7:30?AM?–?11:45?PM | Friday: 7:30?AM?–?12:45?PM, 2:45?–?11:55?PM | Saturday: 7:30?AM?–?11:45?PM | Sunday: 7:03?AM?–?11:56?PM",http://www.imam.my/,
LH02,LEE HENG CHAN SENG KEE,"10-11  JALAN STESEN, 48050 KUANG",-,SELANGOR D.E.,Others,CENTRAL,CENTRAL,3.2576597,101.5543638,whs,18868.6,0.4,33059,TSTM011,0,0,0,,,,,
LH09,HANIFF EHSAN BIN MUHAMMAD YATIM (001750850-D),"A-010  BLK A, APARTMENT HARMONI",-,JLN PJU 10/4C,Others,CENTRAL,CENTRAL,3.1950196,101.5836202,spv,687.01,8.8,33059,TSTM011,4.9,13,0,,012-405 1390,,,
LJ02,JOE MENG TRADING,"LOT 226 GROUND & 1ST FLOOR., JLN NEGARA 2 TMN MELAWATI",53100,53100 KUALA LUMPUR.,Others,CENTRAL,CENTRAL,3.2122707,101.7500376,whs,0,0,33059,TSTK001,4.4,1685,0,,03-4162 2808,Monday: 10:00?AM?–?10:00?PM | Tuesday: 10:00?AM?–?10:00?PM | Wednesday: 10:00?AM?–?10:00?PM | Thursday: 10:00?AM?–?10:00?PM | Friday: 10:00?AM?–?10:00?PM | Saturday: 10:00?AM?–?10:00?PM | Sunday: 10:00?AM?–?10:00?PM,http://www.villagegrocer.com.my/,
LK02,KIN LAM MARKETING SDN BHD,"48, , JALAN BJ 6, ",48000,"48000 RAWANGTAMAN PERINDUSTRIAN BELMAS JOHAN, RAWA",Others,CENTRAL,CENTRAL,3.303401,101.598643,whs,225732.31,9,33059,TSTL002,0,0,0,,,,,
LL02,P/M L.G.B. CASH & CARRY,"NO.3 JLN BESAR, 44300 ULU YAM BHARU",44300,HULU SELANGOR.,Others,CENTRAL,CENTRAL,3.4346017,101.656455,spv,558.62,3.6,33059,TSTRB3,3.4,10,0,,03-6075 2719,Monday: Open 24 hours | Tuesday: Open 24 hours | Wednesday: Open 24 hours | Thursday: Open 24 hours | Friday: Open 24 hours | Saturday: Open 24 hours | Sunday: Open 24 hours,http://www.7eleven.com.my/,
LL03,AIDIL GEMILANG RESOURCES,"LOT 3431A KG MELAYU SUBANG, 40150 SHAH ALAM",-,SELANGOR,Others,CENTRAL,CENTRAL,3.1547292,101.5292468,spv,2115.71,18.2,33059,TSTM011,4.8,4,0,,017-209 0376,Monday: 9:00?AM?–?7:00?PM | Tuesday: 9:00?AM?–?7:00?PM | Wednesday: 9:00?AM?–?7:00?PM | Thursday: 9:00?AM?–?7:00?PM | Friday: 9:00?AM?–?7:00?PM | Saturday: 9:00?AM?–?7:00?PM | Sunday: 9:00?AM?–?3:00?PM,,
LM14,MU FOOD TRADING,"NO.39 JLN JEJARUM 3A, BUKIT BERUNTUNG",48300,RAWANG SEL.,Others,CENTRAL,CENTRAL,3.4073967,101.5580383,whs,-344.02,0,33059,TSTL002,0,0,0,,,,,
LM15,MERDU INDAH ENTERPRISE,"T/A KEDAI RUNCIT MERDU INDAH,, LOT 122-3,KAMPUNG PADANG BACANG,",52100,"SENTUL,",Others,CENTRAL,CENTRAL,3.211607,101.697365,spv,1448.01,9.4,33059,TSTK001,0,0,0,,,,,
LM19,HAVVA MINI MART (DENGKIL),"C-G-39  SAVANNA LIFESTYLE RETAIL, JALAN BBLS2, SELANGOR.",43800,BANDAR BARU LEMBAH SELATAN,Others,CENTRAL,CENTRAL,2.9037382,101.7630837,spv,0,0,33059,TSTL002,5,2,0,,017-870 2997,Monday: 9:00?AM?–?12:01?AM | Tuesday: 9:00?AM?–?12:01?AM | Wednesday: 9:00?AM?–?12:01?AM | Thursday: 9:00?AM?–?12:01?AM | Friday: 9:00?AM?–?12:01?AM | Saturday: 9:00?AM?–?12:01?AM | Sunday: 9:00?AM?–?12:01?AM,,
LN01,PERMATA MUTIARA ENTERPRISE,"PT47048-4A, JALAN KHALIFAH ZAKANIA",47000,KP DAYA JARAS UTAMA DALAM,Others,CENTRAL,CENTRAL,3.1935326,101.5409264,spv,1005.78,4.4,33059,TSTM011,0,0,0,,,,,
LN07,KEDAI RUNCIT NASIR ABD AZIZ,"LOT 1123 KG SELAYANG LAMA, 68100 BATU CAVES",68100,SELANGOR,Others,CENTRAL,CENTRAL,3.230884,101.667946,spv,1098.17,9.8,33059,TSTK001,5,1,0,,011-1111 1079,"Monday: 7:30?AM?–?11:45?PM | Tuesday: 7:00?AM?–?11:55?PM | Wednesday: 7:30?AM?–?11:45?PM | Thursday: 7:30?AM?–?11:45?PM | Friday: 7:30?AM?–?12:45?PM, 2:45?–?11:55?PM | Saturday: 7:30?AM?–?11:45?PM | Sunday: 7:03?AM?–?11:56?PM",http://www.imam.my/,
LR03,ATJEH ENTERPRISE,"LOT 2284A JALAN GOMBAK, KG SG CHINCHIN BT 8",-,53100 KUALA LUMPUR,Others,CENTRAL,CENTRAL,3.2455058,101.722134,spv,0,0,33059,TSTL002,0,0,0,,,,,
LS20,SEKARAN STORE,"NO 323 JALAN LAKSAMANA 2, KAMPUNG LAKSAMANA",-,68100 BATU CAVES SELANGOR,Others,CENTRAL,CENTRAL,3.2472154,101.6786259,spv,207.2,6.6,33059,TSTL003,0,0,0,,,,,
LS22,SAUJANA INDAH DAMAI ENT - SENTUL,"2769-N3 KG.PADANG BALANG, SENTUL KUALA LUMPUR W.P",-,,Others,CENTRAL,CENTRAL,3.2198833,101.6189467,spv,0,0,33059,TSTL002,0,0,0,,,,,
LS26,PASARAYA BEST (BRANCH 1),"2A & 2B FASA 6 LORONG ELMINA, SG BULOH COUNTRY RESORT",-,47000 SELANGOR,Others,CENTRAL,CENTRAL,3.20001,101.4833817,spv,6296.91,22.4,33059,TSTL003,3.9,208,0,,03-6039 9524,Monday: 3:00?–?10:00?PM | Tuesday: 10:00?AM?–?10:00?PM | Wednesday: 10:00?AM?–?10:00?PM | Thursday: 10:00?AM?–?10:00?PM | Friday: 10:00?AM?–?10:00?PM | Saturday: 10:00?AM?–?10:00?PM | Sunday: 10:00?AM?–?10:00?PM,http://www.facebook.com/pasarayabest,
LT01,PASARAYA JIMATKU (M) S/B,"8 10 12 14 JALAN SJ 14, TAMAN SELAYANG JAYA",-,68100 BATU CAVES,Others,CENTRAL,CENTRAL,3.238156,101.6520484,cmh,4418.46,11,33059,TSTL003,4.1,75,0,,03-6127 7899,Monday: 8:00?AM?–?6:30?PM | Tuesday: 8:00?AM?–?6:30?PM | Wednesday: 8:00?AM?–?6:30?PM | Thursday: 8:00?AM?–?6:30?PM | Friday: 8:00?AM?–?6:30?PM | Saturday: 8:00?AM?–?6:30?PM | Sunday: Closed,https://www.facebook.com/%E6%B1%89%E6%98%8E%E5%8F%82%E8%8C%B8%E8%8D%AF%E8%A1%8C%E5%95%86%E5%BA%97-Pasaraya-Dan-Ubat-Hon-Meng-106261404989536/,
LT14,TOONG HING CHANG TRADING SDN BHD,"LOT 53  LIGHT INDSTRIAL AREA, 52100 TAMAN KEPONG",-,KUALA LUMPUR MALAYSIA.,Others,CENTRAL,CENTRAL,3.2263583,101.636455,whs,0,0,33059,TSTL002,0,0,0,,,,,
MA10,WISE CENTURY SDN BHD,"4,6,8 & 10, JALAN 5/89A, OFF JALAN SEKILAU,",56000,CHERAS,Others,CENTRAL,CENTRAL,3.2226441,101.6243546,whs,287477,24.4,33059,TSTL002,3.9,341,0,,018-376 1888,Monday: Open 24 hours | Tuesday: Open 24 hours | Wednesday: Open 24 hours | Thursday: Open 24 hours | Friday: Open 24 hours | Saturday: Open 24 hours | Sunday: Open 24 hours,http://www.sriternak.com/,
MA190,KEDAI RUNCIT ALFATIH,"NO. 1-04  APARTMENT IMPIAN, JALAN DESA RIA",48000,BANDAR COUNTRY HOMES,Others,CENTRAL,CENTRAL,3.3295038,101.5353207,spv,387.47,12.4,33059,TSTRB3,5,1,0,,019-322 7604,Monday: 10:00?AM?–?6:00?PM | Tuesday: 10:00?AM?–?6:00?PM | Wednesday: 10:00?AM?–?6:00?PM | Thursday: 10:00?AM?–?6:00?PM | Friday: 10:00?AM?–?6:00?PM | Saturday: Closed | Sunday: Closed,,
MA251,PASARAYA BISMI 786,"63, JLN MERANTI 2B",44300,SEK 3 BDR UTAMA,Others,CENTRAL,CENTRAL,3.4592067,101.65501,spv,851.15,3.2,33059,TSTRB3,4.2,6,0,,,Monday: 9:00?AM?–?9:00?PM | Tuesday: 9:00?AM?–?9:00?PM | Wednesday: 9:00?AM?–?9:00?PM | Thursday: 9:00?AM?–?9:00?PM | Friday: 9:00?AM?–?9:00?PM | Saturday: 9:00?AM?–?9:00?PM | Sunday: 9:00?AM?–?9:00?PM,,
MA36,AZHABULBAIT ENTERPRISE,"NO 209-00-05  BLOCK 209, JALAN DATO SENU 26",51000,SENTUL UTAMA,Others,CENTRAL,CENTRAL,3.194831,101.698669,spv,4.92,0.2,33059,TSTK001,0,0,0,,,,,
MA67,AATHE STORE,"A-GF 05 PANGSAPURI LAKSAMANA JAYA, 68100 BATU CAVES SEL",-,,Others,CENTRAL,CENTRAL,3.246815,101.679901,spv,449.35,4.4,33059,TSTK001,5,1,0,,018-383 7316,,,
MA71,PASAR MINI AL SELAMAT,"25  JLN IMPIAN MURNI 1/5, SAUJANA IMPIAN",-,43000 KAJANG SELANGOR,Others,CENTRAL,CENTRAL,3.01588,101.7927867,spv,0,0,33059,TSTL002,4.2,136,0,,03-9212 8187,Monday: 8:00?AM?–?10:00?PM | Tuesday: 8:00?AM?–?10:00?PM | Wednesday: 8:00?AM?–?10:00?PM | Thursday: 8:00?AM?–?10:00?PM | Friday: 8:00?AM?–?10:00?PM | Saturday: 8:00?AM?–?10:00?PM | Sunday: 8:00?AM?–?10:00?PM,http://www.checkers.com.my/,
MA97,A AND Z BARKAT MART,"BLOK A  G11 JALAN PJU 10/1, APARTMENT IDAMAN",47830,DAMANSARA DAMAI,Others,CENTRAL,CENTRAL,3.1912183,101.5910608,spv,2566.42,20.2,33059,TSTM011,0,0,0,,,,,
MB17,MYNEWS RETAIL SDN BHD,"258-259 JLN KIP 4, KIP KEPONG INDUSTRIA PARK",52200,52200 KUALA LUMPUR,MYNEWS,CENTRAL,CENTRAL,3.2194,101.618485,conka,1649692.3,100.6,33059,TSTL002,0,0,0,,,,,TRUE
MB45,BISMI MAJU ENTERPRISE,"LOT 587 JALAN 1B/7, 40160 BANDR BARU SG. BULOH",-,SELANGOR DARUL EHSAN.,Others,CENTRAL,CENTRAL,3.2169536,101.5653865,spv,360.72,7.8,33059,TSTM011,3,1,0,,017-205 8959,Monday: 8:00?AM?–?8:00?PM | Tuesday: 8:00?AM?–?8:00?PM | Wednesday: 8:00?AM?–?8:00?PM | Thursday: 8:00?AM?–?8:00?PM | Friday: 8:00?AM?–?8:00?PM | Saturday: 8:00?AM?–?8:00?PM | Sunday: 8:00?AM?–?8:00?PM,,
MC02,CHAN CHUN TRADING SDN BHD,"21A & 21  JLN BESAR, SELAYANG BARU",68100,68100 BATU CAVES  SELANGOR,Others,CENTRAL,CENTRAL,3.2456567,101.6699117,whs,1797.48,1.2,33059,TSTK001,0,0,0,,,,,
MC51,CT GEDUNG ENTERPRISE - 1A,"1A,, GERAI, JLN AU1A/4D,",54200,"TAMAN KERAMAT PERMAI,",Others,CENTRAL,CENTRAL,3.1743067,101.7455933,spv,0,0,33059,TSTK001,4,2058,0,,03-4252 7394,Monday: 7:00?AM?–?10:00?PM | Tuesday: 7:00?AM?–?10:00?PM | Wednesday: 7:00?AM?–?10:00?PM | Thursday: 7:00?AM?–?10:00?PM | Friday: 7:00?AM?–?11:00?PM | Saturday: 7:00?AM?–?11:00?PM | Sunday: 7:00?AM?–?11:00?PM,https://www.giant.com.my/,
MC56,CEMPALA TRADING M/M,"NO. 1  LOT 1620, BATU 20  KUANG",-,SELANGOR DARUL EHSAN.,Others,CENTRAL,CENTRAL,3.256865,101.550887,spv,2006,17.6,33059,TSTM011,0,0,0,,,,,
MD02,PASAR RAYA DULHAJ,"6  JLN REJANG 6, SETAPAK JAYA",-,53300 KUALA LUMPUR,Others,CENTRAL,CENTRAL,3.191192,101.727699,spv,1102.52,9,33059,TSTK001,0,0,0,,,,,
MD47,KEDAI RUNCIT KOTA DAMANSARA,"32A  JALAN CAMAR 4/3  SEK. 4, KOTA DAMANSARA",47810,47810 PETALING JAYA  SELANGOR.,Others,CENTRAL,CENTRAL,3.1536786,101.5787191,spv,455.84,9,33059,TSTM011,3.6,9,0,,03-6143 3747,Monday: 7:00?AM?–?9:30?PM | Tuesday: 7:00?AM?–?9:30?PM | Wednesday: 7:00?AM?–?9:30?PM | Thursday: 7:00?AM?–?9:30?PM | Friday: 7:00?AM?–?9:30?PM | Saturday: 7:00?AM?–?9:30?PM | Sunday: 7:00?AM?–?9:30?PM,,
MD76,DINCO ENTERPRISE,"C22  KAMPUNG MELAYU, SRI KUNDANG",48050,48050 RAWANG,Others,CENTRAL,CENTRAL,3.253949,101.525238,spv,700.13,9.8,33059,TSTM011,0,0,0,,,,,
MD80,D MILA MART,"NO.3  JALAN KERAMAT, KG. DATUK KERAMAT",54000,54000 KUALA LUMPUR.,Others,CENTRAL,CENTRAL,3.1682244,101.7212099,spv,1418.06,13.6,33059,TSTK001,0,0,0,,,,,
ME01,DESA TANJUNG SDN BHD,"NO.13 JALAN BUNGA KERTAS 1A, SEKSYEN BS1 BUKIT SENTOSA",-,48300 RAWANG SELANGOR,Others,CENTRAL,CENTRAL,3.3999956,101.5605717,spv,1498.56,10,33059,TSTRB3,0,0,0,,,,,
MH120,HOR CHENG CHANG ENTERPRISE SDN BHD,"LOT 19,, JALAN INDUSTRI 2/1,",48000,RAWANG INTEGRATED INDUSTRIAL PARK,Others,CENTRAL,CENTRAL,3.2007087,101.7099313,mbs,4921.29,3,33059,TSTL003,3.1,13,0,,03-3362 6863,Monday: 10:00?AM?–?10:00?PM | Tuesday: 10:00?AM?–?10:00?PM | Wednesday: 10:00?AM?–?10:00?PM | Thursday: 10:00?AM?–?10:00?PM | Friday: 10:00?AM?–?10:00?PM | Saturday: 10:00?AM?–?10:00?PM | Sunday: 10:00?AM?–?10:00?PM,http://www.99speedmart.com.my/,
MH69,HEAP GUAN,"1 & 8  MARKET STREET N/V, KALUMPANG 44100 KERLING",-,SELANGOR,Others,CENTRAL,CENTRAL,3.6368067,101.5698833,spv,0,0,33059,TSTK001,0,0,0,,,,,
MI43,KEDAI RUNCIT BARKAH,"NO.2,, SECT 1 WANGSA MAJU,",53300,SETAPAK,Others,CENTRAL,CENTRAL,3.2025194,101.7293212,spv,198.92,7.6,33059,TSTK001,4.3,3259,0,,1-300-80-2366,Monday: 10:00?AM?–?10:00?PM | Tuesday: 10:00?AM?–?10:00?PM | Wednesday: 10:00?AM?–?10:00?PM | Thursday: 10:00?AM?–?10:00?PM | Friday: 10:00?AM?–?11:00?PM | Saturday: 10:00?AM?–?11:00?PM | Sunday: 10:00?AM?–?10:00?PM,,
MK173,KANA GATA ENTERPRISE,"NO 1 BANGUNAN SURAU, KAMPUNG LAKSAMANA",68100,OFF JLN SG.TUA,Others,CENTRAL,CENTRAL,3.2482501,101.6754356,spv,222.96,0.2,33059,TSTK001,0,0,0,,,,,
MK19,PASAR HARIAN KBC,"3  BLOCK CSC  JALAN 3/27A, SECTION 1",53300,WANGSA MAJU,Others,CENTRAL,CENTRAL,3.2055333,101.72978,spv,834.42,5.6,33059,TSTK001,5,1,0,,03-4149 7389,Monday: 10:00?AM?–?8:00?PM | Tuesday: 10:00?AM?–?8:00?PM | Wednesday: 10:00?AM?–?8:00?PM | Thursday: 10:00?AM?–?8:00?PM | Friday: 10:00?AM?–?8:00?PM | Saturday: 10:00?AM?–?8:00?PM | Sunday: 10:00?AM?–?8:00?PM,,
MK279,WAJAH BARU ENTERPRISE,"NO 64 JALAN AROWANA 8A, 44300 ULU YAM BARY SELANGOR",44300,,Others,CENTRAL,CENTRAL,3.4392283,101.6583983,spv,565.96,17,33059,TSTRB3,0,0,0,,,,,
MK288,KEDAI RUNCIT MOHD FADZIL HAIRI (3)*PEMBORONG,"LOT 49  JALAN BESAR ZON CEMPAKA, KAMPUNG PAYA JARAS",47000,SUNGAI BULOH,Others,CENTRAL,CENTRAL,3.1975039,101.5356681,spv,869.71,7.6,33059,TSTM011,0,0,0,,,,,
MK289,KR TA BENA SDN BHD (SG.BULOH),"NO. 13/15 JALAN METOR 2, TAMAN SAUJANA",47000,47000 SUNGAI BULOH,Others,CENTRAL,CENTRAL,3.2109338,101.47942,spv,1167.34,9.8,33059,TSTM011,5,1,0,,,,,
MK290,KR TA BENA SDN BHD (KUANG),"NO. 11  LOT 19344, KG. SETIA KUANG",48050,48050 RAWANG,Others,CENTRAL,CENTRAL,3.2373202,101.5387082,spv,3973.45,15.8,33059,TSTM011,3.8,206,0,,,Monday: 6:30?AM?–?10:00?PM | Tuesday: 6:30?AM?–?10:00?PM | Wednesday: 6:30?AM?–?10:00?PM | Thursday: 6:30?AM?–?10:00?PM | Friday: 6:30?AM?–?10:00?PM | Saturday: 6:30?AM?–?10:00?PM | Sunday: 6:30?AM?–?10:00?PM,,
MK291,KR TA BENA SDN BHD (KUNDANG),"NO.A-01-12 PANGSAPURI LAGUNA BIRU, JLN TASIK BIRU 17 PENGKALAN",48050,KUNDANG 48050 RAWANG  SELANGOR,Others,CENTRAL,CENTRAL,3.2470288,101.5239841,spv,3521.3,18.8,33059,TSTM011,0,0,0,,,,,
MK292,KRM STORE SDN BHD,"NO. 357  BATU 21/2  JALAN IPOH, 52000 KUALA LUMPUR",52000,,Others,CENTRAL,CENTRAL,3.1774671,101.6872856,spv,318.11,10,33059,TSTK001,4.3,156,0,,03-4045 2600,Monday: 8:30?AM?–?8:30?PM | Tuesday: 8:30?AM?–?8:30?PM | Wednesday: 8:30?AM?–?8:30?PM | Thursday: 8:30?AM?–?8:30?PM | Friday: 8:30?AM?–?8:30?PM | Saturday: 8:30?AM?–?8:30?PM | Sunday: 9:00?AM?–?8:30?PM,http://csimpex.com.my/,
ML36,LUONG JATENG TRADING NO 9-11,"9-11  JLN MELUR 2, TAMAN SAUJANA UTAMA",47000,47000 SUNGAI BULOH,Others,CENTRAL,CENTRAL,3.2107983,101.4796591,spv,1369.33,16.8,33059,TSTM011,5,1,0,,,,,
MM04,MING HUAT,"4  JALAN AIR TENANG, AIR PANAS  SETAPAK",-,53200 KUALA LUMPUR,Others,CENTRAL,CENTRAL,3.1898238,101.7182619,spv,2212.64,3.4,33059,TSTK001,0,0,0,,,,,
MM11,PASAR KECIL MELAWATI,"NO.1-1A  JALAN E1 FASA 4, TAMAN MELAWATI",-,53100 SELANGOR D.E,Others,CENTRAL,CENTRAL,3.2220288,101.7411159,spv,8061.63,38.6,33059,TSTL003,0,0,0,,,,,
MM45,MEGA WHOLESALE CASH & CARRY S/B,"38 39 40 JALAN MAXWELL, 48000 RAWANG SELANGOR D.E",-,,Others,CENTRAL,CENTRAL,3.322055,101.57549,whs,17929.39,17.4,33059,TSTL002,3.9,825,0,,03-7723 9393,Monday: 9:00?AM?–?10:00?PM | Tuesday: 9:00?AM?–?10:00?PM | Wednesday: 9:00?AM?–?10:00?PM | Thursday: 9:00?AM?–?10:00?PM | Friday: 9:00?AM?–?10:00?PM | Saturday: 9:00?AM?–?10:00?PM | Sunday: 9:00?AM?–?10:00?PM,http://www.giant.com.my/,
MM63,TRIO M ENTERPRISE,"A-G-01 LAKSAMANA JAYA, 68100 BATU CAVES  SEL",68100,,Others,CENTRAL,CENTRAL,3.2462567,101.6796067,spv,0,0,33059,TSTL002,5,1,0,,018-383 7316,,,
MN11,NSK TRADING (KL) SDN BHD,"NO.74, WISMA ANULAE, JALAN RAJA BOT,",50300,,NSK,CENTRAL,CENTRAL,3.2199594,101.618626,smt,358.8,0.4,33059,TSTL002,0,0,0,,,,,
MN21,NASHABIL PETROSERVIS - ESSO,"LOT 1758  JALAN HJ. SALLEH, SENTUL 51000 KUALA LUMPUR",-,,Others,CENTRAL,CENTRAL,3.1846248,101.6913802,spv,0,0,33059,TSTL002,0,0,0,,,,,
MN23,NEWSLINK ENTERPRISE,"G014,GROUND FLOOR,, HOSPITAL BLOCK,GLENEAGLES INTAN MEDICAL CENTRE,",50450,"AMPANG,",Others,CENTRAL,CENTRAL,3.1614806,101.7354421,spv,996.1,7,33059,TSTRB6,0,0,0,,,,,
MN59,NESFERN SDN. BHD.,"LOT 46920  JALAN 4, TAMAN PERINDUSTRIAN SELAYANG",-,68100 BATU CAVES  SELANGOR.,Others,CENTRAL,CENTRAL,3.2503611,101.6552407,whs,127324.56,1.4,33059,TSTL002,0,0,0,,,,,
MN81,NAJMIZ ADEH TRADING S/B,"P 20N-DSG   BLOK D, METROPOLITAN SQUARE",47820,DAMANSARA PERDANA JLN PJU 8/1,Others,CENTRAL,CENTRAL,3.1653089,101.6083778,spv,253.51,9,33059,TSTRB5,4.1,764,0,,03-7726 3678,Monday: 9:30?AM?–?10:00?PM | Tuesday: 9:30?AM?–?10:00?PM | Wednesday: 9:30?AM?–?10:00?PM | Thursday: 9:30?AM?–?10:00?PM | Friday: 9:30?AM?–?10:00?PM | Saturday: 9:30?AM?–?10:00?PM | Sunday: 9:30?AM?–?10:00?PM,https://www.jayagrocer.com/,
MR01,RIYAS MINI MARKET,"14  JALAN AU 5D/1, 54200 LEMBAH KERAMAT",-,KUALA LUMPUR,Others,CENTRAL,CENTRAL,3.203441,101.7503249,spv,639.43,5.6,33059,TSTK001,4.2,430,0,,03-4162 0681,Monday: 10:00?AM?–?10:00?PM | Tuesday: 10:00?AM?–?10:00?PM | Wednesday: 10:00?AM?–?10:00?PM | Thursday: 10:00?AM?–?10:00?PM | Friday: 10:00?AM?–?10:00?PM | Saturday: 10:00?AM?–?10:00?PM | Sunday: 10:00?AM?–?10:00?PM,https://www.hari.com.my/,
MR101,KR TA BENA SDN BHD (KG SETIA),"LOT 2059-04-05-06 DATARAN SETIA KASIH, KAMPUNG SETIA BT 18 KUANG",48050,48050 RAWANG SELANGOR,Others,CENTRAL,CENTRAL,3.2418299,101.5337984,spv,4875.27,18,33059,TSTM011,0,0,0,,,,,
MR22,K/R RASULDEEN (KEDAI 2),"NO 6 LORONG 11A/27A, (KEDAI NO:2) SEKSYEN 10",-,WANGSA MAJU SETAPAK 53300 KL,Others,CENTRAL,CENTRAL,3.186735,101.73565,spv,1178.26,4.4,33059,TSTK001,0,0,0,,,,,
MR25,SAUJANA INDAH DAMAI ENT - D'SARA DAMAI,"NO E-G03 BLOCK E, JALAN PJU 10/1 C",-,SAUJANA APART,Others,CENTRAL,CENTRAL,3.19219,101.594195,spv,936.68,8,33059,TSTM011,0,0,0,,,,,
MR31,KEDAI RUNCIT NURAINI,"KEDAI NO.1,, SEKSYEN 4,",53300,"WANGSA MAJU,",Others,CENTRAL,CENTRAL,3.2035067,101.7428529,spv,966.21,11.4,33059,TSTK001,4.4,19,0,ChIJPZyaqTA4zDERlIVqOsUuoiY,03-4149 9700,Monday: 8:00?AM?–?8:00?PM | Tuesday: 8:00?AM?–?8:00?PM | Wednesday: 8:00?AM?–?8:00?PM | Thursday: 8:00?AM?–?8:00?PM | Friday: 8:00?AM?–?12:15?PM | Saturday: 8:00?AM?–?8:00?PM | Sunday: 8:00?AM?–?8:00?PM,,
MS02,SOON HOE TRADING CO,"3/7  JLN UDANG SIAR, TAMAN SRI SEGAMBUT",-,52000 KUALA LUMPUR,Others,CENTRAL,CENTRAL,3.1971517,101.655975,whs,0,0,33059,TSTRB6,3.9,39,0,,07-283 0123,Monday: 10:00?AM?–?10:00?PM | Tuesday: 10:00?AM?–?10:00?PM | Wednesday: 10:00?AM?–?10:00?PM | Thursday: 10:00?AM?–?10:00?PM | Friday: 10:00?AM?–?10:00?PM | Saturday: 10:00?AM?–?10:00?PM | Sunday: 10:00?AM?–?10:00?PM,http://www.eco-shop.com.my/,
MS100,SUPER SEVEN (M) S/B (SUNGAI BULOH)),"LOT 407 & 408  JLN PERUSAHAAN 2, SUNGAI BULOH 13 1/2",47600,SUNGAI BULOH,NSK,CENTRAL,CENTRAL,3.2103971,101.5670457,whs,2122.16,3.8,33059,TSTL003,3.9,9,0,,03-6156 2185,Monday: 8:00?AM?–?8:00?PM | Tuesday: 8:00?AM?–?8:00?PM | Wednesday: 8:00?AM?–?8:00?PM | Thursday: 8:00?AM?–?8:00?PM | Friday: 8:00?AM?–?8:00?PM | Saturday: 8:00?AM?–?8:00?PM | Sunday: 8:00?AM?–?8:00?PM,,
MS113,SABENA MINI MARKET -LOT83,"LOT 83  BT 13 1/2, KG MELAYU  SG BULOH",-,47000 SELANGOR,Others,CENTRAL,CENTRAL,3.2204196,101.5726581,spv,2113.22,12,33059,TSTM011,0,0,0,,,,,
MS144,AMZAR ENTERPRISE (M) SDN. BHD.,"NO.6  JLN 1/64, JLN PINGGIRI OFF",-,JLN KOLAM AIR JLN IPOH,Others,CENTRAL,CENTRAL,3.1736481,101.6902995,spv,1250.73,12.4,33059,TSTK001,4.3,156,0,,03-4045 2600,Monday: 8:30?AM?–?8:30?PM | Tuesday: 8:30?AM?–?8:30?PM | Wednesday: 8:30?AM?–?8:30?PM | Thursday: 8:30?AM?–?8:30?PM | Friday: 8:30?AM?–?8:30?PM | Saturday: 8:30?AM?–?8:30?PM | Sunday: 9:00?AM?–?8:30?PM,http://csimpex.com.my/,
MS212,MINI MART SALVARANI,"NO A-9 BLOCK A JALAN MUTIARA 2, TAMAN RAWANG MUTIARA",48000,RAWANG,Others,CENTRAL,CENTRAL,3.328664,101.579268,spv,529.75,14.2,33059,TSTRB3,4,3,0,,,Monday: 10:00?AM?–?8:00?PM | Tuesday: 10:00?AM?–?8:00?PM | Wednesday: 10:00?AM?–?8:00?PM | Thursday: 10:00?AM?–?8:00?PM | Friday: 10:00?AM?–?8:00?PM | Saturday: 10:00?AM?–?8:00?PM | Sunday: 10:00?AM?–?8:00?PM,,
MS239,FADHIL BAROKAH ENTERPRISE -1,"LOT 2584, BATU 19",48050,KUANG,Others,CENTRAL,CENTRAL,3.2468065,101.5455424,spv,1483.86,10.6,33059,TSTM011,0,0,0,,,,,
MS241,WEISTAR HUB SDN BHD,"PASARAYA S. PUTRA, NO 1 2 3 JALAN SP 12A",47000,TAMAN SRI PUTRA,Others,CENTRAL,CENTRAL,3.2488344,101.5585685,spv,3020.54,14.6,33059,TSTM011,0,0,0,,,,,
MS244,SARALA A/P MURUGESAN,"NO GB 29  PUSAT PENJAJA, D'REJANG   JALAN REJANG",53300,SETAPAK JAYA 53300 KUALA LUMPUR,Others,CENTRAL,CENTRAL,3.1915083,101.7265917,spv,0,0,33059,TSTL002,0,0,0,,,,,
MS294,KEDAI RUNCIT SOON HONG HERBSMART PLT,"3-A  JALAN SP12-A, TAMAN SRI PUTRA",47000,47000 SUNGAI BULOH,Others,CENTRAL,CENTRAL,3.2488704,101.5584166,spv,1892.12,4.8,33059,TSTM011,0,0,0,,,,,
MT08,KEDAI UBAT TIN SANG TONG TRADING,"9  JLN SENTUL MURNI, SENTUL PASAR, KUALA LUMPUR",51000,KUALA LUMPUR,Others,CENTRAL,CENTRAL,3.195495,101.69164,spv,0,0,33059,TSTL002,0,0,0,,,,,
MT09,SETOR THIZNTHAT,"36   GERAI PLB, TMN SELAYANG SEGAR",-,68100 SELAYANG  SELANGOR.,Others,CENTRAL,CENTRAL,3.239443,101.661255,spv,2208.19,20.8,33059,TSTL003,5,3,0,,03-6137 0369,Monday: 9:00?AM?–?5:00?PM | Tuesday: 9:00?AM?–?5:00?PM | Wednesday: 9:00?AM?–?5:00?PM | Thursday: 9:00?AM?–?5:00?PM | Friday: 9:00?AM?–?5:00?PM | Saturday: 9:00?AM?–?5:00?PM | Sunday: 9:00?AM?–?5:00?PM,,
MT36,KEDAI RUNCIT TUJUH GENERASI,"NO.198A JALAN INDAH 13, KG.SELAYANG INDAH",-,SELAYANG BARU,Others,CENTRAL,CENTRAL,3.2467983,101.6644017,spv,1008.26,7.2,33059,TSTK001,0,0,0,,,,,
MU02,UTAMAH ENTERPRISE (SENTUL),"BLOCK 207-0-05, TMN DATUK SENU",-,51000 SENTUL UTAMA  KL,Others,CENTRAL,CENTRAL,3.195155,101.6983986,spv,1732.46,9.8,33059,TSTK001,0,0,0,,,,,
MV15,VSF ENTERPRISE,"NO 14   JALAN 36, SELAYANG BARU",68100,KUALA LUMPUR,Others,CENTRAL,CENTRAL,3.2529028,101.6631704,spv,0,0,33059,TSTK001,0,0,0,,,,,
MW78,ANEKA INTERTRADE MARKETING S/B -DC,"NO 10 JALAN UTARID U5/D, 40150 BANDAR PINGGIRAN SUBANG",40150,SHAH ALAM,Others,CENTRAL,CENTRAL,3.1384633,101.5417892,con,21880.7,6.4,33059,TSTM011,4,3,0,,018-404 3326,Monday: 7:00?AM?–?8:00?PM | Tuesday: 7:00?AM?–?8:00?PM | Wednesday: 7:00?AM?–?8:00?PM | Thursday: 7:00?AM?–?8:00?PM | Friday: 7:00?AM?–?8:00?PM | Saturday: 7:00?AM?–?8:00?PM | Sunday: 7:00?AM?–?8:00?PM,,
MY31,YSK MODERN MART,"NO 18 MEDAN BAYU BATU 21, SG. BAKAU  JLN BATU ARANG",-,48000 RAWANG,Others,CENTRAL,CENTRAL,3.3112267,101.53936,oth,839.56,9.6,33059,TSTRB3,0,0,0,,,,,
MY37,YOU LIN STATIONERY ENTERPRISE-SEGAMBUT,"NO. 7  JALAN SEGAMBUT ATAS, SEGAMBUT INDUSTRIAL AREA",-,51200 KUALA LUMPUR.,Others,CENTRAL,CENTRAL,3.1909233,101.6783983,oth,2361.6,0.4,33059,TSTL002,0,0,0,,,,,
MZ10,K/R ZUL - FAR JAYA ENTERPRISE,"NO.13 JALAN 13 TAMAN MELATI, 53100 SETAPAK KUALA LUMPUR",-,,Others,CENTRAL,CENTRAL,3.22501,101.72349,spv,0,0,33059,TSTK001,0,0,0,,,,,
MZ12,ZAMZAM STORE,"LOT 59 KG.SELAYANG INDAH, BATU CAVES",-,68100 SEL,Others,CENTRAL,CENTRAL,3.2481117,101.6633583,spv,777.17,11,33059,TSTK001,0,0,0,,,,,
N304,NINE NINE THREE MINI MARKET,"3  JALAN MERANTI 1, BANDAR UTAMA BATANG KALI",44300,44300 BATANG KALI,Others,CENTRAL,CENTRAL,3.46185,101.65434,spv,220.59,3.8,33059,TSTRB3,4.2,6,0,,,Monday: 9:00?AM?–?9:00?PM | Tuesday: 9:00?AM?–?9:00?PM | Wednesday: 9:00?AM?–?9:00?PM | Thursday: 9:00?AM?–?9:00?PM | Friday: 9:00?AM?–?9:00?PM | Saturday: 9:00?AM?–?9:00?PM | Sunday: 9:00?AM?–?9:00?PM,,
N324,NSK TRADE CITY (RAWANG JAYA) SDN BHD,"JALAN RAWANG JAYA, 48000 RAWANG  SELANGOR",48000,RAWANG,NSK,CENTRAL,CENTRAL,3.3373147,101.5803604,smt,173600.74,47.2,33059,TSTL003,4.1,536,0,,03-6091 7866,Monday: 8:00?AM?–?9:00?PM | Tuesday: 8:00?AM?–?9:00?PM | Wednesday: 8:00?AM?–?9:00?PM | Thursday: 8:00?AM?–?9:00?PM | Friday: 8:00?AM?–?9:00?PM | Saturday: 8:00?AM?–?9:00?PM | Sunday: 8:00?AM?–?9:00?PM,http://www.nsktrade.com/nsk5/,
P1188,PASARAYA TY SDN BHD,"JALAN KUCHAI MAJU 8, KUCHAI ENTREPRENEURS PARK",58200,KUALA LUMPUR,Others,CENTRAL,CENTRAL,3.0905117,101.6874833,spv,0,0,33059,TSTL002,3.8,12,0,,016-386 1917,Monday: 9:00?AM?–?9:00?PM | Tuesday: 9:00?AM?–?9:00?PM | Wednesday: 9:00?AM?–?9:00?PM | Thursday: 9:00?AM?–?9:00?PM | Friday: 9:00?AM?–?9:00?PM | Saturday: 9:00?AM?–?9:00?PM | Sunday: 9:00?AM?–?9:00?PM,,
P475,PASAR MINI BAHRI,"NO. 34  JALAN PEKAKA 8/4, KOTA DAMANSARA SEC 8",52100,PETALING JAYA  SELANGOR,Others,CENTRAL,CENTRAL,3.1758904,101.5751413,spv,1502.07,7,33059,TSTM011,4.5,13,0,,,Monday: 8:30?AM?–?8:00?PM | Tuesday: 8:30?AM?–?8:00?PM | Wednesday: 8:30?AM?–?8:00?PM | Thursday: 8:30?AM?–?8:00?PM | Friday: 8:30?AM?–?8:00?PM | Saturday: 8:30?AM?–?8:00?PM | Sunday: 8:30?AM?–?8:00?PM,,
P990,PASAR SEGAR ENG JOO,"NO.5  JALAN TUN TEJA 1, TAMAN TUN TEJA 48000 RAWANG SELANGOR",48000,,Others,CENTRAL,CENTRAL,3.2991233,101.5904167,spv,197.88,5.6,33059,TSTRB3,5,1,0,,,Monday: 8:00?AM?–?8:00?PM | Tuesday: 8:00?AM?–?8:00?PM | Wednesday: 8:00?AM?–?8:00?PM | Thursday: 8:00?AM?–?8:00?PM | Friday: 8:00?AM?–?8:00?PM | Saturday: 8:00?AM?–?8:00?PM | Sunday: 8:00?AM?–?8:00?PM,,
RA04,PASAR MINI ANANDUR (D-G-K1),"D-G-K1 LOT B APT TERATAI, JALAN BUNGA RAYA 3",48300,TAMAN BUNGA RAYA,Others,CENTRAL,CENTRAL,3.444879,101.553175,spv,3311.87,13,33059,TSTRB3,0,0,0,,,,,
RH01,HOCK CHEN HIN,"72  JLN KUALA KALI RASA, SELANGOR",-,,Others,CENTRAL,CENTRAL,3.4955967,101.63136,spv,290.6,6.2,33059,TSTRB3,0,0,0,,011-7226 8665,,,
RK02,PEMASARAN KOW,"NO. 7  JALAN ORKID 1B, BUKIT SENTOSA",-,48300 RAWANG,Others,CENTRAL,CENTRAL,3.401655,101.5589017,spv,303.87,7.6,33059,TSTRB3,0,0,0,,,,,
RM04,RD MEGAH ENTERPRISE,"NO. 6  JALAN 12, TAMAN BERSATU",-,48000 RAWANG,Others,CENTRAL,CENTRAL,3.3075948,101.580631,spv,286.54,6.8,33059,TSTRB3,4,437,0,,03-6091 0500,Monday: 9:00?AM?–?9:00?PM | Tuesday: 9:00?AM?–?9:00?PM | Wednesday: 9:00?AM?–?9:00?PM | Thursday: 9:00?AM?–?9:00?PM | Friday: 9:00?AM?–?9:00?PM | Saturday: 9:00?AM?–?9:00?PM | Sunday: 9:00?AM?–?9:00?PM,https://m.facebook.com/pages/Pasaraya-Soon-Huat/246561688791772,
RS10,PASAR MINI PANGSA RAYA -APARTMENT IMPIAN,"NO 1-10, JALAN DESA RIA, APARTMENT IMPIAN",48000,BANDAR COUNTRY HOMES,Others,CENTRAL,CENTRAL,3.3295788,101.535267,spv,461.66,13.4,33059,TSTRB3,5,1,0,,019-322 7604,Monday: 10:00?AM?–?6:00?PM | Tuesday: 10:00?AM?–?6:00?PM | Wednesday: 10:00?AM?–?6:00?PM | Thursday: 10:00?AM?–?6:00?PM | Friday: 10:00?AM?–?6:00?PM | Saturday: Closed | Sunday: Closed,,
RY02,YST CASH & CARRY,"5 7 9 JALAN MAHAGONI 7/3, PERNIAGAAN JALAN MAHAGONI",44300,BATANG KALI,Others,CENTRAL,CENTRAL,3.46197,101.65859,spv,3950.16,13.8,33059,TSTRB3,4.2,6,0,,,Monday: 9:00?AM?–?9:00?PM | Tuesday: 9:00?AM?–?9:00?PM | Wednesday: 9:00?AM?–?9:00?PM | Thursday: 9:00?AM?–?9:00?PM | Friday: 9:00?AM?–?9:00?PM | Saturday: 9:00?AM?–?9:00?PM | Sunday: 9:00?AM?–?9:00?PM,,
S1253,SIN HING HUAT AUTOCARE SDN BHD,"LOT 16, JALAN BRP 9/1B,, PUTRA INDUSTRIAL PARK,",47000,"BUKIT RAHMAN PUTRA,",Others,CENTRAL,CENTRAL,3.2329673,101.5608644,whs,167180.66,23.2,33059,TSTM011,0,0,0,,,,,
S1273,SIN SHING GUAN ENTERPRISE SDN BHD,"7  JALAN TAGO 8  TAMAN PERINDUSTRIAN, TAGO  52200 KUALA LUMPUR",52200,,Others,CENTRAL,CENTRAL,0,0,whs,0,0,33059,TSTL002,0,0,0,,03-6187 6230,Monday: 8:00?AM?–?8:00?PM | Tuesday: 8:00?AM?–?8:00?PM | Wednesday: 8:00?AM?–?8:00?PM | Thursday: 8:00?AM?–?8:00?PM | Friday: 8:00?AM?–?8:00?PM | Saturday: 8:00?AM?–?8:00?PM | Sunday: 8:00?AM?–?8:00?PM,,
S688,SOON CHEONG MARINE PRODUCTS (SG.BULOH),"NO.1  JALAN DATARAN VILLA PUTRA 1, TAMAN VILLA PUTRA",47000,47000 SUNGAI BULOH.,SC,CENTRAL,CENTRAL,3.2251316,101.5677572,lpv,66872.09,50,33059,TSTM011,3.6,24,0,,03-6142 6975,Monday: 8:00?AM?–?8:00?PM | Tuesday: 8:00?AM?–?8:00?PM | Wednesday: 8:00?AM?–?8:00?PM | Thursday: 8:00?AM?–?8:00?PM | Friday: 8:00?AM?–?8:00?PM | Saturday: 8:00?AM?–?8:00?PM | Sunday: 8:00?AM?–?8:00?PM,,
SB01,BALADA ENTERPRISE SDN BHD,"NO.1E  LORONG PASAR  GOMBAK SETIA, 68100 SELANGOR DARUL EHSAN.",68100,,Others,CENTRAL,CENTRAL,3.218414,101.713646,spv,2631.64,9.8,33059,TSTK001,0,0,0,,,Monday: 10:30?AM?–?11:00?PM | Tuesday: 10:30?AM?–?11:00?PM | Wednesday: 10:30?AM?–?11:00?PM | Thursday: 10:30?AM?–?11:00?PM | Friday: 10:30?AM?–?11:00?PM | Saturday: 10:30?AM?–?11:00?PM | Sunday: 10:30?AM?–?11:00?PM,,
T423,TCY GLOBAL ENTERPRISE,"LOT B-G-11  GATEWAY KIARAMAS, (CORPORATE SUITE) NO.1",50480,JALAN DESA KIARA  MONT KIARA,Others,CENTRAL,CENTRAL,3.165926,101.6462716,whs,918.4,0.6,33059,TSTRB5,4.2,616,0,,03-6211 9943,Monday: 8:30?AM?–?10:00?PM | Tuesday: 8:30?AM?–?10:00?PM | Wednesday: 8:30?AM?–?10:00?PM | Thursday: 8:30?AM?–?10:00?PM | Friday: 8:30?AM?–?10:00?PM | Saturday: 8:30?AM?–?10:00?PM | Sunday: 8:30?AM?–?10:00?PM,https://www.jayagrocer.com/,
TST700_D124,DAYA MAJU,"MAHALLAH SALAHUDIN, AYYUBI KL UIAM",68100,JALAN GOMBAK,Others,CENTRAL,CENTRAL,3.248825,101.733295,spv,0,0,33059,TSTL002,0,0,0,,,,,
TST700_G120,TS GRATENICE DISTRIBUTION SDN BHD,"Lot 12  Jalan E 1/1  Kawasan Perindustrian Ehsan, Kepong",52100,Kuala Lumpur,Others,CENTRAL,CENTRAL,3.2215731,101.7414524,whs,0,0,33059,TSTA001,0,0,0,,,,,
TST700_H212,USAHA MANDIRI NAD ENTERPRISE - LOT 1176,"Lot 1176-A1  Lorong 6  Kampung Merbau Sembak, 47000 Sg Buloh  Selangor.",47000,,Others,CENTRAL,CENTRAL,3.2143583,101.5149633,spv,3904.11,24,33059,TSTM011,5,6,0,,,Monday: 7:00?AM?–?7:00?PM | Tuesday: 7:00?AM?–?7:00?PM | Wednesday: 7:00?AM?–?7:00?PM | Thursday: 7:00?AM?–?7:00?PM | Friday: 7:00?AM?–?7:00?PM | Saturday: 10:00?AM?–?3:00?PM | Sunday: Closed,,
TST700_K173,KEDAI RUNCIT AGAM JAYA,"LOT 7A  JALAN AU2B, TAMAN SRI KERAMAT",54200,HULU KELANG 54200,Others,CENTRAL,CENTRAL,3.173999,101.745827,spv,1228.81,10.4,33059,TSTK001,0,0,0,,,,,
TST700_P299,AVELON HEALTHCARE SDN BHD,"NO.33-1,, JALAN SRI BINTANG 2,, TAMAN SRI BINTANG,",52100,Kepong,Others,CENTRAL,CENTRAL,3.1880857,101.6420671,oth,-107.96,0,33059,TSTRB3,3.3,39,0,,03-6261 7766,Monday: 8:00?AM?–?7:00?PM | Tuesday: 8:00?AM?–?7:00?PM | Wednesday: 8:00?AM?–?7:00?PM | Thursday: 8:00?AM?–?7:00?PM | Friday: 8:00?AM?–?7:00?PM | Saturday: 8:00?AM?–?6:00?PM | Sunday: 9:00?AM?–?2:00?PM,https://m.facebook.com/ezymix.my/,
TSTA039,AIRISH SINAR ENTERPRISE,"2  GERAI MDP  JALAN 1, TAMAN SUBANG BARU",40100,SHAH ALAM,Others,CENTRAL,CENTRAL,3.1539065,101.5289348,spv,295.88,12.2,33059,TSTM011,4.8,4,0,,017-209 0376,Monday: 9:00?AM?–?7:00?PM | Tuesday: 9:00?AM?–?7:00?PM | Wednesday: 9:00?AM?–?7:00?PM | Thursday: 9:00?AM?–?7:00?PM | Friday: 9:00?AM?–?7:00?PM | Saturday: 9:00?AM?–?7:00?PM | Sunday: 9:00?AM?–?3:00?PM,,
TSTA051,AL FATHIMA MAJU ENTERPRISE,"NO 13  JALAN DELIMA, TAMAN DELIMA",43000,KAJANG,Others,CENTRAL,CENTRAL,3.0164583,101.7801183,spv,0,0,33059,TSTL002,0,0,0,,,,,
TSTA50005,AMPANG GROCERS SDN BHD,"40 - 44 PERSIARAN AMPANG 6KM, OFF JALAN AMPANG",55000,KUALA LUMPUR,Others,CENTRAL,CENTRAL,3.1580693,101.7473018,spv,10087.37,21,33059,TSTRB6,4.5,2,0,,013-606 0474,Monday: 11:00?AM?–?3:00?AM | Tuesday: 11:00?AM?–?3:00?AM | Wednesday: 11:00?AM?–?3:00?AM | Thursday: 11:00?AM?–?3:00?AM | Friday: 11:00?AM?–?4:00?AM | Saturday: 11:00?AM?–?4:00?AM | Sunday: 11:00?AM?–?3:00?AM,,
TSTA50007,KUTHOOS WHOLESALE SDN. BHD.,"56 & 58 JLN TUN H.S.LEE, KUALA LUMPUR",50000,,Others,CENTRAL,CENTRAL,3.147861,101.697096,spv,1851.72,3.8,33059,TSTRB5,5,1,0,,011-1060 8867,Monday: 10:00?AM?–?8:00?PM | Tuesday: 10:00?AM?–?8:00?PM | Wednesday: 10:00?AM?–?8:00?PM | Thursday: 10:00?AM?–?8:00?PM | Friday: 10:00?AM?–?8:00?PM | Saturday: 10:00?AM?–?8:00?PM | Sunday: 8:00?AM?–?8:00?PM,,
TSTA52043,AK MAJU FRESH MINI MART,"NO 37 TINGKAT BAWAH, JALAN 3/62B BANDAR MANJALARA",52200,KEPONG K.L,Others,CENTRAL,CENTRAL,3.192065,101.638663,spv,1619.89,12.6,33059,TSTRB6,0,0,0,,,,,
TSTA58005,PASAR MINI & K/U ARCHEW,"8 JLN 3/116B, KUCHAI ENTREPRENEUR'S PARK",58200,OFF JLN KUCHAI LAMA KL,Others,CENTRAL,CENTRAL,3.0894789,101.6901638,cmh,1503.4,21.4,33059,TSTRB5,0,0,0,,010-293 7096,Monday: 10:00?AM?–?10:00?PM | Tuesday: 10:00?AM?–?10:00?PM | Wednesday: 10:00?AM?–?10:00?PM | Thursday: 10:00?AM?–?10:00?PM | Friday: 10:00?AM?–?10:00?PM | Saturday: 10:00?AM?–?10:00?PM | Sunday: 10:00?AM?–?10:00?PM,http://www.facebook.com/shafiq.jan.%203150,
TSTA60001,HSK JAYA ENTERPRISE,"43 LRG RAHIM KAJAI TIGABELAS, TAMAN TUN DR ISMAIL",60000,KUALA LUMPUR,Others,CENTRAL,CENTRAL,3.1555712,101.6225892,spv,362.41,12.8,33059,TSTRB5,0,0,0,,,,,
TSTA68012,PASARAYA AIK SING (AMPANG),"7G-9G-11G-11AG, MEDAN BUKIT INDAH SATU, AMPANG",68000,SELANGOR,Others,CENTRAL,CENTRAL,3.1534043,101.7738805,lpv,31425.53,32.8,33059,TSTRB6,0,0,0,,,,,
TSTB47035,KEDAI UBAT DAN RUNCIT MING HONG,"20 SS 2/24, PETALING JAYA",47300,SELANGOR,Others,CENTRAL,CENTRAL,3.113345,101.6204651,cmh,6276.68,5,33059,TSTRB5,0,0,0,,011-2735 1646,Monday: Closed | Tuesday: Closed | Wednesday: Closed | Thursday: Closed | Friday: Closed | Saturday: Open 24 hours | Sunday: Open 24 hours,,
TSTB47067,BAO JIAN CHINESE MEDICINES & FOODS S/B,"NO 18-1 JALAN PJU 5/9, DATARAN SUNWAY",47810,KOTA DAMANSARA PETALING JAYA SEL,Others,CENTRAL,CENTRAL,3.1515044,101.5931583,cmh,193,0.6,33059,TSTM011,4.2,1189,0,,03-6140 9888,Monday: 9:00?AM?–?10:00?PM | Tuesday: 9:00?AM?–?10:00?PM | Wednesday: 9:00?AM?–?10:00?PM | Thursday: 9:00?AM?–?10:00?PM | Friday: 9:00?AM?–?10:00?PM | Saturday: 9:00?AM?–?10:00?PM | Sunday: 9:00?AM?–?10:00?PM,http://www.villagegrocer.com.my/,
TSTB52009,K/U DAN P.MINI BAO JIAN S/B,"5-6 JLN ANGSANA SD 2/2B, BANDAR BARU SRI DAMANSARA",52100,KUALA LUMPUR,Others,CENTRAL,CENTRAL,3.2065852,101.6258989,cmh,1897.77,4.8,33059,TSTRB6,0,0,0,,,,,
TSTB52010,BUKIT INDAH SUPERMARKET PK SDN BHD,"46&48 JALAN 5/40, KEPONG",52100,KUALA LUMPUR,Others,CENTRAL,CENTRAL,3.202519,101.656049,spv,659.57,8,33059,TSTRB6,4,117,0,ChIJk9-8HzJGzDER4KtkHh7JGws,,Monday: 9:00?AM?–?8:00?PM | Tuesday: 9:00?AM?–?8:00?PM | Wednesday: 9:00?AM?–?8:00?PM | Thursday: 9:00?AM?–?8:00?PM | Friday: 9:00?AM?–?8:00?PM | Saturday: 9:00?AM?–?8:00?PM | Sunday: 9:00?AM?–?8:00?PM,,
TSTB52025,BANON TONG MEDICAL HALL,"42-G JALAN WANGSA 2/5, TAMAN WANGSA PERMAI",52200,KUALA LUMPUR,Others,CENTRAL,CENTRAL,3.2096454,101.6103062,cmh,355.37,6.6,33059,TSTRB6,0,0,0,,010-895 4818,Monday: 8:00?AM?–?9:30?PM | Tuesday: 8:00?AM?–?9:30?PM | Wednesday: 8:00?AM?–?9:30?PM | Thursday: 8:00?AM?–?9:30?PM | Friday: 8:00?AM?–?10:00?PM | Saturday: 8:00?AM?–?10:00?PM | Sunday: 8:00?AM?–?10:00?PM,,
TSTB55016,BLUECRYSTAL TRADING,"THE ELEMENTS @ AMPANG, JALAN AMPANG ULU",55000,KUALA LUMPUR,Others,CENTRAL,CENTRAL,3.1622294,101.747491,spv,21305.26,50,33059,TSTRB6,5,2,0,,016-674 4620,Monday: 7:00?AM?–?11:00?PM | Tuesday: 7:00?AM?–?11:00?PM | Wednesday: 7:00?AM?–?11:00?PM | Thursday: 7:00?AM?–?11:00?PM | Friday: 7:00?AM?–?11:00?PM | Saturday: 7:00?AM?–?11:00?PM | Sunday: 7:00?AM?–?11:00?PM,https://kedaikeluargaria.shop/,
TSTB58001,SHARIKAT BAN CHOON MEDICAL HALL,"360, JALAN SELESA,TAMAN GEMBIRA,, KUALA LUMPUR",58200,,Others,CENTRAL,CENTRAL,3.0844989,101.6816049,cmh,1308.54,5,33059,TSTRB5,0,0,0,,,,,
TSTB68011,BUKIT INDAH SUPERMARKET AMPANG SDN BHD,"1G & 5G,MEDAN BUKIT INDAH 5,, AMPANG,",68000,"SELANGOR,",Others,CENTRAL,CENTRAL,3.1540052,101.7750847,lpv,25054.17,55.6,33059,TSTRB6,0,0,0,,,,,
TSTB68013,SERBANEKA LAM CHUAN HENG SDN BHD,"365 & 365-A MILE, JALAN AMPANG",68000,KUALA LUMPUR,Others,CENTRAL,CENTRAL,3.158653,101.746564,spv,3342.46,8.6,33059,TSTRB6,4.4,1318,0,,03-4813 1156,Monday: 9:00?AM?–?10:00?PM | Tuesday: 9:00?AM?–?10:00?PM | Wednesday: 9:00?AM?–?10:00?PM | Thursday: 9:00?AM?–?10:00?PM | Friday: 9:00?AM?–?10:00?PM | Saturday: 9:00?AM?–?10:00?PM | Sunday: 9:00?AM?–?10:00?PM,http://www.villagegrocer.com.my/,
TSTB68020,PASAR MINI AK- AMPANG JAYA,"34 JALAN SATU, AMPANG JAYA",68000,AMPANG S.D.E,Others,CENTRAL,CENTRAL,3.1584558,101.761022,spv,6341.14,16,33059,TSTRB6,0,0,0,,014-965 0520,Monday: 9:30?AM?–?8:00?PM | Tuesday: 9:30?AM?–?8:00?PM | Wednesday: 9:30?AM?–?8:00?PM | Thursday: 9:30?AM?–?8:00?PM | Friday: 9:30?AM?–?8:00?PM | Saturday: 9:30?AM?–?8:00?PM | Sunday: 9:30?AM?–?8:00?PM,,
TSTB68050,BIG SUPERMART SDN BHD,"NO 3.5.7.9.11.13.15.17.19.21 & 27, JALAN SG 3/19 PUSAT BANDAR SERI GOMBAK",68100,BATU CAVES SELANGOR,Others,CENTRAL,CENTRAL,3.2424063,101.7051073,lpv,45215.92,32.8,33059,TSTRB6,3.9,613,0,,03-6187 9181,Monday: 9:00?AM?–?10:00?PM | Tuesday: 9:00?AM?–?10:00?PM | Wednesday: 9:00?AM?–?10:00?PM | Thursday: 9:00?AM?–?10:00?PM | Friday: 9:00?AM?–?10:00?PM | Saturday: 9:00?AM?–?10:00?PM | Sunday: 9:00?AM?–?10:00?PM,http://bigstore.gbs2u.com/,
TSTC46002,CS FOODS SDN BHD(920242-P),"NO 45 ROAD 21/17, PETALING JAYA",46300,SELANGOR,Others,CENTRAL,CENTRAL,3.1106411,101.6223181,spv,168.05,6.2,33059,TSTRB5,0,0,0,,011-2735 1646,Monday: Closed | Tuesday: Closed | Wednesday: Closed | Thursday: Closed | Friday: Closed | Saturday: Open 24 hours | Sunday: Open 24 hours,,
TSTC50001,CHEE SENG MEDICINE SHOP,"378 JALAN RAJA LAUT, KUALA LUMPUR",50350,,Others,CENTRAL,CENTRAL,3.1657493,101.6964004,cmh,536.39,9,33059,TSTRB5,4.7,6,0,ChIJUZbLpCRIzDERLjEaZo0tfwA,012-662 2138,Monday: 10:00?AM?–?8:30?PM | Tuesday: 10:00?AM?–?8:30?PM | Wednesday: 10:00?AM?–?8:30?PM | Thursday: 10:00?AM?–?8:30?PM | Friday: 10:00?AM?–?8:30?PM | Saturday: 10:00?AM?–?8:30?PM | Sunday: 10:00?AM?–?8:30?PM,https://www.facebook.com/CheeSengMedicineShop/,
TSTC51001,CHAISANG SDN BHD,"63 JALAN SENTUL, KUALA LUMPUR",51000,,Others,CENTRAL,CENTRAL,3.1798207,101.6922861,whs,30041.46,11,33059,TSTK001,4.3,156,0,,03-4045 2600,Monday: 8:30?AM?–?8:30?PM | Tuesday: 8:30?AM?–?8:30?PM | Wednesday: 8:30?AM?–?8:30?PM | Thursday: 8:30?AM?–?8:30?PM | Friday: 8:30?AM?–?8:30?PM | Saturday: 8:30?AM?–?8:30?PM | Sunday: 9:00?AM?–?8:30?PM,http://csimpex.com.my/,
TSTC52035,COCO MART (M) SDN BHD,"1 JLN WANGSA PERMAI, GRD FLR BANGUNAN ONE WANGSA",52200,TMN WANGSA PERMAI KL,Others,CENTRAL,CENTRAL,3.208614,101.6111078,spv,2494.71,13.2,33059,TSTRB6,5,3,0,,012-326 5735,Monday: 8:00?AM?–?9:00?PM | Tuesday: 8:00?AM?–?9:00?PM | Wednesday: 8:00?AM?–?9:00?PM | Thursday: 8:00?AM?–?9:00?PM | Friday: 8:00?AM?–?9:00?PM | Saturday: 8:00?AM?–?9:00?PM | Sunday: 8:00?AM?–?9:00?PM,,
TSTC57027,PASARAYA CM SDN BHD,"NO 49 JALAN RADIN BAGUS, BANDAR BARU SERI PETALING",57000,KUALA LUMPUR,Others,CENTRAL,CENTRAL,3.0704319,101.6948243,cmh,5706.18,12.6,33059,TSTRB5,0,0,0,,03-3318 4677,Monday: 9:00?AM?–?8:00?PM | Tuesday: 9:00?AM?–?8:00?PM | Wednesday: 9:00?AM?–?8:00?PM | Thursday: 9:00?AM?–?8:00?PM | Friday: 9:00?AM?–?8:00?PM | Saturday: 9:00?AM?–?8:00?PM | Sunday: 9:00?AM?–?8:00?PM,,
TSTC58022,CITY BEST ENTERPRISE,"58A JALAN DESA BAKTI, TAMAN DESA TOWN CENTRE",58100,KUALA LUMPUR,Others,CENTRAL,CENTRAL,3.1034201,101.6830297,cmh,294.46,10.4,33059,TSTRB5,4.2,2410,0,,03-7972 7606,Monday: 8:30?AM?–?10:00?PM | Tuesday: 8:30?AM?–?10:00?PM | Wednesday: 8:30?AM?–?10:00?PM | Thursday: 8:30?AM?–?10:00?PM | Friday: 8:30?AM?–?10:00?PM | Saturday: 8:30?AM?–?10:00?PM | Sunday: 8:30?AM?–?10:00?PM,https://www.demarket.my/,
TSTC59001,CITRA SPICE MART (M) SDN BHD -NO 25,"NO 25G JLN THAMBY ABDULLAH 1, OFF JLN TUN SAMBANTHAN",50470,BRICKFIELDS K.L,Others,CENTRAL,CENTRAL,3.1268817,101.6820717,spv,2687.34,17.8,33059,TSTRB3,4.2,117,0,,03-2276 1617,Monday: 10:00?AM?–?10:00?PM | Tuesday: 10:00?AM?–?10:00?PM | Wednesday: 10:00?AM?–?10:00?PM | Thursday: 10:00?AM?–?10:00?PM | Friday: 10:00?AM?–?10:00?PM | Saturday: 8:00?AM?–?10:00?PM | Sunday: 8:00?AM?–?10:00?PM,,
TSTC59002,CHAI JOO SENG,"NO 76 LRG MA'AROF, OFF BANGSAR PARK",59000,KUALA LUMPUR,Others,CENTRAL,CENTRAL,3.1320964,101.6729017,spv,897.79,2.6,33059,TSTRB3,4.5,2,0,,03-2282 4377,Monday: 8:30?AM?–?8:00?PM | Tuesday: 8:30?AM?–?8:00?PM | Wednesday: 8:30?AM?–?8:00?PM | Thursday: 8:30?AM?–?8:00?PM | Friday: 8:30?AM?–?8:00?PM | Saturday: 8:30?AM?–?8:00?PM | Sunday: 8:30?AM?–?8:00?PM,,
TSTC68007,CHIN LIP (ENG BENG BROTHER)TRADING SDN BHD,"LOT 5,, JALAN INDUSTRI BRJ 2,",48000,"TAMAN BUKIT RAWANG JAYA,",Others,CENTRAL,CENTRAL,3.2466543,101.6603388,whs,0,0,33059,TSTL002,0,0,0,,,,,
TSTC68053,KEDAI UBAT DAN PASAR MINI CHEE ONN *,"29 JALAN SG 3/8, TAMAN SRI GOMBAK",68100,SELANGOR,Others,CENTRAL,CENTRAL,3.2420883,101.70331,spv,365.07,2.4,33059,TSTK001,4.2,45,0,,012-974 3813,Monday: 8:00?AM?–?10:00?PM | Tuesday: 8:00?AM?–?10:00?PM | Wednesday: 8:00?AM?–?10:00?PM | Thursday: 8:00?AM?–?10:00?PM | Friday: 8:00?AM?–?10:00?PM | Saturday: 8:00?AM?–?10:00?PM | Sunday: 8:00?AM?–?10:00?PM,,
TSTD50019,DAWOOD JAREENA SDN BHD,"NO 75 MEDAN BUNUS, OFF JALAN MASJID INDIA",50100,KUALA LUMPUR,Others,CENTRAL,CENTRAL,3.1528538,101.6980778,whs,0,0,33059,TSTRB3,4.2,6105,0,,03-2693 7815,Monday: 9:30?AM?–?9:00?PM | Tuesday: 9:30?AM?–?9:00?PM | Wednesday: 9:30?AM?–?9:00?PM | Thursday: 9:30?AM?–?9:00?PM | Friday: 9:30?AM?–?9:00?PM | Saturday: 9:30?AM?–?9:00?PM | Sunday: 9:30?AM?–?9:00?PM,,
TSTD55001,KEDAI UBAT & RUNCIT DESA,"YUONG SHEN TRADING, NO. 11G, JALAN BUNGA CEMPAKA 6A,, KUALA LUMPUR.",56100,"TAMAN MUDA,",Others,CENTRAL,CENTRAL,3.1178633,101.75354,spv,1085.08,9.8,33059,TSTRB6,0,0,0,,,,,
TSTE46007,EUC SOLUTIONS SDN BHD,"103 BLOCK C PHILEO DAMANSARA 1, JALAN 16/11 JALAN DAMANSARA",46350,PETAING JAYA SELANGOR,Others,CENTRAL,CENTRAL,3.1268095,101.6430403,oth,1175.96,19,33059,TSTRB5,0,0,0,,,,,
TSTE50001,ENG HING HANG SDN BHD,"98 JALAN RAJA LAUT, KUALA LUMPUR",50350,MALAYSIA,Others,CENTRAL,CENTRAL,3.164933,101.6964219,spv,165.46,5.4,33059,TSTRB5,4.7,6,0,,012-662 2138,Monday: 10:00?AM?–?8:30?PM | Tuesday: 10:00?AM?–?8:30?PM | Wednesday: 10:00?AM?–?8:30?PM | Thursday: 10:00?AM?–?8:30?PM | Friday: 10:00?AM?–?8:30?PM | Saturday: 10:00?AM?–?8:30?PM | Sunday: 10:00?AM?–?8:30?PM,https://www.facebook.com/CheeSengMedicineShop/,
TSTE55005,ENG HIN LOONG SDN BHD,"NO. 2,JALAN POAH,",55200,OFF JLN LOKE YEW,Others,CENTRAL,CENTRAL,3.1334327,101.7065105,spv,3141.53,12.4,33059,TSTRB5,5,2,0,,019-877 1998,Monday: 8:00?AM?–?10:00?PM | Tuesday: 8:00?AM?–?10:00?PM | Wednesday: 8:00?AM?–?10:00?PM | Thursday: 8:00?AM?–?10:00?PM | Friday: 8:00?AM?–?10:00?PM | Saturday: 8:00?AM?–?10:00?PM | Sunday: 8:00?AM?–?10:00?PM,,
TSTF47005,SYKT PERN & UBAT FOH PENG,"NO.7,SS 22/23,, DAMANSARA JAYA, PETALING JAYA",47400,PETALING JAYA,Others,CENTRAL,CENTRAL,3.1281502,101.617306,cmh,5367.9,6.2,33059,TSTRB5,0,0,0,,,,,
TSTF47045,FAMILYSAVE MART SDN BHD,"NO 28 JALAN SS 26/6, TAMAN MAYANG JAYA",47301,PETALING JAYA S.D.E,Others,CENTRAL,CENTRAL,3.116882,101.6042085,spv,5108.21,10.4,33059,TSTRB5,0,0,0,,,,,
TSTF52002,PERNIAGAAN KEDAI RUNCIT DAN UBAT FOOK SUNG,"NO 25 LRG 6/1B, TMN INTAN BAIDURI",52100,SELAYANG KUALA LUMPUR,Others,CENTRAL,CENTRAL,3.233439,101.6486322,cmh,543.68,4.8,33059,TSTRB6,5,1,0,,03-6136 1944,Monday: 9:00?AM?–?8:00?PM | Tuesday: 9:00?AM?–?8:00?PM | Wednesday: 9:00?AM?–?8:00?PM | Thursday: 9:00?AM?–?8:00?PM | Friday: 9:00?AM?–?8:00?PM | Saturday: 9:00?AM?–?8:00?PM | Sunday: 9:00?AM?–?8:00?PM,,
TSTF52008,KEDAI UBAT DAN RUNCIT FOOK SUN,"32 JALAN 56, KEPONG BARU",52100,KUALA LUMPUR,Others,CENTRAL,CENTRAL,3.202322,101.6452843,cmh,139668.85,26.6,33059,TSTRB6,4.1,57,0,,,Monday: Closed | Tuesday: 6:00?–?11:30?AM | Wednesday: 6:00?–?11:30?AM | Thursday: 6:00?–?11:30?AM | Friday: 6:00?–?11:30?AM | Saturday: 6:00?–?11:30?AM | Sunday: 6:00?–?11:30?AM,,
TSTF52023,C & K MINI MARKET,"NO 10 JALAN ANGSANA, SD 2/2B",52200,SRI DAMANSARA,Others,CENTRAL,CENTRAL,3.2065241,101.6258777,spv,319.64,3.2,33059,TSTRB6,0,0,0,,,,,
TSTF52036,FUSUN TASTY SDN BHD,"NO 44 JALAN KIP 9, KEPONG INDUSTRIAL KIP",52200,TAMAN PERINDUSTRIAL KIP KL,Others,CENTRAL,CENTRAL,3.20245,101.603258,whs,277889.28,7.8,33059,TSTRB6,0,0,0,,,,,
TSTF52039,FOOK XIN TANG MINI MARKET SDN BHD,"NO 1-34 JALAN DESA 1/5, DESA AMAN PURI",52100,KEPONG KUALA LUMPUR,Others,CENTRAL,CENTRAL,3.2127872,101.6152943,cmh,4868.48,19.2,33059,TSTRB6,4,4,0,,012-306 4988,Monday: 8:00?AM?–?8:00?PM | Tuesday: 8:00?AM?–?8:00?PM | Wednesday: 8:00?AM?–?8:00?PM | Thursday: 8:00?AM?–?8:00?PM | Friday: 8:00?AM?–?8:00?PM | Saturday: 8:00?AM?–?8:00?PM | Sunday: 8:00?AM?–?8:00?PM,,
TSTF57002,KEDAI UBAT DAN RUNCIT HUA HENG,"NO 15 - 19 JALAN HANG TUAH 1, TAMAN SALAK SOUTH",57100,KUALA LUMPUR,Others,CENTRAL,CENTRAL,3.0839285,101.6948142,cmh,2819.49,18.4,33059,TSTRB5,4,1004,0,,012-366 3232,Monday: 10:00?AM?–?12:00?AM | Tuesday: 10:00?AM?–?12:00?AM | Wednesday: 10:00?AM?–?12:00?AM | Thursday: 10:00?AM?–?12:00?AM | Friday: 10:00?AM?–?12:00?AM | Saturday: 10:00?AM?–?12:00?AM | Sunday: 10:00?AM?–?12:00?AM,https://www.facebook.com/purigene.health.solution/,
TSTF58001,FAH LIAN HERBS & FOOD SDN BHD,"16 JALAN HUJAN RAHMAT 2, TAMAN OVERSEAS UNION",58200,KUALA LUMPUR,Others,CENTRAL,CENTRAL,3.0740713,101.6725279,cmh,30813.37,18,33059,TSTRB5,3.6,30,0,,016-251 5851,Monday: 6:30?AM?–?5:00?PM | Tuesday: 6:30?AM?–?5:00?PM | Wednesday: 6:30?AM?–?5:00?PM | Thursday: 6:30?AM?–?5:00?PM | Friday: 6:30?AM?–?5:00?PM | Saturday: 6:30?AM?–?5:00?PM | Sunday: 6:00?AM?–?2:00?AM,,
TSTF58002,FOOK AN MEDICAL HALL,"362 JALAN SELESA, HAPPY GARDEN, KUALA LUMPUR",58200,KUALA LUMPUR,Others,CENTRAL,CENTRAL,3.0844328,101.6817527,cmh,22390.08,12.2,33059,TSTRB5,0,0,0,,,,,
TSTF68008,PERNIAGAAN FATIMAH GHOUS,"2 JALAN MEWAH 3, TAMAN AMPANG MEWAH",68000,AMPANG SELANGOR,Others,CENTRAL,CENTRAL,3.1438879,101.7611133,spv,1709.89,12,33059,TSTRB6,0,0,0,,016-979 7843,,,
TSTG051,GOLDERN STAR INTERNATIONAL SDN. BHD. (  BRANCH ).,"B-0-6,JALAN 2/17, FADASON PARK OFF JALAN KEPONG",52000,WILAYAH PERSEKUTUAN.,Others,CENTRAL,CENTRAL,3.2125236,101.6542225,spv,2639.46,10.8,33059,TSTRB6,5,1,0,,,Monday: 9:00?AM?–?10:00?PM | Tuesday: 9:00?AM?–?10:00?PM | Wednesday: 9:00?AM?–?10:00?PM | Thursday: 9:00?AM?–?10:00?PM | Friday: 9:00?AM?–?10:00?PM | Saturday: 9:00?AM?–?10:00?PM | Sunday: 9:00?AM?–?10:00?PM,,
TSTG46003,GASING STORE,"11 JALAN GASING, PETALING JAYA",46000,SELANGOR DARUL EHSAN,Others,CENTRAL,CENTRAL,3.0948531,101.6508268,spv,8349.93,13.6,33059,TSTRB5,0,0,0,,,,,
TSTG47001,GAN MINI MARKET SDN BHD,"NO.11A & 11,, JALAN ALPHA SS20/11,DAMANSARA UTAMA,, SELANGOR",47400,PETALING JAYA,Others,CENTRAL,CENTRAL,3.1348991,101.626085,spv,5096.37,13.2,33059,TSTRB5,3.9,29,0,ChIJj21yojdJzDERFFR1U2tXWls,03-7728 8514,Monday: 8:30?AM?–?8:00?PM | Tuesday: 8:30?AM?–?8:00?PM | Wednesday: 8:30?AM?–?8:00?PM | Thursday: 8:30?AM?–?8:00?PM | Friday: 8:30?AM?–?8:00?PM | Saturday: 8:30?AM?–?8:00?PM | Sunday: Closed,,
TSTG50050,STEP N SHOP,"G07 SCOTT SENTRAL 28, JALAN SCOT BRICKFIELD",50470,KUALA LUMPUR,Others,CENTRAL,CENTRAL,3.134685,101.6919667,spv,7848.14,21.6,33059,TSTRB3,5,2,0,,016-269 3427,Monday: 9:00?AM?–?8:00?PM | Tuesday: 9:00?AM?–?8:00?PM | Wednesday: 9:00?AM?–?8:00?PM | Thursday: 9:00?AM?–?8:00?PM | Friday: 9:00?AM?–?8:00?PM | Saturday: 9:00?AM?–?8:00?PM | Sunday: 9:00?AM?–?8:00?PM,,
TSTG52009,GOH FOONG ENTERPRISE,"106 JLN MIRI, TAMAN BERINGIN",52000,JINJANG UTARA K.L,Others,CENTRAL,CENTRAL,3.2212058,101.6658175,spv,685.1,5.4,33059,TSTRB6,0,0,0,,,Monday: 10:00?AM?–?11:00?PM | Tuesday: 10:00?AM?–?11:00?PM | Wednesday: 10:00?AM?–?11:00?PM | Thursday: 10:00?AM?–?11:00?PM | Friday: 10:00?AM?–?11:00?PM | Saturday: 9:00?–?11:00?AM | Sunday: 9:00?–?11:00?AM,,
TSTH47004,PERNIAGAAN HIN SANG TONG,"619 SS 9A/1 SERI SETIA, SG WAY PETALING JAYA",47300,SELANGOR,Others,CENTRAL,CENTRAL,3.0857094,101.6206729,cmh,87.71,3.4,33059,TSTRB5,0,0,0,,,,,
TSTH50015,HANIFFA SDN BHD,"WISMA SHEN, 149 JALAN MASJID INDIA",50100,KUALA LUMPUR,Others,CENTRAL,CENTRAL,3.1542935,101.6975338,lpv,214834.28,66,33059,TSTRB3,4.3,9293,0,,03-2693 8620,Monday: 10:15?AM?–?9:00?PM | Tuesday: 10:15?AM?–?9:00?PM | Wednesday: 10:15?AM?–?9:00?PM | Thursday: 10:15?AM?–?9:00?PM | Friday: 10:15?AM?–?9:00?PM | Saturday: 10:00?AM?–?9:30?PM | Sunday: 10:00?AM?–?9:30?PM,http://www.haniffaonline.com.my/,
TSTH52012,KEDAI UBAT DAN RUNCIT HOCK GUAN SDN BHD,"6-G JLN CEMPAKA SD 12/1, BANDAR SRI DAMANSARA",52200,KUALA LUMPUR,Others,CENTRAL,CENTRAL,3.1934977,101.6065388,cmh,1174.49,7,33059,TSTRB6,0,0,0,,,,,
TSTH52020,KEDAI UBAT & RUNCIT HONG NING SDN BHD,"2B-G-1  JALAN LANG KUNING(JLN133), KEPONG BARU",52100,KUALA LUMPUR,Others,CENTRAL,CENTRAL,3.1924665,101.6448889,cmh,10712.4,20.6,33059,TSTRB6,3.3,39,0,,03-6261 7766,Monday: 8:00?AM?–?7:00?PM | Tuesday: 8:00?AM?–?7:00?PM | Wednesday: 8:00?AM?–?7:00?PM | Thursday: 8:00?AM?–?7:00?PM | Friday: 8:00?AM?–?7:00?PM | Saturday: 8:00?AM?–?6:00?PM | Sunday: 9:00?AM?–?2:00?PM,https://m.facebook.com/ezymix.my/,
TSTH52034,CHOP HONG CHAN,"A-0-4, MUTIARA FADASON",52000,JLN 2/17 OFF JLN KEPONG,Others,CENTRAL,CENTRAL,3.212467,101.6535949,spv,401.82,3,33059,TSTRB6,5,1,0,,,Monday: 9:00?AM?–?10:00?PM | Tuesday: 9:00?AM?–?10:00?PM | Wednesday: 9:00?AM?–?10:00?PM | Thursday: 9:00?AM?–?10:00?PM | Friday: 9:00?AM?–?10:00?PM | Saturday: 9:00?AM?–?10:00?PM | Sunday: 9:00?AM?–?10:00?PM,,
TSTH52035,KEDAI UBAT & RUNCIT HONG NING DESA AMAN PURI S/B,"NO 1-3AA BLK A DESA 1/5, DESA AMAN PURI KEPONG",52100,KUALA LUMPUR,Others,CENTRAL,CENTRAL,3.2126404,101.6160369,cmh,11733.08,22.4,33059,TSTRB6,4,4,0,,012-306 4988,Monday: 8:00?AM?–?8:00?PM | Tuesday: 8:00?AM?–?8:00?PM | Wednesday: 8:00?AM?–?8:00?PM | Thursday: 8:00?AM?–?8:00?PM | Friday: 8:00?AM?–?8:00?PM | Saturday: 8:00?AM?–?8:00?PM | Sunday: 8:00?AM?–?8:00?PM,,
TSTH68007,KEDAI UBAT DAN RUNCIT HUAKSON,"LOT 830 JALAN AWAN, KUALA AMPANG",68000,SELANGOR,Others,CENTRAL,CENTRAL,3.1657048,101.749315,cmh,2167.97,10.2,33059,TSTRB6,0,0,0,,,,,
TSTI50010,ISETAN OF JAPAN SDN BHD,"SURIA KLCC, KUALA LUMPUR CITY CENTRE",50088,KUALA LUMPUR MALAYSIA,Others,CENTRAL,CENTRAL,3.157892,101.7131531,smt,31613.16,26.8,33059,TSTRB3,4.4,2855,0,,,Monday: 10:00?AM?–?10:00?PM | Tuesday: 10:00?AM?–?10:00?PM | Wednesday: 10:00?AM?–?10:00?PM | Thursday: 10:00?AM?–?10:00?PM | Friday: 10:00?AM?–?10:00?PM | Saturday: 10:00?AM?–?10:00?PM | Sunday: 10:00?AM?–?10:00?PM,https://www.isetankl.com.my/,
TSTI51001,KEDAI UBAT CINA ZHONG REN ANN ENTERPRISE,"NO 6 JALAN 16/38D, TAMAN SRI SINAR",51200,KUALA LUMPUR,Others,CENTRAL,CENTRAL,3.1886383,101.6503951,cmh,253.51,8.6,33059,TSTRB6,5,4,0,,014-734 8935,Monday: Open 24 hours | Tuesday: Open 24 hours | Wednesday: Open 24 hours | Thursday: Open 24 hours | Friday: Open 24 hours | Saturday: Open 24 hours | Sunday: Closed,,
TSTJ51001,K/U DAN RUNCIT JJ THOONG ONN,"NO 12 - 14 JALAN DAYA 12, TAMAN DAYA KEPONG",51200,KUALA LUMPUR,Others,CENTRAL,CENTRAL,3.2218905,101.6371532,cmh,808.14,6.2,33059,TSTRB6,5,1,0,,03-6273 5242,Monday: 8:00?AM?–?8:00?PM | Tuesday: 8:00?AM?–?8:00?PM | Wednesday: 8:00?AM?–?8:00?PM | Thursday: 8:00?AM?–?8:00?PM | Friday: 8:00?AM?–?8:00?PM | Saturday: 8:00?AM?–?8:00?PM | Sunday: 8:00?AM?–?8:00?PM,,
TSTJ52002,KEDAI UBAT JIN CHEONG,"NO 8 JALAN 9/32, TAMAN JINJANG BARU",52000,KL.(TEL:0122095129),Others,CENTRAL,CENTRAL,3.2070436,101.6580477,cmh,305.44,2,33059,TSTRB6,4.4,5,0,,,Monday: Closed | Tuesday: 3:00?–?11:00?AM | Wednesday: 3:00?–?11:00?AM | Thursday: 3:00?–?11:00?AM | Friday: 3:00?–?11:00?AM | Saturday: 3:00?–?11:00?AM | Sunday: 3:00?–?11:00?AM,,
TSTJ52003,JIN HO MEDICAL HOUSE,"31, JALAN AMBONG,, KEPONG BARU,",52100,KUALA LUMPUR,Others,CENTRAL,CENTRAL,3.2101238,101.6461969,cmh,886.23,5.2,33059,TSTRB6,4.4,5,0,,012-256 9130,Monday: 9:30?AM?–?7:00?PM | Tuesday: 9:30?AM?–?7:00?PM | Wednesday: 9:30?AM?–?7:00?PM | Thursday: 9:30?AM?–?7:00?PM | Friday: 9:30?AM?–?7:00?PM | Saturday: 9:30?AM?–?7:00?PM | Sunday: Closed,,
TSTJ52005,KEDAI UBAT & RUNCIT JEN KANG,"471 JALAN AIR MAWAR, JINJANG SELATAN",52000,KUALA LUMPUR,Others,CENTRAL,CENTRAL,3.2066728,101.6621082,cmh,1665.67,7.2,33059,TSTRB6,0,0,0,,,,,
TSTJ52010,KEDAI UBAT JIAN SENG,"NO 5 JLN PERSIARAN KIP2, TAMAN PERINDUSTRIAN KIP",52200,KUALA LUMPUR,Others,CENTRAL,CENTRAL,3.2068756,101.6086186,cmh,927.13,7.8,33059,TSTRB6,5,3,0,,012-326 5735,Monday: 8:00?AM?–?9:00?PM | Tuesday: 8:00?AM?–?9:00?PM | Wednesday: 8:00?AM?–?9:00?PM | Thursday: 8:00?AM?–?9:00?PM | Friday: 8:00?AM?–?9:00?PM | Saturday: 8:00?AM?–?9:00?PM | Sunday: 8:00?AM?–?9:00?PM,,
TSTJ60002,JASEMA ENTERPRISE,"163 JALAN AMINUDDIN BAKI, TAMAN TUN DR ISMAIL",60000,KUALA LUMPUR,Others,CENTRAL,CENTRAL,3.1534691,101.6226938,spv,15191.31,44,33059,TSTRB5,0,0,0,,,,,
TSTJ68011,J.S. SETOR,"50 JLN KOSAS UTAMA 1/5, TAMAN KOSAS JLN BKT BELACAN",68000,AMPANG SELANGOR DARUL EHSAN,Others,CENTRAL,CENTRAL,3.1474707,101.7720115,spv,6834.66,26.2,33059,TSTRB6,0,0,0,,,,,
TSTJ68018,KEDAI RUNCIT JAYAS,"32 JALAN SATU, AMPANG JAYA",68000,SELANGOR,Others,CENTRAL,CENTRAL,3.1585389,101.7609974,spv,885.14,5.8,33059,TSTRB6,0,0,0,,014-965 0520,Monday: 9:30?AM?–?8:00?PM | Tuesday: 9:30?AM?–?8:00?PM | Wednesday: 9:30?AM?–?8:00?PM | Thursday: 9:30?AM?–?8:00?PM | Friday: 9:30?AM?–?8:00?PM | Saturday: 9:30?AM?–?8:00?PM | Sunday: 9:30?AM?–?8:00?PM,,
TSTK1768,KEDAI RUNCIT AMAN SABE,"2 LAPANGAN, PKNS BT 17",48200,RAWANG,Others,CENTRAL,CENTRAL,3.30656,101.5854583,spv,1185.77,9,33059,TSTRB3,0,0,0,,,Monday: 9:00?AM?–?8:00?PM | Tuesday: 9:00?AM?–?8:00?PM | Wednesday: 9:00?AM?–?8:00?PM | Thursday: 9:00?AM?–?8:00?PM | Friday: 9:00?AM?–?8:00?PM | Saturday: 9:00?AM?–?8:00?PM | Sunday: 9:00?AM?–?8:00?PM,,
TSTK50017,KEDAI UBAT & P.MINI KIM SENG,"15-G JALAN CEMPAKA SD 12/1, BANDAR SRI DAMANSARA",52200,KUALA LUMPUR,Others,CENTRAL,CENTRAL,3.193738,101.606948,cmh,1060.11,12.4,33059,TSTRB6,0,0,0,,,,,
TSTK50022,KUTUB TRADING SDN BHD,"62-64 JALAN TUN H.S.LEE, KUALA LUMPUR",50000,,Others,CENTRAL,CENTRAL,3.147771,101.697104,whs,207202.78,11.6,33059,TSTRB5,5,1,0,,011-1060 8867,Monday: 10:00?AM?–?8:00?PM | Tuesday: 10:00?AM?–?8:00?PM | Wednesday: 10:00?AM?–?8:00?PM | Thursday: 10:00?AM?–?8:00?PM | Friday: 10:00?AM?–?8:00?PM | Saturday: 10:00?AM?–?8:00?PM | Sunday: 8:00?AM?–?8:00?PM,,
TSTK52005,NEW KIANG HONG TRADING,"NO 1606 TAMAN EHSAN, KEPONG",52100,SELANGOR,Others,CENTRAL,CENTRAL,3.221204,101.6232899,spv,1843.76,5.8,33059,TSTRB6,3.9,341,0,,018-376 1888,Monday: Open 24 hours | Tuesday: Open 24 hours | Wednesday: Open 24 hours | Thursday: Open 24 hours | Friday: Open 24 hours | Saturday: Open 24 hours | Sunday: Open 24 hours,http://www.sriternak.com/,
TSTK54002,PASARAYA KK,"NO 1 JALAN PDS AU 3/10,TAMAN DATUK KERAMAT,, ULU KLANG,AMPANG,",68000,SELANGOR.,Others,CENTRAL,CENTRAL,3.1825924,101.7573503,spv,2096.39,10.4,33059,TSTRB6,3.8,57,0,ChIJk6g5g3k3zDERb-XfVhX6cnI,,Monday: 9:00?AM?–?9:00?PM | Tuesday: 9:00?AM?–?9:00?PM | Wednesday: 9:00?AM?–?9:00?PM | Thursday: 9:00?AM?–?9:00?PM | Friday: 9:00?AM?–?9:00?PM | Saturday: 9:00?AM?–?9:00?PM | Sunday: 9:00?AM?–?9:00?PM,,
TSTK55041,KIT SENG SNACK FOOD TRADING,"NO 39 & 41 JLN YEW, OFF JLN PUDU",55100,KUALA LUMPUR,Others,CENTRAL,CENTRAL,3.1333171,101.7141878,whs,-7504.79,0,33059,TSTRB5,5,6,0,,011-2556 3540,Monday: 8:00?AM?–?10:00?PM | Tuesday: 8:00?AM?–?10:00?PM | Wednesday: 8:00?AM?–?10:00?PM | Thursday: 8:00?AM?–?10:00?PM | Friday: 8:00?AM?–?10:00?PM | Saturday: 10:00?AM?–?10:00?PM | Sunday: 10:00?AM?–?10:00?PM,https://my.shp.ee/NfB4tCf,
TSTK58004,PASARAYA KH SDN BHD,"18 - 20 JALAN HUJAN EMAS 4, TAMAN OVERSEAS UNION",58200,KUALA LUMPUR,Others,CENTRAL,CENTRAL,3.0742324,101.6720418,cmh,390.89,14.2,33059,TSTRB5,3.6,30,0,,016-251 5851,Monday: 6:30?AM?–?5:00?PM | Tuesday: 6:30?AM?–?5:00?PM | Wednesday: 6:30?AM?–?5:00?PM | Thursday: 6:30?AM?–?5:00?PM | Friday: 6:30?AM?–?5:00?PM | Saturday: 6:30?AM?–?5:00?PM | Sunday: 6:00?AM?–?2:00?AM,,
TSTK58012,KNL MARKET SDN BHD,"1ST FLOOR,PODIUM BLOCK,FABER TOWERS,, JALAN DESA BAHAGIA,TAMAN DESA,, KUALA LUMPUR",58100,KUALA LUMPUR,Others,CENTRAL,CENTRAL,3.1025183,101.6852617,lpv,73502.69,28.2,33059,TSTRB3,4.2,2410,0,,03-7972 7606,Monday: 8:30?AM?–?10:00?PM | Tuesday: 8:30?AM?–?10:00?PM | Wednesday: 8:30?AM?–?10:00?PM | Thursday: 8:30?AM?–?10:00?PM | Friday: 8:30?AM?–?10:00?PM | Saturday: 8:30?AM?–?10:00?PM | Sunday: 8:30?AM?–?10:00?PM,https://www.demarket.my/,
TSTK68019,PERNIAGAAN RUNCIT LEW KEE,"338 JLN MERDEKA, KAMPUNG BARU AMPANG",68000,SELANGOR,Others,CENTRAL,CENTRAL,3.1401008,101.7645258,spv,527.29,7,33059,TSTRB6,0,0,0,,,,,
TSTK68037,K/U & P.MINI KUO HAN,"1211-B JALAN 11, AMPANG NEW VILLAGE",68000,AMPANG SELANGOR,Others,CENTRAL,CENTRAL,3.1343858,101.7576821,cmh,1796.96,9.4,33059,TSTRB6,0,0,0,,,,,
TSTK68059,PASAR RAYA KAMKA,"47 (7A) JLN AWAN KAMPUNG, KUALA AMPANG HULU KELANG",68000,AMPANG SELANGOR,Others,CENTRAL,CENTRAL,3.165835,101.749097,spv,0,0,33059,TSTRB6,0,0,0,,,,,
TSTK825,KEDAI RUNCIT PRIMA DAMANSARA (HG-2C),"HG-2C- JALAN PJU 10/9, DAMANSARA DAMAI",47830,SG.BULOH,Others,CENTRAL,CENTRAL,3.19754,101.599465,spv,445.13,9.2,33059,TSTM011,0,0,0,,,,,
TSTL46002,KEDAI UBAT LIAN FATT,"940 JALAN 17/38 HAPPY GARDEN, PETALING JAYA",46400,,Others,CENTRAL,CENTRAL,3.1283576,101.6344672,cmh,1422.91,7.8,33059,TSTRB5,4.7,299,0,,012-656 6058,Monday: 8:00?AM?–?10:00?PM | Tuesday: 8:00?AM?–?10:00?PM | Wednesday: 8:00?AM?–?10:00?PM | Thursday: 8:00?AM?–?10:00?PM | Friday: 8:00?AM?–?10:00?PM | Saturday: 8:00?AM?–?10:00?PM | Sunday: 8:00?AM?–?10:00?PM,https://www.facebook.com/urbanfreshmarketplace/,
TSTL50030,KEDAI UBAT & RUNCIT LS GOOI SDN BHD,"13,, TENGKAT TONG SHIN,GROUND FLOOR,",50200,KUALA LUMPUR,Others,CENTRAL,CENTRAL,3.1458281,101.707148,cmh,1762.67,11.6,33059,TSTRB5,0,0,0,,017-975 3476,,,
TSTL58007,KEDAI RUNCIT LONG HUAT,"358 JALAN SELESA, HAPPY GARDEN",58200,OFF JLN KUCHAI LAMA,Others,CENTRAL,CENTRAL,3.0844353,101.6814576,spv,95.62,9.4,33059,TSTRB5,0,0,0,,,,,
TSTM47004,MONT DE CHINA MINI MARKET,"NO 9 JALAN SS24/8, TAMAN MEGAH",47307,PETALING JAYA,Others,CENTRAL,CENTRAL,3.1139049,101.6112836,spv,365.72,2,33059,TSTRB5,3.6,93,0,,03-6421 9976,Monday: 10:00?AM?–?10:00?PM | Tuesday: 10:00?AM?–?10:00?PM | Wednesday: 10:00?AM?–?10:00?PM | Thursday: 10:00?AM?–?10:00?PM | Friday: 10:00?AM?–?10:00?PM | Saturday: 10:00?AM?–?10:00?PM | Sunday: 10:00?AM?–?10:00?PM,https://villagegrocer.com.my/,
TSTM47021,PASARAYA MEGAHERBS & FOOD SDN BHD,"NO1 & 3,JALAN SS 24/8, TAMAN MEGAH",47301,"PETALING JAYA,",Others,CENTRAL,CENTRAL,3.1140579,101.6108128,lpv,20492.15,32.2,33059,TSTRB5,3.6,93,0,,03-6421 9976,Monday: 10:00?AM?–?10:00?PM | Tuesday: 10:00?AM?–?10:00?PM | Wednesday: 10:00?AM?–?10:00?PM | Thursday: 10:00?AM?–?10:00?PM | Friday: 10:00?AM?–?10:00?PM | Saturday: 10:00?AM?–?10:00?PM | Sunday: 10:00?AM?–?10:00?PM,https://villagegrocer.com.my/,
TSTM50022,MODERN STORES -233 BRICKFIELDS,"233 JLN TUN SAMBANTHAN, BRICKFIELDS",50470,KUALA LUMPUR,Others,CENTRAL,CENTRAL,3.1291219,101.6838075,spv,15396.12,16.4,33059,TSTRB3,4.2,117,0,,03-2276 1617,Monday: 10:00?AM?–?10:00?PM | Tuesday: 10:00?AM?–?10:00?PM | Wednesday: 10:00?AM?–?10:00?PM | Thursday: 10:00?AM?–?10:00?PM | Friday: 10:00?AM?–?10:00?PM | Saturday: 8:00?AM?–?10:00?PM | Sunday: 8:00?AM?–?10:00?PM,,
TSTM50074,MK HARTAMAS,"UNIT E-0-8 PLAZA DAMAS, NO 60 JALAN SRI HARTAMAS 1",50480,KUALA LUMPUR,Others,CENTRAL,CENTRAL,3.1643239,101.6567208,spv,1329.01,11.4,33059,TSTRB3,3.5,53,0,,03-6419 9649,Monday: 10:00?AM?–?10:00?PM | Tuesday: 10:00?AM?–?10:00?PM | Wednesday: 10:00?AM?–?10:00?PM | Thursday: 10:00?AM?–?10:00?PM | Friday: 10:00?AM?–?10:00?PM | Saturday: 10:00?AM?–?10:00?PM | Sunday: 10:00?AM?–?10:00?PM,https://villagegrocer.com.my/,
TSTM55001,M.PERAVY BROTHERS SETOR,"NO 30 & 32 JALAN MERLIMAU, OFF JALAN KENANGA",55200,KUALA LUMPUR,Others,CENTRAL,CENTRAL,3.1370597,101.7074335,spv,1195.83,12.4,33059,TSTRB5,5,1,0,,018-227 8327,Monday: 10:00?AM?–?10:00?PM | Tuesday: 10:00?AM?–?10:00?PM | Wednesday: 10:00?AM?–?10:00?PM | Thursday: 10:00?AM?–?10:00?PM | Friday: 10:00?AM?–?10:00?PM | Saturday: 10:00?AM?–?10:00?PM | Sunday: 10:00?AM?–?10:00?PM,https://wasap.my/60182278327,
TSTM55022,MLSB TRADING,"7A,, JALAN NIRWANA 1,",68000,"TAMAN NIRWANA,",Others,CENTRAL,CENTRAL,3.146575,101.750572,whs,13707.2,2.4,33059,TSTRB6,4.6,4609,0,,011-1111 9912,Monday: 8:00?AM?–?12:00?AM | Tuesday: 8:00?AM?–?12:00?AM | Wednesday: 8:00?AM?–?12:00?AM | Thursday: 8:00?AM?–?12:00?AM | Friday: 8:00?AM?–?12:00?AM | Saturday: 8:00?AM?–?12:00?AM | Sunday: 8:00?AM?–?12:00?AM,https://madinah.com.my/,
TSTM68026,KEDAI UBAT MING FEI SDN BHD,"54 A-G JLN PANDAN CAHAYA 2/3, AMPANG",68000,SELANGOR DARUL EHSAN,Others,CENTRAL,CENTRAL,3.1378836,101.7567703,cmh,2680.62,10.2,33059,TSTRB6,4.3,29,0,,017-291 3203,Monday: 8:00?AM?–?10:00?PM | Tuesday: 8:00?AM?–?10:00?PM | Wednesday: 8:00?AM?–?10:00?PM | Thursday: 8:00?AM?–?10:00?PM | Friday: 8:00?AM?–?10:00?PM | Saturday: 8:00?AM?–?10:00?PM | Sunday: 8:00?AM?–?10:00?PM,,
TSTM68086,KEDAI RUNCIT MELUR ENTERPRISE,"MV/1B/00-05 PANGSAPURI MELOR, MERDEKA VILLA JLN MERDEKA",68000,AMPANG SELANGOR,Others,CENTRAL,CENTRAL,3.1370878,101.7644437,spv,327.59,9,33059,TSTRB6,0,0,0,,,,,
TSTN52004,NCM FOOD SDN BHD,"NO 9 JALAN 8/32, TAMAN JINJANG BARU",52000,OFF BATU 6 JALAN KEPONG K.L,Others,CENTRAL,CENTRAL,3.2077293,101.6580822,whs,-7.24,0,33059,TSTRB6,4.4,5,0,,,Monday: Closed | Tuesday: 3:00?–?11:00?AM | Wednesday: 3:00?–?11:00?AM | Thursday: 3:00?–?11:00?AM | Friday: 3:00?–?11:00?AM | Saturday: 3:00?–?11:00?AM | Sunday: 3:00?–?11:00?AM,,
TSTN53015,PASAR MINI NZ(NZ COMMERCIAL SDN BHD),"NO 3 JALAN PINGGIRAN MUTIARA UTAMA, KM 11 JALAN GOMBAK TAMAN MUTIARA GOMBAK",53100,SELANGOR DARUL EHSAN,Others,CENTRAL,CENTRAL,3.237315,101.7175067,spv,660.16,7.2,33059,TSTK001,4.1,34,0,,019-420 5431,Monday: 7:30?AM?–?11:45?PM | Tuesday: 7:30?AM?–?11:45?PM | Wednesday: 7:30?AM?–?11:45?PM | Thursday: 7:30?AM?–?11:45?PM | Friday: 7:30?AM?–?11:45?PM | Saturday: 7:30?AM?–?11:45?PM | Sunday: 7:30?AM?–?11:45?PM,,
TSTN68004,NG CHOONG YEAM SDN BHD,"6-8 JALAN KERJA AIR LAMA I, AMPANG JAYA",68000,KL.,Others,CENTRAL,CENTRAL,3.160802,101.7588232,spv,501.82,13,33059,TSTRB6,4.2,246,0,,03-4266 8526,Monday: 8:00?AM?–?10:00?PM | Tuesday: 8:00?AM?–?10:00?PM | Wednesday: 8:00?AM?–?10:00?PM | Thursday: 8:00?AM?–?10:00?PM | Friday: 8:00?AM?–?10:00?PM | Saturday: 8:00?AM?–?10:00?PM | Sunday: 8:00?AM?–?10:00?PM,https://thecampus.qrafoods.com/,
TSTO46002,PASARAYA OK TWENTY FOUR,"LG 001 MILLENNIUM SQUQRE, DATARAN MILLENNIUM",46100,PETALING JAYA SELANGOR,Others,CENTRAL,CENTRAL,3.1060038,101.6348732,spv,4674.46,19.4,33059,TSTRB5,3.9,6727,0,,03-7932 0958,Monday: 10:00?AM?–?10:00?PM | Tuesday: 10:00?AM?–?10:00?PM | Wednesday: 10:00?AM?–?10:00?PM | Thursday: 10:00?AM?–?10:00?PM | Friday: 10:00?AM?–?10:00?PM | Saturday: 10:00?AM?–?10:00?PM | Sunday: 10:00?AM?–?10:00?PM,https://imagojaya.my/,
TSTP1431,PERNIAGAAN HINN KIE,"NO.10  GERAI MPS FASA 2, SELAYANG BARU",68100,BATU CAVES,Others,CENTRAL,CENTRAL,3.2428367,101.66661,spv,0,0,33059,TSTL002,0,0,0,,,,,
TSTP46003,PENG SOON,"NO 945 17/38, HAPPY GARDEN",46400,PETALING JAYA KUALA LUMPUR,Others,CENTRAL,CENTRAL,3.128171,101.6344139,spv,2044.84,2.8,33059,TSTRB5,4.7,299,0,,012-656 6058,Monday: 8:00?AM?–?10:00?PM | Tuesday: 8:00?AM?–?10:00?PM | Wednesday: 8:00?AM?–?10:00?PM | Thursday: 8:00?AM?–?10:00?PM | Friday: 8:00?AM?–?10:00?PM | Saturday: 8:00?AM?–?10:00?PM | Sunday: 8:00?AM?–?10:00?PM,https://www.facebook.com/urbanfreshmarketplace/,
TSTP46007,PS GROCER,"357 JALAN 5/57, PETALING JAYA",46000,SELANGOR DARUL EHSAN,Others,CENTRAL,CENTRAL,3.0859643,101.6575756,spv,8378.02,23.6,33059,TSTRB5,0,0,0,,,,,
TSTP51015,RUNNING MAN OFFICE SUPPLIES SDN BHD,"27,, JALAN ARA SD 7/3B,",52200,"BANDAR SRI DAMANSARA,",Others,CENTRAL,CENTRAL,3.1970133,101.68113,whs,0,0,33059,TSTL002,0,0,0,,,,,
TSTP58003,PAO CIEN HERB & FOOD SDN BHD,"20 JALAN HUJAN RAHMAT 2, TAMAN OVERSEA UNION",58200,KUALA LUMPUR,Others,CENTRAL,CENTRAL,3.0736246,101.6728033,cmh,1130.05,9.2,33059,TSTRB5,3.6,30,0,,016-251 5851,Monday: 6:30?AM?–?5:00?PM | Tuesday: 6:30?AM?–?5:00?PM | Wednesday: 6:30?AM?–?5:00?PM | Thursday: 6:30?AM?–?5:00?PM | Friday: 6:30?AM?–?5:00?PM | Saturday: 6:30?AM?–?5:00?PM | Sunday: 6:00?AM?–?2:00?AM,,
TSTP59004,PORIUMINI ANGKASA,"NO 6.0.2. SHOP APARTMENT, VISTA ANGKASA",59200,BUKIT KERICHI K.L,Others,CENTRAL,CENTRAL,3.1128983,101.6618633,spv,1608.34,9.6,33059,TSTRB3,4.3,959,0,,,Monday: 10:00?AM?–?10:00?PM | Tuesday: 10:00?AM?–?10:00?PM | Wednesday: 10:00?AM?–?10:00?PM | Thursday: 10:00?AM?–?10:00?PM | Friday: 10:00?AM?–?10:00?PM | Saturday: 10:00?AM?–?10:00?PM | Sunday: 10:00?AM?–?10:00?PM,http://villagegrocer.com.my/,
TSTP68008,KEDAI UBAT DAN RUNCIT PUI YUEN TONG,"73 JLN SG 8/7, SRI GOMBAK BATU CAVES",68100,SELANGOR,Others,CENTRAL,CENTRAL,3.2497676,101.7064949,cmh,1902.74,11.6,33059,TSTRB6,0,0,0,,,,,
TSTP68045,PRPA ENTERPRISE,"NO CG S1 CG2 BLOCK C, TIARA DUTA CONDOMINIUM",68000,AMPANG SELANGOR,Others,CENTRAL,CENTRAL,3.1509604,101.752168,spv,544.08,6.6,33059,TSTRB6,4.6,4609,0,,011-1111 9912,Monday: 8:00?AM?–?12:00?AM | Tuesday: 8:00?AM?–?12:00?AM | Wednesday: 8:00?AM?–?12:00?AM | Thursday: 8:00?AM?–?12:00?AM | Friday: 8:00?AM?–?12:00?AM | Saturday: 8:00?AM?–?12:00?AM | Sunday: 8:00?AM?–?12:00?AM,https://madinah.com.my/,
TSTR47003,SYARIKAT RAHIM *,"12 JALAN SS 5B/4, TAMAN KELANA JAYA",47301,PETALING JAYA SELANGOR,Others,CENTRAL,CENTRAL,3.1007833,101.6057825,spv,1210.79,11.6,33059,TSTRB5,4.3,19,0,,03-7874 7104,Monday: 7:00?AM?–?8:30?PM | Tuesday: 7:00?AM?–?8:30?PM | Wednesday: 7:00?AM?–?8:30?PM | Thursday: 7:00?AM?–?8:30?PM | Friday: 7:00?AM?–?8:30?PM | Saturday: 7:00?AM?–?8:00?PM | Sunday: 7:00?AM?–?8:00?PM,,
TSTR68001,PASAR MINI RASMI - AMPANG,"NO 7 JALAN RASMI 7, TAMAN RASMI JAYA",68000,AMPANG SELANGOR DARUL EHSAN,Others,CENTRAL,CENTRAL,3.1522114,101.7693362,spv,1397.93,5.6,33059,TSTRB6,0,0,0,,,,,
TSTR68005,RUSLAIDI ENTERPRISE,"NO SH 23 JALAN 7, TAMAN GREEN WOOD",68100,BATU CAVES,Others,CENTRAL,CENTRAL,3.2335033,101.7054333,spv,3148.39,13.2,33059,TSTK001,5,5,0,,010-708 9093,Monday: Closed | Tuesday: 10:00?AM?–?10:00?PM | Wednesday: 10:00?AM?–?10:00?PM | Thursday: 10:00?AM?–?10:00?PM | Friday: 10:00?AM?–?10:00?PM | Saturday: 10:00?AM?–?10:00?PM | Sunday: 10:00?AM?–?6:00?PM,https://wa.me/message/CM2KJXBJ4OPLA1,
TSTS1293,STAR GROCER SDN BHD (DESA PANDAN),"NO.6, 8, 10 & 12, GROUND FLOOR,, JALAN 1/76C,",55100,"DESA PANDAN,",STARGROCER,CENTRAL,CENTRAL,3.1475738,101.7365779,lpv,11860.6,18.2,33059,TSTRB3,4.2,885,0,,,Monday: 8:00?AM?–?10:00?PM | Tuesday: 8:00?AM?–?10:00?PM | Wednesday: 8:00?AM?–?10:00?PM | Thursday: 8:00?AM?–?10:00?PM | Friday: 8:00?AM?–?10:00?PM | Saturday: 8:00?AM?–?10:00?PM | Sunday: 8:00?AM?–?10:00?PM,https://www.stargrocer.my/,
TSTS47006,SIN YOON SENG,"7 JALAN SS 20/11, DAMANSARA UTAMA",47400,PETALING JAYA,Others,CENTRAL,CENTRAL,3.1348466,101.6260245,spv,7298.19,13.2,33059,TSTRB5,3.9,29,0,,03-7728 8514,Monday: 8:30?AM?–?8:00?PM | Tuesday: 8:30?AM?–?8:00?PM | Wednesday: 8:30?AM?–?8:00?PM | Thursday: 8:30?AM?–?8:00?PM | Friday: 8:30?AM?–?8:00?PM | Saturday: 8:30?AM?–?8:00?PM | Sunday: Closed,,
TSTS47021,SING HO HENG MEDICAL SDN BHD,"NO 35 JLN SS 24/8, TMN MEGAH PETALING JAYA",47301,SELANGOR DARUL EHSAN,Others,CENTRAL,CENTRAL,3.1142714,101.6116173,cmh,497.46,2.8,33059,TSTRB5,3.6,93,0,,03-6421 9976,Monday: 10:00?AM?–?10:00?PM | Tuesday: 10:00?AM?–?10:00?PM | Wednesday: 10:00?AM?–?10:00?PM | Thursday: 10:00?AM?–?10:00?PM | Friday: 10:00?AM?–?10:00?PM | Saturday: 10:00?AM?–?10:00?PM | Sunday: 10:00?AM?–?10:00?PM,https://villagegrocer.com.my/,
TSTS50017,SOGO (K.L.) DEPARTMENT STORE SDN BHD,"KOMPLEKS PERNAS SOGO, 190 JLN TUANKU ABDUL RAHMAN",50100,KUALA LUMPUR,Others,CENTRAL,CENTRAL,3.1562711,101.6952678,smt,17217.44,16,33059,TSTRB3,4.3,26396,2,,03-2618 1888,Monday: 10:00?AM?–?9:30?PM | Tuesday: 10:00?AM?–?9:30?PM | Wednesday: 10:00?AM?–?9:30?PM | Thursday: 10:00?AM?–?9:30?PM | Friday: 10:00?AM?–?10:00?PM | Saturday: 10:00?AM?–?10:00?PM | Sunday: 10:00?AM?–?9:30?PM,https://www.sogo.com.my/,
TSTS50039,MEULUR SEJAHTERA,"WISMA SHARANI, 39 LORONG RAJA BOT",50300,KUALA LUMPUR,Others,CENTRAL,CENTRAL,3.1644535,101.7007378,spv,169.02,6.4,33059,TSTRB5,4,5,0,,03-2691 5580,Monday: 8:30?AM?–?8:00?PM | Tuesday: 8:30?AM?–?8:00?PM | Wednesday: 8:30?AM?–?8:00?PM | Thursday: 8:30?AM?–?8:00?PM | Friday: 8:30?AM?–?8:00?PM | Saturday: 8:30?AM?–?8:00?PM | Sunday: 8:30?AM?–?8:00?PM,,
TSTS51085,KEDAI RUNCIT SARIVIN,"15 JLN 1/3C, TAMAN SRI KEPONG",51200,KUALA LUMPUR,Others,CENTRAL,CENTRAL,3.1920015,101.6500777,spv,1469.41,11.2,33059,TSTRB6,5,4,0,,014-734 8935,Monday: Open 24 hours | Tuesday: Open 24 hours | Wednesday: Open 24 hours | Thursday: Open 24 hours | Friday: Open 24 hours | Saturday: Open 24 hours | Sunday: Closed,,
TSTS52032,SOON CHEONG MARINE PRODUCTS SB (D'SARA),"NO 11 & 12 JLN TEMBAGA SD 5/2E, BANDAR SRI DAMANASARA",52200,KUALA LUMPUR,SC,CENTRAL,CENTRAL,3.2004402,101.6180182,spv,-1198.68,0,33059,TSTM011,0,0,0,,,,,
TSTS52036,KEDAI RUNCIT SUM HUP,"NO:802 BLOCK 8, JALAN 9/32, KL",52000,TMN JINJANG BARU,Others,CENTRAL,CENTRAL,3.206361,101.658834,spv,-220.11,1.6,33059,TSTRB6,0,0,0,,,,,
TSTS54003,PASARMINI ALSULAIMAN,"NO 10 JLN AU 5C/14, LEMBAH KERAMAT AMPANG",54200,ULU KLANG K.L,Others,CENTRAL,CENTRAL,3.2019293,101.7563114,spv,7075.4,32.6,33059,TSTRB6,4.2,82,0,,012-433 5300,Monday: Open 24 hours | Tuesday: Open 24 hours | Wednesday: Open 24 hours | Thursday: Open 24 hours | Friday: Open 24 hours | Saturday: Open 24 hours | Sunday: Open 24 hours,,
TSTS55022,S.N.Z IBRAHIM,"154 JALAN KAMPUNG PANDAN, KUALA LUMPUR",55100,,Others,CENTRAL,CENTRAL,3.1448071,101.7354457,spv,229.68,6.4,33059,TSTRB5,4.3,326,0,,03-9201 7948,Monday: 8:00?AM?–?10:00?PM | Tuesday: 8:00?AM?–?10:00?PM | Wednesday: 8:00?AM?–?10:00?PM | Thursday: 8:00?AM?–?10:00?PM | Friday: 8:00?AM?–?10:00?PM | Saturday: 8:00?AM?–?10:00?PM | Sunday: 8:00?AM?–?10:00?PM,,
TSTS55056,SERI MUTIARA STORE,"BLOCK B12-04, JLN 4/76A",55100,DESA PANDAN KL,Others,CENTRAL,CENTRAL,3.1460165,101.7345293,spv,561.53,9.8,33059,TSTRB5,4.2,885,0,,,Monday: 8:00?AM?–?10:00?PM | Tuesday: 8:00?AM?–?10:00?PM | Wednesday: 8:00?AM?–?10:00?PM | Thursday: 8:00?AM?–?10:00?PM | Friday: 8:00?AM?–?10:00?PM | Saturday: 8:00?AM?–?10:00?PM | Sunday: 8:00?AM?–?10:00?PM,https://www.stargrocer.my/,
TSTS56018,PASAR RAYA SONG FOOK SDN BHD,"39-41 JLN BUNGA TANJUNG 7, TAMAN MUDA",56100,AMPANG,Others,CENTRAL,CENTRAL,3.119176,101.7595491,spv,2950.7,6.4,33059,TSTRB6,4.2,31,0,ChIJBUwgyIU2zDERkAmdQV97y0I,03-4295 3233,Monday: 7:30?AM?–?7:00?PM | Tuesday: 7:30?AM?–?7:00?PM | Wednesday: 7:30?AM?–?7:00?PM | Thursday: 7:30?AM?–?7:00?PM | Friday: 7:30?AM?–?7:00?PM | Saturday: 7:30?AM?–?7:00?PM | Sunday: 7:30?AM?–?2:00?PM,,
TSTS57034,SIN CHUAN HIN CASH & CARRY,"18 JLN PEJABAT POS, BANDAR SUNGAI BESI",57100,KUALA LUMPUR W.PERSEKUTUAN,Others,CENTRAL,CENTRAL,3.0634794,101.7095467,spv,0,0,33059,TSTRB5,0,0,0,,016-493 8654,Monday: 6:00?AM?–?10:00?PM | Tuesday: 6:00?AM?–?10:00?PM | Wednesday: 6:00?AM?–?10:00?PM | Thursday: 6:00?AM?–?10:00?PM | Friday: 6:00?AM?–?10:00?PM | Saturday: 6:00?AM?–?10:00?PM | Sunday: 6:00?AM?–?10:00?PM,,
TSTS58009,FOOK YAU SDN BHD (OUG),"19-21 JALAN HUJAN RAHMAT 2, OVERSEA UNION GARDEN",58200,KUALA LUMPUR,Others,CENTRAL,CENTRAL,3.072483,101.6729222,cmh,1127.76,17.8,33059,TSTRB5,3.6,30,0,,016-251 5851,Monday: 6:30?AM?–?5:00?PM | Tuesday: 6:30?AM?–?5:00?PM | Wednesday: 6:30?AM?–?5:00?PM | Thursday: 6:30?AM?–?5:00?PM | Friday: 6:30?AM?–?5:00?PM | Saturday: 6:30?AM?–?5:00?PM | Sunday: 6:00?AM?–?2:00?AM,,
TSTS59050,CEMPAKA ROSINAR ENTERPRISE,"BLOCK 15-0-2 JLN  1 2/5A, TAMAN BUKIT ANGKASA",59200,PANTAI DALAM K.L,Others,CENTRAL,CENTRAL,3.1093883,101.6701867,spv,2632.45,19,33059,TSTRB3,4.1,958,0,,1-300-80-2366,Monday: 9:00?AM?–?10:00?PM | Tuesday: 9:00?AM?–?10:00?PM | Wednesday: 9:00?AM?–?10:00?PM | Thursday: 9:00?AM?–?10:00?PM | Friday: 9:00?AM?–?10:00?PM | Saturday: 9:00?AM?–?10:00?PM | Sunday: 9:00?AM?–?10:00?PM,https://www.aeonretail.com.my/,
TSTS68027,SENG MENG HENG,"15 JALAN 13-D, AMPANG JAYA",68000,AMPANG SELANGOR,Others,CENTRAL,CENTRAL,3.1565919,101.7579489,spv,653.85,6.8,33059,TSTRB6,5,7,0,,014-660 0753,Monday: 9:30?AM?–?7:30?PM | Tuesday: 9:30?AM?–?7:30?PM | Wednesday: 9:30?AM?–?7:30?PM | Thursday: 9:30?AM?–?7:30?PM | Friday: 9:30?AM?–?7:30?PM | Saturday: 9:30?AM?–?7:30?PM | Sunday: 10:00?AM?–?3:00?PM,,
TSTS68104,PASAR MINI SEPULUH SEN,"AG 01 - 03 PANGSAPURI SRI, NILAM JLN WAWASAN AMPANG 3/8",68000,BANDAR BARU AMPANG SELANGOR,Others,CENTRAL,CENTRAL,3.1386474,101.7684797,spv,2710.52,13.4,33059,TSTRB6,0,0,0,,,,,
TSTS68171,PASAR MINI NOORUL AALIYA,"NO 2 LORONG KOLAM AIR LAMA SATU, AMPANG JAYA",68000,SELANGOR,Others,CENTRAL,CENTRAL,3.1608827,101.7589909,spv,5335.22,32.4,33059,TSTRB6,4.2,246,0,,03-4266 8526,Monday: 8:00?AM?–?10:00?PM | Tuesday: 8:00?AM?–?10:00?PM | Wednesday: 8:00?AM?–?10:00?PM | Thursday: 8:00?AM?–?10:00?PM | Friday: 8:00?AM?–?10:00?PM | Saturday: 8:00?AM?–?10:00?PM | Sunday: 8:00?AM?–?10:00?PM,https://thecampus.qrafoods.com/,
TSTT172,THE FLASHING TRADING,"18 0 1  JALAN 19/32, PANGSAPURI SRI JINJANG",52000,KUALA LUMPUR,Others,CENTRAL,CENTRAL,3.202086,101.660545,spv,0,0,33059,TSTL002,4,117,0,,,Monday: 9:00?AM?–?8:00?PM | Tuesday: 9:00?AM?–?8:00?PM | Wednesday: 9:00?AM?–?8:00?PM | Thursday: 9:00?AM?–?8:00?PM | Friday: 9:00?AM?–?8:00?PM | Saturday: 9:00?AM?–?8:00?PM | Sunday: 9:00?AM?–?8:00?PM,,
TSTT46005,TONG WOH ENTERPRISE SDN BHD,"NO 19 - 23 JALAN 52/18, PETALING JAYA",46200,SELANGOR.,Others,CENTRAL,CENTRAL,3.0994054,101.6452595,whs,1141.6,1.8,33059,TSTRB5,0,0,0,,,,,
TSTT46008,KEDAI UBAT TUCK SENG SDN BHD,"NO 48 & 50 JALAN PASAR 1/19, PETALING JAYA",46000,SELANGOR,Others,CENTRAL,CENTRAL,3.0860626,101.6468262,cmh,47128.4,32.4,33059,TSTRB5,0,0,0,,03-7846 2105,Monday: 8:30?AM?–?8:00?PM | Tuesday: 8:30?AM?–?8:00?PM | Wednesday: 8:30?AM?–?8:00?PM | Thursday: 8:30?AM?–?8:00?PM | Friday: 8:30?AM?–?8:00?PM | Saturday: 8:30?AM?–?8:00?PM | Sunday: 8:30?AM?–?8:00?PM,,
TSTT47007,KEDAI UBAT DAN RUNCIT TAI KONG,"KIT 5953 KAMPONG CEMPAKA, PETALING JAYA",47301,SELANGOR D.E.,Others,CENTRAL,CENTRAL,3.1162043,101.5992315,cmh,2294.98,8.4,33059,TSTRB5,3.8,36,0,,016-205 7498,Monday: 7:00?AM?–?6:00?PM | Tuesday: 7:00?AM?–?6:00?PM | Wednesday: 7:00?AM?–?6:00?PM | Thursday: 7:00?AM?–?6:00?PM | Friday: 7:00?AM?–?6:00?PM | Saturday: 7:00?AM?–?6:00?PM | Sunday: 7:00?AM?–?6:00?PM,https://www.facebook.com/Hong-Yang-Oriental-Food-495876844128462/,
TSTT51007,TONGEE (K.L.) SDN BHD,"NO 3 AND 5, JLN SEGAMBUT PUSAT, MALAYSIA.",51200,SEGAMBUT INDUSTRIAL AREA,Others,CENTRAL,CENTRAL,3.1902154,101.6774012,whs,633108.42,13,33059,TSTL002,4.2,35,0,ChIJyfXHE3ZIzDER9RwB-h9k_70,,,,TRUE
TSTT52007,TECKSING TRADING SDN BHD,"NO 15 JALAN 12, DESA JAYA",52100,SELANGOR,Others,CENTRAL,CENTRAL,3.2164045,101.6296328,cmh,2135.61,7.4,33059,TSTRB6,3.7,48,0,,03-6262 1787,Monday: 7:00?AM?–?6:45?PM | Tuesday: 7:00?AM?–?6:45?PM | Wednesday: 7:00?AM?–?6:45?PM | Thursday: 7:00?AM?–?6:45?PM | Friday: 7:00?AM?–?6:45?PM | Saturday: 7:00?AM?–?6:45?PM | Sunday: 7:00?AM?–?1:00?PM,,
TSTT52009,TONG SIANG TRADING CO,"NO 18 JALAN 6/33B, KEPONG COMMERCIAL PARK",52000,6 1/2 MILES JALAN KEPONG KUALA LUMPUR,Others,CENTRAL,CENTRAL,3.20793,101.649301,whs,23770.77,6.2,33059,TSTRB6,0,0,0,,,,,
TSTT52031,PASAR MINI NAVISHA,"39 JALAN 3 62B, BANDAR MENJALARA",52200,KUALA LUMPUR,Others,CENTRAL,CENTRAL,3.1920416,101.6386655,spv,1190.43,16.2,33059,TSTRB6,0,0,0,,,,,
TSTT52037,TIP TOP CONVENIENT STORE,"NO 15 JALAN CEMPAKA SD 12/2, BANDAR SRI DAMANSARA",52200,KAULA LUMPUR,Others,CENTRAL,CENTRAL,3.1939102,101.6062661,spv,1114.28,8.8,33059,TSTRB6,0,0,0,,,,,
TSTT55004,KEDAI UBAT DAN RUNCIT TUCK CHEONG LOONG,"71G JALAN PANDAN INDAH 1/23, PANDAN INDAH",55100,KUALA LUMPUR,Others,CENTRAL,CENTRAL,3.130708,101.751404,cmh,623.38,4.6,33059,TSTRB6,0,0,0,,03-9274 4822,Monday: 9:00?AM?–?8:00?PM | Tuesday: 9:00?AM?–?8:00?PM | Wednesday: 9:00?AM?–?8:00?PM | Thursday: 9:00?AM?–?8:00?PM | Friday: 9:00?AM?–?8:00?PM | Saturday: 9:00?AM?–?8:00?PM | Sunday: 9:00?AM?–?8:00?PM,,
TSTT56019,100 TERATAI SDN BHD,"100 JALAN TERATAI 1/2, TAMAN BUKIT TERATAI",56100,KUALA LUMPUR,Others,CENTRAL,CENTRAL,3.1118086,101.7652754,spv,724.72,9.4,33059,TSTRB6,0,0,0,,,,,
TSTT68004,TOPZELLER (M) SDN BHD,"1 JLN WAWASAN AMPANG 2/5, PASAR BANDAR BARU AMPANG",68000,AMPANG S.D.E,NSK,CENTRAL,CENTRAL,3.145129,101.7671223,whs,4328.88,3,33059,TSTRB6,4.6,34,0,,016-203 0273,Monday: 8:30?AM?–?9:30?PM | Tuesday: 8:30?AM?–?9:30?PM | Wednesday: 8:30?AM?–?9:30?PM | Thursday: 8:30?AM?–?9:30?PM | Friday: 8:30?AM?–?9:30?PM | Saturday: 8:30?AM?–?9:30?PM | Sunday: 8:30?AM?–?9:30?PM,,
TSTU46001,UNICARE PHARMACY (M) SDN BHD,"25, 27, JALAN 52/1,, MERDEKA SQUARE",46200,"PETALING JAYA ,",Others,CENTRAL,CENTRAL,3.0993138,101.6451289,oth,18704.99,12,33059,TSTRB5,0,0,0,,,,,
TSTV46001,VIE ONN SDN BHD,"17B-19 JALAN 14/20, PETALING JAYA",46100,,Others,CENTRAL,CENTRAL,3.1107807,101.6364629,cmh,439.33,14.4,33059,TSTRB5,4.2,1155,0,,03-7956 1633,Monday: 10:00?AM?–?10:00?PM | Tuesday: 10:00?AM?–?10:00?PM | Wednesday: 10:00?AM?–?10:00?PM | Thursday: 10:00?AM?–?10:00?PM | Friday: 10:00?AM?–?10:00?PM | Saturday: 10:00?AM?–?10:00?PM | Sunday: 10:00?AM?–?10:00?PM,https://www.jayagrocer.com/,
TSTV47017,V MART (KELANA MAHKOTA),"NO 2 JALAN SS 7/19, KELANA JAYA CONDO",47301,KELANA JAYA,Others,CENTRAL,CENTRAL,3.1027169,101.5924274,spv,875.35,8.4,33059,TSTRB5,4,3036,1,,03-7491 9223,Monday: 10:00?AM?–?10:00?PM | Tuesday: 10:00?AM?–?10:00?PM | Wednesday: 10:00?AM?–?10:00?PM | Thursday: 10:00?AM?–?10:00?PM | Friday: 10:00?AM?–?10:00?PM | Saturday: 10:00?AM?–?10:00?PM | Sunday: 10:00?AM?–?10:00?PM,https://corp.lotuss.com.my/store/lotuss-paradigm,
TSTV52003,KEDAI UBAT & RUNCIT VOON KHONG,"20 JALAN 10/40, TAMAN PUSAT KEPONG",52100,KUALA LUMPUR,Others,CENTRAL,CENTRAL,3.1975675,101.6563672,spv,490.53,6,33059,TSTRB6,3.8,69,0,,03-3362 6863,Monday: 10:00?AM?–?11:00?PM | Tuesday: 10:00?AM?–?11:00?PM | Wednesday: 10:00?AM?–?11:00?PM | Thursday: 10:00?AM?–?11:00?PM | Friday: 10:00?AM?–?11:00?PM | Saturday: 10:00?AM?–?11:00?PM | Sunday: 10:00?AM?–?11:00?PM,http://www.99speedmart.com.my/,
TSTV55002,KEDAI UBAT WEI YIP,"NO. 9, JALAN SS2/67",47300,PETALING JAYA.,Others,CENTRAL,CENTRAL,3.1189689,101.6228971,cmh,82.32,3,33059,TSTRB5,3.8,39,0,,012-588 6331,Monday: 10:00?AM?–?8:00?PM | Tuesday: 10:00?AM?–?8:00?PM | Wednesday: 10:00?AM?–?8:00?PM | Thursday: 10:00?AM?–?8:00?PM | Friday: 10:00?AM?–?8:00?PM | Saturday: 10:00?AM?–?8:00?PM | Sunday: 10:00?AM?–?8:00?PM,http://www.zhangvillage.com/,
TSTW47007,WING SANG HUP KEE MEDICAL HALL,"508 KG CHEMPAKA, PETALING JAYA",47301,,Others,CENTRAL,CENTRAL,3.1163967,101.598465,cmh,198.89,8.2,33059,TSTRB5,3.8,36,0,,016-205 7498,Monday: 7:00?AM?–?6:00?PM | Tuesday: 7:00?AM?–?6:00?PM | Wednesday: 7:00?AM?–?6:00?PM | Thursday: 7:00?AM?–?6:00?PM | Friday: 7:00?AM?–?6:00?PM | Saturday: 7:00?AM?–?6:00?PM | Sunday: 7:00?AM?–?6:00?PM,https://www.facebook.com/Hong-Yang-Oriental-Food-495876844128462/,
TSTW50003,KEDAI UBAT DAN RUNCIT WENG WAH ,"NO 6 JALAN THAMBAPILLAI, BRICKFIELDS",50470,KUALA LUMPUR,Others,CENTRAL,CENTRAL,3.1329467,101.6887917,spv,344.16,7.2,33059,TSTRB3,5,2,0,,016-269 3427,Monday: 9:00?AM?–?8:00?PM | Tuesday: 9:00?AM?–?8:00?PM | Wednesday: 9:00?AM?–?8:00?PM | Thursday: 9:00?AM?–?8:00?PM | Friday: 9:00?AM?–?8:00?PM | Saturday: 9:00?AM?–?8:00?PM | Sunday: 9:00?AM?–?8:00?PM,,
TSTW50016,WAN LEE HENG CASH & CARRY SDN BHD -RAJA LAUT,"105 LENGKOK RAJA LAUT, KUALA LUMPUR, KUALA LUMPUR",50350,,Others,CENTRAL,CENTRAL,3.1674767,101.6969983,whs,14388.37,7.6,33059,TSTRB3,4.1,223,0,ChIJyaiWQyNIzDERZpkMjEMoxH0,03-4045 5636,Monday: 8:30?AM?–?9:00?PM | Tuesday: 8:30?AM?–?9:00?PM | Wednesday: 8:30?AM?–?9:00?PM | Thursday: 8:30?AM?–?9:00?PM | Friday: 8:30?AM?–?9:00?PM | Saturday: 8:30?AM?–?9:00?PM | Sunday: 8:30?AM?–?9:00?PM,https://www.wanleeheng.com/,
TSTW51003,SYARIKAT PERNIAGAAN DAN UBAT WENG CHON,"E-10 JALAN 17/42, TAMAN KOK DOH SEGAMBUT",51200,KUALA LUMPUR,Others,CENTRAL,CENTRAL,3.1953182,101.6653412,cmh,3158.36,11.2,33059,TSTRB6,0,0,0,,,,,
TSTW51005,PASAR MINI YONG LI,"NO 3 & 5 JALAN SELINGSING 2, TAMAN SRI KUCHING",51200,KUALA LUMPUR,Others,CENTRAL,CENTRAL,3.1967267,101.6719693,spv,828.19,8.6,33059,TSTRB6,0,0,0,,,,,
TSTW52036,BEN MART TRADING SDN BHD,"2-4-6 JALAN BANGAU 73, KEPONG BARU",52100,KUALA LUMPUR,Others,CENTRAL,CENTRAL,3.2009247,101.645488,spv,8232.33,11.6,33059,TSTRB6,4.1,57,0,,,Monday: Closed | Tuesday: 6:00?–?11:30?AM | Wednesday: 6:00?–?11:30?AM | Thursday: 6:00?–?11:30?AM | Friday: 6:00?–?11:30?AM | Saturday: 6:00?–?11:30?AM | Sunday: 6:00?–?11:30?AM,,
TSTW52041,JUTARIA CASH & CARRY SDN BHD,"LOT 11095-A1 JALAN KEPONG, TAMAN KEPONG",52000,KUALA LUMPUR,Others,CENTRAL,CENTRAL,3.2127504,101.633074,whs,3720.66,3.4,33059,TSTRB6,3.9,464,0,ChIJGd1CYGtGzDERo4FhcHmrqzI,03-6263 2008,Monday: 8:00?AM?–?7:30?PM | Tuesday: 8:00?AM?–?7:30?PM | Wednesday: 8:00?AM?–?7:30?PM | Thursday: 8:00?AM?–?7:30?PM | Friday: 8:00?AM?–?7:30?PM | Saturday: 8:00?AM?–?7:30?PM | Sunday: 8:00?AM?–?7:30?PM,,
TSTW55020,KEDAI UBAT DAN RUNCIT YOONG KEIN,"17-G JALAN PANDAN 2/2, PANDAN JAYA",55100,CHERAS KUALA LUMPUR,Others,CENTRAL,CENTRAL,3.1347683,101.7400667,spv,149.01,6.8,33059,TSTRB6,3.6,18,0,,07-283 0123,Monday: 10:00?AM?–?10:00?PM | Tuesday: 10:00?AM?–?10:00?PM | Wednesday: 10:00?AM?–?10:00?PM | Thursday: 10:00?AM?–?10:00?PM | Friday: 10:00?AM?–?10:00?PM | Saturday: 10:00?AM?–?10:00?PM | Sunday: 10:00?AM?–?10:00?PM,https://www.eco-shop.com.my/,
TSTW58001,KEDAI UBAT PERNIAGAAN WAH FOUNG,"LOT 52A, JLN DESA BATIK,, TAMAN DESA, JLN KLANG,",58100,KUALA LUMPUR.,Others,CENTRAL,CENTRAL,3.103258,101.6834,oth,165.94,6,33059,TSTRB5,4.2,2410,0,,03-7972 7606,Monday: 8:30?AM?–?10:00?PM | Tuesday: 8:30?AM?–?10:00?PM | Wednesday: 8:30?AM?–?10:00?PM | Thursday: 8:30?AM?–?10:00?PM | Friday: 8:30?AM?–?10:00?PM | Saturday: 8:30?AM?–?10:00?PM | Sunday: 8:30?AM?–?10:00?PM,https://www.demarket.my/,
TSTW58002,FINE DELUXE SDN BHD,"12-14 JLN SEPADU UNITED GARDEN, JALAN KLANG LAMA",58200,KUALA LUMPUR,Others,CENTRAL,CENTRAL,3.0833549,101.6749855,cmh,3835.44,18,33059,TSTRB5,0,0,0,,,,,
TSTW68024,K/U & PERNIAGAAN WEI JIN,"8 JLN MEWAH 3, TAMAN AMPANG MEWAH",68000,AMPANG SELANGOR,Others,CENTRAL,CENTRAL,3.1442905,101.7612391,cmh,290.04,8.2,33059,TSTRB6,0,0,0,,016-979 7843,,,
TSTW68027,WING HOR HUAT TRA (M) S/B,"249G,253G,255G,257G JLN BATU BELAH, TAMAN BATU VIEW OFF JLN IPOH",68100,BATU CAVES SELANGOR,Others,CENTRAL,CENTRAL,3.2331033,101.6703717,whs,541.2,0.2,33059,TSTK001,5,1,0,,011-1111 1079,"Monday: 7:30?AM?–?11:45?PM | Tuesday: 7:00?AM?–?11:55?PM | Wednesday: 7:30?AM?–?11:45?PM | Thursday: 7:30?AM?–?11:45?PM | Friday: 7:30?AM?–?12:45?PM, 2:45?–?11:55?PM | Saturday: 7:30?AM?–?11:45?PM | Sunday: 7:03?AM?–?11:56?PM",http://www.imam.my/,
TSTW68047,WIJAYAH TRADING SDN BHD,"NO 45 JALAN KOSAS 1/3, TAMAN KOSAS, AMPANG",68000,SELANGOR,Others,CENTRAL,CENTRAL,3.1467573,101.7714959,cmh,9459.32,16.6,33059,TSTRB6,0,0,0,,,,,
TSTY52003,YEN CHONG HONG SDN BHD,"NO 27 JALAN BURUNG TIONG, TAMAN BUKIT MALURI",52100,KEPONG KUALA LUMPUR,Others,CENTRAL,CENTRAL,3.2008207,101.632034,cmh,6632.53,18.4,33059,TSTRB6,0,0,0,,,,,
TSTY52006,KEDAI UBAT DAN PASAR MINI YEN WOH HONG,"NO 32 JALAN LANG KUNING 133, TAMAN SRI KEPONG BARU, KEPONG",52100,KUALA LUMPUR,Others,CENTRAL,CENTRAL,3.1913719,101.6445885,cmh,356.52,5.4,33059,TSTRB6,3.3,39,0,,03-6261 7766,Monday: 8:00?AM?–?7:00?PM | Tuesday: 8:00?AM?–?7:00?PM | Wednesday: 8:00?AM?–?7:00?PM | Thursday: 8:00?AM?–?7:00?PM | Friday: 8:00?AM?–?7:00?PM | Saturday: 8:00?AM?–?6:00?PM | Sunday: 9:00?AM?–?2:00?PM,https://m.facebook.com/ezymix.my/,
TSTY52010,YIN HOE MEDICAL HALL,"NO 428 JALAN JAMBU GAJUS, JINJANG SELATAN",52000,KUALA LUMPUR,Others,CENTRAL,CENTRAL,3.2044803,101.6640864,cmh,1039.81,8.6,33059,TSTRB6,0,0,0,,,,,
TSTY52017,KEDAI UBAT & RUNCIT YOON JIAN,"NO 40G JLN WANGSA 2/5, TAMAN WANGSA PERMAI",52200,KUALA LUMPUR,Others,CENTRAL,CENTRAL,3.209355,101.6100484,cmh,672.44,7.6,33059,TSTRB6,5,3,0,,012-326 5735,Monday: 8:00?AM?–?9:00?PM | Tuesday: 8:00?AM?–?9:00?PM | Wednesday: 8:00?AM?–?9:00?PM | Thursday: 8:00?AM?–?9:00?PM | Friday: 8:00?AM?–?9:00?PM | Saturday: 8:00?AM?–?9:00?PM | Sunday: 8:00?AM?–?9:00?PM,,
TSTY52024,PASAR RAYA & KEDAI UBAT YIN HONG,"LOT 2/6, JLN UDANG SIAR 2, TAMAN SRI SEGAMBUT, KUALA LUMPUR",52000,KUALA LUMPUR,Others,CENTRAL,CENTRAL,3.1980923,101.6567987,cmh,8389.53,23.4,33059,TSTRB6,3.8,69,0,,03-3362 6863,Monday: 10:00?AM?–?11:00?PM | Tuesday: 10:00?AM?–?11:00?PM | Wednesday: 10:00?AM?–?11:00?PM | Thursday: 10:00?AM?–?11:00?PM | Friday: 10:00?AM?–?11:00?PM | Saturday: 10:00?AM?–?11:00?PM | Sunday: 10:00?AM?–?11:00?PM,http://www.99speedmart.com.my/,
TSTY58001,YONG SIN ENTERPRISE,"10 JALAN PASAR O.U.G., JALAN KLANG LAMA",58200,KUALA LUMPUR,Others,CENTRAL,CENTRAL,3.0739526,101.6728509,cmh,397.81,13.8,33059,TSTRB5,3.6,30,0,,016-251 5851,Monday: 6:30?AM?–?5:00?PM | Tuesday: 6:30?AM?–?5:00?PM | Wednesday: 6:30?AM?–?5:00?PM | Thursday: 6:30?AM?–?5:00?PM | Friday: 6:30?AM?–?5:00?PM | Saturday: 6:30?AM?–?5:00?PM | Sunday: 6:00?AM?–?2:00?AM,,
TSTY59002,YAKIN BOOK STORE SDN BHD,"21 PERSIARAN ARA KIRI, LUCKY GARDEN",59100,BANGSAR K.L,Others,CENTRAL,CENTRAL,3.1283065,101.6699572,spv,231.39,3.2,33059,TSTRB3,0,0,0,,,,,
TSTY68003,SYARIKAT PERNIAGAAN YOONG LEE HENG SDN BHD,"64 & 66 JALAN 2/3 A,, PUSAT BANDAR UTARA,, PASAR BORONG BARU SELAYANG",68100,SELAYANG SELANGOR,Others,CENTRAL,CENTRAL,3.2464359,101.6614429,whs,0,0,33059,TSTL002,0,0,0,,,,,
TSTY68009,YU VIN DISTRIBUTOR SDN BHD,"6-10 JLN SAMUDRA UTARA 2, TAMAN SAMUDRA BATU CAVES",68100,SELANGOR DARUL EHSAN,Others,CENTRAL,CENTRAL,3.2350092,101.6964777,spv,1939.2,14.4,33059,TSTRB6,4.1,148,0,ChIJBeF5IHpHzDERC9eaneb2iH0,018-980 3393,Monday: 9:00?AM?–?9:00?PM | Tuesday: 9:00?AM?–?9:00?PM | Wednesday: 9:00?AM?–?9:00?PM | Thursday: 9:00?AM?–?9:00?PM | Friday: 9:00?AM?–?9:00?PM | Saturday: 9:00?AM?–?9:00?PM | Sunday: 9:00?AM?–?9:00?PM,https://yuvinsupermarket.easy.co/,
TSTY68010,KEDAI UBAT & RUNCIT YU FATT,"36G JLN WAWASAN AMPANG 2/3, BANDAR BARU AMPANG",68000,SELANGOR,Others,CENTRAL,CENTRAL,3.1456968,101.7672374,cmh,440.61,7.4,33059,TSTRB6,4.6,34,0,,016-203 0273,Monday: 8:30?AM?–?9:30?PM | Tuesday: 8:30?AM?–?9:30?PM | Wednesday: 8:30?AM?–?9:30?PM | Thursday: 8:30?AM?–?9:30?PM | Friday: 8:30?AM?–?9:30?PM | Saturday: 8:30?AM?–?9:30?PM | Sunday: 8:30?AM?–?9:30?PM,,
U082,UGOMART (M) SDN BHD -NO.16G,"NO.16G  JALAN 1A/4C, TAMAN KERAMAT",54200,KUALA LUMPUR,Others,CENTRAL,CENTRAL,3.1779623,101.7383363,spv,10.2,0.4,33059,TSTK001,4.3,5310,0,,03-4256 2288,Monday: Open 24 hours | Tuesday: Open 24 hours | Wednesday: Open 24 hours | Thursday: Open 24 hours | Friday: Open 24 hours | Saturday: Open 24 hours | Sunday: Open 24 hours,http://www.sriternak.com/,
VB02,BAKHTIAR TRADING-KALUMPANG,"NO. 11  JLN MERPATI (GROUND FLOOR), TMN PERNIAGAAN MERPATI",-,44100 KALUMPANG SELANGOR,Others,CENTRAL,CENTRAL,3.640195,101.5648867,spv,0,0,33059,TSTK001,0,0,0,,,,,
300A_743,ANDALAS MART,"NO:16, JALAN SRI SARAWAK 20,, TAMAN SRI ANDALAS,","41200 KLANG,","41200 KLANG,",Others,CENTRAL,CENTRAL,3.015082,101.441437,spv,237.33,1.6,33062,CHCRB6,3.7,3,0,,016-250 2045,Monday: 8:00?AM?–?8:00?PM | Tuesday: 8:00?AM?–?8:00?PM | Wednesday: 8:00?AM?–?8:00?PM | Thursday: 8:00?AM?–?8:00?PM | Friday: 8:00?AM?–?8:00?PM | Saturday: 8:00?AM?–?8:00?PM | Sunday: 8:00?AM?–?8:00?PM,,
300C_218,CS GROCER SDN. BHD.,"NO:4  JALAN TUN ABDUL AZIZ, SEKSYEN 1",43000,KAJANG,Others,CENTRAL,CENTRAL,2.991607,101.789339,lpv,2181.65,13,33062,CHCRB2,0,0,0,,07-283 0123,Monday: 10:00?AM?–?10:00?PM | Tuesday: 10:00?AM?–?10:00?PM | Wednesday: 10:00?AM?–?10:00?PM | Thursday: 10:00?AM?–?10:00?PM | Friday: 10:00?AM?–?10:00?PM | Saturday: 10:00?AM?–?10:00?PM | Sunday: 10:00?AM?–?10:00?PM,https://www.eco-shop.com.my/,
300C_988,CASH SALES (SALES EXECUTIVE 9),"KLANG,",-,,Others,CENTRAL,CENTRAL,3.0469049,101.4313048,cash,13757.4,0.4,33062,CHCRB9,4,209,0,,016-222 7046,Monday: 7:00?AM?–?10:00?PM | Tuesday: 7:00?AM?–?10:00?PM | Wednesday: 7:00?AM?–?10:00?PM | Thursday: 7:00?AM?–?10:00?PM | Friday: 7:00?AM?–?10:00?PM | Saturday: 7:00?AM?–?10:00?PM | Sunday: 7:00?AM?–?10:00?PM,,
300K_220,KIM CHIN GUAN ENTERPRISE,"NO:34K, JALAN BESAR,",42940,"42940 PULAU KETAM,",Others,CENTRAL,CENTRAL,3.020819,101.253098,spv,4246.36,12.8,33062,CHCRB10,0,0,0,,,,,
300N_319,NSK GROCER (KL) SDN. BHD.,"G-11, THE AMERIN MALL,, TAMAN IMPIAN INDAH,",43300,"43300 SERI KEMBANGAN, ",Others,CENTRAL,CENTRAL,3.0249873,101.7514111,lpv,9606.06,65.8,33062,CHCRB3,3.9,41,0,,011-5583 1838,Monday: 10:00?AM?–?10:00?PM | Tuesday: 10:00?AM?–?10:00?PM | Wednesday: 10:00?AM?–?10:00?PM | Thursday: 10:00?AM?–?10:00?PM | Friday: 10:00?AM?–?10:00?PM | Saturday: 10:00?AM?–?10:00?PM | Sunday: 10:00?AM?–?10:00?PM,,
300T_243,TANJUNG MULIA TRADING,"E-1-7, JALAN USJ 16/7, USJ 16,",47630,"47630 SUBANG JAYA,",Others,CENTRAL,CENTRAL,3.035825,101.575111,spv,323.85,3,33062,CHCRB11,0,0,0,,,,,
CH0000001025,PASARAYA BORONG SUPER 7(BANGI),"R-LG-1, CENTRUM MALL,, JALAN IKRAM-UNITEN, TAMAN UNIPARK SURIA,",43000,"43000 KAJANG,",NSK,CENTRAL,CENTRAL,2.9822657,101.7376842,smt,34383.81,20.2,33062,CHCRB2,0,0,0,,,,,
CH3211006974,NSK TRADE CITY (BMC) SDN. BHD.,"LOT G01-G03A, GROUND FLOOR, BMC MALL,, JALAN TEMENGGUNG 21/9, PERSIARAN MAHKOTA",43200,"CHERAS 1, BANDAR MAHKOTA CHERAS,",NSK,CENTRAL,CENTRAL,3.0553456,101.786557,smt,70248.82,36,33062,CHCRB3,3.9,2115,0,,03-9011 1756,Monday: 8:00?AM?–?10:00?PM | Tuesday: 8:00?AM?–?10:00?PM | Wednesday: 8:00?AM?–?10:00?PM | Thursday: 8:00?AM?–?10:00?PM | Friday: 8:00?AM?–?10:00?PM | Saturday: 8:00?AM?–?10:00?PM | Sunday: 8:00?AM?–?10:00?PM,http://www.nsktrade.com/,
CH3211006975,PASARAYA BORONG SUPER 7(SEMENYIH),"NO:1, G FLOOR & 1ST FLOOR, PLAZA VISTA, VALLEY, JALAN VISTA VALLEY 3,",43500,"SEMENYIH VISTA VALLEY,",NSK,CENTRAL,CENTRAL,2.9580949,101.8392152,lpv,153.97,2.8,33062,CHCRB2,3.9,1102,0,,03-8725 9190,Monday: 8:00?AM?–?10:00?PM | Tuesday: 8:00?AM?–?10:00?PM | Wednesday: 8:00?AM?–?10:01?PM | Thursday: 8:00?AM?–?10:00?PM | Friday: 8:00?AM?–?10:00?PM | Saturday: 8:00?AM?–?10:00?PM | Sunday: 8:00?AM?–?10:00?PM,http://super7.com.my/,
CHC300A_001,PASARAYA AIK HENG,NO:18A,0,,Others,CENTRAL,CENTRAL,3.5079575,101.1035565,lpv,7127.09,7.2,33062,CHCRB5,0,0,0,,,,,
CHC300A_002,KEDAI RUNCIT ANDA,NO:10,0,,Others,CENTRAL,CENTRAL,3.0327597,101.4257649,spv,341.48,7,33062,CHCRB7,0,0,0,,,,,
CHC300A_006,PASARAYA ANK SDN. BHD.(JALAN KASSIM MERU),"LOT 2569  JALAN KASSIM, PEKAN MERU",41050,41050 KLANG,Others,CENTRAL,CENTRAL,3.120799,101.435432,spv,8876.96,15,33062,CHCRB6,0,0,0,,,,,
CHC300A_007,PASAR RAYA ANGGERIK,NO:38 & 40,0,,Others,CENTRAL,CENTRAL,3.049213,101.5341751,spv,11613.33,21.2,33062,CHCRB10,4,24,1,,1-300-13-1313,,http://www.tesco.com.my/,
CHC300A_010,A K STORES,NO:3,0,,Others,CENTRAL,CENTRAL,3.153055,101.514046,spv,237.33,1.6,33062,CHCRB6,0,0,0,,,,,
CHC300A_016,A & P MINI MARKET,NO:18,0,,Others,CENTRAL,CENTRAL,3.030859,101.530891,spv,84.16,5.4,33062,CHCRB7,4,83,0,,,Monday: 7:00?AM?–?11:00?PM | Tuesday: 7:00?AM?–?11:00?PM | Wednesday: 7:00?AM?–?11:00?PM | Thursday: 7:00?AM?–?11:00?PM | Friday: 7:00?AM?–?11:00?PM | Saturday: 7:00?AM?–?11:00?PM | Sunday: 7:00?AM?–?11:00?PM,,
CHC300A_025,A & C GROCERY ENTERPRISE,"MENARA SOLSTICE CONVENIENCE STORE, MENARA SOLSTICE 2",63000,PERSIARAN BESTARI  CYBER 11,Others,CENTRAL,CENTRAL,2.9248215,101.6365843,spv,4279.77,20.2,33062,CHCRB11,0,0,0,,,,,
CHC300A_026,DANSAR MART ENTERPRISE,"NO:36G, 36-1, 36-2,, JALAN PUTRA MAHKOTA 7/7A, PUTRA HEIGHTS,",47650,"47650 SUBANG JAYA,",Others,CENTRAL,CENTRAL,2.994011,101.575172,spv,340.21,3.6,33062,CHCRB11,0,0,0,,013-929 4923,Monday: 8:00?AM?–?8:00?PM | Tuesday: 8:00?AM?–?8:00?PM | Wednesday: 8:00?AM?–?8:00?PM | Thursday: 8:00?AM?–?8:00?PM | Friday: 8:00?AM?–?8:00?PM | Saturday: 8:00?AM?–?8:00?PM | Sunday: 8:00?AM?–?8:00?PM,,
CHC300A_031,NISSHAH MINI MARKET,NO:21,0,,Others,CENTRAL,CENTRAL,3.3291065,101.2587383,spv,293.93,1.8,33062,CHCRB5,3.3,17,0,,,Monday: Open 24 hours | Tuesday: Open 24 hours | Wednesday: Open 24 hours | Thursday: Open 24 hours | Friday: Open 24 hours | Saturday: Open 24 hours | Sunday: Open 24 hours,https://7cafe.7eleven.com.my/,
CHC300A_035,PASAR MINI HASSAN MAJU,"NO:17  JALAN SENA 3/13A, 40000 SHAH ALAM",0,SELANGOR DARUL EHSAN.,Others,CENTRAL,CENTRAL,3.075997,101.509766,spv,352.85,4,33062,CHCRB7,0,0,0,,,,,
CHC300A_037,PASAR MINI AL HAJAH SATHIK,"LOT 615  BATU 1  BATU 8, KAMPUNG SIJANGKANG",42500,42500 KUALA LANGAT,Others,CENTRAL,CENTRAL,2.9397518,101.4559952,spv,634.31,8.4,33062,CHCRB10,0,0,0,,,,,
CHC300A_039,AL HISHA MINI MARKET,"NO:6, JALAN MUARA 8/9,, SEKSYEN 8,",40000,"40000 SHAH ALAM,",Others,CENTRAL,CENTRAL,3.089934,101.516129,spv,921.82,8.2,33062,CHCRB7,0,0,0,,,,,
CHC300A_047,ANG HUAT MINI MARKET,"NO:31  JALAN BAIDURI, TAMAN BAIDURI",42700,42700 BANTING,Others,CENTRAL,CENTRAL,2.799718,101.4923925,spv,375.81,11,33062,CHCRB10,0,0,0,,,,,
CHC300A_053,PASAR MINI AMANSAF,"NO:14  JALAN 24/E, SEKSYEN 24",40300,40300 SHAH ALAM,Others,CENTRAL,CENTRAL,3.037157,101.520302,spv,3345.3,12.4,33062,CHCRB7,3.6,14,0,,,Monday: 9:00?AM?–?8:00?PM | Tuesday: 9:00?AM?–?8:00?PM | Wednesday: 9:00?AM?–?8:00?PM | Thursday: 9:00?AM?–?8:00?PM | Friday: 9:00?AM?–?8:00?PM | Saturday: 9:00?AM?–?8:00?PM | Sunday: 9:00?AM?–?8:00?PM,,
CHC300A_062,ASIA SUPERMART (M) SDN. BHD.,"NO:23  BATU 10, JALAN KAPAR",42200,42200 KLANG,Others,CENTRAL,CENTRAL,3.150211,101.407806,spv,39459.74,8.4,33062,CHCRB5,0,0,0,,,,,
CHC300A_070,ALI SHOPPING CENTRE SDN. BHD.(JLN PLATINUM E 7/E),"NO:16 & 18  JALAN PLATINUM E 7/E, 40000 SHAH ALAM",40000,SELANGOR DARUL EHSAN.,Others,CENTRAL,CENTRAL,3.08204,101.492333,spv,2116.77,10.4,33062,CHCRB7,0,0,0,,,,,
CHC300A_072,PASARAYA ANK SDN. BHD.(JALAN LIMAU  MERU),"NO:1 & 2  LOT 1828, JALAN LIMAU  MERU",41050,41050 KLANG,Others,CENTRAL,CENTRAL,3.142534,101.4325843,spv,11866.44,18.4,33062,CHCRB6,0,0,0,,,,,
CHC300A_073,ANDY & HENG TRADING,"NO:467  LORONG AMARASEGARA, PANDAMARAN",42000,42000 PORT KLANG,Others,CENTRAL,CENTRAL,3.0062519,101.4153378,whs,2507.69,3.8,33062,CHCRB9,2,2,0,,03-3165 5329,Monday: 9:00?AM?–?8:00?PM | Tuesday: 9:00?AM?–?8:00?PM | Wednesday: 9:00?AM?–?8:00?PM | Thursday: 9:00?AM?–?8:00?PM | Friday: 9:00?AM?–?8:00?PM | Saturday: 9:00?AM?–?8:00?PM | Sunday: 9:00?AM?–?8:00?PM,,
CHC300A_095,KEDAI ABD RAHMAN B. MD NOH,"SIMPANG 4  KAMPUNG HAMID TUAH, TELOK GONG",42000,42000 PELABUHAN KLANG,Others,CENTRAL,CENTRAL,2.93763,101.3741,spv,237.33,1.4,33062,CHCRB10,0,0,0,,,,,
CHC300A_098,PASARAYA ANK SDN. BHD.(JALAN TAP  MERU),"LOT 3740  JALAN KOPI  OFF BATU 2 1/2, JALAN TAP MERU",42200,42200 KAPAR,Others,CENTRAL,CENTRAL,3.1513743,101.415379,spv,9907.78,16.4,33062,CHCRB6,4.3,355,0,,03-3392 1988,"Monday: 8:00?AM?–?10:00?PM | Tuesday: 8:00?AM?–?10:00?PM | Wednesday: 8:00?AM?–?10:00?PM | Thursday: 8:00?AM?–?10:00?PM | Friday: 8:00?AM?–?12:30?PM, 2:30?–?10:00?PM | Saturday: 8:00?AM?–?10:00?PM | Sunday: 8:00?AM?–?10:00?PM",https://m.facebook.com/pages/Pasarayaanksdnbhd/625054524201425,
CHC300A_099,SALEHA BINTI HASAN     ,"NO:125, BATU 13 1/2,, JALAN KAPAR  KG. SG. SERDANG",42200,42200 KAPAR  KLANG,Others,CENTRAL,CENTRAL,3.1522155,101.3349151,spv,293.93,1.8,33062,CHCRB5,0,0,0,,,,,
CHC300A_164,SYARIKAT ANTARA BANGSA,"NO:28E  JALAN MAHSURI, 45300 SUNGAI BASAR",0,SELANGOR DARUL EHSAN.,Others,CENTRAL,CENTRAL,3.674545,100.986,spv,1172.53,4.8,33062,CHCRB5,0,0,0,,,,,
CHC300A_172,ALI MAJU MART SDN. BHD.,"BLOK B  KUARTERS JENIS APARTMEN, FASA 18R13  PRESINT 18",62250,PUTRAJAYA,Others,CENTRAL,CENTRAL,2.9198084,101.6934068,spv,794.8,12,33062,CHCRB11,0,0,0,,,,,
CHC300A_174,ALI SHOPPING CENTRE SDN. BHD(JLN LIKU B 8/B S.A).,"NO:14  JALAN LIKU B 8/B, 40000 SHAH ALAM",40000,SELANGOR DARUL EHSAN.,Others,CENTRAL,CENTRAL,3.0908668,101.5087688,spv,4782.27,17.2,33062,CHCRB7,0,0,0,,,,,
CHC300A_178,EIK HENG TRADING,"LOT 3855, BATU 5 3/4,, JALAN KAPAR,",42200,"42200 KAPAR,",Others,CENTRAL,CENTRAL,3.086181,101.396568,whs,67.53,0.8,33062,CHCRB9,0,0,0,,,,,
CHC300A_184,KEDAI RUNCIT AYEN ATMO,"LOT 6016, BATU 13 1/2, KAMPUNG TOK MUDA,, JALAN SUNGAI SERDANG,",42200,"KAPAR,",Others,CENTRAL,CENTRAL,3.144721,101.328926,spv,1357.82,3.6,33062,CHCRB5,0,0,0,,,,,
CHC300A_188,PERNIAGAAN AIK LEE HEONG,PT 4748  JALAN SUNGAI LIMAU,45300,SUNGAI BESAR,Others,CENTRAL,CENTRAL,3.6720367,100.9863205,spv,293.93,1.8,33062,CHCRB5,0,0,0,,,,,
CHC300A_198,KEDAI RUNCIT XIANG LONG,NO:791B,0,,Others,CENTRAL,CENTRAL,3.0050652,101.4146653,lpv,2099.59,22.6,33062,CHCRB9,2,2,0,,03-3165 5329,Monday: 9:00?AM?–?8:00?PM | Tuesday: 9:00?AM?–?8:00?PM | Wednesday: 9:00?AM?–?8:00?PM | Thursday: 9:00?AM?–?8:00?PM | Friday: 9:00?AM?–?8:00?PM | Saturday: 9:00?AM?–?8:00?PM | Sunday: 9:00?AM?–?8:00?PM,,
CHC300A_212,AR ARUMUGAM PILLAI ENTERPRISE,"NO:5  PARIT 4 SUNGAI BURONG, 45400 SEKINCHAN",45400,SELANGOR DARUL EHSAN.,Others,CENTRAL,CENTRAL,3.483873,101.119736,spv,1055.49,2.4,33062,CHCRB5,0,0,0,,,,,
CHC300A_213,A M DYNAMIC SERVICE STATION (SHELL),NO:1 & 3,0,,Others,CENTRAL,CENTRAL,2.997202,101.571343,pms,133.58,3.2,33062,CHCRB11,1,2,0,,017-352 5568,Monday: 7:00?AM?–?10:00?PM | Tuesday: 7:00?AM?–?10:00?PM | Wednesday: 7:00?AM?–?10:00?PM | Thursday: 7:00?AM?–?10:00?PM | Friday: 7:00?AM?–?10:00?PM | Saturday: 7:00?AM?–?10:00?PM | Sunday: 7:00?AM?–?10:00?PM,,
CHC300A_220,PASAR MINI TAWAKAL,"NO:37-A  JALAN MENTERI, 45300 SUNGAI BESAR",0,SELANGOR DARUL EHSAN.,Others,CENTRAL,CENTRAL,3.6759594,100.9861965,spv,4460.12,5.6,33062,CHCRB5,0,0,0,,,,,
CHC300A_221,PERNIAGAAN RU XUAN TEE,"NO. 25, CHODOI,, KUALA LANGAT, BANTING",42700,"42700 BANTING,",Others,CENTRAL,CENTRAL,2.842804,101.440956,spv,501.61,1.8,33062,CHCRB10,0,0,0,,,,,
CHC300A_242,PASAR MINI AL-AMIN,NO:20,0,,Others,CENTRAL,CENTRAL,3.044028,101.460533,spv,271.77,3.2,33062,CHCRB6,0,0,0,,,,,
CHC300A_259,KASEH AYAH ENTERPRISE,"LOT 3150, JALAN SUNGAI SAIM,, KAMPUNG RANTAU PANJANG,",42100,"42500 KUALA LANGAT42100 KLANG,",Others,CENTRAL,CENTRAL,3.055591,101.395798,spv,225.11,3,33062,CHCRB10,0,0,0,,,,,
CHC300A_264,PAR IMPORT & EXPORT SDN. BHD.,NO:17,0,,Others,CENTRAL,CENTRAL,3.0120336,101.4648376,whs,0,0,33062,CHCRBGEN,3.9,971,0,,03-5162 1300,Monday: 8:30?AM?–?9:00?PM | Tuesday: 8:30?AM?–?9:00?PM | Wednesday: 8:30?AM?–?9:00?PM | Thursday: 8:30?AM?–?9:00?PM | Friday: 8:30?AM?–?9:00?PM | Saturday: 8:30?AM?–?9:00?PM | Sunday: 8:30?AM?–?9:00?PM,,
CHC300A_274,AONE PLUS SUPPLIES & SERVICES SDN. BHD.,"NO:30  JALAN SUNGAI BATU 11/KU6, KAWASAN PERINDUSTRIAN SUNGAI PULOH",42100,KLANG,Others,CENTRAL,CENTRAL,3.0895638,101.407575,whs,67.53,0.8,33062,CHCRB9,3.2,23,0,,07-283 0123,Monday: 10:00?AM?–?10:00?PM | Tuesday: 10:00?AM?–?10:00?PM | Wednesday: 10:00?AM?–?10:00?PM | Thursday: 10:00?AM?–?10:00?PM | Friday: 10:00?AM?–?10:00?PM | Saturday: 10:00?AM?–?10:00?PM | Sunday: 10:00?AM?–?10:00?PM,https://www.eco-shop.com.my/,
CHC300A_285,JAKES STATIONS SDN. BHD.,LOT 10738,0,,Others,CENTRAL,CENTRAL,2.998818,101.431946,pms,2681.85,12.8,33062,CHCRB10,0,0,0,,,,,
CHC300A_320,P & D MART SDN. BHD.,"NO:22G, JALAN ANGGERIK ERIA,, AT 31/AT, KOTA KEMUNING,",40460,SEKSYEN 31,Others,CENTRAL,CENTRAL,2.993899,101.5305,spv,418.97,15.4,33062,CHCRB10,0,0,0,,,,,
CHC300A_337,ADAM MINI MART,"QUICK GRAB, G-3 KANVAS, JALAN TEKNORAT 6,",63000,"63000 CYBERJAYA,",Others,CENTRAL,CENTRAL,2.950795,101.655014,spv,293.93,2,33062,CHCRB11,0,0,0,,,,,
CHC300A_357,ASCA HOLDINGS SDN BHD,"NO:52  JALAN RAMBAI 2, TAMAN RAMBAI INDAH JENJAROM",42600,42600 JENJAROM,Others,CENTRAL,CENTRAL,2.8846,101.492676,spv,4957.77,11.4,33062,CHCRB10,0,0,0,,,,,
CHC300A_365,PASARAYA ANK SDN. BHD.(3),"LOT 2320  JALAN ISKANDAR, KAMPUNG BUKIT KAPAR",42200,42200 KAPAR,Others,CENTRAL,CENTRAL,3.1617662,101.4259861,spv,6454.19,13.2,33062,CHCRB6,0,0,0,,,,,
CHC300A_419,PASARAYA ASFA MAJU,NO:8A-(GF-7),0,,Others,CENTRAL,CENTRAL,2.9374205,101.7152077,spv,314.83,5.4,33062,CHCRB11,4.2,492,0,,03-8881 1188,Monday: 10:00?AM?–?10:00?PM | Tuesday: 10:00?AM?–?10:00?PM | Wednesday: 10:00?AM?–?10:00?PM | Thursday: 10:00?AM?–?10:00?PM | Friday: 10:00?AM?–?10:00?PM | Saturday: 10:00?AM?–?10:00?PM | Sunday: 10:00?AM?–?10:00?PM,https://www.coldstorage.com.my/,
CHC300A_424,ST FRESHVILLE GROCERY,"NO:5, JALAN USJ 3A/2,",47610,"47610 SUBANG JAYA,",Others,CENTRAL,CENTRAL,3.052719,101.570256,spv,337.5,6.6,33062,CHCRB11,0,0,0,,,,,
CHC300A_428,ASYIRA JAYA KIOSK (SHELL),LOT 17534,0,,Others,CENTRAL,CENTRAL,3.0774736,101.4323292,pms,119.61,2.4,33062,CHCRB6,0,0,0,,,,,
CHC300A_548,KEDAI RUNCIT SANGKUTURI BARU TRADING,"NO:G-57, JALAN PUJ 3/9,, TAMAN PUNCAK JALIL,",43300,"43300 SERI KEMBANGAN,",Others,CENTRAL,CENTRAL,3.019277,101.678173,spv,277.67,4.2,33062,CHCRB2,5,1,0,,07-283 0123,Monday: 10:00?AM?–?10:00?PM | Tuesday: 10:00?AM?–?10:00?PM | Wednesday: 10:00?AM?–?10:00?PM | Thursday: 10:00?AM?–?10:00?PM | Friday: 10:00?AM?–?10:00?PM | Saturday: 10:00?AM?–?10:00?PM | Sunday: 10:00?AM?–?10:00?PM,https://www.eco-shop.com.my/,
CHC300A_555,ASYIRA JAYA TRADE (SHELL),"LOT PT 118176, JALAN LANGAT,, BANDAR BOTANIK,",41200,"KLANG,",Others,CENTRAL,CENTRAL,2.9909626,101.4477423,spv,1812.98,13.6,33062,CHCRB10,0,0,0,,,,,
CHC300A_598,ALI MAJU MART SDN. BHD. (BRANCH),"BLOK E  KUARTERS JENIS APARTMEN, FASA 18R8  PRESINT 18",62250,PUTRAJAYA,Others,CENTRAL,CENTRAL,2.913205,101.689465,spv,1027.03,10.6,33062,CHCRB11,0,0,0,,,,,
CHC300A_662,APPLE GROCER PJS 10,"NO:11 & 13  GROUND FLOOR, JALAN PJS 10/24  TAMAN SRI SUBANG",46150,PETALING JAYA,Others,CENTRAL,CENTRAL,3.0749903,101.6106011,spv,314.11,6.2,33062,CHCRB11,0,0,0,,,,,
CHC300A_669,K8XPRESS (SUNWAY GIZA),"B-G-05, SUNWAY GIZA,, JALAN PJU5/13, DATARAN SUNWAY,",47810,PETALING JAYA,Others,CENTRAL,CENTRAL,3.0724914,101.6161163,spv,237.33,1.6,33062,CHCRB11,0,0,0,,,,,
CHC300A_692,PASARAYA FRESH GROCER,"NO:100  102 & 104  AMBER PLAZA 3A, JALAN JELAWAT 1",56000,CHERAS,Others,CENTRAL,CENTRAL,3.1120348,101.7154663,lpv,2709.63,30.4,33062,CHCRB3,2.8,11,0,ChIJb9sdXAA3zDER2o1w9qr7BRo,03-9226 5451,Monday: 9:00?AM?–?10:00?PM | Tuesday: 9:00?AM?–?10:00?PM | Wednesday: 9:00?AM?–?10:00?PM | Thursday: 9:00?AM?–?10:00?PM | Friday: 9:00?AM?–?10:00?PM | Saturday: 8:00?AM?–?10:00?PM | Sunday: 8:00?AM?–?10:00?PM,http://www.freshgrocer.my/,
CHC300A_709,KEDAI SERBANIKA ANDI Z,"B5, G-16, BLOCK 5,, JALAN PJS 6/5B, DESA MENTARI,",46150,"46150 PETALING JAYA,",Others,CENTRAL,CENTRAL,3.079285,101.616997,spv,293.93,2,33062,CHCRB11,0,0,0,,,,,
CHC300A_713,ALI MAJU MART SDN. BHD.,"ARAS 2, LOT 2G4,, PRESINT 2,",62100,PUTRAJAYA.,Others,CENTRAL,CENTRAL,2.919797,101.6872696,spv,302.62,7.4,33062,CHCRB11,4.1,1874,0,,03-8060 0829,Monday: 9:00?AM?–?10:00?PM | Tuesday: 9:00?AM?–?10:00?PM | Wednesday: 9:00?AM?–?10:00?PM | Thursday: 9:00?AM?–?10:00?PM | Friday: 9:00?AM?–?10:00?PM | Saturday: 9:00?AM?–?10:00?PM | Sunday: 9:00?AM?–?10:00?PM,https://www.heromarket.com.my/,
CHC300A_714,ALKAISER TRADING SDN. BHD.,"NO:01-02, SELANGORKU PR1MA LAKEFRONT, HOMES, PERSIARAN SEPANG, CYBER 11,",63000,"CYBERJAYA,",Others,CENTRAL,CENTRAL,2.92851,101.62943,spv,306.02,6,33062,CHCRB11,3.4,5,0,,018-905 3585,Monday: 6:30?AM?–?11:00?PM | Tuesday: 6:30?AM?–?11:00?PM | Wednesday: 6:30?AM?–?11:00?PM | Thursday: 6:30?AM?–?11:00?PM | Friday: 6:30?AM?–?11:00?PM | Saturday: 6:30?AM?–?11:00?PM | Sunday: 6:30?AM?–?11:00?PM,https://www.instagram.com/fresca.marketing?igsh=OHV4MjU0MjljajJt,
CHC300A_717,AEGIS HEALTH SDN. BHD.,"NO:69G, JALAN BK 5A/2,, BANDAR KINRARA,",47180,"PUCHONG,",Others,CENTRAL,CENTRAL,3.0463142,101.6464555,oth,188.86,3.2,33062,CHCRB11,3.9,41,0,,03-8082 4941,Monday: 7:30?AM?–?9:30?PM | Tuesday: 7:30?AM?–?9:30?PM | Wednesday: 7:30?AM?–?9:30?PM | Thursday: 7:30?AM?–?9:30?PM | Friday: 7:30?AM?–?9:30?PM | Saturday: 7:30?AM?–?9:30?PM | Sunday: 7:30?AM?–?9:30?PM,,
CHC300A_725,CAREY'S GROCER,"UNIT 7, AMVERTON GREENS,, JALAN 32/112, SEKSYEN 32,",40460,"SHAH ALAM,",Others,CENTRAL,CENTRAL,2.9860947,101.5224548,spv,4196.44,7.6,33062,CHCRB10,0,0,0,,,,,
CHC300A_733,PASAR MINI AL HIDAYAT,"B-D-G-16, JALAN PINGGIRAN 1/4,, TAMAN PINGGIRAN PUTRA, SEKSYEN 1,",43300,"SERI KEMBANGAN,",Others,CENTRAL,CENTRAL,2.994361,101.6775748,spv,237.6,2.6,33062,CHCRB2,0,0,0,,03-8957 8644,Monday: 9:00?AM?–?10:30?PM | Tuesday: 9:00?AM?–?10:30?PM | Wednesday: 9:00?AM?–?10:30?PM | Thursday: 9:00?–?10:30?AM | Friday: 9:00?AM?–?10:30?PM | Saturday: 9:00?AM?–?10:30?PM | Sunday: 1:30?PM?–?12:00?AM,,
CHC300A_734,AEGIS PHARMACY (BUKIT JALIL),"NO:2A, JALAN JALIL JAYA 1,, JALIL LINK, BUKIT JALIL,",57000,KUALA LUMPUR.,Others,CENTRAL,CENTRAL,3.0581044,101.6743927,oth,181.85,2.8,33062,CHCRB11,0,0,0,,,,,
CHC300A_737,AKBOR ENTERPRISE,"NO LOT 233 PT 24029,, JALAN ISTIMEWA KAMPUNG BATU BELAH,",41400,"KLANG,",Others,CENTRAL,CENTRAL,3.074126,101.4374685,spv,292.54,2.8,33062,CHCRB6,4.5,28,0,,,Monday: 10:00?AM?–?9:00?AM | Tuesday: 10:00?AM?–?9:00?AM | Wednesday: 10:00?AM?–?9:00?AM | Thursday: 10:00?AM?–?9:00?AM | Friday: 10:00?AM?–?9:00?AM | Saturday: 10:00?AM?–?9:00?AM | Sunday: 10:00?AM?–?12:00?AM,,
CHC300A_738,ALKAISER TRADING SDN. BHD.,"G-05, GROUND FLOOR, THIRD AVENUE,, JALAN TEKNOKRAT 3, CYBER 4,",63000,"CYBERJAYA,",Others,CENTRAL,CENTRAL,2.928213,101.654444,spv,330.07,7,33062,CHCRB11,0,0,0,,,,,
CHC300A_740,PASARAYA FRESH GROCER,"NO:2G, 3G, 3A-G, G-1 & 3A-1, JALAN 8/11,, BANDAR SUNWAY,",46150,"PETALING JAYA,",Others,CENTRAL,CENTRAL,3.0774939,101.6105031,lpv,-249.36,23.8,33062,CHCRB3,0,0,0,,,,,
CHC300A_741,AZAA RESOURCES SDN. BHD.,"NO:25, JALAN BESTARI 1/KU7,, TAMAN PERINDUSTRIAN KAPAR BESTARI,",42200,"KAPAR,",Others,CENTRAL,CENTRAL,3.1111602,101.3785846,spv,348.43,4,33062,CHCRB6,0,0,0,,,,,
CHC300A_743,ANDALAS MART,"NO:16, JALAN SRI SARAWAK 20,, TAMAN SRI ANDALAS,",41200,"KLANG,",Others,CENTRAL,CENTRAL,3.015082,101.441437,spv,399.71,6,33062,CHCRB6,3.7,3,0,,016-250 2045,Monday: 8:00?AM?–?8:00?PM | Tuesday: 8:00?AM?–?8:00?PM | Wednesday: 8:00?AM?–?8:00?PM | Thursday: 8:00?AM?–?8:00?PM | Friday: 8:00?AM?–?8:00?PM | Saturday: 8:00?AM?–?8:00?PM | Sunday: 8:00?AM?–?8:00?PM,,
CHC300A_744,STESYEN SERVIS ABDUL RAZAK,"LOT 634, BAGAN NAKHODA OMAR,, 45200 SABAK BERNAM,",45200,SELANGOR D.E.,Others,CENTRAL,CENTRAL,3.7710316,100.8865216,pms,124.13,1,33062,CHCRB5,0,0,0,,,,,
CHC300A_747,ATMOSFERA CONDOMINIUM,"JALAN PIPIT 4,, BANDAR PUCHONG JAYA,",47190,,Others,CENTRAL,CENTRAL,3.067396,101.62257,spv,717.08,4,33062,CHCRB11,0,0,0,,,,,
CHC300A_749,ASF INSPIRA TRADING,"NO:81, JALAN METRO 1/1,, BANDAR METRO PUCHONG,",47160,"PUCHONG,",Others,CENTRAL,CENTRAL,3.031385,101.6041,spv,237.33,1.6,33062,CHCRB11,0,0,0,,,,,
CHC300A_761,PASAR MINI AL AJAAS,"37 GROUND FLOOR, JALAN TEMENGGUNG 3/9,, BANDAR MAHKOTA CHERAS,",43200,"43200 KAJANG,",Others,CENTRAL,CENTRAL,3.050981,101.7892423,spv,293.09,6.2,33062,CHCRB2,3.8,127,0,,03-9010 4978,Monday: 8:30?AM?–?10:00?PM | Tuesday: 8:30?AM?–?10:00?PM | Wednesday: 8:30?AM?–?10:00?PM | Thursday: 8:30?AM?–?10:00?PM | Friday: 8:30?AM?–?10:00?PM | Saturday: 8:30?AM?–?10:00?PM | Sunday: 8:30?AM?–?10:00?PM,,
CHC300A_765,PASAR SEGAR ARIFFIN ARAFAT,"NO:24, JALAN SP 3/11,, BANDAR PUTRA PERMAI, SAUJANA,",47100,"47100 PUCHONG,",Others,CENTRAL,CENTRAL,2.9893917,101.6390017,lpv,1190.53,4.4,33062,CHCRB11,0,0,0,,012-328 5595,Monday: 8:00?AM?–?8:00?PM | Tuesday: 8:00?AM?–?8:00?PM | Wednesday: 8:00?AM?–?8:00?PM | Thursday: 8:00?AM?–?8:00?PM | Friday: 8:00?AM?–?8:00?PM | Saturday: 8:00?AM?–?8:00?PM | Sunday: 8:00?AM?–?8:00?PM,https://www.facebook.com/malmartmarket/,
CHC300A_767,MATANG JAYA ENTERPRISE,"NO:15-00-1, LORONG BATU NILAM 1E,, BANDAR BUKIT TINGGI,",42100,"42100 KLANG,",Others,CENTRAL,CENTRAL,3.008606,101.43914,spv,237.33,1.4,33062,CHCRB10,0,0,0,,012-679 0649,,,
CHC300A_773,ANZAR CEMERLANG ENTERPRISE,"LOT 8927 B20 KAMPUNG TELOL GONG,",42000,"42000 PELABUHAN KLANG,",Others,CENTRAL,CENTRAL,2.96309,101.3903,spv,265.43,2.4,33062,CHCRB10,0,0,0,,,,,
CHC300A_775,AATCHI CASH AND CARRY MARKETING,"NO:27-1-1, JALAN SETIA PRIMA (A) U13/A,, SETIA ALAM, SEKSYEN U13,",40170,"40170 SHAH ALAM,",Others,CENTRAL,CENTRAL,3.096971,101.444122,spv,1145.74,11.2,33062,CHCRB6,3.7,23,0,,012-651 7504,Monday: Closed | Tuesday: 7:00?AM?–?2:00?PM | Wednesday: 7:00?AM?–?2:00?PM | Thursday: 7:00?AM?–?2:00?PM | Friday: 7:00?AM?–?2:00?PM | Saturday: 7:00?AM?–?2:00?PM | Sunday: 7:00?AM?–?2:00?PM,https://m.me/ddfreshmeat?ref=w13673615,
CHC300A_784,APLIKASI KEBUN SDN. BHD.,"C-GF-17, LE PAVILION,, JALAN PUTERI 7/7,",47100,"BANDAR PUTERI PUCHONG,",Others,CENTRAL,CENTRAL,3.0930067,101.3906683,spv,11421.09,25,33062,CHCRB11,0,0,0,,,,,
CHC300A_805,AZAH AZIZ SUPERMART,"NO:39, JALAN SIP 1,, SURIA INDUSTRIAL PARK,",43900,"SEPANG,",Others,CENTRAL,CENTRAL,2.800477,101.684677,spv,293.93,2,33062,CHCRB11,0,0,0,,,,,
CHC300A_847,PASARMINI ALSULAIMAN,"NO:8, JALAN PLUMBUM 7/98A,, FASA 3C, SEKSYEN 7,",40000,"SHAH ALAM,",Others,CENTRAL,CENTRAL,3.0928231,101.3905191,spv,1276.23,9,33062,CHCRB7,0,0,0,,,,,
CHC300A_854,AR GOLDEN SETIA (M) SDN. BHD.,"NO:15, LORONG SANGGUL 1A,, BANDAR PUTERI,",42000,"KLANG,",Others,CENTRAL,CENTRAL,2.9885025,101.4662503,spv,2481.34,6.4,33062,CHCRB10,0,0,0,,,,,
CHC300B_001,BAN JOO TRADING CO.,"NO:102  JALAN MORIB, 42700 BANTING",42700,SELANGOR DARUL EHSAN.,Others,CENTRAL,CENTRAL,2.809017,101.4964,whs,34224.26,6.8,33062,CHCRB1,0,0,0,,,,,
CHC300B_007,BAN BEE HUAT ENTERPRISE,NO.410,0,,Others,CENTRAL,CENTRAL,2.812224,101.4972379,whs,73.54,0.8,33062,CHCRB1,0,0,0,,,,,
CHC300B_012,CHOP BENG LEE,NO:99 JALAN RICHARD,0,,Others,CENTRAL,CENTRAL,3.0102178,101.416393,whs,17133.84,2.6,33062,CHCRB9,0,0,0,,018-387 2242,Monday: 8:30?AM?–?6:00?PM | Tuesday: 8:30?AM?–?6:00?PM | Wednesday: 8:30?AM?–?6:00?PM | Thursday: 8:30?AM?–?6:00?PM | Friday: 8:30?AM?–?6:00?PM | Saturday: 8:30?AM?–?6:00?PM | Sunday: 8:30?AM?–?6:00?PM,http://www.qcplusmart.com/,
CHC300B_016,KEDAI RUNCIT BERKAT,NO:217,0,,Others,CENTRAL,CENTRAL,3.0116957,101.4021952,spv,372.06,10.4,33062,CHCRB10,0,0,0,,,,,
CHC300B_017,BAN FOH THONG,NO.12,0,,Others,CENTRAL,CENTRAL,3.0568058,101.4594345,cmh,1129.17,1.2,33062,CHCRB10,4.5,2,0,,03-3358 3807,Monday: 7:30?AM?–?9:30?PM | Tuesday: 7:30?AM?–?9:30?PM | Wednesday: 7:30?AM?–?9:30?PM | Thursday: 7:30?AM?–?9:30?PM | Friday: 7:30?AM?–?9:30?PM | Saturday: 7:30?AM?–?9:30?PM | Sunday: 7:30?AM?–?9:30?PM,https://www.farmersgreen.com.my/,
CHC300B_020,PASAR RAYA BADURUN,NO:294,0,,Others,CENTRAL,CENTRAL,3.0471327,101.4269581,spv,297.13,5.6,33062,CHCRB7,4,209,0,,016-222 7046,Monday: 7:00?AM?–?10:00?PM | Tuesday: 7:00?AM?–?10:00?PM | Wednesday: 7:00?AM?–?10:00?PM | Thursday: 7:00?AM?–?10:00?PM | Friday: 7:00?AM?–?10:00?PM | Saturday: 7:00?AM?–?10:00?PM | Sunday: 7:00?AM?–?10:00?PM,,
CHC300B_040,BAN LEONG KEDAI BARANG BARANG RUNCIT,NO.36,0,,Others,CENTRAL,CENTRAL,3.3401263,101.2502043,spv,293.93,1.8,33062,CHCRB5,0,0,0,,03-3289 7723,Monday: 7:30?AM?–?12:00?AM | Tuesday: 7:30?AM?–?12:00?AM | Wednesday: 7:30?AM?–?12:00?AM | Thursday: 7:30?AM?–?12:00?AM | Friday: 7:30?AM?–?12:00?AM | Saturday: 7:30?AM?–?12:00?AM | Sunday: 7:30?AM?–?12:00?AM,,
CHC300B_046,BAN ON HOE,243,0,,Others,CENTRAL,CENTRAL,3.258048,101.306725,cmh,124.13,1,33062,CHCRB5,3.1,7,0,,03-2114 2480,Monday: Open 24 hours | Tuesday: Open 24 hours | Wednesday: Open 24 hours | Thursday: Open 24 hours | Friday: Open 24 hours | Saturday: Open 24 hours | Sunday: Open 24 hours,http://www.7eleven.com.my/,
CHC300B_048,BUKIT TINGGI PRIMAX ENTERPRISE(PETRONAS),LOT 7725,0,,Others,CENTRAL,CENTRAL,3.007405,101.439659,pms,806.37,10.6,33062,CHCRB10,3.9,5426,1,,03-3323 1100,Monday: 8:00?AM?–?10:00?PM | Tuesday: 8:00?AM?–?10:00?PM | Wednesday: 8:00?AM?–?10:00?PM | Thursday: 8:00?AM?–?10:00?PM | Friday: 8:00?AM?–?10:00?PM | Saturday: 8:00?AM?–?10:00?PM | Sunday: 8:00?AM?–?10:00?PM,https://corp.lotuss.com.my/,
CHC300B_059,BIG SUPERMART SDN.BHD.(BANDAR TUN RAZAK),"NO:37  PERSIARAN MEWAH, BANDAR TUN RAZAK",56000,CHERAS,Others,CENTRAL,CENTRAL,3.086532,101.723366,lpv,4951.12,13.8,33062,CHCRB2,0,0,0,,,,,
CHC300B_069,PERNIAGAAN BB KIM WAH SDN. BHD.,"NO:6 8 10 12  JALAN BERJUNTAI 4, BATANG BERJUNTAI",45600,45600 KUALA SELANGOR,Others,CENTRAL,CENTRAL,3.3792258,101.4103903,spv,700.07,4,33062,CHCRB5,4.3,46,0,,,Monday: 8:30?AM?–?8:00?PM | Tuesday: 8:30?AM?–?8:00?PM | Wednesday: 8:30?AM?–?8:00?PM | Thursday: 8:30?AM?–?8:00?PM | Friday: 8:30?AM?–?8:00?PM | Saturday: 8:30?AM?–?8:00?PM | Sunday: 8:30?AM?–?8:00?PM,,
CHC300B_075,BIG SUPERMART SDN.BHD. (FRESH-BALAKONG),"KA-10-G & KA-11-G, JALAN SETIA BALAKONG, 2/2, TAMAN SETIA BALAKONG,",43300,"BALAKONG,",Others,CENTRAL,CENTRAL,3.014541,101.751053,smt,1770.54,11.8,33062,CHCRB3,0,0,0,,013-208 1900,Monday: 9:00?AM?–?6:30?PM | Tuesday: 9:00?AM?–?6:30?PM | Wednesday: 9:00?AM?–?6:30?PM | Thursday: 9:00?AM?–?6:30?PM | Friday: 9:00?AM?–?6:30?AM | Saturday: 9:00?AM?–?6:30?PM | Sunday: 9:00?AM?–?6:30?PM,,
CHC300B_076,CHOP BAN HOCK,"NO:60  PARIT BARU, 45200 SABAK BERNAM",0,SELANGOR DARUL EHSAN.,Others,CENTRAL,CENTRAL,3.8201506,100.8445201,spv,573.63,2,33062,CHCRB5,0,0,0,,,,,
CHC300B_089,PASAR MINI BEE HENG,"NO:33 & 35  JALAN TENGGIRI, TAMAN MUTIARA",42800,42800 TANJONG SEPAT,Others,CENTRAL,CENTRAL,2.659038,101.5664325,spv,2893.79,5,33062,CHCRB10,0,0,0,,,,,
CHC300B_111,BIG SUPERMART SDN.BHD,"NO:4 6 8 10 12A 14, JALAN SUNGAI KAPAR INDAH 3",42200,TAMAN SUNGAI KAPAR INDAH,Others,CENTRAL,CENTRAL,3.094905,101.38324,lpv,7562.86,31.4,33062,CHCRB9,3.8,523,0,ChIJdSAI5bVVzDERUAhvGXwEXPU,03-3291 9181,Monday: 9:00?AM?–?10:00?PM | Tuesday: 9:00?AM?–?10:00?PM | Wednesday: 9:00?AM?–?10:00?PM | Thursday: 9:00?AM?–?10:00?PM | Friday: 9:00?AM?–?10:00?PM | Saturday: 9:00?AM?–?10:00?PM | Sunday: 9:00?AM?–?10:00?PM,http://www.engsheng.com/big-supermart/,
CHC300B_112,BNS MINI MARKET,"NO:4 LORONG NALURI SUKMA, A8/A PUNCAK ALAM",0,KUALA SELANGOR,Others,CENTRAL,CENTRAL,3.2301269,101.4262291,spv,1930.91,5,33062,CHCRB5,0,0,0,,,,,
CHC300B_115,KEDAI RUNCIT BALASUNDRAM,NO.10,0,,Others,CENTRAL,CENTRAL,3.0141779,101.447666,spv,1484.45,8.2,33062,CHCRB6,4,12,0,,03-3323 0223,Monday: 8:30?AM?–?6:30?PM | Tuesday: 8:30?AM?–?6:30?PM | Wednesday: 8:30?AM?–?6:30?PM | Thursday: 8:30?AM?–?6:30?PM | Friday: 8:30?AM?–?6:30?PM | Saturday: 8:30?AM?–?6:30?PM | Sunday: 8:30?AM?–?6:30?PM,,
CHC300B_130,BEST & KWIK MART SDN. BHD. (DESA SEGAR),"NO:3,5,7-G, JALAN SERI PUTRA 1/8,, BANDAR SERI PUTRA 1/8, BANGI,",43000,"KAJANG,",Others,CENTRAL,CENTRAL,2.8867781,101.7912789,spv,1863.93,12.6,33062,CHCRB2,4.1,419,0,,016-293 9017,Monday: 9:00?AM?–?10:00?PM | Tuesday: 9:00?AM?–?10:00?PM | Wednesday: 9:00?AM?–?10:00?PM | Thursday: 9:00?AM?–?10:00?PM | Friday: 9:00?AM?–?10:00?PM | Saturday: 9:00?AM?–?10:00?PM | Sunday: 9:00?AM?–?10:00?PM,,
CHC300B_130A,BEST & KWIK MART SDN. BHD. (PELANGI SEMENYIH),"NO:19  21 & 23-G PLAZA DATO MOHD SAID, JALAN TPS 2/1  TAMAN PELANGI SEMENYIH 2",43500,SEMENYIH,Others,CENTRAL,CENTRAL,2.9164198,101.8633494,lpv,87757.53,15.2,33062,CHCRB7,0,0,0,,,,,
CHC300B_130B,BEST & KWIK MART SDN. BHD. (BUKIT JALIL),"G-3A, G-5 & G-6 KOMPLEKS NIAGA TAMAN LTAT,, NO:2, JALAN BUKIT JALIL INDAH 4,",57000,"TAMAN LTAT, BUKIT JALIL,",Others,CENTRAL,CENTRAL,3.0461601,101.6646293,spv,4552.79,18,33062,CHCRB11,0,0,0,,,,,
CHC300B_130C,BEST & KWIK MART SDN. BHD.(ALAM IMPIAN),"NO:55,57&59,JALAN PANGLIMA HITAM M 35/M,, ALAM IMPIAN, SEKSYEN 35,",40470,"SHAH ALAM,",Others,CENTRAL,CENTRAL,3.026107,101.516869,spv,3525.59,11.6,33062,CHCRB7,0,0,0,,,,,
CHC300B_134,BENG FOCK SDN. BHD.,NO:22A,0,,Others,CENTRAL,CENTRAL,3.0509336,101.4451493,whs,0,0,33062,CHCRBGEN,3.9,46,0,,03-3362 3793,Monday: 8:00?AM?–?9:00?PM | Tuesday: 8:00?AM?–?9:00?PM | Wednesday: 8:00?AM?–?9:00?PM | Thursday: 8:00?AM?–?9:00?PM | Friday: 8:00?AM?–?9:00?PM | Saturday: 8:00?AM?–?9:00?PM | Sunday: 8:00?AM?–?9:00?PM,,
CHC300B_137,YIPPEE MART,"NO:12  TINGKAT BAWAH, JALAN BEDENA 2/1  TAMAN BEDENA 2",45300,45300 SUNGAI BESAR,Others,CENTRAL,CENTRAL,3.6671461,100.9910543,spv,293.93,1.8,33062,CHCRB5,0,0,0,,,,,
CHC300B_140,BIG BAZAAR RETAIL SDN. BHD.,"NO:24  25  26  BAZAAR '@8, JALAN SELUNG P8/7  PRESINT 8",62250,62250 PUTRAJAYA.,Others,CENTRAL,CENTRAL,2.9335574,101.6804265,spv,6270.02,21,33062,CHCRB11,0,0,0,,,,,
CHC300B_145,BAN JOO WOH,"NO:91  JALAN BESAR, 43950 SUNGAI PELEK  SEPANG",43950,SELANGOR DARUL EHSAN.,Others,CENTRAL,CENTRAL,2.6431827,101.7167571,cmh,200.23,8.6,33062,CHCRB1,0,0,0,,,,,
CHC300B_149,BAN FATT THONG,NO.23,0,,Others,CENTRAL,CENTRAL,3.0515612,101.4474967,whs,-7974.69,0,33062,CHCRBGEN,3.9,46,0,,03-3362 3793,Monday: 8:00?AM?–?9:00?PM | Tuesday: 8:00?AM?–?9:00?PM | Wednesday: 8:00?AM?–?9:00?PM | Thursday: 8:00?AM?–?9:00?PM | Friday: 8:00?AM?–?9:00?PM | Saturday: 8:00?AM?–?9:00?PM | Sunday: 8:00?AM?–?9:00?PM,,
CHC300B_151,KEDAI RUNCIT BASEERA,"NO:16G, LINGKARAN SULTAN ABDUL SAMAD 2,, BANDAR SULTAN SULEIMAN,",42000,"42000 PELABUHAN KLANG,",Others,CENTRAL,CENTRAL,3.026548,101.3758,spv,180.73,1.2,33062,CHCRB10,3.8,82,0,,03-3362 6863,Monday: 9:00?AM?–?10:00?PM | Tuesday: 9:00?AM?–?10:00?PM | Wednesday: 9:00?AM?–?10:00?PM | Thursday: 9:00?AM?–?10:00?PM | Friday: 9:00?AM?–?10:00?PM | Saturday: 9:00?AM?–?10:00?PM | Sunday: 9:00?AM?–?10:00?PM,http://www.99speedmart.com.my/,
CHC300B_155,CHOP BAN TONG ONN,NO:328,0,,Others,CENTRAL,CENTRAL,2.812822,101.499718,cmh,1466.96,9.2,33062,CHCRB10,0,0,0,,,,,
CHC300B_156,SMP SYNERGY ENTERPRISE,"NO:3A  LORONG ORKID 2B, OFF JALAN LENGKONGAN",42000,KAMPUNG RAJA UDA  42000 PORT KLANG,Others,CENTRAL,CENTRAL,3.0109434,101.4060164,spv,519.54,10.4,33062,CHCRB10,0,0,0,,,,,
CHC300B_160,PASARMINI MAHMUDA,LOT 5624A,0,,Others,CENTRAL,CENTRAL,3.062904,101.419495,spv,860.88,7.8,33062,CHCRB10,0,0,0,,,,,
CHC300B_165,PASAR MINI BUKIT BELIMBING,"NO:285  BUKIT BELIMBING, 45000 KUALA SELANGOR",45000,SELANGOR DARUL EHSAN.,Others,CENTRAL,CENTRAL,3.3906735,101.2725519,spv,293.93,1.8,33062,CHCRB5,0,0,0,,,,,
CHC300B_167,BFT TRADING,"NO:54,JALAN BENDAHARA 8,, TAMAN SENTOSA JAYA,",41200,"41200 KLANG,",Others,CENTRAL,CENTRAL,3.010242,101.4697,spv,213.96,2.4,33062,CHCRB10,3.1,8,0,,014-686 8446,Monday: 8:30?AM?–?8:00?PM | Tuesday: 8:30?AM?–?8:00?PM | Wednesday: 8:30?AM?–?8:00?PM | Thursday: 8:30?AM?–?8:00?PM | Friday: 8:30?AM?–?8:00?PM | Saturday: 8:30?AM?–?8:00?PM | Sunday: 8:30?AM?–?8:00?PM,,
CHC300B_172,BEST FRESH MART SDN. BHD.,NO:69  JALAN KILANG PADI,45500,TANJUNG KARANG,BFM,CENTRAL,CENTRAL,3.4260977,101.1769057,lpv,30397.75,15.6,33062,CHCRB5,0,0,0,,,,,
CHC300B_174,BIG SUPERMART SDN.BHD. (SECTION 26),"NO:38  JALAN SEKINCHAN 26/9, (PENDANG 26/9)  GROUND FLOOR AND 1ST",40400,1ST FLOOR  SECTION 26 (HICOM),Others,CENTRAL,CENTRAL,3.0253114,101.5581144,lpv,2116.01,20,33062,CHCRB1,0,0,0,,,,,
CHC300B_182,BM MOHAMAD TRADING,"NO:8, JALAN PINGGIRAN PUTRA 4A/15,, DESA PINGGIRAN PUTRA,","43000 ,","KAJANG,",Others,CENTRAL,CENTRAL,2.8968445,101.7042241,spv,1674.99,11.4,33062,CHCRB7,5,3,0,,016-373 4737,Monday: 8:30?AM?–?8:00?PM | Tuesday: 8:30?AM?–?8:00?PM | Wednesday: 8:30?AM?–?8:00?PM | Thursday: 8:30?AM?–?8:00?PM | Friday: 8:30?AM?–?8:00?PM | Saturday: 8:30?AM?–?8:00?PM | Sunday: 8:30?AM?–?8:00?PM,,
CHC300B_185,BETTER CHOICE MINI MART,"NO:29  JALAN 1, TAMAN RADIN JAYA",45500,TANJUNG KARANG,Others,CENTRAL,CENTRAL,3.427853,101.1641955,spv,293.93,1.8,33062,CHCRB5,0,0,0,,,,,
CHC300B_187,BEST FRESH MART SDN. BHD.,"PT 110156  JALAN BAYU LAUT 4/KS 09, KOTA BAYUEMAS PENDAMAR",41200,KLANG,BFM,CENTRAL,CENTRAL,2.9807196,101.4413288,lpv,88466.87,40.8,33062,CHCRB9,0,0,0,,,,,
CHC300B_191,BILLION SHOPPING CENTRE (PORT KLANG) SDN. BHD.,"NO:30-44, LEBUH BERINGIN,, 42000 PELABUHAN KLANG,",42000,,BILLION,CENTRAL,CENTRAL,3.002789,101.397575,lpv,101622.62,49.2,33062,CHCRB9,3.9,997,0,,03-3165 3221,Monday: 10:00?AM?–?10:00?PM | Tuesday: 10:00?AM?–?10:00?PM | Wednesday: 10:00?AM?–?10:00?PM | Thursday: 10:00?AM?–?10:00?PM | Friday: 10:00?AM?–?10:00?PM | Saturday: 10:00?AM?–?10:00?PM | Sunday: 10:00?AM?–?10:00?PM,,
CHC300B_216,PASAR RAYA BISMI,"NO:22 & 24  JALAN MERANTI PUTIH 9, TAMAN DESA PERMAI  MERU",0,KLANG  SELANGOR DARUL EHSAN.,Others,CENTRAL,CENTRAL,3.150304,101.4376785,spv,10948.29,11.2,33062,CHCRB6,4.4,54,0,ChIJfc3q60lRzDER-J9hEHWg8LE,03-3393 2786,Monday: 8:00?AM?–?10:05?PM | Tuesday: 8:00?AM?–?10:05?PM | Wednesday: 8:00?AM?–?10:05?PM | Thursday: 8:00?AM?–?10:05?PM | Friday: 8:00?AM?–?10:05?PM | Saturday: 8:00?AM?–?10:05?PM | Sunday: 8:00?AM?–?10:05?PM,,
CHC300B_237,BIG SUPERMART SDN. BHD.(SUBANG U5),"1G  1-1  3G & 5G, JALAN MUSYTARI AM",40150,U5/AM  SEKSYEN U5  40150 SHAH ALAM,Others,CENTRAL,CENTRAL,3.1707675,101.5345638,lpv,4081.08,30.2,33062,CHCRB9,3.1,62,0,,,Monday: 9:00?AM?–?9:30?PM | Tuesday: 9:00?AM?–?9:30?PM | Wednesday: 9:00?AM?–?9:30?PM | Thursday: 9:00?AM?–?9:30?PM | Friday: 9:00?AM?–?9:30?PM | Saturday: 8:30?AM?–?9:30?PM | Sunday: 8:30?AM?–?9:30?PM,https://m.facebook.com/pages/category/Retail-Company/Big-Supermart-500353326797653/,
CHC300B_238,BIG SUPERMART SDN. BHD.(SERI SERDANG),"NO:1G-4G (3282-3285)  JALAN 18/35, 43300 SERI KEMBANGAN",43300,SELANGOR DARUL EHSAN.,Others,CENTRAL,CENTRAL,3.00813,101.712778,lpv,7356.28,22.2,33062,CHCRB2,3.7,498,0,,03-8942 9181,Monday: 9:00?AM?–?9:00?PM | Tuesday: 9:00?AM?–?9:00?PM | Wednesday: 9:00?AM?–?9:00?PM | Thursday: 9:00?AM?–?9:00?PM | Friday: 9:00?AM?–?9:00?PM | Saturday: 9:00?AM?–?9:00?PM | Sunday: 9:00?AM?–?9:00?PM,https://m.facebook.com/pages/Pasaraya-Big/195395734717093,
CHC300B_242,B.S YAP TRADING,NO:26,0,,Others,CENTRAL,CENTRAL,3.5072487,101.102239,whs,89973.62,7.8,33062,CHCRB5,0,0,0,,,,,
CHC300B_248,KCA SPEEDMART,LOT 2-3A,0,,Others,CENTRAL,CENTRAL,2.9378075,101.7740868,spv,342.69,5.4,33062,CHCRB7,0,0,0,,,,,
CHC300B_275,PASAR SEGAR & RUNCIT BANTING BARU,"NO:1  JALAN BB 1/6, TAMAN BANTING BARU",42700,BANTING,Others,CENTRAL,CENTRAL,2.8177621,101.455457,spv,2223.69,11.4,33062,CHCRB10,0,0,0,,,,,
CHC300B_278,BK MART,"NO:4G, JALAN BUKIT KUDA 1/KU1,, OFF JALAN BATU TIGA LAMA,",41300,"TAMAN BUKIT KUDA,",Others,CENTRAL,CENTRAL,3.0531205,101.4677017,spv,-527.45,5,33062,CHCRB7,0,0,0,,,,,
CHC300B_304,BIG SUPERMART SDN.BHD. (PUCHONG PERDANA),"PP-UG-27, KOMPLEKS PUCHONG PERDANA,, JALAN KEKWA 3/1, PUCHONG PERDANA,",47100,"PUCHONG,",Others,CENTRAL,CENTRAL,3.0071505,101.6053114,lpv,6444.3,42.4,33062,CHCRB1,3.7,19,0,,,Monday: 9:30?AM?–?8:00?PM | Tuesday: 9:30?AM?–?8:00?PM | Wednesday: 9:30?AM?–?8:00?PM | Thursday: 9:30?AM?–?8:00?PM | Friday: 9:30?AM?–?8:00?PM | Saturday: 9:30?AM?–?8:00?PM | Sunday: 9:30?AM?–?8:00?PM,,
CHC300B_312,BEYOND PHARMACY,"NO:12, JALAN BB 1/2,, TAMAN BANTING BARU,",42700,"BANTING,",Others,CENTRAL,CENTRAL,2.8187853,101.4558306,cmh,422.7,1,33062,CHCRB10,0,0,0,,,,,
CHC300B_315,PASARAYA BSK SDN. BHD. (TTDI JAYA),"NO:22,24,26&28, JALAN OPERA D,, SEKSYEN U2/D, TAMAN TTDI JAYA,",40150,"SHAH ALAM,",Others,CENTRAL,CENTRAL,3.0988629,101.5553146,lpv,10386.96,18.2,33062,CHCRB9,5,1,0,,,Monday: 8:00?AM?–?10:00?PM | Tuesday: 8:00?AM?–?10:00?PM | Wednesday: 8:00?AM?–?10:00?PM | Thursday: 8:00?AM?–?10:00?PM | Friday: 8:00?AM?–?10:00?PM | Saturday: 8:00?AM?–?10:00?PM | Sunday: 8:00?AM?–?10:00?PM,http://segigroup.com/,
CHC300B_318,KEDAI RUNCIT BEE HENG,"NO:R3,GERAI RUNCIT, PASAR TANJUNG SEPAT,",42800,"42800 TANJUNG SEPAT,",Others,CENTRAL,CENTRAL,2.659741,101.565834,spv,1384.57,8,33062,CHCRB10,0,0,0,,,,,
CHC300B_322,PASARAYA BSK SDN. BHD. (KUALA SELANGOR),"NO:10,12,14&16, JALAN BENDAHARA 1/2A,, TAMAN BENDAHARA,",45000,"KUALA SELANGOR,",Others,CENTRAL,CENTRAL,3.3208451,101.2683897,lpv,4565.77,5.8,33062,CHCRB5,4.1,71,0,,012-369 9538,Monday: 8:00?AM?–?10:00?PM | Tuesday: 8:00?AM?–?10:00?PM | Wednesday: 8:00?AM?–?10:00?PM | Thursday: 8:00?AM?–?10:00?PM | Friday: 8:00?AM?–?10:00?PM | Saturday: 8:00?AM?–?10:00?PM | Sunday: 8:00?AM?–?10:00?PM,https://www.facebook.com/profile.php?id=100085652892743,
CHC300B_323,BP MART,"NO:91, JALAN BATU UNJUR 8,, TAMAN BAYU PERDANA,",41200,"41200 KLANG,",Others,CENTRAL,CENTRAL,3.016432,101.4289,spv,262,2.2,33062,CHCRB10,4.5,8,0,,012-926 5495,Monday: Closed | Tuesday: 9:30?AM?–?8:00?PM | Wednesday: 9:30?AM?–?8:00?PM | Thursday: 9:30?AM?–?8:00?PM | Friday: 9:30?AM?–?8:00?PM | Saturday: 9:30?AM?–?8:00?PM | Sunday: 9:30?AM?–?8:00?PM,,
CHC300B_335,BERKAT MINI MARKET,"NO:3, JALAN BUNGA RAYA,, KAMPUNG BESTARI JAYA,",45600,"45600 BESTARI JAYA,",Others,CENTRAL,CENTRAL,3.0646867,101.4467917,spv,293.93,1.8,33062,CHCRB5,0,0,0,,,,,
CHC300B_344,BIOTEK ABADI SDN. BHD.,"NO:47-1 SETIA AVENUE,, JALAN SETIA PRIMA S U13/S,",40170,"SETIA ALAM, 40170 SHAH ALAM,",Others,CENTRAL,CENTRAL,3.106835,101.446574,spv,1560.3,2.8,33062,CHCRB6,4,7017,0,,03-3345 3200,Monday: 8:00?AM?–?10:00?PM | Tuesday: 8:00?AM?–?10:00?PM | Wednesday: 8:00?AM?–?10:00?PM | Thursday: 8:00?AM?–?10:00?PM | Friday: 8:00?AM?–?10:00?PM | Saturday: 8:00?AM?–?10:00?PM | Sunday: 8:00?AM?–?10:00?PM,https://corp.lotuss.com.my/store/lotuss-setia-alam,
CHC300B_353,BEST FRESH MART SDN. BHD.,"NO:2,4,6,8,10,12,14&16,, JALAN DATO KAYA KECIL 5A/KU13,",42200,"PEKAN KAPAR,",BFM,CENTRAL,CENTRAL,3.140138,101.368134,lpv,6740.07,27.8,33062,CHCRB9,3.9,35,0,ChIJvTzYlzJXzDER8v3NFRY9Xo4,011-7074 1123,Monday: 10:00?AM?–?10:00?PM | Tuesday: 10:00?AM?–?10:00?PM | Wednesday: 10:00?AM?–?10:00?PM | Thursday: 10:00?AM?–?10:00?PM | Friday: 10:00?AM?–?10:00?PM | Saturday: 10:00?AM?–?10:00?PM | Sunday: 10:00?AM?–?10:00?PM,https://www.facebook.com/share/1DvLQp4qR9/?mibextid=wwXIfr,
CHC300B_354,BIG BAZAAR WHOLESALE AND RETAIL,"NO:21, JALAN KRISTAL L 7/L,, SEKSYEN 7,",40000,"40000 SHAH ALAM,",Others,CENTRAL,CENTRAL,3.07561,101.4852967,spv,7005.71,10.6,33062,CHCRB7,0,0,0,,03-5512 3710,Monday: 8:30?AM?–?8:00?PM | Tuesday: 8:30?AM?–?8:00?PM | Wednesday: 8:30?AM?–?8:00?PM | Thursday: 8:30?AM?–?8:00?PM | Friday: 8:30?AM?–?8:00?PM | Saturday: 8:30?AM?–?8:00?PM | Sunday: 8:30?AM?–?8:00?PM,,
CHC300B_366,BILLION SHOPPING CENTRE (SEMENYIH) SDN. BHD.,"LOT PT NO:16366,, BANDAR TEKNOLOGI KAJANG,",43500,"JALAN SEMENYIH,",BILLION,CENTRAL,CENTRAL,2.97325,101.830743,lpv,224888.36,90.6,33062,CHCRB2,3.9,2835,0,ChIJgcdzdTjMzTERXQ6xF0Jll-A,,,,TRUE
CHC300B_367,BILLION SHOPPING CENTRE (B.B. BANGI) SDN. BHD.,"KOMPLEKS PKNS BANDAR BARU BANGI,, PERSIARAN BANGI, PUSAT BANDAR,",43650,"BANDAR BARU BANGI,",BILLION,CENTRAL,CENTRAL,2.961895,101.756907,lpv,108252.83,47,33062,CHCRB2,4.1,953,0,,03-8925 3226,Monday: 10:00?AM?–?10:00?PM | Tuesday: 10:00?AM?–?10:00?PM | Wednesday: 10:00?AM?–?10:00?PM | Thursday: 10:00?AM?–?10:00?PM | Friday: 10:00?AM?–?10:00?PM | Saturday: 10:00?AM?–?10:00?PM | Sunday: 10:00?AM?–?10:00?PM,http://www.billiongroup.com.my/,
CHC300B_377,BENUA SAINS SDN. BHD.,"NO:161, JALAN KENARI 23A,, BANDAR PUCHONG JAYA,",47100,"PUCHONG,",Others,CENTRAL,CENTRAL,3.043007,101.622734,spv,293.93,2,33062,CHCRB11,4.3,6,0,,,Monday: 10:00?AM?–?10:28?PM | Tuesday: 10:00?AM?–?10:28?PM | Wednesday: 10:00?AM?–?10:28?PM | Thursday: 10:00?AM?–?10:28?PM | Friday: 10:00?AM?–?10:28?PM | Saturday: 10:00?AM?–?10:28?PM | Sunday: 10:00?AM?–?10:28?PM,,
CHC300C_004,CHOP CHIA HUAT,NO.21,0,,Others,CENTRAL,CENTRAL,3.0562166,101.4596054,spv,7189.57,5,33062,CHCRB10,4.5,2,0,,03-3358 3807,Monday: 7:30?AM?–?9:30?PM | Tuesday: 7:30?AM?–?9:30?PM | Wednesday: 7:30?AM?–?9:30?PM | Thursday: 7:30?AM?–?9:30?PM | Friday: 7:30?AM?–?9:30?PM | Saturday: 7:30?AM?–?9:30?PM | Sunday: 7:30?AM?–?9:30?PM,https://www.farmersgreen.com.my/,
CHC300C_030,CHOP CHIP SENG,NO. 138,0,,Others,CENTRAL,CENTRAL,3.426967,101.2457897,spv,293.93,1.8,33062,CHCRB5,0,0,0,,,,,
CHC300C_036,SRI CHAKKRA MINI MARKET,"NO:47D  JALAN PANDAN, TAMAN DATO HORMAT",42500,42500 TELOK PANGLIMA GARANG,Others,CENTRAL,CENTRAL,2.9072835,101.4610742,spv,587.55,9,33062,CHCRB10,0,0,0,,,,,
CHC300C_040,PASAR RAYA CLC,"NO:2-20  JALAN KEBUN NENAS 3D/KS8, BANDAR PUTERA 2",41200,41200 KLANG,Others,CENTRAL,CENTRAL,2.9803497,101.5009963,lpv,43382.45,33.8,33062,CHCRB9,0,0,0,,,,,
CHC300C_042,PASAR MINI TAMAN PADUKA,NO:36,0,,Others,CENTRAL,CENTRAL,3.324428,101.2639551,spv,293.93,1.8,33062,CHCRB5,0,0,0,,019-245 9115,Monday: 8:30?AM?–?8:00?PM | Tuesday: 8:30?AM?–?8:00?PM | Wednesday: 8:30?AM?–?8:00?PM | Thursday: 8:30?AM?–?8:00?PM | Friday: 8:30?AM?–?8:00?PM | Saturday: 8:30?AM?–?8:00?PM | Sunday: 8:30?AM?–?8:00?PM,,
CHC300C_046,KEDAI CHUAN HUAT,NO:192,0,,Others,CENTRAL,CENTRAL,2.8564328,101.6804568,spv,511.95,2.6,33062,CHCRB11,4,2,0,,03-3187 2232,Monday: 8:00?AM?–?8:00?PM | Tuesday: 8:00?AM?–?8:00?PM | Wednesday: 8:00?AM?–?8:00?PM | Thursday: 8:00?AM?–?8:00?PM | Friday: 8:00?AM?–?8:00?PM | Saturday: 8:00?AM?–?8:00?PM | Sunday: 8:00?AM?–?8:00?PM,,
CHC300C_047,CHOP CHIN HUAT,NO.49,0,,Others,CENTRAL,CENTRAL,3.0583248,101.4642866,spv,459.41,2.4,33062,CHCRB10,0,0,0,,,,,
CHC300C_059,KEDAI CHIP FOONG,"NO:76B  MAIN ROAD TANJONG SEPAT, 42800 TANJONG SEPAT",0,SELANGOR DARUL EHSAN.,Others,CENTRAL,CENTRAL,2.663374,101.5563304,spv,249.7,4.6,33062,CHCRB10,0,0,0,,,,,
CHC300C_067,ASLINA ENTERPRISE,"NO:6, JALAN 18/34,",40000,"40000 SHAH ALAM,",Others,CENTRAL,CENTRAL,3.050579,101.521149,spv,373.22,4.8,33062,CHCRB7,0,0,0,,011-2662 0917,Monday: 6:00?AM?–?11:00?PM | Tuesday: 6:00?AM?–?11:00?PM | Wednesday: 6:00?AM?–?11:00?PM | Thursday: 6:00?AM?–?11:00?PM | Friday: 6:00?AM?–?11:00?PM | Saturday: 6:00?AM?–?11:00?PM | Sunday: 6:00?AM?–?11:00?PM,,
CHC300C_068,CHIYANG ENGINEERING HARDWARE (M) SDN BHD,"NO.15G & 17G JLN KOTA RAJA F27/F, HICOM TOWN CENTRE SEKSYEN 27",40400,40400 SHAH ALAM,Others,CENTRAL,CENTRAL,3.0124979,101.5608914,spv,332.49,3,33062,CHCRB7,4,164,0,,,Monday: 8:00?AM?–?10:00?PM | Tuesday: 8:00?AM?–?10:00?PM | Wednesday: 8:00?AM?–?10:00?PM | Thursday: 8:00?AM?–?10:00?PM | Friday: 8:00?AM?–?10:00?PM | Saturday: 8:00?AM?–?10:00?PM | Sunday: 8:00?AM?–?10:00?PM,https://econsave.com.my/,
CHC300C_106,CT ABLE TRADING SDN BHD,NO:192E,0,,Others,CENTRAL,CENTRAL,3.0706762,101.4419452,whs,-92.69,0,33062,CHCRBGEN,4.3,7,0,,03-3343 6792,Monday: 8:00?AM?–?8:00?PM | Tuesday: 8:00?AM?–?8:00?PM | Wednesday: 8:00?AM?–?8:00?PM | Thursday: 8:00?AM?–?8:00?PM | Friday: 8:00?AM?–?8:00?PM | Saturday: 8:00?AM?–?8:00?PM | Sunday: 8:00?AM?–?8:00?PM,,
CHC300C_114,CITA ASASI SDN. BHD.,"B1-B03, UNIVERSITY XIAMEN MALAYSIA,   , JALAN SURIA SERENIA 1, BANDAR SERENIA,",43900,SEPANG,Others,CENTRAL,CENTRAL,2.8325275,101.7069,spv,117.84,3.8,33062,CHCRB11,0,0,0,,,Monday: 8:30?AM?–?9:30?PM | Tuesday: 8:30?AM?–?9:30?PM | Wednesday: 8:30?AM?–?9:30?PM | Thursday: 8:30?AM?–?9:30?PM | Friday: 8:30?AM?–?9:30?PM | Saturday: 9:00?AM?–?9:00?PM | Sunday: 9:00?AM?–?9:00?PM,,
CHC300C_119,CEMPALA TRADING,"NO:18, LORONG NALURI SUKMA A8/A,, SEKSYEN 8,",42300,"42300 KUALA SELANGOR, ",Others,CENTRAL,CENTRAL,3.0928233,101.3906867,spv,293.93,1.8,33062,CHCRB5,0,0,0,,,,,
CHC300C_144,CHECKERS HYPERMARKET SDN. BHD.(JCU),"LOT PT 38285  JALAN CU 12, TAMAN CHERAS UTAMA",43200,CHERAS,CHECKERS,CENTRAL,CENTRAL,3.0517474,101.7476358,smt,111915.14,45.4,33062,CHCRB3,4.2,1440,0,,03-9107 5151,Monday: 8:00?AM?–?10:00?PM | Tuesday: 8:00?AM?–?10:00?PM | Wednesday: 8:00?AM?–?10:00?PM | Thursday: 8:00?AM?–?10:00?PM | Friday: 8:00?AM?–?10:00?PM | Saturday: 8:00?AM?–?10:00?PM | Sunday: 8:00?AM?–?10:00?PM,http://www.checkers.com.my/,
CHC300C_154,CLC WHOLESALER (SG.PELEK) SDN. BHD.,"NO:2-22A  JALAN PPH 1/1, PUSAT PERDAGANGAN HARMONI",43950,SUNGAI PELEK,Others,CENTRAL,CENTRAL,2.6470771,101.7214166,lpv,53643.89,23,33062,CHCRB1,0,0,0,,,,,
CHC300C_177,CONBINI RESOURCES SDN BHD,"S-00-03  S-00-02A  IMPIAN MERIDIAN, JALAN SUBANG 1  USJ 1",47600,SUBANG JAYA,Others,CENTRAL,CENTRAL,3.061688,101.594975,spv,295.05,3.6,33062,CHCRB11,0,0,0,,,Monday: 6:30?AM?–?2:00?AM | Tuesday: 6:30?AM?–?2:00?AM | Wednesday: 6:30?AM?–?2:00?AM | Thursday: 6:30?AM?–?2:00?AM | Friday: 6:30?AM?–?2:00?AM | Saturday: 6:30?AM?–?2:00?AM | Sunday: 6:30?AM?–?2:00?AM,,
CHC300C_179,CAHAYA REZEKI 1 ENTERPRISE,"LOT 1681 B2, JALAN MUSRAN,, KAMPUNG RANTAU PANJANG,",41200,KLANG,Others,CENTRAL,CENTRAL,3.053213,101.417076,spv,237.33,1.4,33062,CHCRB10,0,0,0,,,,,
CHC300C_185,CERIA CASH & CARRY SDN. BHD.,"NO:2, 3, JALAN TIB 1/2,, TAMAN INDUSTRY BOLTON,",68100,"BATU CAVES,",Others,CENTRAL,CENTRAL,3.2382942,101.6965332,lpv,1315.7,2.2,33062,CHCRBGEN,4,1191,0,,,Monday: 8:00?AM?–?10:00?PM | Tuesday: 8:00?AM?–?10:00?PM | Wednesday: 8:00?AM?–?10:00?PM | Thursday: 8:00?AM?–?10:00?PM | Friday: 8:00?AM?–?10:00?PM | Saturday: 8:00?AM?–?10:00?PM | Sunday: 8:00?AM?–?10:00?PM,http://tunasmanja.com/,
CHC300C_203,CLC WHOLESALER GROUP SDN. BHD.,"JALAN SEMENYIH SENTRAL 3, TAMAN SEMENYIH SENTRAL",43500,SEMENYIH,Others,CENTRAL,CENTRAL,2.9445271,101.8450263,lpv,13415.8,10.2,33062,CHCRB2,3.9,716,0,,03-8723 9961,Monday: 8:00?AM?–?10:00?PM | Tuesday: 8:00?AM?–?10:00?PM | Wednesday: 8:00?AM?–?10:00?PM | Thursday: 8:00?AM?–?10:00?PM | Friday: 8:00?AM?–?10:00?PM | Saturday: 8:00?AM?–?10:00?PM | Sunday: 8:00?AM?–?10:00?PM,https://m.facebook.com/clcsemenyih/,
CHC300C_208,CS GROCER SDN. BHD.,"NO:1  JALAN KAJANG MEWAH 7B, TAMAN KAJANG MEWAH",43000,KAJANG,Others,CENTRAL,CENTRAL,2.9767994,101.7790494,lpv,33099.18,25.4,33062,CHCRB2,0,0,0,,,,,
CHC300C_225,CHECKERS HYPERMARKET SDN. BHD.(SHAH ALAM),LOT NO:7,0,,CHECKERS,CENTRAL,CENTRAL,3.0621754,101.5268172,smt,855530.48,54.4,33062,CHCRB3,4.2,1276,0,,03-5511 2255,Monday: 8:00?AM?–?10:00?PM | Tuesday: 8:00?AM?–?10:00?PM | Wednesday: 8:00?AM?–?10:00?PM | Thursday: 8:00?AM?–?10:00?PM | Friday: 8:00?AM?–?10:00?PM | Saturday: 8:00?AM?–?10:00?PM | Sunday: 8:00?AM?–?10:00?PM,http://www.checkers.com.my/,
CHC300C_235,CS BROTHERS SDN. BHD. (DAMAI PERDANA),"NO: 1&3, JALAN DAMAI PERDANA 6/1E,, TAMAN DAMAI PERDANA,",56000,"BANDAR DAMAI PERDANA,",CSBROTHER,CENTRAL,CENTRAL,3.0544459,101.737939,smt,242572.56,62.8,33062,CHCRB3,3.8,46,0,,03-3362 6863,Monday: 10:00?AM?–?10:00?PM | Tuesday: 10:00?AM?–?10:00?PM | Wednesday: 10:00?AM?–?10:00?PM | Thursday: 10:00?AM?–?10:00?PM | Friday: 10:00?AM?–?10:00?PM | Saturday: 10:00?AM?–?10:00?PM | Sunday: 10:00?AM?–?10:00?PM,http://www.99speedmart.com.my/,
CHC300C_240,CF FRESH MARKET,"NO:5, JALAN OPERA U2/D,, TAMAN TTDI JAYA,",40150,"40150 SHAH ALAM,",Others,CENTRAL,CENTRAL,3.09861,101.555916,spv,361.68,3.6,33062,CHCRB7,5,1,0,,,Monday: 8:00?AM?–?10:00?PM | Tuesday: 8:00?AM?–?10:00?PM | Wednesday: 8:00?AM?–?10:00?PM | Thursday: 8:00?AM?–?10:00?PM | Friday: 8:00?AM?–?10:00?PM | Saturday: 8:00?AM?–?10:00?PM | Sunday: 8:00?AM?–?10:00?PM,http://segigroup.com/,
CHC300C_241,CS GROCER SDN. BHD. (PUNCAK ALAM),"NO:35-47, JALAN HILLPARK 11/9,",42300,"42300 PUNCAK ALAM,",Others,CENTRAL,CENTRAL,3.2123858,101.455646,lpv,7679.93,16.2,33062,CHCRB9,0,0,0,,,,,
CHC300C_242,CS FRESH MART,"NO:18, LINTANG SUNGAI KERAMAT 6,, KAWASAN PERINDUSTRIAN KLANG UTAMA,",42100,"KLANG,",Others,CENTRAL,CENTRAL,3.08778,101.41413,spv,2159.71,9.2,33062,CHCRB6,0,0,0,,,,,
CHC300C_254,CS GROCER SDN. BHD. (PLAZA 18),"LOT 1, JALAN PINANG D 18/D,, SEKSYEN 18,",40200,"SHAH ALAM,",Others,CENTRAL,CENTRAL,3.044285,101.517334,lpv,21855.89,40.6,33062,CHCRB9,0,0,0,,03-5542 8199,Monday: 8:00?AM?–?8:00?PM | Tuesday: 8:00?AM?–?8:00?PM | Wednesday: 8:00?AM?–?8:00?PM | Thursday: 8:00?AM?–?8:00?PM | Friday: 8:00?AM?–?8:00?PM | Saturday: 8:00?AM?–?8:00?PM | Sunday: 8:00?AM?–?8:00?PM,,
CHC300C_261,CS GROCER SDN. BHD.,"NO:24,26,28,30&32,, JALAN KEKWA TAMAN PUCHONG PERDANA,",47150,"PUCHONG,",Others,CENTRAL,CENTRAL,3.007035,101.60672,lpv,75282.07,20.4,33062,CHCRB11,3.7,19,0,,,Monday: 9:30?AM?–?8:00?PM | Tuesday: 9:30?AM?–?8:00?PM | Wednesday: 9:30?AM?–?8:00?PM | Thursday: 9:30?AM?–?8:00?PM | Friday: 9:30?AM?–?8:00?PM | Saturday: 9:30?AM?–?8:00?PM | Sunday: 9:30?AM?–?8:00?PM,,
CHC300C_262,CHECKERS HYPERMARKET SDN. BHD.,"NO:25, JALAN IMPIAN PERDANA 1,, SAUJANA IMPIAN,",43000,KAJANG,CHECKERS,CENTRAL,CENTRAL,3.013257,101.794113,smt,194497.79,44,33062,CHCRB3,4.2,136,0,,03-9212 8187,Monday: 8:00?AM?–?10:00?PM | Tuesday: 8:00?AM?–?10:00?PM | Wednesday: 8:00?AM?–?10:00?PM | Thursday: 8:00?AM?–?10:00?PM | Friday: 8:00?AM?–?10:00?PM | Saturday: 8:00?AM?–?10:00?PM | Sunday: 8:00?AM?–?10:00?PM,http://www.checkers.com.my/,
CHC300C_266,CS BROTHERS SDN. BHD.(BDR TEKNOLOGI KAJANG),"NO:55-83, JALAN SERI BAIDURI 5,, TAMAN SERI BAIDURI,",43500,"BANDAR TEKNOLOGI KAJANG,",Others,CENTRAL,CENTRAL,2.972886,101.82715,smt,34622.26,26,33062,CHCRB2,0,0,0,,,,,
CHC300C_986,CASH SALES (SALES EXECUTIVE 11),"KLANG,",-,,Others,CENTRAL,CENTRAL,2.991843,101.6400195,oth,67.53,0.8,33062,CHCRB11,0,0,0,,012-328 5595,Monday: 8:00?AM?–?8:00?PM | Tuesday: 8:00?AM?–?8:00?PM | Wednesday: 8:00?AM?–?8:00?PM | Thursday: 8:00?AM?–?8:00?PM | Friday: 8:00?AM?–?8:00?PM | Saturday: 8:00?AM?–?8:00?PM | Sunday: 8:00?AM?–?8:00?PM,https://www.facebook.com/malmartmarket/,
CHC300C_989,CASH SALES (SALES EXECUTIVE 8),"KLANG,",-,,Others,CENTRAL,CENTRAL,3.0927717,101.3906108,cash,0,0,33062,CHCRB11,0,0,0,,,,,
CHC300C_990,CASH SALES (SALES EXECUTIVE 7),"KLANG,",-,,Others,CENTRAL,CENTRAL,3.0927757,101.39054,cash,1476,0.4,33062,CHCRB7,0,0,0,,,,,
CHC300C_991,CASH SALES (SALES EXECUTIVE 6),KLANG,-,,Others,CENTRAL,CENTRAL,3.0927852,101.390638,cash,0,0,33062,CHCRB6,0,0,0,,,,,
CHC300C_993,CASH SALES (SALES EXECUTIVE 4),KLANG,0,,Others,CENTRAL,CENTRAL,0,0,cash,0,0,33062,CHCRB4,0,0,0,,,,,
CHC300C_996,CASH SALES (SALES EXECUTIVE 1),KLANG,0,,Others,CENTRAL,CENTRAL,3.0928797,101.3906669,cash,0,0,33062,CHCRB1,0,0,0,,,,,
CHC300C_996A,CASH SALES (SALES EXECUTIVE 10),KLANG,-,,Others,CENTRAL,CENTRAL,3.0927969,101.3906355,cash,38628.44,3.2,33062,CHCRB10,0,0,0,,,,,
CHC300C_999,CASH SALES,KLANG,0,,Others,CENTRAL,CENTRAL,0,0,cash,0,0,33062,CHCRBGEN,0,0,0,,,,,
CHC300D_002,DINA TIMUR MART,"NO:6  BLOCK H  JALAN GC9, GLOMAC CYBERJAYA  CYBER 4",63000,CYBERJAYA,Others,CENTRAL,CENTRAL,2.9268678,101.6557441,spv,367.14,9.4,33062,CHCRB11,0,0,0,,,,,
CHC300D_003,PASAR MINI DE SDN. BHD.,"LOT 8299  JALAN KAMPUNG, DELEK  41250 KLANG",41250,SELANGOR DARUL EHSAN.,Others,CENTRAL,CENTRAL,3.032009,101.408562,spv,1097.08,6,33062,CHCRB7,0,0,0,,,,,
CHC300D_006,PASAR MINI DARVITRA,NO:12,0,,Others,CENTRAL,CENTRAL,3.0794671,101.413472,spv,1005.62,7.8,33062,CHCRB6,5,2,0,,012-775 3182,Monday: 10:00?AM?–?7:00?PM | Tuesday: 10:00?AM?–?7:00?PM | Wednesday: 10:00?AM?–?7:00?PM | Thursday: 10:00?AM?–?7:00?PM | Friday: 10:00?AM?–?7:00?PM | Saturday: 10:00?AM?–?7:00?PM | Sunday: 10:00?AM?–?7:00?PM,https://www.facebook.com/profile.php?id=100088871498445,
CHC300D_007,KEDAI RUNCIT HIJAU DE KAMPUNG,"LOT 2249, JALAN MASJID,, KAMPUNG JENJAROM,",42600,"42600 JENJAROM,",Others,CENTRAL,CENTRAL,2.890623,101.52713,spv,237.33,1.4,33062,CHCRB10,0,0,0,,,,,
CHC300D_015,D BINTANG RESOURCES,"NO:7  JALAN 6, TAMAN PERMAI SIMPANG 3",45800,45800 JERAM  KUALA SELANGOR,Others,CENTRAL,CENTRAL,3.2248129,101.3187666,spv,293.93,1.8,33062,CHCRB5,3.3,33,2,,03-3264 0610,Monday: 6:00?AM?–?12:00?AM | Tuesday: 6:00?AM?–?12:00?AM | Wednesday: 6:00?AM?–?12:00?AM | Thursday: 6:00?AM?–?12:00?AM | Friday: 6:00?AM?–?12:00?AM | Saturday: 6:00?AM?–?12:00?AM | Sunday: 6:00?AM?–?12:00?AM,https://find.shell.com/my/fuel/10208683-shell-jeram-kuala-selangor/en_MY,
CHC300D_025,DC UNIT TRADING(KG KANCHONG DARAT),PT 1652-C,0,,Others,CENTRAL,CENTRAL,2.801899,101.493683,spv,206.34,2.2,33062,CHCRB10,0,0,0,,,,,
CHC300D_033,KEDAI RUNCIT DILA & FIRA,NO:20,0,,Others,CENTRAL,CENTRAL,3.094452,101.4077466,spv,2731.96,10.6,33062,CHCRB6,3.2,23,0,,07-283 0123,Monday: 10:00?AM?–?10:00?PM | Tuesday: 10:00?AM?–?10:00?PM | Wednesday: 10:00?AM?–?10:00?PM | Thursday: 10:00?AM?–?10:00?PM | Friday: 10:00?AM?–?10:00?PM | Saturday: 10:00?AM?–?10:00?PM | Sunday: 10:00?AM?–?10:00?PM,https://www.eco-shop.com.my/,
CHC300D_035,MANNAN SUPERMARKET SDN. BHD.,"NO:A-G-10, JALAN AMAN PERDANA 10E/KU5,, TAMAN AMAN PERDANA,",41050,"41050 KLANG,",Others,CENTRAL,CENTRAL,3.094223,101.408562,spv,222.1,3.2,33062,CHCRB6,3.2,23,0,,07-283 0123,Monday: 10:00?AM?–?10:00?PM | Tuesday: 10:00?AM?–?10:00?PM | Wednesday: 10:00?AM?–?10:00?PM | Thursday: 10:00?AM?–?10:00?PM | Friday: 10:00?AM?–?10:00?PM | Saturday: 10:00?AM?–?10:00?PM | Sunday: 10:00?AM?–?10:00?PM,https://www.eco-shop.com.my/,
CHC300D_037,PASAR MINI DIVYA,"NO:172  JALAN PANGLIMA 2, TAMAN EMAS  TELOK PANGLIMA GARANG",42500,42500 KUALA LANGAT,Others,CENTRAL,CENTRAL,2.912826,101.4737,spv,602.79,11.8,33062,CHCRB10,3.8,23,0,,07-283 0123,Monday: 10:00?AM?–?10:00?PM | Tuesday: 10:00?AM?–?10:00?PM | Wednesday: 10:00?AM?–?10:00?PM | Thursday: 10:00?AM?–?10:00?PM | Friday: 10:00?AM?–?10:00?PM | Saturday: 10:00?AM?–?10:00?PM | Sunday: 10:00?AM?–?10:00?PM,https://www.eco-shop.com.my/,
CHC300D_040,PASAR MINI DIN,"NO:49, JALAN DATO YUSOF SHAHBUDIN 28,, TAMAN SENTOSA,",41200,"41200 KLANG,",Others,CENTRAL,CENTRAL,3.007317,101.4637,spv,237.33,1.4,33062,CHCRB10,5,3,0,,018-668 0768,Monday: 11:00?AM?–?8:00?PM | Tuesday: 11:00?AM?–?8:00?PM | Wednesday: 11:00?AM?–?8:00?PM | Thursday: 11:00?AM?–?8:00?PM | Friday: 11:00?AM?–?8:00?PM | Saturday: 11:00?AM?–?8:00?PM | Sunday: 11:00?AM?–?8:00?PM,,
CHC300D_048,DEEN SUPER MART,NO.12,0,,Others,CENTRAL,CENTRAL,2.905671,101.4669,spv,375.89,11.8,33062,CHCRB10,3.5,4,0,,,Monday: 7:30?AM?–?8:00?PM | Tuesday: 7:30?AM?–?8:00?PM | Wednesday: 7:30?AM?–?8:00?PM | Thursday: 7:30?AM?–?8:00?PM | Friday: 7:30?AM?–?8:00?PM | Saturday: 7:30?AM?–?8:00?PM | Sunday: 7:30?AM?–?8:00?PM,,
CHC300D_055,MUHAMMAD HAMIZAN BIN ZAINUDIN,"NO:2  JALAN HAMZAH ALANG, KAMPUNG BUKIT KUCHING",45800,45800 JERAM,Others,CENTRAL,CENTRAL,3.272251,101.349106,spv,293.93,1.8,33062,CHCRB5,0,0,0,,,,,
CHC300D_090,DELI STORE ENTERPRISE SDN. BHD.,NO:113G,0,,Others,CENTRAL,CENTRAL,3.058833,101.505714,spv,957.21,7.4,33062,CHCRB7,5,3,0,,019-316 2400,Monday: 9:00?AM?–?9:00?PM | Tuesday: 9:00?AM?–?9:00?PM | Wednesday: 9:00?AM?–?9:00?PM | Thursday: 9:00?AM?–?9:00?PM | Friday: 9:00?AM?–?9:00?PM | Saturday: 9:00?AM?–?9:00?PM | Sunday: 9:00?AM?–?9:00?PM,https://linktr.ee/qr/c8576d4e-3202-4ac7-aa49-de7fef007a92?utm_source=qr_code,
CHC300D_111,SINAR BAHAGIA RESOURCES,"LOT 463, JALAN SUNGAI UDANG,, 41250 KLANG,",41250,,Others,CENTRAL,CENTRAL,3.2155991,101.4630877,spv,169.8,0.8,33062,CHCRB7,3.9,99,0,,03-6087 6636,Monday: 8:00?AM?–?10:00?PM | Tuesday: 8:00?AM?–?10:00?PM | Wednesday: 8:00?AM?–?10:00?PM | Thursday: 8:00?AM?–?10:00?PM | Friday: 8:00?AM?–?10:00?PM | Saturday: 8:00?AM?–?10:00?PM | Sunday: 8:00?AM?–?10:00?PM,http://www.super7.com.my/,
CHC300D_123,PAVITHRA ENTERPRISE SDN. BHD.,"NO:20  JALAN DATO DAGANG 24, DESA IDAMAN 2",41200,KLANG,Others,CENTRAL,CENTRAL,2.9975744,101.4706451,spv,2159.15,11.6,33062,CHCRB10,5,1,0,,,,,
CHC300D_138,PASARAYA DARUSSALAM SDN. BHD.,T.00-U.06  JALAN P9E/1  PRESINT 9,62250,PUTRAJAYA,Others,CENTRAL,CENTRAL,2.9414246,101.6753775,lpv,7813.91,23.2,33062,CHCRB1,5,1,0,,,Monday: 7:00?AM?–?11:00?PM | Tuesday: 7:00?AM?–?11:00?PM | Wednesday: 7:00?AM?–?11:00?PM | Thursday: 7:00?AM?–?11:00?PM | Friday: 7:00?AM?–?11:00?PM | Saturday: 7:00?AM?–?11:00?PM | Sunday: 7:00?AM?–?11:00?PM,,
CHC300D_138A,PASARAYA DARUSSALAM SDN. BHD. (PDS4),"NO:5-G  GROUND FLOOR, JALAN P16/1  PRESINT 16",62050,PUTRAJAYA,Others,CENTRAL,CENTRAL,2.92963,101.700659,spv,4131.29,4.2,33062,CHCRB11,0,0,0,,,,,
CHC300D_138B,PASARAYA DARUSSALAM SDN. BHD. (PRESINT 4),"LOT NO: K02,, KOMPLEKS LETAK KERETA BERTINGKAT PRESINT 4,",62250,"PUTRAJAYA,",Others,CENTRAL,CENTRAL,2.904274,101.682308,smt,26200.23,24.4,33062,CHCRB1,4.3,103,0,,012-895 6785,"Monday: 7:00?AM?–?11:00?PM | Tuesday: 7:00?AM?–?11:00?PM | Wednesday: 7:00?AM?–?11:00?PM | Thursday: 7:00?AM?–?11:00?PM | Friday: 7:00?AM?–?1:00?PM, 2:00?–?11:00?PM | Saturday: 7:00?AM?–?11:00?PM | Sunday: 7:00?AM?–?11:00?PM",,
CHC300D_148,PASARAYA DPP MAJU,NO:10,0,,Others,CENTRAL,CENTRAL,2.9007948,101.7068927,spv,648.69,11.6,33062,CHCRB7,4,77,0,ChIJiyXfWCfIzTERjJMhaMGXvJM,03-8920 3211,Monday: Open 24 hours | Tuesday: Open 24 hours | Wednesday: Open 24 hours | Thursday: Open 24 hours | Friday: Open 24 hours | Saturday: Open 24 hours | Sunday: Open 24 hours,,
CHC300D_198,DD FAMILY STORES,"NO:4, JALAN BP 7/11,, BANDAR BUKIT,",47100,"PUCHONG,",Others,CENTRAL,CENTRAL,2.9843357,101.6205173,spv,299.47,3.4,33062,CHCRB11,0,0,0,,,,,
CHC300D_214,PASARAYA DESA SDN. BHD.,"UNIT G05, TOWER B,, CYBER BISTARI (HYVE),",63000,"CYBERJAYA,",Others,CENTRAL,CENTRAL,2.920459,101.66131,spv,8805.94,10.6,33062,CHCRB11,3.1,20,0,,,Monday: 7:00?AM?–?11:30?PM | Tuesday: 7:00?AM?–?11:30?PM | Wednesday: 7:00?AM?–?11:30?PM | Thursday: 7:00?AM?–?11:30?PM | Friday: 7:00?AM?–?11:30?PM | Saturday: 7:00?AM?–?11:30?PM | Sunday: 7:00?AM?–?10:00?PM,https://hammad-retail-group.kleap.io/,
CHC300D_214A,PASARAYA DESA SDN. BHD.,"LOT G-12, GROUND FLOOR,, THIRD AVENUE SIGNATURE RETAIL,",63000,"JALAN TEKNOKRAT 3, CYBER 4, ",Others,CENTRAL,CENTRAL,3.0928421,101.3906273,spv,7939.65,19.6,33062,CHCRB11,0,0,0,,,,,
CHC300D_214B,PASARAYA DESA SDN. BHD.,"CONVENIENT STORE LAKE POINT RESIDENCE,, CLUB HOUSE LEVEL G,",63000,"PERSIARAN SEPANG, CYBER 11,",Others,CENTRAL,CENTRAL,3.0467251,101.6020737,spv,390.55,7.4,33062,CHCRB11,5,2,0,,,,,
CHC300E_005,KM STORE MART,"NO:129, JALAN BESAR,, 45500 TANJUNG KARANG,",45500,,Others,CENTRAL,CENTRAL,3.424858,101.173363,spv,293.93,1.8,33062,CHCRB5,0,0,0,,,,,
CHC300E_006,ECONMART SUPERMARKET (SUNGAI BERTIH) S/B,NO.213-221,0,,Others,CENTRAL,CENTRAL,3.0375369,101.4247026,smt,52272.99,27.6,33062,CHCRB9,3.9,747,0,,03-3371 6731,Monday: 9:30?AM?–?10:00?PM | Tuesday: 9:30?AM?–?10:00?PM | Wednesday: 9:30?AM?–?10:00?PM | Thursday: 9:30?AM?–?10:00?PM | Friday: 9:30?AM?–?10:00?PM | Saturday: 9:30?AM?–?10:00?PM | Sunday: 9:30?AM?–?10:00?PM,,
CHC300E_011,CHOP ENG HONG,S-36,0,,Others,CENTRAL,CENTRAL,2.8790696,101.4936197,spv,348.4,5.8,33062,CHCRB10,4,41,0,,03-3191 3340,Monday: 6:30?AM?–?6:00?PM | Tuesday: 6:30?AM?–?6:00?PM | Wednesday: 6:30?AM?–?6:00?PM | Thursday: 6:30?AM?–?6:00?PM | Friday: 6:30?AM?–?6:00?PM | Saturday: 6:30?AM?–?6:00?PM | Sunday: Closed,,
CHC300E_013,ENG LEE,LOT 4696,0,,Others,CENTRAL,CENTRAL,3.672793,100.984688,spv,293.93,1.8,33062,CHCRB5,0,0,0,,,,,
CHC300E_015,PASARAYA EKONOMI KAPAR,"NO:11  LINTANG DATO TAHIR SATU, TAMAN KAPAR",42200,42200 KAPAR,Others,CENTRAL,CENTRAL,3.137775,101.375519,spv,293.93,1.8,33062,CHCRB5,5,4,0,,016-659 6183,Monday: 9:00?AM?–?7:00?AM | Tuesday: 9:00?AM?–?7:00?PM | Wednesday: 9:00?AM?–?7:00?PM | Thursday: 9:00?AM?–?7:00?PM | Friday: 9:00?AM?–?7:00?PM | Saturday: 9:00?AM?–?7:00?PM | Sunday: Closed,,
CHC300E_016,ECONMART (SENTOSA) SDN BHD,"NO.20-30 JALAN DATO YUSOF, SHAHBUDIN 30",41200,TAMAN SENTOSA,Others,CENTRAL,CENTRAL,3.0105712,101.466614,smt,59895.52,25.8,33062,CHCRB9,3.9,971,0,,03-5162 1300,Monday: 8:30?AM?–?9:00?PM | Tuesday: 8:30?AM?–?9:00?PM | Wednesday: 8:30?AM?–?9:00?PM | Thursday: 8:30?AM?–?9:00?PM | Friday: 8:30?AM?–?9:00?PM | Saturday: 8:30?AM?–?9:00?PM | Sunday: 8:30?AM?–?9:00?PM,,
CHC300E_017,TAN HO TIAP,"NO:457  BATU 5, SAWAH SEMPADAN",45500,TANJUNG KARANG,Others,CENTRAL,CENTRAL,3.4277708,101.2126647,spv,644.14,2.6,33062,CHCRB5,0,0,0,,,,,
CHC300E_019,ENG HUAT,"NO:49A  KAMPUNG TELOK GONG, 42000 PORT KLANG",42000,SELANGOR DARUL EHSAN.,Others,CENTRAL,CENTRAL,2.943837,101.3781,spv,180.73,1.2,33062,CHCRB10,0,0,0,,,,,
CHC300E_021,YONG LOON TRADING,"NO:75  JALAN RIA  SEKINCHAN, 45400 SEKINCHAN",0,SELANGOR DARUL EHSAN.,Others,CENTRAL,CENTRAL,3.508505,101.1027631,lpv,1741.13,3.8,33062,CHCRB5,0,0,0,,,,,
CHC300E_022,CHOP ENG HUAT,"NO:184, MAIN STREET,, 45500 TANJUNG KARANG,",45500,,Others,CENTRAL,CENTRAL,3.424549,101.179077,spv,293.93,1.8,33062,CHCRB5,0,0,0,,,,,
CHC300E_023,KEDAI RUNCIT ENG HONG LONG,NO:8,0,,Others,CENTRAL,CENTRAL,3.083969,101.410538,spv,562.52,7.8,33062,CHCRB6,5,2,0,,012-775 3182,Monday: 10:00?AM?–?7:00?PM | Tuesday: 10:00?AM?–?7:00?PM | Wednesday: 10:00?AM?–?7:00?PM | Thursday: 10:00?AM?–?7:00?PM | Friday: 10:00?AM?–?7:00?PM | Saturday: 10:00?AM?–?7:00?PM | Sunday: 10:00?AM?–?7:00?PM,https://www.facebook.com/profile.php?id=100088871498445,
CHC300E_030,ENG MAY TRADING,NO:272C,0,,Others,CENTRAL,CENTRAL,2.6611685,101.559821,spv,994.2,5.6,33062,CHCRB10,0,0,0,,,,,
CHC300E_032,ENG TA TRADING,NO:53,0,,Others,CENTRAL,CENTRAL,3.1399519,101.3790022,whs,107.82,1.2,33062,CHCRB9,4.1,14,0,ChIJFfqhBT5XzDERWRsOWf7pPv8,03-3259 3606,Monday: 8:30?AM?–?6:00?PM | Tuesday: 8:30?AM?–?6:00?PM | Wednesday: 8:30?AM?–?6:00?PM | Thursday: 8:30?AM?–?6:00?PM | Friday: 8:30?AM?–?6:00?PM | Saturday: 8:30?AM?–?6:00?PM | Sunday: Closed,,
CHC300E_045,ECONSMART DC SDN. BHD.,"LOT 13256  KM2, PERSIARAN HAMZAH ALANG",42200,KAPAR,Others,CENTRAL,CENTRAL,3.1361,101.421761,smt,400476.14,14.6,33062,CHCRB9,3.7,429,0,,012-998 6753,Monday: 8:00?AM?–?10:00?PM | Tuesday: 8:00?AM?–?10:00?PM | Wednesday: 8:00?AM?–?10:00?PM | Thursday: 8:00?AM?–?10:00?PM | Friday: 8:00?AM?–?10:00?PM | Saturday: 8:00?AM?–?10:00?PM | Sunday: 8:00?AM?–?10:00?PM,http://segigroup.com/,
CHC300E_052,ECO FRESH MART ENTERPRISE,"CRISTAL SERIN RESIDENCE, JALAN FAUNA 1",63000,CYBERJAYA,Others,CENTRAL,CENTRAL,2.9187214,101.6458776,spv,2068.08,11.8,33062,CHCRB11,4.5,6,0,,017-755 2195,Monday: Open 24 hours | Tuesday: Open 24 hours | Wednesday: Open 24 hours | Thursday: Open 24 hours | Friday: Open 24 hours | Saturday: Open 24 hours | Sunday: Open 24 hours,,
CHC300E_054,CHOP ENG SENG HENG,"NO:127, BATU 13 1/2,, KAPAR, 42200 KLANG,",42200,SELANGOR DARUL EHSAN.,Others,CENTRAL,CENTRAL,3.152255,101.335037,spv,293.93,1.8,33062,CHCRB5,0,0,0,,,,,
CHC300E_055,PASARAN EKONOMI MAJU JAYA,"NO:73  JALAN BESAR, PEKAN PARIT BARU",45100,45100 SUNGAI AIR TAWAR,Others,CENTRAL,CENTRAL,3.8202116,100.8444932,spv,924.89,2.4,33062,CHCRB5,0,0,0,,,,,
CHC300E_057,PASARAYA EKONOMI KAPAR (2),"NO:61 & 63  BATU 10???, JALAN HAJI ABDUL SAMAT",42200,KAPAR INDUSTRIAL PARK,Others,CENTRAL,CENTRAL,3.132587,101.3754277,spv,237.33,2,33062,CHCRB5,4.2,206,0,,010-239 3022,Monday: 7:00?AM?–?12:00?AM | Tuesday: 7:00?AM?–?12:00?AM | Wednesday: 7:00?AM?–?12:00?AM | Thursday: 7:00?AM?–?12:00?AM | Friday: 7:00?AM?–?12:00?AM | Saturday: 7:00?AM?–?12:00?AM | Sunday: 7:00?AM?–?12:00?AM,https://m.facebook.com/pages/Asia-Mart/557646841346478,
CHC300E_059,EXCEL BIG BULK TRADING SDN. BHD.,"NO:2, JALAN TPP8,, TAMAN PERINDUSTRIAN PUTRA,",47130,"47130 PUCHONG, SELANGOR D.E.",Others,CENTRAL,CENTRAL,2.9560193,101.5855665,whs,0,0,33062,CHCRBGEN,0,0,0,,,,,
CHC300E_081,ENG LEE TRADING,"NO:36K, MAIN STREET,",42940,"PULAU KETAM,",Others,CENTRAL,CENTRAL,3.020748,101.253128,spv,675.57,7.8,33062,CHCRB10,0,0,0,,,,,
CHC300E_088,88 GROCER SDN. BHD.,"NO:40 & 42  JALAN FLORA 1/1, BANDAR RIMBAYU (BLOSSOM SQUARE)",42500,42500 TELOK PANGLIMA GARANG,Others,CENTRAL,CENTRAL,2.932969,101.5469779,spv,922.38,6.6,33062,CHCRB10,5,1,0,,019-273 5532,Monday: 9:00?AM?–?9:00?PM | Tuesday: 9:00?AM?–?9:00?PM | Wednesday: 9:00?AM?–?9:00?PM | Thursday: 9:00?AM?–?9:00?PM | Friday: 9:00?AM?–?9:00?PM | Saturday: 9:00?AM?–?9:00?PM | Sunday: 9:00?AM?–?9:00?PM,https://gemilangmaju.com/,
CHC300E_126,810 SPEEDMART SDN. BHD.,"NO:43 & 45, JALAN SRI RAMPAI 45/26,, TAMAN SRI RAMPAI, SETAPAK,",53300,KUALA LUMPUR.,Others,CENTRAL,CENTRAL,3.1950425,101.7325869,con,0,0,33062,CHCRBGEN,0,0,0,,,,,
CHC300E_127,EZ STOP GROCER ENTERPRISE,"LEVEL 7A BLOCK D & E MUTIARA VILLE, PERSIARAN SEPANG CYBER 11",63000,CYBERJAYA,Others,CENTRAL,CENTRAL,2.9232977,101.6340244,spv,293.93,2,33062,CHCRB11,4.4,1960,0,,03-2726 2466,Monday: 10:00?AM?–?10:00?PM | Tuesday: 10:00?AM?–?10:00?PM | Wednesday: 10:00?AM?–?10:00?PM | Thursday: 10:00?AM?–?10:00?PM | Friday: 10:00?AM?–?10:00?PM | Saturday: 10:00?AM?–?10:00?PM | Sunday: 10:00?AM?–?10:00?PM,https://villagegrocer.com.my/,
CHC300E_133,ELEVEN TWELVE TRADING SDN. BHD.,"NAUTICA LAKE SUITES, GROUND FLOOR SUNWAY SOUTH QUAY",47500,NO:2JALAN TASIK SELATAN BANDAR SUNWAY,Others,CENTRAL,CENTRAL,3.060654,101.608398,spv,295.05,3.6,33062,CHCRB11,4.4,289,0,,03-5611 3366,Monday: 10:00?AM?–?10:00?PM | Tuesday: 10:00?AM?–?10:00?PM | Wednesday: 10:00?AM?–?10:00?PM | Thursday: 10:00?AM?–?10:00?PM | Friday: 10:00?AM?–?10:00?PM | Saturday: 10:00?AM?–?10:00?PM | Sunday: 10:00?AM?–?10:00?PM,https://www.instagram.com/shinsunmimalaysia,
CHC300E_157,EURO-TREND PROPERTY (M) SDN. BHD.,"NO:26-1  JALAN PERDANA 4, TAMAN SEGAR PERDANA",43200,CHERAS,Others,CENTRAL,CENTRAL,3.0917988,101.7630542,spv,333.79,4,33062,CHCRB7,0,0,0,,,,,
CHC300E_158,EDENS GROCER,"NO:32, JALAN ECO SANCTUARI, 8/2A ECO SANCTUARI,",42500,"TELUK PANGLIMA GARANG,",Others,CENTRAL,CENTRAL,2.9466384,101.5427571,spv,425.62,9.2,33062,CHCRB10,4.4,21,0,,018-240 6786,Monday: 8:30?AM?–?11:30?PM | Tuesday: 8:30?AM?–?11:30?PM | Wednesday: 8:30?AM?–?11:30?PM | Thursday: 8:30?AM?–?11:30?PM | Friday: 8:30?AM?–?11:30?PM | Saturday: 8:30?AM?–?12:30?AM | Sunday: 8:30?AM?–?11:30?PM,http://rrminimart.my.canva.site/,
CHC300E_262,88 BIGFRESH PLT,"NO:25  JALAN SP 3/9, TAMAN SAUJANA PUCHONG",47100,PUCHONG,Others,CENTRAL,CENTRAL,2.9902438,101.6400478,spv,237.33,1.8,33062,CHCRB11,0,0,0,,012-328 5595,Monday: 8:00?AM?–?8:00?PM | Tuesday: 8:00?AM?–?8:00?PM | Wednesday: 8:00?AM?–?8:00?PM | Thursday: 8:00?AM?–?8:00?PM | Friday: 8:00?AM?–?8:00?PM | Saturday: 8:00?AM?–?8:00?PM | Sunday: 8:00?AM?–?8:00?PM,https://www.facebook.com/malmartmarket/,
CHC300E_267,ECO-SHOP MARKETING SDN. BHD.,"NO:1, JALAN TUN TEJA 3,, PERDANA INDUSTRIAL PARK,",42000,"KLANG,",ECOSHOP,CENTRAL,CENTRAL,3.0482261,101.3831067,minika,1156411.95,23.6,33062,CHCRBGEN,0,0,0,,,,,TRUE
CHC300E_276,ELAF FOOD SDN. BHD.,"NO:16, JALAN ECO PERINDUSTRIAN, 1/5C, ECO BUSINESS PARK,",42300,"42300 BANDAR PUNCAK ALAM,",Others,CENTRAL,CENTRAL,3.0927696,101.3906079,spv,237.33,1.6,33062,CHCRB6,0,0,0,,,,,
CHC300E_278,EFM VENTURES,"ECO FRESH MART,, 10TH FLOOR, MENARA ECLIPSE 2,",63000,"PERSIARAN MULTIMEDIA, CYBER 11,",Others,CENTRAL,CENTRAL,2.924267,101.635332,spv,3568.03,14.8,33062,CHCRB11,0,0,0,,,,,
CHC300E_283,EZ POINT,"NO:33-G, GIVEMY WALK,, JALAN SUNSURIA 3,",43900,"BANDAR SUNSURIA,",Others,CENTRAL,CENTRAL,2.838931,101.705496,spv,293.93,2,33062,CHCRB11,0,0,0,,,,,
CHC300F_003,IZDIHAR HASIF ENTERPRISE,"LOT 1080 JALAN RANTAU PANJANG, 42100 KLANG",42100,SELANGOR DARUL EHSAN.,Others,CENTRAL,CENTRAL,3.0575734,101.4082436,spv,237.33,1.4,33062,CHCRB10,0,0,0,,,,,
CHC300F_009,PASAR MINI FAIRPRICE,NO. 10,0,,Others,CENTRAL,CENTRAL,3.003795,101.46592,spv,987.26,5.2,33062,CHCRB10,5,10,0,,010-257 4232,Monday: 9:00?AM?–?12:00?AM | Tuesday: 9:00?AM?–?12:00?AM | Wednesday: 9:00?AM?–?12:00?AM | Thursday: 9:00?AM?–?12:00?AM | Friday: 9:00?AM?–?12:00?AM | Saturday: 9:00?AM?–?12:00?AM | Sunday: 9:00?AM?–?12:00?AM,,
CHC300F_010,PASARAYA FT,"C-01-04 & C-01-06  JALAN SM 1, SUBANG MAS",43200,43200 SUBANG JAYA,Others,CENTRAL,CENTRAL,3.0545035,101.5579228,spv,376.67,9.2,33062,CHCRB11,0,0,0,,,,,
CHC300F_019,FAFAZA ENTERPRISE,"LOT 552  BATU 22 ???, JALAN DURIAN  KANCHONG DARAT",42700,42700 BANTING,Others,CENTRAL,CENTRAL,2.79017,101.4856,spv,2842.03,14,33062,CHCRB10,4.9,7,0,,011-7072 7321,Monday: Closed | Tuesday: 8:00?AM?–?5:00?PM | Wednesday: 8:00?AM?–?5:00?PM | Thursday: 8:00?AM?–?5:00?PM | Friday: 8:00?AM?–?5:00?PM | Saturday: 8:00?AM?–?5:00?PM | Sunday: 8:00?AM?–?5:00?PM,,
CHC300F_021,ALI SHOPPING CENTRE SDN. BHD.,"NO:17 JALAN 17/19, 40000 SHAH ALAM",40000,SELANGOR DARUL EHSAN.,Others,CENTRAL,CENTRAL,3.046164,101.504227,spv,262.89,4,33062,CHCRB7,0,0,0,,,,,
CHC300F_023,YG MART,"NO:1  JALAN BACANG 17, TAMAN SRI JARAM",42600,42600 KUALA LANGAT,Others,CENTRAL,CENTRAL,2.8717294,101.4944836,spv,705.15,5.6,33062,CHCRB10,0,0,0,,,,,
CHC300F_030,FATT CHAI MINI MARKET,NO:10,0,,Others,CENTRAL,CENTRAL,2.636096,101.70913,spv,730.85,7.8,33062,CHCRB1,0,0,0,,,,,
CHC300F_034,CHOP FONG HWANG,"NO:4  JALAN CEMPAKA, PEKAN BARU BANTING",42700,42700 BANTING,Others,CENTRAL,CENTRAL,2.8113088,101.5015386,spv,394.71,11.2,33062,CHCRB10,0,0,0,,,,,
CHC300F_041,PASAR MINI A M,"NO:1  JALAN 6/1F, 40000 SHAH ALAM",0,SELANGOR DARUL EHSAN.,Others,CENTRAL,CENTRAL,3.082806,101.507111,spv,950.31,7.4,33062,CHCRB7,0,0,0,,,,,
CHC300F_067,FOOK AN MEDICAL HALL,"NO:361-362, JALAN SELESA,, HAPPY GARDEN,",58200,"OFF JALAN KUCHAI LAMA,",Others,CENTRAL,CENTRAL,3.0845522,101.6817094,cmh,0,0,33062,CHCRBGEN,0,0,0,,,,,
CHC300F_086,MY AL MADEENA ENTERPRISE,"NO:2, JALAN REJANG 24/8,, SEKSYEN 24,",40300,"SHAH ALAM,",Others,CENTRAL,CENTRAL,3.0410835,101.5143162,spv,293.93,2,33062,CHCRB7,4.1,14,0,,,Monday: 8:00?AM?–?10:00?PM | Tuesday: 8:00?AM?–?10:00?PM | Wednesday: 8:00?AM?–?10:00?PM | Thursday: 8:00?AM?–?10:00?PM | Friday: 8:00?AM?–?10:00?PM | Saturday: 8:00?AM?–?10:00?PM | Sunday: 8:00?AM?–?10:00?PM,,
CHC300F_089,PASARAYA FAISAL,LOT NO:1232  BT-11 KAMPUNG SUNGAI SERAI,43100,HULU LANGAT,Others,CENTRAL,CENTRAL,3.096003,101.798167,lpv,16261.41,10,33062,CHCRB7,4,358,0,,,Monday: 10:30?AM?–?10:00?PM | Tuesday: 10:30?AM?–?10:00?PM | Wednesday: 10:30?AM?–?10:00?PM | Thursday: 10:30?AM?–?10:00?PM | Friday: 10:30?AM?–?10:00?PM | Saturday: 10:00?AM?–?10:00?PM | Sunday: 10:00?AM?–?10:00?PM,,
CHC300F_090,FAMILY PHARMACY SDN. BHD.,"NO:6  LORONG BATU NILAM 21B, BANDAR BUKIT TINGGI 2",41200,KLANG,Others,CENTRAL,CENTRAL,2.9986283,101.4418578,oth,1795.03,9.8,33062,CHCRB10,5,1,0,,016-269 6988,Monday: 8:30?AM?–?8:00?PM | Tuesday: 8:30?AM?–?8:00?PM | Wednesday: 8:30?AM?–?8:00?PM | Thursday: 8:30?AM?–?8:00?PM | Friday: 8:30?AM?–?8:00?PM | Saturday: 8:30?AM?–?8:00?PM | Sunday: 8:30?AM?–?8:00?PM,,
CHC300F_097,FORTY NINE QUICK MART,188B(GROUND FLOOR),0,,Others,CENTRAL,CENTRAL,3.0705366,101.4415077,spv,237.33,1.6,33062,CHCRB6,4.3,7,0,ChIJAz--NYZUzDERhCkG60ztrX4,03-3343 6792,Monday: 8:00?AM?–?8:00?PM | Tuesday: 8:00?AM?–?8:00?PM | Wednesday: 8:00?AM?–?8:00?PM | Thursday: 8:00?AM?–?8:00?PM | Friday: 8:00?AM?–?8:00?PM | Saturday: 8:00?AM?–?8:00?PM | Sunday: 8:00?AM?–?8:00?PM,,
CHC300F_100,PASARAYA KT,"NO:43-G & 43-1  45-G, TAMAN SEJATI  IJOK",45600,45600 BESTARI JAYA,Others,CENTRAL,CENTRAL,3.313886,101.410835,spv,293.93,1.8,33062,CHCRB5,4.1,50,0,,07-283 0123,Monday: 10:00?AM?–?10:00?PM | Tuesday: 10:00?AM?–?10:00?PM | Wednesday: 10:00?AM?–?10:00?PM | Thursday: 10:00?AM?–?10:00?PM | Friday: 10:00?AM?–?10:00?PM | Saturday: 10:00?AM?–?10:00?PM | Sunday: 10:00?AM?–?10:00?PM,http://www.eco-shop.com.my/,
CHC300F_120,TIAN YANG FOOD SDN. BHD.,"NO:55, JALAN BAYU TINGGI 7/KS6,, BATU UNJUR,",41200,"KLANG,",Others,CENTRAL,CENTRAL,3.015128,101.429977,whs,98.31,1,33062,CHCRB9,3.5,2,0,,012-753 9154,Monday: 8:00?AM?–?8:00?PM | Tuesday: 8:00?AM?–?8:00?PM | Wednesday: 8:00?AM?–?8:00?PM | Thursday: 8:00?AM?–?8:00?PM | Friday: 8:00?AM?–?8:00?PM | Saturday: 8:00?AM?–?8:00?PM | Sunday: 8:00?AM?–?8:00?PM,,
CHC300F_142,59 SPEED MART,"LOT 1632 (BWH), JALAN SUNGAI LIMAU MEDAN",45300,SUNGAI BESAR,Others,CENTRAL,CENTRAL,3.6730266,100.9873171,spv,293.93,1.8,33062,CHCRB5,0,0,0,,,,,
CHC300F_148,NINETEEN SPEED FRESHMART,"NO:17, JALAN PERLING 2,, PANTAI SEPANG PUTRA,",43950,"SUNGAI PELEK,",Others,CENTRAL,CENTRAL,2.624474,101.707569,spv,29.04,13.8,33062,CHCRB1,0,0,0,,,,,
CHC300F_149,F&G GROCER PLT,"NO:19-G, JALAN TEMENGGUNG 3/9,, BANDAR MAHKOTA CHERAS,",43200,"KAJANG,",Others,CENTRAL,CENTRAL,3.0507535,101.7876282,spv,6907.68,10,33062,CHCRB2,4.3,17,0,,012-651 7064,Monday: Closed | Tuesday: 7:00?AM?–?4:00?PM | Wednesday: 7:00?AM?–?4:00?PM | Thursday: 7:00?AM?–?4:00?PM | Friday: 7:00?AM?–?4:00?PM | Saturday: 7:00?AM?–?4:00?PM | Sunday: 7:00?AM?–?4:00?PM,https://m.me/ddfreshmeat?ref=w13673615,
CHC300F_153,NOORLIZAWATI MAJU ENTERPRISE,"NO:4, LORONG GOPENG,, OFF JALAN GOH HOCK HUAT,",41400,"41400 KLANG,",Others,CENTRAL,CENTRAL,3.0512023,101.4466835,spv,2144.42,11.4,33062,CHCRB6,3.9,46,0,,03-3362 3793,Monday: 8:00?AM?–?9:00?PM | Tuesday: 8:00?AM?–?9:00?PM | Wednesday: 8:00?AM?–?9:00?PM | Thursday: 8:00?AM?–?9:00?PM | Friday: 8:00?AM?–?9:00?PM | Saturday: 8:00?AM?–?9:00?PM | Sunday: 8:00?AM?–?9:00?PM,,
CHC300F_159,FARMERS GREEN HOUSE SDN. BHD.,"NO:4, JALAN 6/11,, KAMPUNG TASEK TAMBAHAN,",68000,"AMPANG,",Others,CENTRAL,CENTRAL,3.0466239,101.6452,spv,1270.4,6.8,33062,CHCRB11,3.9,41,0,,03-8082 4941,Monday: 7:30?AM?–?9:30?PM | Tuesday: 7:30?AM?–?9:30?PM | Wednesday: 7:30?AM?–?9:30?PM | Thursday: 7:30?AM?–?9:30?PM | Friday: 7:30?AM?–?9:30?PM | Saturday: 7:30?AM?–?9:30?PM | Sunday: 7:30?AM?–?9:30?PM,,
CHC300F_171,FARMASI ARIV VISION (BANDAR PUTERA 2),"NO:15, JALAN KEBUN NENAS 3B/KS8,, BANDAR PUTERA 2,",41200,"KLANG,",Others,CENTRAL,CENTRAL,2.979743,101.501282,spv,969.98,7.4,33062,CHCRB10,0,0,0,,,,,
CHC300F_173,FRATERNITY ENTERPRISE,"KEDAI SERBANEKA, KOMPLEKS RAWATAN, HARIAN(ACC), HOSPITAL TENGKU AMPUAN",42100,"RAHIMAH (HTAR), JALAN LANGAT,",Others,CENTRAL,CENTRAL,3.0646688,101.4468258,spv,16620.37,9.8,33062,CHCRB10,0,0,0,,,,,
CHC300F_180,FRESCA MARKETING SDN. BHD.,"NO: 01-02 & 01-03,, SELANGORKU PR1MA LAKEFRONT HOMES,",63000,"PERSIARAN SEPANG, CYBER 11,",Others,CENTRAL,CENTRAL,2.929024,101.630302,spv,293.93,2,33062,CHCRB11,3.4,5,0,,018-905 3585,Monday: 6:30?AM?–?11:00?PM | Tuesday: 6:30?AM?–?11:00?PM | Wednesday: 6:30?AM?–?11:00?PM | Thursday: 6:30?AM?–?11:00?PM | Friday: 6:30?AM?–?11:00?PM | Saturday: 6:30?AM?–?11:00?PM | Sunday: 6:30?AM?–?11:00?PM,https://www.instagram.com/fresca.marketing?igsh=OHV4MjU0MjljajJt,
CHC300F_197,FENG LI TRADING,"LEVEL 9 CAFÉ & CONVENIENCE SHOP 10,, JALAN SEKSYEN 2/2, BATU 11 CHERAS,",43200,"CHERAS,",Others,CENTRAL,CENTRAL,3.0655262,101.4162209,spv,293.93,2.2,33062,CHCRB7,4.3,12,0,,014-210 8548,,,
CHC300F_200,PASARAYA F&T,"C-01-04 & 06, JALAN SM 1,, TAMAN SUBANG MAS,",47620,SUBANG JAYA ,Others,CENTRAL,CENTRAL,3.0378906,101.6182103,spv,882.41,4,33062,CHCRB11,0,0,0,,,,,
CHC300G_006,KEDAI RUNCIT GEMARAN RAMAI,"NO:227  JALAN SATU  KAW 2, TAMAN SRI ANDALAS",41200,41200 KLANG,Others,CENTRAL,CENTRAL,3.011649,101.453226,spv,639.66,5.2,33062,CHCRB6,3.4,10,0,,016-239 1289,Monday: 7:30?AM?–?10:30?PM | Tuesday: 7:30?AM?–?10:30?PM | Wednesday: 7:30?AM?–?10:30?PM | Thursday: 7:30?AM?–?10:30?PM | Friday: 7:30?AM?–?10:30?PM | Saturday: 7:30?AM?–?10:30?PM | Sunday: 7:30?AM?–?10:30?PM,,
CHC300G_010,G.U.S. (SUNGEI PELEK) SDN. BHD.,NO:18,0,,Others,CENTRAL,CENTRAL,2.640684,101.714462,lpv,27029.25,26.2,33062,CHCRB1,0,0,0,,,,,
CHC300G_012,GQ SERVICES & RESOURCES,NO:10,0,,Others,CENTRAL,CENTRAL,2.8556105,101.6841082,spv,476.17,4.2,33062,CHCRB11,4.2,49,0,,03-3362 6863,Monday: 10:00?AM?–?10:00?PM | Tuesday: 10:00?AM?–?10:00?PM | Wednesday: 10:00?AM?–?10:00?PM | Thursday: 10:00?AM?–?10:00?PM | Friday: 10:00?AM?–?10:00?PM | Saturday: 10:00?AM?–?10:00?PM | Sunday: 10:00?AM?–?10:00?PM,http://www.99speedmart.com.my/,
CHC300G_018,GELOMBANG BIRU MINI MARKET,NO.9,0,,Others,CENTRAL,CENTRAL,2.995497,101.476524,spv,237.33,1.4,33062,CHCRB10,4.1,43,0,,,Monday: 9:00?AM?–?7:00?PM | Tuesday: 9:00?AM?–?7:00?PM | Wednesday: 9:00?AM?–?7:00?PM | Thursday: 9:00?AM?–?7:00?PM | Friday: 9:00?AM?–?7:00?PM | Saturday: 9:00?AM?–?7:00?PM | Sunday: 9:00?AM?–?7:00?PM,,
CHC300G_020,G.U.S. (TELOK) SDN BHD,"NO.116-124 JALAN UTAMA 2, TAMAN JAYA UTAMA",42500,TELOK PANGLIMA GARANG,Others,CENTRAL,CENTRAL,2.9117587,101.4722522,lpv,46302.45,30,33062,CHCRB1,4,316,0,,019-937 4854,Monday: 9:30?AM?–?9:30?PM | Tuesday: 9:30?AM?–?9:30?PM | Wednesday: 9:30?AM?–?9:30?PM | Thursday: 9:30?AM?–?9:30?PM | Friday: 9:30?AM?–?9:30?PM | Saturday: 9:30?AM?–?9:30?PM | Sunday: 9:30?AM?–?9:30?PM,https://m.facebook.com/pages/Pasaraya-Grand-Union/297014034239161,
CHC300G_024,PASAR MINI GH,"NO:173  JALAN KILANG PADI, 45500 TANJUNG KARANG",45500,SELANGOR DARUL EHSAN.,Others,CENTRAL,CENTRAL,3.427672,101.1776514,spv,2769.45,7.6,33062,CHCRB5,0,0,0,,,,,
CHC300G_037,KEDAI UBAT DAN RUNCIT GIN ONN,NO:81,0,,Others,CENTRAL,CENTRAL,3.028632,101.441009,cmh,988.16,10.8,33062,CHCRB10,0,0,0,,,,,
CHC300G_047,GREAT PHARMACY SDN. BHD.,"NO:32, JALAN BPU 1,, BANDAR PUCHONG UTAMA,",47100,"PUCHONG,",Others,CENTRAL,CENTRAL,2.994704,101.620696,spv,293.93,2,33062,CHCRB11,4.2,1928,0,,,Monday: 8:00?AM?–?10:00?PM | Tuesday: 8:00?AM?–?10:00?PM | Wednesday: 8:00?AM?–?10:00?PM | Thursday: 8:00?AM?–?10:00?PM | Friday: 8:00?AM?–?10:00?PM | Saturday: 8:00?AM?–?10:00?PM | Sunday: 8:00?AM?–?10:00?PM,http://heromarket.com.my/,
CHC300G_053,G.U.S. (TG SEPAT) SDN. BHD.,NO:55-71,0,,Others,CENTRAL,CENTRAL,2.658572,101.566994,lpv,16934.47,19.6,33062,CHCRB1,0,0,0,,,,,
CHC300G_073,STAR GROCER SDN. BHD. - PUCHONG,"LEVEL LG, NO:48-54, JALAN TK 1/11C,, TAMAN KINRARA, SEKSYEN 1,",47180,"PUCHONG,",STARGROCER,CENTRAL,CENTRAL,3.0631541,101.6465301,lpv,15943.29,17,33062,CHCRB1,4,1057,0,,,Monday: 8:00?AM?–?10:00?PM | Tuesday: 8:00?AM?–?10:00?PM | Wednesday: 8:00?AM?–?10:00?PM | Thursday: 8:00?AM?–?10:00?PM | Friday: 8:00?AM?–?10:00?PM | Saturday: 8:00?AM?–?10:00?PM | Sunday: 8:00?AM?–?10:00?PM,https://www.facebook.com/stargrocersb/photos/address-level-lg-no-48-49-50-51-52-53-54jalan-tk-111ctaman-kinrara-seksyen-14710/725232461251332/,
CHC300G_083,GLENNS GROCER PLT,"G-B10A  UTROPOLIS MARKETPLACE, U1/14  GLENMARIE",40150,,Others,CENTRAL,CENTRAL,3.0904336,101.5598824,spv,336.94,3.6,33062,CHCRB7,0,0,0,,,,,
CHC300G_103,GROCER ROSWEL RESOURCES SDN. BHD.,NO:25G & 26G,0,,Others,CENTRAL,CENTRAL,2.9164833,101.650111,spv,511.9,13.4,33062,CHCRB11,4.8,17,0,,011-2110 0664,Monday: 10:00?AM?–?12:00?AM | Tuesday: 10:00?AM?–?12:00?AM | Wednesday: 10:00?AM?–?12:00?AM | Thursday: 10:00?AM?–?12:00?AM | Friday: 10:00?AM?–?12:00?AM | Saturday: 10:00?AM?–?12:00?AM | Sunday: 10:00?AM?–?12:00?AM,https://www.nuralmadeenah.com/,
CHC300G_117,GM RIA MART SDN. BHD.,"B-G-162 GROUND FLOOR BLOCK B, GM KLANG WHOLESALE CITY JALAN KASUARINA 1",41200,BANDAR BOTANIC CAPITAL 41200 KLANG.,Others,CENTRAL,CENTRAL,2.9907313,101.4503606,spv,237.33,1.4,33062,CHCRB10,0,0,0,,,,,
CHC300G_137,GLOBAL FOOD MERCHANT HOLDINGS SDN. BHD.,"D-1-5, SUNWAY NEXIS,, NO:1, JALAN PJU 5/1, KOTA DAMANSARA,",47810,"PETALING JAYA,",TFP,CENTRAL,CENTRAL,3.1536399,101.594767,smt,261672.92,221,33062,CHCRB6,4.3,16,0,,013-218 7733,Monday: 9:30?AM?–?10:30?PM | Tuesday: 9:30?AM?–?10:30?PM | Wednesday: 9:30?AM?–?10:30?PM | Thursday: 9:30?AM?–?10:30?PM | Friday: 9:30?AM?–?10:30?PM | Saturday: 9:30?AM?–?10:30?PM | Sunday: 9:30?AM?–?10:30?PM,https://xychinacity.com/,
CHC300G_138,GM GROCER SENTOSA,"NO:18G &20G, JALAN BENDAHARA 8,, TAMAN SRI SENTOSA JAYA,",41200,"KLANG,",Others,CENTRAL,CENTRAL,3.0109233,101.4685127,spv,237.33,1.4,33062,CHCRB10,3.9,971,0,,03-5162 1300,Monday: 8:30?AM?–?9:00?PM | Tuesday: 8:30?AM?–?9:00?PM | Wednesday: 8:30?AM?–?9:00?PM | Thursday: 8:30?AM?–?9:00?PM | Friday: 8:30?AM?–?9:00?PM | Saturday: 8:30?AM?–?9:00?PM | Sunday: 8:30?AM?–?9:00?PM,,
CHC300G_150,GONG MARIAM ENTERPRISE,"NO:20-1, JALAN ECO MAJESTIC 9/1B,, ECO MAJESTIC,",43500,"SEMENYIH,",Others,CENTRAL,CENTRAL,2.9017846,101.8380698,pms,1048.47,4.8,33062,CHCRB7,5,4,0,,012-728 8148,Monday: 10:00?AM?–?10:00?PM | Tuesday: 10:00?AM?–?10:00?PM | Wednesday: 10:00?AM?–?10:00?PM | Thursday: 10:00?AM?–?10:00?PM | Friday: 10:00?AM?–?10:00?PM | Saturday: 10:00?AM?–?10:00?PM | Sunday: 10:00?AM?–?10:00?PM,,
CHC300G_151,GK WHOLESALE & RETAIL SDN. BHD.,"NO:77 JALAN SETIA GEMILANG BG, U13/BG, SETIA ALAM,",40170,"SHAH ALAM, ",Others,CENTRAL,CENTRAL,3.1275582,101.4694542,spv,229.41,2,33062,CHCRB6,5,1,0,,012-231 6831,Monday: 9:00?AM?–?5:00?PM | Tuesday: 9:00?AM?–?5:00?PM | Wednesday: 9:00?AM?–?5:00?PM | Thursday: 9:00?AM?–?5:00?PM | Friday: 9:00?AM?–?5:00?PM | Saturday: 9:00?AM?–?5:00?PM | Sunday: 9:00?AM?–?5:00?PM,,
CHC300G_153,GET GO MART,"NO:6, JALAN SELAMPIT 29,, TAMAN KLANG JAYA,",41200,"KLANG,",Others,CENTRAL,CENTRAL,3.008002,101.446053,spv,686.32,6,33062,CHCRB6,0,0,0,,,,,
CHC300G_157,GEENA MAJU VENTURE,"NO:16, JALAN ZAPIN 1A,, BANDAR BUKIT RAJA,",41050,"KLANG,",Others,CENTRAL,CENTRAL,3.0787162,101.4411855,spv,237.33,1.4,33062,CHCRB10,3.8,41,0,,,Monday: 8:00?AM?–?8:00?PM | Tuesday: 8:00?AM?–?8:00?PM | Wednesday: 8:00?AM?–?8:00?PM | Thursday: 8:00?AM?–?8:00?PM | Friday: 8:00?AM?–?8:00?PM | Saturday: 8:00?AM?–?8:00?PM | Sunday: 8:00?AM?–?8:00?PM,,
CHC300G_158,KEDAI RUNCIT G SETIA JAYA,"NO:1B & 1C, JALAN BESAR,, KAMPUNG BUKIT BANGKONG, SUNGAI PELEK,",43950,"SEPANG,",Others,CENTRAL,CENTRAL,2.662532,101.673038,spv,122.78,2.4,33062,CHCRB1,0,0,0,,,,,
CHC300G_160,GLOBAL SMART SDN. BHD.,"NO:551-8B, JALAN SUBANG 2,, TAMAN PERINDUSTRIAN SUBANG,",47610,"SUBANG JAYA,.",Others,CENTRAL,CENTRAL,3.054256,101.597656,spv,339.21,4.2,33062,CHCRB11,4.3,13609,0,,03-8073 6000,Monday: 8:30?AM?–?10:00?PM | Tuesday: 8:30?AM?–?10:00?PM | Wednesday: 8:30?AM?–?10:00?PM | Thursday: 8:30?AM?–?10:00?PM | Friday: 8:30?AM?–?10:00?PM | Saturday: 8:30?AM?–?10:00?PM | Sunday: 8:30?AM?–?10:00?PM,https://www.mydin.my/,
CHC300G_162,PASAR MINI BZ 88,"NO:3, JALAN SUNGAI KERAMAT 9/KU6,, TAMAN KLANG UTAMA,",42100,"42100 KLANG,",Others,CENTRAL,CENTRAL,3.084034,101.409493,spv,1484.39,9.8,33062,CHCRB6,5,2,0,,012-775 3182,Monday: 10:00?AM?–?7:00?PM | Tuesday: 10:00?AM?–?7:00?PM | Wednesday: 10:00?AM?–?7:00?PM | Thursday: 10:00?AM?–?7:00?PM | Friday: 10:00?AM?–?7:00?PM | Saturday: 10:00?AM?–?7:00?PM | Sunday: 10:00?AM?–?7:00?PM,https://www.facebook.com/profile.php?id=100088871498445,
CHC300G_173,G & FAST WORLD-LINK SDN. BHD.,"NO:13A-2, 13A FLOOR, TOWER 2 PFCC,, JALAN 1/2, BANDAR PUTERI",47100,"PUCHONG,",Others,CENTRAL,CENTRAL,3.081855,101.6391627,lpv,0,0,33062,CHCRBGEN,3.8,4,0,,03-7876 2822,Monday: 8:00?AM?–?8:00?PM | Tuesday: 8:00?AM?–?8:00?PM | Wednesday: 8:00?AM?–?8:00?PM | Thursday: 8:00?AM?–?8:00?PM | Friday: 8:00?AM?–?8:00?PM | Saturday: 8:00?AM?–?8:00?PM | Sunday: 8:00?AM?–?8:00?PM,,
CHC300G_182,GRAB & GO D MART,"NO:1, JALAN AMAN SERENIA 1/1,, AMALIA SQUARE,",43900,"43900 SEPANG,",Others,CENTRAL,CENTRAL,3.1090088,101.6362905,spv,2710.33,10.6,33062,CHCRB11,4.2,1155,0,,03-7956 1633,Monday: 10:00?AM?–?10:00?PM | Tuesday: 10:00?AM?–?10:00?PM | Wednesday: 10:00?AM?–?10:00?PM | Thursday: 10:00?AM?–?10:00?PM | Friday: 10:00?AM?–?10:00?PM | Saturday: 10:00?AM?–?10:00?PM | Sunday: 10:00?AM?–?10:00?PM,https://www.jayagrocer.com/,
CHC300H_001,HUP LEE CHAN SDN BHD,JALAN PASAR,0,,Others,CENTRAL,CENTRAL,3.0712372,101.4508332,whs,18904.42,2.8,33062,CHCRB9,4,50,0,,03-3362 6863,Monday: 9:00?AM?–?10:00?PM | Tuesday: 9:00?AM?–?10:00?PM | Wednesday: 9:00?AM?–?10:00?PM | Thursday: 9:00?AM?–?10:00?PM | Friday: 9:00?AM?–?10:00?PM | Saturday: 9:00?AM?–?10:00?PM | Sunday: 9:00?AM?–?10:00?PM,http://www.99speedmart.com.my/,
CHC300H_002,HEZONG TRADING SDN BHD,"NO. 227  JALAN PEKAN BARU, KAW. 17  OFF JALAN MERU",41050,41050 KLANG,Others,CENTRAL,CENTRAL,3.06589,101.4516,spv,392.61,4.2,33062,CHCRB7,4.1,113,0,,03-3884 7313,Monday: 8:00?AM?–?8:00?PM | Tuesday: 8:00?AM?–?8:00?PM | Wednesday: 8:00?AM?–?8:00?PM | Thursday: 8:00?AM?–?8:00?PM | Friday: 8:00?AM?–?8:00?PM | Saturday: 8:00?AM?–?8:00?PM | Sunday: 8:00?AM?–?8:00?PM,https://shopee.com.my/namteck_ntsupermarket,
CHC300H_010,CHOP HIAP HUAT,NO:173,0,,Others,CENTRAL,CENTRAL,2.6618967,101.5587669,spv,554.61,4.2,33062,CHCRB10,0,0,0,,,,,
CHC300H_012,CHOP HENG KEE DISTRIBUTIONS SDN. BHD.,NO.166,0,,Others,CENTRAL,CENTRAL,3.0099662,101.4164682,whs,5142.16,2.8,33062,CHCRB9,0,0,0,,018-387 2242,Monday: 8:30?AM?–?6:00?PM | Tuesday: 8:30?AM?–?6:00?PM | Wednesday: 8:30?AM?–?6:00?PM | Thursday: 8:30?AM?–?6:00?PM | Friday: 8:30?AM?–?6:00?PM | Saturday: 8:30?AM?–?6:00?PM | Sunday: 8:30?AM?–?6:00?PM,http://www.qcplusmart.com/,
CHC300H_016,HO HO TRADING COMPANY,"NO:2-1-B  JALAN SUARA 1, 42700 BANTING",42700,SELANGOR DARUL EHSAN.,Others,CENTRAL,CENTRAL,2.8110735,101.5027366,whs,-2586.02,0.6,33062,CHCRB1,0,0,0,,,,,
CHC300H_026,KEDAI UBAT HONG THAI,"NO. 176  JALAN BESAR, 42800 TANJONG SEPAT",0,SELANGOR DARUL EHSAN.,Others,CENTRAL,CENTRAL,2.6616049,101.5586847,cmh,1720,5.4,33062,CHCRB10,0,0,0,,,,,
CHC300H_028,SUNSEEN TRADING,"L1-4, BLOCK C, JALAN TK1/11E,, 47100 PUCHONG,",47100,SELANGOR DARUL EHSAN.,Others,CENTRAL,CENTRAL,3.063372,101.6473,spv,309.13,8.2,33062,CHCRB11,4,1057,0,,,Monday: 8:00?AM?–?10:00?PM | Tuesday: 8:00?AM?–?10:00?PM | Wednesday: 8:00?AM?–?10:00?PM | Thursday: 8:00?AM?–?10:00?PM | Friday: 8:00?AM?–?10:00?PM | Saturday: 8:00?AM?–?10:00?PM | Sunday: 8:00?AM?–?10:00?PM,https://www.facebook.com/stargrocersb/photos/address-level-lg-no-48-49-50-51-52-53-54jalan-tk-111ctaman-kinrara-seksyen-14710/725232461251332/,
CHC300H_043,HUP JOO,NO.52,0,,Others,CENTRAL,CENTRAL,3.1423355,101.3773159,spv,1112.25,4.4,33062,CHCRB5,4,4,0,,03-3259 9087,Monday: 7:30?AM?–?7:00?PM | Tuesday: 7:30?AM?–?7:00?PM | Wednesday: 7:30?AM?–?7:00?PM | Thursday: 7:30?AM?–?7:00?PM | Friday: 7:30?AM?–?7:00?PM | Saturday: 7:30?AM?–?7:00?PM | Sunday: 7:30?AM?–?3:00?PM,,
CHC300H_048,HENG BEE ENTERPRISE,"KAMPUNG KELANANG, 42700 BANTING",0,KUALA LANGAT,Others,CENTRAL,CENTRAL,2.795563,101.4409,spv,169.41,1.2,33062,CHCRB10,0,0,0,,,,,
CHC300H_053,INDRANI DAILY MART,"NO:47  JALAN BESAR SEPANG, 43900 SEPANG",43900,SELANGOR DARUL EHSAN.,Others,CENTRAL,CENTRAL,2.6906838,101.7514046,spv,293.93,1.8,33062,CHCRB11,3,1,0,,,,,
CHC300H_055,PASARAYA HUP HENG (K.U) SDN BHD,"NO:5 & 7  SOLOK SG KERAMAT 10B, TAMAN KLANG UTAMA",42100,42100 KLANG.,Others,CENTRAL,CENTRAL,3.0837477,101.4111507,spv,11141.77,19.8,33062,CHCRB6,5,2,0,,012-775 3182,Monday: 10:00?AM?–?7:00?PM | Tuesday: 10:00?AM?–?7:00?PM | Wednesday: 10:00?AM?–?7:00?PM | Thursday: 10:00?AM?–?7:00?PM | Friday: 10:00?AM?–?7:00?PM | Saturday: 10:00?AM?–?7:00?PM | Sunday: 10:00?AM?–?7:00?PM,https://www.facebook.com/profile.php?id=100088871498445,
CHC300H_061,HAN WAN JAYA ENTERPRISE,NO:168,0,,Others,CENTRAL,CENTRAL,3.0009461,101.4686874,spv,237.33,1.4,33062,CHCRB10,4,11,0,,016-333 6567,Monday: 8:00?AM?–?8:00?PM | Tuesday: 8:00?AM?–?8:00?PM | Wednesday: 8:00?AM?–?8:00?PM | Thursday: 8:00?AM?–?8:00?PM | Friday: 8:00?AM?–?8:00?PM | Saturday: 8:00?AM?–?8:00?PM | Sunday: 8:00?AM?–?8:00?PM,,
CHC300H_067,KEDAI HENG HUAT CHAN,NO.9,0,,Others,CENTRAL,CENTRAL,3.0583826,101.4630008,spv,685.8,2.2,33062,CHCRB10,4.5,2,0,,03-3358 3807,Monday: 7:30?AM?–?9:30?PM | Tuesday: 7:30?AM?–?9:30?PM | Wednesday: 7:30?AM?–?9:30?PM | Thursday: 7:30?AM?–?9:30?PM | Friday: 7:30?AM?–?9:30?PM | Saturday: 7:30?AM?–?9:30?PM | Sunday: 7:30?AM?–?9:30?PM,https://www.farmersgreen.com.my/,
CHC300H_087,PASAR MINI LINY,NO:9,0,,Others,CENTRAL,CENTRAL,2.9935164,101.4336386,spv,309.42,6,33062,CHCRB10,0,0,0,,,,,
CHC300H_089,MR. GOLDEN TOUCH SDN. BHD.,"NO:G2 & G3, PANGSAPURI PERSANDA 3,, JALAN BOLING PADANG 13/64, SEKSYEN 13,",40100,"SHAH ALAM,",Others,CENTRAL,CENTRAL,3.076382,101.553009,spv,319.08,3.4,33062,CHCRB7,0,0,0,,,,,
CHC300H_091,PERNIAGAAN HUP SI,"NO:12 & 13  JALAN MAWAR, TAMAN SEKINCHAN JAYA",45400,45400 SEKINCHAN,Others,CENTRAL,CENTRAL,3.499157,101.10714,spv,237.33,1.6,33062,CHCRB5,0,0,0,,,,,
CHC300H_094,SYARIKAT PERNIAGAAN HONG HING,"S.23 SUNGAI JAROM, 42600 KUALA LANGAT",0,SELANGOR DARUL EHSAN.,Others,CENTRAL,CENTRAL,2.8755528,101.4967988,cmh,704.19,3,33062,CHCRB10,0,0,0,,,,,
CHC300H_095,HUP HENG HUAT,NO.191,0,,Others,CENTRAL,CENTRAL,3.136075,101.345505,spv,808.95,2.8,33062,CHCRB5,0,0,0,,,,,
CHC300H_100,SYARIKAT HIN HUAT,"NO:63 MAIN ROAD TELOK, JENJAROM  42600 KUALA LANGAT",42600,SELANGOR DARUL EHSAN.,Others,CENTRAL,CENTRAL,2.908982,101.4674578,whs,5437.44,0.6,33062,CHCRB10,0,0,0,,,Monday: 8:30?AM?–?5:30?PM | Tuesday: 8:30?AM?–?5:30?PM | Wednesday: 8:30?AM?–?5:30?PM | Thursday: 8:30?AM?–?5:30?PM | Friday: 8:30?AM?–?5:30?PM | Saturday: 9:00?AM?–?1:00?PM | Sunday: Closed,,
CHC300H_103,HENG WAH MINI MARKET,"NO:123, BATU 13 1/2,, SUNGAI SERDANG KAPAR,",42200,"KLANG,",Others,CENTRAL,CENTRAL,3.1521967,101.3349912,spv,293.93,1.8,33062,CHCRB5,0,0,0,,,,,
CHC300H_107,JUALI JAYA TRADING,"NO:58  JALAN MORIB, 42700 BANTING",42700,SELANGOR DARUL EHSAN.,Others,CENTRAL,CENTRAL,2.806467,101.4945,spv,216.98,2,33062,CHCRB10,0,0,0,,,,,
CHC300H_118,KEDAI UBAT DAN RUNCIT HARMONI,NO:18,0,,Others,CENTRAL,CENTRAL,3.030804,101.530533,cmh,87.68,2.4,33062,CHCRB7,4,83,0,,,Monday: 7:00?AM?–?11:00?PM | Tuesday: 7:00?AM?–?11:00?PM | Wednesday: 7:00?AM?–?11:00?PM | Thursday: 7:00?AM?–?11:00?PM | Friday: 7:00?AM?–?11:00?PM | Saturday: 7:00?AM?–?11:00?PM | Sunday: 7:00?AM?–?11:00?PM,,
CHC300H_131,HUK LOONG,"PEKAN SUNGAI HAJI DURANI, SUNGAI BESAR",45200,45200 SABAK BERNAM,Others,CENTRAL,CENTRAL,3.643598,101.025139,spv,798.32,3.8,33062,CHCRB5,0,0,0,,,,,
CHC300H_150,HONG YUEN,"NO. 79  PARIT BAHRU, 45100 SABAK BERNAM",0,SELANGOR DARUL EHSAN.,Others,CENTRAL,CENTRAL,3.8195384,100.8444657,spv,4221.09,9.6,33062,CHCRB5,0,0,0,,,,,
CHC300H_154,HUMAINI MAJU SDN. BHD.,"NO:23, (GROUND FLOOR), LOT 8C3,, JALAN P8G/1, PRESINT 8,",62250,"62250 WILAYAH PERSEKUTUAN, PUTRAJAYA.",Others,CENTRAL,CENTRAL,2.925861,101.678531,spv,2807.11,11,33062,CHCRB11,0,0,0,,,,,
CHC300H_161,H TWO WHOLESALES,NO:5,0,,Others,CENTRAL,CENTRAL,3.085622,101.411491,whs,67.53,0.8,33062,CHCRB9,5,2,0,,012-775 3182,Monday: 10:00?AM?–?7:00?PM | Tuesday: 10:00?AM?–?7:00?PM | Wednesday: 10:00?AM?–?7:00?PM | Thursday: 10:00?AM?–?7:00?PM | Friday: 10:00?AM?–?7:00?PM | Saturday: 10:00?AM?–?7:00?PM | Sunday: 10:00?AM?–?7:00?PM,https://www.facebook.com/profile.php?id=100088871498445,
CHC300H_170,KEDAI RUNCIT HOCK SOON,"NO.30 JALAN PERMATA 2, SUNGAI JAROM",42600,42600 JENJAROM,Others,CENTRAL,CENTRAL,2.8694988,101.4935695,spv,181.7,4.6,33062,CHCRB10,0,0,0,,,,,
CHC300H_182,HEAP SING CHAN,NO:18,0,,Others,CENTRAL,CENTRAL,3.329611,101.256714,whs,-222.91,1,33062,CHCRB5,3.3,17,0,,,Monday: Open 24 hours | Tuesday: Open 24 hours | Wednesday: Open 24 hours | Thursday: Open 24 hours | Friday: Open 24 hours | Saturday: Open 24 hours | Sunday: Open 24 hours,https://7cafe.7eleven.com.my/,
CHC300H_193,HONG CHANG TRADING SDN. BHD.,"NO:5  JALAN DATO DAGANG 31, TAMAN SENTOSA",42100,42100 KLANG,Others,CENTRAL,CENTRAL,2.9970653,101.4744108,spv,2966.05,14,33062,CHCRB10,4.1,43,0,,,Monday: 9:00?AM?–?7:00?PM | Tuesday: 9:00?AM?–?7:00?PM | Wednesday: 9:00?AM?–?7:00?PM | Thursday: 9:00?AM?–?7:00?PM | Friday: 9:00?AM?–?7:00?PM | Saturday: 9:00?AM?–?7:00?PM | Sunday: 9:00?AM?–?7:00?PM,,
CHC300H_198,PASAR HARIAN CERIA,"NO:225 & 226  JALAN BESAR SASARAN, 45800 JERAM",0,SELANGOR DARUL EHSAN.,Others,CENTRAL,CENTRAL,3.2571352,101.3072298,spv,2072.12,6.4,33062,CHCRB5,3.7,696,0,,03-3264 6588,Monday: 8:00?AM?–?10:00?PM | Tuesday: 8:00?AM?–?10:00?PM | Wednesday: 8:00?AM?–?10:00?PM | Thursday: 8:00?AM?–?10:00?PM | Friday: 8:00?AM?–?10:00?PM | Saturday: 8:00?AM?–?10:00?PM | Sunday: 8:00?AM?–?10:00?PM,https://econsave.com.my/,
CHC300H_204,KEDAI HONG HUAT,"NO:36  JALAN KASKAS 3, TAMAN CHERAS",56100,KUALA LUMPUR.,Others,CENTRAL,CENTRAL,3.1006772,101.7420453,spv,342.84,5.4,33062,CHCRB7,3.2,12,0,,03-9133 9866,Monday: 10:00?AM?–?6:30?PM | Tuesday: 10:00?AM?–?6:30?PM | Wednesday: 10:00?AM?–?6:30?PM | Thursday: 10:00?AM?–?6:30?PM | Friday: 10:00?AM?–?6:30?PM | Saturday: 10:00?AM?–?6:30?PM | Sunday: 10:00?AM?–?2:00?PM,,
CHC300H_210,PASAR RAYA HONG HENG,NO:42 & 44 PUSAT BANDAR,45500,TANJUNG KARANG,Others,CENTRAL,CENTRAL,3.4269722,101.1770173,spv,2838.48,2.4,33062,CHCRB5,0,0,0,,,,,
CHC300H_211,HOOI POW ENTERPRISE,"NO:8 JALAN SUNGAI KAPAR INDAH 3H, TAMAN SUNGAI KAPAR INDAH",42200,KLANG,Others,CENTRAL,CENTRAL,3.0959715,101.3842947,spv,1595.44,9.4,33062,CHCRB6,5,1,0,,,Monday: 9:00?AM?–?6:00?PM | Tuesday: 9:00?AM?–?6:00?PM | Wednesday: 9:00?AM?–?6:00?PM | Thursday: 9:00?AM?–?6:00?PM | Friday: 9:00?AM?–?6:00?PM | Saturday: 9:00?AM?–?6:00?PM | Sunday: Closed,,
CHC300H_212,HKS MINI MARKET,"NO:10A  JALAN RADIN KIRI SATU, 45400 SEKINCHAN",0,SELANGOR DARUL EHSAN.,Others,CENTRAL,CENTRAL,3.5069151,101.1065903,spv,1576.57,2,33062,CHCRB5,0,0,0,,,,,
CHC300H_213,KEDAI RUNCIT HARAPAN BUNDA,NO:272,0,,Others,CENTRAL,CENTRAL,3.046419,101.426865,spv,1055.15,8.4,33062,CHCRB7,4,209,0,,016-222 7046,Monday: 7:00?AM?–?10:00?PM | Tuesday: 7:00?AM?–?10:00?PM | Wednesday: 7:00?AM?–?10:00?PM | Thursday: 7:00?AM?–?10:00?PM | Friday: 7:00?AM?–?10:00?PM | Saturday: 7:00?AM?–?10:00?PM | Sunday: 7:00?AM?–?10:00?PM,,
CHC300H_247,HONG KONG SA SA (M) SDN. BHD.,"NO:8  JALAN SHAMELIN NIAGA 1, SHAMELIN HEIGHTS BUSINESS PARK",56100,TAMAN SHAMELIN PERKASA,Others,CENTRAL,CENTRAL,3.116842,101.7371228,whs,0,0,33062,CHCRBGEN,5,1,0,,017-439 6665,Monday: Open 24 hours | Tuesday: Open 24 hours | Wednesday: Open 24 hours | Thursday: Open 24 hours | Friday: Open 24 hours | Saturday: Open 24 hours | Sunday: Open 24 hours,http://www.icomecome.com/,
CHC300H_262,ES MART SDN. BHD.,"LOT 1381  BATU 1  SIJANGKANG, 42500 TELOK PANGLIMA GARANG",42500,SELANGOR DARUL EHSAN.,Others,CENTRAL,CENTRAL,2.9396114,101.4545511,spv,3223.02,14.8,33062,CHCRB10,0,0,0,,,,,
CHC300H_262A,PASARAYA ES MART(JALAN WAJA),"NO:1, 2 DAN 3, LOT 1878,, JALAN WAJA, KAMPUNG SIJANGKANG,",42500,"TELOK PANGLIMA GARANG,",Others,CENTRAL,CENTRAL,2.920492,101.46032,spv,10160.85,15.2,33062,CHCRB10,0,0,0,,,,,
CHC300H_262B,PASARAYA ES MART SDN. BHD. (JALAN CEMPAKA),"LOT 1085-C, JLN BT 8 KG SIJANGKANG,, 42500 TELOK PANGLIMA GARANG,",42500,,Others,CENTRAL,CENTRAL,3.0646865,101.446846,spv,1256.28,2.2,33062,CHCRB10,0,0,0,,,,,
CHC300H_265,HAVVA MINI MART,"A-G-12  SAVANNA LIFESTYLE RETAILS, JALAN BBLS 2 BANDAR BARU LEMBAH SELATAN",43800,DENGKIL,Others,CENTRAL,CENTRAL,2.9033204,101.7631693,spv,305.57,3.8,33062,CHCRB11,5,2,0,,017-870 2997,Monday: 9:00?AM?–?12:01?AM | Tuesday: 9:00?AM?–?12:01?AM | Wednesday: 9:00?AM?–?12:01?AM | Thursday: 9:00?AM?–?12:01?AM | Friday: 9:00?AM?–?12:01?AM | Saturday: 9:00?AM?–?12:01?AM | Sunday: 9:00?AM?–?12:01?AM,,
CHC300H_282,HAVVA MINI MART,"C-G-39  SAVANNA LIFESTYLE RETAILS, JALAN BBLS 2 BANDAR BARU LEMBAH SELATAN",43800,DENGKIL,Others,CENTRAL,CENTRAL,2.9062652,101.7620526,spv,266.89,4.6,33062,CHCRB11,5,2,0,,017-870 2997,Monday: 9:00?AM?–?12:01?AM | Tuesday: 9:00?AM?–?12:01?AM | Wednesday: 9:00?AM?–?12:01?AM | Thursday: 9:00?AM?–?12:01?AM | Friday: 9:00?AM?–?12:01?AM | Saturday: 9:00?AM?–?12:01?AM | Sunday: 9:00?AM?–?12:01?AM,,
CHC300H_283,HOCK MEI TRADING (SG.CHUA) SDN. BHD.,"NO:3 5 7 9 11  JALAN BERJAYA BARU 1, TAMAN BERJAYA BARU  SUNGAI CHUA",43000,KAJANG,Others,CENTRAL,CENTRAL,2.9837957,101.7827225,lpv,4597.81,8.8,33062,CHCRB2,0,0,0,,,,,
CHC300H_301,HAVVA SPEED MART,"A-G-8  JALAN SP 4/1  SEKSYEN 4, PERMAISURI 1, BANDAR SRI PERMAISURI",56000,CHERAS,Others,CENTRAL,CENTRAL,3.0928017,101.3905933,spv,271.62,4,33062,CHCRB7,0,0,0,,,,,
CHC300H_305,HAVVA MINI MART,"NO:G02  SAVILLE KAJANG, JALAN REKO",43000,KAJANG,Others,CENTRAL,CENTRAL,2.9721241,101.7893015,spv,246.23,1.8,33062,CHCRB7,4.7,6,0,,012-293 7905,,,
CHC300H_315,WARISAN MURNI ENTERPRISE,"NO:25, JALAN JERNANG JAYA 1,, TAMAN JERNANG JAYA, SEKSYEN 14,",45650,"BANDAR BRAU BANGI,",Others,CENTRAL,CENTRAL,2.9244303,101.7595099,spv,152.35,2.4,33062,CHCRB7,3.9,74,0,,012-604 7266,Monday: 8:00?AM?–?10:00?PM | Tuesday: 8:00?AM?–?10:00?PM | Wednesday: 8:00?AM?–?10:00?PM | Thursday: 8:00?AM?–?10:00?PM | Friday: 8:00?AM?–?10:00?PM | Saturday: 8:00?AM?–?10:00?PM | Sunday: 8:00?AM?–?10:00?PM,https://segigroup.com/,
CHC300H_317,HANDY HOUSE SDN. BHD.,"NO:37, JALAN USJ 10/1G,, TAIPAN,",47620,"SUBANG JAYA,",Others,CENTRAL,CENTRAL,3.04714,101.585147,spv,347.27,5.2,33062,CHCRB11,4.2,116,0,,018-913 4298,Monday: 9:00?AM?–?9:00?PM | Tuesday: 9:00?AM?–?9:00?PM | Wednesday: 9:00?AM?–?9:00?PM | Thursday: 9:00?AM?–?9:00?PM | Friday: 9:00?AM?–?9:00?PM | Saturday: 9:00?AM?–?9:00?PM | Sunday: 9:00?AM?–?9:00?PM,https://m.facebook.com/pages/category/Bakery/Stesen-Biskut-Taipan-495184457513154/,
CHC300H_325,HKK FISHMONGER (M) SDN. BHD.,"NO:101G, 103G, 103A, 101A,, JALAN KENARI 23, BANDAR PUCHONG JAYA,",47100,"PUCHONG,",Others,CENTRAL,CENTRAL,3.044118,101.622434,spv,343.81,3.2,33062,CHCRB11,4.3,6,0,,,Monday: 10:00?AM?–?10:28?PM | Tuesday: 10:00?AM?–?10:28?PM | Wednesday: 10:00?AM?–?10:28?PM | Thursday: 10:00?AM?–?10:28?PM | Friday: 10:00?AM?–?10:28?PM | Saturday: 10:00?AM?–?10:28?PM | Sunday: 10:00?AM?–?10:28?PM,,
CHC300H_330,HOO FOOD SUPPLY & TRADING SDN. BHD.,"NO:B-19-0 KINRARA NIAGA,, JALAN BK 5A/2D, BANDAR KINRARA,",47180,"PUCHONG,",Others,CENTRAL,CENTRAL,3.047678,101.6460611,spv,1717.69,9.4,33062,CHCRB11,4,6634,0,,03-8070 0222,Monday: 8:00?AM?–?10:00?PM | Tuesday: 8:00?AM?–?10:00?PM | Wednesday: 8:00?AM?–?10:00?PM | Thursday: 8:00?AM?–?10:00?PM | Friday: 8:00?AM?–?10:00?PM | Saturday: 8:00?AM?–?10:00?PM | Sunday: 8:00?AM?–?10:00?PM,http://www.giant.com.my/,
CHC300H_333,HASIL LAUT SEONG KEE (KOTA KEMUNING),"NO:8-G, JALAN ANGGERIK ARANDA D31/D,, KOTA KEMUNING,",40460,"SHAH ALAM,",Others,CENTRAL,CENTRAL,2.99105,101.547424,spv,689.84,8.4,33062,CHCRB7,0,0,0,,03-5525 8595,Monday: 9:30?AM?–?8:30?PM | Tuesday: 9:00?AM?–?8:30?PM | Wednesday: 9:00?AM?–?8:30?PM | Thursday: 9:00?AM?–?8:00?PM | Friday: 9:00?AM?–?6:00?PM | Saturday: 9:00?AM?–?8:00?PM | Sunday: 9:00?AM?–?6:00?PM,,
CHC300H_337,HASTA CONVENIENCE STORE,"B4-0-40, JALAN 1/152,, TAMAN OUG PARKLANE, F JALAN KLANG LAMA",58200,58200 KUALA LUMPUR.,Others,CENTRAL,CENTRAL,2.968685,101.8658733,spv,293.93,2,33062,CHCRB11,0,0,0,,,,,
CHC300H_338,KEDAI RUNCIT HAIKAL JAYA,"NO:2A-00-1, LORONG BATU NILAM 1D,, BANDAR BUKIT TINGGI,",41200,"41200 KLANG,",Others,CENTRAL,CENTRAL,3.009548,101.438835,spv,180.73,1.2,33062,CHCRB10,0,0,0,ChIJiSIVV5yszTERBpTTR9gI804,012-679 0649,,,
CHC300H_339,HASIL LAUT SEONG KEE (SERI KEMBANGAN),"LOT NO:2, JALAN 6/9, KAWASAN PERUSAHAAN, SERI KEMBANGAN, SERI SERDANG,",43300,"43300 SERI KEMBANGAN,",Others,CENTRAL,CENTRAL,3.0177244,101.7122,spv,1233.95,8,33062,CHCRB2,0,0,0,,,,,
CHC300H_340,HOCK MEI TRADING SDN. BHD.,"NO:1, JALAN PJS 3/2,, PETALING JAYA SELATAN,",46000,"46000 PETALING JAYA,",Others,CENTRAL,CENTRAL,3.074838,101.633,lpv,54031.55,16.8,33062,CHCRB1,3.6,79,0,,012-392 6939,Monday: 8:00?AM?–?10:00?PM | Tuesday: 8:00?AM?–?10:00?PM | Wednesday: 8:00?AM?–?10:00?PM | Thursday: 8:00?AM?–?10:00?PM | Friday: 8:00?AM?–?10:00?PM | Saturday: 8:00?AM?–?10:00?PM | Sunday: 8:00?AM?–?10:00?PM,,
CHC300H_350,PASARAYA HAMEEDS (M) SDN. BHD.,"NO:41G&42G, ARENA WARISAN PUTERI,, JALAN ARENA, KOTA WARISAN,",43900,"SEPANG,",Others,CENTRAL,CENTRAL,2.827537,101.6927,spv,8921.24,23.8,33062,CHCRB11,4.3,11,0,,03-8706 6181,Monday: Open 24 hours | Tuesday: Open 24 hours | Wednesday: Open 24 hours | Thursday: Open 24 hours | Friday: Open 24 hours | Saturday: Open 24 hours | Sunday: Open 24 hours,https://www.pasarayaahmad.com.my/,
CHC300H_363,HGH F&B SDN. BHD.,"NO:475, JALAN PEACH AVENUE,, SENTUL,",51000,51000 KUALA LUMPUR.,Others,CENTRAL,CENTRAL,3.179305,101.6930267,spv,180.73,1.2,33062,CHCRB2,0,0,0,,,,,
CHC300H_364,HUA HUA TRADING,"T79, KAWASAN TAMBAHAN,",42800,TANJONG SEPAT,Others,CENTRAL,CENTRAL,3.0927877,101.3904886,spv,293.93,2,33062,CHCRB11,0,0,0,,,,,
CHC300H_366,PASARAYA HAJI,"NO:23 & 25, JALAN SETIA GEMILANG BG, U13/BG, SETIA ALAM, SEKSYEN U13,",40170,"SHAH ALAM,",Others,CENTRAL,CENTRAL,3.1284904,101.4676341,spv,285.72,4,33062,CHCRB6,4.2,29,0,,03-3358 3742,Monday: 7:30?AM?–?12:00?AM | Tuesday: 7:30?AM?–?12:00?AM | Wednesday: 7:30?AM?–?12:00?AM | Thursday: 7:30?AM?–?12:00?AM | Friday: 7:30?AM?–?12:00?AM | Saturday: 7:30?AM?–?12:00?AM | Sunday: 7:30?AM?–?12:00?AM,,
CHC300I_004,IZRA AMIRA ENTERPRISE,BATU 12 1/2,0,,Others,CENTRAL,CENTRAL,3.1300795,101.3431714,spv,1353.67,5,33062,CHCRB5,0,0,0,,,,,
CHC300I_034,ISRA SABENA,LOT 2917B,0,,Others,CENTRAL,CENTRAL,2.9954764,101.5042598,spv,314.65,3.2,33062,CHCRB7,0,0,0,,,,,
CHC300I_040,IMANS BEST MART,"NO:20  22  JALAN ASTANA B 13/B, PUSAT NIAGA ASTANA ALAM  SEKSYEN 13",42300,BANDAR PUNCAK ALAM  K. SELANGOR,Others,CENTRAL,CENTRAL,3.244185,101.425606,spv,180.73,1.2,33062,CHCRB5,3.8,12,0,ChIJ84l5u0RZzDERSOTg00CsM7o,010-544 7861,"Monday: 8:00?AM?–?10:55?PM | Tuesday: 8:00?AM?–?10:55?PM | Wednesday: 8:00?AM?–?10:55?PM | Thursday: 8:00?AM?–?10:55?PM | Friday: 8:00?AM?–?12:01?PM, 4:00?–?10:55?PM | Saturday: 8:00?AM?–?10:55?PM | Sunday: 8:00?AM?–?10:55?PM",http://www.imansbest.com/,
CHC300I_051,IQS JAYA ENTERPRISE,"NO:33  JALAN 1, TAMAN RADIN JAYA",45500,TANJUNG KARANG,Others,CENTRAL,CENTRAL,3.427852,101.164429,spv,24757.69,12.2,33062,CHCRB5,0,0,0,,,,,
CHC300I_059,PASAR MINI IOO,"NO:168-A, LORONG 5,, JALAN BAGAN,",45400,"45400 SEKINCHAN,",Others,CENTRAL,CENTRAL,3.506062,101.098274,spv,180.73,1.2,33062,CHCRB5,0,0,0,,,,,
CHC300I_068,IRFAN MAJU MART,"PUSAT KOMUNITI FASA 17 RK 1, PRESINT 17",62100,PUTRAJAYA.,Others,CENTRAL,CENTRAL,2.927836,101.70537,spv,441.72,6.4,33062,CHCRB11,0,0,0,,,,,
CHC300I_096,IRFAN MAJU MART,"BLOK G, PPA1M SELASIH,, JALAN P17E, PRESINT 17,",62150,PUTRAJAYA.,Others,CENTRAL,CENTRAL,2.924281,101.701211,spv,300.42,4.2,33062,CHCRB11,0,0,0,,,,,
CHC300I_099,IRKAZ RETAIL SDN. BHD.,"NO:32,32A,36,38, JALAN ECO MAJESTIC 3A/2, ECO MAJESTIC,",43500,"SEMENYIH,",Others,CENTRAL,CENTRAL,2.908635,101.8512,spv,333.34,3.6,33062,CHCRB7,4.4,62,0,,03-3362 6863,Monday: 9:00?AM?–?10:00?PM | Tuesday: 9:00?AM?–?10:00?PM | Wednesday: 9:00?AM?–?10:00?PM | Thursday: 9:00?AM?–?10:00?PM | Friday: 9:00?AM?–?10:00?PM | Saturday: 9:00?AM?–?10:00?PM | Sunday: 9:00?AM?–?10:00?PM,http://www.99speedmart.com.my/,
CHC300I_163,KEDAI UBAT DAN PASARAYA IJOK WEI POH,"NO:23 & 23A   JALAN SEJATI 1, TAMAN SEJATI",45600,IJOK,Others,CENTRAL,CENTRAL,3.3142887,101.4115795,cmh,34967.9,7,33062,CHCRB5,4.3,4,0,,010-242 9185,Monday: 2:00?–?10:30?PM | Tuesday: 9:00?AM?–?10:30?PM | Wednesday: 9:00?AM?–?10:30?PM | Thursday: 9:00?AM?–?10:30?PM | Friday: 9:00?AM?–?10:30?PM | Saturday: 9:00?AM?–?10:30?PM | Sunday: 9:00?AM?–?10:30?PM,,
CHC300I_164,PASAR SEGAR IKHWAN,"KEDAI 1, PANGSAPURI KOS RENDAH B,, JALAN 30/146 BANDAR TASIK SELATAN,",57000,57000 KUALA LUMPUR.,Others,CENTRAL,CENTRAL,3.074244,101.717705,spv,194.17,4,33062,CHCRB7,3.6,111,0,ChIJcaPNYng1zDERUL41wkx-Loc,03-9055 4224,Monday: Open 24 hours | Tuesday: Open 24 hours | Wednesday: Open 24 hours | Thursday: Open 24 hours | Friday: Open 24 hours | Saturday: Open 24 hours | Sunday: Open 24 hours,,
CHC300I_169,PASAR MINI IKHSAN SATU,"B0-00-04, SUBANG PERDANA,, GOODYEAR COURT 2,",47600,"47600 SUBANG JAYA,",Others,CENTRAL,CENTRAL,3.0334778,101.6173989,spv,290.74,3.6,33062,CHCRB11,0,0,0,,,,,
CHC300I_170,ISTYLEZ EXCLUSIVE TRADING,"NO:40G, JALAN MAKYONG 5D/KU5,, BANDAR BUKIT RAJA,",41050,"KLANG,",Others,CENTRAL,CENTRAL,3.08984,101.4326,spv,237.33,1.4,33062,CHCRB10,0,0,0,,017-757 1480,Monday: 8:00?AM?–?11:00?PM | Tuesday: 8:00?AM?–?11:00?PM | Wednesday: 8:00?AM?–?11:00?PM | Thursday: 8:00?AM?–?11:00?PM | Friday: 8:00?AM?–?11:00?PM | Saturday: 8:00?AM?–?11:00?PM | Sunday: Open 24 hours,,
CHC300I_181,IMPIAN SHOPPING CENTRE SDN. BHD.,"G-30 TO G-39,1-29 TO 1-39,2-29 TO 2-39,, & 3-39, PUSAT PERNIAGAAN BANGI AVENUE,",43000,"PERSIARAN BANGI AVENUE, SEK 2, TAMAN",BILLION,CENTRAL,CENTRAL,2.901503,101.78997,smt,102814.55,45.2,33062,CHCRB2,4,22,0,,03-3373 1224,Monday: 9:00?AM?–?10:00?PM | Tuesday: 9:00?AM?–?10:00?PM | Wednesday: 9:00?AM?–?10:00?PM | Thursday: 9:00?AM?–?10:00?PM | Friday: 9:00?AM?–?10:30?PM | Saturday: 9:00?AM?–?10:30?PM | Sunday: 9:00?AM?–?10:30?PM,https://facebook.com/impianshoppingcentre,
CHC300J_001,JOO SENG ENTERPRISE,NO:11 & 13,0,,Others,CENTRAL,CENTRAL,3.26333,101.3024135,whs,385536.5,8.8,33062,CHCRB5,3.5,4,0,,03-3396 0882,Monday: 10:00?AM?–?10:00?PM | Tuesday: 10:00?AM?–?10:00?PM | Wednesday: 10:00?AM?–?10:00?PM | Thursday: 10:00?AM?–?10:00?PM | Friday: 10:00?AM?–?10:00?PM | Saturday: 10:00?AM?–?10:00?PM | Sunday: 10:00?AM?–?10:00?PM,http://facebook.com/pasarayakarnival,
CHC300J_005,BB MINI MARKET,NO:73,0,,Others,CENTRAL,CENTRAL,3.0069909,101.4636858,spv,235.43,3,33062,CHCRB10,5,3,0,,018-668 0768,Monday: 11:00?AM?–?8:00?PM | Tuesday: 11:00?AM?–?8:00?PM | Wednesday: 11:00?AM?–?8:00?PM | Thursday: 11:00?AM?–?8:00?PM | Friday: 11:00?AM?–?8:00?PM | Saturday: 11:00?AM?–?8:00?PM | Sunday: 11:00?AM?–?8:00?PM,,
CHC300J_010,KEDAI UBAT JIN MIN,NO.160,0,,Others,CENTRAL,CENTRAL,3.4245494,101.1780631,cmh,124.13,1,33062,CHCRB5,0,0,0,,,,,
CHC300J_020,SINAR KIFARAH GLOBAL SDN. BHD.,"NO:29 TINGKAT BAWAH & 29 TINGKAT 1,, JALAN LABU 28/23, TAMAN ALAM MEGAH,",40000,"SHAH ALAM,",Others,CENTRAL,CENTRAL,3.004666,101.561813,spv,85.8,1.8,33062,CHCRB7,0,0,0,,,,,
CHC300J_021,SIN JOO DEE ENTERPRISE,"NO:147  JALAN KILANG PADI, 45500 TANJUNG KARANG",0,SELANGOR DARUL EHSAN.,Others,CENTRAL,CENTRAL,3.426096,101.1768623,spv,180.73,1.2,33062,CHCRB5,0,0,0,,,,,
CHC300J_033,PASAR MINI IBU,BLOK A,0,,Others,CENTRAL,CENTRAL,3.2892127,101.3748085,spv,124.13,1,33062,CHCRB5,4,2,0,ChIJj1jdlSRfzDERJl0TiAZKoVQ,017-284 0590,Monday: 8:00?AM?–?8:00?PM | Tuesday: 8:00?AM?–?8:00?PM | Wednesday: 8:00?AM?–?8:00?PM | Thursday: 8:00?AM?–?8:00?PM | Friday: 8:00?AM?–?8:00?PM | Saturday: 8:00?AM?–?8:00?PM | Sunday: 8:00?AM?–?8:00?PM,,
CHC300J_045,JAZCO SPEEDMART (TAMAN BAIDURI),"NO.53&55 JALAN BAIDURI 1, TAMAN BAIDURI",42700,42700 BANTING,Others,CENTRAL,CENTRAL,2.8006167,101.4926337,spv,38785.46,25.2,33062,CHCRB10,0,0,0,,,,,
CHC300J_045A,JAZCO SPEEDMART (SG MANGGIS),"NO:59  61 &63  JALAN EMAS 8, BANDAR SUNGAI EMAS  SUNGAI MANGGIS",42700,BANTING,Others,CENTRAL,CENTRAL,2.8259223,101.5355004,spv,9027.03,12.8,33062,CHCRB10,0,0,0,,03-3180 1764,Monday: 7:00?AM?–?11:00?PM | Tuesday: 7:00?AM?–?11:00?PM | Wednesday: 7:00?AM?–?11:00?PM | Thursday: 7:00?AM?–?11:00?PM | Friday: 7:00?AM?–?11:00?PM | Saturday: 7:00?AM?–?11:00?PM | Sunday: 7:00?AM?–?11:00?PM,,
CHC300J_050,JS (TELOK) ENTERPRISE PLT,"NO:9  JALAN DENDANG 1, TAMAN TELOK  TELOK PANGLIMA GARANG",42500,42500 KUALA LANGAT,Others,CENTRAL,CENTRAL,2.9045204,101.467638,whs,84.44,0.8,33062,CHCRB1,3.5,4,0,,,Monday: 7:30?AM?–?8:00?PM | Tuesday: 7:30?AM?–?8:00?PM | Wednesday: 7:30?AM?–?8:00?PM | Thursday: 7:30?AM?–?8:00?PM | Friday: 7:30?AM?–?8:00?PM | Saturday: 7:30?AM?–?8:00?PM | Sunday: 7:30?AM?–?8:00?PM,,
CHC300J_068,JIA WEI MINI MARKET,NO.105,0,,Others,CENTRAL,CENTRAL,3.3156958,101.412327,spv,124.13,1,33062,CHCRB5,4.3,4,0,,010-242 9185,Monday: 2:00?–?10:30?PM | Tuesday: 9:00?AM?–?10:30?PM | Wednesday: 9:00?AM?–?10:30?PM | Thursday: 9:00?AM?–?10:30?PM | Friday: 9:00?AM?–?10:30?PM | Saturday: 9:00?AM?–?10:30?PM | Sunday: 9:00?AM?–?10:30?PM,,
CHC300J_081,JOSENG HUAT TRADING,NO:663-B,0,,Others,CENTRAL,CENTRAL,3.0141888,101.4166368,whs,0,0,33062,CHCRBGEN,5,1,0,,03-3850 8576,"Monday: 9:00?AM?–?1:00?PM, 2:00?–?5:30?PM | Tuesday: 9:00?AM?–?1:00?PM, 2:00?–?5:30?PM | Wednesday: 9:00?AM?–?1:00?PM, 2:00?–?5:30?PM | Thursday: 9:00?AM?–?1:00?PM, 2:00?–?5:30?PM | Friday: 9:00?AM?–?1:00?PM, 2:00?–?5:00?PM | Saturday: 9:00?AM?–?1:00?PM, 2:00?–?5:30?PM | Sunday: 9:00?AM?–?1:00?PM, 2:00?–?6:00?PM",https://www.loongfatt.com.my/,
CHC300J_144,JASA SURAYDA ENTERPRISE,"A-10, JALAN HJ OTHMAN,, KAMPUNG RANTUA PANJANG,",42100,"42100 KELANG,",Others,CENTRAL,CENTRAL,3.061714,101.409615,spv,180.73,1.2,33062,CHCRB10,4.3,12,0,,014-210 8548,,,
CHC300J_151,JAEZ MART,LOT 34520,0,,Others,CENTRAL,CENTRAL,2.7863077,101.5439161,spv,2419.61,13,33062,CHCRB10,0,0,0,,,,,
CHC300J_169,MAI SARA MOHIDEEN RESOURCES,"NO:7, JALAN USJ 11/1J,",47620,"47620 U.E.P. SUBANG,",Others,CENTRAL,CENTRAL,3.039849,101.579025,spv,232.37,3.2,33062,CHCRB11,0,0,0,,,,,
CHC300J_176,JOY FRESH SDN. BHD.,"PT 14349, JALAN BERUSAHAAN 27,, TAMAN PERINDUSTRIAN PANDAMARAN,",42000,"42000 PELABUHAN KLANG,",Others,CENTRAL,CENTRAL,2.995126,101.425459,whs,11269.97,2,33062,CHCRB9,4.1,277,0,,012-512 3204,Monday: 8:00?AM?–?10:00?PM | Tuesday: 8:00?AM?–?10:00?PM | Wednesday: 8:00?AM?–?10:00?PM | Thursday: 8:00?AM?–?10:00?PM | Friday: 8:00?AM?–?10:00?PM | Saturday: 8:00?AM?–?10:00?PM | Sunday: 8:00?AM?–?10:00?PM,http://segigroup.com/,
CHC300J_189,JERO GLOBAL SDN. BHD.,"NO:D19, JALAN TKS 2,, TAMAN KAJANG SENTRAL,",43000,"KAJANG,",Others,CENTRAL,CENTRAL,2.9779076,101.7917855,whs,39.22,0.6,33062,CHCRB2,0,0,0,,03-8737 1686,Monday: 8:00?AM?–?8:00?PM | Tuesday: 8:00?AM?–?8:00?PM | Wednesday: 8:00?AM?–?8:00?PM | Thursday: 8:00?AM?–?8:00?PM | Friday: 8:00?AM?–?8:00?PM | Saturday: 8:00?AM?–?8:00?PM | Sunday: 8:00?AM?–?8:00?PM,,
CHC300J_191,PASARAYA JOMMART SDN. BHD.,"WISMA KONG SIEW TIONG,, TAMAN AMETIS UTAMA, , JALAN AU 3/1,",43800,"DENGKIL,",Others,CENTRAL,CENTRAL,2.8674744,101.6727693,lpv,9373.25,12.2,33062,CHCRB1,0,0,0,,,,,
CHC300J_196,JOHAN SETIA MART ENTERPRISE,"NO:50, LORONG SETIA 1A,, TAMAN SETIA,",41200,"41200 KLANG,",Others,CENTRAL,CENTRAL,2.979262,101.482887,spv,334.41,10.8,33062,CHCRB10,0,0,0,,,,,
CHC300J_197,JENGKA PALOH BARAKAH ENTERPRISE,"NO:1 KEDAI RUNCIT, JALAN 5/6,, SERDANG JAYA, SERI KEMBANGAN,",43300,"43300 SERI KEMBANGAN,",Others,CENTRAL,CENTRAL,3.010981,101.706531,spv,259.12,4,33062,CHCRB2,4.1,57,0,,016-252 2258,Monday: 7:30?AM?–?11:30?PM | Tuesday: 7:30?AM?–?11:30?PM | Wednesday: 7:30?AM?–?12:00?AM | Thursday: 7:00?AM?–?11:00?PM | Friday: 7:00?AM?–?11:00?PM | Saturday: 7:00?AM?–?11:00?PM | Sunday: 7:00?AM?–?11:00?PM,,
CHC300J_207,JNW PROVIDER RESOURCES SDN. BHD.,"NO:64&66, JALAN INDAH 1/KU 3,, TAMAN SERI AWANA 3, SUNGAI PINANG,",42100,"42100 KLANG, SELANGOR.",Others,CENTRAL,CENTRAL,3.2156767,101.4630433,spv,1443.93,2.2,33062,CHCRB10,3.9,99,0,,03-6087 6636,Monday: 8:00?AM?–?10:00?PM | Tuesday: 8:00?AM?–?10:00?PM | Wednesday: 8:00?AM?–?10:00?PM | Thursday: 8:00?AM?–?10:00?PM | Friday: 8:00?AM?–?10:00?PM | Saturday: 8:00?AM?–?10:00?PM | Sunday: 8:00?AM?–?10:00?PM,http://www.super7.com.my/,
CHC300J_213,JUNGKA GAJAH TRADING,"LOT 4, BATU 1,, KAMPUNG SIJANGKANG,",42500,"TELOK PANGLIMA GARANG,",Others,CENTRAL,CENTRAL,2.939661,101.45636,spv,237.33,1.4,33062,CHCRB10,0,0,0,,,,,
CHC300J_219,JIE YOU GROCERY SHOP,"C-G-6, BLOCK C, MAPLE RESIDENCE,, JALAN BESTARI 7/KS09,",41200,"BANDAR BESTARI,",Others,CENTRAL,CENTRAL,2.956107,101.462112,spv,878.97,11.2,33062,CHCRB10,0,0,0,,,,,
CHC300K_001,KING JOO GUAN,NO.108,0,,Others,CENTRAL,CENTRAL,2.8092534,101.4965275,whs,302.17,1,33062,CHCRB1,0,0,0,,,,,
CHC300K_002,PAVITHRA ENTERPRISE SDN. BHD.,"NO:146  LEBUH GAMBUS, TAMAN DESAWAN  KLANG JAYA",41200,41200 KLANG,Others,CENTRAL,CENTRAL,3.0023719,101.4498367,spv,1887.12,8.8,33062,CHCRB10,3.7,3,0,,012-283 9844,Monday: 8:00?AM?–?8:00?PM | Tuesday: 8:00?AM?–?8:00?PM | Wednesday: 8:00?AM?–?8:00?PM | Thursday: 8:00?AM?–?8:00?PM | Friday: 8:00?AM?–?8:00?PM | Saturday: 8:00?AM?–?8:00?PM | Sunday: 8:00?AM?–?8:00?PM,,
CHC300K_006,KIM CHUAN FOODSTUFF&EDIBLE OIL SDN.BHD.,"NO:54  JALAN HILIR, OFF TELOK GADONG  TAMAN GEMBIRA",41100,41100 KLANG,Others,CENTRAL,CENTRAL,3.0334508,101.4252517,whs,124.13,1,33062,CHCRB9,3.9,747,0,,03-3371 6731,Monday: 9:30?AM?–?10:00?PM | Tuesday: 9:30?AM?–?10:00?PM | Wednesday: 9:30?AM?–?10:00?PM | Thursday: 9:30?AM?–?10:00?PM | Friday: 9:30?AM?–?10:00?PM | Saturday: 9:30?AM?–?10:00?PM | Sunday: 9:30?AM?–?10:00?PM,,
CHC300K_007,KAPALY DISTRIBUTORS (M) SDN BHD,LOT 9157,0,,Others,CENTRAL,CENTRAL,2.945649,101.3787674,whs,0,0,33062,CHCRBGEN,0,0,0,,,,,
CHC300K_009,CHOP KAI YUAN,S 29,0,,Others,CENTRAL,CENTRAL,2.8768541,101.5022321,spv,1203.53,5,33062,CHCRB10,0,0,0,,,,,
CHC300K_010,KEDAI UBAT LUEN FAT,NO:169,0,,Others,CENTRAL,CENTRAL,3.13216,101.440071,cmh,182.18,3.6,33062,CHCRB6,3.8,302,0,,03-3392 6991,Monday: 10:00?AM?–?10:00?PM | Tuesday: 10:00?AM?–?10:00?PM | Wednesday: 10:00?AM?–?10:00?PM | Thursday: 10:00?AM?–?10:00?PM | Friday: 10:00?AM?–?10:00?PM | Saturday: 10:00?AM?–?10:00?PM | Sunday: 10:00?AM?–?10:00?PM,,
CHC300K_014,KEDAI RUNCIT SIN KEE,"NO:56 KAMPONG KELANANG, 42700 BANTING.",42700,SELANGOR DARUL EHSAN.,Others,CENTRAL,CENTRAL,2.7956051,101.4405278,spv,747.89,2,33062,CHCRB10,5,2,0,,,,,
CHC300K_019,PASARAYA JAYMUDA BB,NO:40,0,,Others,CENTRAL,CENTRAL,3.3782746,101.4061259,spv,5252.06,9,33062,CHCRB5,4.1,52,0,,,Monday: 9:00?AM?–?10:00?PM | Tuesday: 9:00?AM?–?10:00?PM | Wednesday: 9:00?AM?–?10:00?PM | Thursday: 9:00?AM?–?10:00?PM | Friday: 9:00?AM?–?10:00?PM | Saturday: 9:00?AM?–?10:00?PM | Sunday: 9:00?AM?–?10:00?PM,,
CHC300K_020,ARISE PHARMACY SDN. BHD.,"PUSAT PERDAGANGAN PUCHONG PRIMA, E-01-04  BLOCK E  JALAN PRIMA 5/3",47100,TAMAN PUCHONG PRIMA,Others,CENTRAL,CENTRAL,2.9999572,101.5952536,oth,4684.39,10.2,33062,CHCRB11,4,2460,0,,03-8062 6188,Monday: 8:30?AM?–?10:00?PM | Tuesday: 8:30?AM?–?10:00?PM | Wednesday: 8:30?AM?–?10:00?PM | Thursday: 8:30?AM?–?10:00?PM | Friday: 8:30?AM?–?10:00?PM | Saturday: 8:30?AM?–?10:00?PM | Sunday: 8:30?AM?–?10:00?PM,https://m.facebook.com/pages/Pasaraya-Otk-Puchong-Prima/212831768743245,
CHC300K_023,SYARIKAT KANG KHOW SDN. BHD.,NO:57&59,0,,Others,CENTRAL,CENTRAL,3.0004276,101.3979916,cmh,55269.65,13,33062,CHCRB10,4.3,137,0,ChIJOTDTSwarzTERTP-Qf3hGXgU,03-3168 2304,Monday: 9:00?AM?–?9:30?PM | Tuesday: 9:00?AM?–?9:30?PM | Wednesday: 9:00?AM?–?9:30?PM | Thursday: 9:00?AM?–?9:30?PM | Friday: 9:00?AM?–?9:30?PM | Saturday: 9:00?AM?–?9:30?PM | Sunday: 9:00?AM?–?1:00?PM,,
CHC300K_026,PASARMINI KINTA,"NO:10&12  SOLOK SUNGAI KERAMAT 10B/KU8, TAMAN KLANG UTAMA",42100,42100 KLANG,Others,CENTRAL,CENTRAL,3.0839952,101.4112405,lpv,72704.1,15.2,33062,CHCRB9,5,2,0,,012-775 3182,Monday: 10:00?AM?–?7:00?PM | Tuesday: 10:00?AM?–?7:00?PM | Wednesday: 10:00?AM?–?7:00?PM | Thursday: 10:00?AM?–?7:00?PM | Friday: 10:00?AM?–?7:00?PM | Saturday: 10:00?AM?–?7:00?PM | Sunday: 10:00?AM?–?7:00?PM,https://www.facebook.com/profile.php?id=100088871498445,
CHC300K_028,KEDAI UBAT & RUNCIT KIAN TECK,NO:36-A,0,,Others,CENTRAL,CENTRAL,3.009408,101.442307,cmh,547.35,7,33062,CHCRB10,2,2,0,,010-776 7779,Monday: 10:00?AM?–?9:00?PM | Tuesday: 10:00?AM?–?9:00?PM | Wednesday: 10:00?AM?–?9:00?PM | Thursday: 10:00?AM?–?9:00?PM | Friday: 10:00?AM?–?9:00?PM | Saturday: 10:00?AM?–?9:00?PM | Sunday: 10:00?AM?–?9:00?PM,,
CHC300K_033,MGM SUPER MARKET SDN. BHD.,"NO:5  JALAN KSU 1, TAMAN KUALA SELANGOR UTAMA",45000,45000 KUALA SELANGOR,Others,CENTRAL,CENTRAL,3.331663,101.26815,lpv,1114.77,2.2,33062,CHCRB5,0,0,0,,,,,
CHC300K_034,KK SUPERMART & SUPERSTORE SDN. BHD.,LOT 3720,0,,KKMART,CENTRAL,CENTRAL,0,0,minika,6938012.63,135.4,33062,CHCRBGEN,0,0,0,,,,,
CHC300K_036,PERNIAGAAN KANG KAO,"NO:114 & 116 JALAN TENGKU BADAR, 42000 PORT KLANG",0,SELANGOR DARUL EHSAN.,Others,CENTRAL,CENTRAL,3.009464,101.403053,cmh,1624.36,4.6,33062,CHCRB10,4.4,37,0,,03-3373 2716,Monday: 9:00?AM?–?9:00?PM | Tuesday: 9:00?AM?–?9:00?PM | Wednesday: 9:00?AM?–?9:00?PM | Thursday: 9:00?AM?–?9:00?PM | Friday: 9:00?AM?–?9:00?PM | Saturday: 9:00?AM?–?9:00?PM | Sunday: 9:00?AM?–?9:00?PM,,
CHC300K_040,PASAR MINI KIEN FATT,"NO.208 JALAN KELINIK, SIMPANG IJOK",45620,45620 BATANG BERJUNTAI,Others,CENTRAL,CENTRAL,3.3167929,101.4150545,spv,1400.24,2.8,33062,CHCRB5,4.3,4,0,,010-242 9185,Monday: 2:00?–?10:30?PM | Tuesday: 9:00?AM?–?10:30?PM | Wednesday: 9:00?AM?–?10:30?PM | Thursday: 9:00?AM?–?10:30?PM | Friday: 9:00?AM?–?10:30?PM | Saturday: 9:00?AM?–?10:30?PM | Sunday: 9:00?AM?–?10:30?PM,,
CHC300K_042,PASAR MINI K.T.R,"NO:1  JALAN MELATI 3/19, BANDAR MALAWATI",45000,45000 KUALA SELANGOR,Others,CENTRAL,CENTRAL,3.3306643,101.254924,spv,124.13,1,33062,CHCRB5,4.2,334,0,,03-3281 1979,Monday: 9:30?AM?–?8:00?PM | Tuesday: 9:30?AM?–?8:00?PM | Wednesday: 9:30?AM?–?8:00?PM | Thursday: 9:30?AM?–?8:00?PM | Friday: 9:30?AM?–?8:00?PM | Saturday: 9:30?AM?–?8:00?PM | Sunday: 9:30?AM?–?5:00?PM,https://m.facebook.com/pages/Deluxe-Household-Wholesale/412118998993449,
CHC300K_044,CHOP KWONG SENG,NO:49,0,,Others,CENTRAL,CENTRAL,3.2573535,101.3072515,spv,180.73,1.2,33062,CHCRB5,3.7,696,0,,03-3264 6588,Monday: 8:00?AM?–?10:00?PM | Tuesday: 8:00?AM?–?10:00?PM | Wednesday: 8:00?AM?–?10:00?PM | Thursday: 8:00?AM?–?10:00?PM | Friday: 8:00?AM?–?10:00?PM | Saturday: 8:00?AM?–?10:00?PM | Sunday: 8:00?AM?–?10:00?PM,https://econsave.com.my/,
CHC300K_054,MINI MARKET KADER MAJU,"NO.33  JALAN RAJA CHULAN, 45200 SABAK BERNAM",45200,SELANGOR DARUL EHSAN.,Others,CENTRAL,CENTRAL,3.7689015,100.9831847,spv,124.13,1,33062,CHCRB5,0,0,0,,,,,
CHC300K_062,KANG YICK ENTERPRISE,"LOT 2476  JALAN BESAR, 42200 KAPAR",0,SELANGOR DARUL EHSAN.,Others,CENTRAL,CENTRAL,3.1375261,101.3735698,cmh,937.1,2.6,33062,CHCRB5,5,4,0,,016-659 6183,Monday: 9:00?AM?–?7:00?AM | Tuesday: 9:00?AM?–?7:00?PM | Wednesday: 9:00?AM?–?7:00?PM | Thursday: 9:00?AM?–?7:00?PM | Friday: 9:00?AM?–?7:00?PM | Saturday: 9:00?AM?–?7:00?PM | Sunday: Closed,,
CHC300K_065,KIT SENG HARDWARE TRADING,"NO:37  JALAN BB 1/4, TAMAN BANTING BARU",42700,42700 BANTING,Others,CENTRAL,CENTRAL,2.8182626,101.4567744,whs,73.54,0.8,33062,CHCRB1,0,0,0,,,,,
CHC300K_066,KEDAI KEAN FATT,NO:10,0,,Others,CENTRAL,CENTRAL,3.05843,101.506577,spv,277.01,4.8,33062,CHCRB7,5,3,0,,019-316 2400,Monday: 9:00?AM?–?9:00?PM | Tuesday: 9:00?AM?–?9:00?PM | Wednesday: 9:00?AM?–?9:00?PM | Thursday: 9:00?AM?–?9:00?PM | Friday: 9:00?AM?–?9:00?PM | Saturday: 9:00?AM?–?9:00?PM | Sunday: 9:00?AM?–?9:00?PM,https://linktr.ee/qr/c8576d4e-3202-4ac7-aa49-de7fef007a92?utm_source=qr_code,
CHC300K_071,PASAR RAYA SRI KASSIM SDN. BHD.,"LOT 1605-1608  MEDAN SUNGAI BESAR, 45300 SUNGAI BESAR",0,SELANGOR DARUL EHSAN.,Others,CENTRAL,CENTRAL,3.6744969,100.9878172,lpv,111793.3,7.2,33062,CHCRB5,0,0,0,,,,,
CHC300K_073,KFA SEKINCHAN TRADING,NO:44,0,,Others,CENTRAL,CENTRAL,3.5086666,101.1028963,spv,180.73,1.2,33062,CHCRB5,0,0,0,,,,,
CHC300K_075,PASAR MINI KIAMBANG AZRA WAJDI,"NO:G30  JALAN PUTRA PERDANA 5F, TAMAN PUTRA PERDANA",47130,PUCHONG,Others,CENTRAL,CENTRAL,2.941638,101.613156,spv,1538.18,14.2,33062,CHCRB11,3.9,1042,0,,03-8319 3189,Monday: 8:00?AM?–?9:30?PM | Tuesday: 8:00?AM?–?9:30?PM | Wednesday: 8:00?AM?–?9:30?PM | Thursday: 8:00?AM?–?9:30?PM | Friday: 8:00?AM?–?9:30?PM | Saturday: 8:00?AM?–?9:30?PM | Sunday: 8:00?AM?–?9:30?PM,,
CHC300K_080,KEDAI KEAN LEE,"NO:149-A  JALAN PASAR, 42800 TANJONG SEPAT",42800,SELANGOR DARUL EHSAN.,Others,CENTRAL,CENTRAL,2.6621044,101.5580721,spv,294.61,3.8,33062,CHCRB10,0,0,0,,,,,
CHC300K_093,KONG FAAT TRADING,NO. 15A,0,,Others,CENTRAL,CENTRAL,3.1359048,101.4188059,whs,67.53,0.8,33062,CHCRB9,0,0,0,,012-286 5343,Monday: 8:00?AM?–?8:00?PM | Tuesday: 8:00?AM?–?8:00?PM | Wednesday: 8:00?AM?–?8:00?PM | Thursday: 8:00?AM?–?8:00?PM | Friday: 8:00?AM?–?8:00?PM | Saturday: 8:00?AM?–?8:00?PM | Sunday: 8:00?AM?–?8:00?PM,,
CHC300K_099,KLANG LI & CO SDN BERHAD,NO:2,0,,Others,CENTRAL,CENTRAL,3.0701227,101.4508203,whs,12324.14,2,33062,CHCRB9,4,50,0,,03-3362 6863,Monday: 9:00?AM?–?10:00?PM | Tuesday: 9:00?AM?–?10:00?PM | Wednesday: 9:00?AM?–?10:00?PM | Thursday: 9:00?AM?–?10:00?PM | Friday: 9:00?AM?–?10:00?PM | Saturday: 9:00?AM?–?10:00?PM | Sunday: 9:00?AM?–?10:00?PM,http://www.99speedmart.com.my/,
CHC300K_114,MARCHEL ENTERPRISE,NO.T-222,0,,Others,CENTRAL,CENTRAL,2.8171085,101.5177763,spv,775.42,7.6,33062,CHCRB10,0,0,0,,,,,
CHC300K_121,PASAR MINI K.A.M.I.,LOT 1285,0,,Others,CENTRAL,CENTRAL,3.05706,101.408485,spv,268.11,6.2,33062,CHCRB10,0,0,0,,,,,
CHC300K_126,JAYA GLOBAL ENTERPRISE,NO.1,0,,Others,CENTRAL,CENTRAL,3.1739438,101.3172068,spv,124.13,1,33062,CHCRB5,0,0,0,,,,,
CHC300K_128,KAUNEEGAN ENTERPRISE,"NO:6G, BLOCK 15, PANGSAPURI MELATI,, TAMAN BUKIT SUBANG,",40160,"40160 SHAH ALAM,",Others,CENTRAL,CENTRAL,3.0335381,101.6174071,spv,231.67,3,33062,CHCRB7,0,0,0,,,,,
CHC300K_132,KAPAR CITY C-STORE (001435537-T),LOT 40846,0,,Others,CENTRAL,CENTRAL,3.0958375,101.3776609,pms,0,0,33062,CHCRB6,2.8,5,0,,016-222 9002,Monday: Open 24 hours | Tuesday: Open 24 hours | Wednesday: Open 24 hours | Thursday: Open 24 hours | Friday: Open 24 hours | Saturday: Open 24 hours | Sunday: Open 24 hours,,
CHC300K_134,KAMILA MART,"NO:6, JALAN KELULI AN7/AN,, SEKSYEN 7,",40000,"SHAH ALAM,",Others,CENTRAL,CENTRAL,3.066072,101.474388,spv,337.81,4,33062,CHCRB7,0,0,0,,,,,
CHC300K_158,HASAN MAJU SDN. BHD.,"NO:35-G, JALAN SETIA UTAMA AR U13/AR,, SEKSYEN U13  SETIA ALAM",40170,SHAH ALAM,Others,CENTRAL,CENTRAL,3.125883,101.4663748,spv,270.24,3.4,33062,CHCRB7,4.7,14,0,,014-221 9958,Monday: 10:00?AM?–?10:00?PM | Tuesday: 10:00?AM?–?10:00?PM | Wednesday: 10:00?AM?–?10:00?PM | Thursday: 10:00?AM?–?10:00?PM | Friday: 10:00?AM?–?10:00?PM | Saturday: 10:00?AM?–?10:00?PM | Sunday: 10:00?AM?–?10:00?PM,,
CHC300K_160,RESTORAN KUAI LOK HIAN,"NO:H-1A, JALAN MERDEKA,, PULAU KETAM, PORT KLANG,",42940,"PULAU KETAM,",Others,CENTRAL,CENTRAL,3.018279,101.252777,spv,727.8,6,33062,CHCRB10,0,0,0,,,,,
CHC300K_163,KIM CHUAN SENG ENTERPRISE,"NO:29-K, JALAN BESAR,",42940,"42940 PULAU KETAM,",Others,CENTRAL,CENTRAL,3.020654,101.253189,spv,1488.34,12.4,33062,CHCRB10,0,0,0,,,,,
CHC300K_171,KUANA BINTI MOHAMAD ALI,NO:7A,0,,Others,CENTRAL,CENTRAL,3.328901,101.269692,spv,124.13,1,33062,CHCRB5,0,0,0,,011-1774 0386,Monday: 8:00?AM?–?8:00?PM | Tuesday: 8:00?AM?–?8:00?PM | Wednesday: 8:00?AM?–?8:00?PM | Thursday: 8:00?AM?–?8:00?PM | Friday: 8:00?AM?–?8:00?PM | Saturday: 8:00?AM?–?8:00?PM | Sunday: Closed,,
CHC300K_176,KELANG UTAMA MINI MARKET,NO:14,0,,Others,CENTRAL,CENTRAL,3.0866143,101.4148239,spv,290.82,3.8,33062,CHCRB6,0,0,0,,,,,
CHC300K_183,KR SINNIAH & SON STORE,NO:49,0,,Others,CENTRAL,CENTRAL,3.001638,101.3995902,spv,634.08,6,33062,CHCRB10,5,3,0,,012-918 0859,Monday: 9:00?AM?–?8:00?PM | Tuesday: 9:00?AM?–?8:00?PM | Wednesday: 9:00?AM?–?8:00?PM | Thursday: 9:00?AM?–?8:00?PM | Friday: 9:00?AM?–?8:00?PM | Saturday: 9:00?AM?–?8:00?PM | Sunday: 9:00?AM?–?8:00?PM,,
CHC300K_192,OCEANIC SUPER MART (2),"NO:8, LORONG MAHANG 6,, TAMAN MERU UTAMA,",41050,"41050 KLANG,",Others,CENTRAL,CENTRAL,3.127155,101.4406,spv,1480.38,5.8,33062,CHCRB6,5,3,0,ChIJ-cop81lRzDERIac4wJbg1MU,018-702 2990,Monday: 7:00?AM?–?2:00?AM | Tuesday: 7:00?AM?–?2:00?AM | Wednesday: 7:00?AM?–?2:00?AM | Thursday: 7:00?AM?–?2:00?AM | Friday: 7:00?AM?–?2:00?AM | Saturday: 7:00?AM?–?2:00?AM | Sunday: 7:00?AM?–?2:00?AM,,
CHC300K_194,NN GROCERY ENTERPRISE,"LOT 6417A  JALAN SUNGAI UDANG, 41250 KLANG",0,SELANGOR DARUL EHSAN.,Others,CENTRAL,CENTRAL,3.042305,101.418701,spv,255.58,2.8,33062,CHCRB7,0,0,0,,,,,
CHC300K_204,PASAR RAYA KL BEH SDN. BHD.,"LOT 312  LORONG SATU, TAMAN BERJAYA",45200,45200 SABAK BERNAM,Others,CENTRAL,CENTRAL,3.7671577,100.9823912,spv,21023.31,6.4,33062,CHCRB5,0,0,0,,,,,
CHC300K_210,SMT MINI MART,"NO:9  JALAN SEMENTA UTAMA 1, TAMAN SEMENTA UTAMA",42100,KLANG,Others,CENTRAL,CENTRAL,3.0931514,101.3780191,spv,281.23,3.4,33062,CHCRB6,2.8,5,0,,016-222 9002,Monday: Open 24 hours | Tuesday: Open 24 hours | Wednesday: Open 24 hours | Thursday: Open 24 hours | Friday: Open 24 hours | Saturday: Open 24 hours | Sunday: Open 24 hours,,
CHC300K_226,PASAR RAYA KITA,"LOT 1376  BATU 1 1/2  SIJANGKANG, TELOK PANGLIMA GARANG",42500,42500 BANTING,Others,CENTRAL,CENTRAL,2.93933,101.449448,spv,3696.67,12.8,33062,CHCRB10,0,0,0,,,,,
CHC300K_235,K.N.V ENTERPRISE,"NO:5 JALAN KILAUAN 1, TAMAN KILAUAN",45600,45600 BANTANG BERJUNTAI,Others,CENTRAL,CENTRAL,3.373991,101.3880438,oth,124.13,1,33062,CHCRB5,0,0,0,,,,,
CHC300K_238,PASAR MINI KPS,"NO:56 JALAN BESAR, 43950 SUNGAI PELEK",0,SELANGOR DARUL EHSAN.,Others,CENTRAL,CENTRAL,2.6429189,101.7174597,spv,468.74,12.4,33062,CHCRB1,0,0,0,,,,,
CHC300K_241,KAMPONG TOK MUDA ENTERPRISE,LOT 7140,0,,Others,CENTRAL,CENTRAL,3.1344392,101.3446627,spv,180.73,1.2,33062,CHCRB5,0,0,0,,,,,
CHC300K_242,SYARIKAT KENG HUAT  (000222364-X),PERMATANG PASIR,0,,Others,CENTRAL,CENTRAL,2.8353042,101.4310758,spv,237.33,1.4,33062,CHCRB10,4.5,2,0,,03-3362 6863,Monday: 9:00?AM?–?10:00?PM | Tuesday: 9:00?AM?–?10:00?PM | Wednesday: 9:00?AM?–?10:00?PM | Thursday: 9:00?AM?–?10:00?PM | Friday: 9:00?AM?–?10:00?PM | Saturday: 9:00?AM?–?10:00?PM | Sunday: 9:00?AM?–?10:00?PM,http://www.99speedmart.com.my/,
CHC300K_247,NG KIAT SIONG,"LOT 79 AI, JALAN MORIB,, KAMPUNG TONGKAH,",42700,BANTING,Others,CENTRAL,CENTRAL,2.763201,101.4493,spv,793.06,7.6,33062,CHCRB10,0,0,0,,,,,
CHC300K_255,PASAR MINI KH MAJU,"NO:4-1-1,JALAN DAWAI 16/2, , SEKSYEN 16,",40200," SHAH ALAM,",Others,CENTRAL,CENTRAL,3.1328531,101.444958,spv,237.33,1.6,33062,CHCRB7,4,2,0,,03-3392 0957,Monday: 8:00?AM?–?8:00?PM | Tuesday: 8:00?AM?–?8:00?PM | Wednesday: 8:00?AM?–?8:00?PM | Thursday: 8:00?AM?–?8:00?PM | Friday: 8:00?AM?–?8:00?PM | Saturday: 8:00?AM?–?8:00?PM | Sunday: 8:00?AM?–?8:00?PM,,
CHC300K_290,KRISHNA MINI MARKET,"NO:32  JALAN DATO YUSOF SHAHBUDIN, 29  TAMAN SENTOSA KLANG",41200,41200 KLANG,Others,CENTRAL,CENTRAL,3.0099797,101.4654121,spv,285.26,3.2,33062,CHCRB10,3.9,971,0,,03-5162 1300,Monday: 8:30?AM?–?9:00?PM | Tuesday: 8:30?AM?–?9:00?PM | Wednesday: 8:30?AM?–?9:00?PM | Thursday: 8:30?AM?–?9:00?PM | Friday: 8:30?AM?–?9:00?PM | Saturday: 8:30?AM?–?9:00?PM | Sunday: 8:30?AM?–?9:00?PM,,
CHC300K_298,PASAR MINI KADER NAINAR,NO:1,0,,Others,CENTRAL,CENTRAL,3.0323717,101.4009191,spv,254.26,2.6,33062,CHCRB7,0,0,0,,,,,
CHC300K_380,PASAR MINI KH MAJU,"LOT 719, JALAN SUNGAI RASA,, 41300 KLANG,",41300,,Others,CENTRAL,CENTRAL,3.058233,101.48674,spv,232.91,4,33062,CHCRB7,4,224,0,,012-998 3586,Monday: 8:00?AM?–?10:00?PM | Tuesday: 8:00?AM?–?10:00?PM | Wednesday: 8:00?AM?–?10:00?PM | Thursday: 8:00?AM?–?10:00?PM | Friday: 8:00?AM?–?10:00?PM | Saturday: 8:00?AM?–?10:00?PM | Sunday: 8:00?AM?–?10:00?PM,,
CHC300K_394,KARTA INTERNATIONAL SDN. BHD.,"NO:19  JALAN TPP 1/1A, TAMAN INDUSTRY PUCHONG",47100,BATU 12  JALAN PUCHONG,Others,CENTRAL,CENTRAL,3.0219649,101.6091115,whs,67.53,0.8,33062,CHCRB11,0,0,0,,,,,
CHC300K_411,KJ AGRO FRESH TRADING,"NO:1, JALAN DP 5,, TAMAN DORANI PERDANA,",45300,"45300 SUNGAI BESAR,",Others,CENTRAL,CENTRAL,3.6402783,101.0206433,spv,124.13,1,33062,CHCRB5,0,0,0,,,,,
CHC300K_420,KOTA STATIONERS,"LOT 52, JALAN LAYANG-LAYANG 3,, BANDAR PUCHONG JAYA,",47100,"PUCHONG,",Others,CENTRAL,CENTRAL,3.0414359,101.6217951,whs,67.53,0.8,33062,CHCRB11,4.3,6,0,,,Monday: 10:00?AM?–?10:28?PM | Tuesday: 10:00?AM?–?10:28?PM | Wednesday: 10:00?AM?–?10:28?PM | Thursday: 10:00?AM?–?10:28?PM | Friday: 10:00?AM?–?10:28?PM | Saturday: 10:00?AM?–?10:28?PM | Sunday: 10:00?AM?–?10:28?PM,,
CHC300K_430,MIERUZ VENTURES (2),"NO:1, JALAN PUTRA INDAH 9/1A,, SEKSYEN 9, PUTRA HEIGHTS,",47650,"SUBANG JAYA,",Others,CENTRAL,CENTRAL,2.9936193,101.5614459,spv,243.29,3.2,33062,CHCRB11,0,0,0,,,,,
CHC300K_433,KLC MARKETING & SALES (M) SDN. BHD.,"NO:32, JALAN KAJANG PERDANA 3/2,, TAMAN KAJANG PERDANA,",43000,"KAJANG,",Others,CENTRAL,CENTRAL,2.9908407,101.8184821,whs,67.55,0.6,33062,CHCRB2,0,0,0,,011-2097 9769,,,
CHC300K_440,KIB MINI MART,"NO:52G & 54G, TINGKAT BAWAH,, JALAN PP1-1, TAMAN PUTRA PERDANA,",47100,"PUCHONG,",Others,CENTRAL,CENTRAL,2.948532,101.618965,spv,2361.68,19.2,33062,CHCRB11,3.6,9,0,ChIJAfVxes-3zTER6JLcp6anc1k,014-737 3797,,,
CHC300K_442A,KEN'S GROCER @ KENWINGSTON BUSINESS CENTRE,"01-07-08, 02-01, 02-06-13A, KENWINGSTON BUSINESS C, KENWINGSTON SEQUARE GARDEN, PERSIARAN BESTARI,",63000,"CYBER 9, 63000 CYBERJAYA, SELANGOR.",Others,CENTRAL,CENTRAL,2.9105166,101.6396909,lpv,14462.71,40.8,33062,CHCRB1,4.6,30,0,,017-637 5587,Monday: 8:00?AM?–?3:00?AM | Tuesday: 8:00?AM?–?3:00?AM | Wednesday: 8:00?AM?–?3:00?AM | Thursday: 8:00?AM?–?3:00?AM | Friday: 8:00?AM?–?3:00?AM | Saturday: 8:00?AM?–?3:00?AM | Sunday: 8:00?AM?–?3:30?AM,,
CHC300K_442H,MEMI ZOOO ZOOO GROCER @ CHERAS LEN SENG,"G-19, RESIDENSI MAJESTIC MAXIM,, NO:45, JALAN 9, TAMAN BUKIT CHERAS,",56000,"CHERAS,",MEMI,CENTRAL,CENTRAL,3.0775543,101.7417114,lpv,37607.21,58.8,33062,CHCRB3,4.3,533,0,,,Monday: Open 24 hours | Tuesday: Open 24 hours | Wednesday: Open 24 hours | Thursday: Open 24 hours | Friday: Open 24 hours | Saturday: Open 24 hours | Sunday: Open 24 hours,,
CHC300K_442L,MEMI ZOOO ZOOO @ BLOOMSVALE,"LG-001, BLOOMSVALE SHOPPING GALLERY,, MUKIM PETALING, JALAN PUCHONG,",58200,58200 KUALA LUMPUR.,MEMI,CENTRAL,CENTRAL,3.0754068,101.6606,lpv,26261.06,43,33062,CHCRB3,0,0,0,,03-8408 1501,Monday: 9:00?AM?–?5:00?PM | Tuesday: 9:00?AM?–?5:00?PM | Wednesday: 9:00?AM?–?5:00?PM | Thursday: 9:00?AM?–?5:00?PM | Friday: 9:00?AM?–?5:00?PM | Saturday: Closed | Sunday: Closed,,
CHC300K_442M,MEMI ZOOO ZOOO @ SKYLOFTS SUBANG,"G-01, G-02 & G-03A, RESIDENSI, KENWINGSTON SUBANG, JALAN",47600,PERINDUSTRIAN SUBANG USJ.,MEMI,CENTRAL,CENTRAL,3.061674,101.595772,lpv,8794.04,19.8,33062,CHCRB1,0,0,0,,03-8023 0094,Monday: 11:00?AM?–?10:00?PM | Tuesday: 11:00?AM?–?10:00?PM | Wednesday: 11:00?AM?–?10:00?PM | Thursday: 11:00?AM?–?10:00?PM | Friday: 11:00?AM?–?10:00?PM | Saturday: 11:00?AM?–?10:00?PM | Sunday: 11:00?AM?–?10:00?PM,,
CHC300K_443,KP SPEEDMART,"NO:90, JALAN RAJA MOKHTAR 1,, PEKAN KAPAR,",42200,"KAPAR,",Others,CENTRAL,CENTRAL,3.1361933,101.371995,spv,124.13,1,33062,CHCRB5,5,4,0,,016-659 6183,Monday: 9:00?AM?–?7:00?AM | Tuesday: 9:00?AM?–?7:00?PM | Wednesday: 9:00?AM?–?7:00?PM | Thursday: 9:00?AM?–?7:00?PM | Friday: 9:00?AM?–?7:00?PM | Saturday: 9:00?AM?–?7:00?PM | Sunday: Closed,,
CHC300K_447,KEDAI UBAT & PASAR MINI KWONG FATT,"NO:71, JALAN 2, TAMAN LENSEN,, BATU 6 1/2, JALAN CHERAS,",56100,56000 KUALA LUMPUR.,Others,CENTRAL,CENTRAL,3.1328786,101.4447636,spv,180.73,1.4,33062,CHCRB7,3.5,8,0,,03-3362 6863,Monday: 9:00?AM?–?10:00?PM | Tuesday: 9:00?AM?–?10:00?PM | Wednesday: 9:00?AM?–?10:00?PM | Thursday: 9:00?AM?–?10:00?PM | Friday: 9:00?AM?–?10:00?PM | Saturday: 9:00?AM?–?10:00?PM | Sunday: 9:00?AM?–?10:00?PM,http://www.99speedmart.com.my/,
CHC300K_453,KD MART,"LOT 11697E3, JALAN MOHD YAMIN,, KAMPUNG DELEK,",41250,"KLANG,",Others,CENTRAL,CENTRAL,2.9864783,101.4333867,spv,273.7,3,33062,CHCRB7,0,0,0,,,,,
CHC300K_454,KHEW SEE HOR HOLDINGS SDN. BHD.,"NO:61-G, JALAN KENARI 21,, BANDAR PUCHONG JAYA,",47100,"PUCHONG,",Others,CENTRAL,CENTRAL,3.043532,101.622135,spv,764.15,9.2,33062,CHCRB11,4.3,6,0,,,Monday: 10:00?AM?–?10:28?PM | Tuesday: 10:00?AM?–?10:28?PM | Wednesday: 10:00?AM?–?10:28?PM | Thursday: 10:00?AM?–?10:28?PM | Friday: 10:00?AM?–?10:28?PM | Saturday: 10:00?AM?–?10:28?PM | Sunday: 10:00?AM?–?10:28?PM,,
CHC300K_458,KAY 9 ENTERPRISE,"NO:17, MEDAN TAMING 1,, TAMAN TAMING JAYA,",43300,"43300 SERI KEMBANGAN,",Others,CENTRAL,CENTRAL,3.024372,101.741749,spv,665.59,4.4,33062,CHCRB2,0,0,0,,,,,
CHC300K_461,KEDAI RUNCIT KANA TASYUKUR,"NO:G-18, JALAN 1/2, TAMAN PERKASA,, 43100 HULU LANGAT,",43100,SELANGOR.,Others,CENTRAL,CENTRAL,3.103363,101.799011,spv,249.68,4,33062,CHCRB7,0,0,0,,,,,
CHC300K_466,KZ EMPIRE TRADING,"S-1, BLOCK B, JALAN BATU NILAM 15,, BANDAR BUKIT TINGGI,",41200,"41200 KLANG,",Others,CENTRAL,CENTRAL,3.007635,101.426331,spv,237.33,1.4,33062,CHCRB10,3.6,5,0,,012-284 4304,Monday: 9:00?AM?–?9:00?PM | Tuesday: 9:00?AM?–?9:00?PM | Wednesday: 9:00?AM?–?9:00?PM | Thursday: 9:00?AM?–?9:00?PM | Friday: 9:00?AM?–?9:00?PM | Saturday: 9:00?AM?–?9:00?PM | Sunday: 9:00?AM?–?9:00?PM,,
CHC300K_482,KAWANKU SUPERMART,"NO:7, JALAN MALUNG 17/19,, SEKYSEN 17,",40200,"40200 SHAH ALAM,",Others,CENTRAL,CENTRAL,3.046075,101.50457,spv,1096.85,10.4,33062,CHCRB7,0,0,0,,,,,
CHC300K_489,KELUARGAKU ENTERPRISE,"LOT 1816, JALAN LIMAU,, 41050 MERU,",41050,"KLANG,",Others,CENTRAL,CENTRAL,3.146577,101.432335,spv,737.04,2.2,33062,CHCRB6,0,0,0,,,,,
CHC300L_008,PASARAYA LIT ONN SDN. BHD.,"NO:100 & 102  GROUND FLOOR, LEBUH TURI  TAMAN CHI LIUNG",41200,42100 KLANG,Others,CENTRAL,CENTRAL,3.026471,101.428993,cmh,7510.8,14.6,33062,CHCRB10,0,0,0,,,,,
CHC300L_014,LIAN SOON TAI TRADING,"NO:15A  JALAN KP/2, PUSAT BANDAR TANJONG KARANG",45500,45500 TANJONG KARANG,Others,CENTRAL,CENTRAL,3.426513,101.176068,spv,804.95,2.6,33062,CHCRB5,0,0,0,,,,,
CHC300L_018,SYARIKAT LIM YOU THO DAN ANAK2,"A-12 JALAN BESAR, 45600 BATANG BERJUNTAI",45600,SELANGOR DARUL EHSAN.,Others,CENTRAL,CENTRAL,3.3783115,101.4061171,oth,11373.44,5,33062,CHCRB5,4.1,52,0,,,Monday: 9:00?AM?–?10:00?PM | Tuesday: 9:00?AM?–?10:00?PM | Wednesday: 9:00?AM?–?10:00?PM | Thursday: 9:00?AM?–?10:00?PM | Friday: 9:00?AM?–?10:00?PM | Saturday: 9:00?AM?–?10:00?PM | Sunday: 9:00?AM?–?10:00?PM,,
CHC300L_023,LOO SAY THOR & SONS SDN BHD,NO.5,0,,Others,CENTRAL,CENTRAL,3.0705367,101.4509641,whs,0,0,33062,CHCRBGEN,4,50,0,,03-3362 6863,Monday: 9:00?AM?–?10:00?PM | Tuesday: 9:00?AM?–?10:00?PM | Wednesday: 9:00?AM?–?10:00?PM | Thursday: 9:00?AM?–?10:00?PM | Friday: 9:00?AM?–?10:00?PM | Saturday: 9:00?AM?–?10:00?PM | Sunday: 9:00?AM?–?10:00?PM,http://www.99speedmart.com.my/,
CHC300L_026,KAMPUNG ST GROCER,"LOT 520 BATU 1 SUNGAI BUAYA, 42700 BANTING KUALA LANGAT",0,SELANGOR DARUL EHSAN.,Others,CENTRAL,CENTRAL,2.8451001,101.4571454,spv,1501.08,4,33062,CHCRB10,0,0,0,,,,,
CHC300L_030,FAMILY FRESH MARKET,"PT 7436  JALAN PANCHANG BEDENA, 45300 SUNGAI BESAR",45300,SELANGOR DARUL EHSAN.,Others,CENTRAL,CENTRAL,3.6744539,100.9822499,spv,2985.35,8.6,33062,CHCRB5,0,0,0,,,,,
CHC300L_038,LAKSHMI MINI MARKET,NO:22,0,,Others,CENTRAL,CENTRAL,3.030709,101.5305742,spv,2083.83,10.2,33062,CHCRB10,4,83,0,ChIJZ8S3AKyyzTERzXiLAOq5D6w,,Monday: 7:00?AM?–?11:00?PM | Tuesday: 7:00?AM?–?11:00?PM | Wednesday: 7:00?AM?–?11:00?PM | Thursday: 7:00?AM?–?11:00?PM | Friday: 7:00?AM?–?11:00?PM | Saturday: 7:00?AM?–?11:00?PM | Sunday: 7:00?AM?–?11:00?PM,,
CHC300L_043,CHOP LIAN HUP,"S-39, JALAN SEKOLAH,, SUNGAI JAROM,",42600,"42600 KUALA LANGAT,",Others,CENTRAL,CENTRAL,2.8789786,101.4935851,spv,773.94,8.8,33062,CHCRB10,4,41,0,ChIJu5i51ImvzTERUnxQ1Bnyr_k,03-3191 3340,Monday: 6:30?AM?–?6:00?PM | Tuesday: 6:30?AM?–?6:00?PM | Wednesday: 6:30?AM?–?6:00?PM | Thursday: 6:30?AM?–?6:00?PM | Friday: 6:30?AM?–?6:00?PM | Saturday: 6:30?AM?–?6:00?PM | Sunday: Closed,,
CHC300L_049,PERNIAGAAN LEAN ENG,"SIMPANG AMPAT.B.N.O., 45200 SABAK BERNAM",0,,Others,CENTRAL,CENTRAL,3.778263,100.882607,spv,761.25,2.8,33062,CHCRB5,0,0,0,,,,,
CHC300L_069,LUCKY 7 FRESH MART,"LOT 24736, PT 4952,, JALAN BAGAN SUNGAI BURONG,",45200,"45200 SUNGAI BESAR, ",Others,CENTRAL,CENTRAL,3.0928021,101.3902461,spv,3214.65,3.8,33062,CHCRB5,0,0,0,,,,,
CHC300L_072,SKI MINI MARKET,"TAMAN SUNGAI KAPAR INDAH,, TAMAN SUNGAI KAPAR INDAH,",42100,"KLANG,",Others,CENTRAL,CENTRAL,3.095213,101.3838846,spv,167.96,1.6,33062,CHCRB6,3.8,523,0,,03-3291 9181,Monday: 9:00?AM?–?10:00?PM | Tuesday: 9:00?AM?–?10:00?PM | Wednesday: 9:00?AM?–?10:00?PM | Thursday: 9:00?AM?–?10:00?PM | Friday: 9:00?AM?–?10:00?PM | Saturday: 9:00?AM?–?10:00?PM | Sunday: 9:00?AM?–?10:00?PM,http://www.engsheng.com/big-supermart/,
CHC300L_086,L .K .TEE ENTERPRISE SDN BHD.,NO:33,0,,Others,CENTRAL,CENTRAL,3.0049956,101.4515649,whs,-455.65,0,33062,CHCRBGEN,3.7,3,0,,012-283 9844,Monday: 8:00?AM?–?8:00?PM | Tuesday: 8:00?AM?–?8:00?PM | Wednesday: 8:00?AM?–?8:00?PM | Thursday: 8:00?AM?–?8:00?PM | Friday: 8:00?AM?–?8:00?PM | Saturday: 8:00?AM?–?8:00?PM | Sunday: 8:00?AM?–?8:00?PM,,
CHC300L_092,LP MART,NO:13  JALAN RANTAU PANJANG 2/KU4,42100,KLANG,Others,CENTRAL,CENTRAL,3.0703163,101.4119322,spv,1505.23,12.2,33062,CHCRB10,0,0,0,,,,,
CHC300L_094,LL MINI MARKET,"PT 5524  JALAN PANCHANG BEDENA, TAMAN CAHAYA",45300,45300 SUNGAI BESAR,Others,CENTRAL,CENTRAL,3.6798871,100.9747399,spv,2105.51,6,33062,CHCRB5,0,0,0,,,,,
CHC300L_105,L. G MINI MARKET,"NO:99  JALAN BENDAHARA 45, TAMAN SEJATI",41200,KLANG,Others,CENTRAL,CENTRAL,3.007498,101.464012,spv,395.72,8,33062,CHCRB10,5,3,0,,018-668 0768,Monday: 11:00?AM?–?8:00?PM | Tuesday: 11:00?AM?–?8:00?PM | Wednesday: 11:00?AM?–?8:00?PM | Thursday: 11:00?AM?–?8:00?PM | Friday: 11:00?AM?–?8:00?PM | Saturday: 11:00?AM?–?8:00?PM | Sunday: 11:00?AM?–?8:00?PM,,
CHC300L_120,LEE TICK SIM TRADING,NO:55,0,,Others,CENTRAL,CENTRAL,2.8723271,101.6696717,spv,287.9,2.8,33062,CHCRB11,0,0,0,,,,,
CHC300L_147,KEDAI UBAT LEN MIN,"NO:19K  JALAN BESAR, 42940 PULAU KETAM",42940,,Others,CENTRAL,CENTRAL,3.0210263,101.2528615,cmh,2599.27,10.6,33062,CHCRB10,0,0,0,,,,,
CHC300L_158,LIVINGHEALTH TAIPAN SDN. BHD.,"NO:9-1  JALAN ECOHILL 1/5B, SETIA ECOHILL",43500,SEMENYIH,Others,CENTRAL,CENTRAL,2.925464,101.8539714,oth,212.1,3.8,33062,CHCRB7,0,0,0,,018-287 8949,,,
CHC300L_168,LEE HWAN INDUSTRIES SUPPLIES SDN. BHD.,"NO:3  JALAN PENGASAH 4, BATU 4  JALAN KAPAR",42100,42100 KLANG,Others,CENTRAL,CENTRAL,3.0718121,101.4122639,spv,169.8,0.8,33062,CHCRB6,0,0,0,,,,,
CHC300L_185,LEK MARKETING,NO:6  JALAN 4 BAGAN SUNGAI BESAR,45300,SUNGAI BESAR,Others,CENTRAL,CENTRAL,3.6679179,100.9812232,spv,408.65,1.4,33062,CHCRB5,0,0,0,,,,,
CHC300L_195,LITTLES (MALAYSIA) SDN BHD - M&S,"PORT KLANG LOGISTICS CENTRE (PKLC), NO:22, LENGKUNGAN PERSIARAN SULTAN",42000,"HISHAMUDDIN, KAWASAN PERINDUSTRIAN SELAT",Others,CENTRAL,CENTRAL,3.0134982,101.3688988,oth,180.73,1.2,33062,CHCRB7,0,0,0,,,,,
CHC300L_210,FARMASI LIVING HEALTH,"NO:26, JALAN BPP 8/4,, BANDAR PUTRA PERMAI,",43300,"SERI KEMBANGAN,",Others,CENTRAL,CENTRAL,3.024129,101.7405992,oth,56.6,0.2,33062,CHCRB2,0,0,0,,012-265 2423,Monday: 8:00?AM?–?10:00?PM | Tuesday: 8:00?AM?–?10:00?PM | Wednesday: 8:00?AM?–?10:00?PM | Thursday: 8:00?AM?–?10:00?PM | Friday: 8:00?AM?–?10:00?PM | Saturday: 8:00?AM?–?10:00?PM | Sunday: 8:00?AM?–?10:00?PM,,
CHC300L_212,LUQKISSA HEALTHCARE SDN. BHD.,"NO:3, JALAN SEKSYEN 3/2,, TAMAN KAJANG UTAMA,",43000,"KAJANG,",Others,CENTRAL,CENTRAL,2.9751178,101.7991896,cmh,152.19,2.2,33062,CHCRB7,3.3,6,0,,012-494 5085,"Monday: 7:00?AM?–?10:00?PM | Tuesday: 7:00?AM?–?10:00?PM | Wednesday: 7:00?AM?–?8:00?PM | Thursday: 7:00?AM?–?10:00?PM | Friday: 7:00?–?11:30?AM, 4:00?–?10:00?PM | Saturday: 7:00?AM?–?10:00?PM | Sunday: 7:00?AM?–?10:00?PM",,
CHC300L_217,LOOK YEN ENTERPRISE,"NO:21, JALAN PP 2/1,, TAMAN PUTRA PRIMA,",47130,"47130 PUCHONG,",Others,CENTRAL,CENTRAL,2.977868,101.591651,spv,237.33,1.6,33062,CHCRB11,4.5,11,0,,012-750 0337,Monday: 8:00?AM?–?5:00?PM | Tuesday: 8:00?AM?–?5:00?PM | Wednesday: 8:00?AM?–?5:00?PM | Thursday: 8:00?AM?–?5:00?PM | Friday: 8:00?AM?–?5:00?PM | Saturday: 8:00?AM?–?5:00?PM | Sunday: Closed,,
CHC300L_235,PASAR MINI LIAN GUAN,"NO:129, KAMPUNG TIRAM SETIA,, 45500 TANJUNG KARANG,",45500,,Others,CENTRAL,CENTRAL,3.0465813,101.6022071,spv,1576.2,4.2,33062,CHCRB5,5,2,0,,,,,
CHC300M_006,PASARAYA MEGA KTL,"NO:8 & 10  JALAN BB ???, TAMAN BANTING BARU",42700,42700 BANTING,Others,CENTRAL,CENTRAL,2.8187844,101.4558299,spv,726.71,3.2,33062,CHCRB10,0,0,0,,,,,
CHC300M_008,MF HEALTHY HERBS & FOOD ENTERPRISE,"NO:39G, JALAN PUTERI 5/7,, BANDAR PUTERI",47100,PUCHONG,Others,CENTRAL,CENTRAL,3.0169483,101.6153014,cmh,58.54,2.8,33062,CHCRB11,4.9,8,0,,011-1228 4557,Monday: 11:00?AM?–?6:00?PM | Tuesday: 11:00?AM?–?6:00?PM | Wednesday: 11:00?AM?–?6:00?PM | Thursday: 11:00?AM?–?6:00?PM | Friday: 11:00?AM?–?6:00?PM | Saturday: 11:00?AM?–?6:00?PM | Sunday: Closed,,
CHC300M_016,PASARAYA MEGAHERBS & FOOD SDN. BHD.,"NO:1&3, JALAN SS 24/8,, TAMAN MEGAH,",47301,"PETALING JAYA,",Others,CENTRAL,CENTRAL,3.1134292,101.611014,cmh,0,0,33062,CHCRBGEN,3.6,93,0,,03-6421 9976,Monday: 10:00?AM?–?10:00?PM | Tuesday: 10:00?AM?–?10:00?PM | Wednesday: 10:00?AM?–?10:00?PM | Thursday: 10:00?AM?–?10:00?PM | Friday: 10:00?AM?–?10:00?PM | Saturday: 10:00?AM?–?10:00?PM | Sunday: 10:00?AM?–?10:00?PM,https://villagegrocer.com.my/,
CHC300M_026,MING SENG TONG,NO:26,0,,Others,CENTRAL,CENTRAL,3.7677068,100.9806838,cmh,662.99,1.8,33062,CHCRB5,0,0,0,,,,,
CHC300M_040,MENG HING HERBS & FOOD,NO:5-G,0,,Others,CENTRAL,CENTRAL,3.099099,101.460922,cmh,2985.58,11.4,33062,CHCRB6,0,0,0,,016-675 3375,Monday: Closed | Tuesday: 6:30?AM?–?12:00?PM | Wednesday: 6:30?AM?–?12:00?PM | Thursday: 6:30?AM?–?12:00?PM | Friday: 6:30?AM?–?12:00?PM | Saturday: 6:30?AM?–?12:00?PM | Sunday: 6:30?AM?–?12:00?PM,,
CHC300M_041,PASAR MINI MERDU INDAH,"36-00-1, LORONG BATU NILAM 1C,, BANDAR BUKIT TINGGI,",41200,"KLANG,",Others,CENTRAL,CENTRAL,3.010212,101.437996,spv,180.73,1.2,33062,CHCRB10,4,4,0,ChIJ0flST5yszTERQ3qgoCYz9EA,,Monday: 8:00?AM?–?8:00?PM | Tuesday: 8:00?AM?–?8:00?PM | Wednesday: 8:00?AM?–?8:00?PM | Thursday: 8:00?AM?–?8:00?PM | Friday: 8:00?AM?–?8:00?PM | Saturday: 8:00?AM?–?8:00?PM | Sunday: 8:00?AM?–?8:00?PM,,
CHC300M_042,MELOR EI MINI MARKET,LOT 609,0,,Others,CENTRAL,CENTRAL,3.047968,101.488823,spv,346.28,7,33062,CHCRB7,5,1,0,,,"Monday: Open 24 hours | Tuesday: Open 24 hours | Wednesday: Open 24 hours | Thursday: Open 24 hours | Friday: 6:00?AM?–?12:00?PM, 2:30?PM?–?12:00?AM | Saturday: Open 24 hours | Sunday: Open 24 hours",,
CHC300M_048,KEDAI RUNCIT M.R.,"NO:56 & 58 & 62  JALAN DAGANG 25, TAMAN SRI SENTOSA",41200,41200 KLANG,Others,CENTRAL,CENTRAL,2.9975744,101.4706451,spv,5901.02,19,33062,CHCRB10,4,11,0,ChIJCzdD4viszTERRmJK5k-8YQI,016-333 6567,Monday: 8:00?AM?–?8:00?PM | Tuesday: 8:00?AM?–?8:00?PM | Wednesday: 8:00?AM?–?8:00?PM | Thursday: 8:00?AM?–?8:00?PM | Friday: 8:00?AM?–?8:00?PM | Saturday: 8:00?AM?–?8:00?PM | Sunday: 8:00?AM?–?8:00?PM,,
CHC300M_051,PASARAYA MEKODA (M) SDN BHD,NO:3 & 5,0,,Others,CENTRAL,CENTRAL,3.0984023,101.5561984,spv,169.8,0.8,33062,CHCRB6,5,1,0,,,Monday: 8:00?AM?–?10:00?PM | Tuesday: 8:00?AM?–?10:00?PM | Wednesday: 8:00?AM?–?10:00?PM | Thursday: 8:00?AM?–?10:00?PM | Friday: 8:00?AM?–?10:00?PM | Saturday: 8:00?AM?–?10:00?PM | Sunday: 8:00?AM?–?10:00?PM,http://segigroup.com/,
CHC300M_054,PASARAYA MARKO (M) SDN. BHD.,"NO:18  20 & 22  JALAN PPP3, PUSAT PERNIAGAAN PERDANA",45300,SUNGAI BESAR,Others,CENTRAL,CENTRAL,3.6663967,100.9893956,lpv,40097.68,13.2,33062,CHCRB5,0,0,0,,,,,
CHC300M_056,MOGANAVENE ENTERPRISE,NO:6,0,,Others,CENTRAL,CENTRAL,3.0223962,101.4512896,spv,938.25,5,33062,CHCRB6,0,0,0,,,,,
CHC300M_060,MOOI HONG & CO SDN BHD,NO:77-A,0,,Others,CENTRAL,CENTRAL,3.765159,100.983063,whs,25356.53,2.8,33062,CHCRB5,0,0,0,,,,,
CHC300M_070,PUSAT PERNIAGAAN MATAHARI SDN. BHD.,NO:1,0,,MATAHARI,CENTRAL,CENTRAL,3.0795758,101.6377903,lpv,78723.09,34,33062,CHCRB3,4.8,113,0,,07-283 0123,Monday: 10:00?AM?–?10:00?PM | Tuesday: 10:00?AM?–?10:00?PM | Wednesday: 10:00?AM?–?10:00?PM | Thursday: 10:00?AM?–?10:00?PM | Friday: 10:00?AM?–?10:00?PM | Saturday: 10:00?AM?–?10:00?PM | Sunday: 10:00?AM?–?10:00?PM,https://www.eco-shop.com.my/,
CHC300M_075,MUTHU PILLAI SDN BHD,NO.87,0,,Others,CENTRAL,CENTRAL,3.040641,101.4471976,spv,279.86,3,33062,CHCRB6,0,0,0,,,,,
CHC300M_076,ARY KHAN ENTERPRISE,"LOT 2315-01  BATU 22???, JALAN SULTAN ALAM SHAH",42700,KANCHONG DARAT KANAN,Others,CENTRAL,CENTRAL,2.7923535,101.48635,spv,3569.35,14.6,33062,CHCRB10,4,223,0,,,Monday: 9:00?AM?–?10:00?PM | Tuesday: 9:00?AM?–?10:00?PM | Wednesday: 9:00?AM?–?10:00?PM | Thursday: 9:00?AM?–?10:00?PM | Friday: 9:00?AM?–?10:00?PM | Saturday: 9:00?AM?–?10:00?PM | Sunday: 9:00?AM?–?10:00?PM,https://m.facebook.com/Jazcojazco99/,
CHC300M_077,METRIK DIY ENTERPRISE,NO:7,0,,Others,CENTRAL,CENTRAL,3.058138,101.5065,spv,270.05,4.6,33062,CHCRB7,5,3,0,,019-316 2400,Monday: 9:00?AM?–?9:00?PM | Tuesday: 9:00?AM?–?9:00?PM | Wednesday: 9:00?AM?–?9:00?PM | Thursday: 9:00?AM?–?9:00?PM | Friday: 9:00?AM?–?9:00?PM | Saturday: 9:00?AM?–?9:00?PM | Sunday: 9:00?AM?–?9:00?PM,https://linktr.ee/qr/c8576d4e-3202-4ac7-aa49-de7fef007a92?utm_source=qr_code,
CHC300M_084,MUDAH REZKI RS ENTERPRISE,NO:21,0,,Others,CENTRAL,CENTRAL,3.0904346,101.3776195,spv,286.01,2.8,33062,CHCRB6,2.8,5,0,,016-222 9002,Monday: Open 24 hours | Tuesday: Open 24 hours | Wednesday: Open 24 hours | Thursday: Open 24 hours | Friday: Open 24 hours | Saturday: Open 24 hours | Sunday: Open 24 hours,,
CHC300M_086,PUSAT BORONG MATAHARI SDN. BHD.,MATAHARI PARADE,0,,MATAHARI,CENTRAL,CENTRAL,3.0796305,101.4219571,lpv,48126.52,28.6,33062,CHCRB9,3.8,1104,0,,03-3291 9381,Monday: 9:00?AM?–?9:30?PM | Tuesday: 9:00?AM?–?9:30?PM | Wednesday: 9:00?AM?–?9:30?PM | Thursday: 9:00?AM?–?9:30?PM | Friday: 9:00?AM?–?9:30?PM | Saturday: 9:00?AM?–?9:30?PM | Sunday: 9:00?AM?–?9:30?PM,http://www.pasarayamatahari.com/,
CHC300M_087,MUTHU PILLAI ENTERPRISE,NO.41,0,,Others,CENTRAL,CENTRAL,3.0417264,101.4475852,spv,294.41,3.4,33062,CHCRB6,0,0,0,,,,,
CHC300M_091,MAZRINA ENTERPRISE,NO:104,0,,Others,CENTRAL,CENTRAL,3.1195991,101.44686,spv,1528.25,10,33062,CHCRB6,4.1,58,0,,03-3392 8214,Monday: 6:00?AM?–?10:00?PM | Tuesday: 6:00?AM?–?10:00?PM | Wednesday: 6:00?AM?–?10:00?PM | Thursday: 6:00?AM?–?10:00?PM | Friday: 6:00?AM?–?10:00?PM | Saturday: 6:00?AM?–?10:00?PM | Sunday: 6:00?AM?–?10:00?PM,,
CHC300M_104,MCM MART SDN BHD,NO:16,0,,Others,CENTRAL,CENTRAL,2.986359,101.5408,cmh,6867.12,20,33062,CHCRB10,0,0,0,,,,,
CHC300M_105,MR KAM TRADING,NO:76,0,,Others,CENTRAL,CENTRAL,3.1426975,101.3765154,spv,124.13,1,33062,CHCRB5,4,4,0,,03-3259 9087,Monday: 7:30?AM?–?7:00?PM | Tuesday: 7:30?AM?–?7:00?PM | Wednesday: 7:30?AM?–?7:00?PM | Thursday: 7:30?AM?–?7:00?PM | Friday: 7:30?AM?–?7:00?PM | Saturday: 7:30?AM?–?7:00?PM | Sunday: 7:30?AM?–?3:00?PM,,
CHC300M_113,FATHIMMA,NO:28,0,,Others,CENTRAL,CENTRAL,3.076493,101.497124,spv,339.37,5.4,33062,CHCRB7,0,0,0,,,,,
CHC300M_115,MOHD KAHAR BIN RAZALI,"JALAN BESAR  KG. BUKIT BANGKONG, 43950 SUNGAI PELEK  SEPANG",0,SELANGOR DARUL EHSAN.,Others,CENTRAL,CENTRAL,2.6624943,101.6731909,spv,0,0,33062,CHCRB1,0,0,0,,,,,
CHC300M_123,MERU SUPPLY SDN. BHD.,NO:6,0,,Others,CENTRAL,CENTRAL,3.0707881,101.4417445,whs,0,0,33062,CHCRBGEN,4.3,7,0,,03-3343 6792,Monday: 8:00?AM?–?8:00?PM | Tuesday: 8:00?AM?–?8:00?PM | Wednesday: 8:00?AM?–?8:00?PM | Thursday: 8:00?AM?–?8:00?PM | Friday: 8:00?AM?–?8:00?PM | Saturday: 8:00?AM?–?8:00?PM | Sunday: 8:00?AM?–?8:00?PM,,
CHC300M_140,PASARAYA MS SDN. BHD. (MUN SENG),"NO 3 & 5 JALAN MUTIARA 1, 43800 DENGKIL  SEPANG",43800,SELANGOR DARUL EHSAN,Others,CENTRAL,CENTRAL,2.8649303,101.6749286,spv,1430.85,6.4,33062,CHCRB11,0,0,0,,,,,
CHC300M_150,MIN HIN TRADING,NO:16  JALAN AMAN PERDANA 10A/KU5,41050,KLANG,Others,CENTRAL,CENTRAL,3.0938138,101.4073615,cmh,1888.29,6,33062,CHCRB6,3.2,23,0,,07-283 0123,Monday: 10:00?AM?–?10:00?PM | Tuesday: 10:00?AM?–?10:00?PM | Wednesday: 10:00?AM?–?10:00?PM | Thursday: 10:00?AM?–?10:00?PM | Friday: 10:00?AM?–?10:00?PM | Saturday: 10:00?AM?–?10:00?PM | Sunday: 10:00?AM?–?10:00?PM,https://www.eco-shop.com.my/,
CHC300M_152,MURAH RAYA ENTERPRISE,"NO:4, JALAN PLUMBUM A7/95A,, SEKSYEN 7,",40000,"40000 SHAH ALAM,",Others,CENTRAL,CENTRAL,3.070532,101.482834,spv,1787.18,10.2,33062,CHCRB7,5,1,0,,011-6447 0786,Monday: 7:00?AM?–?12:00?AM | Tuesday: 7:00?AM?–?12:00?AM | Wednesday: 7:00?AM?–?12:00?AM | Thursday: 7:00?AM?–?12:00?AM | Friday: 7:00?AM?–?12:00?AM | Saturday: 7:00?AM?–?12:00?AM | Sunday: 7:00?AM?–?12:00?AM,,
CHC300M_195,MEGAH SUPERMARKET & DEPARTMENTAL STORE,"LOT 931  JALAN SUASA, 42700 BANTING",0,SELANGOR DARUL EHSAN.,Others,CENTRAL,CENTRAL,2.8116275,101.5043316,smt,126437.31,41.2,33062,CHCRB1,0,0,0,,,,,
CHC300M_196,MINI MARKET SRI MESRA,NO:17,0,,Others,CENTRAL,CENTRAL,3.7687823,100.9814929,spv,124.13,1,33062,CHCRB5,0,0,0,,,,,
CHC300M_204,J01 KEDAI RAKYAT MAIWP,"KA-03 (BLOCK 4) APARTMENT FASA 5R6, JALAN PRESINT 5",62200,62200 PUTRAJAYA.,Others,CENTRAL,CENTRAL,2.889683,101.680806,spv,124.13,1,33062,CHCRB11,0,0,0,,,,,
CHC300M_205,J02 KEDAI RAKYAT MAIWP,ARAS BAWAH,0,,Others,CENTRAL,CENTRAL,2.936691,101.6793116,spv,124.13,1,33062,CHCRB11,0,0,0,,,,,
CHC300M_256,PUSAT BORONG MATAHARI SDN. BHD. -PANDAN INDAH,PARCEL LOT G-7/G-36,0,,MATAHARI,CENTRAL,CENTRAL,3.1366023,101.7478253,lpv,42973.34,34.8,33062,CHCRB3,4,684,0,,03-9200 1927,Monday: 9:00?AM?–?10:00?PM | Tuesday: 9:00?AM?–?10:00?PM | Wednesday: 9:00?AM?–?10:00?PM | Thursday: 9:00?AM?–?10:00?PM | Friday: 9:00?AM?–?10:00?PM | Saturday: 9:00?AM?–?10:00?PM | Sunday: 9:00?AM?–?10:00?PM,https://www.pasarayamatahari.com/,
CHC300M_259,MR TOMATO FRESH MARKET (M) SDN. BHD.,"NO:19, JALAN SELAT SELATAN 7/KS05,, TAMAN PERINDUSTRIAN PANDAMARAN,",42000,"PELABUHAN KLANG, .",Others,CENTRAL,CENTRAL,2.993218,101.416512,spv,144.76,3.2,33062,CHCRB10,4,530,0,,03-3162 7134,Monday: 8:00?AM?–?10:30?PM | Tuesday: 8:00?AM?–?10:30?PM | Wednesday: 8:00?AM?–?10:30?PM | Thursday: 8:00?AM?–?10:30?PM | Friday: 8:00?AM?–?10:30?PM | Saturday: 8:00?AM?–?10:30?PM | Sunday: 8:00?AM?–?10:30?PM,https://econsave.com.my/,
CHC300M_259A,MR TOMATO FRESH MARKET (M) SDN BHD(RANTAU PANJANG),"NO:5. LOT NO:61636,, JALAN RANTAU PANJANG 3/KU4,  RANTAU PANJANG,",42100,KLANG.,Others,CENTRAL,CENTRAL,3.070926,101.411087,spv,3183.28,10.8,33062,CHCRB10,3.9,316,0,,012-998 3576,Monday: 8:00?AM?–?10:00?PM | Tuesday: 8:00?AM?–?10:00?PM | Wednesday: 8:00?AM?–?10:00?PM | Thursday: 8:00?AM?–?10:00?PM | Friday: 8:00?AM?–?10:00?PM | Saturday: 8:00?AM?–?10:00?PM | Sunday: 8:00?AM?–?10:00?PM,http://segigroup.com/,
CHC300M_259B,MR TOMATO FRESH MARKET (M) SDN. BHD-SAUJANA PUTRA,"NO:75, JALAN SPU 2,, BANDAR SAUJANA PUTRA,",42610,"JENJAROM,",Others,CENTRAL,CENTRAL,2.9533609,101.5805011,spv,1615.89,9.8,33062,CHCRB10,4,1,0,,,Monday: 7:00?AM?–?12:00?AM | Tuesday: 7:00?AM?–?12:00?AM | Wednesday: 7:00?AM?–?12:00?AM | Thursday: 7:00?AM?–?12:00?AM | Friday: 7:00?AM?–?12:00?AM | Saturday: 7:00?AM?–?12:00?AM | Sunday: 7:00?AM?–?12:00?AM,,
CHC300M_259C,MR TOMATO FRESH MARKET (M) SDN. BHD.-GOLDEN VILLA,"D-G-6, PANGSAPURI GOLDEN VILLA,, JALAN TEMENGGUNG 37/KS7,",41000,"TAMAN SEJAHTERA,",Others,CENTRAL,CENTRAL,3.011182,101.484879,spv,1594.9,7,33062,CHCRB10,0,0,0,,,,,
CHC300M_259D,MR TOMATO FRESH MARKET (M) SDN. BHD.-ANDALAS,"NO.:22 & 24, JALAN SRI SARAWAK 19,, TAMAN SRI ANDALAS,",41200,KLANG,Others,CENTRAL,CENTRAL,3.0147216,101.4419981,spv,171.15,4.4,33062,CHCRB10,3.7,3,0,,016-250 2045,Monday: 8:00?AM?–?8:00?PM | Tuesday: 8:00?AM?–?8:00?PM | Wednesday: 8:00?AM?–?8:00?PM | Thursday: 8:00?AM?–?8:00?PM | Friday: 8:00?AM?–?8:00?PM | Saturday: 8:00?AM?–?8:00?PM | Sunday: 8:00?AM?–?8:00?PM,,
CHC300M_259E,MR TOMATO FRESH MARKET (M) SDN. BHD.-BKT TINGGI  2,"Q-K-14, RUMAH PANGSA BUKIT TINGGI 2,, JALAN BATU NILAM 35,",41200,"BANDAR BUKIT TINGGI 2,",Others,CENTRAL,CENTRAL,2.9988045,101.4318237,spv,2105.81,12,33062,CHCRB10,0,0,0,,,,,
CHC300M_259F,MR TOMATO FRESH MARKET (M) SDN. BHD.-BOTANIC (BTC),"NO:G01, JALAN PALMA RAJA 01,, BANDAR BOTANIC,",41200,"KLANG,",Others,CENTRAL,CENTRAL,2.987699,101.426453,spv,2984.11,10,33062,CHCRB10,4,148,0,,012-827 1632,Monday: 7:00?AM?–?7:30?PM | Tuesday: 7:00?AM?–?9:30?PM | Wednesday: 7:00?AM?–?9:30?PM | Thursday: 7:00?AM?–?9:30?PM | Friday: 7:00?AM?–?9:30?PM | Saturday: 7:00?AM?–?9:30?PM | Sunday: 7:00?AM?–?9:30?PM,,
CHC300M_259G,MR TOMATO FRESH MARKET (M) SDN. BHD. (PULAU INDAH),"NO:39-G & 41-G, JALAN SUNGAI CHANDONG 8,, BANDAR ARMADA PUTRA, PULAU INDAH,",42100,"PELABUHAN KLANG,",Others,CENTRAL,CENTRAL,2.979013,101.347099,spv,4921.68,5.8,33062,CHCRB10,0,0,0,,,,,
CHC300M_259H,MR TOMATO FRESH MARKET (M) SDN. BHD.(KG JAWA),"NO:2&4, JALAN DEMANG 5,, TAMAN SHAHBANDARAYA,",41000,"41000 KAMPUNG JAWA,",Others,CENTRAL,CENTRAL,3.064782,101.4468599,spv,67.53,0.8,33062,CHCRB10,0,0,0,,,,,
CHC300M_269,MENG FATT MEDICAL HALL,NO:4-1-1,0,,Others,CENTRAL,CENTRAL,3.0995294,101.4454177,cmh,174.5,5,33062,CHCRB6,3.7,23,0,,012-651 7504,Monday: Closed | Tuesday: 7:00?AM?–?2:00?PM | Wednesday: 7:00?AM?–?2:00?PM | Thursday: 7:00?AM?–?2:00?PM | Friday: 7:00?AM?–?2:00?PM | Saturday: 7:00?AM?–?2:00?PM | Sunday: 7:00?AM?–?2:00?PM,https://m.me/ddfreshmeat?ref=w13673615,
CHC300M_271,MIN HING ENTERPRISE,NO:18-1-1(GROUND FLOOR),0,,Others,CENTRAL,CENTRAL,3.0972105,101.445642,cmh,5994.66,17.2,33062,CHCRB6,3.7,23,0,,012-651 7504,Monday: Closed | Tuesday: 7:00?AM?–?2:00?PM | Wednesday: 7:00?AM?–?2:00?PM | Thursday: 7:00?AM?–?2:00?PM | Friday: 7:00?AM?–?2:00?PM | Saturday: 7:00?AM?–?2:00?PM | Sunday: 7:00?AM?–?2:00?PM,https://m.me/ddfreshmeat?ref=w13673615,
CHC300M_293,PASAR MINI MESRA RKS,"NO:4&6  TINGKAT BAWAH JALAN BB ???, TAMAN BANTING BARU",42700,42700 BANTING,Others,CENTRAL,CENTRAL,2.8187599,101.4558273,spv,180.73,1.2,33062,CHCRB10,0,0,0,,,,,
CHC300M_295,MAN WAJA TRADING (2),NO:4,0,,Others,CENTRAL,CENTRAL,3.0223026,101.4509258,spv,279.51,2.6,33062,CHCRB6,0,0,0,,,,,
CHC300M_317,PASAR MINI MB,"NO:10G  JALAN PANDAN 2/5, PANDAN JAYA",55100,AMPANG,Others,CENTRAL,CENTRAL,3.133571,101.739857,spv,3935.74,11.6,33062,CHCRB7,3.9,7,0,,017-692 5404,,,
CHC300M_322,MERCEARIA NEIGHBOURHOOD GROCER,"UNIT E-G-15 17 19 21 23 25&27, SAVANA BOULEVARD RETAIL  JALAN BBLS 2",43800,BANDAR BARU LEMBAH SELATAN,Others,CENTRAL,CENTRAL,2.9037135,101.7642194,spv,245.95,3.2,33062,CHCRB11,5,2,0,,017-870 2997,Monday: 9:00?AM?–?12:01?AM | Tuesday: 9:00?AM?–?12:01?AM | Wednesday: 9:00?AM?–?12:01?AM | Thursday: 9:00?AM?–?12:01?AM | Friday: 9:00?AM?–?12:01?AM | Saturday: 9:00?AM?–?12:01?AM | Sunday: 9:00?AM?–?12:01?AM,,
CHC300M_345,TNF MAJU ENTERPRISE,NO:21A,0,,Others,CENTRAL,CENTRAL,3.137462,101.3729803,spv,124.13,1,33062,CHCRB5,5,4,0,,016-659 6183,Monday: 9:00?AM?–?7:00?AM | Tuesday: 9:00?AM?–?7:00?PM | Wednesday: 9:00?AM?–?7:00?PM | Thursday: 9:00?AM?–?7:00?PM | Friday: 9:00?AM?–?7:00?PM | Saturday: 9:00?AM?–?7:00?PM | Sunday: Closed,,
CHC300M_349,IXXY TRADING,LOT 3773,0,,Others,CENTRAL,CENTRAL,3.2677303,101.3592201,spv,180.73,1.2,33062,CHCRB5,0,0,0,,,,,
CHC300M_353,MUMIN MINI MARKET,KA-3,0,,Others,CENTRAL,CENTRAL,2.9521887,101.7252066,spv,242.28,5.8,33062,CHCRB11,0,0,0,,,,,
CHC300M_357,PASAR MINI MD ZAKI HUSSIN ENTERPRISE,"NO:15, JALAN SUSUR C,, OFF JALAN PETOLA, KAMPUNG RAJA UDA,",42000,"PELABUHAN KLANG,",Others,CENTRAL,CENTRAL,3.0928817,101.3906567,spv,124.13,1,33062,CHCRB10,0,0,0,,,,,
CHC300M_369,MIKROMEDIK SDN. BHD.,"NO:17-3  JALAN DAGANG SB4/3, TAMAN SUNGAI BESI INDAH",43300,SERI KEMBANGAN,Others,CENTRAL,CENTRAL,3.024541,101.717246,spv,272.24,2.4,33062,CHCRB2,0,0,0,,,,,
CHC300M_379,KEDAI UBAT DAN RUNCIT HONG SHUN,PT 283C,0,,Others,CENTRAL,CENTRAL,3.507226,101.105629,cmh,124.13,1,33062,CHCRB5,0,0,0,,,,,
CHC300M_448,MUSA BIN YASAK,LOT 12624,0,,Others,CENTRAL,CENTRAL,3.6729938,100.9873255,spv,124.13,1,33062,CHCRB5,0,0,0,,,,,
CHC300M_450,MANJAKU BABY CENTRE (PRIMA SAUJANA) SDN. BHD.,"NO:C10-C12A JALAN PRIMA SAUJANA 2/A, TAMAN PRIMA SAUJANA",43000,KAJANG,MANJAKU,CENTRAL,CENTRAL,3.007978,101.805374,mbs,194.08,1.8,33062,CHCRB7,2,2,0,,011-3220 3136,Monday: 10:00?AM?–?10:00?PM | Tuesday: 10:00?AM?–?10:00?PM | Wednesday: 10:00?AM?–?10:00?PM | Thursday: 10:00?AM?–?10:00?PM | Friday: Closed | Saturday: 10:00?AM?–?10:00?PM | Sunday: 10:00?AM?–?10:00?PM,,
CHC300M_454,KEDAI RUNCIT MULIA SEJATI,"NO:5 JALAN IMPIAN MURNI 1/5, TAMAN SAUJANA IMPIAN",43000,KAJANG,Others,CENTRAL,CENTRAL,3.0161434,101.790976,spv,237.33,1.8,33062,CHCRB7,4.2,136,0,,03-9212 8187,Monday: 8:00?AM?–?10:00?PM | Tuesday: 8:00?AM?–?10:00?PM | Wednesday: 8:00?AM?–?10:00?PM | Thursday: 8:00?AM?–?10:00?PM | Friday: 8:00?AM?–?10:00?PM | Saturday: 8:00?AM?–?10:00?PM | Sunday: 8:00?AM?–?10:00?PM,http://www.checkers.com.my/,
CHC300M_462,METRO EXPRESS MART,"NO:15 JALAN BPP 5/7, PUSAT BANDAR PUTRA PERMAI",43300,SERI KEMBANGAN,Others,CENTRAL,CENTRAL,2.9813075,101.6652294,spv,4990.04,16.4,33062,CHCRB2,0,0,0,,,,,
CHC300M_485,MAHATHIR FRESH MART,"NO:27G, JALAN SP 3/9,, TAMAN SAUJANA PUCHONG,",47100,"PUCHONG,",Others,CENTRAL,CENTRAL,2.990141,101.639833,spv,180.73,1.2,33062,CHCRB11,0,0,0,,012-328 5595,Monday: 8:00?AM?–?8:00?PM | Tuesday: 8:00?AM?–?8:00?PM | Wednesday: 8:00?AM?–?8:00?PM | Thursday: 8:00?AM?–?8:00?PM | Friday: 8:00?AM?–?8:00?PM | Saturday: 8:00?AM?–?8:00?PM | Sunday: 8:00?AM?–?8:00?PM,https://www.facebook.com/malmartmarket/,
CHC300M_494,MENARU SURAJ ENTERPRISE,"NO:2 DAN 3 LOT 29130, BATU 2 JALAN HEADWORK",45500,KUNCI AIR BUANG SAWAH SEMPADAN,Others,CENTRAL,CENTRAL,3.452375,101.2139282,spv,124.13,1,33062,CHCRB5,0,0,0,,,,,
CHC300M_503,PASARAYA MAWARDAH,"NO:8, LOT 30531,, JALAN ABD LATIF,",42200,"BUKIT KAPAR, 42200 KAPAR,",Others,CENTRAL,CENTRAL,3.1654697,101.4153856,spv,124.13,1,33062,CHCRB5,0,0,0,,,,,
CHC300M_504,MEIGIZ SDN. BHD.,"NO:11, JALAN ECO MAJESTIC 9/1A,, ECO MAJESTIC,",43500,"SEMENYIH,",Others,CENTRAL,CENTRAL,2.902107,101.8373206,spv,58.37,4.8,33062,CHCRB7,5,4,0,,012-728 8148,Monday: 10:00?AM?–?10:00?PM | Tuesday: 10:00?AM?–?10:00?PM | Wednesday: 10:00?AM?–?10:00?PM | Thursday: 10:00?AM?–?10:00?PM | Friday: 10:00?AM?–?10:00?PM | Saturday: 10:00?AM?–?10:00?PM | Sunday: 10:00?AM?–?10:00?PM,,
CHC300M_505,MEGAMART WHOLESALE SDN. BHD.,"NO:7 & 9, JALAN DENAI UTAMA,, DENAI PUCHONG,",47100,"PUCHONG,",Others,CENTRAL,CENTRAL,3.0213809,101.5981834,whs,67.53,0.8,33062,CHCRB11,4.6,31,0,,03-3362 6863,Monday: 10:00?AM?–?10:00?PM | Tuesday: 10:00?AM?–?10:00?PM | Wednesday: 10:00?AM?–?10:00?PM | Thursday: 10:00?AM?–?10:00?PM | Friday: 10:00?AM?–?10:00?PM | Saturday: 10:00?AM?–?10:00?PM | Sunday: 10:00?AM?–?10:00?PM,http://www.99speedmart.com.my/,
CHC300M_506,PUSAT BORONG MATAHARI SDN. BHD.(USJ),"NO:1-3, 1-3A, 1-5, 1-6 & 1-7,, THE EDGE RESIDENCE,",47506,"PERSIARAN SUBANG INDAH, USJ 1,",MATAHARI,CENTRAL,CENTRAL,3.0428941,101.6030117,lpv,17233.76,20.2,33062,CHCRB3,5,2,0,,,,,
CHC300M_507,MK 37 EMPIRE,"NO:6, JALAN PJS 11/7,, BANDAR SUNWAY,",46150,"PETALING JAYA,",Others,CENTRAL,CENTRAL,3.0687763,101.6025305,spv,358.66,10.8,33062,CHCRB2,3,8,0,,011-2589 1790,Monday: 9:00?AM?–?11:00?PM | Tuesday: 9:00?AM?–?11:00?PM | Wednesday: 9:00?AM?–?11:00?PM | Thursday: 9:00?AM?–?11:00?PM | Friday: 9:00?AM?–?11:00?PM | Saturday: 9:00?AM?–?11:00?PM | Sunday: 9:00?AM?–?11:00?PM,,
CHC300M_509,FARMASI MERCEARIA @ SOUTHVILE,"UNIT E-G-15, SAVANA BOULEVARD RETAIL,, JALAN BBLS 2,",43800,"DENGKIL,",Others,CENTRAL,CENTRAL,2.9032467,101.7647661,oth,188.99,3.4,33062,CHCRB11,5,2,0,,017-870 2997,Monday: 9:00?AM?–?12:01?AM | Tuesday: 9:00?AM?–?12:01?AM | Wednesday: 9:00?AM?–?12:01?AM | Thursday: 9:00?AM?–?12:01?AM | Friday: 9:00?AM?–?12:01?AM | Saturday: 9:00?AM?–?12:01?AM | Sunday: 9:00?AM?–?12:01?AM,,
CHC300M_510,DROPEE (MACRO TECH VENTURES SDN BHD),"B1-03-01, SUNWAY GEO AVENUE,, JALAN LAGOON SELATAN,",68100,"47500 SUNWAY,",Others,CENTRAL,CENTRAL,2.9954119,101.4363068,whs,67.53,0.8,33062,CHCRB11,4,32,0,,011-2685 3622,Monday: 8:00?AM?–?10:00?PM | Tuesday: 8:00?AM?–?10:00?PM | Wednesday: 8:00?AM?–?10:00?PM | Thursday: 8:00?AM?–?10:00?PM | Friday: 8:00?AM?–?10:00?PM | Saturday: 8:00?AM?–?10:00?PM | Sunday: 8:00?AM?–?10:00?PM,,
CHC300M_515,PUSAT BORONG MATAHARI (SHAH ALAM) SB- DENA ALAM,"NO:1,3,5,7,9,11,13 & 16,, JALAN METAFASA V16/V, SEKSYEN V16,",40160,"SHAH ALAM,",MATAHARI,CENTRAL,CENTRAL,3.1734137,101.5106499,lpv,32908.63,34,33062,CHCRB9,0,0,0,,,,,
CHC300M_516,MAN ARENA ENTERPRISE,"BLOCK C-0-04, ARENA GREEN APARTMENTS,, NO:3, JALAN 1/115A, BUKIT JALIL,",57000,KUALA LUMPUR.,Others,CENTRAL,CENTRAL,3.0748306,101.6618016,spv,180.73,1.2,33062,CHCRB11,0,0,0,,03-8408 1501,Monday: 9:00?AM?–?5:00?PM | Tuesday: 9:00?AM?–?5:00?PM | Wednesday: 9:00?AM?–?5:00?PM | Thursday: 9:00?AM?–?5:00?PM | Friday: 9:00?AM?–?5:00?PM | Saturday: Closed | Sunday: Closed,,
CHC300M_517,MANJAKU BABY CENTRE (WANGSA MAJU) SDN. BHD. ,"NO:41, 43 & 45, JALAN DWITASIK,, DATARAN DWITASIK, BANDAR SRI PERMAISURI,",56000,"CHERAS,",Others,CENTRAL,CENTRAL,3.0977779,101.7092744,mbs,187.63,1.6,33062,CHCRB7,5,1,0,,017-211 3176,Monday: Open 24 hours | Tuesday: Open 24 hours | Wednesday: Open 24 hours | Thursday: Open 24 hours | Friday: Open 24 hours | Saturday: Open 24 hours | Sunday: Open 24 hours,http://www.wassap.my/60172113176/hazarahent,
CHC300M_519,MANJAKU BABY CENTRE (BANGI) SDN. BHD. - E COMM,"NO:5-11-03 & 5-13-03,, JALAN MEDAN PUSAT BANDAR 8A,",43650,"SEKSYEN 9, BANGI SENTRAL,",Others,CENTRAL,CENTRAL,2.962123,101.751835,mbs,294.42,5.2,33062,CHCRB7,0,0,0,,,,,
CHC300M_531,MANJAKU BABY CENTRE (BDR SAUJANA PUTRA),"NO:26& 28, JALAN TENGKU AMPUAN ZABEDAH, K9/K, SEKSYEN 9,",40100,"SHAH ALAM,",Others,CENTRAL,CENTRAL,2.9864938,101.4334561,spv,124.13,1,33062,CHCRB10,0,0,0,,,,,
CHC300M_535,MR. D.I.Y. (KUCHAI) SDN. BHD.,"MR DIY (KUCHAI) SDN BHD, LW9-PMIV(B081),, T-012 & T-012A, THIRD FLOOR,",59200,"MID VALLEY MEGAMALL, MID VALLEY CITY,",MRDIY,CENTRAL,CENTRAL,3.1175628,101.6774073,hwc,283432.56,21.8,33062,CHCRBGEN,3.6,223,0,,1-300-80-2366,Monday: 10:00?AM?–?10:00?PM | Tuesday: 10:00?AM?–?10:00?PM | Wednesday: 10:00?AM?–?10:00?PM | Thursday: 10:00?AM?–?10:00?PM | Friday: 10:00?AM?–?10:00?PM | Saturday: 9:00?AM?–?10:00?PM | Sunday: 9:00?AM?–?10:00?PM,http://www.aeonbig.com.my/,
CHC300M_536,PASAR MINI MYHB,"NO:33, JALAN JALAK, TAMAN SRI BAHTERA,, BATU 5, JALAN CHERAS,",56100,56100 KUALA LUMPUR.,Others,CENTRAL,CENTRAL,3.105419,101.737454,spv,558.9,6,33062,CHCRB7,0,0,0,,,,,
CHC300M_537,MANJAKU RETAIL SDN. BHD.(TELOK PANGLIMA),"NO:22A-1, 26-1, 28-1, 30-1 & 32-1,, JALAN AMAN TIARA 7,",42500,"BANDAR TROPICANA AMAN,",Others,CENTRAL,CENTRAL,2.949058,101.526291,cmh,206.26,5.4,33062,CHCRB10,4.6,227,0,,014-327 3313,Monday: 7:00?AM?–?12:00?AM | Tuesday: 7:00?AM?–?12:00?AM | Wednesday: 7:00?AM?–?12:00?AM | Thursday: 7:00?AM?–?12:00?AM | Friday: 7:00?AM?–?12:00?AM | Saturday: 7:00?AM?–?12:00?AM | Sunday: 7:00?AM?–?12:00?AM,,
CHC300M_538,MEGAH FRESH SDN. BHD.,"NO:1,3,5,7,9,11&15, JALAN KEJORA 1,, TAMAN LANGIT UTAMA, BUKIT CHANGGANG,",42700,"SEPANG,",Others,CENTRAL,CENTRAL,2.796111,101.661629,lpv,5482.16,19.4,33062,CHCRB1,0,0,0,,,,,
CHC300M_541,MUMIN MINI MARKET,"LOT 6103(A), JALAN ANGGERIK,, KAMPUNG DATO ABU BAKAR BAGINDA,",43000,"KAJANG,",Others,CENTRAL,CENTRAL,3.0995205,101.4475741,spv,237.33,1.8,33062,CHCRB7,2.5,4,0,,03-3341 9196,Monday: 9:00?AM?–?8:00?PM | Tuesday: 9:00?AM?–?8:00?PM | Wednesday: 9:00?AM?–?8:00?PM | Thursday: 9:00?AM?–?8:00?PM | Friday: 9:00?AM?–?8:00?PM | Saturday: 9:00?AM?–?8:00?PM | Sunday: 9:00?AM?–?8:00?PM,,
CHC300M_545,MERU MART,"NO:30, JALAN MERPATI PUTIH 9/KU10,, TAMAN DESA PERMAI,",41050,"KAPAR,",Others,CENTRAL,CENTRAL,3.150942,101.437683,spv,169.8,0.8,33062,CHCRB6,4.4,54,0,,03-3393 2786,Monday: 8:00?AM?–?10:05?PM | Tuesday: 8:00?AM?–?10:05?PM | Wednesday: 8:00?AM?–?10:05?PM | Thursday: 8:00?AM?–?10:05?PM | Friday: 8:00?AM?–?10:05?PM | Saturday: 8:00?AM?–?10:05?PM | Sunday: 8:00?AM?–?10:05?PM,,
CHC300M_547,PASAR RAYA MATAHARI - U5 SUBANG BESTARI,"NO:45-1, 49-1, 51-1, 53-1 AND 55-1, (GROUND FLOOR), JALAN ZUHRAH BH U5/BH,",40150,"SUBANG MURNI, SKEYSEN U5,",MATAHARI,CENTRAL,CENTRAL,3.163565,101.543854,lpv,5833.36,14.4,33062,CHCRB9,3.6,37,0,ChIJ_SckIABPzDERveRG-RSTqso,012-986 9656,Monday: 9:00?AM?–?10:00?PM | Tuesday: 9:00?AM?–?10:00?PM | Wednesday: 9:00?AM?–?10:00?PM | Thursday: 9:00?AM?–?10:00?PM | Friday: 9:00?AM?–?10:00?PM | Saturday: 9:00?AM?–?10:00?PM | Sunday: 9:00?AM?–?10:00?PM,,
CHC300M_550,MEGAH AMAN SDN. BHD.,"NO:2A,6,8,10,12,12A, JALAN AMAN TIARA 4,, 42500 TELOK PANGLIMA GARANG,",42500,SELANGOR.,Others,CENTRAL,CENTRAL,2.950238,101.525574,lpv,5370.47,16.4,33062,CHCRB1,4.6,227,0,,014-327 3313,Monday: 7:00?AM?–?12:00?AM | Tuesday: 7:00?AM?–?12:00?AM | Wednesday: 7:00?AM?–?12:00?AM | Thursday: 7:00?AM?–?12:00?AM | Friday: 7:00?AM?–?12:00?AM | Saturday: 7:00?AM?–?12:00?AM | Sunday: 7:00?AM?–?12:00?AM,,
CHC300M_552,PASAR MINI CARELIN,"NO:61 & 63, JALAN 1/1A,, BANDAR RINCHING,",43500,"43500 SEMENYIH,",Others,CENTRAL,CENTRAL,2.9284688,101.8506,spv,1817.33,5.8,33062,CHCRB7,4.5,11,0,ChIJD1l1F1HPzTERLagIKuqFO_M,,Monday: 7:00?AM?–?11:00?PM | Tuesday: 7:00?AM?–?11:00?PM | Wednesday: 7:00?AM?–?11:00?PM | Thursday: 7:00?AM?–?11:00?PM | Friday: 7:00?AM?–?11:00?PM | Saturday: 7:00?AM?–?11:00?PM | Sunday: 7:00?AM?–?11:00?PM,,
CHC300M_553,PASAR SEGAR MULIA JAYA,"LOT 58524-D, JALAN ABIM,, KAMPUNG SUNGAI RAMAL DALAM,",43000,"43000 KAJANG,",Others,CENTRAL,CENTRAL,2.97231,101.766464,spv,225,2.8,33062,CHCRB7,0,0,0,,,,,
CHC300M_554,MUMIN MINI MARKET (RESIDENSI RIMBUN),"A-01-03, RESIDENSI RIMBUN,, JALAN ZAMRUTH UTAMA, PERSIARAN KAJANG 2,",43000,"43000 KAJANG,",Others,CENTRAL,CENTRAL,2.9686317,101.8658233,spv,180.73,1.6,33062,CHCRB7,0,0,0,,,,,
CHC300M_556,MY ONLY CHOICE,"NO:62-G, JALAN PB 7/11,, BANDAR BUKIT PUCHONG,",47120,"47120 PUCHONG,",Others,CENTRAL,CENTRAL,2.986112,101.621236,spv,180.73,1.2,33062,CHCRB11,0,0,0,,,,,
CHC300M_557,KEDAI RUNCIT MUHIBBAH RIA,"NO:2 GROUND FLOOR, JALAN PPP3,, PUSAT PERNIAGAAN PERDANA,",45300,"45300 SUNGAI BESAR,",Others,CENTRAL,CENTRAL,3.665986,100.989769,spv,180.73,1.2,33062,CHCRB5,0,0,0,,,,,
CHC300M_567,MJ TIAN SDN. BHD.,"NO:2&4, JALAN 7, KAWASAN MIEL,, CHERAS JAYA,",43200,"43200 CHERAS,",Others,CENTRAL,CENTRAL,3.0250733,101.764055,whs,0,0,33062,CHCRBGEN,3.7,340,0,,03-9074 2629,Monday: 9:00?AM?–?10:00?PM | Tuesday: 9:00?AM?–?10:00?PM | Wednesday: 9:00?AM?–?10:00?PM | Thursday: 9:00?AM?–?10:00?PM | Friday: 9:00?AM?–?10:00?PM | Saturday: 9:00?AM?–?10:00?PM | Sunday: 9:00?AM?–?10:00?PM,http://www.super7.com.my/,
CHC300M_578,MKM MART SDN. BHD.,"VD-G-06&VD-G-07, NO:1,, JLN SETIA MURNI U13/51,",40170,"SEKSYEN U13, SETIA ALAM,",Others,CENTRAL,CENTRAL,3.1155866,101.4535589,spv,223.91,1.6,33062,CHCRB6,0,0,0,,,,,
CHC300M_580,METRO RETAIL STORE SDN. BHD.,"GROUND FLOOR, NO:6,, JALAN D'ALPINIA 10,",47120,"TAMAN D'ALPINIA,",Others,CENTRAL,CENTRAL,3.0334836,101.6173971,spv,180.73,1.2,33062,CHCRB11,0,0,0,,,,,
CHC300M_581,M.I.A.K TRADING SDN. BHD.,"NO:24, JALAN ANGKLUNG 33/20,, SHAH ALAM TECHNOLOGY PARK,, SELANGOR.",40400,"SHAH ALAM, SELANGOR.",Others,CENTRAL,CENTRAL,3.0196282,101.5477553,whs,-3186.6,0,33062,CHCRBGEN,0,0,0,,,,,
CHC300M_593,MERCEARIA EXPRESS @ MSH,"JALAN SP 1/3,, BANDAR SAUJANA PUTRA,",42610,"42610 JENJAROM,",Others,CENTRAL,CENTRAL,2.952792,101.57621,spv,248.62,3.6,33062,CHCRB11,4,1,0,,,Monday: 7:00?AM?–?12:00?AM | Tuesday: 7:00?AM?–?12:00?AM | Wednesday: 7:00?AM?–?12:00?AM | Thursday: 7:00?AM?–?12:00?AM | Friday: 7:00?AM?–?12:00?AM | Saturday: 7:00?AM?–?12:00?AM | Sunday: 7:00?AM?–?12:00?AM,,
CHC300M_605,MY MART KEDAI SERBANIKA,"LOT 2, PUSAT KOMINITI PELAJAR,, UNIVERSITY INDUSTRI SELANGOR,",45600,"KAMPUS BESTARI JAYA,",Others,CENTRAL,CENTRAL,3.420473,101.439796,spv,124.13,1,33062,CHCRB5,0,0,0,,,,,
CHC300M_609,MEGAH SUPERMARKET (PUNCAK ALAM) SDN. BHD.,"NO:13,15,17,19,21,23,25&27,, JALAN HILLPARK ASPIRASI 10/2,",42300,"BANDAR PUNCAK ALAM, ",Others,CENTRAL,CENTRAL,3.2014186,101.4658018,lpv,1841.9,21.2,33062,CHCRB9,0,0,0,,,,,
CHC300M_617,PUSAT BORONG MATAHARI (SRI MANJA) SDN. BHD.,"NO:1, JALAN PJS 3/61,, TAMAN SRI MANJA,",46000,"PETALING JAYA,",Others,CENTRAL,CENTRAL,3.074789,101.650215,lpv,50826.36,29,33062,CHCRB3,4.1,105,0,,012-842 9656,Monday: 9:00?AM?–?10:00?PM | Tuesday: 9:00?AM?–?10:00?PM | Wednesday: 9:00?AM?–?10:00?PM | Thursday: 9:00?AM?–?10:00?PM | Friday: 9:00?AM?–?10:00?PM | Saturday: 9:00?AM?–?10:00?PM | Sunday: 9:00?AM?–?10:00?PM,https://pasarayaborongmatahari.com/,
CHC300M_618,MRD (CENTRAL) SDN. BHD.,"LOT 1907, JALAN KPB 11,, KAWASAN PERINDUSTRIAN BALAKONG,",43300,"SERI KEMBANGAN,",MRDIY,CENTRAL,CENTRAL,3.0282074,101.7439819,hwc,7344.12,4.6,33062,CHCRBGEN,4,2,0,,,Monday: 9:00?AM?–?8:00?PM | Tuesday: 9:00?AM?–?8:00?PM | Wednesday: 9:00?AM?–?8:00?PM | Thursday: 9:00?AM?–?8:00?PM | Friday: 9:00?AM?–?8:00?PM | Saturday: 9:00?AM?–?8:00?PM | Sunday: 9:00?AM?–?8:00?PM,,
CHC300M_619,MR. D.I.Y. SDN. BHD.,"LOT 1907, JALAN KPB 11,, KAWASAN PERINDUSTRIAN BALAKONG,",43300,"SERI KEMBANGAN,",MRDIY,CENTRAL,CENTRAL,3.0282074,101.7439819,hwc,97357.26,12.8,33062,CHCRBGEN,4,2,0,,,Monday: 9:00?AM?–?8:00?PM | Tuesday: 9:00?AM?–?8:00?PM | Wednesday: 9:00?AM?–?8:00?PM | Thursday: 9:00?AM?–?8:00?PM | Friday: 9:00?AM?–?8:00?PM | Saturday: 9:00?AM?–?8:00?PM | Sunday: 9:00?AM?–?8:00?PM,,
CHC300M_620,MR. D.I.Y. (M) SDN. BHD.,"LOT 1907, JALAN KPB 11,, KAWASAN PERINDUSTRIAN BALAKONG,",43300,SERI KEMBANGAN,MRDIY,CENTRAL,CENTRAL,3.0282074,101.7439819,hwc,300219,18.4,33062,CHCRBGEN,4,2,0,,,Monday: 9:00?AM?–?8:00?PM | Tuesday: 9:00?AM?–?8:00?PM | Wednesday: 9:00?AM?–?8:00?PM | Thursday: 9:00?AM?–?8:00?PM | Friday: 9:00?AM?–?8:00?PM | Saturday: 9:00?AM?–?8:00?PM | Sunday: 9:00?AM?–?8:00?PM,,
CHC300M_621,MR D.I.Y. (KK) SDN. BHD.,"LOT 1907, JALAN KPB 11,, KAWASAN PERINDUSTRIAN BALAKONG,",43300,SERI KEMBANGAN,Others,CENTRAL,CENTRAL,3.0282074,101.7439819,hwc,0,0,33062,CHCRBGEN,4,2,0,,,Monday: 9:00?AM?–?8:00?PM | Tuesday: 9:00?AM?–?8:00?PM | Wednesday: 9:00?AM?–?8:00?PM | Thursday: 9:00?AM?–?8:00?PM | Friday: 9:00?AM?–?8:00?PM | Saturday: 9:00?AM?–?8:00?PM | Sunday: 9:00?AM?–?8:00?PM,,
CHC300M_622,MR. D.I.Y. (JOHOR) SDN. BHD.,"LOT 1907, JALAN KPB 11,, KAWASAN PERINDUSTRIAN BALAKONG,",43300,SERI KEMBANGAN,MRDIY,CENTRAL,CENTRAL,3.0282074,101.7439819,hwc,276385.26,17.8,33062,CHCRBGEN,4,2,0,,,Monday: 9:00?AM?–?8:00?PM | Tuesday: 9:00?AM?–?8:00?PM | Wednesday: 9:00?AM?–?8:00?PM | Thursday: 9:00?AM?–?8:00?PM | Friday: 9:00?AM?–?8:00?PM | Saturday: 9:00?AM?–?8:00?PM | Sunday: 9:00?AM?–?8:00?PM,,
CHC300M_623,MR. D.I.Y. (H) SDN. BHD.,"LOT 1907, JALAN KPB 11,, KAWASAN PERINDUSTRIAN BALAKONG,",43300,SERI KEMBANGAN,MRDIY,CENTRAL,CENTRAL,3.0282074,101.7439819,hwc,78193.62,8.2,33062,CHCRBGEN,4,2,0,,,Monday: 9:00?AM?–?8:00?PM | Tuesday: 9:00?AM?–?8:00?PM | Wednesday: 9:00?AM?–?8:00?PM | Thursday: 9:00?AM?–?8:00?PM | Friday: 9:00?AM?–?8:00?PM | Saturday: 9:00?AM?–?8:00?PM | Sunday: 9:00?AM?–?8:00?PM,,
CHC300M_624,MEGAH PHARMACY SDN. BHD.,"NO:8G, LINGKARAN CYBER POINT,, BARAT NEO CYBER,",63000,"CYBERJAYA, .",Others,CENTRAL,CENTRAL,2.9177199,101.6496061,spv,180.73,1.2,33062,CHCRB11,4.5,6,0,,017-755 2195,Monday: Open 24 hours | Tuesday: Open 24 hours | Wednesday: Open 24 hours | Thursday: Open 24 hours | Friday: Open 24 hours | Saturday: Open 24 hours | Sunday: Open 24 hours,,
CHC300M_652,PASAR MINI MUSA,"LOT 12624 & 12625,, JALAN BUNGA MATAHARI,",45300,"45300 SUNGAI BESAR, ",Others,CENTRAL,CENTRAL,3.0465218,101.6021169,spv,1953.95,5,33062,CHCRB5,5,2,0,,,,,
CHC300N_001,CHOP NGIN FOH TONG,"NO:59 JALAN TELOK BUNUT, 42700 BANTING",42700,SELANGOR DARUL EHSAN.,Others,CENTRAL,CENTRAL,2.815,101.500245,cmh,1995.68,11.8,33062,CHCRB10,0,0,0,,,,,
CHC300N_002,PASAR RAYA NAM TECK,"NO:171  BATU 2  JALAN MERU, 41050 KLANG",41050,SELANGOR DARUL EHSAN.,Others,CENTRAL,CENTRAL,3.0678764,101.4506659,lpv,173201.91,8.4,33062,CHCRB9,4.1,113,0,ChIJ3af5g3FTzDERebBlLoFj81o,03-3884 7313,Monday: 8:00?AM?–?8:00?PM | Tuesday: 8:00?AM?–?8:00?PM | Wednesday: 8:00?AM?–?8:00?PM | Thursday: 8:00?AM?–?8:00?PM | Friday: 8:00?AM?–?8:00?PM | Saturday: 8:00?AM?–?8:00?PM | Sunday: 8:00?AM?–?8:00?PM,https://shopee.com.my/namteck_ntsupermarket,
CHC300N_009,KEDAI RUNCIT DUA TIGA TIGA SATU,NO:50,0,,Others,CENTRAL,CENTRAL,2.829764,101.437683,spv,949.13,1.8,33062,CHCRB10,0,0,0,,,,,
CHC300N_013,J K SETIA SHOP,"LOT 15034  BATU 5  JALAN LANGAT, KAMPUNG JOHAN SETIA",41200,41200 KLANG,Others,CENTRAL,CENTRAL,2.9792896,101.4590336,spv,258,7.8,33062,CHCRB10,0,0,0,,,,,
CHC300N_015,SIMUK MINI MARKET,LOT 314,0,,Others,CENTRAL,CENTRAL,2.893102,101.457924,spv,320.19,9.2,33062,CHCRB10,4.3,4,0,,011-2722 2127,Monday: 6:30?AM?–?10:00?PM | Tuesday: 6:30?AM?–?10:00?PM | Wednesday: 6:30?AM?–?10:00?PM | Thursday: 6:30?AM?–?10:00?PM | Friday: 6:30?AM?–?10:00?PM | Saturday: 6:30?AM?–?10:00?PM | Sunday: 6:30?AM?–?10:00?PM,,
CHC300N_025,KEDAI RUNCIT NFS,NO:2,0,,Others,CENTRAL,CENTRAL,3.0498254,101.494408,spv,805.44,9.2,33062,CHCRB7,4.3,6,0,ChIJH8kmbsRSzDERQ9GGOYRThRc,011-3325 6949,"Monday: 8:00?AM?–?10:00?PM | Tuesday: 8:00?AM?–?10:00?PM | Wednesday: 8:00?AM?–?10:00?PM | Thursday: 8:00?AM?–?10:00?PM | Friday: 8:00?AM?–?12:00?PM, 3:00?–?10:00?PM | Saturday: 8:00?AM?–?10:00?PM | Sunday: 8:00?AM?–?10:00?PM",https://grab.onelink.me/2695613898?pid=inappsharing&c=1-C34XDBN1R3LDDE&is_retargeting=true&af_dp=grab://open?screenType=GRABMART&sourceID=A4pcqCZkS4&merchantIDs=1-C34XDBN1R3LDDE&af_force_deeplink=true&af_web_dp=https://www.grab.com/download,
CHC300N_065,PASAR MINI LAI LOI,"NO.39/LOT 1396 JALAN SBBC 7, SUNGAI BESAR BUSINESS CENTRE, SELANGOR D. E.",45300,SELANGOR DARUL EHSAN.,Others,CENTRAL,CENTRAL,3.6729918,100.9873246,spv,124.13,1,33062,CHCRB5,0,0,0,,,,,
CHC300N_068,PASAR RAYA NZ,"NO:UG5, JALAN PJS 9,, LAGOON PERDANA, BANDAR SUNWAY,",46150,"PETALING JAYA,",Others,CENTRAL,CENTRAL,3.060692,101.6103,spv,261.08,4.6,33062,CHCRB11,4.4,289,0,,03-5611 3366,Monday: 10:00?AM?–?10:00?PM | Tuesday: 10:00?AM?–?10:00?PM | Wednesday: 10:00?AM?–?10:00?PM | Thursday: 10:00?AM?–?10:00?PM | Friday: 10:00?AM?–?10:00?PM | Saturday: 10:00?AM?–?10:00?PM | Sunday: 10:00?AM?–?10:00?PM,https://www.instagram.com/shinsunmimalaysia,
CHC300N_069,NORAINI HOLDINGS SDN. BHD.,"NO:41 JALAN SP3/10, TAMAN SAUJANA PUCHONG",47100,PUCHONG,Others,CENTRAL,CENTRAL,2.9904006,101.6396969,spv,180.73,1.2,33062,CHCRB11,0,0,0,,012-328 5595,Monday: 8:00?AM?–?8:00?PM | Tuesday: 8:00?AM?–?8:00?PM | Wednesday: 8:00?AM?–?8:00?PM | Thursday: 8:00?AM?–?8:00?PM | Friday: 8:00?AM?–?8:00?PM | Saturday: 8:00?AM?–?8:00?PM | Sunday: 8:00?AM?–?8:00?PM,https://www.facebook.com/malmartmarket/,
CHC300N_075,NAM WAH,"NO.342 JALAN SULTAN ABDUL SAMAD, 42700 BANTING KUALA LANGAT",0,SELANGOR DARUL EHSAN.,Others,CENTRAL,CENTRAL,2.8124793,101.4982726,cmh,866.52,8.6,33062,CHCRB10,0,0,0,,,,,
CHC300N_104,PASAR MINI NTK,"NO:5, JALAN PERMAI,, TAMAN PERMAI,",43000,"KAJANG,",Others,CENTRAL,CENTRAL,2.985889,101.80447,spv,530.4,5.4,33062,CHCRB7,3.7,50,0,ChIJhRzzyXvMzTERm6NYh1ke2M8,03-8733 3957,Monday: 8:00?AM?–?8:00?PM | Tuesday: 8:00?AM?–?8:00?PM | Wednesday: 8:00?AM?–?8:00?PM | Thursday: 8:00?AM?–?8:00?PM | Friday: 8:00?AM?–?8:00?PM | Saturday: 8:00?AM?–?8:00?PM | Sunday: 8:00?AM?–?8:00?PM,,
CHC300N_105,NTT MINI MARKET,"NO:58, JALAN TK 1/1,, TAMAN KINRARA, BATU 7 1/2,",58200,58200 KUALA LUMPUR.,Others,CENTRAL,CENTRAL,3.06712,101.65,spv,198.75,2.4,33062,CHCRB11,3.8,30,0,ChIJuQ6yjwVLzDERP5l79I4u9r0,03-8070 1592,Monday: 7:30?AM?–?7:00?PM | Tuesday: 7:30?AM?–?7:00?PM | Wednesday: 8:00?AM?–?8:00?PM | Thursday: 7:30?AM?–?7:00?PM | Friday: 7:30?AM?–?7:00?PM | Saturday: 7:30?AM?–?7:00?PM | Sunday: 7:30?AM?–?7:00?PM,,
CHC300N_115,NZ NEWS & CONVENIENCE,"NO:003A  PERSIARAN MULTIMEDIA, CYBER RIA SMART HOME",63000,63000 CYBERJAYA,Others,CENTRAL,CENTRAL,2.9225583,101.6391606,spv,9892.48,29.4,33062,CHCRB11,0,0,0,,018-355 4425,Monday: 8:00?AM?–?10:00?PM | Tuesday: 8:00?AM?–?10:00?PM | Wednesday: 8:00?AM?–?10:00?PM | Thursday: 8:00?AM?–?10:00?PM | Friday: 8:00?AM?–?10:00?PM | Saturday: 8:00?AM?–?10:00?PM | Sunday: 8:00?AM?–?10:00?PM,,
CHC300N_128,QT TRADING SDN. BHD,NO:12-G,0,,Others,CENTRAL,CENTRAL,2.9179673,101.6494018,whs,0,0,33062,CHCRBGEN,4.5,6,0,,017-755 2195,Monday: Open 24 hours | Tuesday: Open 24 hours | Wednesday: Open 24 hours | Thursday: Open 24 hours | Friday: Open 24 hours | Saturday: Open 24 hours | Sunday: Open 24 hours,,
CHC300N_237,NK JAYA PLT,NO:8 & 10 JALAN RAJA MOKHTAR 4,42200,KAPAR,Others,CENTRAL,CENTRAL,3.136138,101.3719051,spv,124.13,1,33062,CHCRB5,5,4,0,,016-659 6183,Monday: 9:00?AM?–?7:00?AM | Tuesday: 9:00?AM?–?7:00?PM | Wednesday: 9:00?AM?–?7:00?PM | Thursday: 9:00?AM?–?7:00?PM | Friday: 9:00?AM?–?7:00?PM | Saturday: 9:00?AM?–?7:00?PM | Sunday: Closed,,
CHC300N_247,NEIGHBOR FRESH MART,"D-G-4 JALAN SEMENTA UTAMA, TAMAN SEMENTA UTAMA",42100,BATU 7 JALAN KAPAR,Others,CENTRAL,CENTRAL,3.094275,101.3784625,spv,877.53,5.2,33062,CHCRB6,2.8,5,0,ChIJ3Wewnw1VzDER1QOBLxveCJI,016-222 9002,Monday: Open 24 hours | Tuesday: Open 24 hours | Wednesday: Open 24 hours | Thursday: Open 24 hours | Friday: Open 24 hours | Saturday: Open 24 hours | Sunday: Open 24 hours,,
CHC300N_252,NURUL AFEEFAH ENTERPRISE,"LOT 1531-K3, JALAN SUNGAI KANDIS,, KAMPUNG JAWA BATU 3, SEKSYEN 26,",40470,"40470 SHAH ALAM,",Others,CENTRAL,CENTRAL,3.027954,101.479668,spv,919.44,2,33062,CHCRB6,4,44,0,,03-3374 4873,Monday: 9:00?AM?–?10:00?PM | Tuesday: 9:00?AM?–?10:00?PM | Wednesday: 9:00?AM?–?10:00?PM | Thursday: 9:00?AM?–?10:00?PM | Friday: 3:00?–?10:00?PM | Saturday: 9:00?AM?–?10:00?PM | Sunday: 9:00?AM?–?10:00?PM,,
CHC300N_255,NYC VALUE MARKET,NO:8 LOT 36 JALAN SEKENDI,45200,SABAK BERNAM,Others,CENTRAL,CENTRAL,3.7358327,100.9439794,spv,124.13,1,33062,CHCRB5,0,0,0,,,,,
CHC300N_257,99 FRESHMART,"NO:16 & 17, JALAN KLIA AVENUE,, PUSAT PERDAGANGAN KLIA AVENUE,",43900,"SEPANG,",Others,CENTRAL,CENTRAL,2.8069583,101.695185,spv,180.73,1.2,33062,CHCRB11,0,0,0,,,,,
CHC300N_270,NSK TRADE CITY (USJ) SDN. BHD.,"THE SQUARE, ONE CITY,, B1, JALAN USJ 25/1C,",47650,"SUBANG JAYA,",NSK,CENTRAL,CENTRAL,3.0242001,101.5811206,smt,92374.1,33.8,33062,CHCRB9,4.3,1686,0,,03-8011 7245,Monday: 10:00?AM?–?10:00?PM | Tuesday: 10:00?AM?–?10:00?PM | Wednesday: 10:00?AM?–?10:00?PM | Thursday: 10:00?AM?–?10:00?PM | Friday: 10:00?AM?–?10:00?PM | Saturday: 10:00?AM?–?10:00?PM | Sunday: 10:00?AM?–?10:00?PM,https://www.jayagrocer.com/,
CHC300N_272,NAZURAH RESOURCES (TELOK PANGLIMA GARANG),"NO:41G, JALAN AMAN SINARIA 2,, BANDAR TROPICANA AMAN,",42500,"TELOK PANGLIMA GARANG,",Others,CENTRAL,CENTRAL,2.9449814,101.5278128,spv,205.87,5.2,33062,CHCRB10,4.6,227,0,,014-327 3313,Monday: 7:00?AM?–?12:00?AM | Tuesday: 7:00?AM?–?12:00?AM | Wednesday: 7:00?AM?–?12:00?AM | Thursday: 7:00?AM?–?12:00?AM | Friday: 7:00?AM?–?12:00?AM | Saturday: 7:00?AM?–?12:00?AM | Sunday: 7:00?AM?–?12:00?AM,,
CHC300N_272A,NAZURAH RESOURCES (JALAN KEBUN),"LOT PT 118935, JALAN HJ HUSSIN,, KAMPUNG JALAN KEBUN, SECTION 30,",40460,"SHAH ALAM,",Others,CENTRAL,CENTRAL,2.964923,101.535088,spv,19030.12,21.6,33062,CHCRB10,0,0,0,,,,,
CHC300N_279,NERACA GEMILANG SDN. BHD.,"NO:7G, JALAN MUHIBBAH KU/3,",42100,"KAMPUNG SUNGAI PINANG,",Others,CENTRAL,CENTRAL,3.0705087,101.419461,spv,669.65,4.2,33062,CHCRB6,4.2,5,0,ChIJYZ_0VY5UzDERPvXtO7rcJxY,016-244 0277,Monday: 8:00?AM?–?8:00?PM | Tuesday: 8:00?AM?–?8:00?PM | Wednesday: 8:00?AM?–?8:00?PM | Thursday: 8:00?AM?–?8:00?PM | Friday: 8:00?AM?–?8:00?PM | Saturday: 8:00?AM?–?8:00?PM | Sunday: 8:00?AM?–?8:00?PM,,
CHC300N_283,NAM TECK MART,"NO:20, JALAN GOH HOCK HUAT,, KAWASAN 18,",41400,"KLANG,",Others,CENTRAL,CENTRAL,3.0516147,101.4470027,lpv,241815.82,9.8,33062,CHCRB9,3.9,46,0,,03-3362 3793,Monday: 8:00?AM?–?9:00?PM | Tuesday: 8:00?AM?–?9:00?PM | Wednesday: 8:00?AM?–?9:00?PM | Thursday: 8:00?AM?–?9:00?PM | Friday: 8:00?AM?–?9:00?PM | Saturday: 8:00?AM?–?9:00?PM | Sunday: 8:00?AM?–?9:00?PM,,
CHC300N_284,NSK GROCER (KL) SDN. BHD.,"LG 19-21 LOWER GROUND, QUIL CITY MALL,, NO:1018, JLN SULTAN ISMAIL,",54200,54200 KUALA LUMPUR.,NSK,CENTRAL,CENTRAL,3.058854,101.59343,smt,24544.19,19.8,33062,CHCRB9,4.2,928,0,,03-8081 8947,Monday: 10:00?AM?–?10:00?PM | Tuesday: 10:00?AM?–?10:00?PM | Wednesday: 10:00?AM?–?10:00?PM | Thursday: 10:00?AM?–?10:00?PM | Friday: 10:00?AM?–?10:00?PM | Saturday: 10:00?AM?–?10:00?PM | Sunday: 10:00?AM?–?10:00?PM,https://www.jayagrocer.com/,
CHC300N_285,NKS SYSTEMS SDN. BHD.,"NO:5, JALAN TPP 1/19,, TAMAN PERINDUSTRIAN PUCHONG,",47100,"PUCHONG,",Others,CENTRAL,CENTRAL,3.024396,101.609896,spv,124.13,1,33062,CHCRB11,0,0,0,,,,,
CHC300N_285A,NKS SYSTEMS SDN. BHD. - SEMENYIH,"NO:19, 21 & 23-G, PLAZA DATO MOHD SAID,, JALAN TPS 2/1, TAMAN PELANGI SEMENYIH 2,",43500,"SEMENYIH,",Others,CENTRAL,CENTRAL,2.9160462,101.863657,spv,304.89,3.6,33062,CHCRB7,0,0,0,,,,,
CHC300N_285B,NKS SYSTEMS SDN. BHD. - LTAT,"G-3A, G-5 & G-6 KOMPLEKS NIAGA TAMAN LTAT,, NO:2, JALAN BUKIT JALIL INDAH 4,",57000,"TAMAN LTAT, BUKIT JALIL,",Others,CENTRAL,CENTRAL,3.0525527,101.6874835,spv,124.13,1,33062,CHCRB11,0,0,0,,,,,
CHC300N_286,NSK TRADE CITY (CHERAS) SDN. BHD.,"KOMPLEKS MEMBELI BELAH NSK CHERAS,, LOT 33924, LEBUHRAYA CHERAS - KAJANG,",43200,"CHERAS,",NSK,CENTRAL,CENTRAL,3.067996,101.7664215,smt,113564.23,49,33062,CHCRB3,4,849,0,,,Monday: 8:00?AM?–?10:00?PM | Tuesday: 8:00?AM?–?10:00?PM | Wednesday: 8:00?AM?–?10:00?PM | Thursday: 8:00?AM?–?10:00?PM | Friday: 8:00?AM?–?10:00?PM | Saturday: 8:00?AM?–?10:00?PM | Sunday: 8:00?AM?–?10:00?PM,http://www.nsktrade.com/,
CHC300N_288,NZ MAJESTIC PLT,"NO:11, JALAN MELOR 1,, TAMAN SRI RAMAL,",43000,"KAJANG,",Others,CENTRAL,CENTRAL,2.968916,101.783653,spv,140.53,2.2,33062,CHCRB7,0,0,0,,,,,
CHC300N_291,NSK TRADE CITY (SERI KEMBANGAN) SDN. BHD.,"GROUND FLOOR, 3 ELEMENTS,, PERSIARAN PUTRA PERMAI SELESA,",43300,"PUSAT BANDAR PUTRA PERMAI,",NSK,CENTRAL,CENTRAL,2.9823769,101.6672833,smt,147176.25,45.8,33062,CHCRB3,4.3,807,0,ChIJScgnvEe1zTERviXGVTgIiDY,,,,TRUE
CHC300N_297,NSK TRADE CITY (USJ) SDN. BHD..(KLANG SENTRAL),"NO:2, PERSIARAN KLANG SENTRAL 4,, TAMAN KLANG SENTRAL, BUKIT RAJA, MERU,",41050,"KLANG,",NSK,CENTRAL,CENTRAL,3.108037,101.440952,smt,191079.5,50.2,33062,CHCRB9,4.1,653,0,,010-398 5429,Monday: 8:00?AM?–?11:00?PM | Tuesday: 8:00?AM?–?11:00?PM | Wednesday: 8:00?AM?–?11:00?PM | Thursday: 8:00?AM?–?11:00?PM | Friday: 8:00?AM?–?11:00?PM | Saturday: 8:00?AM?–?11:00?PM | Sunday: 8:00?AM?–?11:00?PM,http://www.facebook.com/nsktradecitymalaysia,
CHC300N_300,NAZAR BIN SALEH,"LOT 8A, BATU 13, JALAN KLANG,, KAMPUNG KENANGAN PUCHONG,",47100,"47100 PUCHONG,",Others,CENTRAL,CENTRAL,3.0928633,101.3905467,spv,180.73,1.2,33062,CHCRB11,0,0,0,,,,,
CHC300N_305,99 PHARMACY SDN. BHD.,"NO:1001, JALAN BATU NILAM 1E,, BANDAR BUKIT TINGGI 1,",41200,"41200 KLANG,",Others,CENTRAL,CENTRAL,3.008561,101.439514,spv,124.13,1,33062,CHCRB10,0,0,0,,012-679 0649,,,
CHC300N_325,NEW MEENAS CASH AND CARRY,"NO:1018, JALAN BESAR KAPAR,",42200,"KAPAR,",Others,CENTRAL,CENTRAL,3.1393303,101.3680178,spv,169.8,0.8,33062,CHCRB6,0,0,0,,03-7785 7559,,,
CHC300N_348,NSK GROCER (KL) SDN. BHD.,"LEVEL UPPER GROUND & LEVEL GROUND,, PERSIARAN MULTIMEDIA SEKYSEN 7, I-CITY,",40000,"40000 SHAH ALAM,, SELANGOR.",Others,CENTRAL,CENTRAL,3.06397,101.481033,lpv,14489.47,16,33062,CHCRB9,2.5,24,0,,011-5583 1838,Monday: 10:00?AM?–?10:00?PM | Tuesday: 10:00?AM?–?10:00?PM | Wednesday: 10:00?AM?–?10:00?PM | Thursday: 10:00?AM?–?10:00?PM | Friday: 10:00?AM?–?10:00?PM | Saturday: 10:00?AM?–?10:00?PM | Sunday: 10:00?AM?–?10:00?PM,https://www.facebook.com/nskgrocer,
CHC300O_009,PASAR MINI RIZHWAN,"LOT 1307  TELOK KAPAS(BT33/4), KAMPUNG RANTAU PANJANG",42100,42100 KLANG,Others,CENTRAL,CENTRAL,3.055186,101.4060935,spv,1545.54,12.6,33062,CHCRB10,0,0,0,,,,,
CHC300O_015,TWENTY EIGHT MINI MARKET,"NO:14, JALAN BANDAR 7,, PUSAT BANDAR PUCHONG,",47100,"47100 PUCHONG,",Others,CENTRAL,CENTRAL,3.032695,101.614893,spv,180.73,1.2,33062,CHCRB11,0,0,0,,,,,
CHC300O_031,OLD HOMEMART SDN. BHD.,"LOT 1013  BATU 2???, SRI CHEEDING  KUALA LANGAT",42700,42700 BANTING,Others,CENTRAL,CENTRAL,2.8798609,101.5440482,lpv,28231.69,27.4,33062,CHCRB1,3,2,0,,019-266 2959,Monday: 8:00?AM?–?9:00?PM | Tuesday: 8:00?AM?–?9:00?PM | Wednesday: 8:00?AM?–?9:00?PM | Thursday: 8:00?AM?–?9:00?PM | Friday: 8:00?AM?–?10:00?PM | Saturday: 8:00?AM?–?10:00?PM | Sunday: 8:00?AM?–?9:00?PM,,
CHC300O_079,ONE MARKET,"13TH FLOOR, TOWER 4,, PFCC, JALAN PUTERI 1/2,",47100,"BANDAR PUTERI,",Others,CENTRAL,CENTRAL,3.026841,101.615446,spv,179.14,2.6,33062,CHCRB11,0,0,0,,,,,
CHC300O_089,OCEANIC SUPER MART,"NO:134, LORONG TERUNTUM/KU8,, BATU 5 1/2, JALAN MERU,",41050,"41050 KLANG,",Others,CENTRAL,CENTRAL,3.1765911,101.5755046,spv,113.2,0.6,33062,CHCRB6,4.5,13,0,,,Monday: 8:30?AM?–?8:00?PM | Tuesday: 8:30?AM?–?8:00?PM | Wednesday: 8:30?AM?–?8:00?PM | Thursday: 8:30?AM?–?8:00?PM | Friday: 8:30?AM?–?8:00?PM | Saturday: 8:30?AM?–?8:00?PM | Sunday: 8:30?AM?–?8:00?PM,,
CHC300P_016,PAH ANN SDN BHD,NO:216,0,,Others,CENTRAL,CENTRAL,3.0667489,101.451431,cmh,37555.77,4.2,33062,CHCRB6,4,50,0,,03-3362 6863,Monday: 9:00?AM?–?10:00?PM | Tuesday: 9:00?AM?–?10:00?PM | Wednesday: 9:00?AM?–?10:00?PM | Thursday: 9:00?AM?–?10:00?PM | Friday: 9:00?AM?–?10:00?PM | Saturday: 9:00?AM?–?10:00?PM | Sunday: 9:00?AM?–?10:00?PM,http://www.99speedmart.com.my/,
CHC300P_020,CHOP POH ONN TONG,"NO.78 JALAN UTAMA 2, TAMAN JAYA UTAMA",42500,42500 TELOK PANGLIMA GARANG,Others,CENTRAL,CENTRAL,2.9109516,101.4707927,cmh,78.13,3.4,33062,CHCRB10,4,316,0,,019-937 4854,Monday: 9:30?AM?–?9:30?PM | Tuesday: 9:30?AM?–?9:30?PM | Wednesday: 9:30?AM?–?9:30?PM | Thursday: 9:30?AM?–?9:30?PM | Friday: 9:30?AM?–?9:30?PM | Saturday: 9:30?AM?–?9:30?PM | Sunday: 9:30?AM?–?9:30?PM,https://m.facebook.com/pages/Pasaraya-Grand-Union/297014034239161,
CHC300P_025,PASAR RAYA PERWIRA,"NO:3 & 5  JALAN WIRA 2, TAMAN PERWIRA",42500,42500 TELOK PANGLIMA GARANG,Others,CENTRAL,CENTRAL,2.9362703,101.473464,spv,2827.82,10.2,33062,CHCRB10,3.2,5,0,,013-641 0000,,,
CHC300P_031,POH YAP MINI MARKET,"NO.2 JALAN SUNGAI PUTUS 21, TAMAN MEWAH BATU BELAH",41400,41400 KLANG,Others,CENTRAL,CENTRAL,3.0720198,101.4321673,spv,2514.29,7.8,33062,CHCRB6,4.2,77,0,ChIJR7vtvYFUzDERaC8ykfdnazA,03-3341 0720,Monday: 12:00?–?10:30?PM | Tuesday: 12:00?–?10:30?PM | Wednesday: 12:00?–?10:30?PM | Thursday: 12:00?–?10:30?PM | Friday: 12:00?–?10:30?PM | Saturday: 12:00?–?10:30?PM | Sunday: 12:00?–?10:30?PM,,
CHC300P_034,P.PAPPATHY,"NO:112A  JALAN KEM  TAMAN KEM, 42000 PELABUHAN KLANG",0,SELANGOR DARUL EHSAN.,Others,CENTRAL,CENTRAL,2.99588,101.3997235,spv,1274.69,8.4,33062,CHCRB10,0,0,0,,,,,
CHC300P_041,KEDAI UBAT PERTAMA,NO:4,0,,Others,CENTRAL,CENTRAL,3.0006735,101.3982447,cmh,2246.41,6.8,33062,CHCRB10,4.3,137,0,,03-3168 2304,Monday: 9:00?AM?–?9:30?PM | Tuesday: 9:00?AM?–?9:30?PM | Wednesday: 9:00?AM?–?9:30?PM | Thursday: 9:00?AM?–?9:30?PM | Friday: 9:00?AM?–?9:30?PM | Saturday: 9:00?AM?–?9:30?PM | Sunday: 9:00?AM?–?1:00?PM,,
CHC300P_046,KOPERASI POLITEKNIK SABAK BERNAM BHD.,"POLITEKNIK SULTAN IDRIS (PSIS), SUNGAI LANG",45100,45100 SUNGAI AIR TAWAR,Others,CENTRAL,CENTRAL,3.8112874,100.8191299,spv,180.73,1.2,33062,CHCRB5,0,0,0,,,,,
CHC300P_064,KEDAI RUNCIT PAK MANAP,"KAMPUNG TENGAH PERMATANG, JALAN UJONG PERMATANG T.N.B.NO.6",45000,45000 KUALA SELANGOR,Others,CENTRAL,CENTRAL,3.3906739,101.2726593,spv,180.73,1.2,33062,CHCRB5,0,0,0,,,,,
CHC300P_074,DOUBLE KNK MARKETING,"THE ARC '@ CYBERJAYA, PERSIARAN BESTARI  CYBER II",63000,63000 CYBERJAYA,Others,CENTRAL,CENTRAL,2.915429,101.6504497,spv,124.13,1,33062,CHCRB11,4.8,17,0,,011-2110 0664,Monday: 10:00?AM?–?12:00?AM | Tuesday: 10:00?AM?–?12:00?AM | Wednesday: 10:00?AM?–?12:00?AM | Thursday: 10:00?AM?–?12:00?AM | Friday: 10:00?AM?–?12:00?AM | Saturday: 10:00?AM?–?12:00?AM | Sunday: 10:00?AM?–?12:00?AM,https://www.nuralmadeenah.com/,
CHC300P_083,PLACID ENTERPRISE,"NO:01-08 LEVEL 1, KENWINGSTON BUSINESS CENTRE",63000,PERSIARAN BESTARI CYBER 9,Others,CENTRAL,CENTRAL,2.9105565,101.6396667,spv,124.13,1,33062,CHCRB11,4.6,30,0,,017-637 5587,Monday: 8:00?AM?–?3:00?AM | Tuesday: 8:00?AM?–?3:00?AM | Wednesday: 8:00?AM?–?3:00?AM | Thursday: 8:00?AM?–?3:00?AM | Friday: 8:00?AM?–?3:00?AM | Saturday: 8:00?AM?–?3:00?AM | Sunday: 8:00?AM?–?3:30?AM,,
CHC300P_087,P & D MART SDN. BHD.,"NO:32G JALAN SUNGAI BURUNG Y32/Y, BUKIT RIMAU",40460,SHAH ALAM,Others,CENTRAL,CENTRAL,2.999162,101.5271,spv,2123.3,19.6,33062,CHCRB10,3.9,3615,0,,1-300-80-2366,Monday: 9:00?AM?–?10:00?PM | Tuesday: 9:00?AM?–?10:00?PM | Wednesday: 9:00?AM?–?10:00?PM | Thursday: 9:00?AM?–?10:00?PM | Friday: 9:00?AM?–?10:00?PM | Saturday: 8:00?AM?–?10:00?PM | Sunday: 8:00?AM?–?10:00?PM,http://www.aeonbig.com.my/,
CHC300P_090,POH KIAN MEDICAL HALL,"NO:15  JALAN WIRA 2, TAMAN PERWIRA  42500 KUALA LANGAT",42500,SELANGOR DARUL EHSAN.,Others,CENTRAL,CENTRAL,2.9376716,101.4731975,cmh,-71.02,9,33062,CHCRB10,3.2,5,0,,013-641 0000,,,
CHC300P_099,PUNCAK PELEK GAS STATION (ESSO),NO:4,0,,Others,CENTRAL,CENTRAL,2.6454822,101.7206228,pms,62.15,2,33062,CHCRB1,0,0,0,,,,,
CHC300P_107,PESONEX SDN. BHD.,"NO:45  JALAN SELAMPIT 18, TAMAN KLANG JAYA",41200,41200 KLANG,Others,CENTRAL,CENTRAL,3.0084264,101.443286,spv,2119.73,1.6,33062,CHCRB10,2,2,0,,010-776 7779,Monday: 10:00?AM?–?9:00?PM | Tuesday: 10:00?AM?–?9:00?PM | Wednesday: 10:00?AM?–?9:00?PM | Thursday: 10:00?AM?–?9:00?PM | Friday: 10:00?AM?–?9:00?PM | Saturday: 10:00?AM?–?9:00?PM | Sunday: 10:00?AM?–?9:00?PM,,
CHC300P_109,MINI MARKET PAK TEH,NO.6,0,,Others,CENTRAL,CENTRAL,3.0701867,101.4849499,spv,153.94,2.2,33062,CHCRB7,5,1,0,,011-6447 0786,Monday: 7:00?AM?–?12:00?AM | Tuesday: 7:00?AM?–?12:00?AM | Wednesday: 7:00?AM?–?12:00?AM | Thursday: 7:00?AM?–?12:00?AM | Friday: 7:00?AM?–?12:00?AM | Saturday: 7:00?AM?–?12:00?AM | Sunday: 7:00?AM?–?12:00?AM,,
CHC300P_119E,PARKSON KLANG PARADE (4123),"GF & 1ST FLOOR KLANG PARADE, 2112 JALAN MERU",41050,KLANG,Others,CENTRAL,CENTRAL,3.0640487,101.451896,smt,228.29,1.8,33062,CHCRB9,0,0,0,,03-7723 9393,Monday: 9:00?AM?–?10:00?PM | Tuesday: 9:00?AM?–?10:00?PM | Wednesday: 9:00?AM?–?10:00?PM | Thursday: 9:00?AM?–?10:00?PM | Friday: 9:00?AM?–?10:00?PM | Saturday: 9:00?AM?–?10:00?PM | Sunday: 9:00?AM?–?10:00?PM,https://mercato.com.my/,
CHC300P_129,PASAR MINI ASIQ,NO:15,0,,Others,CENTRAL,CENTRAL,3.085914,101.52211,spv,79.09,4.4,33062,CHCRB7,0,0,0,ChIJH4O4j3dSzDERVFqEOmctp4k,03-5880 6848,Monday: 8:00?AM?–?8:00?PM | Tuesday: 8:00?AM?–?8:00?PM | Wednesday: 8:00?AM?–?8:00?PM | Thursday: 8:00?AM?–?8:00?PM | Friday: 8:00?AM?–?8:00?PM | Saturday: 8:00?AM?–?8:00?PM | Sunday: 8:00?AM?–?8:00?PM,,
CHC300P_132,PPE MANUFACTURING SDN. BHD.,"NO. 35 JALAN 1/3, RAWANG INTERGRATED INDUSTRIAL PARK",48000,RAWANG,Others,CENTRAL,CENTRAL,3.0334905,101.6173972,whs,334.44,0.4,33062,CHCRB2,0,0,0,,,,,
CHC300P_141,PATHIMAH MINI MARKET,"NO:3 BLOCK G, JALAN SS 13/1G",47500,SUBANG JAYA,Others,CENTRAL,CENTRAL,3.067431,101.593582,whs,59.4,1,33062,CHCRB1,0,0,0,,,,,
CHC300P_181,PARK LANE TRADING,"NO:8, JALAN PUTRA PERDANA 2/2,, TAMAN PUTRA PERDANA,",47100,"PUCHONG,",Others,CENTRAL,CENTRAL,2.9468278,101.6178624,whs,0,0,33062,CHCRB3,4.2,84,0,,012-495 3818,Monday: 8:00?AM?–?10:00?PM | Tuesday: 8:00?AM?–?10:00?PM | Wednesday: 8:00?AM?–?10:00?PM | Thursday: 8:00?AM?–?10:00?PM | Friday: 8:00?AM?–?10:00?PM | Saturday: 8:00?AM?–?10:00?PM | Sunday: 8:00?AM?–?10:00?PM,,
CHC300P_190,POH WAH TRADING COMPANY,"NO:42C MEDAN DAMAI, TAMAN DAMAI JAYA",43200,CHERAS,Others,CENTRAL,CENTRAL,3.0630646,101.7667725,whs,0,0,33062,CHCRB3,0,0,0,,,,,
CHC300P_195,PARTHA MART,"NO:10  LORONG BATU NILAM 27-A, BANDAR BUKIT TINGGI",41200,41200 KLANG,Others,CENTRAL,CENTRAL,2.9934999,101.433631,spv,552.46,14.2,33062,CHCRB10,0,0,0,,,,,
CHC300P_206,POPULAR WOMEN Z VENTURES,"LOT 1871 KAMPUNG TUMBOK TANJONG SEPAT,",42800,"TANJUNG SEPAT,",Others,CENTRAL,CENTRAL,2.651459,101.580124,spv,124.13,1,33062,CHCRB10,0,0,0,,,,,
CHC300P_222,123 EXPRESS MART (PUSAT BANDAR PUCHONG),"75-G, JALAN BANDAR 1,, PUSAT BANDAR PUCHONG,",47160,"PUCHONG,",Others,CENTRAL,CENTRAL,3.0335571,101.6171314,con,136.55,2.8,33062,CHCRB11,0,0,0,,,,,
CHC300P_222A,123 EXPRESS MART(BANDAR PUTERI),"NO:34-G, JALAN PUTERI 5/1,, BANDAR PUTERI,",47100,"PUCHONG,",Others,CENTRAL,CENTRAL,3.0137432,101.6151164,con,67.53,0.8,33062,CHCRB11,5,1,0,,012-905 5550,Monday: 8:00?AM?–?10:00?PM | Tuesday: 8:00?AM?–?10:00?PM | Wednesday: 8:00?AM?–?10:00?PM | Thursday: 8:00?AM?–?10:00?PM | Friday: 8:00?AM?–?10:00?PM | Saturday: 8:00?AM?–?10:00?PM | Sunday: 8:00?AM?–?10:00?PM,,
CHC300P_223,PK UMMAH SDN. BHD. PASARAYA UMMAH (PU01),"NO:1, JALAN ABADI 2/1,, ABADI HEIGHTS,",47120,"PUCHONG,",Others,CENTRAL,CENTRAL,2.968667,101.633863,spv,124.13,1,33062,CHCRB11,0,0,0,,,,,
CHC300P_223A,PK UMMAH SDN. BHD. RIZKY MART (RM01),"LOT 6335-G2,, KAMPUNG SUNGAI MERAB,",43000,"KAJANG,",Others,CENTRAL,CENTRAL,2.9426794,101.7434326,spv,67.53,0.8,33062,CHCRB7,3.8,75,0,,019-275 6161,Monday: 7:30?AM?–?11:00?PM | Tuesday: 7:30?AM?–?11:00?PM | Wednesday: 7:30?AM?–?11:00?PM | Thursday: 7:30?AM?–?11:00?PM | Friday: 7:30?AM?–?11:00?PM | Saturday: 7:30?AM?–?11:00?PM | Sunday: 7:30?AM?–?11:00?PM,,
CHC300P_225,PALM GARDEN MART,"A-G-09, BLOK A, PANGSAPURI PALM GARDEN,, PERSIARAN BUKIT RAJA, BANDAR BARU KLANG,",41050,"KLANG,",Others,CENTRAL,CENTRAL,3.0653624,101.4614095,spv,466.09,3.6,33062,CHCRB10,0,0,0,,,,,
CHC300P_227,PRESTO TRADE SDN. BHD.,"NO:3B-3A-01, LEVEL 31, TOWER 3B,, UOA BUSINESS PARK, NO:1,",40150,"UOA BUSINESS PARK, NO:1,",Others,CENTRAL,CENTRAL,3.0334841,101.6173872,spv,124.13,1,33062,CHCRB11,0,0,0,,,,,
CHC300P_230,PAVITHRA ENTERPRISE SDN. BHD.,"NO:305, JALAN HULUBALANG 28,, TAMAN SENTOSA,",41200,"KLANG,",Others,CENTRAL,CENTRAL,2.999425,101.481537,spv,3300.79,14.2,33062,CHCRB10,0,0,0,,,,,
CHC300P_234,FARMASI PRISMA,"ZP-G-13, ZEST POINT,, LEBUHRAYA BUKIT JALIL,",47180,"BANDAR KINRARA BK 9,",Others,CENTRAL,CENTRAL,3.053178,101.6539,spv,-26.78,2.4,33062,CHCRB11,0,0,0,,,,,
CHC300P_236,PRIMROSE MANUFACTURING SDN. BHD.,"NO:14&16(GROUND FLOOR),, JALAN RAYA 7/2,",43300,"TAMAN SERDANG RAYA,",Others,CENTRAL,CENTRAL,3.0203863,101.7126604,spv,212.51,2,33062,CHCRB2,0,0,0,,,,,
CHC300P_253,PREMIUM IDEA SOLUTIONS,"PEJABAT PENGURUSAN TINGKAT 7,, SILK RESIDENCE, JALAN SUTERA,",43200,"LEBUHRAYA SILK,",Others,CENTRAL,CENTRAL,3.1162585,101.7569555,spv,180.73,1.2,33062,CHCRB2,4.2,31,0,,03-4295 3233,Monday: 7:30?AM?–?7:00?PM | Tuesday: 7:30?AM?–?7:00?PM | Wednesday: 7:30?AM?–?7:00?PM | Thursday: 7:30?AM?–?7:00?PM | Friday: 7:30?AM?–?7:00?PM | Saturday: 7:30?AM?–?7:00?PM | Sunday: 7:30?AM?–?2:00?PM,,
CHC300Q_012,PASAR MINI NUR AZAINAH,"BLOK B.S.9, JALAN BATU NILAM 15,, BANDAR BUKIT TINGGI,",41200,"41200 KLANG,",Others,CENTRAL,CENTRAL,3.007571,101.4263,spv,746.01,9.6,33062,CHCRB10,3.6,5,0,,012-284 4304,Monday: 9:00?AM?–?9:00?PM | Tuesday: 9:00?AM?–?9:00?PM | Wednesday: 9:00?AM?–?9:00?PM | Thursday: 9:00?AM?–?9:00?PM | Friday: 9:00?AM?–?9:00?PM | Saturday: 9:00?AM?–?9:00?PM | Sunday: 9:00?AM?–?9:00?PM,,
CHC300Q_016,QCPLUS SDN. BHD.,"NO:9-1, JALAN USJ9/5N,, SUBANG BUSINESS CENTER,",47600,"47600 SUBANG JAYA,",Others,CENTRAL,CENTRAL,3.045846,101.5861516,whs,193,1.8,33062,CHCRB9,4.2,116,0,,018-913 4298,Monday: 9:00?AM?–?9:00?PM | Tuesday: 9:00?AM?–?9:00?PM | Wednesday: 9:00?AM?–?9:00?PM | Thursday: 9:00?AM?–?9:00?PM | Friday: 9:00?AM?–?9:00?PM | Saturday: 9:00?AM?–?9:00?PM | Sunday: 9:00?AM?–?9:00?PM,https://m.facebook.com/pages/category/Bakery/Stesen-Biskut-Taipan-495184457513154/,
CHC300Q_020,QCP GROCER (KLANG) SDN. BHD.,"NO:170-A, 170-B, 170-C,170-D,, JALAN CHAN AH CHOO PANDAMARAN,",42000,"42000 PELABUHAN KLANG,",Others,CENTRAL,CENTRAL,3.009244,101.416847,whs,114.86,1.2,33062,CHCRB9,0,0,0,ChIJ8bNsIwCrzTERwidxCKAFJ4U,018-387 2242,Monday: 8:30?AM?–?6:00?PM | Tuesday: 8:30?AM?–?6:00?PM | Wednesday: 8:30?AM?–?6:00?PM | Thursday: 8:30?AM?–?6:00?PM | Friday: 8:30?AM?–?6:00?PM | Saturday: 8:30?AM?–?6:00?PM | Sunday: 8:30?AM?–?6:00?PM,http://www.qcplusmart.com/,
CHC300R_007,KEDAI RUNCIT RAJA,NO:26,0,,Others,CENTRAL,CENTRAL,3.03276,101.4257654,spv,278.17,5,33062,CHCRB7,0,0,0,,,,,
CHC300R_013,PASAR MINI RAMLI,"NO:9  JALAN KSU 1, KUALA SELANGOR UTAMA",45000,45000 KUALA SELANGOR,Others,CENTRAL,CENTRAL,3.3317938,101.2682124,spv,124.13,1,33062,CHCRB5,0,0,0,,019-245 9115,Monday: 8:30?AM?–?8:00?PM | Tuesday: 8:30?AM?–?8:00?PM | Wednesday: 8:30?AM?–?8:00?PM | Thursday: 8:30?AM?–?8:00?PM | Friday: 8:30?AM?–?8:00?PM | Saturday: 8:30?AM?–?8:00?PM | Sunday: 8:30?AM?–?8:00?PM,,
CHC300R_019,RINGLET MINI MARKET,NO.1,0,,Others,CENTRAL,CENTRAL,3.0498033,101.4944068,spv,189.47,4.6,33062,CHCRB7,2.3,3,0,ChIJH8kmbsRSzDERaRkKnltkhJk,,Monday: 8:00?AM?–?8:00?PM | Tuesday: 8:00?AM?–?8:00?PM | Wednesday: 8:00?AM?–?8:00?PM | Thursday: 8:00?AM?–?8:00?PM | Friday: 8:00?AM?–?8:00?PM | Saturday: 8:00?AM?–?8:00?PM | Sunday: 8:00?AM?–?8:00?PM,,
CHC300R_020,KEDAI RUNCIT ROS ROS,LOT 10436,0,,Others,CENTRAL,CENTRAL,3.0062042,101.4912694,spv,1017.52,1.8,33062,CHCRB6,0,0,0,,,,,
CHC300R_030,RAMZAN STORE (PORT KLANG),"LOT 9148  KAMPUNG TENGAH, TELOK GONG",42000,42000 PELABUHAN KLANG,Others,CENTRAL,CENTRAL,2.948713,101.381,spv,124.13,1,33062,CHCRB10,0,0,0,,,,,
CHC300R_031,REN HENG TRADING,NO.1,0,,Others,CENTRAL,CENTRAL,3.3296509,101.2566317,spv,124.13,1,33062,CHCRB5,3.3,17,0,,,Monday: Open 24 hours | Tuesday: Open 24 hours | Wednesday: Open 24 hours | Thursday: Open 24 hours | Friday: Open 24 hours | Saturday: Open 24 hours | Sunday: Open 24 hours,https://7cafe.7eleven.com.my/,
CHC300R_039,RAHMANIYAH MINI MARKET,"NO:80  JALAN SULTAN IBRAHIM, 45000 KUALA SELANGOR",0,SELANGOR DARUL EHSAN.,Others,CENTRAL,CENTRAL,3.3399783,101.2501133,spv,2398.06,5,33062,CHCRB5,0,0,0,,03-3289 7723,Monday: 7:30?AM?–?12:00?AM | Tuesday: 7:30?AM?–?12:00?AM | Wednesday: 7:30?AM?–?12:00?AM | Thursday: 7:30?AM?–?12:00?AM | Friday: 7:30?AM?–?12:00?AM | Saturday: 7:30?AM?–?12:00?AM | Sunday: 7:30?AM?–?12:00?AM,,
CHC300R_050,REZEKI ILAHI BARU ENTERPRISE,"LOT 1082C, JALAN YADI,, KAMPUNG SUNGAI UDANG,",41250,"41250 KLANG,",Others,CENTRAL,CENTRAL,3.09269,101.3906183,spv,140.91,1.8,33062,CHCRB7,0,0,0,,,,,
CHC300R_062,DIYA AL DIN ENTERPRISE,"NO:19  JALAN SINGA 20/E, SEKSYEN 20  40300 SHAH ALAM",0,SELANGOR DARUL EHSAN.,Others,CENTRAL,CENTRAL,3.0562272,101.5414669,spv,1497.36,6.2,33062,CHCRB7,3.9,34,0,ChIJfU5_i2lNzDER1dRZx2LmVpo,03-5480 0073,Monday: 6:30?AM?–?12:00?AM | Tuesday: 6:30?AM?–?12:00?AM | Wednesday: 6:30?AM?–?12:00?AM | Thursday: 6:30?AM?–?12:00?AM | Friday: 6:30?AM?–?12:00?AM | Saturday: 6:30?AM?–?12:00?AM | Sunday: 6:30?AM?–?12:00?AM,,
CHC300R_064,PASAR MINI DEEPTIKA,NO.4-0-21,0,,Others,CENTRAL,CENTRAL,2.9831135,101.424733,spv,124.13,1,33062,CHCRB10,0,0,0,,,,,
CHC300R_075,KEDAI RUNCIT SITI NUR FATIHAH,"LOT 1721, JALAN SUNGAI UDANG,",41250,"41250 KLANG,",Others,CENTRAL,CENTRAL,3.04247,101.412506,spv,142.38,2,33062,CHCRB7,5,2,0,,,,,
CHC300R_113,RED KM SDN. BHD.,"G-09 TO G-17A GROUND FLR GAMUDA WALK, NO:12 PERSIARAN ANGGERIK VANILLA 31/99",40460,KOTA KEMUNING SECTION 31,Others,CENTRAL,CENTRAL,3.000156,101.534241,spv,140.91,1.8,33062,CHCRB7,3.9,48,0,,,Monday: 10:00?AM?–?10:00?PM | Tuesday: 10:00?AM?–?10:00?PM | Wednesday: 10:00?AM?–?10:00?PM | Thursday: 10:00?AM?–?10:00?PM | Friday: 10:00?AM?–?10:00?PM | Saturday: 10:00?AM?–?10:00?PM | Sunday: 10:00?AM?–?10:00?PM,https://villagegrocer.com.my/,
CHC300R_147,RUVEN STORE II,"NO.11 LORONG DENDANG, LAUT 1 SASARAN",45800,45800 JERAM,Others,CENTRAL,CENTRAL,3.2550522,101.3086133,spv,3171.33,6.6,33062,CHCRB5,3.7,696,0,,03-3264 6588,Monday: 8:00?AM?–?10:00?PM | Tuesday: 8:00?AM?–?10:00?PM | Wednesday: 8:00?AM?–?10:00?PM | Thursday: 8:00?AM?–?10:00?PM | Friday: 8:00?AM?–?10:00?PM | Saturday: 8:00?AM?–?10:00?PM | Sunday: 8:00?AM?–?10:00?PM,https://econsave.com.my/,
CHC300R_182,PASAR RAYA SMART,"GROUND FLOOR UNIT 17 & 19, BLOCK B JALAN GERBANG WAWASAN 1",43650,BANDAR BARU BANGI,Others,CENTRAL,CENTRAL,2.9318787,101.7653259,spv,229.2,4.4,33062,CHCRB7,4.2,1110,0,,03-8920 8552,Monday: 9:30?AM?–?10:00?PM | Tuesday: 9:30?AM?–?10:00?PM | Wednesday: 9:30?AM?–?10:00?PM | Thursday: 9:30?AM?–?10:00?PM | Friday: 9:30?AM?–?10:00?PM | Saturday: 9:30?AM?–?10:00?PM | Sunday: 9:30?AM?–?10:00?PM,https://www.jayagrocer.com/,
CHC300R_229,RAK TRADING,"PANDORA SERVICED RESIDENCES,, MINI MART @ LEVEL P4 TOWER A,",47500,"JALAN MP 1, TROPICANA METROPARK,",Others,CENTRAL,CENTRAL,3.070652,101.566277,spv,248.28,4.6,33062,CHCRB11,3.4,73,0,,,Monday: 8:00?AM?–?10:00?PM | Tuesday: 8:00?AM?–?10:00?PM | Wednesday: 8:00?AM?–?10:00?PM | Thursday: 8:00?AM?–?10:00?PM | Friday: 8:00?AM?–?10:00?PM | Saturday: 8:00?AM?–?10:00?PM | Sunday: 8:00?AM?–?10:00?PM,http://mercato.com.my/,
CHC300R_230,RETRONS SDN. BHD.,"NO:3, JALAN SPRING 34/33,, GOLDEN PAVILION INDUSTRIAL PARK,",40470,"BUKIT KEMUNING, SEKSYEN 34,",Others,CENTRAL,CENTRAL,3.0927625,101.3906166,spv,124.13,1,33062,CHCRB7,0,0,0,,,,,
CHC300R_261,RC PHARMACY,"NO:7, TINGKAT BAWAH P8G1,, PRESINT 8,",62250,62250 PUTRAJAYA.,Others,CENTRAL,CENTRAL,2.925693,101.678978,spv,2285.97,9,33062,CHCRB11,0,0,0,,,,,
CHC300S_002,SYARIKAT SUI HOH CHAN,"NO.5  BATU 10, TAMAN SENTOSA",41400,KAPAR 41400 KLANG,Others,CENTRAL,CENTRAL,3.1330432,101.3759818,oth,124.13,1,33062,CHCRB5,4.2,206,0,,010-239 3022,Monday: 7:00?AM?–?12:00?AM | Tuesday: 7:00?AM?–?12:00?AM | Wednesday: 7:00?AM?–?12:00?AM | Thursday: 7:00?AM?–?12:00?AM | Friday: 7:00?AM?–?12:00?AM | Saturday: 7:00?AM?–?12:00?AM | Sunday: 7:00?AM?–?12:00?AM,https://m.facebook.com/pages/Asia-Mart/557646841346478,
CHC300S_006,PASARAYA SIN BEE HUAT,"NO:73  JALAN KILANG PADI, 45500 TANJUNG KARANG",0,SELANGOR DARUL EHSAN.,Others,CENTRAL,CENTRAL,3.4270242,101.1774757,spv,124.13,1,33062,CHCRB5,0,0,0,,,,,
CHC300S_007,SEKINCHAN MINI MARKET SDN. BHD.,NO:146,0,,Others,CENTRAL,CENTRAL,3.5084515,101.1028876,spv,3986.63,6.8,33062,CHCRB5,0,0,0,,,,,
CHC300S_017,C S HUAT ENTERPRISE,NO:226,0,,Others,CENTRAL,CENTRAL,2.66117,101.559547,spv,255.43,6,33062,CHCRB10,0,0,0,,,,,
CHC300S_019,KEDAI RUNCIT SIN KEE,NO:45,0,,Others,CENTRAL,CENTRAL,3.0397598,101.4520068,spv,1082.71,6,33062,CHCRB6,0,0,0,,,,,
CHC300S_021,SEONG HEE TRADING SDN. BHD.,"NO:67  JALAN BESAR, 43950 SUNGAI PELEK",43950,SELANGOR DARUL EHSAN.,Others,CENTRAL,CENTRAL,2.6425792,101.7164295,cmh,602.91,8.8,33062,CHCRB1,0,0,0,,,,,
CHC300S_025,SIN TEE HERM,"NO:82  JALAN MORIB, 42700 BANTING",42700,SELANGOR DARUL EHSAN.,Others,CENTRAL,CENTRAL,2.8095493,101.4965832,whs,1012.56,1.2,33062,CHCRB10,0,0,0,,,,,
CHC300S_028,PASAR MINI SIN LIAN HUAT,"NO:11  JALAN SRI SARAWAK 21, TAMAN SRI ANDALAS",41200,41200 KLANG,Others,CENTRAL,CENTRAL,3.0141874,101.4476397,spv,947.65,7,33062,CHCRB6,4,12,0,ChIJF6GOoJeszTERyqTeSqB4cIY,03-3323 0223,Monday: 8:30?AM?–?6:30?PM | Tuesday: 8:30?AM?–?6:30?PM | Wednesday: 8:30?AM?–?6:30?PM | Thursday: 8:30?AM?–?6:30?PM | Friday: 8:30?AM?–?6:30?PM | Saturday: 8:30?AM?–?6:30?PM | Sunday: 8:30?AM?–?6:30?PM,,
CHC300S_031,CHOP SIONG HOE,"BATU 24  KANCHONG DARAT, 42700 BANTING  KUALA LANGAT",0,SELANGOR DARUL EHSAN.,Others,CENTRAL,CENTRAL,2.776402,101.4744586,spv,630.32,8.4,33062,CHCRB10,0,0,0,,,,,
CHC300S_034,KEDAI RUNCIT SRI RAJESWARY,"NO:27  JALAN SEMILANG, RUMAH PKNS JALAN RABA",0,KAULA LANGAT  BANTING,Others,CENTRAL,CENTRAL,2.8069049,101.4878823,spv,699.8,8.8,33062,CHCRB10,0,0,0,,,,,
CHC300S_036,KEDAI UBAT DAN RUNCIT SHUN TAT,NO:5,0,,Others,CENTRAL,CENTRAL,3.0839123,101.4208974,cmh,501.75,4.6,33062,CHCRB6,4,2,0,,,Monday: 8:00?AM?–?10:00?PM | Tuesday: 8:00?AM?–?10:00?PM | Wednesday: 8:00?AM?–?10:00?PM | Thursday: 8:00?AM?–?10:00?PM | Friday: 8:00?AM?–?10:00?PM | Saturday: 8:00?AM?–?10:00?PM | Sunday: 8:00?AM?–?10:00?PM,,
CHC300S_040,SRI MEENAS ENTERPRISE,"NO:29A  JALAN MERU SETIA-1, TAMAN MERU INDAH",41050,41050 KLANG,Others,CENTRAL,CENTRAL,3.135969,101.418411,spv,113.2,0.6,33062,CHCRB6,0,0,0,,012-286 5343,Monday: 8:00?AM?–?8:00?PM | Tuesday: 8:00?AM?–?8:00?PM | Wednesday: 8:00?AM?–?8:00?PM | Thursday: 8:00?AM?–?8:00?PM | Friday: 8:00?AM?–?8:00?PM | Saturday: 8:00?AM?–?8:00?PM | Sunday: 8:00?AM?–?8:00?PM,,
CHC300S_042,SARAVANAS,"LOT 2078/15 BATU 7 KAMPUNG ASAHAN, 45600 BATANG BERJUNTAI",0,SELANGOR DARUL EHSAN.,Others,CENTRAL,CENTRAL,3.3574959,101.3235975,spv,568.67,2,33062,CHCRB5,0,0,0,,019-772 9481,,,
CHC300S_045,PASAR MINI KHAINUR,"LOT 896  JALAN KUINI, KAMPUNG BUKIT BANGKONG",43950,43950 SUNGAI PELEK  SEPANG,Others,CENTRAL,CENTRAL,2.6627717,101.6761313,spv,500.12,13.6,33062,CHCRB1,0,0,0,,,,,
CHC300S_048,SS BEST MART,"NO:13  JALAN CYBER VALLEY A1/1, CYBER VALLEY COMMERCIAL CENTER",43800,43800 DENGKIL,Others,CENTRAL,CENTRAL,2.8796645,101.6656941,spv,6945.41,27.8,33062,CHCRB11,0,0,0,,,,,
CHC300S_055,SIN HAI GUAN,"NO:199  TAMAN WIRA, PEKAN MERU",41050,41050 KLANG,Others,CENTRAL,CENTRAL,3.1310615,101.4403171,whs,0,0,33062,CHCRB9,3.8,302,0,,03-3392 6991,Monday: 10:00?AM?–?10:00?PM | Tuesday: 10:00?AM?–?10:00?PM | Wednesday: 10:00?AM?–?10:00?PM | Thursday: 10:00?AM?–?10:00?PM | Friday: 10:00?AM?–?10:00?PM | Saturday: 10:00?AM?–?10:00?PM | Sunday: 10:00?AM?–?10:00?PM,,
CHC300S_059,PASAR MINI SIJANGKANG,"LOT 4, BATU 1, KAMPUNG SIJANGKANG,",42500,"TELOK PANGLIMA GARANG,",Others,CENTRAL,CENTRAL,2.9397583,101.4560023,spv,196.96,3.6,33062,CHCRB10,4,67,0,ChIJ-wtEqKKuzTERegh6SnAx1Mo,,Monday: Closed | Tuesday: Closed | Wednesday: Closed | Thursday: Closed | Friday: Closed | Saturday: 7:00?AM?–?12:00?PM | Sunday: Closed,,
CHC300S_061,SENCON MEDICAL HALL,NO.67,0,,Others,CENTRAL,CENTRAL,3.0071318,101.463864,cmh,25.35,0.8,33062,CHCRB10,5,3,0,,018-668 0768,Monday: 11:00?AM?–?8:00?PM | Tuesday: 11:00?AM?–?8:00?PM | Wednesday: 11:00?AM?–?8:00?PM | Thursday: 11:00?AM?–?8:00?PM | Friday: 11:00?AM?–?8:00?PM | Saturday: 11:00?AM?–?8:00?PM | Sunday: 11:00?AM?–?8:00?PM,,
CHC300S_067,SYARIKAT SENG ONN,NO. 148,0,,Others,CENTRAL,CENTRAL,3.05465,101.446419,cmh,1674.73,5.4,33062,CHCRB10,0,0,0,,,,,
CHC300S_074,SHENG LI JIA ENTERPRISE,"NO:26  28  JALAN RAMBAI 2, TAMAN RAMBAI INDAH",42600,42600 KUALA LANGAT,Others,CENTRAL,CENTRAL,2.8839809,101.4931107,spv,1806.14,5.6,33062,CHCRB10,0,0,0,,,,,
CHC300S_075,SRI TERNAK MART (SK) SDN. BHD.,"LOT 3, KOMPLEKS PERNIAGAAN, PASAR BORONG SELANGOR,",43300,"KM 10, JALAN SERI KEMBANGAN,",Others,CENTRAL,CENTRAL,2.9831367,101.669625,lpv,29973.09,13.4,33062,CHCRB2,0,0,0,,,,,
CHC300S_084,SIVA SANGRI ENTERPRISE,"NO:201 TAMAN TELOK MERBAU, 43950 SUNGAI PELEK SEPANG",0,SELANGOR DARUL EHSAN.,Others,CENTRAL,CENTRAL,2.6436301,101.6636796,spv,2016.51,11.2,33062,CHCRB1,0,0,0,,,,,
CHC300S_092,PASAR MINI SIN CHOON HUAT,"NO:130  JALAN BESAR, 45500 TANJUNG KARANG",0,SELANGOR DARUL EHSAN.,Others,CENTRAL,CENTRAL,3.4249744,101.1735667,spv,1603.69,2.8,33062,CHCRB5,0,0,0,,,,,
CHC300S_098,PASARAYA SING LEE,"NO:8 JALAN MORIB, 42700 BANTING",0,SELANGOR DARUL EHSAN.,Others,CENTRAL,CENTRAL,2.8117131,101.4974593,spv,5541.17,6.2,33062,CHCRB10,0,0,0,,,,,
CHC300S_100,PASAR MINI SIN LIAN HUP,NO:5,0,,Others,CENTRAL,CENTRAL,3.110508,101.367928,spv,229.41,2.8,33062,CHCRB6,0,0,0,,,,,
CHC300S_107,PASAR MINI SINTHA,"1A  LOT 1956  JALAN BAHAGIA, KAMPUNG BATU BELAH",42100,42100 KLANG,Others,CENTRAL,CENTRAL,3.0764868,101.442665,spv,1523.2,7.8,33062,CHCRB6,3.8,41,0,,,Monday: 8:00?AM?–?8:00?PM | Tuesday: 8:00?AM?–?8:00?PM | Wednesday: 8:00?AM?–?8:00?PM | Thursday: 8:00?AM?–?8:00?PM | Friday: 8:00?AM?–?8:00?PM | Saturday: 8:00?AM?–?8:00?PM | Sunday: 8:00?AM?–?8:00?PM,,
CHC300S_115,SRI A BATU BELAH SDN BHD,"NO:123  JALAN JASA, OFF JALAN HAJI SIRAT",42100,42100 KLANG,Others,CENTRAL,CENTRAL,3.0775192,101.4373753,spv,5270.68,13,33062,CHCRB6,0,0,0,,,,,
CHC300S_129,PASAR MINI FRESH MART,"SA-LG-12 PANGSAPURI JATI,, JALAN KP 1/6, ANJUNG A KOTA PERDANA,","43300, SELANGOR D. E.","BANDAR PUTRA PERMAI,",Others,CENTRAL,CENTRAL,2.991744,101.662239,spv,231.59,2.6,33062,CHCRB2,0,0,0,,,,,
CHC300S_133,S8 TCM WELLNESS SDN. BHD.,NO.148 JALAN RADIN,48700,SEKINCHAN,Others,CENTRAL,CENTRAL,3.5073746,101.1037088,cmh,124.13,1,33062,CHCRB5,0,0,0,,,,,
CHC300S_134,SOON LEE,"NO.450  BATU 5  SAWAH SEMPADAN, 45500 TANJONG KARANG",45500,SELANGOR DARUL EHSAN.,Others,CENTRAL,CENTRAL,3.4277707,101.2126646,spv,790.85,2.2,33062,CHCRB5,0,0,0,,,,,
CHC300S_136,KEDAI RUNCIT HUP LI,"LOT 256 KAMPUNG BARU, JALAN AIR HITAM",43800,DENGKIL,Others,CENTRAL,CENTRAL,2.8619595,101.6786967,spv,240.82,3,33062,CHCRB11,4,2,0,,,Monday: 8:00?AM?–?8:00?PM | Tuesday: 8:00?AM?–?8:00?PM | Wednesday: 8:00?AM?–?8:00?PM | Thursday: 8:00?AM?–?8:00?PM | Friday: 8:00?AM?–?8:00?PM | Saturday: 8:00?AM?–?8:00?PM | Sunday: 8:00?AM?–?8:00?PM,,
CHC300S_138,SIN SWEE HING,"A-11  JALAN BESAR, 45600 BATANG BERJUNTAI",45600,SELANGOR DARUL EHSAN.,Others,CENTRAL,CENTRAL,3.3783038,101.4061164,spv,124.13,1,33062,CHCRB5,4.1,52,0,,,Monday: 9:00?AM?–?10:00?PM | Tuesday: 9:00?AM?–?10:00?PM | Wednesday: 9:00?AM?–?10:00?PM | Thursday: 9:00?AM?–?10:00?PM | Friday: 9:00?AM?–?10:00?PM | Saturday: 9:00?AM?–?10:00?PM | Sunday: 9:00?AM?–?10:00?PM,,
CHC300S_139,JS HOCK SDN. BHD.,"NO:31,JALAN PALAS 2,, TAMAN DATO HORMAT,",42500,"42500 TELOK PANGLIMA GARANG,",Others,CENTRAL,CENTRAL,2.907633,101.462189,spv,5610.23,6.2,33062,CHCRB10,0,0,0,,,,,
CHC300S_140,KEDAI RUNCIT SOON HIN,"LOT 255  NO:3 LORONG BAHAGIAN 2, JALAN SUNGAI KAJANG",45500,45500 TANJONG KARANG,Others,CENTRAL,CENTRAL,3.423962,101.1720487,spv,766.15,2.4,33062,CHCRB5,0,0,0,,,,,
CHC300S_141,CHOP SIONG HUAT,"NO:82-B  JALAN BESAR, 45600 BATANG BERJUNTAI",45600,SELANGOR DARUL EHSAN.,Others,CENTRAL,CENTRAL,3.3782973,101.4061205,spv,180.73,1.2,33062,CHCRB5,4.1,52,0,,,Monday: 9:00?AM?–?10:00?PM | Tuesday: 9:00?AM?–?10:00?PM | Wednesday: 9:00?AM?–?10:00?PM | Thursday: 9:00?AM?–?10:00?PM | Friday: 9:00?AM?–?10:00?PM | Saturday: 9:00?AM?–?10:00?PM | Sunday: 9:00?AM?–?10:00?PM,,
CHC300S_142,KEDAI SIANG LEE,LOT 224,0,,Others,CENTRAL,CENTRAL,2.8576969,101.6801948,spv,446.45,3.2,33062,CHCRB11,4,2,0,,03-3187 2232,Monday: 8:00?AM?–?8:00?PM | Tuesday: 8:00?AM?–?8:00?PM | Wednesday: 8:00?AM?–?8:00?PM | Thursday: 8:00?AM?–?8:00?PM | Friday: 8:00?AM?–?8:00?PM | Saturday: 8:00?AM?–?8:00?PM | Sunday: 8:00?AM?–?8:00?PM,,
CHC300S_146,BENS MOTORSPORT SDN. BHD.,"BLOCK 1-GF-5 KONDO PRIMA U1, SEKSYEN U1 JALAN KERJAYA",40150,40150 SHAH ALAM,Others,CENTRAL,CENTRAL,3.078585,101.555466,spv,274.99,5,33062,CHCRB7,0,0,0,,,,,
CHC300S_150,SIANG ANN SUPERMARKET,"NO:43  LENGKONGAN MELIKAI, KAW 8  42000 PELABUHAN KLANG",42000,SELANGOR DARUL EHSAN.,Others,CENTRAL,CENTRAL,3.0215953,101.4168709,spv,308.55,7.2,33062,CHCRB10,4.4,116,0,ChIJp_AA_kOrzTERl_kFsr54bxI,011-2823 2399,Monday: 9:00?AM?–?9:00?PM | Tuesday: 9:00?AM?–?9:00?PM | Wednesday: 9:00?AM?–?9:00?PM | Thursday: 9:00?AM?–?9:00?PM | Friday: 9:00?AM?–?9:00?PM | Saturday: 9:00?AM?–?9:00?PM | Sunday: 9:00?AM?–?9:00?PM,,
CHC300S_157,PUSAT BORONG MATAHARI (SHAH ALAM) SDN. BHD.,WISMA SSW,0,,MATAHARI,CENTRAL,CENTRAL,3.019588,101.5609648,lpv,25412.63,17.2,33062,CHCRB9,0,0,0,,,,,
CHC300S_158,KIM HOK HIN SDN. BHD.,NO.23,0,,Others,CENTRAL,CENTRAL,2.6907521,101.7512112,whs,0,0,33062,CHCRB1,3,1,0,,,,,
CHC300S_162,PASARMINI THISAMASMI,NO:21,0,,Others,CENTRAL,CENTRAL,3.0750282,101.5293176,spv,106.97,4,33062,CHCRB7,0,0,0,,,,,
CHC300S_168,PASAR SEGAR SSV,"NO:36, JALAN BUDIMAN 2/2,, TAMAN PUTRA BUDIMAN,",43300,"43300 SERI KEMBANGAN,",Others,CENTRAL,CENTRAL,3.010318,101.736424,spv,292.25,4.8,33062,CHCRB2,0,0,0,,,,,
CHC300S_195,SHEN YENG ENTERPRISE,"NO:179, LORONG 9,, KAMPUNG BARU TANJUNG SEPAT,",42800,"TANJONG SEPAT,",Others,CENTRAL,CENTRAL,2.6611401,101.5582998,spv,1741.22,7.4,33062,CHCRB10,0,0,0,,,,,
CHC300S_196,SSA NISA ENTERPRISE,NO:5,0,,Others,CENTRAL,CENTRAL,3.0830409,101.5069695,spv,56.6,0.4,33062,CHCRB6,0,0,0,,,,,
CHC300S_204,S.N.S ALI DAN ANAK-ANAK,NO:1,0,,Others,CENTRAL,CENTRAL,3.0704167,101.4509487,lpv,33984.23,6.2,33062,CHCRB9,4,50,0,,03-3362 6863,Monday: 9:00?AM?–?10:00?PM | Tuesday: 9:00?AM?–?10:00?PM | Wednesday: 9:00?AM?–?10:00?PM | Thursday: 9:00?AM?–?10:00?PM | Friday: 9:00?AM?–?10:00?PM | Saturday: 9:00?AM?–?10:00?PM | Sunday: 9:00?AM?–?10:00?PM,http://www.99speedmart.com.my/,
CHC300S_210,SIN BAN ANN,NO:76,0,,Others,CENTRAL,CENTRAL,3.3401615,101.2500437,spv,124.13,1,33062,CHCRB5,0,0,0,,03-3289 7723,Monday: 7:30?AM?–?12:00?AM | Tuesday: 7:30?AM?–?12:00?AM | Wednesday: 7:30?AM?–?12:00?AM | Thursday: 7:30?AM?–?12:00?AM | Friday: 7:30?AM?–?12:00?AM | Saturday: 7:30?AM?–?12:00?AM | Sunday: 7:30?AM?–?12:00?AM,,
CHC300S_216,PASAR MINI SRI EHSAN,NO:25,0,,Others,CENTRAL,CENTRAL,3.0229948,101.5675268,spv,826.34,3,33062,CHCRB7,4.3,31,0,ChIJ6d2ZrNmyzTERhbYgGuJ6Re8,017-368 7270,Monday: 6:30?AM?–?9:00?PM | Tuesday: 6:30?AM?–?9:00?PM | Wednesday: 6:30?AM?–?9:00?PM | Thursday: 6:30?AM?–?9:00?PM | Friday: 6:30?AM?–?9:00?PM | Saturday: 6:30?AM?–?9:00?PM | Sunday: 6:30?AM?–?9:00?PM,,
CHC300S_219,CHOP SAN WAH AND YAM LEE,NO:S-21,0,,Others,CENTRAL,CENTRAL,2.8753752,101.4968765,cmh,305.54,5.4,33062,CHCRB10,0,0,0,,,,,
CHC300S_225,PASAR MINI DARUSSALAM,NO:6,0,,Others,CENTRAL,CENTRAL,3.092775,101.3906283,spv,124.13,1,33062,CHCRB10,0,0,0,,,,,
CHC300S_230,PASAR MINI SJS,NO:12-14,0,,Others,CENTRAL,CENTRAL,3.0187521,101.5612734,spv,180.73,1.2,33062,CHCRB7,4.3,31,0,,017-368 7270,Monday: 6:30?AM?–?9:00?PM | Tuesday: 6:30?AM?–?9:00?PM | Wednesday: 6:30?AM?–?9:00?PM | Thursday: 6:30?AM?–?9:00?PM | Friday: 6:30?AM?–?9:00?PM | Saturday: 6:30?AM?–?9:00?PM | Sunday: 6:30?AM?–?9:00?PM,,
CHC300S_233,SYARIKAT SELVAM,LOT 38,0,,Others,CENTRAL,CENTRAL,2.9071806,101.4660489,spv,999.85,8.6,33062,CHCRB10,3.5,4,0,,,Monday: 7:30?AM?–?8:00?PM | Tuesday: 7:30?AM?–?8:00?PM | Wednesday: 7:30?AM?–?8:00?PM | Thursday: 7:30?AM?–?8:00?PM | Friday: 7:30?AM?–?8:00?PM | Saturday: 7:30?AM?–?8:00?PM | Sunday: 7:30?AM?–?8:00?PM,,
CHC300S_239,SABEE NA FRESH ENTERPRISE,"LOT 24074, JALAN TANJUNG,, BATU 8, SIJANGKANG, MUKIM TELOK PANGLIMA GARANG,",42500,TELOK PANGLIMA GARANG,Others,CENTRAL,CENTRAL,2.9364207,101.4732761,spv,124.13,1,33062,CHCRB10,3.2,5,0,,013-641 0000,,,
CHC300S_245,KEDAI RUNCIT SEJAHTERA,"LOT 3676 JALAN KOPI, KAMPUNG MERU BARAT",0,42200 MERU,Others,CENTRAL,CENTRAL,3.1417352,101.4151443,spv,1238.19,3.8,33062,CHCRB6,0,0,0,,012-286 5343,Monday: 8:00?AM?–?8:00?PM | Tuesday: 8:00?AM?–?8:00?PM | Wednesday: 8:00?AM?–?8:00?PM | Thursday: 8:00?AM?–?8:00?PM | Friday: 8:00?AM?–?8:00?PM | Saturday: 8:00?AM?–?8:00?PM | Sunday: 8:00?AM?–?8:00?PM,,
CHC300S_250,SAM FOH TONG TRADING,NO.105,0,,Others,CENTRAL,CENTRAL,3.4245519,101.178069,cmh,248.53,2.6,33062,CHCRB5,0,0,0,,,,,
CHC300S_253,PASAR MINI SRI BEDENA,"PT 6778  JALAN 1, TAMAN SRI BEDENA",45300,45300 SUNGAI BESAR,Others,CENTRAL,CENTRAL,3.7688632,100.9815274,spv,67.53,0.8,33062,CHCRB5,0,0,0,,,,,
CHC300S_261,PASAR MINI H.K.S,NO:22,0,,Others,CENTRAL,CENTRAL,3.0937326,101.3780888,spv,168.11,3.2,33062,CHCRB6,2.8,5,0,,016-222 9002,Monday: Open 24 hours | Tuesday: Open 24 hours | Wednesday: Open 24 hours | Thursday: Open 24 hours | Friday: Open 24 hours | Saturday: Open 24 hours | Sunday: Open 24 hours,,
CHC300S_265,S.N.S.ALI DAN ANAK-ANAK (SEK20 SHAH ALAM),NO:7-11,0,,Others,CENTRAL,CENTRAL,3.055851,101.541631,lpv,989.77,2.2,33062,CHCRB2,3.9,34,0,,03-5480 0073,Monday: 6:30?AM?–?12:00?AM | Tuesday: 6:30?AM?–?12:00?AM | Wednesday: 6:30?AM?–?12:00?AM | Thursday: 6:30?AM?–?12:00?AM | Friday: 6:30?AM?–?12:00?AM | Saturday: 6:30?AM?–?12:00?AM | Sunday: 6:30?AM?–?12:00?AM,,
CHC300S_267,SYDNEY GROCERY ENTERPRISE,"LEVEL 7A BLOCK H & I MUTIARA VILLE, PERSIARAN SEPANG CYBER 11",63000,CYBERJAYA,Others,CENTRAL,CENTRAL,2.9232644,101.6340195,spv,1261.07,12.2,33062,CHCRB11,4.4,1960,0,,03-2726 2466,Monday: 10:00?AM?–?10:00?PM | Tuesday: 10:00?AM?–?10:00?PM | Wednesday: 10:00?AM?–?10:00?PM | Thursday: 10:00?AM?–?10:00?PM | Friday: 10:00?AM?–?10:00?PM | Saturday: 10:00?AM?–?10:00?PM | Sunday: 10:00?AM?–?10:00?PM,https://villagegrocer.com.my/,
CHC300S_279,PASAR RAYA SENG SIANG,"A 13 & PT 83  JALAN BESAR, 45600 BATANG BERJUNTAI",45600,SELANGOR DARUL EHSAN.,Others,CENTRAL,CENTRAL,3.3782928,101.4061209,spv,4517.78,3.4,33062,CHCRB5,4.1,52,0,,,Monday: 9:00?AM?–?10:00?PM | Tuesday: 9:00?AM?–?10:00?PM | Wednesday: 9:00?AM?–?10:00?PM | Thursday: 9:00?AM?–?10:00?PM | Friday: 9:00?AM?–?10:00?PM | Saturday: 9:00?AM?–?10:00?PM | Sunday: 9:00?AM?–?10:00?PM,,
CHC300S_281,S.H MINI MARKET,"NO:22  JALAN BERLIAN SATU, TAMAN BATU TIGA",40150,40150 SHAH ALAM,Others,CENTRAL,CENTRAL,3.0743027,101.5619031,spv,2344.4,12.2,33062,CHCRB7,3.4,73,0,,,Monday: 8:00?AM?–?10:00?PM | Tuesday: 8:00?AM?–?10:00?PM | Wednesday: 8:00?AM?–?10:00?PM | Thursday: 8:00?AM?–?10:00?PM | Friday: 8:00?AM?–?10:00?PM | Saturday: 8:00?AM?–?10:00?PM | Sunday: 8:00?AM?–?10:00?PM,http://mercato.com.my/,
CHC300S_284,SAMENAME ENTERPRISE,NO:38,0,,Others,CENTRAL,CENTRAL,3.0144977,101.4305226,whs,0,0,33062,CHCRBGEN,4.5,8,0,,012-926 5495,Monday: Closed | Tuesday: 9:30?AM?–?8:00?PM | Wednesday: 9:30?AM?–?8:00?PM | Thursday: 9:30?AM?–?8:00?PM | Friday: 9:30?AM?–?8:00?PM | Saturday: 9:30?AM?–?8:00?PM | Sunday: 9:30?AM?–?8:00?PM,,
CHC300S_300,S & F STORE,"JALAN PUNAI, KAMPUNG BUKIT BANGKONG",43950,43950 SUNGAI PELEK,Others,CENTRAL,CENTRAL,2.668898,101.678886,spv,864.18,18.6,33062,CHCRB1,0,0,0,,,,,
CHC300S_302,SOLEH MINI MART,"NO:2, JALAN PUTRA PERDANA 3/2,, TAMAN PUTRA PERDANA,","47100 PUCHONG,","PUCHONG,",Others,CENTRAL,CENTRAL,2.9423847,101.6208038,spv,1691.99,7.2,33062,CHCRB11,4.1,94,0,ChIJ1QmZ6LO2zTERS06xiJi8NAs,03-8318 4852,Monday: 7:00?AM?–?11:00?PM | Tuesday: 7:00?AM?–?11:00?PM | Wednesday: 7:00?AM?–?11:00?PM | Thursday: 7:00?AM?–?11:00?PM | Friday: 7:00?AM?–?11:00?PM | Saturday: 7:00?AM?–?11:00?PM | Sunday: 7:00?AM?–?11:00?PM,,
CHC300S_309,KEDAI RUNCIT SJ JAMALIAH,"LOT 30, JALAN MELOR,, KAMPUNG SIJANGKANG,",42500,"TELOK PANGLIMA GARANG,",Others,CENTRAL,CENTRAL,2.939429,101.437897,spv,286.51,10.2,33062,CHCRB10,0,0,0,,,,,
CHC300S_312,PASAR MINI SIN HENG LEONG,"NO 14,LORONG BERLIAN 1,, TAMAN BATU 3,",40000,"40000 SHAH ALAM,",Others,CENTRAL,CENTRAL,3.0743148,101.5621603,spv,402.57,5.2,33062,CHCRB7,3.4,73,0,,,Monday: 8:00?AM?–?10:00?PM | Tuesday: 8:00?AM?–?10:00?PM | Wednesday: 8:00?AM?–?10:00?PM | Thursday: 8:00?AM?–?10:00?PM | Friday: 8:00?AM?–?10:00?PM | Saturday: 8:00?AM?–?10:00?PM | Sunday: 8:00?AM?–?10:00?PM,http://mercato.com.my/,
CHC300S_318,SARMAN DANDAN,JALAN PARIT OMAR,0,,Others,CENTRAL,CENTRAL,3.262503,101.3529116,spv,67.53,0.8,33062,CHCRB5,0,0,0,,,,,
CHC300S_340,PASARAYA BORONG S.N.S.ALI,"LOT 1592 GM 1291, MUKIM KAMPUNG JAWA SEKSYEN 36",40460,SHAH ALAM,Others,CENTRAL,CENTRAL,3.026182,101.479599,spv,14861.14,23.4,33062,CHCRB6,4,44,0,,03-3374 4873,Monday: 9:00?AM?–?10:00?PM | Tuesday: 9:00?AM?–?10:00?PM | Wednesday: 9:00?AM?–?10:00?PM | Thursday: 9:00?AM?–?10:00?PM | Friday: 3:00?–?10:00?PM | Saturday: 9:00?AM?–?10:00?PM | Sunday: 9:00?AM?–?10:00?PM,,
CHC300S_345,B. L. MARINE SUPPLY SDN. BHD.,NO:33,0,,Others,CENTRAL,CENTRAL,3.0052414,101.4052729,whs,0,0,33062,CHCRBGEN,0,0,0,,,,,
CHC300S_351,SUNLIGHT MEDICAL HALL SDN BHD,NO:38,0,,Others,CENTRAL,CENTRAL,3.009395,101.4646939,cmh,657.17,3.2,33062,CHCRB10,5,3,0,,018-668 0768,Monday: 11:00?AM?–?8:00?PM | Tuesday: 11:00?AM?–?8:00?PM | Wednesday: 11:00?AM?–?8:00?PM | Thursday: 11:00?AM?–?8:00?PM | Friday: 11:00?AM?–?8:00?PM | Saturday: 11:00?AM?–?8:00?PM | Sunday: 11:00?AM?–?8:00?PM,,
CHC300S_358,PERNIAGAAN SINHO,NO:440,0,,Others,CENTRAL,CENTRAL,3.066364,101.4338,spv,511.2,5.4,33062,CHCRB10,0,0,0,,,,,
CHC300S_390,TANBROTHERS MINI MARKET,SIMPANG 4,0,,Others,CENTRAL,CENTRAL,3.778371,100.882553,spv,1310.13,5.4,33062,CHCRB5,0,0,0,,,,,
CHC300S_397,PASAR MINI SAUTHRI,"NO:24  BLOK H  TAMAN KEM, JALAN KEM",42000,42000 PELABUHAN KLANG,Others,CENTRAL,CENTRAL,2.996695,101.399979,spv,260.02,8.6,33062,CHCRB10,4.3,137,0,,03-3168 2304,Monday: 9:00?AM?–?9:30?PM | Tuesday: 9:00?AM?–?9:30?PM | Wednesday: 9:00?AM?–?9:30?PM | Thursday: 9:00?AM?–?9:30?PM | Friday: 9:00?AM?–?9:30?PM | Saturday: 9:00?AM?–?9:30?PM | Sunday: 9:00?AM?–?1:00?PM,,
CHC300S_399,PERNIAGAAN SUBAHAN MAJU,"NO.6  JALAN PLATINUM E 7/E, SEKSYEN 7",40000,40000 SHAH ALAM,Others,CENTRAL,CENTRAL,3.0819157,101.4929273,spv,593.08,6.8,33062,CHCRB7,0,0,0,,,,,
CHC300S_405,KEDAI RUNCIT SIN HAI CHEOK,"NO:785, SUNGAI SATU,, PULAU KETAM,",42940,"PORT KLANG,",Others,CENTRAL,CENTRAL,3.021067,101.25927,spv,1726.54,5.6,33062,CHCRB10,0,0,0,,,,,
CHC300S_424,PASAR MINI SUNGEI BESAR,PT 1374 JALAN PANCANG BEDENA,45300,SUNGAI BESAR,Others,CENTRAL,CENTRAL,3.6757991,100.9806386,spv,67.53,0.8,33062,CHCRB5,0,0,0,,,,,
CHC300S_436,SYDNEY GROCERY FOOD MARKETS,"LOT 2-G-05, OXFORD TOWER, GARDEN PLAZA,, PERSIARAN HARMONI, CYBER 5,",63000,"CYBERJAYA,",Others,CENTRAL,CENTRAL,2.949936,101.664455,spv,291.71,4.8,33062,CHCRB11,2.6,8,0,,03-8687 5816,Monday: 8:00?AM?–?10:00?PM | Tuesday: 8:00?AM?–?10:00?PM | Wednesday: 8:00?AM?–?10:00?PM | Thursday: 8:00?AM?–?10:00?PM | Friday: 8:00?AM?–?10:00?PM | Saturday: 8:00?AM?–?10:00?PM | Sunday: 8:00?AM?–?10:00?PM,,
CHC300S_444,SYED ALI ENTERPRISE,"NO:37, GROUND FLOOR,, JALAN UDANG KARA 20B/KS3, SUNGAI UDANG,",41250,"41250 KLANG,",Others,CENTRAL,CENTRAL,3.044704,101.417427,spv,532.15,4.2,33062,CHCRB7,0,0,0,,,,,
CHC300S_450,SETIA PRICE (M) SDN. BHD.,"NO:267-G JALAN HULUBALANG 28, TAMAN SENTOSA",41200,KLANG,Others,CENTRAL,CENTRAL,2.9987688,101.4828442,spv,18109.25,13,33062,CHCRB10,0,0,0,,,,,
CHC300S_450A,SETIA PRICE (M) SDN. BHD.(SENTOSA PERDANA),"NO:90-G, LORONG LAKSAMANA 20/KS57,, TAMAN SENTOSA PERDANA,",41200,"41200 KLANG,",Others,CENTRAL,CENTRAL,3.0045,101.484634,spv,237.47,6,33062,CHCRB10,5,1,0,,017-806 8217,Monday: 9:00?–?10:00?AM | Tuesday: 9:00?AM?–?10:00?PM | Wednesday: 9:00?AM?–?10:00?PM | Thursday: 9:00?AM?–?10:00?PM | Friday: 9:00?AM?–?10:00?PM | Saturday: 9:00?AM?–?10:00?PM | Sunday: 9:00?AM?–?10:00?PM,,
CHC300S_450B,SETIA PRICE (M) SDN. BHD.(BANDAR PUTERI KLANG),"NO:40-G, LORONG SANGGUL 1B,, BANDAR PUTERI,",41200,"41200 KLANG,",Others,CENTRAL,CENTRAL,2.987701,101.467812,spv,334.9,8,33062,CHCRB10,0,0,0,,,,,
CHC300S_450C,SETIA PRICE (M) SDN. BHD.(RAJA NONG),"NO:40-G, JALAN DATO YUSOF SHAHBUDIN 28,, TAMAN SENTOSA,",41200,"41200 KLANG, ",Others,CENTRAL,CENTRAL,3.0089833,101.46484,spv,173.89,2.8,33062,CHCRB10,5,3,0,,018-668 0768,Monday: 11:00?AM?–?8:00?PM | Tuesday: 11:00?AM?–?8:00?PM | Wednesday: 11:00?AM?–?8:00?PM | Thursday: 11:00?AM?–?8:00?PM | Friday: 11:00?AM?–?8:00?PM | Saturday: 11:00?AM?–?8:00?PM | Sunday: 11:00?AM?–?8:00?PM,,
CHC300S_476,WC MEDICARE SDN BHD,"NO.S-42JALAN SEKOLAH 1, SUNGAI JAROM",42600,KUALA LANGAT,Others,CENTRAL,CENTRAL,2.8772037,101.4952443,oth,0,0,33062,CHCRB10,4,41,0,,03-3191 3340,Monday: 6:30?AM?–?6:00?PM | Tuesday: 6:30?AM?–?6:00?PM | Wednesday: 6:30?AM?–?6:00?PM | Thursday: 6:30?AM?–?6:00?PM | Friday: 6:30?AM?–?6:00?PM | Saturday: 6:30?AM?–?6:00?PM | Sunday: Closed,,
CHC300S_483,CHOP SIN HENG BEE,T-578-F,0,,Others,CENTRAL,CENTRAL,3.056541,101.476204,spv,1202.99,4.2,33062,CHCRB7,4.7,3,0,,016-609 6636,Monday: Closed | Tuesday: Closed | Wednesday: Closed | Thursday: Closed | Friday: Closed | Saturday: 7:40?AM?–?3:30?PM | Sunday: 7:40?AM?–?4:00?PM,,
CHC300S_489,SELVAN AS ENTERPRISE,NO:74,0,,Others,CENTRAL,CENTRAL,3.0665891,101.4171834,spv,490.06,8,33062,CHCRB10,4.2,5,0,,016-244 0277,Monday: 8:00?AM?–?8:00?PM | Tuesday: 8:00?AM?–?8:00?PM | Wednesday: 8:00?AM?–?8:00?PM | Thursday: 8:00?AM?–?8:00?PM | Friday: 8:00?AM?–?8:00?PM | Saturday: 8:00?AM?–?8:00?PM | Sunday: 8:00?AM?–?8:00?PM,,
CHC300S_522,STAR GROCER SDN. BHD.,"B-G-01 B-G-02 B-G-03 B-G-04& B-G-05, CYBERSQUARE FIESTA JALAN TEKNOKRAT 6 CYBER 5",63000,CYBERJAYA SELANGOR.,STARGROCER,CENTRAL,CENTRAL,2.9196177,101.6576079,lpv,16729.78,24.4,33062,CHCRB1,4.2,1089,0,,,Monday: 8:00?AM?–?10:00?PM | Tuesday: 8:00?AM?–?10:00?PM | Wednesday: 8:00?AM?–?10:00?PM | Thursday: 8:00?AM?–?10:00?PM | Friday: 8:00?AM?–?10:00?PM | Saturday: 8:00?AM?–?10:00?PM | Sunday: 8:00?AM?–?10:00?PM,https://www.facebook.com/stargrocersb/,
CHC300S_539,SUMMER TRADING,NO:10,0,,Others,CENTRAL,CENTRAL,3.0865928,101.4148239,spv,191.31,3.6,33062,CHCRB6,0,0,0,,,,,
CHC300S_546,PUSAT BORONG MATAHARI (KTP) SDN. BHD.,NO:2-16,0,,MATAHARI,CENTRAL,CENTRAL,3.0408225,101.426566,lpv,26341.56,21.4,33062,CHCRB9,3.9,1194,0,,03-3377 1154,Monday: 9:00?AM?–?10:00?PM | Tuesday: 9:00?AM?–?10:00?PM | Wednesday: 9:00?AM?–?10:00?PM | Thursday: 9:00?AM?–?10:00?PM | Friday: 9:00?AM?–?10:00?PM | Saturday: 9:00?AM?–?10:00?PM | Sunday: 9:00?AM?–?10:00?PM,https://www.pasarayamatahari.com/,
CHC300S_548,SATTAL VENTURES,"NO:26, JALAN RAMIN 2,, BANDAR BOTANIC,","41200,","KLANG,",Others,CENTRAL,CENTRAL,2.9873477,101.4543025,spv,124.13,1,33062,CHCRB10,0,0,0,,,,,
CHC300S_615,KEDAI UBAT SINLUEN FAT,NO:159,0,,Others,CENTRAL,CENTRAL,3.132467,101.440002,cmh,571.52,6.4,33062,CHCRB6,3.8,302,0,,03-3392 6991,Monday: 10:00?AM?–?10:00?PM | Tuesday: 10:00?AM?–?10:00?PM | Wednesday: 10:00?AM?–?10:00?PM | Thursday: 10:00?AM?–?10:00?PM | Friday: 10:00?AM?–?10:00?PM | Saturday: 10:00?AM?–?10:00?PM | Sunday: 10:00?AM?–?10:00?PM,,
CHC300S_628,SM 7 VENTURES SDN. BHD.,NO:79,0,,Others,CENTRAL,CENTRAL,3.040883,101.447268,spv,111.39,1.6,33062,CHCRB6,0,0,0,,,,,
CHC300S_634,STAR GROCER SDN. BHD - CHERAS.,"NO:1,3,5,7,9, JALAN BUDIMAN 25,, TAMAN MULIA OFF JALAN CHERAS,",56000,KUALA LUMPUR.,STARGROCER,CENTRAL,CENTRAL,3.091428,101.713293,lpv,7049.29,11.8,33062,CHCRB2,0,0,0,,,,,
CHC300S_643,PASAR MINI SUBAHAN,KEDAI KOPERASI,0,,Others,CENTRAL,CENTRAL,2.931582,101.3057,spv,124.13,1,33062,CHCRB10,0,0,0,,,,,
CHC300S_648,SENG MINI MARKET PLT,"NO.13 & 13A  JALAN BERJUNTAI 3, PUSAT PERNIAGAAN",45600,45600 BATANG BERJUNTAI,Others,CENTRAL,CENTRAL,3.3792209,101.4099376,lpv,4909.41,3.6,33062,CHCRB5,4.3,46,0,,,Monday: 8:30?AM?–?8:00?PM | Tuesday: 8:30?AM?–?8:00?PM | Wednesday: 8:30?AM?–?8:00?PM | Thursday: 8:30?AM?–?8:00?PM | Friday: 8:30?AM?–?8:00?PM | Saturday: 8:30?AM?–?8:00?PM | Sunday: 8:30?AM?–?8:00?PM,,
CHC300S_671,KEDAI UBAT DAN RUNCIT SHENG HUAT,"NO:10 JALAN RODAT 2/KU5, BANDAR BUKIT RAJA",41050,KLANG,Others,CENTRAL,CENTRAL,3.086474,101.4424044,cmh,255.49,6.6,33062,CHCRB10,0,0,0,,,,,
CHC300S_702,SH PENGEDAR CIPTA REZEKI ENTERPRISE,"C-G-02, PANGSAPURI PUTRA DAMAI,, JALAN MELINJAU, PRESINT 11,",62300,62300 PUTRAJAYA.,Others,CENTRAL,CENTRAL,2.9625223,101.6637055,spv,1767.52,8.4,33062,CHCRB11,0,0,0,,,,,
CHC300S_716,SOON HUAT ENTERPRISE (ESSO),LOT 10807,0,,Others,CENTRAL,CENTRAL,3.4169158,101.1893131,pms,124.13,1,33062,CHCRB5,0,0,0,,,,,
CHC300S_739,SUPER SPEEDMART,"NO:G-4 JALAN SEMENYIH RIA 1, TAMAN SEMENYIH RIA",43500,SEMENYIH,Others,CENTRAL,CENTRAL,2.9878098,101.8688914,spv,502.4,4.4,33062,CHCRB7,0,0,0,,019-373 2600,,,
CHC300S_762,PASAR MINI SUBANG INDAH MAJU,"GROUND FLOOR SHOP AT NO:19G,, JALAN PJS 10/4, SUBANG INDAH,",46000,"46000 BANDAR PETALING JAYA,",Others,CENTRAL,CENTRAL,3.074119,101.600005,spv,1737.53,8.8,33062,CHCRB11,0,0,0,,,,,
CHC300S_764,SAI KIM ENTERPRISE SDN. BHD.,"GARDEN GROCER, NO:5E JALAN SETIA NUSANTARA U13/17",40170,SEKSYEN U13 SETIA ECO PARK,Others,CENTRAL,CENTRAL,3.1084042,101.478132,lpv,23848.06,18.8,33062,CHCRB9,0,0,0,,,,,
CHC300S_794,SOON CHEONG MARINE PRODUCTS SDN. BHD.,"LOT 96519 JALAN SELAT SELATAN 6/KS05, TAMAN PERINDUSTRIAN SOBENA JAYA",42000,PANDAMARAN,SC,CENTRAL,CENTRAL,2.9960409,101.4171065,lpv,21459.31,16.6,33062,CHCRB9,4,530,0,,03-3162 7134,Monday: 8:00?AM?–?10:30?PM | Tuesday: 8:00?AM?–?10:30?PM | Wednesday: 8:00?AM?–?10:30?PM | Thursday: 8:00?AM?–?10:30?PM | Friday: 8:00?AM?–?10:30?PM | Saturday: 8:00?AM?–?10:30?PM | Sunday: 8:00?AM?–?10:30?PM,https://econsave.com.my/,
CHC300S_796,199 SPEEDMART SDN. BHD.,"NO:1-G JALAN AMAN SINARIA 3, BANDAR TROPICANA AMAN",42500,TELOK PANGLIMA GARANG,Others,CENTRAL,CENTRAL,2.9434872,101.5288949,spv,248.87,8,33062,CHCRB10,0,0,0,,,,,
CHC300S_806,SARIBUL ENTERPRISE,"NO:22, JALAN BESAR,",43000,"KAJANG,",Others,CENTRAL,CENTRAL,2.9914684,101.7877003,spv,142.38,2,33062,CHCRB7,0,0,0,,03-8739 2198,Monday: 9:30?AM?–?8:00?PM | Tuesday: 9:30?AM?–?8:00?PM | Wednesday: 9:30?AM?–?8:00?PM | Thursday: 9:30?AM?–?8:00?PM | Friday: 9:30?AM?–?8:00?PM | Saturday: 9:30?AM?–?8:00?PM | Sunday: 9:30?AM?–?8:00?PM,,
CHC300S_810,ST ROSYAM MART (SHAH ALAM) SDN. BHD.,"LOT NO:1, (PT 575),, JALAN TENGKU AMPUAN ZABEDAH G 9/G,",40100,"SEKSYEN 9, SHAH ALAM,",Others,CENTRAL,CENTRAL,3.0859615,101.5217824,lpv,84414.24,34.8,33062,CHCRB2,3.8,19,0,,1-300-88-5427,Monday: 9:30?AM?–?10:00?PM | Tuesday: 9:30?AM?–?10:00?PM | Wednesday: 9:30?AM?–?10:00?PM | Thursday: 9:30?AM?–?10:00?PM | Friday: 9:30?AM?–?10:00?PM | Saturday: 9:30?AM?–?10:00?PM | Sunday: 9:30?AM?–?10:00?PM,https://www.jayagrocer.com/,
CHC300S_816,SUPER SEVEN TRADE CENTER (PUCHONG) SND. BHD.,"E1-1, KO1 SUITES, JALAN PINGGIRAN MAS,, TAMAN MAS LANGAT,",47130,"47130 PUCHONG,",NSK,CENTRAL,CENTRAL,2.9741884,101.5781707,lpv,14415.82,22.6,33062,CHCRB3,3,23,0,,03-8069 1477,Monday: 8:00?AM?–?10:00?PM | Tuesday: 8:00?AM?–?10:00?PM | Wednesday: 8:00?AM?–?10:00?PM | Thursday: 8:00?AM?–?10:00?PM | Friday: 8:00?AM?–?10:00?PM | Saturday: 8:00?AM?–?10:00?PM | Sunday: 8:00?AM?–?10:00?PM,https://www.super7.com.my/,
CHC300S_817,SF HEALTHY LIFE TRADING,"3RD FLOOR, UNIT 2-3B,, JALAN PUTERI 2/6,",47100,"47100 BANDAR PUTERI PUCHONG,",Others,CENTRAL,CENTRAL,3.0229002,101.6177843,oth,67.53,0.8,33062,CHCRB11,0,0,0,,,,,
CHC300S_824,SKM MARKET,"LOT LGF-09, LOWER GROUND, SACC MALL,, JALAN PERBADANAN 14/9, SEKSYEN 14,",40000,"SHAH ALAM,",Others,CENTRAL,CENTRAL,3.0712563,101.5183109,lpv,1879.6,24.6,33062,CHCRB1,0,0,0,,,Monday: 9:00?AM?–?8:00?PM | Tuesday: 9:00?AM?–?8:00?PM | Wednesday: 9:00?AM?–?8:00?PM | Thursday: 9:00?AM?–?8:00?PM | Friday: 9:00?AM?–?8:00?PM | Saturday: 9:00?AM?–?8:00?PM | Sunday: 9:00?AM?–?8:00?PM,,
CHC300S_825,7 STAR STORE,"NO:3, LOT 1602, JALAN TANJUNG KARANG,, BATU 4, SUNGAI TERAP,",45500,"45500 TANJUNG KARANG, ",Others,CENTRAL,CENTRAL,3.3906333,101.2212317,spv,124.13,1,33062,CHCRB5,0,0,0,,,,,
CHC300S_830,SUNLIGHT FRESH MART SDN. BHD.,"NO:42-G, JALAN MUTIARA 1/1A,, TAMAN MUTIARA INDAH,",47110,"PUCHONG,",Others,CENTRAL,CENTRAL,2.9888295,101.6353772,spv,124.13,1,33062,CHCRB11,0,0,0,,016-929 8075,Monday: 7:00?AM?–?10:00?PM | Tuesday: 7:00?AM?–?10:00?PM | Wednesday: 7:00?AM?–?10:00?PM | Thursday: 7:00?AM?–?10:00?PM | Friday: 7:00?AM?–?10:00?PM | Saturday: 7:00?AM?–?10:00?PM | Sunday: 7:00?AM?–?10:00?PM,,
CHC300S_835,SAIFOLLY GLOBAL ENTERPRISE,"NO:4, TINGKAT BAWAH,, JALAN HARAPAN 7A/KU7, SUNGAI KAPAR INDAH,",42200,"KLANG, ",Others,CENTRAL,CENTRAL,2.986842,101.4337788,spv,173.86,3.4,33062,CHCRB6,0,0,0,,,,,
CHC300S_837,PASAR MINI SUNGAI BESAR,"NO:8  JALAN PP 1/2, TAMAN PADU PERMAI",45300,45300 SUNGAI BESAR,Others,CENTRAL,CENTRAL,3.6636856,100.9941688,spv,67.53,0.8,33062,CHCRB5,0,0,0,,,,,
CHC300S_846,SINCERE HERBS & PHYSIOTHERAPHY SDN. BHD,NO:42,0,,Others,CENTRAL,CENTRAL,3.0970209,101.4456478,cmh,86.01,1.6,33062,CHCRB7,3.7,23,0,,012-651 7504,Monday: Closed | Tuesday: 7:00?AM?–?2:00?PM | Wednesday: 7:00?AM?–?2:00?PM | Thursday: 7:00?AM?–?2:00?PM | Friday: 7:00?AM?–?2:00?PM | Saturday: 7:00?AM?–?2:00?PM | Sunday: 7:00?AM?–?2:00?PM,https://m.me/ddfreshmeat?ref=w13673615,
CHC300S_862,STAR GROCER SDN. BHD. @ STAR MARKET GWS,"2A-G, 6-G, 8-G, 10-G & 12-G,, JALAN BELIAN 1, TAMAN SALAK PERDANA,",43900,"SEPANG,",STARGROCER,CENTRAL,CENTRAL,2.839772,101.726334,lpv,6592.34,13.2,33062,CHCRB1,0,0,0,,,,,
CHC300S_874,SLH GROCER SDN. BHD.,"NO:29-33, JALAN USAHAWAN 2,, BANDAR MAHKOTA BANTING,",42700,"BANTING,",Others,CENTRAL,CENTRAL,2.961836,101.46418,spv,2250.59,1.8,33062,CHCRB10,0,0,0,,,,,
CHC300S_875,SRI SEGAR SDN. BHD. (GREEN N' FRESH),"32A-G & 36-G, JALAN TEMENGGUNG 15/9,, BANDAR MAHKOTA CHERAS,",43200,"CHERAS,",Others,CENTRAL,CENTRAL,3.052097,101.7902655,spv,284.47,6,33062,CHCRB2,2.1,7,0,,03-9543 8311,Monday: 8:00?AM?–?6:00?PM | Tuesday: 8:00?AM?–?6:00?PM | Wednesday: 8:00?AM?–?6:00?PM | Thursday: 8:00?AM?–?6:00?PM | Friday: 8:00?AM?–?6:00?PM | Saturday: 8:00?AM?–?6:00?PM | Sunday: 8:00?AM?–?3:30?PM,,
CHC300S_878,BEMIXE GLOBAL SDN. BHD.,"NO:3-1 & 3A-1, BLOCK A,, JALAN TASIK PRIMA 5/1, PRIMA BIZ HUP,",47150,"TAMAN TASIK PRIMA,",Others,CENTRAL,CENTRAL,2.9813605,101.6031204,spv,-1038.84,3,33062,CHCRB11,0,0,0,,,,,
CHC300S_884,SINAR KIFARAH ENTERPRISE,"NO:01-26 GF, JALAN 19/1,, MASRECA BIZ 19, CYBER 10,",63000,"CYBERJAYA,",Others,CENTRAL,CENTRAL,2.9013637,101.6295761,spv,17394.55,34,33062,CHCRB11,4,1,0,,,,,
CHC300S_891,PASARAYA BORONG SUPER 7 - PUNCAK ALAM,"NO:5,7,9,11,13,15&17,, (GROUND & 1ST FLOOR), JALAN MAPEL 7/11,",42300,"BANDAR HILLPARK, PUNCAK ALAM,",NSK,CENTRAL,CENTRAL,3.2131018,101.4651025,lpv,5311,13.2,33062,CHCRB9,3.9,99,0,,03-6087 6636,Monday: 8:00?AM?–?10:00?PM | Tuesday: 8:00?AM?–?10:00?PM | Wednesday: 8:00?AM?–?10:00?PM | Thursday: 8:00?AM?–?10:00?PM | Friday: 8:00?AM?–?10:00?PM | Saturday: 8:00?AM?–?10:00?PM | Sunday: 8:00?AM?–?10:00?PM,http://www.super7.com.my/,
CHC300S_894,STAR GROCER SDN. BHD.,"LOT G013A, NO:1,PERSIARAN BESTARI, 2/KS09, BANDAR BESTARI,",41200,"KLANG,",STARGROCER,CENTRAL,CENTRAL,2.957094,101.466919,lpv,120.91,2,33062,CHCRB1,3,12,0,,,Monday: 10:00?AM?–?10:00?PM | Tuesday: 10:00?AM?–?10:00?PM | Wednesday: 10:00?AM?–?10:00?PM | Thursday: 10:00?AM?–?10:00?PM | Friday: 10:00?AM?–?10:00?PM | Saturday: 10:00?AM?–?10:00?PM | Sunday: 10:00?AM?–?10:00?PM,,
CHC300S_897,SRI NS CASH & CARRY,"NO:21, PT 2544, JALAN RAJA CHULAN,, SABAK BERNAM,",45200,SELANGOR DARUL EHSAN.,Others,CENTRAL,CENTRAL,3.768847,100.983704,spv,67.53,0.8,33062,CHCRB5,0,0,0,,,,,
CHC300S_899,SPEED-D INTERNATIONAL SDN. BHD.,"No:32-G/1, JALAN ECO ARDENCE B U12/36B,, ECO ARDENCE, SEKSYEN U12,",40170,"SHAH ALAM,",Others,CENTRAL,CENTRAL,3.089113,101.4767,spv,124.13,1,33062,CHCRB10,0,0,0,,,,,
CHC300S_904,SUAMI SIHAT (M) SDN. BHD.,"NO:9, TINGKAT, 2, JALAN KEMBOJA 33,, TAMAN AMAN,",42700,"BANTING,",Others,CENTRAL,CENTRAL,2.806097,101.4954,spv,124.13,1,33062,CHCRB10,0,0,0,,,,,
CHC300S_907,SL DISTRIBUTORS SDN. BHD.,"NO:42, SUNGAI CHUA,, 43000 KAJANG,",43000,SELANGOR DARUL ESHAN.,Others,CENTRAL,CENTRAL,3.0237817,101.804875,whs,0,0,33062,CHCRBGEN,0,0,0,,,,,
CHC300S_913,PASAR MINI SOON TAT,"G-1-G BK 6 M7-0001,, PHASE 6B-1, BANDAR KINRARA",47100,"47100 PUCHONG,",Others,CENTRAL,CENTRAL,3.035175,101.6725,spv,118.14,2.2,33062,CHCRB11,0,0,0,,,,,
CHC300S_931,ST ROSYAM MART SDN. BHD.,"PT 35710 HSM 9116, BATU 22,, JALAN BERANANG MUKIM,",43500,"43500 SEMENYIH,",Others,CENTRAL,CENTRAL,2.93689,101.851995,lpv,30314.61,17.8,33062,CHCRB2,4.2,633,0,ChIJ6TeRawDPzTERW1w686lWxAo,,Monday: Open 24 hours | Tuesday: Open 24 hours | Wednesday: Open 24 hours | Thursday: Open 24 hours | Friday: Open 24 hours | Saturday: Open 24 hours | Sunday: Open 24 hours,https://www.sriternak.com/st-rosyam-mart/,
CHC300S_944,STAR GROCER SDN. BHD.,"PT 78465 & 78466 (GROUND FLOOR),, PERSIARAN BANGI AVENUE,",43000,"BANGI AVENUE KAJANG,",STARGROCER,CENTRAL,CENTRAL,2.902815,101.791999,lpv,25220.41,24.6,33062,CHCRB2,4.1,4735,0,,03-8687 5003,Monday: 8:30?AM?–?10:30?PM | Tuesday: 8:30?AM?–?10:30?PM | Wednesday: 8:30?AM?–?10:30?PM | Thursday: 8:30?AM?–?10:30?PM | Friday: 8:30?AM?–?10:30?PM | Saturday: 8:30?AM?–?10:30?PM | Sunday: 8:30?AM?–?10:30?PM,http://www.mycs.com.my/,
CHC300S_947,SHAN SHINE MART,"A-G-01, SKYLAKE RESIDENCE,, JALAN PUTRA PERDANA 5A,",47130,"TAMAN PUTRA PERDANA,",Others,CENTRAL,CENTRAL,2.94822,101.614501,spv,242.87,3,33062,CHCRB11,3.6,9,0,,014-737 3797,,,
CHC300S_950,PASARAYA SUKEE SDN. BHD.,"LOT 2443, JALAN SUNGAI SAIM,, KAMPUNG RANTAU PANJANG,",42100,"42100 KLANG,",Others,CENTRAL,CENTRAL,3.058294,101.400513,spv,4916.57,14.6,33062,CHCRB10,0,0,0,,,,,
CHC300S_954,ST ROSYAM MART SDN. BHD. (KLANG),"PT 12889, LOT 15749 & LOT 15720,, JALAN KEBUN,",41200,"41200 KLANG,",Others,CENTRAL,CENTRAL,3.024426,101.48027,lpv,41301.86,19.6,33062,CHCRB9,4,44,0,,03-3374 4873,Monday: 9:00?AM?–?10:00?PM | Tuesday: 9:00?AM?–?10:00?PM | Wednesday: 9:00?AM?–?10:00?PM | Thursday: 9:00?AM?–?10:00?PM | Friday: 3:00?–?10:00?PM | Saturday: 9:00?AM?–?10:00?PM | Sunday: 9:00?AM?–?10:00?PM,,
CHC300S_977,PASAR MINI ASIK,"NO:19 & 21, JALAN MALONG 17/19,, SEKSYEN 17,",42000,"SHAH ALAM,",Others,CENTRAL,CENTRAL,3.046012,101.504929,spv,2238.09,19.6,33062,CHCRB10,5,2,0,,03-5510 3711,Monday: 8:00?AM?–?8:00?PM | Tuesday: 8:00?AM?–?8:00?PM | Wednesday: 8:00?AM?–?8:00?PM | Thursday: 8:00?AM?–?8:00?PM | Friday: 8:00?AM?–?8:00?PM | Saturday: 8:00?AM?–?8:00?PM | Sunday: 8:00?AM?–?8:00?PM,,
CHC300T_003,CHOP TEE HERM,"BATU 24  KANCHONG DARAT, 42700 BANTING",0,SELANGOR DARUL EHSAN.,Others,CENTRAL,CENTRAL,2.7760191,101.4744747,spv,1225.64,6.2,33062,CHCRB10,0,0,0,,,,,
CHC300T_015,THYE ONN MEDICAL HALL & PROVISION DEALER,NO:11,0,,Others,CENTRAL,CENTRAL,3.0496587,101.4463321,whs,2358.72,0.4,33062,CHCRBGEN,3.9,46,0,,03-3362 3793,Monday: 8:00?AM?–?9:00?PM | Tuesday: 8:00?AM?–?9:00?PM | Wednesday: 8:00?AM?–?9:00?PM | Thursday: 8:00?AM?–?9:00?PM | Friday: 8:00?AM?–?9:00?PM | Saturday: 8:00?AM?–?9:00?PM | Sunday: 8:00?AM?–?9:00?PM,,
CHC300T_017,PERNIAGAAN TECK SENG HONG,"NO:7 JALAN SRI DAMAK 17, TAMAN SRI ANDALAS",41200,KLANG,Others,CENTRAL,CENTRAL,3.0218386,101.4511823,cmh,7728.55,1.8,33062,CHCRB6,0,0,0,,,,,
CHC300T_018,KEDAI UBAT TONG FONG,"NO:32 JALAN CUNGAH, 42000 PORT KLANG",0,SELANGOR DARUL EHSAN.,Others,CENTRAL,CENTRAL,3.0017841,101.3989361,spv,318.38,6.8,33062,CHCRB10,5,3,0,,012-918 0859,Monday: 9:00?AM?–?8:00?PM | Tuesday: 9:00?AM?–?8:00?PM | Wednesday: 9:00?AM?–?8:00?PM | Thursday: 9:00?AM?–?8:00?PM | Friday: 9:00?AM?–?8:00?PM | Saturday: 9:00?AM?–?8:00?PM | Sunday: 9:00?AM?–?8:00?PM,,
CHC300T_022,PASAR MINI TIRAM SETIA,"NO135  KAMPUNG TIRAM BURUK, 45500 TANJUNG KARANG",0,SELANGOR DARUL EHSAN.,Others,CENTRAL,CENTRAL,3.426846,101.245911,spv,15889.83,5,33062,CHCRB5,0,0,0,,,,,
CHC300T_024,PASARAYA TL TELOK,"NO:70  JALAN UTAMA 2, TAMAN JAYA UTAMA",42500,TELOK PANGLIMA GARANG,Others,CENTRAL,CENTRAL,2.9107424,101.4708089,spv,203.93,7.4,33062,CHCRB10,0,0,0,,,Monday: 8:30?AM?–?5:30?PM | Tuesday: 8:30?AM?–?5:30?PM | Wednesday: 8:30?AM?–?5:30?PM | Thursday: 8:30?AM?–?5:30?PM | Friday: 8:30?AM?–?5:30?PM | Saturday: 9:00?AM?–?1:00?PM | Sunday: Closed,,
CHC300T_025,GOOD LUCK MINI MARKET,"NO:6  JALAN BISTARI, KAMPUNG BISTARI",45600,45600 BATANG BERJUNTAI,Others,CENTRAL,CENTRAL,3.421962,101.4441115,spv,5558.08,7.2,33062,CHCRB5,0,0,0,,,,,
CHC300T_031,KEDAI PERNIAGAAN TEMPAT INDAH,NO:21,0,,Others,CENTRAL,CENTRAL,3.514586,101.096741,spv,3538.28,6.6,33062,CHCRB5,0,0,0,,,,,
CHC300T_035,TYH MERCHANDISE SDN. BHD.,NO:20,0,,Others,CENTRAL,CENTRAL,3.0930502,101.3903336,whs,17116.8,0.2,33062,CHCRBGEN,0,0,0,,,,,
CHC300T_041,TECK ANN,NO. 280,0,,Others,CENTRAL,CENTRAL,2.8132689,101.501293,cmh,55025.38,5.4,33062,CHCRB10,0,0,0,,,,,
CHC300T_042,SYARIKAT TONG LEE,NO:54,0,,Others,CENTRAL,CENTRAL,3.26183,101.30407,spv,667.49,1.8,33062,CHCRB5,3.5,4,0,,03-3396 0882,Monday: 10:00?AM?–?10:00?PM | Tuesday: 10:00?AM?–?10:00?PM | Wednesday: 10:00?AM?–?10:00?PM | Thursday: 10:00?AM?–?10:00?PM | Friday: 10:00?AM?–?10:00?PM | Saturday: 10:00?AM?–?10:00?PM | Sunday: 10:00?AM?–?10:00?PM,http://facebook.com/pasarayakarnival,
CHC300T_045,THAMESKODI ENTERPRISE,"NO:66D  JALAN TEPI SUNGAI, 41000 KLANG",0,SELANGOR DARUL EHSAN.,Others,CENTRAL,CENTRAL,3.043336,101.431213,spv,644.29,6.8,33062,CHCRB7,3.7,3,0,,,"Monday: 7:00?AM?–?10:00?PM | Tuesday: 7:00?AM?–?10:00?PM | Wednesday: 7:00?AM?–?10:00?PM | Thursday: 7:00?AM?–?10:00?PM | Friday: 7:00?AM?–?12:30?PM, 2:30?–?10:00?PM | Saturday: 7:00?AM?–?10:00?PM | Sunday: 7:00?AM?–?10:00?PM",,
CHC300T_061,THIAN SEN TONG,"NO:178  THEATRE STREET, TANJONG SEPAT",0,SELANGOR DARUL EHSAN.,Others,CENTRAL,CENTRAL,2.661967,101.558205,spv,1272.54,4.6,33062,CHCRB10,0,0,0,,,,,
CHC300T_062,SEVEN STAR RDSM MINI MARKET,"1-G-05A, JALAN MANTAP 25/126,, SEKSYEN 25, SRI LEMBAYUNG,",40400,"40400 SHAH ALAM,",Others,CENTRAL,CENTRAL,3.025789,101.528336,spv,1602.12,3.6,33062,CHCRB10,0,0,0,,,,,
CHC300T_065,THYE SUN TRADING COMPANY,NO:21,0,,Others,CENTRAL,CENTRAL,3.051694,101.4463061,spv,194.74,4,33062,CHCRB6,3.9,46,0,,03-3362 3793,Monday: 8:00?AM?–?9:00?PM | Tuesday: 8:00?AM?–?9:00?PM | Wednesday: 8:00?AM?–?9:00?PM | Thursday: 8:00?AM?–?9:00?PM | Friday: 8:00?AM?–?9:00?PM | Saturday: 8:00?AM?–?9:00?PM | Sunday: 8:00?AM?–?9:00?PM,,
CHC300T_089,PASAR RAYA TAFAZ MAJU (1),"NO:5  JALAN P9B/1, PRECIENT 9",62250,62250 PUTRA JAYA,Others,CENTRAL,CENTRAL,2.937791,101.672137,spv,7547.09,17,33062,CHCRB11,0,0,0,,,,,
CHC300T_091,TH SUPER MART (2),"NO:14G  GROUDN FLOOR  BLOCK B, NEOCYBER  LINGKARAN CYBER POIN BARAT",63000,63000 CYBERJAYA,Others,CENTRAL,CENTRAL,2.9154308,101.6504487,spv,67.53,0.8,33062,CHCRB11,4.8,17,0,,011-2110 0664,Monday: 10:00?AM?–?12:00?AM | Tuesday: 10:00?AM?–?12:00?AM | Wednesday: 10:00?AM?–?12:00?AM | Thursday: 10:00?AM?–?12:00?AM | Friday: 10:00?AM?–?12:00?AM | Saturday: 10:00?AM?–?12:00?AM | Sunday: 10:00?AM?–?12:00?AM,https://www.nuralmadeenah.com/,
CHC300T_094,KEDAI TONG SENG HUAT,NO:13,0,,Others,CENTRAL,CENTRAL,3.265766,101.30143,spv,124.13,1,33062,CHCRB5,0,0,0,,,,,
CHC300T_103,TF VALUE-MART SDN. BHD. '@ SUNGAI BESAR,"BENTONG ACCOUNTING PROCESSING CENTRE, NO:7",0,,TFV,CENTRAL,CENTRAL,3.6730191,100.9872991,smt,131672.25,42,33062,CHCRB5,0,0,0,,,,,
CHC300T_103A,TF VALUE-MART (TAMAN CONNAUGHT),"TF VALUE-MART SDN. BHD. (TAMAN CONNAUGHT), LOT 11811, JALAN CHERAS,",56000,"TAMAN CONNAUGHT,",TFV,CENTRAL,CENTRAL,3.0807601,101.7305595,smt,84905.21,58.8,33062,CHCRB3,4.1,513,0,ChIJyWYV_lM1zDERx9v9QLWhxiA,014-627 8116,Monday: 10:30?AM?–?12:00?AM | Tuesday: 10:30?AM?–?12:00?AM | Wednesday: 10:30?AM?–?12:00?AM | Thursday: 10:30?AM?–?12:00?AM | Friday: 10:30?AM?–?12:00?AM | Saturday: 10:30?AM?–?12:00?AM | Sunday: 10:30?AM?–?12:00?AM,,TRUE
CHC300T_103B,TF VALUE-MART (USJ 19),"PALAZZO MALL 19 BASEMENT CARPARK (B1-B3A),, JALAN, PERSIARAN KEWAJIPAN, USJ 19,",47630,SUBANG JAYA,TFV,CENTRAL,CENTRAL,3.0321136,101.5883487,smt,28453.94,41.8,33062,CHCRB3,3.8,134,0,,03-8011 0914,Monday: 10:00?AM?–?10:00?PM | Tuesday: 10:00?AM?–?10:00?PM | Wednesday: 10:00?AM?–?10:00?PM | Thursday: 10:00?AM?–?10:00?PM | Friday: 10:00?AM?–?10:00?PM | Saturday: 10:00?AM?–?10:00?PM | Sunday: 10:00?AM?–?10:00?PM,http://www.tfvaluemart.com.my/,
CHC300T_103C,TF VALUE-MART (SRI DAMANSARA),"NO:13C, JALAN TEMBAGA SD5/2A,, BANDAR SRI DAMANSARA,",52200,"52200 PETALING JAYA,",TFV,CENTRAL,CENTRAL,3.185406,101.7044725,smt,0,0,33062,CHCRBGEN,4.9,8,0,,0,Monday: 6:00?AM?–?1:00?AM | Tuesday: 6:00?AM?–?1:00?AM | Wednesday: 6:00?AM?–?1:00?AM | Thursday: 6:00?AM?–?1:00?AM | Friday: 6:00?AM?–?1:00?AM | Saturday: 6:00?AM?–?1:00?AM | Sunday: 6:00?AM?–?1:00?AM,,
CHC300T_104,PASAR MINI AL AMIN,B-G-9,0,,Others,CENTRAL,CENTRAL,3.1356961,101.4384571,spv,124.13,1,33062,CHCRB7,3.5,2,0,,017-889 8902,Monday: 9:00?AM?–?8:00?PM | Tuesday: 9:00?AM?–?8:00?PM | Wednesday: 9:00?AM?–?8:00?PM | Thursday: 9:00?AM?–?8:00?PM | Friday: 9:00?AM?–?8:00?PM | Saturday: 9:00?AM?–?8:00?PM | Sunday: 9:00?AM?–?8:00?PM,http://www.garambuluh.net/,
CHC300T_112,HAO SENG TRADING,"NO:13 14&15  JALAN BESAR, SUNGAI HAJI DORANI",45300,45300 SUNGAI BESAR,Others,CENTRAL,CENTRAL,3.6444417,101.0241037,spv,124.13,1,33062,CHCRB5,0,0,0,,,,,
CHC300T_115,THUNG HENG TRADING,NO.9,0,,Others,CENTRAL,CENTRAL,3.0300059,101.4395011,spv,649.14,8.4,33062,CHCRB10,0,0,0,,,,,
CHC300T_120,TWO U CONVENIENCE SHOP,"A-G-08, PANGSAPURI DESA PALMA,, BLOCK ARECA, JALAN DESA PALMA,",71800,"TAMAN DESA PALMA,",Others,CENTRAL,CENTRAL,2.812844,101.760205,spv,2469.91,8.4,33062,CHCRB1,0,0,0,,,,,
CHC300T_123,SRI THANGARATHNA TEXTILES SDN BHD,NO.43,0,,Others,CENTRAL,CENTRAL,2.9075202,101.462164,spv,829.94,4.8,33062,CHCRB10,0,0,0,,,,,
CHC300T_129,PASARAYA HAMMAD,NO:5 JALAN P9E/1,0,,Others,CENTRAL,CENTRAL,2.9412829,101.6749891,spv,5682.61,21,33062,CHCRB11,5,1,0,ChIJl8G7xim3zTERav5mW3M_UFk,,Monday: 7:00?AM?–?11:00?PM | Tuesday: 7:00?AM?–?11:00?PM | Wednesday: 7:00?AM?–?11:00?PM | Thursday: 7:00?AM?–?11:00?PM | Friday: 7:00?AM?–?11:00?PM | Saturday: 7:00?AM?–?11:00?PM | Sunday: 7:00?AM?–?11:00?PM,,
CHC300T_133,TONG HUAT TRADING CO.,NO:255,0,,Others,CENTRAL,CENTRAL,3.257696,101.3071594,spv,124.13,1,33062,CHCRB5,3.1,7,0,,03-2114 2480,Monday: Open 24 hours | Tuesday: Open 24 hours | Wednesday: Open 24 hours | Thursday: Open 24 hours | Friday: Open 24 hours | Saturday: Open 24 hours | Sunday: Open 24 hours,http://www.7eleven.com.my/,
CHC300T_135,TAN ENG LOON,"NO:267  BUKIT BELIMBING, 45000 KUALA SELANGOR",0,SELANGOR DARUL EHSAN.,Others,CENTRAL,CENTRAL,3.3906921,101.2725648,spv,845.42,3.2,33062,CHCRB5,0,0,0,,,,,
CHC300T_141,TITA ASIA FOOD INDUSTRIES SDN. BHD.,"NO:A-G-096, GROUND FLOOR, BLOCK A,, GM KLANG WHOLESALE CITY,",41200,"JALAN KASUARINA 1,",Others,CENTRAL,CENTRAL,2.9915708,101.4507927,spv,124.13,1,33062,CHCRB10,0,0,0,,,,,
CHC300T_143,TAN KIM SEAH,NO. 15,0,,Others,CENTRAL,CENTRAL,3.3297282,101.2566258,spv,647.76,3.4,33062,CHCRB5,3.3,17,0,,,Monday: Open 24 hours | Tuesday: Open 24 hours | Wednesday: Open 24 hours | Thursday: Open 24 hours | Friday: Open 24 hours | Saturday: Open 24 hours | Sunday: Open 24 hours,https://7cafe.7eleven.com.my/,
CHC300T_145,TAN SPEED ENTERPRISE,"NO:27  PEKAN CHODOI, 42700 BANTING  KUALA LANGAT",42700,SELANGOR DARUL EHSAN.,Others,CENTRAL,CENTRAL,2.8422406,101.4409753,spv,584.49,2.2,33062,CHCRB10,0,0,0,,,,,
CHC300T_152,PASAR RAYA TAFAZ MAJU (6),"NO:20 JALAN 19/1 MASRECA 19, PERSIARAN RIMBA PERMAI CYBER 10",63000,CYBERJAYA,Others,CENTRAL,CENTRAL,2.90151,101.629,spv,243.38,4.2,33062,CHCRB11,4,1,0,,,,,
CHC300T_158,THREE STAR FAMILY MART,"NO:123  JALAN JED 3, BANDAR PARKLAND",41200,41200 KLANG,Others,CENTRAL,CENTRAL,2.9743919,101.4577348,spv,142.61,1.8,33062,CHCRB10,0,0,0,,,,,
CHC300T_160,PERNIAGAAN TAN LOK PING SDN. BHD.,"NO:2A, JALAN SUNGAI KAPAR, INDAH 2A/KU7,",42200,"TAMAN SUNGAI KAPAR INDAH,",Others,CENTRAL,CENTRAL,3.0491741,101.4462854,whs,12287.31,2,33062,CHCRBGEN,4,1,0,,012-330 3377,Monday: 8:30?AM?–?8:00?PM | Tuesday: 8:30?AM?–?8:00?PM | Wednesday: 8:30?AM?–?8:00?PM | Thursday: 8:30?AM?–?8:00?PM | Friday: 8:30?AM?–?8:00?PM | Saturday: 8:30?AM?–?8:00?PM | Sunday: 8:30?AM?–?8:00?PM,,
CHC300T_182,PASAR RAYA TAFAZ MAJU (2),"BLOCK C - T00 - F1, PANGSAPURI PUTRA DAMAI",62250,PRESINT - 11,Others,CENTRAL,CENTRAL,2.962613,101.6641,spv,235.74,2.8,33062,CHCRB11,0,0,0,,,,,
CHC300T_187,TONGEE (K.L) SDN BHD,NO:3,0,,Others,CENTRAL,CENTRAL,3.1900654,101.6774012,whs,0,0,33062,CHCRBGEN,0,0,0,,,,,
CHC300T_205,SB FRESH MARKET,"PT 145, JALAN RAJA CHULAN,, 45200 SABAK BERNAM,",45200,"SABAK BERNAM,",Others,CENTRAL,CENTRAL,3.7687699,100.983291,spv,1741.91,2.8,33062,CHCRB5,0,0,0,,,,,
CHC300T_206,PASAR RAYA TAFAZ MAJU (4),"BLOCK A - T00 - F1, PANGSAPURI PUTRA DAMAI",62250,PRESINT - 11,Others,CENTRAL,CENTRAL,2.962096,101.663897,spv,235.74,2.8,33062,CHCRB11,0,0,0,,,,,
CHC300T_214,DAILY CT MARKETING,NO:108,0,,Others,CENTRAL,CENTRAL,3.119359,101.446632,spv,196.08,4.2,33062,CHCRB6,4.1,58,0,,03-3392 8214,Monday: 6:00?AM?–?10:00?PM | Tuesday: 6:00?AM?–?10:00?PM | Wednesday: 6:00?AM?–?10:00?PM | Thursday: 6:00?AM?–?10:00?PM | Friday: 6:00?AM?–?10:00?PM | Saturday: 6:00?AM?–?10:00?PM | Sunday: 6:00?AM?–?10:00?PM,,
CHC300T_230,KEDAI RUNCIT ALI NISHA,LOT 1722-8608,0,,Others,CENTRAL,CENTRAL,3.0479785,101.4643995,spv,149.9,2,33062,CHCRB7,0,0,0,,,,,
CHC300T_240,28 EMPIRE TRADING,"NO:32 JALAN MAHKOTA 6, MUTIARA BUKIT RAJA 2",41050,KLANG,Others,CENTRAL,CENTRAL,3.0853209,101.4481523,spv,161.06,2.2,33062,CHCRB10,0,0,0,,,,,
CHC300T_248,THARAS CASH & CARRY,"NO:17-G, JALAN 1/1B,, USJ AVENUE, USJ HEIGHT,",47610,"47610 SUBANG JAYA,",Others,CENTRAL,CENTRAL,3.061817,101.568067,spv,671.64,7.4,33062,CHCRB11,0,0,0,,,,,
CHC300T_249,MIN HING HERBS & FOOD (KINRARA),"NO:6G, 6-1, JALAN DU 1,, TAMAN DAMAI UTAMA,",47180,"47180 PUCHONG,",Others,CENTRAL,CENTRAL,3.034335,101.6641,spv,-25.5,3.4,33062,CHCRB11,0,0,0,,,,,
CHC300T_262,TIPTOP PROMEDIA SOLUTION,"NO:30 JALAN PUJ 2/6, TAMAN PUNCAK JALIL",43300,SERI KEMBANGAN,Others,CENTRAL,CENTRAL,3.0141649,101.6759222,spv,229.8,4,33062,CHCRB2,3.9,884,0,,1-300-30-8786,Monday: 8:30?AM?–?9:30?PM | Tuesday: 8:30?AM?–?9:30?PM | Wednesday: 8:30?AM?–?9:30?PM | Thursday: 8:30?AM?–?9:30?PM | Friday: 8:30?AM?–?9:30?PM | Saturday: 8:30?AM?–?9:30?PM | Sunday: 8:30?AM?–?9:30?PM,https://mydin.my/,
CHC300T_267,MA BASIR ENTERPRISE,"LOT KEDAI RUNCIT, APPT BLOCK B,, ZON 4A, PRESINT 11,",62250,PUTRAJAYA.,Others,CENTRAL,CENTRAL,2.957617,101.676327,spv,67.53,0.8,33062,CHCRB11,0,0,0,,,,,
CHC300T_274,TH SUPER MART,"001  COMMERSIAL CENTER CYBERJAYA, JALAN MULTIMEDIA  63000 CYBERJAYA",63000,SELANGOR DARUL EHSAN.,Others,CENTRAL,CENTRAL,2.922444,101.639281,spv,2669.01,17.6,33062,CHCRB11,0,0,0,,018-355 4425,Monday: 8:00?AM?–?10:00?PM | Tuesday: 8:00?AM?–?10:00?PM | Wednesday: 8:00?AM?–?10:00?PM | Thursday: 8:00?AM?–?10:00?PM | Friday: 8:00?AM?–?10:00?PM | Saturday: 8:00?AM?–?10:00?PM | Sunday: 8:00?AM?–?10:00?PM,,
CHC300T_293,28 MINI MART,"LOT 490-B JALAN HULU LANGAT, BATU 15 BUKIT KUNDANG",43100,HULU LANGAT,Others,CENTRAL,CENTRAL,3.1302448,101.8310227,spv,317.25,4.8,33062,CHCRB7,0,0,0,,,,,
CHC300T_295,TOYYIB MART,"NO:19-G JALAN SP 5/5, BANDAR SAUJANA PUTRA",42610,JENJAROM,Others,CENTRAL,CENTRAL,2.9447902,101.5859409,spv,124.13,1,33062,CHCRB10,0,0,0,,019-351 9672,Monday: 8:00?AM?–?8:00?PM | Tuesday: 8:00?AM?–?8:00?PM | Wednesday: 8:00?AM?–?8:00?PM | Thursday: 8:00?AM?–?8:00?PM | Friday: 8:00?AM?–?8:00?PM | Saturday: 8:00?AM?–?8:00?PM | Sunday: 8:00?AM?–?8:00?PM,,
CHC300T_296,28 MINI MART,"LOT 28A BATU 9 3/4, KAMPUNG  MELAKA JALAN HULU LANGAT",43200,CHERAS,Others,CENTRAL,CENTRAL,3.0697176,101.7778698,spv,248.95,3.6,33062,CHCRB7,0,0,0,,,,,
CHC300T_298,TFW PLUS ENTERPRISE,"NO:7, LORONG DUKU,, OFF JALAN TELOK GADONG,",41100,"PERSIARAN RAJA MUDA MUSA,",Others,CENTRAL,CENTRAL,3.03131,101.429201,whs,67.53,0.8,33062,CHCRB9,0,0,0,,,,,
CHC300T_308,TANISHA ENTERPRISE,"31-AG, LINGKARAN DAGANG MAS PANGSAPURI,, TAMAN MAS SEPANG,",47100,"47100 PUCHONG,",Others,CENTRAL,CENTRAL,2.974043,101.580499,spv,124.13,1,33062,CHCRB11,4.4,5,0,,018-375 0635,Monday: 7:00?AM?–?9:30?PM | Tuesday: 7:00?AM?–?9:30?PM | Wednesday: 7:00?AM?–?9:30?PM | Thursday: 7:00?AM?–?9:30?PM | Friday: 7:00?AM?–?9:30?PM | Saturday: 7:00?AM?–?9:30?PM | Sunday: 9:00?AM?–?9:30?PM,,
CHC300T_319,TMG EXPRESS 3000 SDN. BHD.,"NO:18G & 20G GROUND FLOOR, JALAN PUTERI 1/5 BANDAR PUTRI",47100 PUCHONG SELANGOR.,PUCHONG,TMG,CENTRAL,CENTRAL,3.0257269,101.6190615,spv,67.53,0.8,33062,CHCRB11,0,0,0,,,,,
CHC300T_320,AZRA FRESH MART,"NO:17-G, JALAN AMAN SERENIA 6, BANDAR, JALAN PERSIARAN BESTARI,",43900,"SERENIA, SEPANG SELANGOR DARUL EHSAN,",Others,CENTRAL,CENTRAL,2.85554,101.704594,spv,124.13,1,33062,CHCRB11,0,0,0,,,,,
CHC300T_324,TMG EXPRESS 3000 SDN. BHD. (JADE HILLS),"NO:29-1, 31-1, 33-1, 35-1, 37-1,, GROUND FLOOR, JALAN DATARAN JADE 3,",43000,"DATARAN JADE, JADE HILLS,",TMG,CENTRAL,CENTRAL,2.9928924,101.7597604,spv,124.13,1,33062,CHCRB7,4.4,58,0,,011-1191 0709,,,
CHC300T_331,TMG EXPRESS 3000 SDN. BHD.,"NO:41, JALAN PJS 11/9,, BANDAR SUNWAY,",47500,"SUBANG JAYA,",TMG,CENTRAL,CENTRAL,3.0678696,101.6031384,spv,124.13,1,33062,CHCRB11,3,8,0,,011-2589 1790,Monday: 9:00?AM?–?11:00?PM | Tuesday: 9:00?AM?–?11:00?PM | Wednesday: 9:00?AM?–?11:00?PM | Thursday: 9:00?AM?–?11:00?PM | Friday: 9:00?AM?–?11:00?PM | Saturday: 9:00?AM?–?11:00?PM | Sunday: 9:00?AM?–?11:00?PM,,
CHC300T_335,THYE SENG TONG,"NO:229-A, MAIN ROAD,",42800,"TANJUNG SEPAT,",Others,CENTRAL,CENTRAL,2.66108,101.559738,cmh,832.18,3.2,33062,CHCRB10,0,0,0,,,,,
CHC300T_340,THE STORE (MALAYSIA) SDN. BHD.-SHAH ALAM,"PLAZA ALAM SENTRAL,, JALAN MAJLIS, SEKSYEN 14,",40000,"SHAH ALAM,",THESTORE,CENTRAL,CENTRAL,3.07379,101.517599,smt,55.7,0.8,33062,CHCRB2,0,0,0,,,Monday: 9:00?AM?–?8:00?PM | Tuesday: 9:00?AM?–?8:00?PM | Wednesday: 9:00?AM?–?8:00?PM | Thursday: 9:00?AM?–?8:00?PM | Friday: 9:00?AM?–?8:00?PM | Saturday: 9:00?AM?–?8:00?PM | Sunday: 9:00?AM?–?8:00?PM,,
CHC300T_341,THE STORE (MALAYSIA) SDN. BHD. - BANTING,"LOT 1256, JALAN BESAR,",42700,"BANTING,",THESTORE,CENTRAL,CENTRAL,2.8139774,101.5031308,smt,8559.93,19.4,33062,CHCRB1,0,0,0,,,,,
CHC300T_345,TAMAN MAWAR MART,"NO:11, JALAN MAWAR,, TAMAN SEKINCHAN JAYA,",45400,"SEKINCHAN,",Others,CENTRAL,CENTRAL,3.4989073,101.1069504,spv,433.19,2.4,33062,CHCRB5,0,0,0,,,,,
CHC300T_346,TUNAS MANJA SDN. BHD. (CAW HILL PARK),"NO:5-15,JALAN PINANG 4/1, TINGKAT BAWAH,, BANDAR HILL PARK PUNCAK ALAM,",42300,BANDAR PUNCAK ALAM,TMG,CENTRAL,CENTRAL,3.21195,101.468483,lpv,192.07,4.4,33062,CHCRB9,3.8,91,0,,09-567 9888,Monday: 8:00?AM?–?10:00?PM | Tuesday: 8:00?AM?–?10:00?PM | Wednesday: 8:00?AM?–?10:00?PM | Thursday: 8:00?AM?–?10:00?PM | Friday: 8:00?AM?–?10:00?PM | Saturday: 8:00?AM?–?10:00?PM | Sunday: 8:00?AM?–?10:00?PM,,
CHC300T_347,TRADER MAX SDN. BHD.,"NO:13, LORONG ABDUL MANAN 1A/KU,, KAWASAN PERINDUSTRIAN MERU SELATAN,",42200,"42200 KAPAR,",Others,CENTRAL,CENTRAL,3.007899,101.434906,spv,322.42,6.4,33062,CHCRB10,4.1,1315,0,,03-3323 5518,Monday: 7:00?AM?–?10:00?PM | Tuesday: 7:00?AM?–?10:00?PM | Wednesday: 7:00?AM?–?10:00?PM | Thursday: 7:00?AM?–?10:00?PM | Friday: 7:00?AM?–?10:00?PM | Saturday: 7:00?AM?–?10:00?PM | Sunday: 7:00?AM?–?10:00?PM,http://www.giant.com.my/,
CHC300T_354,MM MART,"NO:31, JALAN UDANG KARA 20B/KS3,, SUNGAI UDANG,",41250,"KLANG,",Others,CENTRAL,CENTRAL,3.0445983,101.4172683,spv,231.79,3.6,33062,CHCRB7,0,0,0,,,,,
CHC300T_355,28 MINI MART,"A-G-1, JALAN MEGAH 37A,, TAMAN MEGA JAYA, BATU 9,",43200,"43200 CHERAS,",Others,CENTRAL,CENTRAL,3.0548404,101.7684052,spv,301.91,6.8,33062,CHCRB7,0,0,0,,,,,
CHC300T_359,KEDAI RUNCIT TIGA SERANGKAI,"NO:85, KAMPUNG BARU TELOK GONG,",42000,"42000 PELABUHAN KLANG,",Others,CENTRAL,CENTRAL,2.96266,101.3908,spv,67.53,0.8,33062,CHCRB10,0,0,0,,,,,
CHC300T_361,THE 223 DYNASTY EMPIRE,"PT 2626 A2, KAMPUNG SUNGAI SERDANG,, BATU 13 1/2, KAPAR KLANG,",42200,"KLANG, ",Others,CENTRAL,CENTRAL,3.128982,101.470543,spv,128.79,2.6,33062,CHCRB6,5,1,0,,012-231 6831,Monday: 9:00?AM?–?5:00?PM | Tuesday: 9:00?AM?–?5:00?PM | Wednesday: 9:00?AM?–?5:00?PM | Thursday: 9:00?AM?–?5:00?PM | Friday: 9:00?AM?–?5:00?PM | Saturday: 9:00?AM?–?5:00?PM | Sunday: 9:00?AM?–?5:00?PM,,
CHC300T_367,KEDAI RUNCIT THINASARA,"LOT 3067,  JALAN 4 SUNGAI, YU KAMPUNG INDIA,",45500,"45500 TANJONG KARANG,",Others,CENTRAL,CENTRAL,3.379009,101.198502,spv,124.13,1,33062,CHCRB5,0,0,0,,,,,
CHC300T_370,THOW JOO SENG,"NO:1, JALAN TANGKAK 1/KU1,, BANDAR KLANG,",41400,"KLANG,",Others,CENTRAL,CENTRAL,3.05132,101.442329,spv,169.89,3.2,33062,CHCRB6,3.9,46,0,,03-3362 3793,Monday: 8:00?AM?–?9:00?PM | Tuesday: 8:00?AM?–?9:00?PM | Wednesday: 8:00?AM?–?9:00?PM | Thursday: 8:00?AM?–?9:00?PM | Friday: 8:00?AM?–?9:00?PM | Saturday: 8:00?AM?–?9:00?PM | Sunday: 8:00?AM?–?9:00?PM,,
CHC300T_377,THE CHEMIST HEALTHCARE SDN. BHD.,"NO:114 GF, JALAN SS 15/4B,",47500,"SUBANG JAYA,",Others,CENTRAL,CENTRAL,3.078034,101.589142,spv,1001.6,3.2,33062,CHCRB11,3.5,11,0,,07-283 0123,Monday: 12:30?–?9:00?PM | Tuesday: 12:30?–?9:00?PM | Wednesday: 12:30?–?9:00?PM | Thursday: 12:30?–?9:00?PM | Friday: 12:30?–?9:00?PM | Saturday: 12:30?–?9:00?PM | Sunday: 12:30?–?9:00?PM,https://www.eco-shop.com.my/,
CHC300T_383,TT SEAFOOD TRADING SDN. BHD.,"PT 5718, 5719, 5720,, JALAN BUNGA MAWAR,",45300,"45300 SUNGAI BESAR,",Others,CENTRAL,CENTRAL,3.065595,101.41616,spv,421.65,2.4,33062,CHCRB5,4.3,12,0,,014-210 8548,,,
CHC300T_384,TT SUPER MART,"BLOCK A-G-7, PANGSAPURI AMAN PERDANA,, JALAN AP 10E/KU5,",41050,"TAMAN AMAN PERDANA,",Others,CENTRAL,CENTRAL,3.094385,101.407257,spv,439.45,5,33062,CHCRB6,3.2,23,0,,07-283 0123,Monday: 10:00?AM?–?10:00?PM | Tuesday: 10:00?AM?–?10:00?PM | Wednesday: 10:00?AM?–?10:00?PM | Thursday: 10:00?AM?–?10:00?PM | Friday: 10:00?AM?–?10:00?PM | Saturday: 10:00?AM?–?10:00?PM | Sunday: 10:00?AM?–?10:00?PM,https://www.eco-shop.com.my/,
CHC300T_385,TRADER MAX SDN. BHD.,"NO:35 (GROUND FLOOR),, JALAN BATU NILAM 21B,",41200,"BANDAR BUKIT TINGGI,",Others,CENTRAL,CENTRAL,2.997878,101.44281,spv,324.73,7.8,33062,CHCRB10,5,1,0,,016-269 6988,Monday: 8:30?AM?–?8:00?PM | Tuesday: 8:30?AM?–?8:00?PM | Wednesday: 8:30?AM?–?8:00?PM | Thursday: 8:30?AM?–?8:00?PM | Friday: 8:30?AM?–?8:00?PM | Saturday: 8:30?AM?–?8:00?PM | Sunday: 8:30?AM?–?8:00?PM,,
CHC300U_003,ALYA SARA UMARUDDIN ENTERPRISE,SEKSYEN 6,0,,Others,CENTRAL,CENTRAL,3.0838805,101.5074813,pms,301.03,6.6,33062,CHCRB7,0,0,0,,,,,
CHC300U_023,UR JOY MART MINIMARKET,NO:9,0,,Others,CENTRAL,CENTRAL,3.0270917,101.4658041,spv,67.53,0.8,33062,CHCRB7,0,0,0,,,,,
CHC300U_034,URBANFRESH MARKETPLACE,"LOT LG-SM  SETIA CITY MALL, 7 PERSIARAN SETIA DAGANG",40170,BANDAR SETIA ALAM  SEKSYEN U13,Others,CENTRAL,CENTRAL,3.108375,101.459457,smt,45337.29,39,33062,CHCRB9,4.3,1045,0,,03-3345 6058,Monday: 10:00?AM?–?10:00?PM | Tuesday: 10:00?AM?–?10:00?PM | Wednesday: 10:00?AM?–?10:00?PM | Thursday: 10:00?AM?–?10:00?PM | Friday: 10:00?AM?–?10:00?PM | Saturday: 10:00?AM?–?10:00?PM | Sunday: 10:00?AM?–?10:00?PM,,
CHC300U_051,URBAN RETAIL SDN. BHD.,"LOT R-1-01, GROUND FLOOR, LAKE POINT, CENTRAL, 1, JALAN PANGLIMA HITAM 35/26,",40470,"SEKSYEN 35, ALAM IMPIAN,",Others,CENTRAL,CENTRAL,3.024588,101.5136,lpv,12466.81,21.8,33062,CHCRB9,0,0,0,,,,,
CHC300V_012,VITHAN MINI MARKET,"NO:15  (PT. 51222), JALAN DATO DAGANG 39",0,TAMAN SRI SENTOSA,Others,CENTRAL,CENTRAL,2.9958809,101.4764483,spv,566.14,5.4,33062,CHCRB10,4.1,43,0,,,Monday: 9:00?AM?–?7:00?PM | Tuesday: 9:00?AM?–?7:00?PM | Wednesday: 9:00?AM?–?7:00?PM | Thursday: 9:00?AM?–?7:00?PM | Friday: 9:00?AM?–?7:00?PM | Saturday: 9:00?AM?–?7:00?PM | Sunday: 9:00?AM?–?7:00?PM,,
CHC300V_022,ONG MINI MART,"NO:17, LOT 3039,, KEDAI SIBER MEGA STATON INTERNET CAFE,",45400,"JALAN PERAI, SEKINCHAN",Others,CENTRAL,CENTRAL,3.5086683,101.1029043,spv,124.13,1,33062,CHCRB5,0,0,0,,,,,
CHC300V_028,VIOMAX SDN. BHD.,"NO:1 LORONG BENDAHARA 38A, OFF JALAN JATI TAMAN SRI INDAH",41200,KLANG,Others,CENTRAL,CENTRAL,3.008356,101.4756573,whs,0,0,33062,CHCRBGEN,3.9,879,0,,03-5161 3033,Monday: 8:00?AM?–?10:00?PM | Tuesday: 8:00?AM?–?10:00?PM | Wednesday: 8:00?AM?–?10:00?PM | Thursday: 8:00?AM?–?10:00?PM | Friday: 8:00?AM?–?10:00?PM | Saturday: 8:00?AM?–?10:00?PM | Sunday: 8:00?AM?–?10:00?PM,http://www.nsktrade.com/,
CHC300V_057,V.P.S STORE,NO:16,0,,Others,CENTRAL,CENTRAL,2.9868388,101.4334488,spv,124.13,1,33062,CHCRB10,0,0,0,,,,,
CHC300V_067,VALUE BUY MART,"NAUTICA LAKE SUITES,, GROUND FLOOR, SUNWAY SOUTH QUAY,",47500,"47500 SUBANG JAYA,",Others,CENTRAL,CENTRAL,3.061554,101.608229,spv,1865.27,10.8,33062,CHCRB11,4.3,1245,0,,03-5611 9735,Monday: 9:30?AM?–?10:00?PM | Tuesday: 9:30?AM?–?10:00?PM | Wednesday: 9:30?AM?–?10:00?PM | Thursday: 9:30?AM?–?10:00?PM | Friday: 9:30?AM?–?10:00?PM | Saturday: 9:30?AM?–?10:00?PM | Sunday: 9:30?AM?–?10:00?PM,https://www.jayagrocer.com/,
CHC300W_001,YEONG KONG,NO.56,0,,Others,CENTRAL,CENTRAL,3.6643038,101.0026085,spv,67.53,0.8,33062,CHCRB5,0,0,0,,,,,
CHC300W_002,KEDAI UBAT & P/M WENG HONG ONN SDN.BHD,"NO.28 JALAN ADIL 25/10, TAMAN SRI MUDA",40400,40400 SHAH ALAM,Others,CENTRAL,CENTRAL,3.0306809,101.5306988,cmh,1129.13,9.2,33062,CHCRB10,4,83,0,,,Monday: 7:00?AM?–?11:00?PM | Tuesday: 7:00?AM?–?11:00?PM | Wednesday: 7:00?AM?–?11:00?PM | Thursday: 7:00?AM?–?11:00?PM | Friday: 7:00?AM?–?11:00?PM | Saturday: 7:00?AM?–?11:00?PM | Sunday: 7:00?AM?–?11:00?PM,,
CHC300W_008,PASARAYA WAH FONG SDN.BHD.,"NO:32-34 JALAN KINRARA, TAMAN KINRARA BATU 7",58200,JALAN PUCHONG PUCHONG,Others,CENTRAL,CENTRAL,3.0669628,101.6492991,cmh,3208.12,11.2,33062,CHCRB11,3.5,196,0,,03-8070 3268,Monday: 7:30?AM?–?7:00?PM | Tuesday: 7:30?AM?–?7:00?PM | Wednesday: 7:30?AM?–?7:00?PM | Thursday: 7:30?AM?–?7:00?PM | Friday: 7:30?AM?–?7:00?PM | Saturday: 7:30?AM?–?7:00?PM | Sunday: 7:30?AM?–?12:30?PM,,
CHC300W_011,WAN CHOONG,"LOT 80  JALAN BESAR, 43800 DENGKIL",43800,SELANGOR DARUL EHSAN.,Others,CENTRAL,CENTRAL,2.8584554,101.6795267,spv,232.12,2.8,33062,CHCRB11,4,2,0,,03-3187 2232,Monday: 8:00?AM?–?8:00?PM | Tuesday: 8:00?AM?–?8:00?PM | Wednesday: 8:00?AM?–?8:00?PM | Thursday: 8:00?AM?–?8:00?PM | Friday: 8:00?AM?–?8:00?PM | Saturday: 8:00?AM?–?8:00?PM | Sunday: 8:00?AM?–?8:00?PM,,
CHC300W_012,SYARIKAT WAN CHOON THONG,NO:2,0,,Others,CENTRAL,CENTRAL,3.0082068,101.4459101,cmh,53.4,0.8,33062,CHCRB6,2,2,0,,010-776 7779,Monday: 10:00?AM?–?9:00?PM | Tuesday: 10:00?AM?–?9:00?PM | Wednesday: 10:00?AM?–?9:00?PM | Thursday: 10:00?AM?–?9:00?PM | Friday: 10:00?AM?–?9:00?PM | Saturday: 10:00?AM?–?9:00?PM | Sunday: 10:00?AM?–?9:00?PM,,
CHC300W_023,PASARAYA WENG FOON SDN.BHD.,"NO:7 & 9  JALAN MAKMUR 25/64, TAMAN SRI MUDA",40400,40400 SHAH ALAM,Others,CENTRAL,CENTRAL,3.031959,101.5356,spv,6052.98,14.6,33062,CHCRB10,4.1,2722,0,,03-5121 7970,Monday: 9:00?AM?–?10:00?PM | Tuesday: 9:00?AM?–?10:00?PM | Wednesday: 9:00?AM?–?10:00?PM | Thursday: 9:00?AM?–?10:00?PM | Friday: 9:00?AM?–?10:00?PM | Saturday: 9:00?AM?–?10:00?PM | Sunday: 9:00?AM?–?10:00?PM,https://mydin.my/,
CHC300W_025,WAN SIN,NO:34A,0,,Others,CENTRAL,CENTRAL,3.7679346,100.9824269,spv,519.51,1.4,33062,CHCRB5,0,0,0,,,,,
CHC300W_029,PASARAYA WAI HONG (PUCHONG) SDN. BHD.,"NO:47-1, 49-1, JALAN KENARI 19A,, BANDAR PUCHONG JAYA,",47100,"PUCHONG,",Others,CENTRAL,CENTRAL,3.0446513,101.6230145,cmh,-136.28,2.4,33062,CHCRB11,4.3,6,0,,,Monday: 10:00?AM?–?10:28?PM | Tuesday: 10:00?AM?–?10:28?PM | Wednesday: 10:00?AM?–?10:28?PM | Thursday: 10:00?AM?–?10:28?PM | Friday: 10:00?AM?–?10:28?PM | Saturday: 10:00?AM?–?10:28?PM | Sunday: 10:00?AM?–?10:28?PM,,
CHC300W_035,PASAR RAYA SINAR WAWASAN,"NO: 29 & 31  JALAN 24/C, SEKSYEN 24",40000,40000 SHAH ALAM,Others,CENTRAL,CENTRAL,3.036703,101.5197619,spv,4112.13,12.4,33062,CHCRB7,0,0,0,,,,,
CHC300W_057,WIRO MARKETING SDN. BHD.,NO:41,0,,Others,CENTRAL,CENTRAL,3.0230414,101.5443871,whs,-3135.88,0,33062,CHCRBGEN,3.6,878,0,,03-5121 5577,Monday: 8:00?AM?–?10:00?PM | Tuesday: 8:00?AM?–?10:00?PM | Wednesday: 8:00?AM?–?10:00?PM | Thursday: 8:00?AM?–?10:00?PM | Friday: 8:00?AM?–?10:00?PM | Saturday: 8:00?AM?–?10:00?PM | Sunday: 8:00?AM?–?10:00?PM,https://m.facebook.com/pages/Pasaraya-NSK-Sri-Muda/255475294472181,
CHC300W_064,KAH BAN TRADING SDN BHD,NO.21,0,,Others,CENTRAL,CENTRAL,3.0240182,101.4780562,whs,15253.28,1.6,33062,CHCRBGEN,4,44,0,,03-3374 4873,Monday: 9:00?AM?–?10:00?PM | Tuesday: 9:00?AM?–?10:00?PM | Wednesday: 9:00?AM?–?10:00?PM | Thursday: 9:00?AM?–?10:00?PM | Friday: 3:00?–?10:00?PM | Saturday: 9:00?AM?–?10:00?PM | Sunday: 9:00?AM?–?10:00?PM,,
CHC300W_109,WIN Z MINI MART (PORT KLANG),"NO:5  JALAN SELAT SELATAN 5A, OFF JALAN PANDAMARAN",42000,42000 PELABUHAN KLANG,Others,CENTRAL,CENTRAL,2.99329,101.4197788,spv,124.13,1,33062,CHCRB10,4,530,0,,03-3162 7134,Monday: 8:00?AM?–?10:30?PM | Tuesday: 8:00?AM?–?10:30?PM | Wednesday: 8:00?AM?–?10:30?PM | Thursday: 8:00?AM?–?10:30?PM | Friday: 8:00?AM?–?10:30?PM | Saturday: 8:00?AM?–?10:30?PM | Sunday: 8:00?AM?–?10:30?PM,https://econsave.com.my/,
CHC300W_116,PASARAYA WAI HONG (PUCHONG) SDN. BHD.,"NO:9 & 11, GROUND FLOOR,, JALAN PUTERI 4/7A BANDAR PUTERI PUCHONG,",47100,"PUCHONG,",Others,CENTRAL,CENTRAL,3.0183303,101.6140858,cmh,-72.28,0.8,33062,CHCRB11,4.9,8,0,,011-1228 4557,Monday: 11:00?AM?–?6:00?PM | Tuesday: 11:00?AM?–?6:00?PM | Wednesday: 11:00?AM?–?6:00?PM | Thursday: 11:00?AM?–?6:00?PM | Friday: 11:00?AM?–?6:00?PM | Saturday: 11:00?AM?–?6:00?PM | Sunday: Closed,,
CHC300W_120,WIN GROCER SDN. BHD.,"NO:17G & 19G JALAN AMAN SINARIA 2, BANDAR TROPICANA AMAN",42500,TELOK PANGLIMA GARANG,Others,CENTRAL,CENTRAL,2.9445582,101.5280488,spv,124.13,1,33062,CHCRB10,4.6,227,0,,014-327 3313,Monday: 7:00?AM?–?12:00?AM | Tuesday: 7:00?AM?–?12:00?AM | Wednesday: 7:00?AM?–?12:00?AM | Thursday: 7:00?AM?–?12:00?AM | Friday: 7:00?AM?–?12:00?AM | Saturday: 7:00?AM?–?12:00?AM | Sunday: 7:00?AM?–?12:00?AM,,
CHC300W_143,WOG HEALTHCARE,"MASJID TAMAN SUTERA,, TAMAN SUTERA,",43000,"43000 KAJANG, ",Others,CENTRAL,CENTRAL,2.99409,101.7596283,spv,67.53,0.8,33062,CHCRB7,4.4,58,0,,011-1191 0709,,,
CHC300W_146,WTS THAI MARKETING,"NO:105, BLOCK A, MENTARI BUSINESS PARK,, JALAN PJS 8/5,",46150,"46150 PETALING JAYA,",Others,CENTRAL,CENTRAL,3.075824,101.611842,spv,279.6,4.6,33062,CHCRB11,0,0,0,,,,,
CHC300W_148,PASARAYA WAI HONG SDN. BHD.,"NO:129G & 131G,  JALAN PUJ 3/9,, TAMAN PUNCAK JALIL,",43300,"43300 SERI KEMBANGAN,",Others,CENTRAL,CENTRAL,3.021047,101.675441,spv,238.23,2.8,33062,CHCRB2,4.8,4,0,,017-262 3687,Monday: Closed | Tuesday: 6:00?AM?–?3:00?PM | Wednesday: 6:00?AM?–?3:00?PM | Thursday: 6:00?AM?–?3:00?PM | Friday: 6:00?AM?–?3:00?PM | Saturday: 6:00?AM?–?3:00?PM | Sunday: 6:00?AM?–?3:00?PM,https://m.facebook.com/%E6%97%A5%E6%97%A5%E6%9D%A5%E6%96%B0%E9%B2%9C%E8%82%89%E7%B1%BB%E9%A3%9F%E5%93%81-Daily-Fresh-Foods-Market-106568607767745/,
CHC300W_326,NINSO GLOBAL SDN. BHD.,"C09-05 & 06, BLOCK C LEVEL 9,, SKY PARK ONE CITY,",47650,"JALAN USJ 25/1,",Others,CENTRAL,CENTRAL,3.020594,101.5790789,minika,69202.8,4.8,33062,CHCRBGEN,3.8,291,0,,03-6120 7481,Monday: 8:00?AM?–?10:00?PM | Tuesday: 8:00?AM?–?10:00?PM | Wednesday: 8:00?AM?–?10:00?PM | Thursday: 8:00?AM?–?10:00?PM | Friday: 8:00?AM?–?10:00?PM | Saturday: 8:00?AM?–?10:00?PM | Sunday: 8:00?AM?–?10:00?PM,http://www.nsktrade.com/,
CHC300X_001,PERNIAGAAN XIN LENG SENG,NO:77,0,,Others,CENTRAL,CENTRAL,3.8196496,100.8445148,spv,90.21,1.6,33062,CHCRB5,0,0,0,,,,,
CHC300X_002,XIANG YE TRADING,"NO:14  JALAN SRI TIRAM 13, TAMAN SRI TIRAM",45500,45500 TANJONG KARANG,Others,CENTRAL,CENTRAL,3.4269664,101.2457898,spv,4757.33,2,33062,CHCRB5,0,0,0,,,,,
CHC300X_003,ST NOOI TRADING,NO:29,0,,Others,CENTRAL,CENTRAL,2.9983749,101.4709445,whs,0,0,33062,CHCRBGEN,5,1,0,,,,,
CHC300X_004,XIN LIAN HENG ENTERPRISE,A-G-11,0,,Others,CENTRAL,CENTRAL,3.0065378,101.486665,spv,173.22,2.2,33062,CHCRB10,5,1,0,,017-806 8217,Monday: 9:00?–?10:00?AM | Tuesday: 9:00?AM?–?10:00?PM | Wednesday: 9:00?AM?–?10:00?PM | Thursday: 9:00?AM?–?10:00?PM | Friday: 9:00?AM?–?10:00?PM | Saturday: 9:00?AM?–?10:00?PM | Sunday: 9:00?AM?–?10:00?PM,,
CHC300X_010,XIMPLICITY SDN. BHD.,"LOT 2196 JALAN BARU, KAMPUNG BARU SUNGAI BULOH SEKSYEN U19",40160,SHAH ALAM,Others,CENTRAL,CENTRAL,3.0187816,101.5612683,spv,67.53,0.8,33062,CHCRB7,0,0,0,,,,,
CHC300Y_001,AH XIANG TRADING,NO:44,0,,Others,CENTRAL,CENTRAL,2.7955997,101.4405342,spv,384.81,1.2,33062,CHCRB10,5,2,0,,,,,
CHC300Y_002,KEDAI UBAT DAN MINUMAN KERAS YUNG ANN,NO.23-25,0,,Others,CENTRAL,CENTRAL,3.0426003,101.4483042,cmh,16446.24,3.2,33062,CHCRB6,0,0,0,,,,,
CHC300Y_015,YIN ONN TON,"NO:22-K  JALAN BESAR, 42940 PULAU KETAM",42940,SELANGOR DARUL EHSAN.,Others,CENTRAL,CENTRAL,3.0206814,101.2533253,spv,1673.42,7.6,33062,CHCRB10,0,0,0,,,,,
CHC300Y_016,PERNIAGAAN YONG POH,"NO:17  JALAN SEMILANG, JALAN RABA P.K.N.S",42700,42700 BANTING,Others,CENTRAL,CENTRAL,2.8078752,101.4879721,spv,452.55,6.2,33062,CHCRB10,0,0,0,,,,,
CHC300Y_024,KEDAI UBAT YUN ONN,NO:7,0,,Others,CENTRAL,CENTRAL,3.0574822,101.4593218,cmh,150.48,1.6,33062,CHCRB10,4.5,2,0,,03-3358 3807,Monday: 7:30?AM?–?9:30?PM | Tuesday: 7:30?AM?–?9:30?PM | Wednesday: 7:30?AM?–?9:30?PM | Thursday: 7:30?AM?–?9:30?PM | Friday: 7:30?AM?–?9:30?PM | Saturday: 7:30?AM?–?9:30?PM | Sunday: 7:30?AM?–?9:30?PM,https://www.farmersgreen.com.my/,
CHC300Y_030,CHOP YEE HONG,"NO:66  JALAN BESAR, PEKAN PARIT BARU SG.AYER TAWAR",45100,45100 SABAK BERNAM,Others,CENTRAL,CENTRAL,3.8202113,100.8445072,spv,124.13,1,33062,CHCRB5,0,0,0,,,,,
CHC300Y_035,YEE ONE MART,"NO:58G-60G, JALAN SP 1/2,, BANDAR SAUJAN PUTRA,",42610,"JENJAROM,",Others,CENTRAL,CENTRAL,2.9528959,101.5778072,spv,67.53,0.8,33062,CHCRB10,4,1,0,,,Monday: 7:00?AM?–?12:00?AM | Tuesday: 7:00?AM?–?12:00?AM | Wednesday: 7:00?AM?–?12:00?AM | Thursday: 7:00?AM?–?12:00?AM | Friday: 7:00?AM?–?12:00?AM | Saturday: 7:00?AM?–?12:00?AM | Sunday: 7:00?AM?–?12:00?AM,,
CHC300Y_040,PASARAYA YIN ONN TONG,NO:66,0,,Others,CENTRAL,CENTRAL,3.0699424,101.414081,cmh,3459.12,1.8,33062,CHCRB10,0,0,0,,,Monday: 8:00?AM?–?8:00?PM | Tuesday: 8:00?AM?–?8:00?PM | Wednesday: 8:00?AM?–?8:00?PM | Thursday: 8:00?AM?–?8:00?PM | Friday: 8:00?AM?–?8:00?PM | Saturday: 8:00?AM?–?8:00?PM | Sunday: 8:00?AM?–?8:00?PM,,
CHC300Y_054,YONG LIFE MEDICAL HALL,"NO:6, JALAN CEMPAKA, KAWASAN 6,",42700,"BANTING,",Others,CENTRAL,CENTRAL,2.8112758,101.5012343,cmh,626.73,6,33062,CHCRB10,0,0,0,,,,,
CHC300Y_055,KEDAI UBAT DAN RUNCIT YE SHEN,NO:35,0,,Others,CENTRAL,CENTRAL,3.094686,101.384647,cmh,985.3,5.4,33062,CHCRB6,5,1,0,,,Monday: 9:00?AM?–?6:00?PM | Tuesday: 9:00?AM?–?6:00?PM | Wednesday: 9:00?AM?–?6:00?PM | Thursday: 9:00?AM?–?6:00?PM | Friday: 9:00?AM?–?6:00?PM | Saturday: 9:00?AM?–?6:00?PM | Sunday: Closed,,
CHC300Y_056,KEDAI UBAT DAN RUNCIT YONG XIN,NO.89,0,,Others,CENTRAL,CENTRAL,3.0771813,101.4485417,cmh,1391.92,6.6,33062,CHCRB6,0,0,0,,,,,
CHC300Y_060,YZ LIFE SDN. BHD.,"NO:42A  JALAN LAGENDA 15, TAMAN LAGENDA MAS  BATU 9",43200,43200 CHERAS  SELANGOR,Others,CENTRAL,CENTRAL,3.066751,101.7591588,spv,93.3,1.8,33062,CHCRB7,4,3970,0,,03-9100 2010,Monday: 8:30?AM?–?10:30?PM | Tuesday: 8:30?AM?–?10:30?PM | Wednesday: 8:30?AM?–?10:30?PM | Thursday: 8:30?AM?–?10:30?PM | Friday: 8:30?AM?–?10:30?PM | Saturday: 8:30?AM?–?10:30?PM | Sunday: 8:30?AM?–?10:30?PM,http://www.mycs.com.my/,
CHC300Y_062,KEDAI YONG CHEONG,"NO:200, JALAN BESAR,",42800,"TANJUNG SEPAT,",Others,CENTRAL,CENTRAL,2.659749,101.561928,spv,214.11,4,33062,CHCRB10,0,0,0,,,,,
CHC300Y_064,YEEN MENG TRADING,NO.39,0,,Others,CENTRAL,CENTRAL,2.9072373,101.4610839,spv,581.04,12.4,33062,CHCRB10,0,0,0,,,,,
CHC300Y_068,YUAN XIN ENTERPRISE,"NO:150, BAGAN SEKINCHAN,",45400,"45400 SEKINCHAN,",Others,CENTRAL,CENTRAL,3.504379,101.099571,spv,124.13,1,33062,CHCRB5,0,0,0,,,,,
CHC300Y_075,YU LEA CHEE,"NO:16, JALAN 14/KU4,, TAMAN SEMENTA BESTARI(L/A 2740),","42100 ,","KLANG,",Others,CENTRAL,CENTRAL,3.0869298,101.3974191,spv,3438.16,13,33062,CHCRB6,0,0,0,,,,,
CHC300Y_080,YS FRESHMARKET WHOLESALE,"PT.1618-1619 TINGKAT BAWAH, MEDAN SUNGAI BESAR, SELANGOR D.E.",45300,JALAN SUNGAI LIMAU,Others,CENTRAL,CENTRAL,3.6729932,100.9873327,lpv,2637.56,8,33062,CHCRB5,0,0,0,,,,,
CHC300Y_121,YONG CHUEN TRADING,"NO.53 JALAN PERLING 2, PANTAI SEPANG PUTRA",43950,43950 SUNGAI PELEK,Others,CENTRAL,CENTRAL,2.6291056,101.7073981,spv,459.76,7.2,33062,CHCRB1,0,0,0,,,,,
CHC300Y_145,YALLA MALAYSIA SDN. BHD.,"C1-G-9  CENTRUS SOHO 1  CBD PERDANA 3, PERSIARAN CYBERPOINT TIMUR  CYBER 12",63000,CYBERJAYA,Others,CENTRAL,CENTRAL,2.9291704,101.6536914,spv,124.13,1,33062,CHCRB11,0,0,0,,,,,
CHC300Y_147,YK SEMENTA TRADING,"NO:D-20, BWH, JALAN SEMENTA UTAMA,, BATU 7 OFF JALAN KAPAR,",42100,"KLANG,",Others,CENTRAL,CENTRAL,3.0934173,101.3791773,spv,56.6,0.4,33062,CHCRB6,2.8,5,0,,016-222 9002,Monday: Open 24 hours | Tuesday: Open 24 hours | Wednesday: Open 24 hours | Thursday: Open 24 hours | Friday: Open 24 hours | Saturday: Open 24 hours | Sunday: Open 24 hours,,
CHC300Y_150,YT HEALTH AND BEAUTY,"NO:41, JALAN 2/4,, TAMAN SERI JAROMAS,",42600,"JENJAROM,",Others,CENTRAL,CENTRAL,2.8762435,101.5026484,oth,1131.7,5.8,33062,CHCRB10,0,0,0,,,,,
CHC300Y_152,YAOYA GROCER SDN. BHD.,"NO:12A-G, JALAN SP 3/5,, TAMAN SAUJANA PUCHONG,",47100,"PUCHONG,",Others,CENTRAL,CENTRAL,2.9895982,101.6382204,spv,124.13,1,33062,CHCRB11,0,0,0,,012-328 5595,Monday: 8:00?AM?–?8:00?PM | Tuesday: 8:00?AM?–?8:00?PM | Wednesday: 8:00?AM?–?8:00?PM | Thursday: 8:00?AM?–?8:00?PM | Friday: 8:00?AM?–?8:00?PM | Saturday: 8:00?AM?–?8:00?PM | Sunday: 8:00?AM?–?8:00?PM,https://www.facebook.com/malmartmarket/,
CHC300Y_160,YUN HEE TRADING (M) SDN. BHD.,"NO:6-14, JALAN SBBC 2,, SUNGAI BESAR BUSINESS CENTRE,",45300,"45300 SUNGAI BESAR,",Others,CENTRAL,CENTRAL,3.674273,100.98764,spv,528.53,2.2,33062,CHCRB5,0,0,0,,,,,
CHC300Y_165,YAM MENG KEONG MART SDN. BHD.,"NO:7&9, LORONG SUNGAI DUA BESAR 1,, BATU 5 1/2,",42100,"KAPAR, KLANG,",Others,CENTRAL,CENTRAL,3.088715,101.394699,spv,3324.3,4.2,33062,CHCRB6,0,0,0,,,,,
CHC300Y_166,YEE ONE TRADING SDN. BHD.,"NO:G4&G5&G6, JALAN PUTRA PERDANA 5E,, TAMAN PUTRA PERDANA,",47130,"PUCHONG, ",Others,CENTRAL,CENTRAL,2.9428903,101.6147428,spv,0,0,33062,CHCRB11,3.9,1042,0,,03-8319 3189,Monday: 8:00?AM?–?9:30?PM | Tuesday: 8:00?AM?–?9:30?PM | Wednesday: 8:00?AM?–?9:30?PM | Thursday: 8:00?AM?–?9:30?PM | Friday: 8:00?AM?–?9:30?PM | Saturday: 8:00?AM?–?9:30?PM | Sunday: 8:00?AM?–?9:30?PM,,
CHC300Y_262,YANG MA ENTERPRISE,"KIN -G-20, CLUBHOUSE THE MULIA, RESIDENCES, JALAN MULIA 1,",63000,"PERSIARAN SEPANG, CYBER 10,",Others,CENTRAL,CENTRAL,3.0926875,101.3906385,spv,67.53,0.8,33062,CHCRB11,0,0,0,,,,,
CHC300Z_003,FARMASI ZULI SDN. BHD.,NO:210,0,,Others,CENTRAL,CENTRAL,3.0436948,101.4267256,oth,308.38,5.6,33062,CHCRB7,3.8,14,0,,016-210 5457,Monday: 11:00?AM?–?8:00?PM | Tuesday: 11:00?AM?–?8:00?PM | Wednesday: 11:00?AM?–?8:00?PM | Thursday: 11:00?AM?–?8:00?PM | Friday: 11:00?AM?–?8:00?PM | Saturday: 11:00?AM?–?8:00?PM | Sunday: 11:00?AM?–?8:00?PM,,
CHC300Z_004,KEDAI RUNCIT ZURINAH (MERU),NO:71,0,,Others,CENTRAL,CENTRAL,3.1183948,101.4390219,spv,56.6,0.4,33062,CHCRB6,4.1,58,0,ChIJFRlCiFlRzDERTFx30MQyV5I,03-3392 8214,Monday: 6:00?AM?–?10:00?PM | Tuesday: 6:00?AM?–?10:00?PM | Wednesday: 6:00?AM?–?10:00?PM | Thursday: 6:00?AM?–?10:00?PM | Friday: 6:00?AM?–?10:00?PM | Saturday: 6:00?AM?–?10:00?PM | Sunday: 6:00?AM?–?10:00?PM,,
CHC300Z_005,KEDAI RUNCIT ZURINAH (3),"NO:41G  JALAN SETIA INDAH, XU B/X  JALAN SETIA ALAM",0,40170 SHAH ALAM,Others,CENTRAL,CENTRAL,3.098905,101.4617,spv,245.69,6,33062,CHCRB6,0,0,0,,016-675 3375,Monday: Closed | Tuesday: 6:30?AM?–?12:00?PM | Wednesday: 6:30?AM?–?12:00?PM | Thursday: 6:30?AM?–?12:00?PM | Friday: 6:30?AM?–?12:00?PM | Saturday: 6:30?AM?–?12:00?PM | Sunday: 6:30?AM?–?12:00?PM,,
CHC300Z_006,KEDAI RUNCIT ZURINA,LOT 2400,0,,Others,CENTRAL,CENTRAL,3.1195909,101.446814,spv,171.83,3,33062,CHCRB6,4.1,58,0,,03-3392 8214,Monday: 6:00?AM?–?10:00?PM | Tuesday: 6:00?AM?–?10:00?PM | Wednesday: 6:00?AM?–?10:00?PM | Thursday: 6:00?AM?–?10:00?PM | Friday: 6:00?AM?–?10:00?PM | Saturday: 6:00?AM?–?10:00?PM | Sunday: 6:00?AM?–?10:00?PM,,
CHC300Z_009,PASARAYA ZAHIR,"NO 16 LORONG TERATAI 2/12, BANDAR BARU",45000,45000 KUALA SELANGOR,Others,CENTRAL,CENTRAL,3.3228114,101.2612245,spv,858.92,3,33062,CHCRB5,0,0,0,,019-245 9115,Monday: 8:30?AM?–?8:00?PM | Tuesday: 8:30?AM?–?8:00?PM | Wednesday: 8:30?AM?–?8:00?PM | Thursday: 8:30?AM?–?8:00?PM | Friday: 8:30?AM?–?8:00?PM | Saturday: 8:30?AM?–?8:00?PM | Sunday: 8:30?AM?–?8:00?PM,,
CHC300Z_026,ZETCOM LAND SDN. BHD.,KM 62,0,,Others,CENTRAL,CENTRAL,2.8343172,101.598008,spv,2091.28,12.6,33062,CHCRB10,4,46,2,,03-3149 1236,Monday: Open 24 hours | Tuesday: Open 24 hours | Wednesday: Open 24 hours | Thursday: Open 24 hours | Friday: Open 24 hours | Saturday: Open 24 hours | Sunday: Open 24 hours,https://find.shell.com/my/fuel/11548568-shell-olak-lempit/en_MY,
CHC300Z_071,ZHT TRADING,"NO:8, JALAN SB INDAH 1,, TAMAN SUNGAI BESI INDAH,",43300,"SERI KEMBANGAN,",Others,CENTRAL,CENTRAL,3.0282641,101.7224564,cmh,202.85,2.8,33062,CHCRB2,0,0,0,,,,,
CHC300Z_072,ZARIF MINI MART,"G-11, MENARA U, NO:2,, JALAN BOLING PADANG 13/02, SEKSYEN 13,",40100,"SHAH ALAM,",Others,CENTRAL,CENTRAL,3.0760631,101.5513458,spv,80.88,1.4,33062,CHCRB7,0,0,0,,,,,
CHC300Z_073,ZOOMMATO OFFICE SUPPLIES,"NO:22, JALAN WAWASAN 3/4,, PUSAT BANDAR PUCHONG,",47100,"PUCHONG,",Others,CENTRAL,CENTRAL,3.0353139,101.6222944,whs,1316.49,1,33062,CHCRB11,0,0,0,,,,,
CHC301S_020,SEAWEED NHD ENTERPRISE,"NO:16, JALAN MERPATI 10,, BANDAR PUCHONG JAYA,",47100,,Others,CENTRAL,CENTRAL,3.0926906,101.3906519,spv,67.53,0.8,33062,CHCRB11,0,0,0,,,,,
CHCA68012,PASARAYA AIK SING,"NO:7G-9G-11G-11AG MEDAN BUKIT INDAH, TAMAN BUKIT INDAH",68000,AMPANG,Others,CENTRAL,CENTRAL,3.1535912,101.7742648,lpv,1351.07,4.8,33062,CHCRBGEN,0,0,0,,,,,
CHCCT3211005695,XIN ZHUAN HIN TRADING SDN BHD,"NO:48, JALAN MAS JAYA 2,, KAWASAN PERUSAHAAN MAS JAYA,",52100,"CHERAS,",Others,CENTRAL,CENTRAL,3.07145,101.777405,whs,73077.36,5.8,33062,CHCRB7,0,0,0,,,,,
CHCCT3211005851,PASARAYA ALAM JAYA S/B,"NO.64-70 JALAN ALAM JAYA 15, TAMAN ALAM JAYA B 8 1/2 CHERAS",43200,43200 KAJANG  SELANGOR,Others,CENTRAL,CENTRAL,3.0805655,101.764821,lpv,1648.63,10.2,33062,CHCRB2,3.7,20,0,,012-651 0269,Monday: Closed | Tuesday: 7:00?AM?–?3:30?PM | Wednesday: 7:00?AM?–?3:30?PM | Thursday: 7:00?AM?–?3:30?PM | Friday: 7:00?AM?–?3:30?PM | Saturday: 7:00?AM?–?3:30?PM | Sunday: 7:00?AM?–?3:30?PM,https://m.me/ddfreshmeat?ref=w13673615,
CHCCT3211005857,ZHONG CHENG HERB & FOOD,"G31-33 JALAN SP2 TAMAN SEGAR PERDANA, 43200 CHERAS SELANGOR",43200,,Others,CENTRAL,CENTRAL,3.0918181,101.7617583,cmh,131.46,2.8,33062,CHCRB7,0,0,0,,,,,
CHCCT3211005893,YOUNG GREEN HEALTHY MART SDN BHD,"NO.215 JALAN SARJANA, TAMAN CONNAUGHT",56000,56000 CHERAS  KUALA LUMPUR,Others,CENTRAL,CENTRAL,3.082287,101.734192,cmh,112.03,2.8,33062,CHCRB7,5,1,0,,,,,
CHCCT3211005912,CHOP HOE GUAN,"NO.32BATU 18, HULU LANGAT",43100,43100 KAJANG SELANGOR,Others,CENTRAL,CENTRAL,3.1651916,101.8479,spv,259.24,2.6,33062,CHCRB7,0,0,0,,,"Monday: Open 24 hours | Tuesday: Open 24 hours | Wednesday: Open 24 hours | Thursday: Open 24 hours | Friday: 2:11?–?6:11?PM, 6:12?PM?–?12:00?AM | Saturday: Open 24 hours | Sunday: Open 24 hours",,
CHCCT3211005913,SYKT PERNIAGAAN SOON HUAT,"NO.33 BATU 18 KUALA HUI, PEKAN HULU LANGAT",43100,43100 KAJANG  SELANGOR,Others,CENTRAL,CENTRAL,3.164927,101.847917,spv,195.34,3.8,33062,CHCRB7,0,0,0,,,"Monday: Open 24 hours | Tuesday: Open 24 hours | Wednesday: Open 24 hours | Thursday: Open 24 hours | Friday: 2:11?–?6:11?PM, 6:12?PM?–?12:00?AM | Saturday: Open 24 hours | Sunday: Open 24 hours",,
CHCCT3211005979,ZAI ENTERPRISE,"NO 28 PEKAN BATU 18, 43100 HULU LANGAT",43100,SELANGOR DARUL EHSAN,Others,CENTRAL,CENTRAL,3.1653245,101.8480921,spv,149.72,4,33062,CHCRB7,0,0,0,,,"Monday: Open 24 hours | Tuesday: Open 24 hours | Wednesday: Open 24 hours | Thursday: Open 24 hours | Friday: 2:11?–?6:11?PM, 6:12?PM?–?12:00?AM | Saturday: Open 24 hours | Sunday: Open 24 hours",,
CHCCT3211006064,JUMMA MINI MART,"NO.3 JALAN ORKID 4, TAMAN ORKID",43200,43200 CHERAS  SELANGOR,Others,CENTRAL,CENTRAL,3.0775099,101.766167,spv,738.35,6.4,33062,CHCRB7,1,1,0,,03-9080 7550,Monday: 9:00?AM?–?8:00?PM | Tuesday: 9:00?AM?–?8:00?PM | Wednesday: 9:00?AM?–?8:00?PM | Thursday: 9:00?AM?–?8:00?PM | Friday: 9:00?AM?–?8:00?PM | Saturday: 9:00?AM?–?8:00?PM | Sunday: 9:00?AM?–?8:00?PM,,
CHCCT3211006073,V MART (SHAMELIN),"NO.107-1  JALAN 1/91, TAMAN SHAMELIN PERKASA",56100,CHERAS 56100 KUALA LUMPUR,Others,CENTRAL,CENTRAL,3.127563,101.736252,spv,242.37,5.2,33062,CHCRB7,0,0,0,,,,,
CHCCT3211006074,HAVVA MINI MART (SHAMELIN STAR ),"G-18 SHAMELIN STAR RESIDANCE, TAMAN SHAMELIN PREKASA",56100,56100 CHERAS KUALA LUMPUR,Others,CENTRAL,CENTRAL,3.125615,101.735615,spv,1228.08,10.4,33062,CHCRB7,0,0,0,,,,,
CHCCT3211006110,PASARAYA CHOP LEE KWAN (DP) SDN. BHD.,"NO.11-15 JALAN DAMAI PERDANA 1/8C, BANDAR DAMAI PERDANA",56000,56000 CHERAS  KUALA LUMPUR,Others,CENTRAL,CENTRAL,3.046813,101.7406804,lpv,1103.45,2.8,33062,CHCRB7,4.2,19,0,,016-336 5446,Monday: 8:00?AM?–?8:00?PM | Tuesday: 8:00?AM?–?8:00?PM | Wednesday: 8:00?AM?–?8:00?PM | Thursday: 8:00?AM?–?8:00?PM | Friday: 8:00?AM?–?8:00?PM | Saturday: 8:00?AM?–?8:00?PM | Sunday: 8:00?AM?–?8:00?PM,,
CHCCT3211006175,WNF ONE ENTERPRISE,"A-G-20 NO.6 JLN SRI PERMAISURI 1, BANDAR PERMAISURI",56000,K.L 56000 W.PERSEKUTUAN,Others,CENTRAL,CENTRAL,3.0981475,101.7103986,spv,145.06,2,33062,CHCRB7,5,1,0,,017-211 3176,Monday: Open 24 hours | Tuesday: Open 24 hours | Wednesday: Open 24 hours | Thursday: Open 24 hours | Friday: Open 24 hours | Saturday: Open 24 hours | Sunday: Open 24 hours,http://www.wassap.my/60172113176/hazarahent,
CHCCT3211006234,HOCK KWON SDN BHD,"NO.16 JALAN 1/95, TAMAN CHERAS",56100,56100 KUALA LUMPUR,Others,CENTRAL,CENTRAL,3.100731,101.742522,spv,1014.24,8,33062,CHCRB7,3.2,12,0,,03-9133 9866,Monday: 10:00?AM?–?6:30?PM | Tuesday: 10:00?AM?–?6:30?PM | Wednesday: 10:00?AM?–?6:30?PM | Thursday: 10:00?AM?–?6:30?PM | Friday: 10:00?AM?–?6:30?PM | Saturday: 10:00?AM?–?6:30?PM | Sunday: 10:00?AM?–?2:00?PM,,
CHCCT3211006258,MAHA MINI MARKET,"NO.16 JALAN PERDANA 2/3A, PANDAN PERDANA",53300,53300 KUALA LUMPUR,Others,CENTRAL,CENTRAL,3.116019,101.739728,spv,276.85,5.2,33062,CHCRB7,5,1,0,,017-439 6665,Monday: Open 24 hours | Tuesday: Open 24 hours | Wednesday: Open 24 hours | Thursday: Open 24 hours | Friday: Open 24 hours | Saturday: Open 24 hours | Sunday: Open 24 hours,http://www.icomecome.com/,
CHCCT3211006297,WENG SOON MINI MART,"NO 51 JALAN BUNGA, TANJUNG 18 TAMAN RAYA",56100,56100 KUALA LUMPUR,Others,CENTRAL,CENTRAL,3.1152453,101.7614034,spv,180.73,1.2,33062,CHCRB7,4.2,31,0,,03-4295 3233,Monday: 7:30?AM?–?7:00?PM | Tuesday: 7:30?AM?–?7:00?PM | Wednesday: 7:30?AM?–?7:00?PM | Thursday: 7:30?AM?–?7:00?PM | Friday: 7:30?AM?–?7:00?PM | Saturday: 7:30?AM?–?7:00?PM | Sunday: 7:30?AM?–?2:00?PM,,
CHCCT3211006685,KEDAI UBAT & PASAR MINI KWONG FATT,"NO.71 JALAN 2, TAMAN LESEN",56000,56000 CHERAS KUALA LUMPUR,Others,CENTRAL,CENTRAL,3.0758851,101.7434356,spv,124.13,1,33062,CHCRB7,4.3,533,0,,,Monday: Open 24 hours | Tuesday: Open 24 hours | Wednesday: Open 24 hours | Thursday: Open 24 hours | Friday: Open 24 hours | Saturday: Open 24 hours | Sunday: Open 24 hours,,
CHCCT3211006751,CONTINENTAL FROZEN PLT,"NO.21 GROUND JALAN EMAS, TAMAN EMAS 43200 BATU 9 CHERAS",43200,KAJANG  SELANGOR MALAYSIA,Others,CENTRAL,CENTRAL,3.0789405,101.7637755,spv,265.27,6.4,33062,CHCRB7,1,1,0,,03-9080 7550,Monday: 9:00?AM?–?8:00?PM | Tuesday: 9:00?AM?–?8:00?PM | Wednesday: 9:00?AM?–?8:00?PM | Thursday: 9:00?AM?–?8:00?PM | Friday: 9:00?AM?–?8:00?PM | Saturday: 9:00?AM?–?8:00?PM | Sunday: 9:00?AM?–?8:00?PM,,
CHCCT3211006886,TAJ MINI MARKET,"BLOCK D 00-18 PANGSAPURI PENARA, BANDAR SRI PERMAISURI  CHERAS",56000,56000 KUALA LUMPUR,Others,CENTRAL,CENTRAL,3.099387,101.709206,spv,129.36,3.4,33062,CHCRB7,5,1,0,,017-211 3176,Monday: Open 24 hours | Tuesday: Open 24 hours | Wednesday: Open 24 hours | Thursday: Open 24 hours | Friday: Open 24 hours | Saturday: Open 24 hours | Sunday: Open 24 hours,http://www.wassap.my/60172113176/hazarahent,
CHCCT3211007134,POH WAH TRADING COMPANY,"42C MEDAN DAMAI, TAMAN DAMAI JAYA CHERAS",43200,43200 KAJANG SELANGOR,Others,CENTRAL,CENTRAL,3.063576,101.767323,whs,0,0,33062,CHCRB2,4,849,0,,,Monday: 8:00?AM?–?10:00?PM | Tuesday: 8:00?AM?–?10:00?PM | Wednesday: 8:00?AM?–?10:00?PM | Thursday: 8:00?AM?–?10:00?PM | Friday: 8:00?AM?–?10:00?PM | Saturday: 8:00?AM?–?10:00?PM | Sunday: 8:00?AM?–?10:00?PM,http://www.nsktrade.com/,
CHCGN26,NSK TRADING (MERU) SDN BHD,"NO:2-32, JALAN MERANTI SUTERA, 1 KU/10, PEKAN MERU,",41050,"KLANG,",NSK,CENTRAL,CENTRAL,3.1388679,101.4399741,smt,42334.12,19.4,33062,CHCRB9,3.5,2,0,,017-889 8902,Monday: 9:00?AM?–?8:00?PM | Tuesday: 9:00?AM?–?8:00?PM | Wednesday: 9:00?AM?–?8:00?PM | Thursday: 9:00?AM?–?8:00?PM | Friday: 9:00?AM?–?8:00?PM | Saturday: 9:00?AM?–?8:00?PM | Sunday: 9:00?AM?–?8:00?PM,http://www.garambuluh.net/,
CHCH227,HIN ONE ENTERPRISE,"NO:9 JALAN PINGGIRAN MINANG 3, TAMAN MINANG CHERAS",56000,KUALA LUMPUR.,Others,CENTRAL,CENTRAL,3.057761,101.749275,whs,-561,0,33062,CHCRBGEN,0,0,0,,,,,
CHCLN11,GEDUNG PEMBORONG - S7(CJ),"LOT 10, JALAN CJ3,, KAWASAN PERINDUSTRIAN CHERAS JAYA,",43200,"43200 CHERAS,",NSK,CENTRAL,CENTRAL,3.0218912,101.7651855,smt,54530.58,30.4,33062,CHCRB3,3.7,340,0,,03-9074 2629,Monday: 9:00?AM?–?10:00?PM | Tuesday: 9:00?AM?–?10:00?PM | Wednesday: 9:00?AM?–?10:00?PM | Thursday: 9:00?AM?–?10:00?PM | Friday: 9:00?AM?–?10:00?PM | Saturday: 9:00?AM?–?10:00?PM | Sunday: 9:00?AM?–?10:00?PM,http://www.super7.com.my/,
CHCLT10,PASARAYA BORONG NSK,"NO:20-G, 20-A (1ST FLLOR)& 21-G, JALAN, A25/A, TAMAN PERINDUSTRIAN AXIS, SEK 25,",40400,"SHAH ALAM,",NSK,CENTRAL,CENTRAL,3.0259751,101.5429089,smt,23171.4,19,33062,CHCRB9,3.6,878,0,,03-5121 5577,Monday: 8:00?AM?–?10:00?PM | Tuesday: 8:00?AM?–?10:00?PM | Wednesday: 8:00?AM?–?10:00?PM | Thursday: 8:00?AM?–?10:00?PM | Friday: 8:00?AM?–?10:00?PM | Saturday: 8:00?AM?–?10:00?PM | Sunday: 8:00?AM?–?10:00?PM,https://m.facebook.com/pages/Pasaraya-NSK-Sri-Muda/255475294472181,
CHCMN52,NSK TRADING SDN BHD - KLANG,"LOT 10367, JALAN SUNGAI JATI,, MUKIM KLANG, KLANG SELATAN(KS2),",41200,"KLANG, BANDAR DIRAJA,",NSK,CENTRAL,CENTRAL,3.008254,101.4790977,smt,169789.31,47.8,33062,CHCRB9,3.9,879,0,,03-5161 3033,Monday: 8:00?AM?–?10:00?PM | Tuesday: 8:00?AM?–?10:00?PM | Wednesday: 8:00?AM?–?10:00?PM | Thursday: 8:00?AM?–?10:00?PM | Friday: 8:00?AM?–?10:00?PM | Saturday: 8:00?AM?–?10:00?PM | Sunday: 8:00?AM?–?10:00?PM,http://www.nsktrade.com/,
CHCTSTA56032,PASARAYA AJ DAMAI,"8 & 9 JLN DAMAI PERDANA 5/1B, BANDAR DAMAI PERDANA",56000,CHERAS KUALA LUMPUR,Others,CENTRAL,CENTRAL,3.054307,101.74372,spv,2957.49,9.6,33062,CHCRB7,3.8,4,0,,03-9101 4805,Monday: 8:30?AM?–?10:00?PM | Tuesday: 8:30?AM?–?10:00?PM | Wednesday: 8:30?AM?–?10:00?PM | Thursday: 8:30?AM?–?10:00?PM | Friday: 8:30?AM?–?10:00?PM | Saturday: 8:30?AM?–?10:00?PM | Sunday: 8:30?AM?–?10:00?PM,,
CHCTSTA56039,AL AIN MINI MARKET,"AO-38 PANGSA SIRI, PENARA BDR PERMAISURI CHERAS",56100,KUALA LUMPUR,Others,CENTRAL,CENTRAL,3.0971055,101.7093509,spv,278.58,4.8,33062,CHCRB7,5,1,0,,017-211 3176,Monday: Open 24 hours | Tuesday: Open 24 hours | Wednesday: Open 24 hours | Thursday: Open 24 hours | Friday: Open 24 hours | Saturday: Open 24 hours | Sunday: Open 24 hours,http://www.wassap.my/60172113176/hazarahent,
CHCTSTA56044,PASARAYA AJ DAMAI (CAWANGAN ALAM DAMAI),"CAWANGA ALAM DAMAI, NO:5  JALAN DAMAI RAYA 1.",56000,ALAM DAMAI CHERAS KL,Others,CENTRAL,CENTRAL,3.0617305,101.7435953,spv,2081.9,9,33062,CHCRB7,1,1,0,,,Monday: 9:00?AM?–?12:00?PM | Tuesday: 9:00?AM?–?12:00?PM | Wednesday: 9:00?AM?–?12:00?PM | Thursday: 9:00?AM?–?12:00?PM | Friday: 9:00?AM?–?12:00?PM | Saturday: 9:00?AM?–?12:00?PM | Sunday: Closed,https://www.facebook.com/freshsuplier/?hc_ref=ARS88LOagI1z8uNNAv5PjScLOr8eqQfTVL7uzARbO6MekFYrOtKUPvVL_ri0xY_8mhI&fref=nf&ft[tn]=kC-R-R&ft[qid]=6482990544940467024&ft[mf_story_key]=-3802791555092072915&ft[is_sponsored]=1&ft[ei]=AI%40cc69f2f59e39db35f89751976966d875&ft[top_level_post_id]=1402766219846862&ft[call_to_action_type]=GET_DIRECTIONS&ft[page_id]=1400416593415158&ft[fbfeed_location]=1&__md__=1,
CHCTSTB43047,BASIC ACCORD SDN BHD,"NO 21 JALAN ORKID 4, TAMAN ORKID CHERAS",43200,SELANGOR,Others,CENTRAL,CENTRAL,3.0780365,101.7664138,whs,35047.53,1.2,33062,CHCRB7,1,1,0,,03-9080 7550,Monday: 9:00?AM?–?8:00?PM | Tuesday: 9:00?AM?–?8:00?PM | Wednesday: 9:00?AM?–?8:00?PM | Thursday: 9:00?AM?–?8:00?PM | Friday: 9:00?AM?–?8:00?PM | Saturday: 9:00?AM?–?8:00?PM | Sunday: 9:00?AM?–?8:00?PM,,
CHCTSTB56004,KEDAI BAN CHEONG *,"40 JLN KASKAS TIGA, TAMAN CHERAS",56100,KUALA LUMPUR,Others,CENTRAL,CENTRAL,3.1010543,101.7418478,spv,219.78,4.8,33062,CHCRB7,3.2,12,0,,03-9133 9866,Monday: 10:00?AM?–?6:30?PM | Tuesday: 10:00?AM?–?6:30?PM | Wednesday: 10:00?AM?–?6:30?PM | Thursday: 10:00?AM?–?6:30?PM | Friday: 10:00?AM?–?6:30?PM | Saturday: 10:00?AM?–?6:30?PM | Sunday: 10:00?AM?–?2:00?PM,,
CHCTSTB56008,BAN SOON HENG TRADING,"58 JLN MEDAN MIDAH, TAMAN MIDAH",56000,CHERAS K.L,Others,CENTRAL,CENTRAL,3.1006349,101.7329128,cmh,1127.3,5.4,33062,CHCRB7,3.9,8311,0,,012-621 5120,Monday: 8:00?AM?–?10:00?PM | Tuesday: 8:00?AM?–?10:00?PM | Wednesday: 8:00?AM?–?10:00?PM | Thursday: 8:00?AM?–?10:00?PM | Friday: 8:00?AM?–?10:00?PM | Saturday: 8:00?AM?–?10:00?PM | Sunday: 8:00?AM?–?10:00?PM,https://corp.lotuss.com.my/store/lotuss-cheras,
CHCTSTD55001,KEDAI UBAT & RUNCIT DESA,"DESA PANDAN TRADING, 11G JLN  BUNGA CEMPAKA 6A",56100,TAMAN MUDA CHERAS K.L,Others,CENTRAL,CENTRAL,3.1266664,101.7373292,spv,180.73,1.2,33062,CHCRB7,0,0,0,,,,,
CHCTSTF56005,KEDAI UBAT & RUNCIT FOOK YAU,"NO:810  & 12 JALAN 1/95, TAMAN CHERAS",56100,KUALA LUMPUR,Others,CENTRAL,CENTRAL,3.1007089,101.7424936,cmh,191.04,4.8,33062,CHCRB7,3.2,12,0,,03-9133 9866,Monday: 10:00?AM?–?6:30?PM | Tuesday: 10:00?AM?–?6:30?PM | Wednesday: 10:00?AM?–?6:30?PM | Thursday: 10:00?AM?–?6:30?PM | Friday: 10:00?AM?–?6:30?PM | Saturday: 10:00?AM?–?6:30?PM | Sunday: 10:00?AM?–?2:00?PM,,
CHCTSTF56008,KEDAI UBAT&RUNCIT FOOK SENG ENTERPRISE,"39 JALAN BUNGA CEMPAKA, 6A TAMAN MUDA CHERAS",56100,KUALA LUMPUR,Others,CENTRAL,CENTRAL,3.1176784,101.753213,spv,260.26,2.4,33062,CHCRB7,0,0,0,,,,,
CHCTSTH43002,SYKT PERN.HOONG LEONG SDN BHD,"NO:82, JALAN ALAM JAYA 15,, TAMAN ALAM JAYA,, SELANGOR",43200,SELANGOR,Others,CENTRAL,CENTRAL,3.07926,101.763916,whs,218581.66,4.8,33062,CHCRB7,1,1,0,,03-9080 7550,Monday: 9:00?AM?–?8:00?PM | Tuesday: 9:00?AM?–?8:00?PM | Wednesday: 9:00?AM?–?8:00?PM | Thursday: 9:00?AM?–?8:00?PM | Friday: 9:00?AM?–?8:00?PM | Saturday: 9:00?AM?–?8:00?PM | Sunday: 9:00?AM?–?8:00?PM,,
CHCTSTH56025,HON KEAN SDN. BHD.,"23-G JALAN MANIS 3, TAMAN SEGAR",56100,KUALA LUMPUR,Others,CENTRAL,CENTRAL,3.0894453,101.7435308,whs,6949.73,6.8,33062,CHCRB3,4.9,52,0,,011-6932 3288,Monday: 10:00?AM?–?10:00?PM | Tuesday: 10:00?AM?–?10:00?PM | Wednesday: 10:00?AM?–?10:00?PM | Thursday: 10:00?AM?–?10:00?PM | Friday: 10:00?AM?–?10:00?PM | Saturday: 10:00?AM?–?10:00?PM | Sunday: 10:00?AM?–?10:00?PM,,
CHCTSTJ43004,PASAR MINI JEMPA (16),"NO 16 PERSIARAN INTAN, TAMAN SRI NANDING",43100,HULU LANGAT SELANGOR,Others,CENTRAL,CENTRAL,3.1031756,101.8062133,spv,193.21,3.6,33062,CHCRB7,0,0,0,,,,,
CHCTSTJ43014,KEDAI RUNCIT & ALAT TULIS MSS,"(DIKENALI JKK), GERAI PLB NO 1 DUSUN TUA",43100,HULU LANGAT SELANGOR,Others,CENTRAL,CENTRAL,3.1378116,101.8351,spv,251.77,6.4,33062,CHCRB7,0,0,0,,,,,
CHCTSTJ55001,PASAR MINI JAITHOON,"2 JALAN PANDAN 8/B, PANDAN JAYA",55100,MUKIM OF AMPANG SELANGOR,Others,CENTRAL,CENTRAL,3.1394333,101.7392242,spv,1675.44,10.8,33062,CHCRB7,0,0,0,,,,,
CHCTSTJ56001,JING YONG MEDICINE SDN BHD *,"NO 75 JALAN 34/154, TAMAN DAHLIA",56000,CHERAS KUALA LUMPUR,Others,CENTRAL,CENTRAL,3.0577477,101.7493902,cmh,163.55,2.2,33062,CHCRB7,0,0,0,,,,,
CHCTSTK56013,KEDAI UBAT DAN RUNCIT KIM LOY,"56 JALAN MEDAN MIDAH, TAMAN MIDAH CHERAS",56000,KUALA LUMPUR,Others,CENTRAL,CENTRAL,3.1006283,101.7329782,cmh,3013.58,5.2,33062,CHCRB7,3.9,8311,0,,012-621 5120,Monday: 8:00?AM?–?10:00?PM | Tuesday: 8:00?AM?–?10:00?PM | Wednesday: 8:00?AM?–?10:00?PM | Thursday: 8:00?AM?–?10:00?PM | Friday: 8:00?AM?–?10:00?PM | Saturday: 8:00?AM?–?10:00?PM | Sunday: 8:00?AM?–?10:00?PM,https://corp.lotuss.com.my/store/lotuss-cheras,
CHCTSTM56058,KEDAI UBAT MING LOONG SDN BHD,"NO 34 JALAN KASKAS 3, TAMAN CHERAS",56100,KUALA LUMPUR,Others,CENTRAL,CENTRAL,3.100526,101.742046,cmh,1342.61,6.8,33062,CHCRB7,3.2,12,0,,03-9133 9866,Monday: 10:00?AM?–?6:30?PM | Tuesday: 10:00?AM?–?6:30?PM | Wednesday: 10:00?AM?–?6:30?PM | Thursday: 10:00?AM?–?6:30?PM | Friday: 10:00?AM?–?6:30?PM | Saturday: 10:00?AM?–?6:30?PM | Sunday: 10:00?AM?–?2:00?PM,,
CHCTSTR43034,RAMZAN MINI MARKET,"NO 44 JALAN ALAM JAYA 15, TAMAN ALAM JAYA",43200,BT 8 1/2,Others,CENTRAL,CENTRAL,3.080351,101.764897,spv,1445.86,7.4,33062,CHCRB7,4.6,59,0,,013-256 9020,"Monday: 9:00?AM?–?6:00?PM | Tuesday: 9:00?AM?–?6:00?PM | Wednesday: 9:00?AM?–?6:00?PM | Thursday: 9:00?AM?–?6:00?PM | Friday: 9:00?AM?–?12:30?PM, 2:30?–?6:00?PM | Saturday: 9:00?AM?–?6:00?PM | Sunday: 9:00?AM?–?6:00?PM",,
CHCTSTS43108,KEDAI RUNCIT SIENG (BRANCH),"M-15-G-3 JALAN 10/1, TAMAN PERKASA",43100,HULU LANGAT SELANGOR,Others,CENTRAL,CENTRAL,3.1039616,101.7996681,spv,183.37,5,33062,CHCRB7,0,0,0,,,,,
CHCTSTS56018,PASAR RAYA SONG FOOK SDN BHD,"39-41 JLN BUNGA TANJUNG 7, TAMAN MUDA CHERAS",56100,KUALA LUMPUR,Others,CENTRAL,CENTRAL,3.1192274,101.7595007,spv,84.71,1.4,33062,CHCRB7,4.2,31,0,,03-4295 3233,Monday: 7:30?AM?–?7:00?PM | Tuesday: 7:30?AM?–?7:00?PM | Wednesday: 7:30?AM?–?7:00?PM | Thursday: 7:30?AM?–?7:00?PM | Friday: 7:30?AM?–?7:00?PM | Saturday: 7:30?AM?–?7:00?PM | Sunday: 7:30?AM?–?2:00?PM,,
CHCTSTT56002,TAI SIN TRADING SDN BHD,"16-18 JALAN CENGKEH, TAMAN CHERAS",56100,KUALA LUMPUR,Others,CENTRAL,CENTRAL,3.1009491,101.7424365,spv,67.53,0.8,33062,CHCRB7,3.2,12,0,,03-9133 9866,Monday: 10:00?AM?–?6:30?PM | Tuesday: 10:00?AM?–?6:30?PM | Wednesday: 10:00?AM?–?6:30?PM | Thursday: 10:00?AM?–?6:30?PM | Friday: 10:00?AM?–?6:30?PM | Saturday: 10:00?AM?–?6:30?PM | Sunday: 10:00?AM?–?2:00?PM,,
CHCTSTV59002,TFP RETAIL SDN. BHD.,"LOT 6 SOLOK WAJA 1, KAWASAN PERINDUSTRIAN BUKIT RAJA",41050,KLANG,TFP,CENTRAL,CENTRAL,3.1509378,101.5949165,smt,2194464.89,612.6,33062,CHCRB6,3.3,16,0,ChIJ1fxRut9OzDEROA6iJj37zF8,03-6143 1366,Monday: 9:00?AM?–?6:00?PM | Tuesday: 9:00?AM?–?6:00?PM | Wednesday: 9:00?AM?–?6:00?PM | Thursday: 9:00?AM?–?6:00?PM | Friday: 9:00?AM?–?6:00?PM | Saturday: Closed | Sunday: Closed,https://thefoodpurveyor.com/,
CHCTSTW55010,PERNIAGAAN WENG KEEN,"3 TAMAN MIHARJA (PHASE 3B), JALAN 3/93 CHERAS",55200,KUALA LUMPUR,Others,CENTRAL,CENTRAL,3.124001,101.724021,spv,2639.91,9,33062,CHCRB7,0,0,0,,,,,
CHCW042,WAN LEE HENG CASH & CARRY SDN. BHD.,NO:105 LENGKOK RAJA LAUT,50350,KUALA LUMPUR.,Others,CENTRAL,CENTRAL,3.1672119,101.6966271,whs,0,0,33062,CHCRB2,4.1,223,0,,03-4045 5636,Monday: 8:30?AM?–?9:00?PM | Tuesday: 8:30?AM?–?9:00?PM | Wednesday: 8:30?AM?–?9:00?PM | Thursday: 8:30?AM?–?9:00?PM | Friday: 8:30?AM?–?9:00?PM | Saturday: 8:30?AM?–?9:00?PM | Sunday: 8:30?AM?–?9:00?PM,https://www.wanleeheng.com/,
CT0000000551,ALIPAPA MART,NO:13,0,,Others,CENTRAL,CENTRAL,3.49978,101.106644,spv,124.13,1,33062,CHCRB5,0,0,0,,,,,
CT0000000611,KIANG KEE,"NO:74  JALAN BATU 39, 45200 SABAK BERNAM",45200,,Others,CENTRAL,CENTRAL,3.7583702,100.9623795,spv,1428.95,5.4,33062,CHCRB5,0,0,0,,,,,
CT0000000632,CHOP KONG LEE,NO:142,0,,Others,CENTRAL,CENTRAL,2.6620678,101.5581498,spv,244.11,6,33062,CHCRB10,0,0,0,,,,,
CT0000000637,SEGI CASH & CARRY WAREHOUSE,"LOT 2241  JALAN RAJAWALI  BATU 9, KAMPUNG BARU",42500,TELOK PANGLIMA GARANG,SEGI,CENTRAL,CENTRAL,2.9185811,101.4743067,minika,87534.62,30.6,33062,CHCRB1,3.6,104,0,,016-830 1798,Monday: 10:00?AM?–?10:00?PM | Tuesday: 10:00?AM?–?10:00?PM | Wednesday: 10:00?AM?–?10:00?PM | Thursday: 10:00?AM?–?10:00?PM | Friday: 10:00?AM?–?10:00?PM | Saturday: 10:00?AM?–?10:00?PM | Sunday: 10:00?AM?–?10:00?PM,https://ninsoglobal.com/,
CT0000000641,SIN AIK LEE TMN PASAR KELANG,NO:39,0,,Others,CENTRAL,CENTRAL,3.0653052,101.4510943,spv,163.39,2.4,33062,CHCRB6,4.1,113,0,,03-3884 7313,Monday: 8:00?AM?–?8:00?PM | Tuesday: 8:00?AM?–?8:00?PM | Wednesday: 8:00?AM?–?8:00?PM | Thursday: 8:00?AM?–?8:00?PM | Friday: 8:00?AM?–?8:00?PM | Saturday: 8:00?AM?–?8:00?PM | Sunday: 8:00?AM?–?8:00?PM,https://shopee.com.my/namteck_ntsupermarket,
CT0000000684,CHOP TIONG HUAT,"NO:64  JALAN BESAR, 45500 TANJONG KARANG",45500,SELANGOR DARUL EHSAN.,Others,CENTRAL,CENTRAL,3.4245517,101.1770309,spv,739.73,1.2,33062,CHCRB5,0,0,0,,,,,
CT0000000721,TAIHOYO SDN. BHD.,NO:39,0,,Others,CENTRAL,CENTRAL,3.0626025,101.4628492,spv,56.6,0.4,33062,CHCRB6,0,0,0,,,,,
CT0000000785,A.RENGASAMY & SONS,"S-31  JALAN SCHOLA, JENJAROM NEW VILLAGE  BANTING",42600,42600 JENJAROM,Others,CENTRAL,CENTRAL,2.875767,101.4964,spv,180.67,3,33062,CHCRB10,4,41,0,,03-3191 3340,Monday: 6:30?AM?–?6:00?PM | Tuesday: 6:30?AM?–?6:00?PM | Wednesday: 6:30?AM?–?6:00?PM | Thursday: 6:30?AM?–?6:00?PM | Friday: 6:30?AM?–?6:00?PM | Saturday: 6:30?AM?–?6:00?PM | Sunday: Closed,,
CT0000000843,KEDAI RUNCIT TIGA SAHABAT,"LOT 3635  LORONG HAJI YUSOF, BATU 7  JALAN KEBUN",42450,42450 SHAH ALAM,Others,CENTRAL,CENTRAL,2.9719247,101.5166934,spv,146.04,2,33062,CHCRB7,0,0,0,,,,,
CT0000000983,SN SKY MINI MARKET,"LOT 3366  JALAN LAPIS 2, BATU 7 3/4  JALAN KAPAR",42200,42200 KLANG,Others,CENTRAL,CENTRAL,3.097787,101.365707,spv,889.61,3.8,33062,CHCRB6,0,0,0,,,,,
CT0000000990,SALAM '@ KPJ KLANG CONVENIENCE SHOP,KPJ KLANG,0,,Others,CENTRAL,CENTRAL,3.0626547,101.4631417,spv,172.91,2.6,33062,CHCRB10,0,0,0,,,,,
CT0000001083,KALAY STORE,"NO:1531-C, JALAN SUNGAI, KANDIS, KAMPUNG JAWA,",41000,"41000 KLANG,",Others,CENTRAL,CENTRAL,3.0279917,101.4796817,spv,56.6,0.4,33062,CHCRB6,4,44,0,,03-3374 4873,Monday: 9:00?AM?–?10:00?PM | Tuesday: 9:00?AM?–?10:00?PM | Wednesday: 9:00?AM?–?10:00?PM | Thursday: 9:00?AM?–?10:00?PM | Friday: 3:00?–?10:00?PM | Saturday: 9:00?AM?–?10:00?PM | Sunday: 9:00?AM?–?10:00?PM,,
CT0000001133,NAZURDEEN MINI MART,NO:22,0,,Others,CENTRAL,CENTRAL,2.9834712,101.4058599,spv,124.13,1,33062,CHCRB10,0,0,0,,,,,
CT0000001215,JAZCO SPEEDMART (TAMAN MULIA),"NO:55 57 59&61  TINGKAT BAWAH, JALAN MULIA  TAMAN MULIA",42700,BANTING,Others,CENTRAL,CENTRAL,2.8124692,101.4901547,spv,67.53,0.8,33062,CHCRB10,0,0,0,,03-3187 3421,Monday: 9:00?AM?–?8:00?PM | Tuesday: 9:00?AM?–?8:00?PM | Wednesday: 9:00?AM?–?8:00?PM | Thursday: 9:00?AM?–?8:00?PM | Friday: 9:00?AM?–?8:00?PM | Saturday: 9:00?AM?–?8:00?PM | Sunday: 9:00?AM?–?8:00?PM,,
CT0000001216,JAZCO SPEEDMART (BANTING BARU),"NO:4  6 & 8  JALAN BB 1/3, TAMAN BANTING BARU",42700,BANTING,Others,CENTRAL,CENTRAL,2.8173579,101.4553514,spv,19431.83,9,33062,CHCRB10,0,0,0,,,,,
CT0000001217,JAZCO SPEEDMART (TAMAN SERI DAGANG 1),"NO:24  NO:26 & NO:28, JALAN SD1 1/1  TAMAN SERI DAGANG 1",42700,BANTING,Others,CENTRAL,CENTRAL,2.8301319,101.6164731,spv,21034.77,12.4,33062,CHCRB10,0,0,0,,,,,
CT0000001218,JAZCO SPEEDMART (KANCHONG DARAT),"NO:1 2 3 4&5  LOT 518  BATU 22 1/2, JALAN SULTAN ALAM SHAH  KANCHONG DARAT",42700,BANTING,Others,CENTRAL,CENTRAL,2.7923362,101.4871085,spv,23078.95,12.4,33062,CHCRB10,4,223,0,,,Monday: 9:00?AM?–?10:00?PM | Tuesday: 9:00?AM?–?10:00?PM | Wednesday: 9:00?AM?–?10:00?PM | Thursday: 9:00?AM?–?10:00?PM | Friday: 9:00?AM?–?10:00?PM | Saturday: 9:00?AM?–?10:00?PM | Sunday: 9:00?AM?–?10:00?PM,https://m.facebook.com/Jazcojazco99/,
CT0000001223,H & H STATIONERY SDN. BHD.,"PT 10946  AMG LIGHT INDUSTRIAL PARK, JALAN TELUK BATU 36/2, SELANGOR DARUL EHSAN.",40470,BATU 4 1/2  KAMPUNG JAWA,Others,CENTRAL,CENTRAL,3.0083771,101.4912375,spv,56.6,0.4,33062,CHCRB6,0,0,0,,,,,
CT0000001233,TICK CHAI TRADING,NO:43,0,,Others,CENTRAL,CENTRAL,2.6588522,101.5666211,spv,181.32,3,33062,CHCRB10,0,0,0,,,,,
CT0000001235,MY ONE MART SDN. BHD.,NO:19,0,,Others,CENTRAL,CENTRAL,3.084179,101.442246,spv,124.13,1,33062,CHCRB10,0,0,0,,,,,
CT0000001276,CLC WHOLESALER GROUP SDN. BHD.(BANTING),"F-G-2-26  JALAN SERI PEKAN 3, MEDAN SERI PEKAN",42700,BANTING,Others,CENTRAL,CENTRAL,2.8090898,101.5029024,lpv,73346.79,17.6,33062,CHCRB1,0,0,0,,,,,
CT0000001287,KEDAI RUNCIT ZURINAH,NO:5G,0,,Others,CENTRAL,CENTRAL,3.1285907,101.4669092,spv,56.6,0.4,33062,CHCRB6,4.2,29,0,,03-3358 3742,Monday: 7:30?AM?–?12:00?AM | Tuesday: 7:30?AM?–?12:00?AM | Wednesday: 7:30?AM?–?12:00?AM | Thursday: 7:30?AM?–?12:00?AM | Friday: 7:30?AM?–?12:00?AM | Saturday: 7:30?AM?–?12:00?AM | Sunday: 7:30?AM?–?12:00?AM,,
CT3211004891,PULAU KETAM MINI MARKET,NO:23K,0,,Others,CENTRAL,CENTRAL,3.0208383,101.2531185,spv,2865.51,6.4,33062,CHCRB10,0,0,0,,,,,
CT3211004974,PASAR MINI NAINA MOHAMED,"NO:1, LOT 11697E, JALAN MOHD YAMIN,, 41250 KAMPUNG DELEK BARU,",41250,"KLANG,",Others,CENTRAL,CENTRAL,3.047135,101.4269504,spv,147.51,2.2,33062,CHCRB7,4,209,0,,016-222 7046,Monday: 7:00?AM?–?10:00?PM | Tuesday: 7:00?AM?–?10:00?PM | Wednesday: 7:00?AM?–?10:00?PM | Thursday: 7:00?AM?–?10:00?PM | Friday: 7:00?AM?–?10:00?PM | Saturday: 7:00?AM?–?10:00?PM | Sunday: 7:00?AM?–?10:00?PM,,
CT3211004977,HUMAINI MAJU SDN. BHD.,A-G-10,0,,Others,CENTRAL,CENTRAL,2.9197362,101.656994,spv,5459.88,20,33062,CHCRB11,3.1,20,0,,,Monday: 7:00?AM?–?11:30?PM | Tuesday: 7:00?AM?–?11:30?PM | Wednesday: 7:00?AM?–?11:30?PM | Thursday: 7:00?AM?–?11:30?PM | Friday: 7:00?AM?–?11:30?PM | Saturday: 7:00?AM?–?11:30?PM | Sunday: 7:00?AM?–?10:00?PM,https://hammad-retail-group.kleap.io/,
CT3211005136,PASARAYA BIG BAZAAR,"NO:1, JALAN P11 E/5, PRESINT 11,, WILAYAH PERSEKUTUAN PUTRAJAYA.",62300,,Others,CENTRAL,CENTRAL,2.9651523,101.6670192,spv,5301.31,20.4,33062,CHCRB11,0,0,0,,,,,
CT3211005235,QL MAXINCOME SDN. BHD.,NO:16A,0,,FAMILYMART,CENTRAL,CENTRAL,3.1073379,101.5434431,conka,788473.36,60.4,33062,CHCRBGEN,2.7,12,0,ChIJDWR_6-ZNzDERxhRv0r7mzeE,,,,TRUE
CT3211005256,NZ GROCER SDN. BHD.,"LOT NO:3-G-01 & 02, CAMBRIDGE TOWER GARDEN PLAZA",63000,PERSIARAN HARMONI  CYBER 3  CYBERJAYA,Others,CENTRAL,CENTRAL,2.949293,101.665399,spv,1812.72,14.8,33062,CHCRB11,2.6,8,0,,03-8687 5816,Monday: 8:00?AM?–?10:00?PM | Tuesday: 8:00?AM?–?10:00?PM | Wednesday: 8:00?AM?–?10:00?PM | Thursday: 8:00?AM?–?10:00?PM | Friday: 8:00?AM?–?10:00?PM | Saturday: 8:00?AM?–?10:00?PM | Sunday: 8:00?AM?–?10:00?PM,,
CT3211005353,BADARIA MINI MARKET,NO:7,0,,Others,CENTRAL,CENTRAL,2.8251169,101.7053498,spv,264.43,4,33062,CHCRB7,3.9,8,0,,012-516 8100,Monday: 11:00?AM?–?2:00?AM | Tuesday: 11:00?AM?–?2:00?AM | Wednesday: 11:00?AM?–?2:00?AM | Thursday: 11:00?AM?–?2:00?AM | Friday: 11:00?AM?–?2:00?AM | Saturday: 11:00?AM?–?2:00?AM | Sunday: 11:00?AM?–?2:00?AM,https://yysupermarket.storehub.me/,
CT3211005357,R RAHMAN TRADING SDN. BHD.,BLOCK C-01-02,0,,Others,CENTRAL,CENTRAL,3.0606877,101.6405373,spv,235.87,7,33062,CHCRB11,0,0,0,,,,,
CT3211005362,PASAR MINI NANA,NO:K-01,0,,Others,CENTRAL,CENTRAL,3.0605922,101.64063,spv,124.13,1,33062,CHCRB11,0,0,0,,,,,
CT3211005363,RANGKAIAN TAJKAN SDN. BHD.,G05 & G06,0,,Others,CENTRAL,CENTRAL,3.0812797,101.6095076,spv,8700.39,24.6,33062,CHCRB11,0,0,0,,,,,
CT3211005374,PASARAYA JUST RIGHT SDN. BHD.,"NO:8-10  JALAN DESA SERDANG, SERDANG LAMA",43300,43300 SERI KEMBANGAN,Others,CENTRAL,CENTRAL,3.015355,101.719681,spv,319.44,5.8,33062,CHCRB2,0,0,0,,,,,
CT3211005375,NUR HAZIQAH ENTERPRISE,NO:442,0,,Others,CENTRAL,CENTRAL,3.0770092,101.6044923,spv,366.91,8.8,33062,CHCRB11,0,0,0,,,,,
CT3211005380,TALAL ENTERPRISE,F1-01-09 PSN SUBANG MEWAH,47610,SUBANG JAYA,Others,CENTRAL,CENTRAL,3.0452011,101.6028073,spv,108.82,2.2,33062,CHCRB11,5,2,0,,,,,
CT3211005381,KEDAI UBAT & PASAR MINI HUAH SHAN,NO:33,0,,Others,CENTRAL,CENTRAL,3.0482922,101.583672,cmh,771.52,7.4,33062,CHCRB11,4.2,116,0,,018-913 4298,Monday: 9:00?AM?–?9:00?PM | Tuesday: 9:00?AM?–?9:00?PM | Wednesday: 9:00?AM?–?9:00?PM | Thursday: 9:00?AM?–?9:00?PM | Friday: 9:00?AM?–?9:00?PM | Saturday: 9:00?AM?–?9:00?PM | Sunday: 9:00?AM?–?9:00?PM,https://m.facebook.com/pages/category/Bakery/Stesen-Biskut-Taipan-495184457513154/,
CT3211005382,LSF TRADING SDN. BHD.,NO:15,0,,Others,CENTRAL,CENTRAL,3.0634787,101.7106462,spv,124.13,1,33062,CHCRB7,0,0,0,,016-493 8654,Monday: 6:00?AM?–?10:00?PM | Tuesday: 6:00?AM?–?10:00?PM | Wednesday: 6:00?AM?–?10:00?PM | Thursday: 6:00?AM?–?10:00?PM | Friday: 6:00?AM?–?10:00?PM | Saturday: 6:00?AM?–?10:00?PM | Sunday: 6:00?AM?–?10:00?PM,,
CT3211005384,PERNIAGAAN UBAT DAN RUNCIT POH HIN,NO:11,0,,Others,CENTRAL,CENTRAL,3.046205,101.704161,cmh,128472,6,33062,CHCRB2,5,2,0,,011-1111 2244,Monday: 8:00?AM?–?3:00?AM | Tuesday: 8:00?AM?–?3:00?AM | Wednesday: 8:00?AM?–?3:00?AM | Thursday: 8:00?AM?–?3:00?AM | Friday: 8:00?AM?–?3:00?AM | Saturday: 8:00?AM?–?3:00?AM | Sunday: 8:00?AM?–?3:00?AM,,
CT3211005389,PASAR MINI ANTERO,NO:11 & 11A,0,,Others,CENTRAL,CENTRAL,3.0294617,101.6114512,spv,124.13,1,33062,CHCRB11,0,0,0,,,,,
CT3211005390,ALIDA ENTERPRISE,NO:20,0,,Others,CENTRAL,CENTRAL,3.041606,101.63601,spv,67.53,0.8,33062,CHCRB11,4.6,17,0,,,Monday: 8:00?AM?–?8:00?PM | Tuesday: 8:00?AM?–?8:00?PM | Wednesday: 8:00?AM?–?8:00?PM | Thursday: 8:00?AM?–?8:00?PM | Friday: 8:00?AM?–?8:00?PM | Saturday: 8:00?AM?–?8:00?PM | Sunday: 8:00?AM?–?8:00?PM,,
CT3211005391,BBA MINI MARKET,"NO:19  JALAN 12, TAMAN MURNI BATU 9 1/2",43200,43200 CHERAS,Others,CENTRAL,CENTRAL,3.059612,101.7672935,spv,297.57,5.6,33062,CHCRB7,0,0,0,,,,,
CT3211005393,KEDAI RUNCIT DEVI,"NO:5 JALAN TPP 1/24, TAMAN PERINDUSTRIAN PUCHONG",47100,47100 PUCHONG,Others,CENTRAL,CENTRAL,3.0295655,101.6115476,spv,1292.8,8.4,33062,CHCRB11,0,0,0,,,,,
CT3211005394,FOOH BENG HEALTH CARE SDN. BHD.,NO:226,0,,Others,CENTRAL,CENTRAL,3.0453306,101.7721664,cmh,317.52,6,33062,CHCRB7,0,0,0,,,,,
CT3211005397,NSK NUSANTARA ENTERPRISE,"NO:1  JALAN TERAS JERNANG, KPG TERAS",43000,43000 BANGI LAMA,NSK,CENTRAL,CENTRAL,2.9259755,101.7596626,smt,174.93,1.4,33062,CHCRB7,3.9,74,0,,012-604 7266,Monday: 8:00?AM?–?10:00?PM | Tuesday: 8:00?AM?–?10:00?PM | Wednesday: 8:00?AM?–?10:00?PM | Thursday: 8:00?AM?–?10:00?PM | Friday: 8:00?AM?–?10:00?PM | Saturday: 8:00?AM?–?10:00?PM | Sunday: 8:00?AM?–?10:00?PM,https://segigroup.com/,
CT3211005398,YEONH JOO SENG,"NO:127  BATU 11 CHERAS, 43200 KAJANG",43200,SELANGOR DARUL EHSAN.,Others,CENTRAL,CENTRAL,3.0460639,101.772512,spv,133.95,3,33062,CHCRB7,0,0,0,,,,,
CT3211005402,HUZAIFA ENTERPRISE,NO:28-1A,0,,Others,CENTRAL,CENTRAL,2.9813946,101.6027028,spv,67.53,0.8,33062,CHCRB11,0,0,0,,,,,
CT3211005405,PABLO GLOBAL VENTURE,G07 MENARA U,0,,Others,CENTRAL,CENTRAL,3.075888,101.551308,spv,1153.62,4.8,33062,CHCRB7,0,0,0,,,,,
CT3211005406,TH GROCER ENTERPRISE,B-G-16,0,,Others,CENTRAL,CENTRAL,3.0710036,101.5252795,spv,151.1,1.4,33062,CHCRB7,0,0,0,,,,,
CT3211005423,TOKO PUCHONG ENTERPRISE,"NO:211G JALAN INDUSTRI PBP 3/1, TAMAN INDUSTRI PUSAT BANDAR PUCHONG",47100,PUPCHONG,Others,CENTRAL,CENTRAL,3.012123,101.614647,spv,898.82,7.8,33062,CHCRB11,5,1,0,,012-905 5550,Monday: 8:00?AM?–?10:00?PM | Tuesday: 8:00?AM?–?10:00?PM | Wednesday: 8:00?AM?–?10:00?PM | Thursday: 8:00?AM?–?10:00?PM | Friday: 8:00?AM?–?10:00?PM | Saturday: 8:00?AM?–?10:00?PM | Sunday: 8:00?AM?–?10:00?PM,,
CT3211005442,EDALAN ENTERPRISE,LOT 6336,0,,Others,CENTRAL,CENTRAL,2.9750027,101.7504732,pms,284.24,5.2,33062,CHCRB7,0,0,0,,,,,
CT3211005443,KEDAI RUNCIT TIN & TIN,"NO:8  10 12 12A  JALAN PJS 3/36, TAMAN SRI MANJA",46000,46000 PETALING JAYA,Others,CENTRAL,CENTRAL,3.0743892,101.6434342,spv,182.38,4.4,33062,CHCRB11,3,4,0,,012-689 2605,Monday: 9:00?AM?–?10:00?PM | Tuesday: 9:00?AM?–?10:00?PM | Wednesday: 9:00?AM?–?10:00?PM | Thursday: 9:00?AM?–?10:00?PM | Friday: 9:00?AM?–?10:00?PM | Saturday: 9:00?AM?–?10:00?PM | Sunday: 9:00?AM?–?10:00?PM,,
CT3211005448,PERNIAGAAN AL-AMAN,NO:444,0,,Others,CENTRAL,CENTRAL,3.0050788,101.7163725,spv,208.56,2.6,33062,CHCRB2,3.9,487,0,,,Monday: 9:00?AM?–?10:00?PM | Tuesday: 9:00?AM?–?10:00?PM | Wednesday: 9:00?AM?–?10:00?PM | Thursday: 9:00?AM?–?10:00?PM | Friday: 9:00?AM?–?10:00?PM | Saturday: 9:00?AM?–?10:00?PM | Sunday: 9:00?AM?–?10:00?PM,http://www.heromarket.com.my/,
CT3211005453,PASAR MINI NEESA,"NO:52G & 54G  JALAN PP1/1, TAMAN PUTRA PERDANA",47000,47000 PUCHONG,Others,CENTRAL,CENTRAL,2.948481,101.619015,spv,247.34,6.4,33062,CHCRB11,3.6,9,0,,014-737 3797,,,
CT3211005456,ANR SUPER MINI MART,NO:448,0,,Others,CENTRAL,CENTRAL,3.0050882,101.7171315,spv,252.38,5,33062,CHCRB2,1,1,0,,03-8948 8092,Monday: 9:00?AM?–?8:00?PM | Tuesday: 9:00?AM?–?8:00?PM | Wednesday: 9:00?AM?–?8:00?PM | Thursday: 9:00?AM?–?8:00?PM | Friday: 9:00?AM?–?8:00?PM | Saturday: 9:00?AM?–?8:00?PM | Sunday: 9:00?AM?–?8:00?PM,,
CT3211005468,CHOWDRY A/L APPALANAIDU,D2-G-23 DAN 24,0,,Others,CENTRAL,CENTRAL,3.0792808,101.6179807,spv,213.04,4.8,33062,CHCRB11,0,0,0,,,,,
CT3211005471,ALL YOU NEED GROCER,"NO:8, JALAN PJS 7/16A,, BANDAR SUNWAY,",47500,"SUBANG JAYA,",Others,CENTRAL,CENTRAL,3.0724967,101.6161867,spv,1502.77,15.6,33062,CHCRB11,0,0,0,,,,,
CT3211005473,SRI VEL AYUTAM ENTERPRISE,A-01-03,0,,Others,CENTRAL,CENTRAL,2.980533,101.666977,spv,180.73,1.2,33062,CHCRB2,0,0,0,,,,,
CT3211005475,THAYA MINI MARKET SDN. BHD.,"B10-G-02/B10-G-03  BLOCK 10, JALAN PJS 2B/1  DESA MENTARI 2",46150,46150 PETALING JAYA,Others,CENTRAL,CENTRAL,3.0830344,101.6285053,spv,199.68,4,33062,CHCRB11,4,2,0,,,Monday: 9:30?AM?–?8:00?PM | Tuesday: 9:30?AM?–?8:00?PM | Wednesday: 9:30?AM?–?8:00?PM | Thursday: 9:30?AM?–?8:00?PM | Friday: 9:30?AM?–?8:00?PM | Saturday: 6:30?PM?–?1:00?AM | Sunday: Closed,http://www.3plerhinos.com/,
CT3211005476,TSH GOODWILL TRADING,NO:27,0,,Others,CENTRAL,CENTRAL,3.0724656,101.6160829,spv,67.53,0.8,33062,CHCRB11,0,0,0,,,,,
CT3211005489,V.S.VARUSAI IBRAHIM & CO.,NO:28,0,,Others,CENTRAL,CENTRAL,2.9467103,101.8456893,spv,124.13,1,33062,CHCRB7,4.2,24,0,,016-206 6585,Monday: 9:30?AM?–?9:30?PM | Tuesday: 9:30?AM?–?9:30?PM | Wednesday: 9:30?AM?–?9:30?PM | Thursday: 9:30?AM?–?9:30?PM | Friday: 9:30?AM?–?9:30?PM | Saturday: 9:30?AM?–?9:30?PM | Sunday: 9:30?AM?–?9:30?PM,,
CT3211005491,YOT ENTERPRISE,"H-G-08  JALAN PP29, PANGSAPURI PUTRA  TAMAN PINGGIRAN",43300,43300 SERI KEMBANGAN,Others,CENTRAL,CENTRAL,2.9904655,101.6742496,cmh,1572.05,7,33062,CHCRB2,0,0,0,,03-8957 8644,Monday: 9:00?AM?–?10:30?PM | Tuesday: 9:00?AM?–?10:30?PM | Wednesday: 9:00?AM?–?10:30?PM | Thursday: 9:00?–?10:30?AM | Friday: 9:00?AM?–?10:30?PM | Saturday: 9:00?AM?–?10:30?PM | Sunday: 1:30?PM?–?12:00?AM,,
CT3211005492,ZHONGHUA TCM HERBALOGY,NO:52,0,,Others,CENTRAL,CENTRAL,2.995798,101.669426,cmh,597.55,2.6,33062,CHCRB2,0,0,0,,,,,
CT3211005501,KEDAI UBAT DAN RUNCIT LOONG CHENG PLT,"NO:D-G-3 & D-G-3A JALAN INDAH 2/6, TAMAN UNIVERSITI INDAH",43300,43300 SERI KEMBANGAN,Others,CENTRAL,CENTRAL,3.0055012,101.6925497,spv,350.2,9,33062,CHCRB2,0,0,0,,,,,
CT3211005523,PASAR MINI UMA,"NO:2&3  JALAN SUNGAI BESI INDAH 1, TAMAN SUNGAI BESI INDAH",43300,43300 SERI KEMBANGAN,Others,CENTRAL,CENTRAL,3.027956,101.726339,spv,331.62,7.6,33062,CHCRB2,0,0,0,,,,,
CT3211005525,WIGNES MINIMARKET SDN. BHD.,"NO:92  94  JALAN ALLAMANDA, BUKIT BELIMBING  BALAKONG",43300,43300 SERI KEMBANGAN,Others,CENTRAL,CENTRAL,3.0288941,101.7330616,spv,692.96,9.6,33062,CHCRB2,0,0,0,,,,,
CT3211005534,RAMJAN ALI BIN ABDUL RAHIM,"NO:5  LORONG RAMAL 1/1, TAMAN RAMAL INDAH  SUNGAI RAMAL LUAR",43000,43000 KAJANG,Others,CENTRAL,CENTRAL,2.981037,101.756126,spv,1478.62,8.8,33062,CHCRB7,0,0,0,,,,,
CT3211005537,PASAR MINI S L N,C-01-05,0,,Others,CENTRAL,CENTRAL,3.0608917,101.6400053,spv,152.88,3.4,33062,CHCRB11,0,0,0,,,,,
CT3211005550,CHEN FENG MEDICINE ENTERPRISE,"NO:26  JALAN MAS 6, TAMAN CHERAS MAS  BATU 9",43200,43200 CHERAS,Others,CENTRAL,CENTRAL,3.070169,101.7580694,cmh,188.67,3,33062,CHCRB7,0,0,0,,,,,
CT3211005551,EVERYDAY CS MINI MART,"NO:6-DG  BLOCK D  PANGSAPURI JATI, JALAN DAGANG MAS 5  TAMAN MAS SEPANG",47100,PUCHONG,Others,CENTRAL,CENTRAL,2.9747725,101.5819744,spv,744.6,4.8,33062,CHCRB11,4.4,5,0,,018-375 0635,Monday: 7:00?AM?–?9:30?PM | Tuesday: 7:00?AM?–?9:30?PM | Wednesday: 7:00?AM?–?9:30?PM | Thursday: 7:00?AM?–?9:30?PM | Friday: 7:00?AM?–?9:30?PM | Saturday: 7:00?AM?–?9:30?PM | Sunday: 9:00?AM?–?9:30?PM,,
CT3211005552,MED MINIMARKET,"NO:12A  JALAN MERANTI 1, TAMAN MERANTI INDAH  PULAU MERANTI",47120,47120 PUCHONG,Others,CENTRAL,CENTRAL,2.968731,101.641662,spv,1055.01,7,33062,CHCRB11,0,0,0,,,,,
CT3211005553,RDM JAYA ENTERPRISE,"NO:5  JALAN PERDANA 3/4, PUCHONG PERDANA",47100,PUCHONG,Others,CENTRAL,CENTRAL,3.006928,101.604888,spv,202.94,5,33062,CHCRB11,3.7,19,0,,,Monday: 9:30?AM?–?8:00?PM | Tuesday: 9:30?AM?–?8:00?PM | Wednesday: 9:30?AM?–?8:00?PM | Thursday: 9:30?AM?–?8:00?PM | Friday: 9:30?AM?–?8:00?PM | Saturday: 9:30?AM?–?8:00?PM | Sunday: 9:30?AM?–?8:00?PM,,
CT3211005555,V.K.ENTERPRISE,"NO:13  JALAN SUASA 3, PEKAN SUNGAI BESI",57000,57000 KUALA LUMPUR.,Others,CENTRAL,CENTRAL,3.0644749,101.7096631,spv,-277.69,1.2,33062,CHCRB7,4,1558,0,,03-8060 0829,Monday: 8:30?AM?–?10:00?PM | Tuesday: 8:30?AM?–?10:00?PM | Wednesday: 8:30?AM?–?10:00?PM | Thursday: 8:30?AM?–?10:00?PM | Friday: 8:30?AM?–?10:00?PM | Saturday: 8:30?AM?–?10:00?PM | Sunday: 8:30?AM?–?10:00?PM,https://www.heromarket.com.my/,
CT3211005556,ZAHID STORE,"NO:44  JALAN SUASA 4, PEKAN SUNGAI BESI",57000,57000 KUALA LUMPUR.,Others,CENTRAL,CENTRAL,3.063883,101.7108462,spv,85.78,1.8,33062,CHCRB7,5,1,0,,,Monday: 8:00?AM?–?7:00?PM | Tuesday: 8:00?AM?–?7:00?PM | Wednesday: 8:00?AM?–?7:00?PM | Thursday: 8:00?AM?–?7:00?PM | Friday: 8:00?AM?–?7:00?PM | Saturday: 8:00?AM?–?7:00?PM | Sunday: 8:00?AM?–?7:00?PM,,
CT3211005561,YAU YAU ENTERPRISE,"NO:13  GROUND FLOOR, JALAN HELANG 13  BANDAR PUCHONG JAYA",47100,47100 PUCHONG,Others,CENTRAL,CENTRAL,3.0606755,101.6266651,spv,124.13,1,33062,CHCRB11,0,0,0,,,,,
CT3211005562,SAI JS ENTERPRISE,"GROUND FLOOR  VALLAMAS APARTMENT, JALAN PIPIT  BANDAR PUCHONG JAYA",47100,47100 PUCHONG,Others,CENTRAL,CENTRAL,3.068168,101.624243,spv,67.53,0.8,33062,CHCRB11,0,0,0,,,,,
CT3211005564,S & S MINIMARK,"NO:8 & 10  JALAN TK 5/32A, TAMAN MAWAR",47100,47100 PUCHONG,Others,CENTRAL,CENTRAL,3.0664081,101.6350216,spv,124.13,1,33062,CHCRB11,0,0,0,,,,,
CT3211005565,KEDAI UBAT WENG KHONG,"NO:16  MEDAN TANMING TIGA, TAMING JAYA  BALAKONG",43300,43300 SERI KEMBANGAN,Others,CENTRAL,CENTRAL,3.024094,101.74063,cmh,2039.22,7.4,33062,CHCRB2,0,0,0,,012-265 2423,Monday: 8:00?AM?–?10:00?PM | Tuesday: 8:00?AM?–?10:00?PM | Wednesday: 8:00?AM?–?10:00?PM | Thursday: 8:00?AM?–?10:00?PM | Friday: 8:00?AM?–?10:00?PM | Saturday: 8:00?AM?–?10:00?PM | Sunday: 8:00?AM?–?10:00?PM,,
CT3211005569,MAGRON MART SDN. BHD.,"NO:2 JALAN KENARI 6, BANDAR PUCHONG JAYA",47100,47100 PUCHONG,Others,CENTRAL,CENTRAL,3.0468246,101.6220013,spv,195.85,4.6,33062,CHCRB11,4.2,3960,0,,1-300-80-2366,Monday: 9:00?AM?–?10:00?PM | Tuesday: 9:00?AM?–?10:00?PM | Wednesday: 9:00?AM?–?10:00?PM | Thursday: 9:00?AM?–?10:00?PM | Friday: 9:00?AM?–?10:00?PM | Saturday: 9:00?AM?–?10:00?PM | Sunday: 9:00?AM?–?10:00?PM,http://www.aeonretail.com.my/,
CT3211005570,MAGRON MART SDN. BHD. (BRANCH - KENARI 7),"NO:9  GROUND FLOOR  JALAN KENARI 7, BANDAR PUCHONG JAYA",47100,47100 PUCHONG,Others,CENTRAL,CENTRAL,3.0467953,101.6220253,spv,1042.68,10,33062,CHCRB11,4.2,3960,0,,1-300-80-2366,Monday: 9:00?AM?–?10:00?PM | Tuesday: 9:00?AM?–?10:00?PM | Wednesday: 9:00?AM?–?10:00?PM | Thursday: 9:00?AM?–?10:00?PM | Friday: 9:00?AM?–?10:00?PM | Saturday: 9:00?AM?–?10:00?PM | Sunday: 9:00?AM?–?10:00?PM,http://www.aeonretail.com.my/,
CT3211005579,PASAR MINI AL IKHLAS,"NO:4  JALAN BUDIMAN 2/2, TAMAN PUTRA BUDIMAN",43200,43200 BALAKONG,Others,CENTRAL,CENTRAL,3.0112304,101.7357675,spv,178.12,2.6,33062,CHCRB2,0,0,0,,,,,
CT3211005580,KUNA MINI MARKET,"NO:37&39  BLK CG  PANGSAPURI SRI PULAI, JALAN BALAKONG JAYA 26  TAMAN BALAKONG",43300,43300 SERI KEMBANGAN,Others,CENTRAL,CENTRAL,3.0086348,101.7375518,spv,180.73,1.2,33062,CHCRB2,0,0,0,,,,,
CT3211005581,MAGRON MART SDN. BHD.(BRANCH-PUTERI 1/6),"NO:15G  JALAN PUTERI 1/6, BANDAR PUTERI",47100,47100 PUCHONG,Others,CENTRAL,CENTRAL,3.0261385,101.6169,spv,183.04,4.6,33062,CHCRB11,0,0,0,,,,,
CT3211005582,MAGRON MART SDN. BHD. (BRANCH-SETIAWALK),"NO:B-9-G  BLOCK B  SETIAWALK, PERSIARAN WAWASAN",47160,PUSAT BANDAR PUCHONG,Others,CENTRAL,CENTRAL,3.029555,101.616317,spv,67.53,0.8,33062,CHCRB11,0,0,0,,,,,
CT3211005584,DINAZ FRESH MART,"NO:17G  JALAN BALAKONG JAYA 2, TAMAN BALAKONG JAYA",43200,BALAKONG,Others,CENTRAL,CENTRAL,3.005446,101.736605,spv,180.73,1.2,33062,CHCRB2,0,0,0,,,,,
CT3211005598,DAMAI SOON LEE MINI MARKET,"NO:5  JALAN DAMAI 2, TAMAN DAMAI JAYA  BATU 10",43200,43200 CHERAS,Others,CENTRAL,CENTRAL,3.0621114,101.7683284,spv,358.77,2.8,33062,CHCRB7,0,0,0,,,,,
CT3211005599,KEDAI UBAT & PASAR MINI FU XIANG,"NO:12  JALAN DAMAI PERDANA 1/8B, BANDAR DAMAI PERDANA",56000,CHERAS,Others,CENTRAL,CENTRAL,3.046796,101.740201,cmh,415.61,7.8,33062,CHCRB7,2.9,8,0,,016-830 4537,Monday: 9:00?AM?–?11:30?PM | Tuesday: 9:00?AM?–?11:30?PM | Wednesday: 9:00?AM?–?11:30?PM | Thursday: 9:00?AM?–?11:30?PM | Friday: 9:00?AM?–?11:30?PM | Saturday: 9:00?AM?–?11:30?PM | Sunday: 9:00?AM?–?11:30?PM,,
CT3211005600,NAFCO RESOURCES SDN. BHD.,"NO:59  JALAN 23, TAMAN BUKIT KUCHAI",47100,47100 PUCHONG,Others,CENTRAL,CENTRAL,3.055848,101.637705,spv,4083.29,5.6,33062,CHCRB11,0,0,0,,,,,
CT3211005602,NIHAL MINI MART (BRANCH - BUKIT JALIL),"C-0-2  ARENA GREEN APARTMENT, NO:3  JALAN 1/155A  BUKIT JALIL",57000,57000 KUALAL LUMPUR.,Others,CENTRAL,CENTRAL,3.0525631,101.6875235,spv,67.53,0.8,33062,CHCRB11,0,0,0,,,,,
CT3211005630,PASAR SEGAR MAYA,"A1-01-16 BLOK A PANGSAPURI ANGSANA, PERSIARAN MEWAH USJ1",47500,47500 SUBANG JAYA,Others,CENTRAL,CENTRAL,3.0423104,101.6031805,spv,113.81,2.4,33062,CHCRB11,5,2,0,,,,,
CT3211005634,KEDAI RUNCIT AKAS,"A-G-8  PANGSAPURI KOS RENDAH, JALAN 1/33  TAMAN SRI SENTOSA",58000,58000 KUALA LUMPUR.,Others,CENTRAL,CENTRAL,3.0774239,101.6546303,spv,2126.8,9,33062,CHCRB11,2.8,6,0,,,Monday: 7:30?AM?–?9:30?PM | Tuesday: 7:30?AM?–?9:30?PM | Wednesday: 7:30?AM?–?9:30?PM | Thursday: 7:30?AM?–?9:30?PM | Friday: 7:30?AM?–?9:30?PM | Saturday: 7:30?AM?–?9:30?PM | Sunday: 7:30?AM?–?9:30?PM,,
CT3211005635,NIHAL MINI MART,"NO:1  JALAN PERMAI 1, TAMAN PUCHONG PERMAI",47100,47100 PUCHONG,Others,CENTRAL,CENTRAL,3.0134162,101.5990143,spv,562.81,5.4,33062,CHCRB11,3.9,29,0,,07-283 0123,Monday: 9:30?AM?–?10:30?PM | Tuesday: 9:30?AM?–?10:30?PM | Wednesday: 9:30?AM?–?10:30?PM | Thursday: 9:30?AM?–?10:30?PM | Friday: 9:30?AM?–?10:30?PM | Saturday: 9:30?AM?–?10:30?PM | Sunday: 9:30?AM?–?10:30?PM,https://www.eco-shop.com.my/,
CT3211005636,NIHAL MINI MART (5),"NO:2  BLOK A-16, JALAN PUCHONG PERMAI 1/1",47100,TAMAN PUCHONG PERMAI,Others,CENTRAL,CENTRAL,3.0081756,101.5995059,spv,713.38,5.8,33062,CHCRB11,3.9,29,0,,07-283 0123,Monday: 9:30?AM?–?10:30?PM | Tuesday: 9:30?AM?–?10:30?PM | Wednesday: 9:30?AM?–?10:30?PM | Thursday: 9:30?AM?–?10:30?PM | Friday: 9:30?AM?–?10:30?PM | Saturday: 9:30?AM?–?10:30?PM | Sunday: 9:30?AM?–?10:30?PM,https://www.eco-shop.com.my/,
CT3211005641,PASARAYA TSK SEGAR,"NO:53  JALAN PU 7/4, PUCHONG UTAMA",47100,47100 PUCHONG,Others,CENTRAL,CENTRAL,2.9928544,101.6150838,spv,466.98,4.4,33062,CHCRB11,0,0,0,,,,,
CT3211005642,PASAR RAYA YOU YI SDN. BHD.,"NO:23-25  JALAN USJ 1/20, TAMAN SUBANG PERMAI",47600,47600 SUBANG JAYA,Others,CENTRAL,CENTRAL,3.057186,101.599203,cmh,1964.79,9,33062,CHCRB11,0,0,0,,010-924 1063,Monday: 8:00?AM?–?10:00?PM | Tuesday: 8:00?AM?–?10:00?PM | Wednesday: 8:00?AM?–?10:00?PM | Thursday: 8:00?AM?–?10:00?PM | Friday: 8:00?AM?–?10:00?PM | Saturday: 8:00?AM?–?10:00?PM | Sunday: 8:00?AM?–?10:00?PM,,
CT3211005660,BALKEES ENTERPRISE,"NO:6  JALAN SRI SENTOSA 1A/133, TAMAN SRI SENTOSA",58000,JALAN KLANG LAMA  BATU 6 1/2,Others,CENTRAL,CENTRAL,3.0803969,101.6617308,spv,418.37,8.8,33062,CHCRB11,0,0,0,,,,,
CT3211005661,KEDAI RUNCIT MURIFA,"NO:20  JALAN SRI SENTOSA 2, TAMAN SRI SENTOSA  BATU 6 1/2",58000,JALAN KLANG LAMA,Others,CENTRAL,CENTRAL,3.0808831,101.6623507,spv,227.96,5.6,33062,CHCRB11,0,0,0,,,,,
CT3211005665,PASAR SEGAR MUBARAK,"NO.6G JALAN SR 7/7, TAMAN SERDANG RAYA",43300,43300 SERI KEMBANGAN  SELANGOR D. E.,Others,CENTRAL,CENTRAL,3.0424567,101.7039111,spv,264.66,2.4,33062,CHCRB2,5,1,0,,,Monday: 9:00?AM?–?8:00?PM | Tuesday: 9:00?AM?–?8:00?PM | Wednesday: 9:00?AM?–?8:00?PM | Thursday: 9:00?AM?–?8:00?PM | Friday: 9:00?AM?–?8:00?PM | Saturday: 9:00?AM?–?8:00?PM | Sunday: 9:00?AM?–?8:00?PM,,
CT3211005688,PASAR RAYA C T MART SDN BHD,"NO:98&100-G  JALAN BPU 1, BANDAR PUCHONG UTAMA  BATU 14",47100,JALAN PUCHONG,Others,CENTRAL,CENTRAL,2.9960287,101.6213343,spv,-609.8,4.6,33062,CHCRB11,4.2,1928,0,,,Monday: 8:00?AM?–?10:00?PM | Tuesday: 8:00?AM?–?10:00?PM | Wednesday: 8:00?AM?–?10:00?PM | Thursday: 8:00?AM?–?10:00?PM | Friday: 8:00?AM?–?10:00?PM | Saturday: 8:00?AM?–?10:00?PM | Sunday: 8:00?AM?–?10:00?PM,http://heromarket.com.my/,
CT3211005690,PASARAYA KC SDN. BHD.,NO:19,0,,Others,CENTRAL,CENTRAL,3.0754063,101.6110631,cmh,177.94,4.2,33062,CHCRB11,0,0,0,,,,,
CT3211005692,YOUNG MING MARKETING SDN. BHD.,NO:40,0,,Others,CENTRAL,CENTRAL,2.982764,101.625214,whs,45911.9,5.4,33062,CHCRB11,0,0,0,,,,,
CT3211005697,G.U.S. (M) SDN. BHD.,NO:13,0,,Others,CENTRAL,CENTRAL,3.0164113,101.7041844,lpv,52842.07,48.6,33062,CHCRB3,4,1185,0,,010-269 7814,Monday: 9:30?AM?–?9:30?PM | Tuesday: 9:30?AM?–?9:30?PM | Wednesday: 9:30?AM?–?9:30?PM | Thursday: 9:30?AM?–?9:30?PM | Friday: 9:30?AM?–?9:30?PM | Saturday: 9:30?AM?–?9:30?PM | Sunday: 9:30?AM?–?9:30?PM,,
CT3211005698,KEDAI UBAT & RUNCIT JIN CHEONG,"NO:8  JALAN BS 5/26, TAMAN BUKIT SERDANG SEKSYEN 5",43300,43300 SERDANG,Others,CENTRAL,CENTRAL,3.022635,101.696084,cmh,651.23,3.6,33062,CHCRB2,4.3,10,0,,019-575 6229,Monday: 7:00?AM?–?10:50?PM | Tuesday: 7:00?AM?–?10:50?PM | Wednesday: 7:00?AM?–?10:50?PM | Thursday: 7:00?AM?–?10:50?PM | Friday: 7:00?AM?–?10:50?PM | Saturday: 7:00?AM?–?10:50?PM | Sunday: 7:00?AM?–?10:50?PM,,
CT3211005699,KEDAI UBAT DAN RUNCIT KAR HUAT,"NO:3-1  JALAN 4/1, TAMAN BUKIT SERDANG  SEKSYEN 4",43300,43300 SERI KEMBANGAN,Others,CENTRAL,CENTRAL,3.0220534,101.6988799,cmh,118.84,1.8,33062,CHCRB2,5,1,0,,012-623 0046,Monday: 9:00?AM?–?8:00?PM | Tuesday: 9:00?AM?–?8:00?PM | Wednesday: 9:00?AM?–?8:00?PM | Thursday: 9:00?AM?–?8:00?PM | Friday: 9:00?AM?–?8:00?PM | Saturday: 9:00?AM?–?8:00?PM | Sunday: 9:00?AM?–?8:00?PM,,
CT3211005701,KEDAI UBAT & RUNCIT WENG SOON HONG S/B,"NO:5-1  JALAN 4/1  SEKSYEN 4, PUSAT PERDAGANGAN SK TAMAN BUKIT SERDANG",43300,43300 SERI KEMBANGAN,Others,CENTRAL,CENTRAL,3.021948,101.699002,cmh,337.01,4.2,33062,CHCRB2,5,1,0,,012-623 0046,Monday: 9:00?AM?–?8:00?PM | Tuesday: 9:00?AM?–?8:00?PM | Wednesday: 9:00?AM?–?8:00?PM | Thursday: 9:00?AM?–?8:00?PM | Friday: 9:00?AM?–?8:00?PM | Saturday: 9:00?AM?–?8:00?PM | Sunday: 9:00?AM?–?8:00?PM,,
CT3211005708,ECO RETAIL MART SDN. BHD.,"G13  DK SENZA, JALAN TAYLORS",47500,47500 SUBANG JAYA,Others,CENTRAL,CENTRAL,3.07143,101.600254,con,252751.9,94.6,33062,CHCRB2,4,4,0,ChIJp6XXAU9NzDERz5nTu1mkRBk,,,,TRUE
CT3211005709,KEDAI UBAT FOOK YAU SDN. BHD.,NO:23 JALAN PASAR,43300,43300 SERI KEMBANGAN,Others,CENTRAL,CENTRAL,3.0236016,101.7061346,cmh,244.95,3.6,33062,CHCRB2,3.9,68,0,,03-8948 3233,Monday: 9:00?AM?–?8:00?PM | Tuesday: 9:00?AM?–?8:00?PM | Wednesday: 9:00?AM?–?8:00?PM | Thursday: 9:00?AM?–?8:00?PM | Friday: 9:00?AM?–?8:00?PM | Saturday: 9:00?AM?–?8:00?PM | Sunday: Closed,https://m.facebook.com/pages/Eka-Mini-Market/181672722783813,
CT3211005710,LITTLE KITCHEN MINI MARKET,"NO:13 UG  JALAN PJS 9/1A, PUSAT PERNIAGAAN LAGOON PERDANA",49750,49750 BANDAR SUNWAY,Others,CENTRAL,CENTRAL,3.0610337,101.6103705,spv,750.87,9.4,33062,CHCRB11,4.3,1245,0,,03-5611 9735,Monday: 9:30?AM?–?10:00?PM | Tuesday: 9:30?AM?–?10:00?PM | Wednesday: 9:30?AM?–?10:00?PM | Thursday: 9:30?AM?–?10:00?PM | Friday: 9:30?AM?–?10:00?PM | Saturday: 9:30?AM?–?10:00?PM | Sunday: 9:30?AM?–?10:00?PM,https://www.jayagrocer.com/,
CT3211005711,PASARAYA TNC SDN BHD,"NO:8 & 10  JALAN KEKWA 3/4, TAMAN PUCHONG PERDANA",47100,47100 PUCHONG,Others,CENTRAL,CENTRAL,3.0070805,101.6057233,spv,254.96,7,33062,CHCRB11,3.7,19,0,,,Monday: 9:30?AM?–?8:00?PM | Tuesday: 9:30?AM?–?8:00?PM | Wednesday: 9:30?AM?–?8:00?PM | Thursday: 9:30?AM?–?8:00?PM | Friday: 9:30?AM?–?8:00?PM | Saturday: 9:30?AM?–?8:00?PM | Sunday: 9:30?AM?–?8:00?PM,,
CT3211005712,KEDAI UBAT YIN ONN TONG,"12-B  JALAN PASAR, SERI KEMBANGAN",43300,43300 SERDANG,Others,CENTRAL,CENTRAL,3.0238846,101.7060037,cmh,103.29,1.8,33062,CHCRB2,3.9,68,0,,03-8948 3233,Monday: 9:00?AM?–?8:00?PM | Tuesday: 9:00?AM?–?8:00?PM | Wednesday: 9:00?AM?–?8:00?PM | Thursday: 9:00?AM?–?8:00?PM | Friday: 9:00?AM?–?8:00?PM | Saturday: 9:00?AM?–?8:00?PM | Sunday: Closed,https://m.facebook.com/pages/Eka-Mini-Market/181672722783813,
CT3211005722,PASAR MINI MKI,"NO:5  JALAN BK 4/2A, BANDAR KINRARA",47100,47100 PUCHONG,Others,CENTRAL,CENTRAL,3.0429593,101.6412518,spv,3163.9,18.8,33062,CHCRB11,0,0,0,,,,,
CT3211005723,SUPER EIGHT MINI MARKET,"NO:8  BLOK 4, FLAT TAMAN SERI SERDANG",43300,43300 SERI KEMBANGAN,Others,CENTRAL,CENTRAL,3.0041466,101.7109,spv,203.4,2,33062,CHCRB2,4.5,6,0,,012-378 0424,Monday: 8:30?AM?–?8:00?PM | Tuesday: 8:30?AM?–?8:00?PM | Wednesday: 8:30?AM?–?8:00?PM | Thursday: 8:30?AM?–?8:00?PM | Friday: 8:30?AM?–?8:00?PM | Saturday: 8:30?AM?–?8:00?PM | Sunday: 8:30?AM?–?8:00?PM,https://www.facebook.com/Supereightminimarket,
CT3211005724,ZEN GROCER SDN. BHD.,"NO:41-G & 43-G  JALAN BK 5A/2, BANDAR KINRARA",47180,47180 PUCHONG,Others,CENTRAL,CENTRAL,3.0479918,101.6460252,spv,-788.02,3.2,33062,CHCRB11,4,6634,0,,03-8070 0222,Monday: 8:00?AM?–?10:00?PM | Tuesday: 8:00?AM?–?10:00?PM | Wednesday: 8:00?AM?–?10:00?PM | Thursday: 8:00?AM?–?10:00?PM | Friday: 8:00?AM?–?10:00?PM | Saturday: 8:00?AM?–?10:00?PM | Sunday: 8:00?AM?–?10:00?PM,http://www.giant.com.my/,
CT3211005726,PASARAYA AJ,NO:1 & 3,0,,Others,CENTRAL,CENTRAL,2.9894034,101.6298559,spv,861.01,6.6,33062,CHCRB11,0,0,0,,,,,
CT3211005727,PASAR MINI ANGKASA JAYA,"NO:14  USJ 4/9G, 47600 UEP SUBANG JAYA",47600,,Others,CENTRAL,CENTRAL,3.0458754,101.5755784,spv,156.14,4.8,33062,CHCRB11,3.8,4,0,ChIJDRWJ9NlMzDERG6IU3mCYMoo,03-8024 4591,Monday: 8:30?AM?–?8:00?PM | Tuesday: 8:30?AM?–?8:00?PM | Wednesday: 8:30?AM?–?8:00?PM | Thursday: 8:30?AM?–?8:00?PM | Friday: 8:30?AM?–?8:00?PM | Saturday: 8:30?AM?–?8:00?PM | Sunday: 8:30?AM?–?8:00?PM,https://m.facebook.com/Pasar-Mini-Angkasa-Jaya-104486309639291/,
CT3211005728,AAA MINI MARKET,"1G-27  JALAN PP41, TAMAN PINGGIRAN PUTRA",43300,43300 SERI KEMBANGAN,Others,CENTRAL,CENTRAL,2.9882737,101.6720934,spv,7630.25,23,33062,CHCRB2,1,1,0,,012-249 0013,Monday: 9:00?AM?–?9:00?PM | Tuesday: 9:00?AM?–?9:00?PM | Wednesday: 9:00?AM?–?9:00?PM | Thursday: 9:00?AM?–?9:00?PM | Friday: 9:00?AM?–?9:00?PM | Saturday: 9:00?AM?–?9:00?PM | Sunday: 9:00?AM?–?9:00?PM,,
CT3211005729,BALAJI ENTERPRISE SDN BHD,PASAR BORONG SELANGOR,0,,Others,CENTRAL,CENTRAL,2.9856236,101.6714629,lpv,19732.53,17.8,33062,CHCRB2,0,0,0,,,,,
CT3211005731,PASAR MINI AMAN MAJU,"B3-0-35  JALAN 1/152, TAMAN OUG PARK LANE",58200,58200 KUALA LUMPUR.,Others,CENTRAL,CENTRAL,3.068721,101.656754,spv,190.35,5,33062,CHCRB11,5,1,0,,07-283 0123,Monday: 10:00?AM?–?10:00?PM | Tuesday: 10:00?AM?–?10:00?PM | Wednesday: 10:00?AM?–?10:00?PM | Thursday: 10:00?AM?–?10:00?PM | Friday: 10:00?AM?–?10:00?PM | Saturday: 10:00?AM?–?10:00?PM | Sunday: 10:00?AM?–?10:00?PM,https://www.eco-shop.com.my/,
CT3211005732,KEDAI UBAT & RUNCIT KIN WAI SDN. BHD.,"NO:138  JALAN PUJ 3/2, TAMAN PUNCAK JALIL",43300,43300 SERI KEMBANGAN,Others,CENTRAL,CENTRAL,3.0208657,101.6744306,cmh,708.42,6.6,33062,CHCRB2,4.8,4,0,,017-262 3687,Monday: Closed | Tuesday: 6:00?AM?–?3:00?PM | Wednesday: 6:00?AM?–?3:00?PM | Thursday: 6:00?AM?–?3:00?PM | Friday: 6:00?AM?–?3:00?PM | Saturday: 6:00?AM?–?3:00?PM | Sunday: 6:00?AM?–?3:00?PM,https://m.facebook.com/%E6%97%A5%E6%97%A5%E6%9D%A5%E6%96%B0%E9%B2%9C%E8%82%89%E7%B1%BB%E9%A3%9F%E5%93%81-Daily-Fresh-Foods-Market-106568607767745/,
CT3211005733,MML RESOURCES,"NO:109  RIDZUAN CONDO, JALAN 10/11  SUNWAY",46000,46000 PETALING JAYA,Others,CENTRAL,CENTRAL,3.07865,101.604683,spv,202.76,5.2,33062,CHCRB11,0,0,0,,,,,
CT3211005735,PASARAYA & KEDAI UBAT BAN ON TONG S/B,"L1-3  BLOCK C  JALAN TK 1/11E, TAMAN KINRARA  SEKSYEN 1",58200,BATU 7 1/2  JALAN PUCHONG,Others,CENTRAL,CENTRAL,3.0634001,101.6473542,cmh,588.1,9.2,33062,CHCRB11,3.8,12,0,ChIJLYcn7A5LzDERWqjUfcCknZk,03-8075 7016,Monday: 9:30?AM?–?7:00?PM | Tuesday: 9:30?AM?–?7:00?PM | Wednesday: 9:30?AM?–?7:00?PM | Thursday: 9:30?AM?–?7:00?PM | Friday: 9:30?AM?–?7:00?PM | Saturday: 9:30?AM?–?7:00?PM | Sunday: 9:30?AM?–?3:00?PM,,
CT3211005737,SHOP IN STORE SDN. BHD.,"NO:G-07  G-08  TINGKAT BAWAH, PLAZA SERDANG RAYA",43300,JALAN SERDANG RAYA  SEKSYEN 7,Others,CENTRAL,CENTRAL,3.041949,101.70438,cmh,149.01,4.2,33062,CHCRB2,5,1,0,,,Monday: 9:00?AM?–?8:00?PM | Tuesday: 9:00?AM?–?8:00?PM | Wednesday: 9:00?AM?–?8:00?PM | Thursday: 9:00?AM?–?8:00?PM | Friday: 9:00?AM?–?8:00?PM | Saturday: 9:00?AM?–?8:00?PM | Sunday: 9:00?AM?–?8:00?PM,,
CT3211005738,SUN TRADER ENTERPRISE SDN. BHD.,"UNIT 4, NO:6, JALAN BS 9/13,, TAMAN BUKIT SERDANG,",43300,43300 SERI KEMBANGAN,Others,CENTRAL,CENTRAL,3.0197566,101.7341858,whs,0,0,33062,CHCRBGEN,0,0,0,,,,,
CT3211005739,T S MAJU TRADING SDN. BHD.,"LOT 58770  JALAN SK11/3 OFF JALAN BESAR, 43000 SERI KEMBANGAN",43000,SELANGOR DARUL EHSAN.,Others,CENTRAL,CENTRAL,3.0250034,101.7078156,whs,14116.48,0.8,33062,CHCRBGEN,3.9,68,0,,03-8948 3233,Monday: 9:00?AM?–?8:00?PM | Tuesday: 9:00?AM?–?8:00?PM | Wednesday: 9:00?AM?–?8:00?PM | Thursday: 9:00?AM?–?8:00?PM | Friday: 9:00?AM?–?8:00?PM | Saturday: 9:00?AM?–?8:00?PM | Sunday: Closed,https://m.facebook.com/pages/Eka-Mini-Market/181672722783813,
CT3211005757,SIN CHUAN HIN CASH & CARRY,"NO:18  JALAN PEJABAT POS, BANDAR SUNGAI BESI",57100,57100 KUALA LUMPUR,Others,CENTRAL,CENTRAL,3.0635061,101.7095812,spv,85.07,1.8,33062,CHCRB7,0,0,0,,016-493 8654,Monday: 6:00?AM?–?10:00?PM | Tuesday: 6:00?AM?–?10:00?PM | Wednesday: 6:00?AM?–?10:00?PM | Thursday: 6:00?AM?–?10:00?PM | Friday: 6:00?AM?–?10:00?PM | Saturday: 6:00?AM?–?10:00?PM | Sunday: 6:00?AM?–?10:00?PM,,
CT3211005759,KEDAI RUNCIT YAN YAN,"NO:10  JALAN SUNGAI BESI INDAH 1-16, TAMAN SUNGAI BESI INDAH",43300,43300 SERI KEMBANGAN,Others,CENTRAL,CENTRAL,3.0281541,101.7220932,spv,2299.96,7.6,33062,CHCRB2,0,0,0,,,,,
CT3211005769,R & B SUPERMART,"NO:20  JALAN USJ 4/6B, 47600 SUBANG JAYA",47600,,Others,CENTRAL,CENTRAL,3.051267,101.576279,spv,118.48,2.4,33062,CHCRB11,4,1,0,,018-240 6786,Monday: 8:00?AM?–?12:30?AM | Tuesday: 8:00?AM?–?12:30?AM | Wednesday: 8:00?AM?–?12:30?AM | Thursday: 8:00?AM?–?12:30?AM | Friday: 8:00?AM?–?12:30?AM | Saturday: 8:00?AM?–?12:30?AM | Sunday: 8:00?AM?–?12:30?AM,https://rrminimart.my.canva.site/,
CT3211005772,PASAR MINI LEIN FONG,"NO:25-27  JALAN MERAK 2A, BANDAR PUCHONG JAYA",47100,47100 PUCHONG,Others,CENTRAL,CENTRAL,3.0530498,101.622808,cmh,1390.63,5.2,33062,CHCRB11,3.8,73,0,ChIJYQG67F1LzDER2UBMyq_iGIo,03-8070 3050,Monday: 8:00?AM?–?8:00?PM | Tuesday: 8:00?AM?–?8:00?PM | Wednesday: 8:00?AM?–?8:00?PM | Thursday: 8:00?AM?–?8:00?PM | Friday: 8:00?AM?–?8:00?PM | Saturday: 8:00?AM?–?8:00?PM | Sunday: Closed,,
CT3211005795,HUA BEE & CO.,NO:169  JALAN BESAR,42700,42700 BANTING,Others,CENTRAL,CENTRAL,2.8135858,101.5037998,spv,149.19,1.8,33062,CHCRB10,0,0,0,,,,,
CT3211005811,DOUBLE FOUR CONVENIENCE SHOP SDN. BHD.,"NO:7  JALAN 4/11A  SEKSYEN 4 TAMBAHAN, 43650 BANDAR BARU BANGI",43650,,Others,CENTRAL,CENTRAL,2.9647811,101.7803602,spv,284.97,4.8,33062,CHCRB7,0,0,0,,,,,
CT3211005812,DOUBLE FOUR CONVENIENCE SHOP SDN. BHD.,"S-03A  PLAZA INDAH, JALAN SEPAKAT INDAH 1",43000,43000 KAJANG,Others,CENTRAL,CENTRAL,2.9835427,101.783667,spv,259.24,2.8,33062,CHCRB7,0,0,0,,,,,
CT3211005814,DOUBLE FOUR CONVENIENCE SHOP SDN. BHD.,"NO:2  TAMAN SRI KOTA, JALAN SUNGAI CHUA",43000,43000 KAJANG,Others,CENTRAL,CENTRAL,2.9904188,101.7800969,spv,265.46,3,33062,CHCRB7,0,0,0,,,,,
CT3211005817,KCA SPEEDMART (2),"NO:33A  JALAN 3/69, SEKSYEN 3",43650,43650 BANDAR BARU BANGI,Others,CENTRAL,CENTRAL,2.9379077,101.7744232,spv,1139.94,8.4,33062,CHCRB7,0,0,0,,,,,
CT3211005818,PASAR MINI MURNI JAYA,"NO:6-7  JALAN SATU, TAMAN INDAH SUNGAI JELOK",43000,43000 KAJANG,Others,CENTRAL,CENTRAL,2.997137,101.806926,spv,2791.31,7,33062,CHCRB7,3.4,40,0,,,Monday: 11:00?AM?–?11:00?PM | Tuesday: 11:00?AM?–?11:00?PM | Wednesday: 11:00?AM?–?11:00?PM | Thursday: 11:00?AM?–?11:00?PM | Friday: 11:00?AM?–?11:00?PM | Saturday: 11:00?AM?–?11:00?PM | Sunday: 11:00?AM?–?11:00?PM,,
CT3211005819,PREMIER DIAGNOSTICS SDN. BHD.,"NO:4  JALAN TEBUK PULAI 26/10, SEKSYEN 26",40400,40400 SHAH ALAM,Others,CENTRAL,CENTRAL,3.028466,101.558464,spv,67.53,0.8,33062,CHCRB7,0,0,0,,,,,
CT3211005820,SAGAMIN EDARAN SDN. BHD.,NO:30,0,,Others,CENTRAL,CENTRAL,2.9939974,101.8082485,whs,87144.24,1.8,33062,CHCRB11,4.1,72,0,,016-450 2952,Monday: 7:00?AM?–?10:00?PM | Tuesday: 7:00?AM?–?10:00?PM | Wednesday: 7:00?AM?–?10:00?PM | Thursday: 7:00?AM?–?10:00?PM | Friday: 7:00?AM?–?10:00?PM | Saturday: 7:00?AM?–?10:00?PM | Sunday: 7:00?AM?–?10:00?PM,,
CT3211005831,LUTFAN MINIMARKET,"G04 PODIUM A MENTARI COURT, TAMAN SERI MENTARI  JALAN PJS 8/9",46150,PETALING JAYA,Others,CENTRAL,CENTRAL,3.080923,101.6120977,spv,5332.31,19.6,33062,CHCRB11,0,0,0,,,,,
CT3211005832,NEWJAYA SUPERMARKET SDN. BHD.,"NO:11A  JALAN TAMING KANAN 2, TAMAN TAMING JAYA",43300,BALAKONG,Others,CENTRAL,CENTRAL,3.0248656,101.741303,spv,1258.84,4.6,33062,CHCRB2,0,0,0,,012-265 2423,Monday: 8:00?AM?–?10:00?PM | Tuesday: 8:00?AM?–?10:00?PM | Wednesday: 8:00?AM?–?10:00?PM | Thursday: 8:00?AM?–?10:00?PM | Friday: 8:00?AM?–?10:00?PM | Saturday: 8:00?AM?–?10:00?PM | Sunday: 8:00?AM?–?10:00?PM,,
CT3211005833,SAGAMIN SAVE MART,"NO:5 & 7  JALAN KARUNMAS 10, TAMAN DESA KARUNMAS",43300,SERI KEMBANGAN,Others,CENTRAL,CENTRAL,3.0047942,101.757177,spv,180.73,1.2,33062,CHCRB2,0,0,0,,012-614 8498,Monday: 8:00?AM?–?10:00?PM | Tuesday: 8:00?AM?–?10:00?PM | Wednesday: 8:00?AM?–?10:00?PM | Thursday: 8:00?AM?–?10:00?PM | Friday: 8:00?AM?–?10:00?PM | Saturday: 8:00?AM?–?10:00?PM | Sunday: 8:00?AM?–?10:00?PM,,
CT3211005838,KEDAI UBAT MING LOONG SDN. BHD.,"NO:25  27  JALAN TUN PERAK 2, TAMAN TUN PERAK",43200,43200 CHERAS,Others,CENTRAL,CENTRAL,3.062845,101.758652,cmh,-1871.36,6,33062,CHCRB7,0,0,0,,,,,
CT3211005839,PASAR MINI REZEKI,"B-0-3 JALAN 12/144A, TAMAN BUKIT CHERAS",56000,56000 KUALA LUMPUR.,Others,CENTRAL,CENTRAL,3.0693603,101.7488383,spv,139.16,3.4,33062,CHCRB7,5,1,0,,016-375 0115,Monday: 9:00?AM?–?5:00?PM | Tuesday: 9:00?AM?–?5:00?PM | Wednesday: 9:00?AM?–?5:00?PM | Thursday: 9:00?AM?–?5:00?PM | Friday: 9:00?AM?–?5:00?PM | Saturday: 9:00?AM?–?2:00?PM | Sunday: Closed,,
CT3211005840,PASAR MINI SGF,"NO:27  JALAN ANGSANA 1, TAMAN BUKIT ANGSANA",56000,56000 CHERAS,Others,CENTRAL,CENTRAL,3.062074,101.749728,cmh,154.7,2.2,33062,CHCRB7,3.6,621,0,,010-769 7934,Monday: 8:30?AM?–?10:00?PM | Tuesday: 8:30?AM?–?10:00?PM | Wednesday: 8:30?AM?–?10:00?PM | Thursday: 8:30?AM?–?10:00?PM | Friday: 8:30?AM?–?10:00?PM | Saturday: 8:30?AM?–?10:00?PM | Sunday: 8:30?AM?–?10:00?PM,http://www.nsktrade.com/,
CT3211005848,SEET OFFICE SUPPLIES SDN. BHD.,A-2-27-A-2-31,0,,Others,CENTRAL,CENTRAL,3.0227975,101.6101989,whs,12184.87,5.2,33062,CHCRB11,0,0,0,,,,,
CT3211005853,CH HERBAL HOUSE TRADING,"NO:15  JALAN MEGAH 29, TAMAN MEGAH  BATU 9 1/2",43200,43200 CHERAS,Others,CENTRAL,CENTRAL,3.0548344,101.7691649,cmh,221.1,4.2,33062,CHCRB7,0,0,0,,,,,
CT3211005861,PASARAYA BAN SOON SDN. BHD.,"NO:19 & 21  JALAN JERNANG JAYA 1, TAMAN JERNANG JAYA",43000,KAJANG,Others,CENTRAL,CENTRAL,2.9244258,101.7594752,spv,2023.18,5.6,33062,CHCRB2,3.9,74,0,,012-604 7266,Monday: 8:00?AM?–?10:00?PM | Tuesday: 8:00?AM?–?10:00?PM | Wednesday: 8:00?AM?–?10:00?PM | Thursday: 8:00?AM?–?10:00?PM | Friday: 8:00?AM?–?10:00?PM | Saturday: 8:00?AM?–?10:00?PM | Sunday: 8:00?AM?–?10:00?PM,https://segigroup.com/,
CT3211005862,BHAS ENTERPRISE,"S01-02  USJ ONE, PERSIARAN SUBANG PERMAI  USJ1",47500,SUBANG JAYA,Others,CENTRAL,CENTRAL,3.057912,101.5981785,spv,222.2,4.4,33062,CHCRB11,0,0,0,,011-5177 2788,Monday: 8:00?AM?–?2:00?PM | Tuesday: Closed | Wednesday: Closed | Thursday: Closed | Friday: Closed | Saturday: 8:00?AM?–?8:00?PM | Sunday: 8:00?AM?–?8:00?PM,,
CT3211005863,CS BROTHERS SDN. BHD. BANGI,"NO:1  PERSIARAN BANGI AVENUE, TAMAN BANGI AVENUE",43000,KAJANG,CSBROTHER,CENTRAL,CENTRAL,2.9023979,101.7892989,smt,162537.26,59.6,33062,CHCRB2,4.1,4735,0,,03-8687 5003,Monday: 8:30?AM?–?10:30?PM | Tuesday: 8:30?AM?–?10:30?PM | Wednesday: 8:30?AM?–?10:30?PM | Thursday: 8:30?AM?–?10:30?PM | Friday: 8:30?AM?–?10:30?PM | Saturday: 8:30?AM?–?10:30?PM | Sunday: 8:30?AM?–?10:30?PM,http://www.mycs.com.my/,
CT3211005864,YS HYPER,"NO:286  JALAN BERJAYA 10, TAMAN BERJAYA  SUNGAI CHUA",43000,KAJANG,Others,CENTRAL,CENTRAL,2.9840915,101.7785018,lpv,1167.96,5.8,33062,CHCRB7,0,0,0,,,,,
CT3211005865,PXP ENTERPRISE SDN BHD,NO:37,0,,Others,CENTRAL,CENTRAL,3.0240035,101.8051696,whs,18163.92,0.8,33062,CHCRBGEN,0,0,0,,,,,
CT3211005867,CS BROTHERS SDN. BHD. TUN PERAK,LOT 1292 & 30876,0,,CSBROTHER,CENTRAL,CENTRAL,3.064005,101.755779,smt,78765.32,27.2,33062,CHCRB3,4,3970,0,,03-9100 2010,Monday: 8:30?AM?–?10:30?PM | Tuesday: 8:30?AM?–?10:30?PM | Wednesday: 8:30?AM?–?10:30?PM | Thursday: 8:30?AM?–?10:30?PM | Friday: 8:30?AM?–?10:30?PM | Saturday: 8:30?AM?–?10:30?PM | Sunday: 8:30?AM?–?10:30?PM,http://www.mycs.com.my/,
CT3211005868,PASARAYA SENG SOON SDN. BHD.,"NO:36  LORONG CP4/38  CHERAS PERDANA, BATU 9 3/4  JALAN CHERAS",43200,,Others,CENTRAL,CENTRAL,3.0468976,101.7679974,cmh,527.57,5.4,33062,CHCRB7,4.3,3,0,,011-6123 1499,Monday: 8:00?AM?–?10:00?PM | Tuesday: 8:00?AM?–?10:00?PM | Wednesday: 8:00?AM?–?10:00?PM | Thursday: 8:00?AM?–?10:00?PM | Friday: 8:00?AM?–?10:00?PM | Saturday: 8:00?AM?–?10:00?PM | Sunday: 8:00?AM?–?10:00?PM,,
CT3211005873,CS BROTHERS SDN. BHD. ULU LANGAT,"NO:74-86  JALAN LAGENDA SURIA 3, TAMAN LAGENDA SURIA",43100,43100 ULU LANGAT,CSBROTHER,CENTRAL,CENTRAL,3.0994855,101.7999774,smt,19281,24.8,33062,CHCRB3,4,1,0,,03-9021 5199,Monday: 10:00?AM?–?9:30?PM | Tuesday: 10:00?AM?–?9:30?PM | Wednesday: 10:00?AM?–?9:30?PM | Thursday: 10:00?AM?–?9:30?PM | Friday: 10:00?AM?–?9:30?PM | Saturday: 10:00?AM?–?9:30?PM | Sunday: 10:00?AM?–?9:30?PM,,
CT3211005876,CASH SALES (SALES EXECUTIVE 5),KLANG,0,,Others,CENTRAL,CENTRAL,3.064675,101.4467917,cash,0,0,33062,CHCRB5,0,0,0,,,,,
CT3211005877,CASH SALES (SALES EXECUTIVE 3),KLANG,0,,Others,CENTRAL,CENTRAL,3.0731682,101.6735823,cash,0,0,33062,CHCRB3,3.6,30,0,,016-251 5851,Monday: 6:30?AM?–?5:00?PM | Tuesday: 6:30?AM?–?5:00?PM | Wednesday: 6:30?AM?–?5:00?PM | Thursday: 6:30?AM?–?5:00?PM | Friday: 6:30?AM?–?5:00?PM | Saturday: 6:30?AM?–?5:00?PM | Sunday: 6:00?AM?–?2:00?AM,,
CT3211005878,CASH SALES (SALES EXECUTIVE 2),KLANG,0,,Others,CENTRAL,CENTRAL,0,0,cash,0,0,33062,CHCRB1,0,0,0,,,,,
CT3211005902,AK RETAIL SDN. BHD.,"NO:60G-62G-64G  JALAN BANDAR 2, PUSAT BANDAR PUCHONG",47100,PUCHONG,Others,CENTRAL,CENTRAL,3.0342731,101.6180509,spv,4767.66,27.4,33062,CHCRB11,0,0,0,,,,,
CT3211005903,PASARAYA BAN SOON SDN. BHD.,NO:11,0,,Others,CENTRAL,CENTRAL,3.076074,101.4888998,spv,196.94,4.8,33062,CHCRB7,0,0,0,,03-5512 3710,Monday: 8:30?AM?–?8:00?PM | Tuesday: 8:30?AM?–?8:00?PM | Wednesday: 8:30?AM?–?8:00?PM | Thursday: 8:30?AM?–?8:00?PM | Friday: 8:30?AM?–?8:00?PM | Saturday: 8:30?AM?–?8:00?PM | Sunday: 8:30?AM?–?8:00?PM,,
CT3211005905,PASARAYA PUCHONG HERBS & FOOD SDN. BHD.,"NO:8  KOMPLEKS TEMPAT LETAK KERETA, PERSIARAN PUTERI 1  BANDAR PUTERI",47100,47100 PUCHONG,Others,CENTRAL,CENTRAL,3.014486,101.6137924,cmh,3482.67,7.6,33062,CHCRB11,4.1,162,0,ChIJg25temCzzTERAVyTBC2xeHg,016-665 6388,Monday: 9:00?AM?–?9:00?PM | Tuesday: 9:00?AM?–?9:00?PM | Wednesday: 9:00?AM?–?9:00?PM | Thursday: 9:00?AM?–?9:00?PM | Friday: 9:00?AM?–?9:00?PM | Saturday: 9:00?AM?–?9:00?PM | Sunday: 9:00?AM?–?9:00?PM,,
CT3211005914,HERBS 'N' FOOD SDN BHD (SUBANG JAYA),"NO:116 & 118  JALAN SS 15/4B, SUBANG JAYA",47500,PETALING JAYA,Others,CENTRAL,CENTRAL,3.0780856,101.5890241,spv,696.51,7.8,33062,CHCRB11,3.5,11,0,,07-283 0123,Monday: 12:30?–?9:00?PM | Tuesday: 12:30?–?9:00?PM | Wednesday: 12:30?–?9:00?PM | Thursday: 12:30?–?9:00?PM | Friday: 12:30?–?9:00?PM | Saturday: 12:30?–?9:00?PM | Sunday: 12:30?–?9:00?PM,https://www.eco-shop.com.my/,
CT3211005916,LAI CONVENIENT MINI MARKET,"G5  CAR PARK C  TAMAN SERI MENTARI, JALAN PJS 8/9",46150,PETALING JAYA,Others,CENTRAL,CENTRAL,3.0817118,101.6076094,spv,5804.12,23,33062,CHCRB11,0,0,0,,,,,
CT3211005919,PASAR SEGAR NOOR MUBARAK,"NO:04 05  JALAN PBS 14/7, TAMAN PERINDUSTRIAN BUKIT SERDANG",43300,SERI KEMBANGAN,Others,CENTRAL,CENTRAL,3.0424328,101.6978038,spv,124.13,1,33062,CHCRB2,3.7,3,0,,,Monday: 8:00?AM?–?8:00?PM | Tuesday: 8:00?AM?–?8:00?PM | Wednesday: 8:00?AM?–?8:00?PM | Thursday: 8:00?AM?–?8:00?PM | Friday: 8:00?AM?–?8:00?PM | Saturday: 8:00?AM?–?8:00?PM | Sunday: 8:00?AM?–?8:00?PM,,
CT3211005924,LUTFAN MINI MARKET 2,"G02 G03 CAR PARK PODIUM B, MENTARI COURT  JALAN PJS 8/9",46150,46150 PETALING JAYA,Others,CENTRAL,CENTRAL,3.0815919,101.6094432,spv,337.59,8.4,33062,CHCRB11,0,0,0,,,,,
CT3211005947,PASAR MINI DAN UBAT BAO JIAN SL,"NO:19  JALAN SL 1/3, BANDAR SUNGAI LONG  BATU 11",43200,JALAN CHERAS,Others,CENTRAL,CENTRAL,3.0403241,101.7933619,cmh,8026.62,14.4,33062,CHCRB2,3.8,40,0,,03-9076 7242,Monday: 7:00?AM?–?7:00?PM | Tuesday: 7:00?AM?–?7:00?PM | Wednesday: 7:00?AM?–?7:00?PM | Thursday: 7:00?AM?–?7:00?PM | Friday: 7:00?AM?–?7:00?PM | Saturday: 7:00?AM?–?7:00?PM | Sunday: 7:00?AM?–?5:00?PM,http://www.yskfreshmart.com.my/,
CT3211005949,PASARAYA CH (SG. LONG ) SDN. BHD.,"NO:3 5 7  JALAN SL 1/10, BANDAR SUNGAI LONG",43200,KAJANG,Others,CENTRAL,CENTRAL,3.0413196,101.7927506,cmh,9292.63,18.4,33062,CHCRB2,3.8,43,0,,03-9019 9005,Monday: 9:00?AM?–?8:00?PM | Tuesday: 9:00?AM?–?8:00?PM | Wednesday: 9:00?AM?–?8:00?PM | Thursday: 9:00?AM?–?8:00?PM | Friday: 9:00?AM?–?8:00?PM | Saturday: 9:00?AM?–?8:00?PM | Sunday: 9:00?AM?–?8:00?PM,https://www.facebook.com/CHSGLONGMH/,
CT3211005950,CHUAN HENG TRADING COMPANY,LOT 869,0,,Others,CENTRAL,CENTRAL,2.949165,101.7869929,lpv,21614.95,7.2,33062,CHCRB2,4.1,332,0,ChIJg4igjoHLzTERgoTXpZ_7iDE,03-8210 8121,Monday: 7:00?AM?–?7:00?PM | Tuesday: 7:00?AM?–?7:00?PM | Wednesday: 7:00?AM?–?7:00?PM | Thursday: 7:00?AM?–?7:00?PM | Friday: 7:00?AM?–?7:00?PM | Saturday: 7:00?AM?–?7:00?PM | Sunday: 7:00?AM?–?7:00?PM,,
CT3211005963,BESNIAGA TRADING,NO:18,0,,Others,CENTRAL,CENTRAL,2.9939313,101.8082475,whs,80114.25,2.4,33062,CHCRB11,4.1,72,0,,016-450 2952,Monday: 7:00?AM?–?10:00?PM | Tuesday: 7:00?AM?–?10:00?PM | Wednesday: 7:00?AM?–?10:00?PM | Thursday: 7:00?AM?–?10:00?PM | Friday: 7:00?AM?–?10:00?PM | Saturday: 7:00?AM?–?10:00?PM | Sunday: 7:00?AM?–?10:00?PM,,
CT3211005964,KEDAI UBAT DAN PASARMINI HING ONN SDN. BHD.,"NO:27  JALAN SL 1/3, BANDAR SUNGAI LONG 11 1/4 BATU",43000,JALAN CHERAS,Others,CENTRAL,CENTRAL,3.040016,101.793201,cmh,5574.67,12.6,33062,CHCRB2,3.8,40,0,,03-9076 7242,Monday: 7:00?AM?–?7:00?PM | Tuesday: 7:00?AM?–?7:00?PM | Wednesday: 7:00?AM?–?7:00?PM | Thursday: 7:00?AM?–?7:00?PM | Friday: 7:00?AM?–?7:00?PM | Saturday: 7:00?AM?–?7:00?PM | Sunday: 7:00?AM?–?5:00?PM,http://www.yskfreshmart.com.my/,
CT3211005965,HENG LEE & SONS ENTERPRISE SDN. BHD.,NO:61,0,,Others,CENTRAL,CENTRAL,2.9889622,101.7771534,whs,-2189.89,0,33062,CHCRBGEN,0,0,0,,,,,
CT3211005966,PASARAYA SERI BANGI,"NO:125  JALAN 8/1  SEKSYEN 8, BANDAR BARU BANGI",43650,SELANGOR DARUL EHSAN.,Others,CENTRAL,CENTRAL,2.9628388,101.7555107,spv,172.61,5.2,33062,CHCRB7,4.3,722,0,,1-300-80-2366,Monday: 10:00?AM?–?10:00?PM | Tuesday: 10:00?AM?–?10:00?PM | Wednesday: 10:00?AM?–?10:00?PM | Thursday: 10:00?AM?–?10:00?PM | Friday: 10:00?AM?–?10:00?PM | Saturday: 10:00?AM?–?10:00?PM | Sunday: 10:00?AM?–?10:00?PM,,
CT3211005995,CHECKERS HYPERMARKET SDN. BHD.(SERI SENTOSA),"LOT 2942 & 2945, JALAN SERI SENTOSA 8  SERI SENTOSA",58000,OFF JALAN KLANG LAMA,CHECKERS,CENTRAL,CENTRAL,3.071692,101.65329,smt,125200.7,46.2,33062,CHCRB3,4.2,1474,0,,03-9212 8186,Monday: 8:00?AM?–?10:00?PM | Tuesday: 8:00?AM?–?10:00?PM | Wednesday: 8:00?AM?–?10:00?PM | Thursday: 8:00?AM?–?10:00?PM | Friday: 8:00?AM?–?10:00?PM | Saturday: 8:00?AM?–?10:00?PM | Sunday: 8:00?AM?–?10:00?PM,http://www.checkers.com.my/,
CT3211005996,WAN SHENG MINI-MARKET,NO:224  BATU 11,43200,CHERAS,Others,CENTRAL,CENTRAL,3.0454175,101.7725156,spv,145.12,3.2,33062,CHCRB7,0,0,0,,,,,
CT3211006004,PASARAYA AKAU SDN BHD,"NO:51-53  JALAN UTAMA 2/1, TAMAN PERINDUSTRIAN PUCHONG UTAMA",47100,PUCHONG BATU 14  MAJU JAYA,Others,CENTRAL,CENTRAL,2.9985169,101.6096966,spv,1119.97,9,33062,CHCRB11,3.4,30,0,,03-8052 3100,Monday: 10:00?AM?–?9:00?PM | Tuesday: 10:00?AM?–?9:00?PM | Wednesday: 10:00?AM?–?9:00?PM | Thursday: 10:00?AM?–?9:00?PM | Friday: 10:00?AM?–?9:00?PM | Saturday: 10:00?AM?–?9:00?PM | Sunday: 10:00?AM?–?9:00?PM,,
CT3211006011,RANGKAIAN TAJKAN SDN. BHD.,"BLOCK A  DAMAI - DMAS-111, JALAN PJS 8/9",46150,PETALING JAYA,Others,CENTRAL,CENTRAL,3.0802443,101.6091237,spv,1474,11.8,33062,CHCRB11,0,0,0,,,,,
CT3211006017,PP ONE MINI MARKET SDN. BHD.,"NO:63 64  JALAN PUTRA PERDANA 5H, TAMAN PUTRA PERDANA",47130,PUCHONG,Others,CENTRAL,CENTRAL,2.9415287,101.6101143,spv,1250.41,9,33062,CHCRB11,3.9,1042,0,,03-8319 3189,Monday: 8:00?AM?–?9:30?PM | Tuesday: 8:00?AM?–?9:30?PM | Wednesday: 8:00?AM?–?9:30?PM | Thursday: 8:00?AM?–?9:30?PM | Friday: 8:00?AM?–?9:30?PM | Saturday: 8:00?AM?–?9:30?PM | Sunday: 8:00?AM?–?9:30?PM,,
CT3211006019,SOON SOON MANUFACTURING & TRADING,"NO:36  JALAN TPP 1/10, TAMAN INDUSTRI PUCHONG",47160,PUCHONG,Others,CENTRAL,CENTRAL,3.0242554,101.6124111,whs,67.53,0.8,33062,CHCRB11,0,0,0,,,,,
CT3211006041,HOCK MEI TRADING SDN. BHD.,"NO:5  JALAN P/9B  SEKSYEN 13, BANDAR BARU BANGI",43650,,Others,CENTRAL,CENTRAL,2.953701,101.7534739,lpv,11936.01,12.6,33062,CHCRB2,0,0,0,,,,,
CT3211006042,PASARAYA YAN SENG SDN. BHD.,"NO:27  29 & 31  JALAN TEMENGGUNG 3/9, SEKSYEN 9  BANDAR MAHKOTA CHERAS",43200,CHERAS,Others,CENTRAL,CENTRAL,3.0510748,101.788943,cmh,14897.3,14.2,33062,CHCRB2,3.8,127,0,,03-9010 4978,Monday: 8:30?AM?–?10:00?PM | Tuesday: 8:30?AM?–?10:00?PM | Wednesday: 8:30?AM?–?10:00?PM | Thursday: 8:30?AM?–?10:00?PM | Friday: 8:30?AM?–?10:00?PM | Saturday: 8:30?AM?–?10:00?PM | Sunday: 8:30?AM?–?10:00?PM,,
CT3211006046,CS GROCER SDN. BHD.,"NO:10G&M-16G&M  JALAN HENTIAN 1C, PUSAT HENTIAN KAJANG  JALAN REKO",43000,KAJANG,Others,CENTRAL,CENTRAL,2.956866,101.790246,lpv,1931.75,9.8,33062,CHCRB2,0,0,0,,018-205 7503,Monday: 9:00?AM?–?10:00?PM | Tuesday: 9:00?AM?–?10:00?PM | Wednesday: 9:00?AM?–?10:00?PM | Thursday: 9:00?AM?–?10:00?PM | Friday: 9:00?AM?–?10:00?PM | Saturday: 9:00?AM?–?10:00?PM | Sunday: 9:00?AM?–?10:00?PM,,
CT3211006047,TLS RESOURCES,"NO:11  JALAN SUAKASIH 1/2, BANDAR TUN HUSSEIN ONN",43200,CHERAS,Others,CENTRAL,CENTRAL,3.036762,101.758621,spv,190.07,3.2,33062,CHCRB7,0,0,0,,,,,
CT3211006053,CS BROTHERS SDN. BHD. KAJANG,"NO:1  BANGUNAN PERNIAGAAN SAUJANA, PERMAI  JALAN MUTIARA 1, SELANGOR DARUL EHSAN.",43000,TMAN SAUJANA PERMAI,CSBROTHER,CENTRAL,CENTRAL,3.0125776,101.8098467,smt,64315.28,38.6,33062,CHCRB2,4.1,2098,0,,03-8733 1783,Monday: 8:30?AM?–?10:30?PM | Tuesday: 8:30?AM?–?10:30?PM | Wednesday: 8:30?AM?–?10:30?PM | Thursday: 8:30?AM?–?10:30?PM | Friday: 8:30?AM?–?10:30?PM | Saturday: 8:30?AM?–?10:30?PM | Sunday: 8:30?AM?–?10:30?PM,http://www.mycs.com.my/,
CT3211006055,JINSEN ENTERPRISE,No A 18,0,,Others,CENTRAL,CENTRAL,3.046053,101.422905,whs,4459.2,0.2,33062,CHCRB9,4,209,0,,016-222 7046,Monday: 7:00?AM?–?10:00?PM | Tuesday: 7:00?AM?–?10:00?PM | Wednesday: 7:00?AM?–?10:00?PM | Thursday: 7:00?AM?–?10:00?PM | Friday: 7:00?AM?–?10:00?PM | Saturday: 7:00?AM?–?10:00?PM | Sunday: 7:00?AM?–?10:00?PM,,
CT3211006076,PASARAYA BAN SOON SDN. BHD.,"NO:7,9,11,13,15,17,, LAMAN PERNIAGAAN BAHAGIA JALAN 1,",43000,"BANDAR SERI PUTRA KAJANG,",Others,CENTRAL,CENTRAL,2.8863077,101.788864,lpv,21557.69,32.4,33062,CHCRB2,4.1,419,0,ChIJ11Ek37HIzTERtfeVOqaWbpg,016-293 9017,Monday: 9:00?AM?–?10:00?PM | Tuesday: 9:00?AM?–?10:00?PM | Wednesday: 9:00?AM?–?10:00?PM | Thursday: 9:00?AM?–?10:00?PM | Friday: 9:00?AM?–?10:00?PM | Saturday: 9:00?AM?–?10:00?PM | Sunday: 9:00?AM?–?10:00?PM,,
CT3211006077,PASARAYA BORONG PINTAR SDN. BHD.,19-G,0,,Others,CENTRAL,CENTRAL,3.0616535,101.7091479,spv,67.53,0.8,33062,CHCRB11,3.9,37,0,,012-783 3432,"Monday: 10:00?AM?–?10:00?PM | Tuesday: 10:00?AM?–?10:00?PM | Wednesday: 10:00?AM?–?10:00?PM | Thursday: 10:00?AM?–?10:00?PM | Friday: 10:00?AM?–?12:30?PM, 2:30?–?10:00?PM | Saturday: 10:00?AM?–?10:00?PM | Sunday: 10:00?AM?–?10:00?PM",https://www.facebook.com/SAAKA-NILAI-SDN-BHD-1601364380102005/,
CT3211006105,MR. D.I.Y. TRADING SDN. BHD.,LOT 1851-A & 1851-B,0,,MRDIY,CENTRAL,CENTRAL,0,0,hwc,5761560.48,15.2,33062,CHCRBGEN,4,2,0,,03-3187 2232,Monday: 8:00?AM?–?8:00?PM | Tuesday: 8:00?AM?–?8:00?PM | Wednesday: 8:00?AM?–?8:00?PM | Thursday: 8:00?AM?–?8:00?PM | Friday: 8:00?AM?–?8:00?PM | Saturday: 8:00?AM?–?8:00?PM | Sunday: 8:00?AM?–?8:00?PM,,
CT3211006106,PASAR RAYA FM,NO.27,0,,Others,CENTRAL,CENTRAL,3.043438,101.437103,lpv,19916.22,35.6,33062,CHCRB9,0,0,0,,016-389 7920,Monday: 8:00?AM?–?8:00?PM | Tuesday: 8:00?AM?–?8:00?PM | Wednesday: 8:00?AM?–?8:00?PM | Thursday: 8:00?AM?–?8:00?PM | Friday: 8:00?AM?–?8:00?PM | Saturday: 8:00?AM?–?8:00?PM | Sunday: 8:00?AM?–?8:00?PM,,
CT3211006113,SAN MART,"NO:25-G  JALAN KENARI 12, BANDAR PUCHONG JAYA",47160,PUCHONG,Others,CENTRAL,CENTRAL,3.0504293,101.6239007,spv,67.53,0.8,33062,CHCRB11,4,612,0,,07-283 0123,Monday: 9:30?AM?–?10:30?PM | Tuesday: 9:30?AM?–?10:30?PM | Wednesday: 9:30?AM?–?10:30?PM | Thursday: 9:30?AM?–?10:30?PM | Friday: 9:30?AM?–?10:30?PM | Saturday: 9:30?AM?–?10:30?PM | Sunday: 9:30?AM?–?10:30?PM,http://www.eco-shop.com.my/,
CT3211006114,CWL MINI MARKET,"NO:D-G-6 BLOK D JALAN INDAH 2/6, RED RUBY SHOP APARTMENT",43300,TAMAN UNIVERSITI INDAH,Others,CENTRAL,CENTRAL,3.004653,101.693208,spv,228.86,7.6,33062,CHCRB2,0,0,0,,,,,
CT3211006125,VISPPER SDN. BHD.,"NO:25  JALAN 2/1, TAMAN PERINDUSTRIAN PUCHONG UTAMA",47100,PUCHONG,Others,CENTRAL,CENTRAL,2.9984907,101.6115252,spv,67.53,0.8,33062,CHCRB11,3.3,3,0,,012-653 0823,Monday: 6:00?AM?–?2:00?PM | Tuesday: 6:00?AM?–?2:00?PM | Wednesday: 6:00?AM?–?2:00?PM | Thursday: 6:00?AM?–?2:00?PM | Friday: 6:00?AM?–?2:00?PM | Saturday: 6:00?AM?–?2:00?PM | Sunday: Closed,,
CT3211006129,JAMIL BIN ABDULLAH,"NO:32  MAIN STREET, PEKAN SUNGAI BESI",57000,KUALA LUMPUR.,Others,CENTRAL,CENTRAL,3.0634652,101.7105876,spv,205.09,2.4,33062,CHCRB7,0,0,0,,016-493 8654,Monday: 6:00?AM?–?10:00?PM | Tuesday: 6:00?AM?–?10:00?PM | Wednesday: 6:00?AM?–?10:00?PM | Thursday: 6:00?AM?–?10:00?PM | Friday: 6:00?AM?–?10:00?PM | Saturday: 6:00?AM?–?10:00?PM | Sunday: 6:00?AM?–?10:00?PM,,
CT3211006157,KEDAI RUNCIT MULIA SKEDAI RUNCIT MULIA SEJATI BARU,"LOT 6061  JALAN IMAM, KAMPUNG SUGAI RAMAL DALAM",43000,KAJANG,Others,CENTRAL,CENTRAL,2.9659838,101.7576083,spv,220.95,2.4,33062,CHCRB7,4,1,0,,0,,,
CT3211006160,PASARAYA WALK IN SDN. BHD.,"NO:34-36  JALAN PUTERI 5/2, BANDAR PUTERI",47100,PUCHONG,Others,CENTRAL,CENTRAL,3.0156075,101.6140177,cmh,2134.21,9,33062,CHCRB11,4.1,162,0,,016-665 6388,Monday: 9:00?AM?–?9:00?PM | Tuesday: 9:00?AM?–?9:00?PM | Wednesday: 9:00?AM?–?9:00?PM | Thursday: 9:00?AM?–?9:00?PM | Friday: 9:00?AM?–?9:00?PM | Saturday: 9:00?AM?–?9:00?PM | Sunday: 9:00?AM?–?9:00?PM,,
CT3211006161,LANGAT FROZEN FOOD MART,NO:6,0,,Others,CENTRAL,CENTRAL,3.0984857,101.8031998,whs,0,0,33062,CHCRB3,4.2,6,0,,011-1138 9304,Monday: 9:00?AM?–?8:00?PM | Tuesday: 9:00?AM?–?8:00?PM | Wednesday: 9:00?AM?–?8:00?PM | Thursday: 9:00?AM?–?8:00?PM | Friday: 9:00?AM?–?8:00?PM | Saturday: 9:00?AM?–?8:00?PM | Sunday: 9:00?AM?–?8:00?PM,,
CT3211006162,SYARIKAT NANG HIN TRADING SDN.BHD.,NO:24,0,,Others,CENTRAL,CENTRAL,2.9928262,101.6213215,whs,67.53,0.8,33062,CHCRB11,4.1,15,0,,012-709 6388,Monday: Closed | Tuesday: 7:00?AM?–?3:30?PM | Wednesday: 7:00?AM?–?3:30?PM | Thursday: 7:00?AM?–?3:30?PM | Friday: 7:00?AM?–?3:30?PM | Saturday: 7:00?AM?–?3:30?PM | Sunday: 7:00?AM?–?3:30?PM,https://m.me/ddfreshmeat?ref=w13673615,
CT3211006168,XIN HWA GIAP CASH & CARRY,"NO:4 5 PT 17748  JALAN INDAH, TAMAN INDAH  SUNGAI JELOK",43000,KAJANG,Others,CENTRAL,CENTRAL,2.9967964,101.8065578,spv,67.97,7.8,33062,CHCRB7,3.4,40,0,ChIJ3axe9YbMzTERjETisKUzvSA,,Monday: 11:00?AM?–?11:00?PM | Tuesday: 11:00?AM?–?11:00?PM | Wednesday: 11:00?AM?–?11:00?PM | Thursday: 11:00?AM?–?11:00?PM | Friday: 11:00?AM?–?11:00?PM | Saturday: 11:00?AM?–?11:00?PM | Sunday: 11:00?AM?–?11:00?PM,,
CT3211006173,JHT GLOBAL SDN. BHD.,"NO:118A  JALAN PJS 11/2, BANDAR SUNWAY",47500,SUBANG JAYA,Others,CENTRAL,CENTRAL,3.0723254,101.6021,spv,118.48,2.4,33062,CHCRB11,0,0,0,,,,,
CT3211006178,G MART ONE SDN. BHD.,"NO:3  JALAN 6C/5, SEKSYEN 16",43650,BANDAR BARU BANGI,Others,CENTRAL,CENTRAL,2.943358,101.7642178,spv,6903.3,17.2,33062,CHCRB7,4,1,0,,010-299 3141,Monday: 8:30?AM?–?8:00?PM | Tuesday: 8:30?AM?–?8:00?PM | Wednesday: 8:30?AM?–?8:00?PM | Thursday: 8:30?AM?–?8:00?PM | Friday: 8:30?AM?–?8:00?PM | Saturday: 8:30?AM?–?8:00?PM | Sunday: 8:30?AM?–?8:00?PM,,
CT3211006179,HOEN SDN. BHD.,NO:17,0,,Others,CENTRAL,CENTRAL,2.9900743,101.6388604,whs,-5601.46,0,33062,CHCRBGEN,0,0,0,,012-328 5595,Monday: 8:00?AM?–?8:00?PM | Tuesday: 8:00?AM?–?8:00?PM | Wednesday: 8:00?AM?–?8:00?PM | Thursday: 8:00?AM?–?8:00?PM | Friday: 8:00?AM?–?8:00?PM | Saturday: 8:00?AM?–?8:00?PM | Sunday: 8:00?AM?–?8:00?PM,https://www.facebook.com/malmartmarket/,
CT3211006189,HASIRIA MARKETING SDN. BHD.,"NO:31-1  1ST FLOOR  JALAN PJS 3/32, TAMAN SERI MANJA",46000,PETALING JAYA,Others,CENTRAL,CENTRAL,3.0751991,101.6427334,spv,0,0,33062,CHCRBGEN,3,4,0,,012-689 2605,Monday: 9:00?AM?–?10:00?PM | Tuesday: 9:00?AM?–?10:00?PM | Wednesday: 9:00?AM?–?10:00?PM | Thursday: 9:00?AM?–?10:00?PM | Friday: 9:00?AM?–?10:00?PM | Saturday: 9:00?AM?–?10:00?PM | Sunday: 9:00?AM?–?10:00?PM,,
CT3211006206,C&C TRADE STORE,"CAFE & STORE LEVEL 5  NADAYU 28 RESIDEN, JALAN PJS 11/7  BANDAR SUNWAY",47500,PETALING JAYA,Others,CENTRAL,CENTRAL,3.0698432,101.6040419,spv,209.33,3.4,33062,CHCRB2,3,8,0,,011-2589 1790,Monday: 9:00?AM?–?11:00?PM | Tuesday: 9:00?AM?–?11:00?PM | Wednesday: 9:00?AM?–?11:00?PM | Thursday: 9:00?AM?–?11:00?PM | Friday: 9:00?AM?–?11:00?PM | Saturday: 9:00?AM?–?11:00?PM | Sunday: 9:00?AM?–?11:00?PM,,
CT3211006218,E EASY CONVENIENCE STORE,"NO:13  GROUND FLOOR  TAMAN KAJANG INDAH, SUNGAI CHUA",43000,KAJANG,Others,CENTRAL,CENTRAL,2.984312,101.779253,spv,281.19,3.6,33062,CHCRB7,0,0,0,,,,,
CT3211006219,PASAR MINI HUMAINI MAJU,"T00 C2 12-B  PARCEL 15, JALAN P15  PRECINT 15",62050,PUTRAJAYA,Others,CENTRAL,CENTRAL,2.939301,101.720757,spv,449.84,2.8,33062,CHCRB11,0,0,0,,,,,
CT3211006220,LIVINGHEALTH PHARMACY PLT,"NO:27  JALAN PRIMA SAUJANA 1/1A, TAMAN PRIMA SAUJANA",43000,KAJANG,Others,CENTRAL,CENTRAL,3.0067242,101.8056152,oth,211.88,2.6,33062,CHCRB7,2,2,0,,011-3220 3136,Monday: 10:00?AM?–?10:00?PM | Tuesday: 10:00?AM?–?10:00?PM | Wednesday: 10:00?AM?–?10:00?PM | Thursday: 10:00?AM?–?10:00?PM | Friday: Closed | Saturday: 10:00?AM?–?10:00?PM | Sunday: 10:00?AM?–?10:00?PM,,
CT3211006221,TH RETAIL ENTERPRISE,"NO:4-A  JALAN KEKWA 3, TAMAN PUCHONG PERDANA",47100,PUCHONG,Others,CENTRAL,CENTRAL,3.0070835,101.6066023,spv,133.98,2.6,33062,CHCRB11,3.7,19,0,,,Monday: 9:30?AM?–?8:00?PM | Tuesday: 9:30?AM?–?8:00?PM | Wednesday: 9:30?AM?–?8:00?PM | Thursday: 9:30?AM?–?8:00?PM | Friday: 9:30?AM?–?8:00?PM | Saturday: 9:30?AM?–?8:00?PM | Sunday: 9:30?AM?–?8:00?PM,,
CT3211006230,3021 MAWAR FRESH MART,"NO:2  TK 5/32A, TAMAN MAWAR  BATU 8",47100,PUCHONG,Others,CENTRAL,CENTRAL,3.0652559,101.6326462,spv,124.13,1,33062,CHCRB11,3,1,0,,03-8075 5656,Monday: 9:00?AM?–?8:00?PM | Tuesday: 9:00?AM?–?8:00?PM | Wednesday: 9:00?AM?–?8:00?PM | Thursday: 9:00?AM?–?8:00?PM | Friday: 9:00?AM?–?8:00?PM | Saturday: 9:00?AM?–?8:00?PM | Sunday: 9:00?AM?–?8:00?PM,,
CT3211006268,SS BEST MART,"G-2 MEWAH 9 RESIDENCE, JALAN BUKIT MEWAH 9/1",43500,TAMAN BUKIT MEWAH,Others,CENTRAL,CENTRAL,2.9753381,101.8104326,spv,162.99,4,33062,CHCRB7,0,0,0,,,,,
CT3211006269,V-RISE ENTERPRISE SDN. BHD.,"NO:8  KAMPUNG TELOK GONG, PELABUHAN KLANG",42000,,Others,CENTRAL,CENTRAL,2.9631121,101.392096,spv,67.53,0.8,33062,CHCRB10,0,0,0,,,,,
CT3211006398,FARMASI MERU CARE,"NO:39  BATU 6  JALAN MERU, PEKAN MERU",41050,KLANG,Others,CENTRAL,CENTRAL,3.134865,101.439575,spv,56.6,0.4,33062,CHCRB6,3.5,2,0,,017-889 8902,Monday: 9:00?AM?–?8:00?PM | Tuesday: 9:00?AM?–?8:00?PM | Wednesday: 9:00?AM?–?8:00?PM | Thursday: 9:00?AM?–?8:00?PM | Friday: 9:00?AM?–?8:00?PM | Saturday: 9:00?AM?–?8:00?PM | Sunday: 9:00?AM?–?8:00?PM,http://www.garambuluh.net/,
CT3211006402,MK PACT & BIZ,"NO:2A  JALAN SS22/47A, DAMANSARA RESIDENSI",47400,PETALING JAYA,Others,CENTRAL,CENTRAL,3.0779614,101.5891803,spv,186.75,1.8,33062,CHCRB11,3.5,11,0,,07-283 0123,Monday: 12:30?–?9:00?PM | Tuesday: 12:30?–?9:00?PM | Wednesday: 12:30?–?9:00?PM | Thursday: 12:30?–?9:00?PM | Friday: 12:30?–?9:00?PM | Saturday: 12:30?–?9:00?PM | Sunday: 12:30?–?9:00?PM,https://www.eco-shop.com.my/,
CT3211006405,HALINAS BERKAT MAJU SDN. BHD.,"NO:G2 & G3, PANGSAPURI PERSANDA 3,, JALAN BOLING PADANG 13/64, SEKSYEN 13,",40000,SHAH ALAM,Others,CENTRAL,CENTRAL,3.076289,101.553001,spv,259.01,2.8,33062,CHCRB7,0,0,0,,,,,
CT3211006407,GLOBAL MEGAH TECHNOLOGY ENTERPRISE,"G-11  MENARA U2, JALAN BOLING PADANG 13/62  SEKSYEN 13",40100,SHAH ALAM,Others,CENTRAL,CENTRAL,3.076083,101.5513415,spv,298.49,6.8,33062,CHCRB7,0,0,0,,,,,
CT3211006413,US MARKET,"LOT 173  JALAN BAGAN  BAGAN, BAGAN",45400,SEKINCHAN,Others,CENTRAL,CENTRAL,3.5065108,101.0980764,spv,124.13,1,33062,CHCRB5,0,0,0,,,,,
CT3211006416,RIAZ TRADING,"NO:3  JALAN BP 6/2, BANDAR BUKIT PUCHONG",47100,PUCHONG,Others,CENTRAL,CENTRAL,2.9842526,101.6230193,spv,133.98,2.4,33062,CHCRB11,0,0,0,,,,,
CT3211006422,PASARAYA SARA JAYA SDN. BHD.,"NO:21G FLOOR BLOCK C  NEO CYBER, LINGKARAN CYBER POINT BARAT",63000,CYBERJAYA,Others,CENTRAL,CENTRAL,2.9167197,101.6500082,spv,1594,7.4,33062,CHCRB11,4.8,17,0,,011-2110 0664,Monday: 10:00?AM?–?12:00?AM | Tuesday: 10:00?AM?–?12:00?AM | Wednesday: 10:00?AM?–?12:00?AM | Thursday: 10:00?AM?–?12:00?AM | Friday: 10:00?AM?–?12:00?AM | Saturday: 10:00?AM?–?12:00?AM | Sunday: 10:00?AM?–?12:00?AM,https://www.nuralmadeenah.com/,
CT3211006423,PASARAYA TSK SEGAR,"NO:30F  GROUND FLOOR  JALAN DINAR FU3/F, TAMAN SUBANG PERDANA  SEKSYEN U3",40150,SHAH ALAM,Others,CENTRAL,CENTRAL,3.1519271,101.5443593,spv,1286.32,5.4,33062,CHCRB7,5,3,0,,,,,
CT3211006477,HUJAN WANG ENTERPRISE,"NO:5  JALAN BP 3/12, BANDAR BUKIT PUCHONG",47100,PUCHONG,Others,CENTRAL,CENTRAL,2.9893806,101.6298372,spv,67.53,0.8,33062,CHCRB11,0,0,0,,,,,
CT3211006478,MAHAJEYAZ ENTERPRISE,"NO:29  JALAN MERAK 2A, BANDAR PUCHONG JAYA",47100,PUCHONG,Others,CENTRAL,CENTRAL,3.0529302,101.6229127,spv,124.13,1,33062,CHCRB11,3.8,73,0,,03-8070 3050,Monday: 8:00?AM?–?8:00?PM | Tuesday: 8:00?AM?–?8:00?PM | Wednesday: 8:00?AM?–?8:00?PM | Thursday: 8:00?AM?–?8:00?PM | Friday: 8:00?AM?–?8:00?PM | Saturday: 8:00?AM?–?8:00?PM | Sunday: Closed,,
CT3211006479,PASARAYA RS BESTARI,"NO:3  JALAN NOVA U5/N, SUBANG BESTARI",40150,SHAH ALAM,Others,CENTRAL,CENTRAL,3.160941,101.548134,spv,623.14,3.8,33062,CHCRB7,4.3,43,0,,07-283 0123,Monday: 10:00?AM?–?10:00?PM | Tuesday: 10:00?AM?–?10:00?PM | Wednesday: 10:00?AM?–?10:00?PM | Thursday: 10:00?AM?–?10:00?PM | Friday: 10:00?AM?–?10:00?PM | Saturday: 10:00?AM?–?10:00?PM | Sunday: 10:00?AM?–?10:00?PM,https://www.eco-shop.com.my/,
CT3211006480,PASARAYA RS SUBANG,"NO:16  GROUND FLOOR  JALAN U6/A, PUSAT PERDAGANGAN SEK U6",40150,SUBANG PERMAI,Others,CENTRAL,CENTRAL,3.1400545,101.5275617,spv,192.76,1.8,33062,CHCRB7,4.5,2,0,,016-324 3818,Monday: 9:00?AM?–?8:00?PM | Tuesday: 9:00?AM?–?8:00?PM | Wednesday: 9:00?AM?–?8:00?PM | Thursday: 9:00?AM?–?8:00?PM | Friday: 9:00?AM?–?8:00?PM | Saturday: 9:00?AM?–?8:00?PM | Sunday: 9:00?AM?–?8:00?PM,,
CT3211006486,UNIMARKET SDN. BHD.,NO:5 & 7,0,,Others,CENTRAL,CENTRAL,3.0230606,101.7344693,spv,124.13,1,33062,CHCRB2,0,0,0,,012-265 2423,Monday: 8:00?AM?–?10:00?PM | Tuesday: 8:00?AM?–?10:00?PM | Wednesday: 8:00?AM?–?10:00?PM | Thursday: 8:00?AM?–?10:00?PM | Friday: 8:00?AM?–?10:00?PM | Saturday: 8:00?AM?–?10:00?PM | Sunday: 8:00?AM?–?10:00?PM,,
CT3211006499,SM SPEED MART,"NO:15  JALAN 1/1A, BANDAR RINCHING",43500,SEMENYIH  SELANG,Others,CENTRAL,CENTRAL,2.929905,101.8514,spv,103.24,2.6,33062,CHCRB7,5,1,0,,,Monday: 7:00?AM?–?11:30?PM | Tuesday: 7:00?AM?–?11:30?PM | Wednesday: 7:00?AM?–?11:30?PM | Thursday: 7:00?AM?–?11:30?PM | Friday: 7:00?AM?–?11:30?PM | Saturday: 7:00?AM?–?11:30?PM | Sunday: 7:00?AM?–?11:30?PM,,
CT3211006507,E KA MINI MARKET,"NO 23   JALAN SK 10/3, SERI KEMBANGAN",43300,SELANGOR DARUL EHSAN.,Others,CENTRAL,CENTRAL,3.0229698,101.7055478,cmh,825.73,6.2,33062,CHCRB2,3.9,68,0,,03-8948 3233,Monday: 9:00?AM?–?8:00?PM | Tuesday: 9:00?AM?–?8:00?PM | Wednesday: 9:00?AM?–?8:00?PM | Thursday: 9:00?AM?–?8:00?PM | Friday: 9:00?AM?–?8:00?PM | Saturday: 9:00?AM?–?8:00?PM | Sunday: Closed,https://m.facebook.com/pages/Eka-Mini-Market/181672722783813,
CT3211006512,CS GROCER SDN. BHD.,"NO:G32-G37  JALAN PUTRA PERDANA, PUCHONG",47100,,Others,CENTRAL,CENTRAL,2.942071,101.6121505,lpv,5218.17,28.6,33062,CHCRB1,3.9,1042,0,,03-8319 3189,Monday: 8:00?AM?–?9:30?PM | Tuesday: 8:00?AM?–?9:30?PM | Wednesday: 8:00?AM?–?9:30?PM | Thursday: 8:00?AM?–?9:30?PM | Friday: 8:00?AM?–?9:30?PM | Saturday: 8:00?AM?–?9:30?PM | Sunday: 8:00?AM?–?9:30?PM,,
CT3211006513,HERBS 'N' FOOD (USJ) SDN. BHD.,"NO:8  JALAN USJ 10/1, UEP SUBANG JAYA",47620,PETALING JAYA,Others,CENTRAL,CENTRAL,3.0479274,101.5858726,cmh,959.22,9.4,33062,CHCRB11,4.2,116,0,,018-913 4298,Monday: 9:00?AM?–?9:00?PM | Tuesday: 9:00?AM?–?9:00?PM | Wednesday: 9:00?AM?–?9:00?PM | Thursday: 9:00?AM?–?9:00?PM | Friday: 9:00?AM?–?9:00?PM | Saturday: 9:00?AM?–?9:00?PM | Sunday: 9:00?AM?–?9:00?PM,https://m.facebook.com/pages/category/Bakery/Stesen-Biskut-Taipan-495184457513154/,
CT3211006519,KEYOGEN TRADING,NO:8-1,0,,Others,CENTRAL,CENTRAL,2.9860526,101.4138651,whs,67.53,0.8,33062,CHCRB9,0,0,0,,,,,
CT3211006521,ANKX PREMIER SDN. BHD.,"LOT 22412, KG. SUNGAI UDANG,, JALAN SUNGAI UDANG,",41250,"BANDAR PUNCAK ALAM, KLANG,",Others,CENTRAL,CENTRAL,3.04227,101.418953,spv,1683.34,3.6,33062,CHCRB7,0,0,0,,,,,
CT3211006540,NOBLE SUPERMART SDN. BHD.,"NO:2  JALAN BOLING PADANG 13/62, SEKSYEN 13",40100,SHAH ALAM,Others,CENTRAL,CENTRAL,3.0755627,101.5512773,spv,253,3.4,33062,CHCRB7,0,0,0,,,,,
CT3211006571,OK HEALTH GROUP (MALAYSIA) SDN. BHD.,"NO:56A-G  JALAN PANDAN CAHAYA 2/3, PANDAN CAHAYA",68000,AMPANG,Others,CENTRAL,CENTRAL,3.1379973,101.7567861,oth,198.98,2.2,33062,CHCRB7,4.3,29,0,,017-291 3203,Monday: 8:00?AM?–?10:00?PM | Tuesday: 8:00?AM?–?10:00?PM | Wednesday: 8:00?AM?–?10:00?PM | Thursday: 8:00?AM?–?10:00?PM | Friday: 8:00?AM?–?10:00?PM | Saturday: 8:00?AM?–?10:00?PM | Sunday: 8:00?AM?–?10:00?PM,,
CT3211006575,OK HEALTHCARE SDN BHD,"NO:55 GROUND FLOOR WISMA HUAT HING, JALAN BESAR BARU",43500,43500 SEMENYIH,Others,CENTRAL,CENTRAL,2.9456525,101.8462871,oth,155.96,2.4,33062,CHCRB7,3.9,627,0,,03-8724 6937,Monday: 8:00?AM?–?8:00?PM | Tuesday: 8:00?AM?–?8:00?PM | Wednesday: 8:00?AM?–?8:00?PM | Thursday: 8:00?AM?–?8:00?PM | Friday: 8:00?AM?–?8:00?PM | Saturday: 8:00?AM?–?8:00?PM | Sunday: 8:00?AM?–?8:00?PM,,
CT3211006597,CHERISH CAFE & CONVENIENCE STORE,"B-002  PANGSAPURI MUTIARA PERDANA, JALAN PJS 7/15",46150,BANDAR SUNWAY,Others,CENTRAL,CENTRAL,3.0670594,101.6178895,spv,67.53,0.8,33062,CHCRB11,0,0,0,,,,,
CT3211006598,SOLEH MINI MART,"B-08  JALAN 14/155C, BANDAR BUKIT JALIL",47000,47000 KUALA LUMPUR.,Others,CENTRAL,CENTRAL,3.0565728,101.6682456,spv,0,0,33062,CHCRBGEN,0,0,0,,,,,
CT3211006599,VAS2U SUPPLY SDN. BHD.,"NO:45, JALAN PUTERI 6/5,, BANDAR PUTERI,",47100,PUCHONG,Others,CENTRAL,CENTRAL,3.0167199,101.622217,whs,98.31,1,33062,CHCRB11,4.3,438,0,,03-8603 6594,Monday: 10:00?AM?–?10:00?PM | Tuesday: 10:00?AM?–?10:00?PM | Wednesday: 10:00?AM?–?10:00?PM | Thursday: 10:00?AM?–?10:00?PM | Friday: 10:00?AM?–?10:00?PM | Saturday: 10:00?AM?–?10:00?PM | Sunday: 10:00?AM?–?10:00?PM,https://jayagrocer.com/,
CT3211006619,MUMIN MINI MARKET,"BLOCK D  ZONE 4A, PRESINT 11",62150,PUTRAJAYA,Others,CENTRAL,CENTRAL,2.956373,101.674533,spv,235.8,5,33062,CHCRB11,0,0,0,,,,,
CT3211006620,MUMIN MINI MARKET,"BLOCK B  FASA 18R12, PRESINT 18",62150,PUTRAJAYA,Others,CENTRAL,CENTRAL,2.91672,101.692607,spv,247.71,5.8,33062,CHCRB11,0,0,0,,,,,
CT3211006648,KANG KHOW IMPORT & EXPORT SDN. BHD.,NO:57&59,0,,Others,CENTRAL,CENTRAL,3.0004705,101.3979808,whs,0,0,33062,CHCRBGEN,4.3,137,0,,03-3168 2304,Monday: 9:00?AM?–?9:30?PM | Tuesday: 9:00?AM?–?9:30?PM | Wednesday: 9:00?AM?–?9:30?PM | Thursday: 9:00?AM?–?9:30?PM | Friday: 9:00?AM?–?9:30?PM | Saturday: 9:00?AM?–?9:30?PM | Sunday: 9:00?AM?–?1:00?PM,,
CT3211006668,DC UNIT TRADING,"NO:12  JALAN JAYA UTAMA 57, TAMAN JAYA UTAMA",42500,TELOK PANGLIMA GARANG,Others,CENTRAL,CENTRAL,2.912947,101.475487,mbs,95.69,1.4,33062,CHCRB10,0,0,0,,,Monday: 9:00?AM?–?9:30?PM | Tuesday: 9:00?AM?–?9:00?PM | Wednesday: 9:00?AM?–?9:00?PM | Thursday: Open 24 hours | Friday: 9:00?AM?–?9:30?PM | Saturday: 9:00?AM?–?9:30?PM | Sunday: 9:00?AM?–?9:30?PM,,
CT3211006669,BEST FRESH MART SDN. BHD.,"NO:8 10 12&16  JALAN IJOK PERMAI 1, PUSAT NIAGA IJOK PERMAI",45600,IJOK  KUALA SELNAGOR,BFM,CENTRAL,CENTRAL,3.3108394,101.4208025,lpv,52695,21.6,33062,CHCRB5,3.8,101,2,,010-566 8119,,https://find.shell.com/my/fuel/12172607-shell-ijok-bestari-jaya/en_MY,
CT3211006670,MK SUN MART,"NO:48  JALAN PJS 11/7, BANDAR SUNWAY",47500,PETALING JAYA,Others,CENTRAL,CENTRAL,3.067056,101.6026803,spv,274.09,5.6,33062,CHCRB2,3,8,0,,011-2589 1790,Monday: 9:00?AM?–?11:00?PM | Tuesday: 9:00?AM?–?11:00?PM | Wednesday: 9:00?AM?–?11:00?PM | Thursday: 9:00?AM?–?11:00?PM | Friday: 9:00?AM?–?11:00?PM | Saturday: 9:00?AM?–?11:00?PM | Sunday: 9:00?AM?–?11:00?PM,,
CT3211006694,WIN NISHA ENTERPRISE,"A-G-3  PANGSAPURI SERVICE KLH, MENARA KLH  BANDAR PUCHONG JAYA",47170,PUCHONG,Others,CENTRAL,CENTRAL,3.054923,101.618668,spv,67.53,0.8,33062,CHCRB11,0,0,0,,,,,
CT3211006696,FARMASI OK SDN. BHD.,"NO:23-1  JALAN TUN PERAK 2, TAMAN TUN PERAK",43200,CHERAS,Others,CENTRAL,CENTRAL,3.062879,101.758606,oth,253.31,3.6,33062,CHCRB7,0,0,0,,,,,
CT3211006711,OK HEALTH GROUP (MALAYSIA) SDN. BHD.,"NO:48  GROUND FLOOR  JALAN TK 1/1, TAMAN KINRARA",47180,PUCHONG,Others,CENTRAL,CENTRAL,3.0673329,101.6496769,oth,124.13,1,33062,CHCRB11,3.5,196,0,,03-8070 3268,Monday: 7:30?AM?–?7:00?PM | Tuesday: 7:30?AM?–?7:00?PM | Wednesday: 7:30?AM?–?7:00?PM | Thursday: 7:30?AM?–?7:00?PM | Friday: 7:30?AM?–?7:00?PM | Saturday: 7:30?AM?–?7:00?PM | Sunday: 7:30?AM?–?12:30?PM,,
CT3211006717,PASAR SEGAR TELOK AIYAPPAN RENAS,"NO:54 & 58  TAMAN JAYA UTAMA 2, TAMAN JAYA",42500,TELOK PANGLIMA GARANG,Others,CENTRAL,CENTRAL,2.9104338,101.4703719,spv,839.89,10.2,33062,CHCRB10,3.6,14,0,,03-3122 0151,Monday: Open 24 hours | Tuesday: Open 24 hours | Wednesday: Open 24 hours | Thursday: Open 24 hours | Friday: Open 24 hours | Saturday: Open 24 hours | Sunday: Open 24 hours,http://www.7eleven.com.my/,
CT3211006733,FARMASI OK SDN. BHD.,"NO:57  JALAN LAGENDA SURIA 1, TAMAN LAGENDA SURIA  JALAN HULU LANGAT",43100,CHERAS,Others,CENTRAL,CENTRAL,3.0976129,101.800725,oth,265.03,4.6,33062,CHCRB7,3.9,860,0,,03-9021 5833,Monday: 8:30?AM?–?10:30?PM | Tuesday: 8:30?AM?–?10:30?PM | Wednesday: 8:30?AM?–?10:30?PM | Thursday: 8:30?AM?–?10:30?PM | Friday: 8:30?AM?–?10:30?PM | Saturday: 8:30?AM?–?10:30?PM | Sunday: 8:30?AM?–?10:30?PM,http://www.mycs.com.my/,
CT3211006757,DC UNIT TRADING,"HEALTHY BABY STATION, NO:75  JALAN MULIA  TAMAN MULIA",42700,BANTING,Others,CENTRAL,CENTRAL,2.8120047,101.4899148,mbs,75.08,1,33062,CHCRB10,0,0,0,,03-3187 3421,Monday: 9:00?AM?–?8:00?PM | Tuesday: 9:00?AM?–?8:00?PM | Wednesday: 9:00?AM?–?8:00?PM | Thursday: 9:00?AM?–?8:00?PM | Friday: 9:00?AM?–?8:00?PM | Saturday: 9:00?AM?–?8:00?PM | Sunday: 9:00?AM?–?8:00?PM,,
CT3211006758,STAR GROCER SDN. BHD.,"NO:10 12 14 16 18 20 22, PUSAT PERDAGANGAN BSP",426100,JALAN SP 5/5  BANDAR SAUJANA PUTRA,STARGROCER,CENTRAL,CENTRAL,2.9451358,101.5859055,lpv,15475.63,26.6,33062,CHCRB1,0,0,0,,019-351 9672,Monday: 8:00?AM?–?8:00?PM | Tuesday: 8:00?AM?–?8:00?PM | Wednesday: 8:00?AM?–?8:00?PM | Thursday: 8:00?AM?–?8:00?PM | Friday: 8:00?AM?–?8:00?PM | Saturday: 8:00?AM?–?8:00?PM | Sunday: 8:00?AM?–?8:00?PM,,
CT3211006781,KEDAI RUNCIT SEGAR JAYA,C-1-07,0,,Others,CENTRAL,CENTRAL,2.984096,101.673454,spv,226.71,4.8,33062,CHCRB2,0,0,0,,,,,
CT3211006810,HOI YONG TRADING SDN. BHD.,LOT 3537,0,,Others,CENTRAL,CENTRAL,3.1404031,101.3586222,whs,19797.35,1.8,33062,CHCRB9,0,0,0,,,,,
CT3211006811,MANJAKU RETAIL SDN. BHD.,NO:8-10,0,,MANJAKU,CENTRAL,CENTRAL,3.0109179,101.4677122,mbs,0,0,33062,CHCRB10,3.9,971,0,,03-5162 1300,Monday: 8:30?AM?–?9:00?PM | Tuesday: 8:30?AM?–?9:00?PM | Wednesday: 8:30?AM?–?9:00?PM | Thursday: 8:30?AM?–?9:00?PM | Friday: 8:30?AM?–?9:00?PM | Saturday: 8:30?AM?–?9:00?PM | Sunday: 8:30?AM?–?9:00?PM,,
CT3211006812,MANJAKU BABY CENTRE (PTRJAYA) SDN. BHD.,NO:22,0,,MANJAKU,CENTRAL,CENTRAL,2.946662,101.723131,mbs,67.53,0.8,33062,CHCRB11,4.7,67,0,,012-500 4191,Monday: 10:00?AM?–?11:00?PM | Tuesday: 10:00?AM?–?11:00?PM | Wednesday: 10:00?AM?–?11:00?PM | Thursday: 10:00?AM?–?11:00?PM | Friday: 10:00?AM?–?11:00?PM | Saturday: 10:00?AM?–?11:00?PM | Sunday: 10:00?AM?–?11:00?PM,https://www.makkah.com.my/,
CT3211006813,MANJAKU BABY CENTRE (BDR SAUJANA PUTRA) SDN. BHD.,NO:10-20,0,,MANJAKU,CENTRAL,CENTRAL,2.944572,101.5862,mbs,201.58,4.8,33062,CHCRB10,4.2,98,0,,019-266 2956,Monday: 7:00?AM?–?12:00?AM | Tuesday: 7:00?AM?–?12:00?AM | Wednesday: 7:00?AM?–?12:00?AM | Thursday: 7:00?AM?–?12:00?AM | Friday: 7:00?AM?–?12:00?AM | Saturday: 7:00?AM?–?12:00?AM | Sunday: 7:00?AM?–?12:00?AM,,
CT3211006814,MANJAKU RETAIL SDN. BHD.,NO:8,0,,MANJAKU,CENTRAL,CENTRAL,2.9914501,101.7896216,mbs,192.08,1.8,33062,CHCRB7,0,0,0,,07-283 0123,Monday: 10:00?AM?–?10:00?PM | Tuesday: 10:00?AM?–?10:00?PM | Wednesday: 10:00?AM?–?10:00?PM | Thursday: 10:00?AM?–?10:00?PM | Friday: 10:00?AM?–?10:00?PM | Saturday: 10:00?AM?–?10:00?PM | Sunday: 10:00?AM?–?10:00?PM,https://www.eco-shop.com.my/,
CT3211006815,MANJAKU BABY CENTRE (BANGI) SDN. BHD.,"NO:47-49, JALAN MEDAN PB 2B,, SEKSYEN 9, PUSAT BANDAR BARU BANGI,",43650,"BANGI,",MANJAKU,CENTRAL,CENTRAL,2.962039,101.751873,mbs,231.49,3.6,33062,CHCRB7,0,0,0,,,,,
CT3211006816,FARMASI OK SDN. BHD.,"NO:6-G JALAN J-AVENUE J-AVENUE, 43200 CHERAS",43200,SELANGOR DAURL EHSAN.,Others,CENTRAL,CENTRAL,3.0340214,101.764716,oth,312.01,6,33062,CHCRB7,0,0,0,,,,,
CT3211006817,TS BIG MART,B2-0-19,0,,Others,CENTRAL,CENTRAL,3.0670777,101.6568753,spv,14413.88,12.2,33062,CHCRB11,4,1,0,,,Monday: Open 24 hours | Tuesday: Open 24 hours | Wednesday: Open 24 hours | Thursday: Open 24 hours | Friday: Open 24 hours | Saturday: Open 24 hours | Sunday: Open 24 hours,https://www.tfvaluemart.com.my/,
CT3211006938,P & D MART SDN. BHD.,"NO:4-22-1, BLOCK 4, PERSIARAN ANGGERIK VANILLA,",40460,"KOTA KEMUNING,",Others,CENTRAL,CENTRAL,3.000639,101.5329,spv,452.1,13.8,33062,CHCRB10,3.9,48,0,,,Monday: 10:00?AM?–?10:00?PM | Tuesday: 10:00?AM?–?10:00?PM | Wednesday: 10:00?AM?–?10:00?PM | Thursday: 10:00?AM?–?10:00?PM | Friday: 10:00?AM?–?10:00?PM | Saturday: 10:00?AM?–?10:00?PM | Sunday: 10:00?AM?–?10:00?PM,https://villagegrocer.com.my/,
CT3211006948,NATURELIFE PHARMACY SDN. BHD.,A-G-03,0,,Others,CENTRAL,CENTRAL,2.9648379,101.7214053,oth,67.53,0.8,33062,CHCRB11,0,0,0,,,,,
CT3211006968,PASARAYA WAH FONG THK SDN. BHD.,NO:43,0,,Others,CENTRAL,CENTRAL,3.0509426,101.7894772,cmh,8778.75,11.6,33062,CHCRB2,3.8,127,0,,03-9010 4978,Monday: 8:30?AM?–?10:00?PM | Tuesday: 8:30?AM?–?10:00?PM | Wednesday: 8:30?AM?–?10:00?PM | Thursday: 8:30?AM?–?10:00?PM | Friday: 8:30?AM?–?10:00?PM | Saturday: 8:30?AM?–?10:00?PM | Sunday: 8:30?AM?–?10:00?PM,,
CT3211006973,YC RETAIL SDN. BHD.,NO:GM-9A,0,,Others,CENTRAL,CENTRAL,2.9439462,101.6151024,spv,67.53,0.8,33062,CHCRB11,3.9,1042,0,,03-8319 3189,Monday: 8:00?AM?–?9:30?PM | Tuesday: 8:00?AM?–?9:30?PM | Wednesday: 8:00?AM?–?9:30?PM | Thursday: 8:00?AM?–?9:30?PM | Friday: 8:00?AM?–?9:30?PM | Saturday: 8:00?AM?–?9:30?PM | Sunday: 8:00?AM?–?9:30?PM,,
CT3211007004,COCO VALU MART,NO:A-G-13,0,,Others,CENTRAL,CENTRAL,3.0655013,101.4611912,spv,944.35,7.4,33062,CHCRB10,0,0,0,,,,,
CT3211007021,OLD HOMEMART SDN. BHD. (TMN JAYA UTAMA),NO:38,0,,Others,CENTRAL,CENTRAL,2.913686,101.475664,lpv,10479,17.8,33062,CHCRB1,0,0,0,,,Monday: 9:00?AM?–?9:30?PM | Tuesday: 9:00?AM?–?9:00?PM | Wednesday: 9:00?AM?–?9:00?PM | Thursday: Open 24 hours | Friday: 9:00?AM?–?9:30?PM | Saturday: 9:00?AM?–?9:30?PM | Sunday: 9:00?AM?–?9:30?PM,,
CT3211007022,OLD HOMEMART SDN. BHD. (BDR SAUJANA PUTRA),SG05 & SG06,0,,Others,CENTRAL,CENTRAL,2.943285,101.588323,lpv,12111.7,18.8,33062,CHCRB1,4.2,98,0,,019-266 2956,Monday: 7:00?AM?–?12:00?AM | Tuesday: 7:00?AM?–?12:00?AM | Wednesday: 7:00?AM?–?12:00?AM | Thursday: 7:00?AM?–?12:00?AM | Friday: 7:00?AM?–?12:00?AM | Saturday: 7:00?AM?–?12:00?AM | Sunday: 7:00?AM?–?12:00?AM,,
CT3211007027,PASAR MINI EQUINE,NO:28,0,,Others,CENTRAL,CENTRAL,2.9963919,101.6687096,spv,306.16,7,33062,CHCRB2,0,0,0,,,,,
CT3211007093,GT MART SDN. BHD.,NO:1,0,,Others,CENTRAL,CENTRAL,3.108285,101.379265,lpv,463939.49,67.2,33062,CHCRB1,0,0,0,,,,,TRUE
CT3211007130,ASIAMARKET (KSEL) SDN. BHD.,"NO:10-G, JALAN BENDAHARA 1,, TAMAN BENDAHARA,",45000,"KUALA SELANGOR, ",Others,CENTRAL,CENTRAL,3.318477,101.2646284,spv,67.53,0.8,33062,CHCRB5,4,3,0,,011-2681 0021,Monday: 7:00?AM?–?3:00?PM | Tuesday: 7:00?AM?–?3:00?PM | Wednesday: 7:00?AM?–?3:00?PM | Thursday: 7:00?AM?–?3:00?PM | Friday: 7:00?AM?–?3:00?PM | Saturday: 7:00?AM?–?3:00?PM | Sunday: 7:00?AM?–?3:00?PM,,
CT3211007213,DOUBLE FOUR CONVENIENCE SHOP SDN. BHD.,NO:G-18,0,,Others,CENTRAL,CENTRAL,3.003898,101.710997,spv,209.39,2.6,33062,CHCRB2,4.5,6,0,,012-378 0424,Monday: 8:30?AM?–?8:00?PM | Tuesday: 8:30?AM?–?8:00?PM | Wednesday: 8:30?AM?–?8:00?PM | Thursday: 8:30?AM?–?8:00?PM | Friday: 8:30?AM?–?8:00?PM | Saturday: 8:30?AM?–?8:00?PM | Sunday: 8:30?AM?–?8:00?PM,https://www.facebook.com/Supereightminimarket,
CT3211007222,KOPERASI PERBADANAN PUTRAJAYA BERHAD,"KEDAI SERBANEKA COOPMART, ARAS BAWAH",0,,Others,CENTRAL,CENTRAL,2.9239703,101.7010395,oth,67.53,0.8,33062,CHCRB11,0,0,0,,,,,
CT3211007225,KKN MINI MARKET,NO:3,0,,Others,CENTRAL,CENTRAL,3.5068178,101.1064574,spv,124.13,1,33062,CHCRB5,0,0,0,,,,,
CT3211007226,FARMASI SEMENYIH MAJU SDN. BHD.,NO:7A,0,,Others,CENTRAL,CENTRAL,3.2449862,101.668928,oth,268.72,3.6,33062,CHCRB7,0,0,0,,,,,
CT3211007254,ALKAISER TRADING SDN. BHD.,"NO:01-07 KENWINGSTON SQUARE GARDEN, PERSIARAN BESTARI CYBER 9",63000,CYBERJAYA,Others,CENTRAL,CENTRAL,2.911305,101.639441,oth,371.29,8,33062,CHCRB11,4.6,30,0,,017-637 5587,Monday: 8:00?AM?–?3:00?AM | Tuesday: 8:00?AM?–?3:00?AM | Wednesday: 8:00?AM?–?3:00?AM | Thursday: 8:00?AM?–?3:00?AM | Friday: 8:00?AM?–?3:00?AM | Saturday: 8:00?AM?–?3:00?AM | Sunday: 8:00?AM?–?3:30?AM,,
CT3211007255,HYPER TRENDCELL GROUP SDN. BHD.,"NO:139 & 141, JALAN KILANG PADI,",45500,TANJUNG KARANG,Others,CENTRAL,CENTRAL,3.4276709,101.1776522,spv,1357.46,6,33062,CHCRB5,0,0,0,,,,,
CT3211007257,ZAMZAMI MINI MARKET,"C-G-01 JALAN PPK 1, PUSAT PERNIAGAAN KINRARA",47100,TAMAN KINRARA SEKSYEN 3,Others,CENTRAL,CENTRAL,3.0605171,101.6406657,spv,351.6,8.8,33062,CHCRB11,0,0,0,,,,,
CT3211007258,KEDAI RUNCIT ABOYA,"C-G-03 BLOCK C JALAN PPK 1, TAMAN KINRARA SEKSYEN 3",47100,PUSAT PERNIAGAAN KINRARA 3,Others,CENTRAL,CENTRAL,3.0605339,101.6403958,spv,238.91,4.8,33062,CHCRB11,0,0,0,,,,,
CT3211008262,BULK SALES ENTERRISE,"NO:1, LORONG KEBUN SIREH, , TAMAN DESA DAMA,",14000,"14000 BUKIT MERTAJAM, ",Others,CENTRAL,CENTRAL,3.144397,101.697646,oth,0,0,33062,CHCRBGEN,4.2,5275,0,ChIJrWAqBrNJzDERegCOUD1qDmw,03-2072 7378,Monday: 9:30?AM?–?8:00?PM | Tuesday: 9:30?AM?–?8:00?PM | Wednesday: 9:30?AM?–?8:00?PM | Thursday: 9:30?AM?–?8:00?PM | Friday: 9:30?AM?–?8:00?PM | Saturday: 9:30?AM?–?8:00?PM | Sunday: 9:30?AM?–?8:00?PM,https://www.mydin.my/,
CT3211008390,MH WORLD,SEMENYIH,-,,Others,CENTRAL,CENTRAL,3.1087626,101.7070073,spv,124.13,1,33062,CHCRB7,2.7,45,0,,,Monday: 8:00?AM?–?10:00?PM | Tuesday: 8:00?AM?–?10:00?PM | Wednesday: 8:00?AM?–?10:00?PM | Thursday: 8:00?AM?–?10:00?PM | Friday: 8:00?AM?–?10:00?PM | Saturday: 8:00?AM?–?10:00?PM | Sunday: 8:00?AM?–?10:00?PM,,
CT3211008391,KAB THIVYA ENTERPRISE,"NO:9, JALAN 1/1A,, BANDAR RINCNING,SEKSYEN 1,",43500,"SEMENYIH,",Others,CENTRAL,CENTRAL,2.930014,101.8515,spv,212.51,2.2,33062,CHCRB7,5,1,0,ChIJ_RV8GwDPzTERX1FSBTjBzi8,,Monday: 7:00?AM?–?11:30?PM | Tuesday: 7:00?AM?–?11:30?PM | Wednesday: 7:00?AM?–?11:30?PM | Thursday: 7:00?AM?–?11:30?PM | Friday: 7:00?AM?–?11:30?PM | Saturday: 7:00?AM?–?11:30?PM | Sunday: 7:00?AM?–?11:30?PM,,
CT3211008392,PSK 7 ENTERPRISE ,"NO:43, JALAN PSK 7, , PUSAT PERDAGANGAN SERI KEMBANGAN,",43300 .,"43300 SERI KEMBANGAN, SELANGOR D. E.",Others,CENTRAL,CENTRAL,3.0335313,101.617396,spv,124.13,1,33062,CHCRB2,0,0,0,,,,,
CT3211008393,LINH&ARUL ENTERPRISE ,"B-G-24 BLOK A, SERI INDAH, JALAN PBS 14/3,, TAMAN PERINDUSTRIAN, BUKIT SERDANG",43300,"43300 SERI KEMBANGAN, SELANGOR D. E.",Others,CENTRAL,CENTRAL,3.0335351,101.6174026,spv,56.6,0.2,33062,CHCRB2,0,0,0,,,,,
CT3211008394,IBU BEST SHOPEE,PANGSAPURI RESAK U10/14 PUNCAK PERDANA,40170," SHAH ALAM, ",Others,CENTRAL,CENTRAL,3.0335317,101.6174058,spv,202.64,2.4,33062,CHCRB7,0,0,0,,,,,
CT3211008395,LZ TRADING ENTERPRISE,"NO:9, LORONG SULTAN ABDUL SAMAD 40,, BANDAR SULTAN SULAIMAN,",42000,"42000 PELABUHAN KLANG,",Others,CENTRAL,CENTRAL,3.026776,101.3755,spv,0,0,33062,CHCRB10,3.8,82,0,,03-3362 6863,Monday: 9:00?AM?–?10:00?PM | Tuesday: 9:00?AM?–?10:00?PM | Wednesday: 9:00?AM?–?10:00?PM | Thursday: 9:00?AM?–?10:00?PM | Friday: 9:00?AM?–?10:00?PM | Saturday: 9:00?AM?–?10:00?PM | Sunday: 9:00?AM?–?10:00?PM,http://www.99speedmart.com.my/,
CT3211008396,PASAR MINI MHS PRO IKHLAS SDN. BHD.,"NO:35G, JALAN PAHAT H 15/5,, SEKSYEN 15,","40000 SHAH ALAM, SELANGOR D.E.","40000 SHAH ALAM,",Others,CENTRAL,CENTRAL,3.0335195,101.6173917,spv,67.53,0.8,33062,CHCRB7,0,0,0,,,,,
CT3211008477,KEDAI UBAT DAN RUNCIT WAN FOH,"GROUND FLOOR, NO:11, JALAN EMAS,, OFF JALAN MELAWIS,",41400,KLANG,Others,CENTRAL,CENTRAL,3.043049,101.436981,cmh,800.74,8.4,33062,CHCRB9,0,0,0,,016-389 7920,Monday: 8:00?AM?–?8:00?PM | Tuesday: 8:00?AM?–?8:00?PM | Wednesday: 8:00?AM?–?8:00?PM | Thursday: 8:00?AM?–?8:00?PM | Friday: 8:00?AM?–?8:00?PM | Saturday: 8:00?AM?–?8:00?PM | Sunday: 8:00?AM?–?8:00?PM,,
CT3211008534,KEMBAR RIZKI RESOURCES ,"LOT 2986, BATU 6, , JALAN KEBUN,",42450,"42450 KLANG, ",Others,CENTRAL,CENTRAL,3.046945,101.4312933,spv,56.6,0.4,33062,CHCRB6,4,209,0,,016-222 7046,Monday: 7:00?AM?–?10:00?PM | Tuesday: 7:00?AM?–?10:00?PM | Wednesday: 7:00?AM?–?10:00?PM | Thursday: 7:00?AM?–?10:00?PM | Friday: 7:00?AM?–?10:00?PM | Saturday: 7:00?AM?–?10:00?PM | Sunday: 7:00?AM?–?10:00?PM,,
CT3211008535,GEUBRINA RIZKI ,"A-01-08, BLOK A,  PANGSAPURI RIMBA 2,, NO:5, JALAN LENGKUAS 16/19,",40200,"SEKSYEN 16, 40200 SHAH ALAM,",Others,CENTRAL,CENTRAL,3.0470133,101.4313,spv,245.21,2,33062,CHCRB7,4,209,0,,016-222 7046,Monday: 7:00?AM?–?10:00?PM | Tuesday: 7:00?AM?–?10:00?PM | Wednesday: 7:00?AM?–?10:00?PM | Thursday: 7:00?AM?–?10:00?PM | Friday: 7:00?AM?–?10:00?PM | Saturday: 7:00?AM?–?10:00?PM | Sunday: 7:00?AM?–?10:00?PM,,
CT3211008536,SWEATHA ENTERPRISE,"NO:40, JALAN DATO YUSOF SHAHBUDIN 44,, TAMAN SENTOSA,",41200,"41200 KLANG,",Others,CENTRAL,CENTRAL,3.008703,101.4685,spv,0,0,33062,CHCRB10,3.9,971,0,,03-5162 1300,Monday: 8:30?AM?–?9:00?PM | Tuesday: 8:30?AM?–?9:00?PM | Wednesday: 8:30?AM?–?9:00?PM | Thursday: 8:30?AM?–?9:00?PM | Friday: 8:30?AM?–?9:00?PM | Saturday: 8:30?AM?–?9:00?PM | Sunday: 8:30?AM?–?9:00?PM,,
CT3211008538,DAHKA AYU TRADING ,"NO:40, JALAN UTAMA 2/1,, TAMAN PERINDUSTRIAN PUCHONG UTAMA,",47100,"47100 PUCHONG,",Others,CENTRAL,CENTRAL,2.9987517,101.6125583,spv,67.53,0.8,33062,CHCRB11,3.3,3,0,,012-653 0823,Monday: 6:00?AM?–?2:00?PM | Tuesday: 6:00?AM?–?2:00?PM | Wednesday: 6:00?AM?–?2:00?PM | Thursday: 6:00?AM?–?2:00?PM | Friday: 6:00?AM?–?2:00?PM | Saturday: 6:00?AM?–?2:00?PM | Sunday: Closed,,
CT3211008539,WAHYU AN NUR ENTERPRISE,"NO:S2, PANGSAPURI SRI PELANGI,, JALAN PUCHONG UTAMA 5,",47150,"TAMAN TASIK PRIMA,",Others,CENTRAL,CENTRAL,2.9828683,101.6046933,spv,124.13,1,33062,CHCRB11,0,0,0,,,,,
CT3211008543,KEDAI RUNCTI NUFAZ,"NO:6, LORONG TERATAI 2/12,, BANDAR BARU,",45000,"45000 KUALA SELANGOR,",Others,CENTRAL,CENTRAL,3.322879,101.261437,spv,124.13,1,33062,CHCRB5,0,0,0,,019-245 9115,Monday: 8:30?AM?–?8:00?PM | Tuesday: 8:30?AM?–?8:00?PM | Wednesday: 8:30?AM?–?8:00?PM | Thursday: 8:30?AM?–?8:00?PM | Friday: 8:30?AM?–?8:00?PM | Saturday: 8:30?AM?–?8:00?PM | Sunday: 8:30?AM?–?8:00?PM,,
CT3211008544,AMIRUL IKHSAN ENTERPRISE ,"BLOCK U3-00-01, SUBANG PERDANA,, COURT 8,",47630,"47630 SUBANG JAYA,",Others,CENTRAL,CENTRAL,3.047,101.4312617,spv,124.13,1,33062,CHCRB11,4,209,0,,016-222 7046,Monday: 7:00?AM?–?10:00?PM | Tuesday: 7:00?AM?–?10:00?PM | Wednesday: 7:00?AM?–?10:00?PM | Thursday: 7:00?AM?–?10:00?PM | Friday: 7:00?AM?–?10:00?PM | Saturday: 7:00?AM?–?10:00?PM | Sunday: 7:00?AM?–?10:00?PM,,
CT3211008545,TS FUTURE ENTERPRISE,"NO:18, LOT 8927, KG TELOK GONG,",42000,"42000 PELABUHAN KLANG,",Others,CENTRAL,CENTRAL,2.962831,101.3905,spv,0,0,33062,CHCRB10,0,0,0,,,,,
CT3211008546,BOH ARA ENTERPRISE,"DI TEPI JALAN 2C/2,, TAMAN DATO HARUN,",46000,"PETALING JAYA,",Others,CENTRAL,CENTRAL,3.081139,101.633637,spv,124.13,1,33062,CHCRB11,5,2,0,,019-892 6175,Monday: 8:00?AM?–?11:00?PM | Tuesday: 8:00?AM?–?11:00?PM | Wednesday: 8:00?AM?–?11:00?PM | Thursday: 8:00?AM?–?11:00?PM | Friday: 8:00?AM?–?11:00?PM | Saturday: 8:00?AM?–?11:00?PM | Sunday: 8:00?AM?–?11:00?PM,,
