store_id,store_name,address,city,lat,lng,rating,review_count,phone,user_category,reckitt_type,reckitt_tier,reckitt_score
ChIJM0mvfYQ3zDERDYaEOTfEME0,ST Rosyam Mart - Setiawangsa,"Lot 3 - 13 Ground Floor, Dewan Sri Iskandar, Jalan Setiawangsa 8, Taman Setiawangsa",Kuala Lumpur,3.1790639,101.7415817,4.3,5310,03-4256 2288,Super/Groceries,Super - Indie retail,Tier 1,36.88
ChIJaZpw_87IzTERvyv939zr1Vw,Pasaraya CS Bangi Avenue,"No. 1, Persiaran Bangi Avenue, Taman Bangi Avenue",Kajang,2.9031522,101.7897876,4.1,4735,03-8687 5003,Hyper,Hyper - Other regional chain,Tier 1,34.7
ChIJdTIif3SzzTERtF1nYZ70WOk,OTK Supermarket Puchong Prima,"C-01, Pasaraya, 01, Jalan Prima 5/1, Taman Puchong Prima",Puchong,3.0001089,101.5960351,4.0,2460,03-8062 6188,Super/Groceries,Super - Independent local,Tier 1,31.23
ChIJgR5cZRk1zDERkhNomqzWDHo,Checkers Hypermarket Sdn Bhd (Cheras Utama),"LOT PT 38285, JALAN CU 12, Taman Cheras Utama",Cheras,3.0518944,101.7469057,4.2,1440,03-9107 5151,Super/Groceries,Super - Indie retail,Tier 1,30.55
ChIJrb2mi3Q4zDEROkyZElXZhEA,Supermarkets OTK Medan Idaman Gombak,"42-50, Jalan Jernai 3, Medan Idaman Business Centre",Kuala Lumpur,3.2126423,101.7112377,3.9,2481,03-4024 8290,Super/Groceries,Super - Independent local,Tier 1,30.49
ChIJNX6bwytPzDERhW3BPpZxChU,Ben Independent Grocer IPC,"IPC Shopping Centre, Lot LG 1.19 & 1.20, 2, Jalan PJU 7/2, Mutiara Damansara",Petaling Jaya,3.1562925,101.611095,4.2,1383,03-7731 3230,Super/Groceries,Super - Sundry/grocer,Tier 1,30.38
ChIJW5EBNMBJzDERCDbVqh-jCF0,Sam's Groceria NU Sentral,"Jalan Sultan Abdul Samad, Brickfields",Kuala Lumpur,3.1330751,101.6870344,4.0,1856,03-2272 2090,Super/Groceries,Super - Sundry/grocer,Tier 1,30.11
ChIJHxYl9WJNzDERd_hqE1pbeoI,Checkers Hypermarket Sdn Bhd (Headquarters),"7, Persiaran Selangor, Seksyen 15",Shah Alam,3.0621433,101.5268708,4.2,1276,03-5511 2255,Super/Groceries,Super - Indie retail,Tier 1,30.04
ChIJCa1aCmC3zTER75a_2pejsTE,Star Grocer Cybersquare - Cyberjaya,"Jalan Teknokrat 6, Cyber 5",Cyberjaya,2.9195963,101.6576294,4.2,1089,,Super/Groceries,Super - Sundry/grocer,Tier 1,29.37
ChIJRQjiNynbzTER-_0ya7xOn8o,Zemart,Mantin,"Kuala Lumpur, Petaling Jaya, Shah Alam, Klang, Subang Jaya, Cheras, Ampang, Cyberjaya, Putrajaya, Kajang, 68100 Selayang, Damansara",2.8311653,101.8963017,4.0,1393,06-758 5380,Super/Groceries,Super - Indie retail,Tier 1,28.96
ChIJTdr-kxw2zDERx9yKJtdCK7c,Wmart,"9, Jalan Dua, Off, Jalan Chan Sow Lin",Kuala Lumpur,3.1233739,101.711504,4.1,1097,03-9222 2811,Super/Groceries,Super - Indie retail,Tier 1,28.71
ChIJcWvzsVQ2zDERLodVvDb8Sss,Tayba Mart 1,"LOT 12, JALAN EXCELLA 1, OFF, TAMAN, Jalan Ampang Putra, Ampang Hilir",Ampang Jaya,3.1505749,101.7474241,4.7,449,018-401 7000,Super/Groceries,Super - Indie retail,Tier 1,28.71
ChIJ7_9MFUw2zDER-FSgqFsC624,Star Grocer Desa Pandan,"8, Jalan 1/76C, Desa Pandan",Kuala Lumpur,3.1473595,101.7365457,4.2,885,,Super/Groceries,Super - Sundry/grocer,Tier 1,28.5
ChIJazV4aHpHzDERTxob5Glx83o,TMG Mart Sri Gombak,"Jalan TIB 1, Taman Industri Bolton",Batu Caves,3.2370663,101.6965575,4.0,1191,,Super/Groceries,Super - Tunas Manja,Tier 1,28.33
ChIJOy0GBF-1zTER-aMWx5TLhOU,Grand Union Supermarket Seri Kembangan,"24, Jalan Perusahaan 3, Taman Serdang Jaya",Seri Kembangan,3.016408,101.7041869,4.0,1185,010-269 7814,Super/Groceries,Super - Independent local,Tier 1,28.31
ChIJP_AtHmZLzDERlYlWQLQzsRs,Star Grocer Taman Kinrara,"48-52, Jalan TK 1/11c, Taman Kinrara",Puchong,3.0630341,101.6472421,4.0,1057,,Super/Groceries,Super - Sundry/grocer,Tier 1,27.86
ChIJC5lepphLzDERsr3Iji1uI00,Star Grocer Taman Paramount,"Jalan 20/16, Taman Paramount",Petaling Jaya,3.1069429,101.6243372,4.1,858,,Super/Groceries,Super - Sundry/grocer,Tier 1,27.7
ChIJG2HqtyOtzTERWiCUw1bDCoM,Li-Ter Vegetarian Trading Sdn Bhd,"Jalan Nagasari 36/1, Taman Kandis Permai",Shah Alam,3.0192112,101.4865022,4.8,309,03-3371 5500,Super/Groceries,Super - Indie retail,Tier 1,27.54
ChIJhwzSZYpIzDERD_rH-KzKvwc,Kim's Mart,"No. 7, Jalan Solaris 2, Solaris Mont Kiara",Kuala Lumpur,3.1745425,101.6602358,4.2,687,03-6203 7500,Super/Groceries,Super - Indie retail,Tier 1,27.44
ChIJ2Z1WZWRNzDERz9-GCnKPysM,Salam Point Mart,"I-G-6, Kelana Jaya Parklane Commercial Hub, Jalan SS 7/26",Petaling Jaya,3.1083887,101.5933934,4.9,261,03-3142 2666,Convenience,Conv - Indie mart,Tier 1,27.28
ChIJtWHVmHQ4zDERrV_QKKhTK4k,Tayba Mart 3,"46, Jalan Jernai 4, Medan Idaman Business Centre",Kuala Lumpur,3.2123819,101.7127241,4.6,371,018-402 1000,Super/Groceries,Super - Indie retail,Tier 1,27.23
ChIJf_0NZEyxzTERQw8tylFyoOc,Pasaraya CS Grocer Taman Putra Perdana,"32-40, Jalan Putra Perdana 5e, Taman Putra Perdana",Puchong,2.9419086,101.612337,3.9,1042,03-8319 3189,Super/Groceries,Super - Sundry/grocer,Tier 1,27.1
ChIJ6TeRawDPzTERW1w686lWxAo,ST Rosyam Mart (Semenyih),"PT 35710 HSM 9116, BATU 22, JLN BERANANG MUKIM",Semenyih,2.9368352,101.8531915,4.2,633,,Super/Groceries,Super - Indie retail,Tier 1,27.1
ChIJY0c9Jgc1zDER7MVQe2wnRsY,Memi ZoooZooo Grocer,"G-19, Residensi Majestic Maxim, 45, Jalan 9",Kuala Lumpur,3.0776396,101.741715,4.3,533,,Super/Groceries,Super - Sundry/grocer,Tier 1,27.01
ChIJ9f8_tEpOzDERmfBx5m4TJao,Super Seven Supermarket Subang,"No. 1, Jalan Euro 1, Off Jalan Batu Tiga, Sungai Buloh, Seksyen U3",Shah Alam,3.152898,101.5486959,3.8,1202,03-7859 0861,Super/Groceries,Super - Independent local,Tier 1,26.95
ChIJ1SOIQO-szTERVDEgd-PnDh8,"Econmart Supermarket Bandar Sentosa, Klang","20, Jalan Dato Yussof Shahabudin 30, Taman Sentosa",Klang,3.0103998,101.4666462,3.9,971,03-5162 1300,Super/Groceries,Super - Independent local,Tier 1,26.83
ChIJj-ND4shLzDERZPLbd6Bmu5s,Tanoshi Mart Vegetarian,"10, Jalan Radin Bagus 6, Bandar Baru Sri Petaling",Kuala Lumpur,3.0705658,101.6930212,4.9,226,03-2385 7198,Convenience,Conv - Indie mart,Tier 1,26.58
ChIJt0eddeJHzDER5DDR5L_nrrg,Ong Tai Kim (OTK) Supermarket Sentul,"Jalan Sentul, Sentul Pasar",Kuala Lumpur,3.190945,101.6913571,3.9,896,03-4045 6993,Super/Groceries,Super - Independent local,Tier 1,26.52
ChIJBSEGe_YzzDERYGRH3HBmPHE,Pasaraya CS Hulu Langat,"No. 72A, 86, Jalan Lagenda Suria 3, Jalan",Hulu Langat,3.097,101.800664,3.9,860,03-9021 5833,Hyper,Hyper - Other regional chain,Tier 1,26.36
ChIJX3DjCulJzDERTW4Psa6X4e4,小麦生活中国超市 Wheat Mart KLEC,"Level 2, INC, mall, 3, Jalan Bangsar, KL Eco City",Kuala Lumpur,3.1195322,101.6741244,4.8,224,011-5556 6611,Super/Groceries,Super - Indie retail,Tier 1,26.0
ChIJXT_HVIJHzDER3zNYrJlV3s8,Zee Mart Gombak,"Fasa 1, 2, Jalan Selasih Indah, Taman Selaseh",Batu Caves,3.227672,101.6987064,4.3,407,,Super/Groceries,Super - Indie retail,Tier 1,25.85
ChIJzdQnp4zLzTER65ABBgzTYm8,Tayba Mart 5 (Serdang),"G11, South City Plaza, Sungai Besi Serdang Perdana, Taman Serdang Perdana",Seri Kembangan,3.0283516,101.710188,4.8,216,018-402 4000,Super/Groceries,Super - Indie retail,Tier 1,25.82
ChIJa9MXeFdTzDEREmDw_xjQeSg,Econmart Supermarket Sdn Bhd. Sungai Bertih,Teluk Gadong,Klang,3.0376338,101.4247816,3.9,747,03-3371 6731,Super/Groceries,Super - Independent local,Tier 1,25.81
ChIJofK_sIpLzDER4fQ98gcweiI,Jiale Mart,"15, Jalan Radin Bagus 1, Bandar Baru Sri Petaling",Kuala Lumpur,3.069377,101.694168,4.8,207,012-555 3818,Super/Groceries,Super - Indie retail,Tier 1,25.62
ChIJfUzb0F_5zDERacrThIN57b0,Kedai Miswan (Repair Telefon Dan Komputer Kapar),"Kedai Miswan, BT 13 1/2, Jalan Mawar Kampung Sungai Serdang Kapar",Klang,3.1345908,101.3307427,5.0,150,013-839 0911,Super/Groceries,Super - Generic kedai,Tier 1,25.09
ChIJIS_eVl3dzTERiJCi9sGDA5Y,Family Store Taman Jasper Jaya,"15-18, Jalan Jasper Jaya 1, Taman Jasper Jaya",Seremban,2.7260426,101.9118052,4.0,529,06-765 1699,Hyper,Hyper - Other regional chain,Tier 1,25.09
ChIJ6QGZWGJHzDERYmYZYRfvvkI,Big Mart (Big Supermart Sdn Bhd),"13, Jalan SG 3/19, Taman Sri Gombak",Batu Caves,3.2425028,101.704981,3.9,613,03-6187 9181,Super/Groceries,Super - Independent local,Tier 1,25.04
ChIJDdxKmVqxzTERt8YgbrDLT70,ASIA MART TRIANA,"NO 12A-G, 12-G, 16-G, 18-G & 18, 1, Jalan Aman Tiara 7, BANDAR TROPICANA AMAN",Telok Panglima Garang,2.9487147,101.526538,4.6,227,014-327 3313,Super/Groceries,Super - Indie retail,Tier 1,24.97
ChIJs05iYfFGzDERjdO4o_kFpco,Parkson Selayang Mall,"Jalan SU 9, Taman Selayang Utama",Batu Caves,3.2371015,101.6437584,4.1,440,03-6138 2889,Hyper,Hyper - Other regional chain,Tier 1,24.97
ChIJQ40zjUw2zDERSVGO-Izi57I,Selections Groceries G Village,"No. 35, Jalan 1/76, Desa Pandan",Kuala Lumpur,3.1491322,101.7364781,4.3,326,03-9201 7948,Super/Groceries,Super - Sundry/grocer,Tier 1,24.9
ChIJtfT9fRrBzTERxR5P003IIKQ,Pasaraya CS Grocer Nilai,Taman Memancing Istana Bunian,Nilai,2.7710488,101.7634952,3.7,749,06-791 2328,Super/Groceries,Super - Sundry/grocer,Tier 1,24.49
ChIJw2qWqZ_0zDERMkNncndRhok,Deluxe Household Wholesale Sdn Bhd,"12-26, Jalan 3/1, Bandar Melawati",Kuala Selangor,3.3319973,101.2550327,4.2,334,03-3281 1979,Super/Groceries,Super - Indie retail,Tier 1,24.42
ChIJ6WU3ZJnKzTERKiI8kJFSX_w,Hero Save Mart Taman Sri Serdang,"2, Jalan 18/32, Taman Sri Serdang",Seri Kembangan,3.0091205,101.7149956,3.9,487,,Super/Groceries,Super - Indie retail,Tier 1,24.14
ChIJO5sV2qjJzTERanCBNesHE6Y,Pasar Mini Murni Enterprise Sungai Merab,"Lot 5135, Jalan Aman, Kampung Sungai Merab Luar",Kajang,2.923014,101.7474965,4.4,233,012-355 7789,Super/Groceries,Super - Independent local,Tier 1,24.0
ChIJGd1CYGtGzDERo4FhcHmrqzI,Jutaria Cash & Carry Sdn Bhd,"Lot 11095, A1, Jalan Kepong, Taman Kepong",Kuala Lumpur,3.2126847,101.6331888,3.9,464,03-6263 2008,Super/Groceries,Super - Indie retail,Tier 1,23.95
ChIJg4igjoHLzTERgoTXpZ_7iDE,Chuan Heng Trading Co.,"Lot 869, batu 18, Jalan Kampung Sg Tangkas",Kajang,2.9487354,101.7868938,4.1,332,03-8210 8121,Super/Groceries,Super - Indie retail,Tier 1,23.81
ChIJdSAI5bVVzDERUAhvGXwEXPU,Big Supermart Kapar,"4, Jalan Sungai Kapar Indah 3, Taman Sungai Kapar Indah",Kapar,3.095114,101.3834381,3.8,523,03-3291 9181,Super/Groceries,Super - Independent local,Tier 1,23.79
ChIJr-rEsavnzTERYoJAIrMJ1rc,Devibala Cash & Carry Sdn Bhd,"59, Jalan PKBB 4",Seremban,2.6996157,101.9526613,4.5,174,010-385 5509,Super/Groceries,Super - Indie retail,Tier 1,23.24
ChIJFa1gWwO1zTERyn2PK6VC6zY,MJ Freshy Mart 小南瓜生鲜超市,"NO3, Jalan Equine 9b, Taman Equine",Seri Kembangan,2.9965869,101.674287,5.0,98,017-688 6258,Super/Groceries,Super - Indie retail,Tier 1,22.98
ChIJJ6ul5_42zDER-SAZkheIkYM,Galaxy Korean Mart,"Galaxy Ampang Shopping Centre, 64, Komplex, 5, Jalan Dagang, Taman Dagang",Ampang,3.1481741,101.7558162,3.9,358,03-4278 4989,Super/Groceries,Super - Indie retail,Tier 1,22.94
ChIJyeLvbWerzTERE6n04deWxUE,Econsave Bayu Perdana - Pasar Ekonomi Mart,"41, Jalan Batu Unjur, Pandamaran",Pelabuhan Klang,3.0157537,101.4260798,4.0,299,03-3162 1356,Convenience,Conv - Indie mart,Tier 1,22.82
ChIJ772OZLVHzDERtXIf43VdYWU,ST Rosyam Mart - Taman Ehsan,"Jalan E3/6A, Taman Ehsan",Kepong,3.2216519,101.6245235,3.9,341,018-376 1888,Super/Groceries,Super - Indie retail,Tier 1,22.76
ChIJJQQoJsmtzTERMctz1KHwyPc,GT Mart Bukit Tinggi 1,"28-G & 30-G, 3 /KS06, Jalan Batu Nilam, Bandar Bukit Tinggi 1",Klang,3.0095761,101.4357871,4.9,103,,Convenience,Conv - Indie mart,Tier 1,22.76
ChIJg3KOKTY4zDERkTAaLi4HqUA,Ansari Mart Wangsa Melawati,"41-G, Jalan Wangsa Setia 1, Wangsa Melawati",Kuala Lumpur,3.2098613,101.7442986,4.5,146,019-318 5870,Convenience,Conv - Indie mart,Tier 1,22.46
ChIJnRMWs9DKzTERD00H7DVxv-0,Pasaraya Rakan Balakong - Rakanda Ent Sdn Bhd,"84-96, Jalan PDR 5, Pusat Perniagaan Cheras Maju",Balakong,3.023979,101.746596,4.2,208,03-8964 4000,Super/Groceries,Super - Indie retail,Tier 1,22.44
ChIJbZdVi2hWzDERg_EBhvpBxLM,Asia Mart KAPAR,"23 & 25, Jalan Kapar Batu 10, Taman Sentosa",Klang,3.1326643,101.3760551,4.2,206,010-239 3022,Super/Groceries,Super - Indie retail,Tier 1,22.4
ChIJrQuXEwC1zTERdAOXYWUwIeA,Raja Udang Mini Mart • RUMM,"Sultan Alaeddin Suleiman Shah College, Persiaran Kolej",Serdang,2.9941287,101.7065153,5.0,85,011-1332 1720,Convenience,Conv - Mini-mart,Tier 1,22.27
ChIJyaiWQyNIzDERZpkMjEMoxH0,Wan Lee Heng Cash & Carry Sdn Bhd,"105, Lengkok Raja Laut, Chow Kit",Kuala Lumpur,3.167081,101.6967541,4.1,223,03-4045 5636,Super/Groceries,Super - Indie retail,Tier 1,22.19
ChIJTfgqRdTLzTERJkcIPQl-x50,Shell,Persiaran Kemajuan,Bandar Baru Bangi,2.957635,101.755989,4.1,211,03-8926 2230,Hyper,Hyper - Other regional chain,Tier 1,21.96
ChIJx8iPA3NXzDERhdmev34puMU,GT Mart Bukit Kapar,"43 & 45, Jalan Bukit Kapar, Pekan Kapar",Kapar,3.1397316,101.3785385,4.8,92,03-3292 8822,Convenience,Conv - Indie mart,Tier 1,21.76
ChIJ-YWDwBNIzDERkE8C9PzOMvk,Crescent star Impex Sdn Bhd,"14, Jalan Kovil Hilir, Sentul",Kuala Lumpur,3.1772477,101.6886153,4.3,156,03-4045 2600,Super/Groceries,Super - Indie retail,Tier 1,21.74
ChIJ8T4SQ3qjzTERN_tOZafrbHY,Jazco Supermarket Kanchong Darat,Kanchong Darat,Banting,2.7921647,101.48713,4.0,223,,Super/Groceries,Super - Independent local,Tier 1,21.65
ChIJ3TALS0BHzDERcjjf2-DaeVY,Pasar Raya Well-Mart GB1,"Jalan GP 2, Taman Gombak Permai",Batu Caves,3.2516844,101.6864957,4.0,221,,Super/Groceries,Super - Indie retail,Tier 1,21.61
ChIJrTslSgBbzDER9Zt0pRAKPyw,Payung Mart Sdn Bhd,"No. 5-1, 6-1, 7-1, 7-2 & 7-3, Jalan Bukit Melawati U17/10B, Taman Saujana Permai, Seksyen, U17",Shah Alam,3.2208208,101.4999602,5.0,73,016-365 2858,Super/Groceries,Super - Indie retail,Tier 1,21.52
ChIJW9OtiV04zDERNy39MhD5930,Tayba Mart 4,"No. 5 – G, PV7, Jalan Melati Utama 2, TAMAN MELATI UTAMA",Kuala Lumpur,3.2219627,101.7289057,4.5,113,018-402 3000,Convenience,Conv - Indie mart,Tier 1,21.31
ChIJt8TjVH3OzTERX0xfUgTHuWs,Pasaraya Rakan Semenyih - Rakanda Ent Sdn Bhd,"18-26, Jalan Semenyih Sentral 6, Taman Semenyih Sentral",Semenyih,2.94404,101.844075,4.0,203,03-8723 2799,Super/Groceries,Super - Indie retail,Tier 1,21.27
ChIJ57bc8R63zTERta8WO0_btkg,99 Speedmart 1524 Desa Pinggiran Putra,"No: 7 & 9, Jalan Pinggiran Putra 4A/4, Jalan Sungai Merab, Desa Pinggiran Putra",Kajang,2.9008136,101.7060008,4.0,199,03-3362 6863,Super/Groceries,Super - 99 Speedmart,Tier 1,21.19
ChIJYzfA9OBLzDER8l0dDta4pr0,myNEWS PJ 33 (G Floor),"33, NO, KHOO KAY, UNIT PG-05B, PJ, 3, Jalan Professor Khoo Kay Kim, Seksyen 13",Petaling Jaya,3.1104791,101.6370921,3.7,305,03-7931 2433,Hyper,Hyper - Other regional chain,Tier 1,21.18
ChIJFbeaYq7LzTER-4zOECverDE,99 Speedmart 1296 Taman Saujana Impian,"Ground Floor, No: 21 & 22, Jalan Impian Makmur 3/B, Taman Saujana Impian",Kajang,3.0190488,101.7912631,4.0,193,03-3362 6863,Convenience,Conv - 99 Speedmart,Tier 1,21.07
ChIJ3c_sw1rOzTERC2ktibNx2p0,99 Speedmart 2036 Setia Ecohill,"Ground Floor, No: 3 & 5, Jalan Ecohill 1, 5B, Setia Ecohill",Semenyih,2.9254444,101.8538333,4.0,191,03-3362 6863,Convenience,Conv - 99 Speedmart,Tier 1,21.03
ChIJp_AA_kOrzTERl_kFsr54bxI,Siang Ann Supermarket,"43, Lorong Melikai 4, Kampung Raja Uda",Pelabuhan Klang,3.0215482,101.4168887,4.4,116,011-2823 2399,Super/Groceries,Super - Independent local,Tier 1,20.95
ChIJe3GvVf22zTERXvk8AcLFtN8,Roswel Mart Neo Cyber SepangCyberjayaSelangor Negeri SembilanGrocery/Vegetable/Mineral water,"25G & 26G, Lingkaran Cyber Point Barat, Neo Cyber",Cyberjaya,2.9164404,101.6501217,4.3,129,03-8318 0997,Super/Groceries,Super - Sundry/grocer,Tier 1,20.93
ChIJJTD5w19ezDERqb01Bh4WSLs,Noza Frozen Mart Kuala Selangor,"17-G, Jalan Seri Temenggung 3, Jalan Taman Temenggung",Kuala Selangor,3.3299975,101.2593807,4.3,129,011-5552 2992,Convenience,Conv - Indie mart,Tier 1,20.93
ChIJg25temCzzTERAVyTBC2xeHg,Pasaraya Puchong Herbs & Food Supermarket,"No. 5, 6, 7 & 8, Kompleks Letak Kereta Puteri Central, Persiaran Puteri 1, Bandar Puteri",Puchong,3.01431,101.6136217,4.1,162,016-665 6388,Super/Groceries,Super - Independent local,Tier 1,20.88
ChIJFR5Jr5O3zTER7x5duWa1owU,Maiwp Mart P5,"Jalan P5A, Presint 5",Putrajaya,2.8895916,101.6808563,4.3,120,019-624 9442,Convenience,Conv - Indie mart,Tier 1,20.62
ChIJ86T8drxJzDERKQZOc4aG_0k,Pasaraya BinWalid by CERR Mart Sdn Bhd,"Legasi, 25, Jalan Raja Muda Musa, Kampung Baru",Kuala Lumpur,3.1622335,101.7062249,4.4,107,011-5946 3003,Super/Groceries,Super - Indie retail,Tier 1,20.6
ChIJBeF5IHpHzDERC9eaneb2iH0,YuVin Distributor Sdn Bhd,"8-9, Jalan Samudera Utara 2, Taman Samudra",Batu Caves,3.2351123,101.6965553,4.1,148,018-980 3393,Super/Groceries,Super - Indie retail,Tier 1,20.52
ChIJG_HkK9pEzDERrK9ay9zzpjs,NuKiRa Catan Enterprise,"Jalan Setia, Kampung Cempedak",Rawang,3.2372802,101.5386935,3.8,206,,Super/Groceries,Super - Indie retail,Tier 1,20.26
ChIJW0fwtQPLzTERT6T918siHuI,"RizqHalalMart , Saujana Impian","5, Jalan Impian Makmur 3/B, Saujana Impian",Kajang,3.0190961,101.7908053,5.0,56,019-277 2592,Convenience,Conv - Indie mart,Tier 1,20.22
ChIJLVPmgVWzzTERGHCgQ-QQaOY,99 Speedmart 1164 Taman Putra Prima,"32, Jalan PP 2/2, Taman Putra Prima",Puchong,2.9773183,101.591926,3.8,202,03-3362 6863,Convenience,Conv - 99 Speedmart,Tier 1,20.19
ChIJ7TjBM6LHzTER6c9NfmmRxZY,99 Speedmart 1670 (NS) Putra Nilai,"C-8G, Acacia Avenue, Jalan Jati 9, Desa Jati, Putra Nilai",Nilai,2.8358488,101.7875137,4.1,136,03-3362 6863,Convenience,Conv - 99 Speedmart,Tier 1,20.17
ChIJMzSwns9RzDERZaR58-PBlCw,TMG Mart Alam Budiman,"No. 9- 19, Ground Floor, Jalan Pulau Lumut U10/68, Seksyen U10, Alam Budiman",Shah Alam,3.1442428,101.4805562,4.0,151,09-567 9888,Super/Groceries,Super - Tunas Manja,Tier 1,20.1
ChIJdcFTL-tJzDER9T1oOSCV83w,Kalyaan Store by Asokan - Premium Indian Grocery Shop,"7, Lorong Chan Ah Tong, Brickfields",Kuala Lumpur,3.1291656,101.6846231,4.2,117,03-2276 1617,Super/Groceries,Super - Sundry/grocer,Tier 1,20.04
ChIJ3VtruWStzTERrGVQ6iFXBRo,GT Mart Bandar Puteri Klang,"No. 31 & 33 (Ground Floor, Lorong Sanggul 1a, Bandar Puteri",Klang,2.9882187,101.467377,5.0,53,,Convenience,Conv - Indie mart,Tier 1,19.94
ChIJ8Sni137LzTERFuoBoWYF4u4,Pasaraya Rakan Jade Hill Kajang - Rakanda Ent Sdn Bhd,"B-G-01, B-G-02, B-G-03, B-L1-11, B-L1-12 & B-L1-13, Residensi Setia Impian, Taman Residensi Impian",Kajang,2.9922892,101.7634381,4.4,91,03-8734 2586,Super/Groceries,Super - Indie retail,Tier 1,19.9
ChIJw-TzFcXJzTERxv3PxGpAojw,Makkah Mart,"20, Jalan Perak P15",Putrajaya,2.9468165,101.7235621,4.7,67,012-500 4191,Super/Groceries,Super - Indie retail,Tier 1,19.83
ChIJ4Z77peFLzDER0wBzdUxThYA,BilaBila Mart - Desa Green,"Unit No. 2-G-3A Ground Floor, Desa Green No. 85, Jalan Bakti",Kuala Lumpur,3.1059027,101.6948253,4.5,81,03-2702 3018,Convenience,Conv - BilaBila Mart,Tier 1,19.83
ChIJaaqx-WTBzTEROxjh6w207uw,Pasaraya zemart,Persada Kasih,Bandar Baru Enstek,2.7547305,101.7613755,4.2,107,06-791 5782,Super/Groceries,Super - Indie retail,Tier 1,19.66
ChIJdb0-F3FHzDER3mxUha2ehYw,D’SOLEH MART,"No 4, Gerai MPS, Kg Kenanga Batu 18, Jalan Ipoh - Kuala Lumpur",Rawang,3.3146936,101.5787134,4.3,95,016-234 7413,Super/Groceries,Super - Indie retail,Tier 1,19.63
ChIJM8wOHfg1zDEREEqdJfjqNss,CB WHOLESALE MART (CHERAS),"No, Jalan Sri Permaisuri 9, Bandar Sri Permaisuri",Kuala Lumpur,3.1018485,101.7075374,3.9,151,012-735 7136,Super/Groceries,Super - Indie retail,Tier 1,19.59
ChIJJ0RoF5StzTERfQqL9_n5Hpo,99 Speedmart 1016 - Bandar Sentosa,"41-43, Jalan Datuk Yusuf Shahbuddin 28, Taman Sentosa",Klang,3.0077635,101.4641333,3.9,149,03-3362 6863,Convenience,Conv - 99 Speedmart,Tier 1,19.54
ChIJbZtCTx3WzTERYBNZ3e8IjfI,99 Speedmart 1444 (NS) Kuala Klawang,"No: 4 & 5, Jalan Dato, Mentari",Kuala Klawang,2.9405882,102.070817,3.8,168,03-3362 6863,Super/Groceries,Super - 99 Speedmart,Tier 1,19.49
ChIJ30rsFAA1zDERzKhVM8iv9oY,许多鱼中国超市蕉赖分店 XUDUOYU SDN BHD,"4, Jalan Manis 3, Taman Bukit Segar",Kuala Lumpur,3.0888588,101.7438469,4.9,52,011-6932 3288,Super/Groceries,Super - Indie retail,Tier 1,19.45
ChIJtf0LuCVpzDEROzdexSzOv9s,99 Speedmart 1521 Bukit Sentosa,"No: 1 & 3, Perniagaan Jalan Seroja, Jalan Seroja 1A, Bukit Sentosa",Rawang,3.41761,101.5774561,4.1,113,,Super/Groceries,Super - 99 Speedmart,Tier 1,19.42
ChIJDcSkeUKrzTERUuvYecljpRk,99 Speedmart 1309 Bayu Perdana 2,"No: 312 (GF, Jalan Batu Unjur 7, Taman Bayu Perdana",Klang,3.0161211,101.4279984,4.1,113,03-3362 6863,Convenience,Conv - 99 Speedmart,Tier 1,19.42
ChIJZYwLG7rPzTERax0pjMAP__M,PJH FRESHMART Bandar Tasik Kesuma,"Pangsapuri Baiduri, Blok F, Jalan Kesuma 3, Bandar Tasik Kesuma",Beranang,2.9034617,101.8603174,3.9,142,,Super/Groceries,Super - Indie retail,Tier 1,19.36
ChIJ7WUdhXBHzDERVUN9NQYLnOw,TF Value-Mart Batu Caves,"10243, Jalan Batu Caves",Batu Caves,3.2351788,101.6941969,3.4,295,03-6189 1924,Super/Groceries,Super - TF Value,Tier 1,19.35
ChIJy7RtJLBVzDERu3HjNeNtjEg,99 Speedmart 1008 Klang Utama 1,"2, Jalan Sungai Puloh 13, Taman Klang Utama",Klang,3.0785041,101.4204686,3.8,161,03-3362 6863,Convenience,Conv - 99 Speedmart,Tier 1,19.33
ChIJneuOjbdPzDER5bdyoUYVfXg,KK Super Mart,"15-A, Jalan Bulan U5/163, Bandar Pinggiran Subang",Shah Alam,3.1606935,101.5479052,3.6,214,016-330 8519,Convenience,Conv - KK Mart,Tier 1,19.33
ChIJ7_lB4UNGzDERbVlJCj4ddtY,Zhong Guo Meng Market Sdn Bhd,"D-G, 2A, Jalan Metro Perdana 3, Taman Usahawan Kepong",Kuala Lumpur,3.2162924,101.6431074,4.0,124,011-3650 6882,Super/Groceries,Super - Indie retail,Tier 1,19.31
ChIJK-TUtHaxzTERnWa5exG3t10,HOMEMART MINI MARKET,"BSP21, Jalan Saujana Putra, Bandar Saujana Putra",Jenjarom,2.943333,101.5883916,4.2,98,019-266 2956,Super/Groceries,Super - Independent local,Tier 1,19.3
ChIJO04YAlc5zDERAdnl4nhChJg,810 Freshmart Wangsa Maju klinik kasut,"No. 19, 1 & 20-1, Jalan Metro Wangsa, Wangsa Maju",Kuala Lumpur,3.2044851,101.7366231,3.9,140,010-366 9887,Super/Groceries,Super - Indie retail,Tier 1,19.3
ChIJPUr9LKRJzDERaPyLjZcROyg,NH Pasarnita Mart,"Lot E/OG/01 Ground Floor of Block E Lower Ground Floor, of Plaza, Mont Kiara Complex, Mont Kiara",Kuala Lumpur,3.1653663,101.6508927,4.4,79,03-6201 4989,Super/Groceries,Super - Indie retail,Tier 1,19.28
ChIJibMJiA9LzDERSd-Pmb80-KY,Shell Taman Kinrara,"Jalan Puchong, Lot 2068, Jalan Puchong Batu 7 1/2",Puchong,3.065382,101.649785,3.8,155,03-8076 7682,Hyper,Hyper - Other regional chain,Tier 1,19.19
ChIJQ3syj1lRzDERqxo7ZUaWY_I,99 Speedmart 2109 Denai Alam 2,"No: 61 (Ground Floor), Jalan Elektron D U16/D, Seksyen U16, Denai Alam",Shah Alam,3.1639827,101.5141464,3.7,177,03-3362 6863,Convenience,Conv - 99 Speedmart,Tier 1,19.17
ChIJq1SnApbBzTERoA8yKmy1-5k,Zemart Bandar Baru Enstek,"Lot 28398, Jalan Milenia, Bandar Baru Enstek, Nilai Bandar Baru, Nilai",Seremban,2.7548135,101.760715,4.0,119,06-791 5782,Convenience,Conv - Indie mart,Tier 1,19.15
ChIJk9-8HzJGzDER4KtkHh7JGws,Bukit Indah Supermarket PK Sdn Bhd,"34, Jalan 5/40, Taman Pusat Kepong",Kuala Lumpur,3.202582,101.6561109,4.0,117,,Super/Groceries,Super - Independent local,Tier 1,19.08
ChIJTauQBzTJzTERD6-gOKLeWq4,99 Speedmart 1494 Taman Villa Tropika,"0-2G & 0-3G (Ground Floor), Jalan Villa Tropika 1, Taman, Jalan Villa Tropika",Kajang,2.9409469,101.7898053,4.3,83,03-3362 6863,Convenience,Conv - 99 Speedmart,Tier 1,19.05
ChIJ2wvApnVLzDER28mjo__qKLw,Pasar Mini,Malaysia,"Kuala Lumpur, Petaling Jaya, Shah Alam, Klang, Subang Jaya, Cheras, Ampang, Cyberjaya, Putrajaya, Kajang, 68100 Selayang, Damansara",3.0718538,101.6354224,4.3,83,,Convenience,Conv - Mini-mart,Tier 1,19.05
ChIJraq1SKLMzTERqMM8sdTol7M,99 Speedmart 1492 Taman Puncak Saujana,"No: 1 (GF, Jalan Puncak Saujana 1/1A, Taman Puncak Saujana",Kajang,3.0145658,101.8054723,4.1,103,03-3362 6863,Super/Groceries,Super - 99 Speedmart,Tier 1,19.04
ChIJpQmwtEJFzDERBMIUlOdzmrw,Ramly Burger Agent EMZEKA TRADING SUNGAI BULOH,"No, 5 Bangunan PLB, Paya Jaras Tengah",Sungai Buloh,3.2026394,101.5463083,4.3,82,012-397 9116,Super/Groceries,Super - Indie retail,Tier 1,19.0
ChIJha073XA4zDERRAQM-pzVcjc,Pasar Mini Balada (FAMA AgroBazaar Rakyat Gombak Setia),"Lorong Pasar, Gombak Setia",Kuala Lumpur,3.2183155,101.7138218,4.8,51,016-351 1107,Convenience,Conv - Mini-mart,Tier 1,18.97
ChIJqw0pcVzOzTERvFis8LXd3ss,PK Best Mart,"29, Jalan 1/1a, Seksyen 1 Bandar Rinching",Semenyih,2.9293007,101.8512609,4.1,101,014-240 9798,Super/Groceries,Super - Indie retail,Tier 1,18.96
ChIJwUTlhjJHzDER-f9Q3GVHvyY,99 Speedmart 1658 Bandar Baru Selayang 2,"Ground Floor, No: 30 & 32, Jalan 4/2, Taman Bandar Baru Selayang Fasa 2b",Batu Caves,3.267668,101.6730422,3.9,128,03-3362 6863,Super/Groceries,Super - 99 Speedmart,Tier 1,18.95
ChIJP1s-lISuzTERiADa-j2O7fA,Kedai Batu Tok Ring Sabri,"Jalan Sempadan Batu 7, Kampung Sijangkang",Telok Panglima Garang,2.9514771,101.4696646,4.0,113,017-631 2839,Hyper,Hyper - Other regional chain,Tier 1,18.94
ChIJM_FmtdEzzDERL5lgXzc5QKc,99 Speedmart Sungai Long 2,"46, Jalan SL 11/9, Bandar Sungai Long",Kajang,3.054163,101.804131,3.8,145,03-3362 6863,Convenience,Conv - 99 Speedmart,Tier 1,18.94
ChIJoaXSFATEzTER_u8jIZhupls,99 Speedmart 1434 (NS) Taman Nilai Perdana,"No: 5A & 7A (GF, 5, Jalan Nilai Perdana, Taman Nilai Perdana",Seremban,2.803714,101.8047647,3.9,126,03-3362 6863,Hyper,Hyper - Other regional chain,Tier 1,18.89
ChIJFcKKndRGzDERlxF2iOOlIbo,Shell,"Jalan Rawang Bt 16, Jln, Templer Park",Rawang,3.290064,101.633539,3.6,188,03-6091 2619,Hyper,Hyper - Other regional chain,Tier 1,18.87
ChIJFzEUgq9czDERGNCNMAFLvOA,99 Speedmart 1539 Bandar Baru Kundang,"No: 43-B & 43-C, Jalan Pekan 2, Kampung Baru Kundang",Rawang,3.279318,101.5137695,3.7,163,03-3362 6863,Convenience,Conv - 99 Speedmart,Tier 1,18.87
ChIJr00mRZ1SzDERZsm1LH01avQ,AzZainMart Shah Alam,"9-G, Jalan Tukul P15/P, Seksyen 15",Shah Alam,3.064096,101.524043,4.3,79,013-365 3934,Convenience,Conv - Indie mart,Tier 1,18.84
ChIJ2_6N8VDPzTERlesTrwIJ1wI,99 Speedmart 1419 Bandar Bukit Mahkota,"No: 67 & 69, Jalan BM 4/3, Seksyen 4, Bandar Bukit Mahkota",Kajang,2.882212,101.807526,3.9,123,03-3362 6863,Convenience,Conv - 99 Speedmart,Tier 1,18.8
ChIJ25ntzBBNzDERtYlb536qkpI,BilaBila Mart - Sunway House Waterfront Residence,"L2, Waterfront Residence, Persiaran Tasik Barat",Subang Jaya,3.0627479,101.6001376,4.8,49,,Convenience,Conv - BilaBila Mart,Tier 1,18.78
ChIJgax5d0S1zTERMgrKtnbLeF0,99 Speedmart 1111 Tmn Saujana Puchong 1,"No.29(Ground Floor, Jalan SP 3/9, Taman Saujana Puchong",Puchong,2.989967,101.639847,3.9,122,03-3362 6863,Convenience,Conv - 99 Speedmart,Tier 1,18.77
ChIJI5WnddKlzTERnZ8ou4jglnI,99 Speedmart 1624 Taman Chodoi Bestari,"No: 3 & 5 (Ground Floor), Jalan CB2 Taman Chodoi Bestari, Kampung Chodoi",Banting,2.8436253,101.4452474,3.5,210,03-3362 6863,Convenience,Conv - 99 Speedmart,Tier 1,18.73
ChIJ1QmZ6LO2zTERS06xiJi8NAs,SOLEH MINI MART,"Jalan Putra Perdana 3/2, Taman Putra Perdana",Puchong,2.9423692,101.6207772,4.1,94,03-8318 4852,Super/Groceries,Super - Indie retail,Tier 1,18.67
ChIJTR_b6pSzzTERiRWakXjiQnU,TF Value-Mart Subang USJ,"Palazzo Mall 19 Basement Carpark (B1 - B3A) Jalan, Persiaran Kewajipan, Usj 19",Subang Jaya,3.0317625,101.5886175,3.8,134,03-8011 0914,Super/Groceries,Super - TF Value,Tier 1,18.64
ChIJr9wXmok2zDER6NDxSAB28b4,Pasar Mini Wan Setia,Taman Lembah Maju,Kuala Lumpur,3.125326,101.7546077,4.3,74,010-299 3757,Super/Groceries,Super - Independent local,Tier 1,18.57
ChIJZRZvCXC5zTERmz-RZ49R1aI,Pasaraya Warisan B.C. Enterprise,"Lot 7114, Kampung Bukit Changgang, Banting, 42700, Selangor",Banting,2.8248159,101.6336866,4.1,91,019-653 5396,Super/Groceries,Super - Indie retail,Tier 1,18.54
ChIJeUXGlXBRzDERDma9Oz0Hx4Y,PETRON Setia Alam,"2 Jalan Setia Gemilang U13/47, Setia Alam, Seksyen U13",Shah Alam,3.12546,101.472099,3.9,114,03-3358 0779,Hyper,Hyper - Other regional chain,Tier 1,18.51
ChIJxXbwWk3JzTERjx1oJmy1QJc,"KK SUPER MART Kajang, Bandar Seri Putra (KSP)","4, 65, Persiaran Seri Putra 1, Bandar Seri Putra",Kajang,2.885489,101.7910855,4.0,101,010-205 2308,Convenience,Conv - KK Mart,Tier 1,18.5
ChIJT3j3mmTOzTERRsxvWyh23lY,Shell,Jalan Semenyih Beranang,Kajang,2.94209,101.850124,4.1,90,03-8723 4859,Hyper,Hyper - Other regional chain,Tier 1,18.49
ChIJZW40jaI0zDERlC-whGazRPw,Yan Seng Supermarket,"29, Jalan Temenggung 3/9, Bandar Mahkota Cheras",Cheras,3.0508469,101.7888093,3.8,127,03-9010 4978,Super/Groceries,Super - Independent local,Tier 1,18.44
ChIJHxjGBkyxzTERRhFclMvvLHc,99 Speedmart 1766 Putra Perdana (PP3),Taman Putra Perdana,Puchong,2.9413564,101.6105831,3.9,112,,Convenience,Conv - 99 Speedmart,Tier 1,18.44
ChIJzYbL0ehbzDER6FedLpYOKu8,99 Speedmart 1871 Sri Pristana,"No: E-1-40 & E-1-41 (Ground Floor), Jalan SP 11/3 Pristana",Subang Business Centre,3.2074475,101.4749633,3.7,143,03-3362 6863,Convenience,Conv - 99 Speedmart,Tier 1,18.39
ChIJR7vtvYFUzDERaC8ykfdnazA,Poh Yap Mini Market,"Jalan Damai, Kampung Batu Belah",Klang,3.0720091,101.4321673,4.2,77,03-3341 0720,Super/Groceries,Super - Independent local,Tier 1,18.3
ChIJqTbn1pA0zDER9F3MkVs1N1g,"99 Speedmart Jalan Penggawa, Mahkota Cheras","1, Jalan Penggawa 6/2, Seksyen 2 Bandar Mahkota Cheras",Kajang,3.0576246,101.7840382,4.0,95,,Convenience,Conv - 99 Speedmart,Tier 1,18.26
ChIJTRZJro3PzTERgUYmbhU0dJo,99 Speedmart 2230 Eco Majestic,"Ground Floor, No: 23-1, Jalan Eco Majestic 1/2C, 3A/1",Semenyih,2.9095254,101.8512479,4.4,62,03-3362 6863,Super/Groceries,Super - 99 Speedmart,Tier 1,18.23
ChIJLfIHtlNCzDERclooKqo-N8M,Pasaraya Soon Huat Sdn Bhd,"18 & 19, Jalan Batu 18, Kampung Dato Lee Kim Sai",Rawang,3.3143027,101.5783534,3.9,106,03-6091 0500,Super/Groceries,Super - Indie retail,Tier 1,18.22
ChIJBeRaN8JpzDERZ4_8qdc3CnY,99 Speedmart 1337 Bandar Sungai Buaya,"No: 21 & 23 (GF, Jalan Kenangsari 2A, Bandar Baru Sungai Buaya",Rawang,3.3735583,101.5326644,4.0,94,03-3362 6863,Convenience,Conv - 99 Speedmart,Tier 1,18.22
ChIJN4Xco5o2zDER7hsCA1DEbfg,Pasar Mini Taman Putra,"49, Jalan 11, Taman Putra",Ampang,3.120987,101.7654291,4.1,84,03-4291 3127,Super/Groceries,Super - Independent local,Tier 1,18.21
ChIJG0UK_H6zzTER_nSdPFADNTw,99 Speedmart 1522 – Taman Perindustrian Puchong Utama,"No: 54, Jalan Utama 2/1, Taman Perindustrian Puchong Utama Sekyen 2, Jalan Puchong",Puchong Batu 14,2.9978499,101.6124573,4.2,75,03-3362 6863,Super/Groceries,Super - 99 Speedmart,Tier 1,18.19
ChIJo79mMRw1zDERIFdR9F9eSiA,88 SP Mart,"37 & 39, 37 & 39, Jalan 33/154, Taman Bukit Anggerik",Cheras,3.0582981,101.7491544,4.2,74,03-9101 7051,Convenience,Conv - Indie mart,Tier 1,18.13
ChIJR-jwUx1JzDERIPk3T12QB50,BilaBila Mart - Regalia Suites,"C-3A-3A, Regalia Serviced Apartment. 2, Jalan Anjung Putra, Off, Jalan Sultan Ismail",Kuala Lumpur,3.1645994,101.6929303,4.6,50,,Convenience,Conv - BilaBila Mart,Tier 1,18.09
ChIJ-WiZM13FzTERdErRt3W4koY,99 Speedmart 1804 (NS) Taman Beringin Jaya,"No: 8 & 9 (Ground Floor), Jalan Beringin Jaya 1, Taman Beringin Jaya 71700 Mantin",Negeri Sembilan Darul Khusus,2.8650775,101.8683848,3.9,102,03-3362 6863,Super/Groceries,Super - 99 Speedmart,Tier 1,18.08
ChIJ0epydjvHzTERbwjA1G2wnps,99 Speedmart 1297 Bandar Baru Salak Tinggi,"No: 31 & 33, Jalan ST 1C/6, Medan 88, 27, Jalan ST 1c/6, Bandar Baru Salak Tinggi",Sepang,2.8117659,101.7380643,3.8,114,03-3362 6863,Convenience,Conv - 99 Speedmart,Tier 1,18.03
ChIJL7xH5vDLzTERsM0SA46qCjY,Fresh St. Grocer Jadehills,"Dataran Jade, No. 54-1 & 56-1, Jalan Dataran Jade 6, Jade Hills",Kajang,2.9922037,101.7602825,4.4,58,011-1191 0709,Super/Groceries,Super - Sundry/grocer,Tier 1,17.94
ChIJ7csearTdzTERdkeXRUia61E,99 Speedmart Coral Height,"256, Jalan Bkt Coral 11, Taman Bukit Coral",Seremban,2.7532178,101.9540427,3.9,98,,Convenience,Conv - 99 Speedmart,Tier 1,17.92
ChIJt949Eo-5zTERBVshBILaITU,Fresca Mart Kota Warisan,"33A-G, Jalan Warisan Sentral 2, Kota Warisan",Sepang,2.8192938,101.6945841,4.9,37,018-905 3585,Super/Groceries,Super - Indie retail,Tier 1,17.82
ChIJY9XrylFJzDERGOl88lZZg40,ST Rosyam Mart Jakel Square,"Lot 159, Jakel Square, Off, Jalan Munshi Abdullah, City Centre",Kuala Lumpur,3.1545435,101.6997632,3.7,122,,Super/Groceries,Super - Indie retail,Tier 1,17.81
ChIJ2Wzxf1yrzTERQ4PU3TC3qrY,Econsave Telok Gong - Pasar Ekonomi Mart,"Lot 8951, Jalan Telok Gong, Kampung Telok Gong",Pelabuhan Klang,2.9620122,101.3913503,4.0,84,03-3170 3166,Convenience,Conv - Indie mart,Tier 1,17.77
ChIJZ8S3AKyyzTERzXiLAOq5D6w,Pasar Mini Lakshmi,"22, Jalan Adil 25/10, Taman Sri Muda",Shah Alam,3.0306588,101.5305643,4.0,83,,Super/Groceries,Super - Independent local,Tier 1,17.72
ChIJgx3oSQtNzDERR9Py1149em0,PrestoMart Near U - Subang SS15,"6-G, Jalan SS15/8",Subang Jaya,3.0749243,101.5905661,4.8,39,03-5611 5387,Convenience,Conv - Indie mart,Tier 1,17.71
ChIJTxaEsxC1zTERL37zIHSxfAk,99 Speedmart 2720 Abadi Heights,"12 & 12A (Ground Floor, No:, 2, Lorong Abadi 2, Abadi Heights",Puchong,2.9691283,101.6341809,4.1,74,03-3362 6863,Convenience,Conv - 99 Speedmart,Tier 1,17.7
ChIJJfopIfczzDER16A4mJuWydg,99 Speedmart 1307 Taman Lagenda Suria,"No: 2(G, Jalan Lagenda Suria 3, Taman Lagenda Suria",Cheras,3.098801,101.802431,4.2,65,03-3362 6863,Convenience,Conv - 99 Speedmart,Tier 1,17.6
ChIJr-enwBs3zDER5eHkJxnJhio,99 Speedmart 2408 Ampang Utama,"Ground Floor, Lot: B1-1 & B2-1, Jalan Ampang Utama 2/2, Taman Ampang Utama",Ampang,3.1554235,101.7523023,4.5,49,03-3362 6863,Convenience,Conv - 99 Speedmart,Tier 1,17.6
ChIJYb9w2olezDERw-SvGK6lSbE,Shell,"Jalan Kuala Salangor Jln IP 1, Laluan 54, Lot 420, Jalan Permai 1",Kuala Selangor,3.312047,101.418985,3.8,101,010-566 8119,Hyper,Hyper - Other regional chain,Tier 1,17.57
ChIJa7m_XFb1zDERgq3aPoEZPl4,BSK FRESHMART KUALA SELANGOR,"NO 10, 12, 14 &16, 2A, Jalan Bendahara 1, Taman Bendahara",Kuala Selangor,3.320971,101.2681611,4.1,71,012-369 9538,Super/Groceries,Super - Indie retail,Tier 1,17.53
ChIJffv4ugZTzDERtQyT_e2esYA,Shell,"Lebuhraya Baru Lembah Klang, Lebuhraya Baru Lembah",Klang,3.070852,101.472557,3.9,87,010-552 4860,Hyper,Hyper - Other regional chain,Tier 1,17.46
ChIJL_cC9aPdzTEROZ78aui4uwI,99 Speedmart 1608 (NS) Gedung Lalang,"No 6143/10, 11, 12 Jalan Kuala Pilah, Bt 2 1/2",Gedung 70400,2.7269354,101.973413,4.1,69,03-3362 6863,Convenience,Conv - 99 Speedmart,Tier 1,17.42
ChIJKwj6GDZvzDERln9KOtSO6iU,99 Speedmart 1571 Bukit Beruntung,"Ground Floor, No: 9 & 11, Jalan Inai 2, Seksyen BB3 Bukit Beruntung",Rawang,3.43044,101.55731,3.8,97,03-3362 6863,Convenience,Conv - 99 Speedmart,Tier 1,17.42
ChIJp6nOoNIazDER6Ku30FJbfKY,Halalmart 2U,"P-12, Taman Harmoni",Bentong,3.5032468,101.9235097,4.2,62,017-537 1059,Hyper,Hyper - Other regional chain,Tier 1,17.4
ChIJIcLkQTs1zDERVF5wjUrvysQ,99 Speedmart 1078 Damai Perdana,"18 & 20(G, Jalan Damai Perdana 1/8a, Bandar Damai Perdana",Cheras,3.0468774,101.7396079,4.2,62,03-3362 6863,Convenience,Conv - 99 Speedmart,Tier 1,17.4
ChIJ_cZRON5KzDERW38gXwwo2mA,99 Speedmart 1425 Alam Sutera,"No: 17 & 19 (GF), Jalan Alam Sutera 10 Alam Sutera, Bukit Jalil",Kuala Lumpur,3.0523484,101.6649101,3.9,85,03-3362 6863,Super/Groceries,Super - 99 Speedmart,Tier 1,17.37
ChIJf-2QVoyuzTERbRrdeLWXziU,99 Speedmart 1417 Taman Sijangkang Permai,"No: 8 & 10 (GF, Jalan Permai, Taman Sijangkang Permai",Telok Panglima Garang,2.9405134,101.4712486,3.6,123,03-3362 6863,Super/Groceries,Super - 99 Speedmart,Tier 1,17.35
ChIJWTf6xbZJzDERzYa2emzBaZo,Haider & Sons Grocer,"The Richmond, 29, Jalan Kiara 3, Mont Kiara",Kuala Lumpur,3.1730889,101.6507223,5.0,31,011-6538 5786,Super/Groceries,Super - Sundry/grocer,Tier 1,17.33
ChIJ23dnQstazDERaJCIIsP-fM8,99 Speedmart 1741 Aman Putri,"No 1 & 3 (Ground Floor, Dataran Putri, Sek U17, Jalan Aman Damai H U17/H, Aman Putri",Shah Alam,3.2166393,101.5233392,3.7,107,03-3362 6863,Convenience,Conv - 99 Speedmart,Tier 1,17.32
ChIJ95ON95dHzDER1iK6zruQC88,MTMMART,"14, Jalan Pinggiran 1/1, Taman Pinggiran",Batu Caves,3.2500188,101.6935191,4.1,67,013-359 1812,Super/Groceries,Super - Indie retail,Tier 1,17.3
ChIJcahrJQ31zDER89dFsagWLw0,99 Speedmart 1388 Kuala Selangor 3,"No: 80 & 82 (GF, Jalan Melati 3/1, Bandar Melati",Kuala Selangor,3.3310606,101.2559461,3.7,106,03-3362 6863,Convenience,Conv - 99 Speedmart,Tier 1,17.29
ChIJl2-VWauxzTERZZQccyzVVC8,99 Speedmart 2161 Bandar Rimbayu,"No: 37 & 39 (Ground Floor), Jalan Flora 2/2 Bandar Rimbayu (Flora",Telok Panglima Garang,2.9333475,101.5483452,3.6,120,03-3362 6863,Convenience,Conv - 99 Speedmart,Tier 1,17.26
ChIJKSiMepajzTERQdaCEaIow_I,99 Speedmart 1454 Taman Damai Morib,"No: 22 & 24 (GF, Jalan Damai",Taman Damai,2.7835463,101.4623854,4.0,73,03-3362 6863,Super/Groceries,Super - 99 Speedmart,Tier 1,17.22
ChIJRSUBozvVzTERs9vv7pLxbwM,99 Speedmart 1509 (NS) Pekan Titi,"No: 282 & 283, Taman Mawar",Titi,2.997352,102.069351,3.8,92,03-3362 6863,Convenience,Conv - 99 Speedmart,Tier 1,17.22
ChIJd0BzyFFDzDER-grxv61z_U0,TMG Mart Hill Park Puncak Alam,"Tingkat Bawah, 5-15, Jalan Pinang 4/1, Bandar Hill Park",Puncak Alam,3.211996,101.4686598,3.8,91,09-567 9888,Super/Groceries,Super - Tunas Manja,Tier 1,17.18
ChIJw-iMTBLFzTERJnqBusfmBG0,99 Speedmart 1353 (NS) Perdana College Height,"No: 9 & 10 (GF), Jalan PCH 2 Perdana College Height",Mantin,2.847649,101.841179,3.7,103,03-3362 6863,Convenience,Conv - 99 Speedmart,Tier 1,17.18
ChIJbRNQ5cvJzTERSZTqnJUCdtQ,Fresca Mart BSP,"No 7, 8, 9, Jalan Seri Putra 3/13, Bandar Seri Putra",Kajang,2.8872467,101.779943,4.9,32,03-8920 5755,Super/Groceries,Super - Indie retail,Tier 1,17.13
ChIJo5WZn5_0zDERZ0ACAXfmr0I,Petronas Kuala Selangor,Taman Pahlawan,Kuala Selangor,3.3328888,101.2553728,4.1,64,03-3281 2475,Hyper,Hyper - Other regional chain,Tier 1,17.11
ChIJd_vPs8HPzTERvU4Acu6jrCQ,99 Speedmart 1730 Semenyih Parklands,"No 26&27 (Ground Floor), Jalan Parklands 1, Semenyih Parklands 1 Semenyih Parklands",Beranang,2.8961027,101.8695836,3.7,101,03-3362 6863,Convenience,Conv - 99 Speedmart,Tier 1,17.11
ChIJnZVs1qPnzTERU4aWNiytdNg,Lian Yik Mini Market,"389-390, Jalan Kenanga 1, Taman Bukit Chedang",Seremban,2.694808,101.9293123,4.2,57,06-763 0252,Super/Groceries,Super - Independent local,Tier 1,17.05
ChIJj_Mxv7HIzTERL0tluemLsJw,99 Speedmart 1395 Bandar Seri Putra,"No: 5 & 6 (GF), Jalan Seri Putra 1/1 Bandar Seri Putra, Bangi",Kajang,2.8866042,101.7905282,4.1,63,03-3362 6863,Convenience,Conv - 99 Speedmart,Tier 1,17.05
ChIJRYG9gl5hzDERXM_7La-vx1I,99 Speedmart 1083 Batang Berjuntai,"NO: 26 & 28, Jalan Berjuntai 4",Batang Berjuntai,3.3798238,101.4101187,3.4,149,03-3362 6863,Convenience,Conv - 99 Speedmart,Tier 1,17.04
ChIJDU0pgq5UzDERhjWg0pv7gKg,"Econmart Express Sungai Udang, Klang","27-29, Lorong Selamat /ku3, Kampung Sungai Udang",Klang,3.0417673,101.4256698,3.6,112,012-267 8123,Convenience,Conv - Indie mart,Tier 1,17.02
ChIJmxohTbBVzDERpnOMvVzcmYI,99 Speedmart 1045 Kampung Sungai Udang,"No. 29 & 31 (Ground Floor), Jalan Udan Putih 21 KS 3, Kampung Sungai Udang",Klang,3.0393045,101.4133736,3.8,87,03-3362 6863,Convenience,Conv - 99 Speedmart,Tier 1,17.01
ChIJBVa2D_5GzDER8Xkt0r1nTiQ,AMS MART,"12, Jalan 1/2D, Taman Sri Murni, Kuala Lumpur, 18, Jalan 1/2d, Taman Sri Murni",Batu Caves,3.2352431,101.6613543,4.0,68,03-6138 9786,Super/Groceries,Super - Indie retail,Tier 1,16.94
ChIJNTl0l0dHzDER9hPeAVf93W8,Kedai Runcit Al fatah Amin,"1890, Jalan Kampung Changkat Batu 6, Kampung Changkat",Kuala Lumpur,3.2226817,101.7060051,4.4,46,,Super/Groceries,Super - Sundry/grocer,Tier 1,16.94
ChIJYxlBEaM1zDERDYIqAYik2hE,99 Speedmart 1734 Taman Connaught,"Ground Floor, No: 143 & 145, Jalan Sarjana, Taman Connaught",Cheras,3.0823893,101.7372513,3.8,85,03-3362 6863,Super/Groceries,Super - 99 Speedmart,Tier 1,16.93
ChIJ6c4b7uDLzTERkuARINPy6GE,99 Speedmart 1150 Taman Impian Ehsan,"No.1, Persiaran Impian, Taman Impian Ehsan",Seri Kembangan,3.0237825,101.7506025,3.9,75,03-3362 6863,Convenience,Conv - 99 Speedmart,Tier 1,16.89
ChIJl1CgOwCxzTERkXSopxY5f8w,99 Speedmart 1642 TMN PUTRA PERDANA 2,"Ground Floor, No: 68, Lingkungan Putra Perdana, Taman Putra Perdana",Puchong,2.9461163,101.6134207,4.1,60,03-3362 6863,Convenience,Conv - 99 Speedmart,Tier 1,16.85
ChIJFXUtTFRDzDERsyrmZvTetc8,KK Super Mart Rawang • Taman Jati • RTJ,"No:17, Jalan 1b, Taman Jati",Rawang,3.3074813,101.5855229,4.1,60,010-230 8529,Convenience,Conv - KK Mart,Tier 1,16.85
ChIJ_UCRtP-7zTERXUIGYW_peqg,99 Speedmart 1314 Banting Sungai Emas,"No: 28 & 30 & 32 (GF), Jalan Emas 7, Bandar Sungai Emas, Sungai Manggis",Banting,2.8240452,101.5346419,3.8,83,03-3362 6863,Convenience,Conv - 99 Speedmart,Tier 1,16.84
ChIJm6oBpuPJzTER1OyQUUIOd-8,Zamrud Grocery,"Kedai Runcit, Residensi Zamrud, Jalan Zamrud 1",Kajang,2.9524341,101.7918467,4.9,30,,Convenience,Conv - Sundry/grocer,Tier 1,16.83
ChIJzcIjzP_CzTERK7sCsGnDCxc,Shell,Plus Highway North Bound,Lebuhraya Utara-Selatan,2.757292,101.845526,4.0,66,06-791 1109,Hyper,Hyper - Other regional chain,Tier 1,16.82
ChIJ_xV1XsWqzTERD3T_YHvPuQ4,99 Speedmart 1139 Sultan Suleiman 2,"No:10, Lingkiran Sultan Abdul Samad 2",Bandar Sultan Suleiman 42200 Pelabuhan Klang Serlangor,3.026805,101.375816,3.8,82,03-3362 6863,Hyper,Hyper - Other regional chain,Tier 1,16.79
ChIJ20SlpJvNzTER0xI-yUrpeao,Mulia Sejahtera Mini Market,"NO11A, JALAN SAGA EMAS 8A, TAMAN SAGA EMAS, Tmn Kajang Mulia",Kajang,2.9977834,101.7984754,4.2,53,03-8733 7051,Super/Groceries,Super - Independent local,Tier 1,16.75
ChIJFRlCiFlRzDERTFx30MQyV5I,Kedai Runcit Zurinah,"Jalan Teratai, Meru",Klang,3.1196984,101.447308,4.1,58,03-3392 8214,Super/Groceries,Super - Sundry/grocer,Tier 1,16.72
ChIJnbMnk1E1zDERtFc4kIguN0c,MidEast Food & Beverage Sdn Bhd سوپرمارکت ایرانی مالزی فودمارکت,"G 32, Jalan SP 5/4, Taman Serdang Perdana",Seri Kembangan,3.0401304,101.7075285,4.7,34,03-8940 9951,Super/Groceries,Super - Indie retail,Tier 1,16.71
ChIJS8bC22tCzDERMNOrGRLrO-c,Lai Jin Mini Market,"No.9, Jalan 2/13, Taman Bukit Rawang Jaya",Rawang,3.3335535,101.5876862,3.8,80,012-556 9928,Super/Groceries,Super - Independent local,Tier 1,16.7
ChIJecNhRK7IzTER5HxNFxKqxjA,Madani Halalmart,"27, Jalan Seri Putra 1/2, Bandar Seri Putra",Kajang,2.883703,101.7903699,4.9,29,,Convenience,Conv - Indie mart,Tier 1,16.67
ChIJUWfMMJ7KzTERmF1xYkAP6FE,Kedai Runcit Syibran,"129, Jalan Raya 6, Taman Serdang Jaya",Seri Kembangan,3.0107152,101.7080255,4.1,57,016-252 2258,Super/Groceries,Super - Sundry/grocer,Tier 1,16.65
ChIJC4kqe0BPzDERgXqhaii0r14,BilaBila Mart - Empire City,"B2-038-1, Basement 2, Empire City, No.8, Jalan Damansara, Jalan PJU 8/3a",Petaling Jaya,3.1660669,101.6153398,3.9,70,,Super/Groceries,Super - Indie retail,Tier 1,16.62
ChIJU-PM_6tFzDERFnVJ4m4IUP8,Kedai Ban Foe Sdn Bhd,"Lot 439, Jalan Desa Bukit Indah Utama, Taman Desa Bukit Indah",Sungai Buloh,3.2269337,101.5755982,3.9,70,,Super/Groceries,Super - Indie retail,Tier 1,16.62
ChIJw_gaA0G2zTERhX1o-uXQsp0,99 Speedmart 1888 Putrajaya Precint 8,"Ground Floor, No: A-06 & A-07, Jalan Seluang P8/7, Presint 8",Putrajaya,2.932583,101.6810203,4.0,62,03-3362 6863,Convenience,Conv - 99 Speedmart,Tier 1,16.57
ChIJqTmWxIXgzTERFtAg9Du81sc,99 Speedmart 1736 (NS) Taman Nusa Intan,"No: 1 (Single Storey, Jalan Nusa Intan 2/1, Taman Nusa Intan",Seremban,2.7084722,102.0200556,3.8,77,03-3362 6863,Super/Groceries,Super - 99 Speedmart,Tier 1,16.56
ChIJA0EI6cXdzTERbLFLnHwadGU,99 Speedmart 1341 NS Tan Sri Manickavasagam,"No: 389, Jalan Tan Sri Manickavasagam",Seremban,2.73034,101.930702,3.8,77,03-3362 6863,Convenience,Conv - 99 Speedmart,Tier 1,16.56
ChIJyYEuOTUFzDERrB3yWNgIHvE,Shell,"KT 26, Jalan Kuala Lumpur, Jalan Ketari",Bentong,3.505262,101.91348,3.6,98,09-222 5055,Hyper,Hyper - Other regional chain,Tier 1,16.54
ChIJZamzn7dVzDERE40Rjn79I6I,99 Speedmart 1228 Taman Sementa Utama,"1, No: 1 & 3 (Ground Floor), Jalan Sementa, Batu 7, Jalan Kapar, Taman Sementa Utama",Klang,3.0936133,101.3784561,3.6,98,03-3362 6863,Convenience,Conv - 99 Speedmart,Tier 1,16.54
ChIJW2mdF1i1zTERRy9OXGvXdYw,Eka Mini Market,"23, Jalan SK 10/3, Kampung Baru Seri Kembangan",Seri Kembangan,3.0229269,101.70558,3.9,68,03-8948 3233,Super/Groceries,Super - Independent local,Tier 1,16.51
ChIJsZT-epvJzTERtH11x2uA-Rc,Ray Mini Mart,"3085, Jalan Ayer Hitam, Kampung Sungai Merab Luar",Kajang,2.9426345,101.7462007,3.8,75,019-275 6161,Super/Groceries,Super - Indie retail,Tier 1,16.46
ChIJtWP80Vc1zDERXNpzq67k-Zw,99 Speedmart 1746 Taman Bukit Anggerik,"No 45 & 47 (Ground Floor), Jalan 33/154, Taman Bukit Anggerik 56000 Cheras",Kuala Lumpur,3.0583333,101.7493056,3.8,75,03-3362 6863,Convenience,Conv - 99 Speedmart,Tier 1,16.46
ChIJY3jenOe5zTER8q3v9IeBdQs,99 Speedmart 2150 Taman Seri Delima,"ground floor, No: 14, Jalan Seri Delima 1, Taman Seri Delima",Dengkil,2.8556111,101.6845278,4.2,49,03-3362 6863,Super/Groceries,Super - 99 Speedmart,Tier 1,16.43
ChIJ0QEnuFPozTERQbB_vF5JKBA,99 Speedmart 1685 (NS) Sendayan Metropark,"27 (Ground Floor, Persiaran Metro Sendayan 1, Bandar Sri Sendayan",Metropark,2.6868668,101.8474973,3.8,74,03-3362 6863,Convenience,Conv - 99 Speedmart,Tier 1,16.41
ChIJD8pMKRBRzDERWbGmsjRkBN8,"TMG Mart Elmina, Shah Alam","No 47 - 55, Ground Floor, Jalan Eserina, YU16/Y, Elmina, East",Shah Alam,3.1852223,101.5259294,3.9,66,,Super/Groceries,Super - Tunas Manja,Tier 1,16.4
ChIJ60ovo524zTERgb-XngiU53U,99 Speedmart 1305 Kota Warisan,"No: 36 & 38, 32G, Jalan Warisan Megah 1/4, Kota Warisan",Sepang,2.8247363,101.7058512,3.7,83,03-3362 6863,Convenience,Conv - 99 Speedmart,Tier 1,16.39
ChIJD4ypcCu5zTERnUEBCIs5QPE,Langat Utama Enterprise,"No. 129 & 131 (Ground Floor), Jalan LU 2/2, Taman Langat Utama, Kampong Bukit Changgang",Banting,2.8008491,101.6560851,4.0,59,03-8878 7878,Super/Groceries,Super - Indie retail,Tier 1,16.38
ChIJwzIIFVLdzTERu_P0oOxNNzs,99 Speedmart 1979 (NS) Taman Sri Pinang,"No: 17 & 18 (Ground Floor), Jalan Sri Pinang 1, Taman Sri Pinang Jalan Labu, 70200 Seremban",Negeri Sembilan Darul,2.7270056,101.8935439,3.8,73,03-3362 6863,Super/Groceries,Super - 99 Speedmart,Tier 1,16.36
ChIJYQG67F1LzDER2UBMyq_iGIo,Pasar Mini Lein Fong,"25 & 27, Jalan Merak 2a, Bandar Puchong Jaya",Puchong,3.0531473,101.6228634,3.8,73,03-8070 3050,Super/Groceries,Super - Independent local,Tier 1,16.36
ChIJ1TtTMOPLzTER6krBxdmSVfA,99 Speedmart 1855 Bangi Sek 5,"No: 1 (Ground Floor, Jalan 5c/5, Taman Langat Jaya",Bandar Baru Bangi,2.9573333,101.7860556,3.9,65,03-3362 6863,Super/Groceries,Super - 99 Speedmart,Tier 1,16.34
ChIJM9gp3141zDERHGVEglJp20k,99 Speedmart 1374 Alam Damai 2,"No: 2A, Jalan Damai Raya 2, Alam Damai 56000 Cheras",Kuala Lumpur,3.0614471,101.7441074,3.9,65,03-3362 6863,Convenience,Conv - 99 Speedmart,Tier 1,16.34
ChIJ1ege8F-rzTER57PsVWVHJoo,STS MINI MARKET,"11, Jalan Sultan Abdul Samad 38, Bandar Sultan Suleiman",Pelabuhan Klang,3.0204326,101.3725253,5.0,25,,Convenience,Conv - Mini-mart,Tier 1,16.29
ChIJkVSq-s-qzTERuaERR8w1nyY,Pasar Mini S.M.P,"5, Jalan Sultan Abdul Samad 35, Bandar Sultan Suleiman",Klang,3.0277085,101.3760209,4.3,43,012-259 0411,Super/Groceries,Super - Independent local,Tier 1,16.27
ChIJ-_qOC15DzDERxFkxz9zVCKk,99 Speedmart 1427 Taman Tun Teja,"No: 27 & 29 (GF, 34, Jalan Tun Teja 1, Taman Tun Teja",Rawang,3.2980519,101.5916039,3.9,63,03-3362 6863,Super/Groceries,Super - 99 Speedmart,Tier 1,16.22
ChIJZcA_G_lrzDERgFnI89lr7d0,KK SUPER MART Hulu Yam Bharu (HYB),"No. 56, Jalan Besar",Jalan Batang Kali - Hulu Yam Bharu,3.4334458,101.6572184,3.7,78,010-230 8553,Convenience,Conv - KK Mart,Tier 1,16.17
ChIJg2IOH7KyzTERZSffPaVfGdE,Sri Muda Mini Market,"58, Jalan Mesra 25/66, Taman Sri Muda",Shah Alam,3.0303272,101.5375028,3.9,62,016-651 7636,Super/Groceries,Super - Independent local,Tier 1,16.16
ChIJ0-M8wC1GzDEReck5_5NGcdM,99 Speedmart 1558 Taman Pusat Kepong,"No: 42 (Ground Floor, Jalan 10/40, Taman Pusat Kepong",Kuala Lumpur,3.199954,101.656921,3.8,69,03-3362 6863,Super/Groceries,Super - 99 Speedmart,Tier 1,16.14
ChIJgye26XGrzTERxMLx5QsiizY,Econsave Pandamaran 1 - Pasar Ekonomi Mart,"No.5 & 7, Jalan Ehsan Perdana 7/KS5, Taman Ehsan Jaya",Pelabuhan Klang,3.0068598,101.4179291,3.6,87,03-3162 1356,Convenience,Conv - Indie mart,Tier 1,16.12
ChIJg2eA8CXLzTERnADoVP4M46M,99 Speedmart 1607 Cheras Jaya,"No: 17 & 19, Jalan CJ 3/13-2, Taman Cheras Jaya",Cheras,3.0225639,101.75875,3.8,68,03-3362 6863,Super/Groceries,Super - 99 Speedmart,Tier 1,16.09
ChIJfzobKWc3zDERv7prNuBN-AM,Nur Mart Datum Jelatek - بقالة عربية,"L1-16&17, Datum jelatek mall, Jalan Jelatek, Jelatek",Kuala Lumpur,3.1675519,101.7355579,5.0,24,012-376 4451,Convenience,Conv - Indie mart,Tier 1,16.09
ChIJLQB6-CNIzDER6Q8K0ZfzDn4,"Pemborong Makanan Ringan Dan Gula-gula,Perniagaan SM AHMAD","10, Lorong Haji Hussein 1, Chow Kit",Kuala Lumpur,3.1661202,101.700477,4.1,49,012-678 5466,Super/Groceries,Super - Indie retail,Tier 1,16.04
ChIJ7UNVj0azzTERu8oGvY5R4ww,99 Speedmart 1930 Taman Denai Puchong,"Ground Floor, No: 11 & 13, Jalan Denai Puchong, Taman Denai",Puchong,3.0213019,101.5982284,4.6,31,03-3362 6863,Super/Groceries,Super - 99 Speedmart,Tier 1,15.94
ChIJC8BiqovLzTERk0J8jD6d7PY,99 Speedmart 1331 Kajang Utama 1,"No: 45 & 47 (GF, 49, Jalan Seksyen 1/19, Taman Kajang Utama",Kajang,2.9760698,101.7949062,3.7,73,03-3362 6863,Convenience,Conv - 99 Speedmart,Tier 1,15.93
ChIJh-FIBGyxzTERG3ZIJqENZ6g,99 Speedmart 2046 Perdana Industrial Park,"No: 6 & 8 (Ground Floor), Jalan PP 16/2, Perdana Industrial Park, Taman Putra Perdana",Puchong,2.9442472,101.6019856,3.7,71,03-3362 6863,Super/Groceries,Super - 99 Speedmart,Tier 1,15.82
ChIJjXc6mgfdzTEReyZuu2jF7mE,KEDAI RUNCIT SAFIUDEEN CAWANGAN SEREMBAN,"33, GROUND FLOOR, Jalan Toman 3, Kemayan Square",Seremban,2.7189017,101.9231047,4.8,26,017-749 7787,Convenience,Conv - Kedai runcit,Tier 1,15.82
ChIJTV5l2eS3zTERWUOpSv02igs,Khair Zaman Grocery kenwingston (بقاله عربيه ) arabic grocery,"Khair Zaman Grocery 01-03 @ Kenwingston square Garden, persiaran bestari, 63000 Cyberjaya, Selangor @Kenwingston",Cyberjaya,2.9110193,101.6393669,4.6,30,017-637 5587,Super/Groceries,Super - Sundry/grocer,Tier 1,15.8
ChIJz-iLIVEHzTERrfK6qCgd9lw,kedai bajet rm2,Kampung Sungai Pinang,Pulau Indah,2.9514487,101.3361052,4.2,42,017-328 6143,Super/Groceries,Super - Generic kedai,Tier 1,15.8
ChIJM1wo_0rOzTERng1kew-GY9U,99 Speedmart 1523 Taman Pelangi Semenyih,"No: 16 & 18(G, Jalan TPS 2/2, Taman Pelangi Semenyih 2",Semenyih,2.915919,101.8640938,4.2,42,03-3362 6863,Convenience,Conv - 99 Speedmart,Tier 1,15.8
ChIJ8aXtQQBPzDERwDYD37dZchY,RisSMart Grocer,"Unit G10, Pusat Perniagaan Cita Rasa, 1B, Persiaran Kwasa Utama",Shah Alam,3.1746952,101.5716509,4.9,24,010-427 0836,Super/Groceries,Super - Sundry/grocer,Tier 1,15.77
ChIJY6RCcjhPzDERJW6HsaFc_jI,Presto Grocer - Armanee Terrace,"Jalan PJU 8/1, Damansara Perdana",Petaling Jaya,3.1719386,101.6032714,4.3,38,03-7725 9060,Super/Groceries,Super - Sundry/grocer,Tier 1,15.75
ChIJNTn5ZXFTzDERvc-lACQGOrI,99 Speedmart 1499 Jalan Meru 2,"No: 203, Jalan Kangsar, Off, Jalan Meru",Klang,3.0690095,101.4501434,4.0,50,03-3362 6863,Super/Groceries,Super - 99 Speedmart,Tier 1,15.73
ChIJuauTVV9MzDER0VTsSqy72mY,Lim Mesra Trading Sdn. Bhd.,"B5, Jalan SS 15/8a, Ss 15",Subang Jaya,3.0740375,101.5875945,3.7,69,012-378 9925,Super/Groceries,Super - Indie retail,Tier 1,15.72
ChIJIWtZxZVJzDERWGN27p5R3Ys,Mercearia Neighbourhood Grocer,"MAHSA Avenue, Block A Level B Jalan Ilmu, Off, Jalan Profesor Diraja Ungku Aziz",Kuala Lumpur,3.1177669,101.6491374,3.9,55,016-230 0351,Super/Groceries,Super - Sundry/grocer,Tier 1,15.7
ChIJ9XvhEHxLzDERdJTNDptaYyE,99 Speedmart 1548 Sri Petaling 2,"No: 3, Jalan Pasai 6, Bandar Baru Sri Petaling",Kuala Lumpur,3.069695,101.701057,3.8,61,03-3362 6863,Convenience,Conv - 99 Speedmart,Tier 1,15.68
ChIJTfjq-eNRzDERHdJL1oPUaE4,99 Speedmart 1500 Sunway Kayangan,"No: 15 & 17 (Ground Floor), Jalan Ungu B U9/B, Sunway Kayangan",Shah Alam,3.1283069,101.5193466,3.5,87,03-3362 6863,Convenience,Conv - 99 Speedmart,Tier 1,15.67
ChIJGWVH2cPEzTERwnex1TdiL1M,NZ Mini Mart NZ news & convenience (mantin),Jalan Utl 4,Mantin,2.8212871,101.8704513,4.2,40,016-535 3735,Super/Groceries,Super - Indie retail,Tier 1,15.6
ChIJD9ULMom1zTEROu2KbAcd5Ew,99 Speedmart 1481,"No :, 27 & 29, Jalan BP 3/12, Bandar Bukit Puchong",Puchong,2.990024,101.629936,4.0,48,03-3362 6863,Convenience,Conv - 99 Speedmart,Tier 1,15.57
ChIJKbIvkVxNzDER5n5_CyqAp5w,99 Speedmart 1527 Shah Alam Sek19,"No. 2 (Ground Floor, 19/D, Jalan Nelayan 19/D, Seksyen 19",Shah Alam,3.0508491,101.5345344,3.8,59,03-3362 6863,Super/Groceries,Super - 99 Speedmart,Tier 1,15.56
ChIJ60axXyRIzDER8a6Q7M2n3aQ,Batu Road Supermarket,"Jalan Tuanku Abdul Rahman, Chow Kit",Kuala Lumpur,3.1649988,101.6985628,3.7,65,03-2698 0539,Super/Groceries,Super - Independent local,Tier 1,15.5
ChIJocEwpyrnzTERhGKW64x62Ps,SHELL JALAN TAMPIN SEREMBAN,"Shell, Jalan Tampin, Bandar Seremban Selatan",Seremban,2.6786497,101.9796601,3.8,58,06-679 3640,Hyper,Hyper - Other regional chain,Tier 1,15.49
ChIJTaNAfxLdzTEREvUQNCJemjg,99 Speedmart 1989 (NS) Taman Templer,"Ground Floor, No : 16, Jalan Tun Dr. Ismail, Taman Templer",Seremban,2.7401737,101.9232702,3.7,64,03-3362 6863,Convenience,Conv - 99 Speedmart,Tier 1,15.45
ChIJQbpNmBdJzDERImxRiBc8c_Y,BilaBila Mart - Ryan & Miho,"B-G-05 & B-G-06, Block B, Ryan & Miho Serviced Apartment.74 Jalan Professor Diraja, Jalan Profesor Diraja Ungku Aziz, Seksyen 13",Petaling Jaya,3.1186645,101.6344084,4.8,24,,Convenience,Conv - BilaBila Mart,Tier 1,15.45
ChIJVc2GyYzdzTERPZ08w2KFRdg,Shell,"Jalan Ampangan Lot, 3164, Jalan Dato Muda Linggi",Seremban,2.723972,101.957701,3.9,51,06-767 5186,Hyper,Hyper - Other regional chain,Tier 1,15.41
ChIJcxW858u7zTERShurQGDwiY8,Shell,"Jalan Klang Banting, Mukim",Banting,2.834786,101.597649,4.0,46,03-3149 1236,Hyper,Hyper - Other regional chain,Tier 1,15.4
ChIJ88MPEmBezDERciYLikahTiw,99 Speedmart 1076 Ijok,"No: 10 & 12, Jalan Ijok Utama 1, Taman Ijok Utama, Ijok",Batang Berjuntai,3.3137916,101.4123792,3.4,90,03-3362 6863,Convenience,Conv - 99 Speedmart,Tier 1,15.34
ChIJ3Q1zmsTHzTERt42qX3RN_zU,Eco Fresh Value Mart - Tiara Sendayan,"49-50, Jalan Tiara Sendayan Biz 1 Pusat Komersial Tiara Sendayan",Labu,2.7013368,101.8211622,3.9,50,013-418 1820,Super/Groceries,Super - Indie retail,Tier 1,15.33
ChIJN1elUw3HzTERORgebcnE1HQ,TOKO SAKURA SDN BHD,"45 jalan mawar 9c taman mawar, 2, Bandar Baru Salak Tinggi",Sepang,2.8318516,101.727368,4.1,41,011-6202 4238,Hyper,Hyper - Other regional chain,Tier 1,15.32
ChIJAV6VahbEzTERYVVE-Ktz_Q8,Shell,"Lot, Pt 6338, Persiaran Utama, Bandar Baru Nilai",Nilai,2.810785,101.804126,3.9,49,06-799 8902,Hyper,Hyper - Other regional chain,Tier 1,15.26
ChIJmcnqW1Y4zDER3HoVWGt9SHU,99 Speedmart 2031 Taman Melawati,"Ground Floor, No: 20 & 21, Jalan H 3",Taman Melawati,3.2278252,101.744721,4.1,40,03-3362 6863,Convenience,Conv - 99 Speedmart,Tier 1,15.23
ChIJAX4DhsVPzDER4-6gslVUH6s,Econsave Subang Perdana - Pasar Ekonomi Mart,"U3, GU3/G, Sek, No. 29A, Jalan Dinar F U3/F, Taman Subang Perdana",Shah Alam,3.1489975,101.5443882,3.7,60,03-7831 2880,Convenience,Conv - Indie mart,Tier 1,15.21
ChIJGV4W7PlCzDERlwZ5T7TvSzM,Supermarkets Sri Rawang Sdn Bhd,"Jalan Sri Rawang 5, Kuala Garing",Rawang,3.3194814,101.5656577,3.9,48,,Super/Groceries,Super - Independent local,Tier 1,15.18
ChIJGf2Qp8jdzTERpHehsO9aToM,7-Eleven Taman Kolej Heights,"No 2 (Gf), Jalan College Heights 1, Taman Kolej, Desa Cendana",Seremban,2.7504181,101.9663117,4.2,36,06-760 0184,Hyper,Hyper - Other regional chain,Tier 1,15.17
ChIJYSiKmsDnzTERZyR5E4tytBw,Shin Sun Mi Market Seremban (Korean Supermarket),"302, Jalan S2 B13, Seremban 2",Seremban,2.6956446,101.9109344,3.8,53,06-601 5807,Super/Groceries,Super - Independent local,Tier 1,15.16
ChIJX1UxFvjqzTERUb2gGWO42Bc,99 Speedmart 1369 Pekan Sepang,"Lot 1 & 2, Jalan Besar, Pekan Sepang",Sepang,2.6899047,101.7509608,3.8,53,03-3362 6863,Convenience,Conv - 99 Speedmart,Tier 1,15.16
ChIJK2XL_3tTzDERBNUO-KmfZ-M,Kedai BERAS Hamzah,Kampung Batu Belah,Klang,3.0705872,101.4392405,4.5,28,,Super/Groceries,Super - Generic kedai,Tier 1,15.15
ChIJfekBPEldzDERCj-q-0tlHn0,99 Speedmart 1599 Saujana Rawang,"43 & 45 (Ground Floor, No:, Jalan SR 4/1, Saujana Rawang",Rawang,3.3352542,101.5173352,3.7,59,03-3362 6863,Convenience,Conv - 99 Speedmart,Tier 1,15.15
ChIJs0TRGpQ5zDERWyDlTTTujQY,KK SUPER MART Wangsa Setia (WST),"No. 11, Jalan Wangsa Setia 1, Wangsa Melawati",Kuala Lumpur,3.2093116,101.7436745,4.1,39,016-330 8517,Convenience,Conv - KK Mart,Tier 1,15.12
ChIJjzDwhZNtzDERxtwLfGzAw6E,Shell,Laluan Persekutuan 1 1 Lot 881 Batang Kali,Rasa,3.493024,101.642162,3.6,65,03-6057 3032,Hyper,Hyper - Other regional chain,Tier 1,15.08
ChIJJe8EdzM1zDERqNoLNgQtQd0,99 Speedmart 1572 Taman Bukit Pandan,"No: 28 (Ground Floor), Jalan BP 1, Jalan Bukit Pandan",Kuala Lumpur,3.1055591,101.7534034,4.2,35,03-3362 6863,Convenience,Conv - 99 Speedmart,Tier 1,15.05
ChIJm7oi54ZJzDERCk3CBvepBvY,Haider & Sons Mart,"Lee Yan Lian, Jalan Tun Perak, City Centre",Kuala Lumpur,3.1478251,101.6982104,4.0,42,011-6548 5786,Super/Groceries,Super - Indie retail,Tier 1,15.04
ChIJI0F-VsVPzDERuMqvf6U999g,Pasar Mini Al- Madina,"Jalan Pluto Az U5/Az, Bandar Pinggiran Subang",Shah Alam,3.1630476,101.5365485,4.3,32,,Super/Groceries,Super - Independent local,Tier 1,15.03
ChIJiQ7mLhIHzTERes_ezvqmo98,99 Speedmart 1542 Pulau Indah,"AG-01 Blok A, Pangsapuri Samudera Persiaran Majlis Sultan/ KS 13",Pulau Indah,2.931608,101.315239,4.1,38,03-3362 6863,Convenience,Conv - 99 Speedmart,Tier 1,15.02
ChIJy9O0duyrzTERM4_gdoBVvdw,99 Speedmart 1021 Pandamaran Jaya,"NO. 2 & 4, Jalan Lengkok Pandamaran 63",Pelabuhan Klang,3.00415,101.423805,3.7,57,03-3362 6863,Convenience,Conv - 99 Speedmart,Tier 1,15.02
ChIJmTouOABJzDERb4rLHz4c6Yk,RisSMart 24 Plaza Damas,"E-0-9 & E-0-11, Plaza Damas, Jalan Sri Hartamas 1, Taman Sri Hartamas",Kuala Lumpur,3.1640714,101.6566422,5.0,19,018-917 6984,Convenience,Conv - Indie mart,Tier 1,14.98
ChIJD-HOFgBLzDERAA74hb8FECo,Mema's Grocer,"Unit G-02, Ground Floor, Hijauan Aster Sri Petaling, 111, Jalan 2/149, Taman Salak Selatan",Kuala Lumpur,3.0767788,101.6909947,4.4,29,,Super/Groceries,Super - Sundry/grocer,Tier 1,14.97
ChIJWbYu73BRzDERCB3-pVLPlao,KEDAI RUNCIT G SETIA JAYA,"125G &, BGU13/BG, 127G, Jalan Setia Gemilang BG U13/BG, Bandar Setia Alam40170",Shah Alam,3.1260515,101.4718665,4.4,29,011-1763 2414,Convenience,Conv - Kedai runcit,Tier 1,14.97
ChIJk1DT75JtzDERHtPD3ZBpDYM,Petron Rasa,"Lot 6518 Mile, 33.5, Jalan Besar, Kuala Lumpur-Ipoh",Rasa,3.4959323,101.6407955,3.8,50,,Hyper,Hyper - Other regional chain,Tier 1,14.94
ChIJ5-40Mg9VzDERx1_GsmRCdwE,Econsave Sungai Kapar Indah - Pasar Ekonomi Mart,"No. 1, Ground Floor, Jalan Sungai Kapar Indah 3k, Sungai Kapar Indah",Kapar,3.0947429,101.3837285,3.8,50,03-3290 7750,Convenience,Conv - Indie mart,Tier 1,14.94
ChIJcZZ3-rVVzDERvAZzcua_zsg,99 Speedmart 1033 Kapar Indah,"18 Ground Floor, Jalan Sungai Kapar Indah 3, Sungai Kapar Indah",Klang,3.0955283,101.383528,3.6,62,03-3362 6863,Convenience,Conv - 99 Speedmart,Tier 1,14.92
ChIJ6d2ZrNmyzTERhbYgGuJ6Re8,Pasar Mini Sri Ehsan,"25, Jalan Balakung 27/7, Taman Bunga Negara",Shah Alam,3.022973,101.5674678,4.3,31,017-368 7270,Super/Groceries,Super - Independent local,Tier 1,14.9
ChIJAXVgZdLGzTERn8Hg_BugSKA,99 Speedmart 1798 (NS) Nilai Cempeka,"No: 13A (Ground Floor), Jalan Cempaka 4/1 Desa Cempaka 2 Putra Nilai",Nilai,2.8008557,101.7627255,4.3,31,03-3362 6863,Convenience,Conv - 99 Speedmart,Tier 1,14.9
ChIJ79R_52RZzDERT3TxaUrzY5w,99 Speedmart 1529 Pelangi Seri Alam,"No. 19 & 21 (Ground Floor), Jalan Astana C 13/C Pusat Niaga Astana Alam, Seksyen 13 Bandar Puncak Alam",Kuala Selangor,3.2445564,101.4258841,3.7,55,03-3362 6863,Convenience,Conv - 99 Speedmart,Tier 1,14.89
ChIJH8kmbsRSzDER3RkxFfHwQp0,Lestari Mini Market Dua,"Jalan Mat Raji, Kampung Padang Jawa",Shah Alam,3.0499841,101.4923467,4.5,26,012-331 3324,Super/Groceries,Super - Independent local,Tier 1,14.83
ChIJm4lg5BrLzTERls8nmZX-J28,99 Speedmart 2793 Kajang Utama 3,"Ground Floor, No: 15 & 17, Jalan Seksyen 2/13, Taman Kajang Utama",Kajang,2.96972,101.7945941,4.2,33,03-3362 6863,Convenience,Conv - 99 Speedmart,Tier 1,14.81
ChIJifDc0gZFzDER6rW_FqGTWEM,99 Speedmart 1387 Dataran Villa Putra,"No: 27 & 29 (GF, Jalan Dataran Villa Putra 1, Dataran Villa Putra",Sungai Buloh,3.2267723,101.5669403,3.4,77,03-3362 6863,Convenience,Conv - 99 Speedmart,Tier 1,14.81
ChIJTWtSzOtGzDERzU9QfInIkg8,99 Speedmart 1520 Taman Bukit Idaman,"22, No: 21 & 22(G, 19, Jalan Bukit Idaman 8/1, Taman Bukit Idaman",Batu Caves,3.2480002,101.6432943,4.1,36,03-3362 6863,Super/Groceries,Super - 99 Speedmart,Tier 1,14.8
ChIJ7Tc6yZfMzTERUy_llqFiK2k,99 Speedmart 1843 Ivory Residence,"No: 10 & 11 (Ground Floor), Mutiara Avenue, Jalan Mutiara 1, Mutiara Heights",Kajang,3.0116307,101.8118591,3.7,53,03-3362 6863,Super/Groceries,Super - 99 Speedmart,Tier 1,14.76
ChIJnQb9yZxJzDERp9mAu_SdOZI,MOMTAZ MART,"LANAI KIARA CONDO LOBBY, 3, Jalan Desa Kiara, Mont Kiara",Kuala Lumpur,3.1654622,101.6493424,5.0,18,010-368 0732,Super/Groceries,Super - Indie retail,Tier 1,14.72
ChIJ9zM6evXBzTERNWQElwx6OEU,Supermarket 24 Jam by Aceh,Kampung Baharu Labu Lanjut,Sepang,2.790558,101.7090083,4.2,32,,Super/Groceries,Super - Independent local,Tier 1,14.69
ChIJTSo-E7hTzDERS1Eos4vjSgM,99 Speedmart 1467 Ken Rimba,"KEN Rimba Sales Gallery, No: 40 & 42 (GF, Jalan Lengkuas D16/D",Shah Alam,3.0543441,101.4841801,4.2,32,03-3362 6863,Convenience,Conv - 99 Speedmart,Tier 1,14.69
ChIJ3bwD9q5bzDERkI-zZUt31dY,RisSMart 24 Eco Granduer,"Eco Grandeur, 6, Jalan Eco Grandeur 1/3B",Puncak Alam,3.2290796,101.4554599,4.4,27,014-712 3930,Convenience,Conv - Indie mart,Tier 1,14.66
ChIJoUtTpMtCzDERv9MGAYQk0B8,Kedai Ubat Dan Barang-Barang Runcit Wei Poh,"Jalan Desa 1/1, Bandar Country Homes",Rawang,3.3281778,101.5282283,4.5,25,03-6094 3588,Convenience,Conv - Generic kedai,Tier 1,14.66
ChIJW4iS34XMzTERBD4ZrYAHVpo,Pasar Mini Murni Jaya,"6 & 7, Jalan Indah Satu, Taman Indah, Sungai Jelok, Kajang, 43000, Kajang",Selangor,2.9970399,101.806786,4.0,38,03-8736 1120,Convenience,Conv - Mini-mart,Tier 1,14.65
ChIJP8Bv0Rc1zDERH3ZvUqvfqXY,99 Speedmart 1635 Damai Perdana 2,"No: 1 (Ground Floor, Jalan Damai Perdana 6/1B, Bandar Damai Perdana",Kuala Lumpur,3.05309,101.73864,3.8,46,03-3362 6863,Super/Groceries,Super - 99 Speedmart,Tier 1,14.63
ChIJfR0vtPA2zDER5eCzRFZj5tY,Pasar Mini Adan Jaya,"6, Jalan Cahaya 1, Taman Cahaya Indah",Ampang,3.1398373,101.7583792,4.3,29,017-291 3203,Super/Groceries,Super - Independent local,Tier 1,14.63
ChIJr232S8itzTERAEX5I9QlLk8,GT Mart Taman Mewah,"No 53 & No 55, Jln Bendahara 45, Batu 3 2, Jalan Sungai Jati, Taman Mewah Baru",Klang,3.0155309,101.474265,4.3,29,,Convenience,Conv - Indie mart,Tier 1,14.63
ChIJk1IwnYU4zDERFDYKq37reJs,NZ Mini Market,"13, Pinggiran Mutiara Utama, Seksyen 1 Wangsa Maju",Kuala Lumpur,3.2372053,101.7174856,4.1,34,019-420 5431,Super/Groceries,Super - Independent local,Tier 1,14.58
ChIJAcCGRbHdzTER83BsDy7fNFg,99 Speedmart 1513 (NS) Temiang,"No. 430 & 431, Ground Floor, Jalan Temiang",Seremban,2.7351761,101.9382791,3.6,56,03-3362 6863,Super/Groceries,Super - 99 Speedmart,Tier 1,14.55
ChIJtaaWvUKrzTER84Nb-QFLUiY,99 Speedmart 1546 Jalan Kim Chuan,"No: 12, Jalan Cengkeh, Off, Jalan Kim Chuan, Pandamaran",Pelabuhan Klang,3.0176572,101.4213062,3.6,56,03-3362 6863,Super/Groceries,Super - 99 Speedmart,Tier 1,14.55
ChIJXfiqn-7LzTERjYcOqNolCqQ,99 Speedmart 1786 Taman Bunga Kantan,"No 3 & 5 (Ground Floor), Jalan Bunga, Jalan Kantan 1, Taman Bunga Kantan",Kajang,3.0032284,101.7909797,3.8,45,03-3362 6863,Super/Groceries,Super - 99 Speedmart,Tier 1,14.55
ChIJhRzzyXvMzTERm6NYh1ke2M8,Pasar Mini NTK,"5, Jalan Permai 1, Taman Permai",Kajang,2.9859427,101.8047596,3.7,50,03-8733 3957,Super/Groceries,Super - Independent local,Tier 1,14.55
ChIJr-jnzWHMzTER3CYC8qHufQU,99 Speedmart 1335 Kajang Perdana,"No: 29 (GF & 1st Floor Perdana Avenue, Jalan Kajang Perdana 3/1, Taman Kajang Perdana",Kajang,2.9922256,101.8175643,3.8,45,03-3362 6863,Convenience,Conv - 99 Speedmart,Tier 1,14.55
ChIJ8YilOg0VzDERlU0CiO0MYrQ,BilaBila Mart - AK Antara,"Lot No. Retail 18, Level GF, AK Antara Signature Mall Genting Highlands",Bentong,3.4177275,101.7887487,4.7,21,,Convenience,Conv - BilaBila Mart,Tier 1,14.53
ChIJ1UXBVw3IzTER7zA07uAh2aI,Kedai Runcit Man Kodai,"69, B18, Kampung Tanjong",Dengkil,2.8860655,101.729001,4.4,26,,Super/Groceries,Super - Sundry/grocer,Tier 1,14.5
ChIJm3RDTwA3zDERAiX3PddIQTY,RisSmart24 Ampang,"NO.5, OFF, JALAN AMPANG JLN MAMANDA 7/1, TAMAN DATO' AHMAD RAZALI KUALA LUMPUR",Ampang,3.1581041,101.7494478,5.0,17,011-2545 0103,Convenience,Conv - Indie mart,Tier 1,14.45
ChIJSbPICQDHzTEROTGWh9b_3hc,Kedai Serbaneka DRH,"27A, Jalan Kenanga 1/1, Salak perdana business park",Sepang,2.8354965,101.7394039,4.6,22,,Convenience,Conv - Generic kedai,Tier 1,14.42
ChIJt0Wmtag0zDEReJKI1QpYnGI,Pasaraya Ch (Sg Long) Herbs Grocer Wine Liquor,"7, Jalan SL 1/10, Bandar Sungai Long",Kajang,3.0412419,101.7924808,3.8,43,03-9019 9005,Super/Groceries,Super - Sundry/grocer,Tier 1,14.38
ChIJS9oy0XFLzDERCMK72bQS4m0,Kedai Serbaneka Kas Kas,"G5, One Petaling Residences Jalan 1C/149, off, Sungai Besi, Taman Castlefield",Kuala Lumpur,3.0681921,101.7055446,4.8,19,016-486 9524,Convenience,Conv - Generic kedai,Tier 1,14.38
ChIJo641Zn_pzTERoW00zkOZF0g,TF Value-Mart Bandar Sri Sendayan,"PT 1057, Persiaran Metro Park Sendayan, 1, Persiaran Metro Sendayan",Bandar Sri Sendayan,2.6914291,101.8518341,4.1,32,06-672 0408,Super/Groceries,Super - TF Value,Tier 1,14.34
ChIJmcp0LkjpzTERASwXoHKtQqQ,Pasar Mini Barakath Al Fatimah,"Nusari Biz, 1768, Jalan Nusari Bayu 7/2, Bandar Sri Sendayan",Seremban,2.6679587,101.8748625,3.5,59,012-292 7867,Super/Groceries,Super - Independent local,Tier 1,14.33
ChIJNZFOHMRPzDERDq9DthRhnJA,Pasar Raya Well Mart SA2,"35, Jalan Matahari Z U5/Z, Taman Subang Damai",Shah Alam,3.1671603,101.541653,4.3,27,,Super/Groceries,Super - Indie retail,Tier 1,14.33
ChIJpSj5IG1JzDERCfs8wjXh7-E,BilaBila Mart - Riveria City,"6, Riveria City, LG-10, 5, Jalan Tun Sambanthan, Brickfields",Kuala Lumpur,3.1299852,101.6896491,4.7,20,,Convenience,Conv - BilaBila Mart,Tier 1,14.31
ChIJnbNZGW5RzDERqOZXJqhAvzY,"Pasar Mini Smart, Setia Taipan","Jalan Setia Gemilang U13/45B, Selangor",Shah Alam,3.1284836,101.4675828,4.2,29,03-3358 3742,Super/Groceries,Super - Independent local,Tier 1,14.29
ChIJgeFo7brBzTER7RO179tJ9to,99 Speedmart 1695 (NS) Bandar Enstek,"No: 4 & 5 (Ground Floor, Mercato @, 1A, Jalan Timur 6, timur@enstek",Bandar Baru Enstek,2.7472134,101.764955,3.6,52,03-3362 6863,Convenience,Conv - 99 Speedmart,Tier 1,14.29
ChIJhax1ncQ1zDERukqX1bUQ4dE,99 Speedmart 1253 Taman Seri Taming,"No: 16 & 12A, Jln Seri Taming 1F Tmn Seri Taming, Pekan Batu 9",Cheras,3.054088,101.750351,3.7,46,03-3362 6863,Convenience,Conv - 99 Speedmart,Tier 1,14.25
ChIJm438KERVzDERvnpNy7KEYcQ,99 Speedmart 1283 Bandar Bukit Raja,"No: 1, Jalan Makyong 5b/Ku5, Bandar Bukit Raja",Klang,3.090369,101.430489,3.4,65,03-3362 6863,Convenience,Conv - 99 Speedmart,Tier 1,14.24
ChIJ1xter_HLzTERgvEL62evP5g,CB Wholesale Mart Bangi,"28-G & 30-G, Jalan Reko Sentral 4, Reko Sentral",Kajang,2.9668987,101.7889132,3.6,51,03-8733 0827,Super/Groceries,Super - Indie retail,Tier 1,14.22
ChIJlRJZQFQxzDERGotcFxcBu0U,Kedai Daging Segar,B52,Kampung Batu 14,3.1212868,101.8208243,4.6,21,017-262 3427,Super/Groceries,Super - Generic kedai,Tier 1,14.22
ChIJ867KLbhzzDERwHEfV4MWKNI,Shell,Road Junction,Kuala Kubu Baru,3.557845,101.641083,4.0,34,018-255 7875,Hyper,Hyper - Other regional chain,Tier 1,14.22
ChIJfQG2CwJNzDER7rPeio0Edng,Siva Maju Fresh Mart (Plaza Puchong),"12-G, Jalan Puchong Mesra 1, Plaza Puchong",Kuala Lumpur,3.0643451,101.6503533,3.5,57,010-225 5119,Convenience,Conv - Indie mart,Tier 1,14.21
ChIJjx3b7tFvzDERcO-cwtqYY6s,KING'S GROCERY,"Seksyen BB4, 1, Jalan Kemboja 1b/1, Bandar Bukit Beruntung",Rawang,3.4319595,101.567381,5.0,16,019-847 5561,Convenience,Conv - Sundry/grocer,Tier 1,14.17
ChIJ99HmMKk0zDER1w1nZxTStxE,YSK Freshmart (Sungai Long Branch),"62, Jalan SL 1/3, Bandar Sungai Long",Kajang,3.0390275,101.7930939,3.8,40,03-9076 7242,Super/Groceries,Super - Indie retail,Tier 1,14.11
ChIJI1Nmb1tTzDERc0LayMiAl28,99 Speedmart 1031 Klang Town,"64 & 66, Jalan Pasar",Klang,3.0503993,101.4434695,3.7,44,03-3362 6863,Convenience,Conv - 99 Speedmart,Tier 1,14.08
ChIJEcdj0VNJzDERonzbCPfD7FQ,Zhang Village Sdn Bhd 張家莊 (Cheong Hoong張洪),"62, Jalan SS 2/66, SS 2",Petaling Jaya,3.1200401,101.620958,3.8,39,012-588 6331,Super/Groceries,Super - Indie retail,Tier 1,14.02
ChIJn-PWZb1dzDERLuMqnM6IDMc,BSK FRESHMART RAWANG,"N-G-82, N-G-83A, N-G-86, N-1-86, N-G-88, N-1-88, N-G-90, N-1-90, N-G-92, N-1-92 & N-G-93A, Tingkat Bawah & Satu, Jalan 7A/3, Bandar Tasik Puteri",Rawang,3.2837427,101.4726145,3.8,39,019-894 3699,Super/Groceries,Super - Indie retail,Tier 1,14.02
ChIJvTzYlzJXzDER8v3NFRY9Xo4,Best fresh mart kapar,2 jalan dato kaya kecil 5a/ku 13 Kapar,Klang,3.1401367,101.3680237,3.9,35,011-7074 1123,Super/Groceries,Super - Indie retail,Tier 1,13.98
ChIJ0QzdjJukzTERw1nzuMgo3hg,99 Speedmart 1084 Taman Banting Indah,"No.202, 206, Jalan Morib, Taman Banting Indah",Banting,2.8059564,101.4949514,3.7,42,03-3362 6863,Convenience,Conv - 99 Speedmart,Tier 1,13.92
ChIJg1RYXgG1zTERuEc7FoLqUQM,99 Speedmart 1948-lestari perdana,"1-8 & 1-9, Jalan LP 3/4, Lestari Perdana",Seri Kembangan,2.9991536,101.6656847,3.8,38,03-3362 6863,Convenience,Conv - 99 Speedmart,Tier 1,13.92
ChIJ1449Hm-3zTERyaeYSLgI_Qw,Nur AlMadeenah Mart - نور المدينة مارت,"28G, Lingkaran Cyber Point Barat, Neo Cyber",Cyberjaya,2.9162878,101.6502706,4.8,17,011-2110 0664,Super/Groceries,Super - Indie retail,Tier 1,13.87
ChIJfU5_i2lNzDER1dRZx2LmVpo,Diyal Al Din Enterprise,"No. 19 & 21, Jalan Singa 20/E, Seksyen 20",Shah Alam,3.056218,101.541534,3.9,34,03-5480 0073,Super/Groceries,Super - Indie retail,Tier 1,13.87
ChIJWVycJgDnzTERUXuX8tPhXZI,CABABAIK MART CAREPLUS MALL,"Lot PT 3962 & 3963, Jalan Haruan 2, Pusat Komersial Oakland",Seremban,2.7084511,101.9203206,5.0,15,,Convenience,Conv - Indie mart,Tier 1,13.86
ChIJs68e6M-tzTERsFlg40ghlGs,Pasar Mini Hasrin Enterprise,"Lot PT 154015 01-02, Jalan Haji Munghni Batu, 7, Jalan Kebun Tambahan, Seksyen 30",Shah Alam,2.9650491,101.5179634,4.3,24,012-261 2042,Super/Groceries,Super - Independent local,Tier 1,13.84
ChIJNd_k3f3pzTERB7QZU57Rk14,99 Speedmart 2445 (NS) Pusat Dagangan Sendayan,"Ground floor, No: 186, Jalan Pusat Dagangan Sendayan 3/3, Pusat Dagangan Sendayan",Seremban,2.681147,101.8681358,4.2,26,03-3362 6863,Convenience,Conv - 99 Speedmart,Tier 1,13.84
ChIJn-0sQ7UVzDERXKYXrP4oz6g,99 Speedmart 1667 (PH) Genting Permai Avenue,"B-G-09, Jln Permai, Genting Permai Avenue, Genting Highland",Bentong,3.3863579,101.7745006,4.7,18,03-3362 6863,Convenience,Conv - 99 Speedmart,Tier 1,13.84
ChIJG_FWTHNPzDEROnG4k6wV9to,Pasar Mini Uswah,"4, Jalan Nuri 7b, Seksyen 7 Kota Damansara",Petaling Jaya,3.1729161,101.5759254,3.8,37,03-4149 7860,Convenience,Conv - Mini-mart,Tier 1,13.82
ChIJA7DpC503zDERTDv9AdyDiCE,Jiada Premium Grocer,"Unit -02, Block 2, Level G, Star Boulevard KLCC, 1, Jalan Yap Kwan Seng",Kuala Lumpur,3.1616416,101.7122303,3.1,85,011-1286 2927,Super/Groceries,Super - Sundry/grocer,Tier 1,13.81
ChIJ_UfALjFHzDERNU1Yh8y2VCY,Pasar Mini Kumeras,"1, Jalan 2a/1, Taman Bandar Baru Selayang Fasa 2a",Batu Caves,3.2629118,101.6779141,4.4,22,03-6187 6109,Super/Groceries,Super - Independent local,Tier 1,13.8
ChIJjQZEDBC1zTER_A62sI4IgWo,99 Speedmart 16 Sierra,"Ground Floor, 21, Jalan Sierra 10/1, Bandar 16 Sierra",Puchong,2.9731722,101.6578447,3.6,45,03-3362 6863,Super/Groceries,Super - 99 Speedmart,Tier 1,13.78
ChIJ_3B-uvBrzDERFCeLoFkGOOo,99 Speedmart 1625 Antara Gapi,"No: 20 & 22 (Ground Floor), Jalan Gapi 1A/2 Perniagaan Antara Gapi, Kampung Sungai Chik",Bharu,3.4231069,101.6281146,3.6,45,03-3362 6863,Convenience,Conv - 99 Speedmart,Tier 1,13.78
ChIJAct4j2lNzDERgnBBtLKKq_A,7-Eleven,"3, Jalan Singa B 20/B, Seksyen 20",Shah Alam,3.0566834,101.5414109,3.5,50,03-5549 2476,Hyper,Hyper - Other regional chain,Tier 1,13.76
ChIJYV8Or9ZLzDERgIWPUzaBqis,Pasar Mini Xinyuan 鑫源中国超市 Kuchai Lama,"38, Jalan Kuchai Maju 6, Kuchai Entrepreneurs Park",Kuala Lumpur,3.0900834,101.6857937,3.8,36,013-845 7733,Super/Groceries,Super - Independent local,Tier 1,13.72
ChIJ41Fged5GzDERTwh2Gc7XmSM,Chin Lip (E. B. B.) Trading Sdn. Bhd.,"No 5, jalan industri brj 2, Taman Bukit Rawang Jaya",Rawang,3.3370627,101.5833796,3.8,36,03-6138 4343,Super/Groceries,Super - Indie retail,Tier 1,13.72
ChIJ-QAWXhJPzDERdTfZWOLd4rU,BilaBila Mart - Maisson,"LOT NO. 01-03A MAISSON BY THE PARK, Jalan PJU 1a/3, Ara Damansara",Petaling Jaya,3.122421,101.5890594,4.3,23,03-7669 7006,Convenience,Conv - BilaBila Mart,Tier 1,13.67
ChIJOeACe9FJzDERPXnYBKCA0R0,Zayyar Supermarket,Jalan Tun Tan Siew Sin,Kuala Lumpur,3.146068,101.6989689,4.1,27,010-777 7781,Super/Groceries,Super - Independent local,Tier 1,13.66
ChIJ4RHWQXw4zDERXUwgNkldcNw,Pasar Mini Intan Mega,"lot 1592, 1, Jalan Tengah 6, Taman Perwira Indah",Kuala Lumpur,3.2265602,101.7141482,4.1,27,,Super/Groceries,Super - Independent local,Tier 1,13.66
ChIJsU13chhIzDERmGqyJHoIMag,99 Speedmart 1311 Jalan Pangkor,"No: 2 & 4, Jalan Pangkor, Off, Jalan Tun Razak",Kuala Lumpur,3.1718348,101.6970481,3.7,39,03-3362 6863,Convenience,Conv - 99 Speedmart,Tier 1,13.65
ChIJQYjf-4ZPzDER_I1kPv56RyY,99 Speedmart 1470 Taman Sea,"No: 2, Jalan SS 23/11, Taman Sea",Petaling Jaya,3.117422,101.613327,3.5,48,03-3362 6863,Super/Groceries,Super - 99 Speedmart,Tier 1,13.62
ChIJT71vVHRozDERy-9L4cCREig,MT GROCER SDN BHD,Jalan Kesumbarsari 1,Rawang,3.373249,101.527875,3.5,48,,Super/Groceries,Super - Sundry/grocer,Tier 1,13.62
ChIJqeuK_cNLzDERDPSCZyF-cVs,99 Speedmart 1654 Sri Petaling 3,"Ground Floor, No: 116, Jalan Radin Anum 1, Bandar Baru Sri Petaling",Kuala Lumpur,3.0669372,101.6916758,3.4,54,03-3362 6863,Convenience,Conv - 99 Speedmart,Tier 1,13.62
ChIJy6sPxJRPzDERwge6c3Ca84s,"KK Super Mart Shah Alam, Subang Bestari (SAB)","No:71, Jalan Nova U5/N, Subang Bestari",Shah Alam,3.1761394,101.5484967,3.4,53,016-330 8516,Convenience,Conv - KK Mart,Tier 1,13.56
ChIJy1vTOgpHzDERLKGHWVjp_78,99 Speedmart 1568 Taman Greenwood,"No: 30 (Ground Floor, Jalan 10, Tmn Batu",Batu Caves,3.23368,101.702164,3.7,38,03-3362 6863,Convenience,Conv - 99 Speedmart,Tier 1,13.56
ChIJg-KT7DBXzDEREj7n2_4Aieg,Kedai Warisan Wak Sahid,"Jalan Bahagia, Kampung Bukit Kapar",Kapar,3.1676826,101.4240794,4.6,18,03-3392 3039,Hyper,Hyper - Other regional chain,Tier 1,13.54
ChIJDUH-HJE3zDERgxpP0ciTBvA,KK SUPER MART Taman Keramat Permai (TKP),"No.30, Permai, Jalan AU 1a/4a, Taman Keramat",Kuala Lumpur,3.1773161,101.7378455,3.6,42,03-4266 2972,Convenience,Conv - KK Mart,Tier 1,13.54
ChIJX3ve5fvdzTERrzDt8YhP7sY,Kedai Santan Segar ICAD,Gedong Lalang,Seremban,2.7230344,101.9736408,4.5,19,017-281 2003,Super/Groceries,Super - Generic kedai,Tier 1,13.48
ChIJs06_4vu3zTERfYixQLyMkbs,99 Speedmart 1519 Neo Cyber,"No: 101, Biz Avenue II, Lingkaran Cyber Point Barat, Neo Cyber",Cyberjaya,2.9157367,101.6492306,3.3,58,03-3362 6863,Convenience,Conv - 99 Speedmart,Tier 1,13.46
ChIJSVOY3t03zDERrsQYzgFD-is,Walk Thru Mart KLCC SOHO Suites,"B2 G3, The Soho Suites KLCC, 20, Jalan Perak",Kuala Lumpur,3.1536247,101.710119,4.4,20,010-210 0345,Super/Groceries,Super - U-Mart,Tier 1,13.4
ChIJR4YmTwhKzDERJ69rdS-sXfg,KWONG THONG LEE SDN BHD,"227, Jalan Besar, Salak Selatan",Kuala Lumpur,3.1003401,101.7049206,3.9,30,03-7983 5387,Super/Groceries,Super - Indie retail,Tier 1,13.39
ChIJPeSVHhnPzTEREjLk398WUEM,TMG Mart Setia Mayuri,"No. 1-3, Ground Floor, Jalan Mayuri 1/5A, Setia Mayuri",Semenyih,2.9453017,101.8682277,4.1,25,09-567 9888,Super/Groceries,Super - Tunas Manja,Tier 1,13.36
ChIJCWoizDdvzDERDP_mCGDIoyw,99 Speedmart 1533 Taman Bunga Raya,"Apartment Dahlia, No: G-G-01, Jalan Bunga Raya 1, Taman Bunga Raya",Rawang,3.437392,101.548531,4.2,23,03-3362 6863,Convenience,Conv - 99 Speedmart,Tier 1,13.35
ChIJTbd2VEhLzDERbaUi8Go_Q-8,Muskaan Sabah Enterprise,"Jalan Tbk 1/6, Taman Bukit Kinrara",Puchong,3.0416667,101.6361111,4.6,17,,Super/Groceries,Super - Indie retail,Tier 1,13.3
ChIJcZOC7HQ1zDERWHIN4HhhyCE,AUFi9 Mart,"11, Jalan Pahlawan 4/3, Bandar Mahkota Cheras",Cheras,3.0639719,101.7903267,4.3,21,011-2063 5029,Convenience,Conv - Indie mart,Tier 1,13.29
ChIJxc8IdrCyzTERmIMKXuLQNa4,Kedai Runcit Perniagaan Warisan Ibu,"Jalan Faedah 25/86, Taman Sri Muda",Shah Alam,3.0253304,101.5384485,4.9,14,,Convenience,Conv - Kedai runcit,Tier 1,13.27
ChIJj21yojdJzDERFFR1U2tXWls,Gan Mini Market,"No. 3, Jalan SS 20/11, Damansara Utama",Petaling Jaya,3.1346157,101.6259193,3.9,29,03-7728 8514,Super/Groceries,Super - Independent local,Tier 1,13.26
ChIJ47eSpQA3zDERtsr4J0SbDIk,Dong Ne Korean Mart,"B12, 1, Jalan Ampang Utama 2/2, One Ampang Avenue",Ampang,3.1549217,101.7527766,4.5,18,016-369 2620,Super/Groceries,Super - Indie retail,Tier 1,13.25
ChIJfSOc79TmzTERy00hQxXe5Sw,TF Multi Food Marketing Sdn bhd,"4, Jalan SJ 8/4a, Taman Seremban Jaya",Seremban,2.6756693,101.9780368,4.1,24,06-678 7569,Super/Groceries,Super - Indie retail,Tier 1,13.2
ChIJqeoxPwBTzDERa_hm3zJoDMM,FlexiMart,"35, Jalan Plumbum U 7/U, Seksyen 7",Shah Alam,3.067052,101.489795,4.1,24,,Convenience,Conv - Indie mart,Tier 1,13.2
ChIJO1FeYx3PzTEROKTYiM9UxSI,PJH FRESHMART Beranang (HQ),"2, Jalan Perindustrian Mahkota 2, Taman Perindustrian Mahkota",Beranang,2.8921698,101.8694304,4.0,26,03-8723 8461,Super/Groceries,Super - Indie retail,Tier 1,13.18
ChIJPZyaqTA4zDERlIVqOsUuoiY,Kedai Runcit Nuraini,"Seksyen 4, Wangsa maju",Kuala Lumpur,3.2032175,101.7429173,4.4,19,03-4149 9700,Super/Groceries,Super - Sundry/grocer,Tier 1,13.18
ChIJQdpskYg0zDERYjQE6h4BvT8,Hock Mei Trading,"Sek 9, 68, Jalan Temenggung 17/9, Bandar Mahkota Cheras",Cheras,3.0531194,101.7885683,3.8,31,012-313 6939,Super/Groceries,Super - Indie retail,Tier 1,13.17
ChIJwd2uME7NzTERwi25ijqk3Bk,99 Speedmart 1265 Bandar Sunway Semenyih,"No: 12A, 1, Jalan Semenyih 3, Bandar Sunway Semenyih",Semenyih,2.969999,101.843178,4.2,22,03-3362 6863,Convenience,Conv - 99 Speedmart,Tier 1,13.17
ChIJpeCm3-VJzDERuPzaPzLDc7U,KK Super Mart,"Parcel No.3, City Villa Kuala Lumpur, 69, Jalan Haji Hussein, Chow Kit",Kuala Lumpur,3.1662039,101.6994297,3.8,31,,Convenience,Conv - KK Mart,Tier 1,13.17
ChIJ3wBZGHfdzTEREMtbz9dCOUg,"KK Super Mart Seremban, Lobak (SLB)","No. 378 & 379, Jalan Tan Sri Manikavasagam",Seremban,2.7297198,101.9306545,3.9,28,016-330 8249,Convenience,Conv - KK Mart,Tier 1,13.13
ChIJU9qlKXTNzTER21SwzqkwJ-k,Family 8787 Mart,"Lot 710, Jalan Sungai Lalang, Batu 24 1/2",Semenyih,2.9952492,101.8720737,3.9,28,011-6206 3190,Convenience,Conv - Indie mart,Tier 1,13.13
ChIJKWC_58RMzDER5s0LockhfwE,99 Speedmart 1048 USJ 10,"No.53, Jalan USJ 10/1f",Subang Jaya,3.04753,101.583183,3.3,52,03-3362 6863,Convenience,Conv - 99 Speedmart,Tier 1,13.1
ChIJF1FO3q1TzDER8dd7DLfoxok,99 Speedmart 1375 Klang Sentral,"No: 26 & 28 (GF), Jalan Klang Sentral, 3, KU 5, Klang Sentral",Klang,3.1109,101.438194,3.6,37,03-3362 6863,Convenience,Conv - 99 Speedmart,Tier 1,13.1
ChIJTXEhNwpHzDERJiWSzPEy78s,99 Speedmart 2538 KL Taman Kepong Indah,"Ground Floor, No: 20 & 22, Jalan 3/1 A, Taman Kepong Indah",Kuala Lumpur,3.2237212,101.6390304,3.5,41,03-3362 6863,Convenience,Conv - 99 Speedmart,Tier 1,13.08
ChIJl5LWS4vnzTER5RCJeS5Pf64,99 Speedmart 1514 (NS) Medan Kepayang,"No.16 & 17(G), Jalan MPK 1, Medan Perdagangan Kepayang, Taman Bukit Kepayang",Seremban,2.7144152,101.9122783,3.8,30,03-3362 6863,Super/Groceries,Super - 99 Speedmart,Tier 1,13.05
ChIJuQ6yjwVLzDERP5l79I4u9r0,NTT Mini Market,"NO.56 & 58, Jalan TK 1/1, Taman Kinrara",Puchong,3.0670869,101.6500427,3.8,30,03-8070 1592,Super/Groceries,Super - Independent local,Tier 1,13.05
ChIJJZePfi_nzTERbYkGF3LyfU8,Shell,"3995, Jalan Senawang, Taman Seremban Jaya",Nilai,2.685977,101.968977,3.8,30,06-678 8395,Hyper,Hyper - Other regional chain,Tier 1,13.05
ChIJJ_2HU12tzTEReOGxB0tyZHQ,99 Speedmart 1452 Alam Impian,"No: 18 (GF), Jalan Tun Teja B 35/B, Alam Impian, Seksyen 35",Shah Alam,3.0161137,101.5136551,3.8,30,03-3362 6863,Convenience,Conv - 99 Speedmart,Tier 1,13.05
ChIJ2c0DmX04zDERGI8FH8bxTcU,Hira Mini Mart,"Lot 1875A, kg Tengah, Taman Harmonis",Kuala Lumpur,3.2298398,101.7133679,4.7,15,013-839 4416,Super/Groceries,Super - Indie retail,Tier 1,13.03
ChIJyW-LDELNzTERHCfwwcohxqk,99 Speedmart 1510,"No:9 &11, 1, Jalan Semenyih Impian, Taman Semenyih Impian",Semenyih,2.9917033,101.8714628,4.6,16,03-3362 6863,Convenience,Conv - 99 Speedmart,Tier 1,13.03
ChIJrUG4SblpzDER6EVL_mceVOw,99 Speedmart 1378 Serendah,"No: 73 & 74, Jalan Besar",Serendah,3.3655929,101.6043028,4.5,17,03-3362 6863,Convenience,Conv - 99 Speedmart,Tier 1,13.01
ChIJf7sHH4qvzTERGXN3MCR476A,99 Speedmart 1218 Sungai Jarom,"No: 52 (Ground Floor), Jalan Langsat 5 Kampung Sungai Jarom",Kampung Sungai Jarom,2.879887,101.4965824,3.9,27,03-3362 6863,Convenience,Conv - 99 Speedmart,Tier 1,13.0
ChIJ4THlJ8zGzTERqoAqwATTbbM,Impian Mini Mart,"11402, Jalan BBN 6/2b, Bandar Baru Nilai",Nilai,2.802448,101.7671898,4.2,21,06-856 9920,Super/Groceries,Super - Indie retail,Tier 1,12.98
ChIJ5zQRYwBFzDERGvfOLboxD78,SPH FRESH MART,Jalan PJU 10/4a,Petaling Jaya,3.1962949,101.5854428,4.9,13,012-405 1390,Super/Groceries,Super - Indie retail,Tier 1,12.93
ChIJYX_3qIZMzDER8E46NuC8zCo,TF Value-Mart Sdn. Bhd. (Corporate Office),"No.4.7, Level 4, West Lobby, Annexe Timur, Menara Sunway, 46150, Persiaran Lagoon, Bandar Sunway",Petaling Jaya,3.0689968,101.6095105,3.8,29,03-5613 4888,Super/Groceries,Super - TF Value,Tier 1,12.92
ChIJUY7vWeeszTERLW_WrQ9ui_w,99 Speedmart 1612 Taman Sejati,"No: 103 & 105 (Ground Floor), Jalan Bendahara, 45, Taman Sejati, Kota Raja",Klang,3.016035,101.4726506,3.6,35,03-3362 6863,Convenience,Conv - 99 Speedmart,Tier 1,12.9
ChIJb71SC-iszTERFUpI1RKz5dI,DVMs Mini Market,"16, Jalan Bendahara 55, Taman Sejati 5",Klang,3.015868,101.4680588,4.1,22,012-651 1726,Super/Groceries,Super - Independent local,Tier 1,12.86
ChIJcwShHt1PzDERX0DHjqx0Go8,Big wholesale supermarket,"Jalan Musytari Am U5/Am, Seksyen U5",Shah Alam,3.1707623,101.5345648,3.1,62,,Super/Groceries,Super - Independent local,Tier 1,12.84
ChIJw5XRZA2izTERIJQnj42Eiqk,99 Speedmart 1637 Taman Bahagia Morib,"No: 50 (Ground Floor, Jalan Bahagia 2, Taman Bahagia",Banting,2.7320136,101.4542425,3.7,31,03-3362 6863,Convenience,Conv - 99 Speedmart,Tier 1,12.82
ChIJv8Qqy3o2zDERemUEIRjTf4g,99 Speedmart 1586 Pandan Perdana 2,"No: 27 & 29, Jalan Perdana 4/6, Pandan Perdana",Kuala Lumpur,3.1213906,101.7425854,3.7,31,03-3362 6863,Convenience,Conv - 99 Speedmart,Tier 1,12.82
ChIJaxR0ZlxPzDERUTQSR7ugAMU,"99 Speedmart 1233 Kota Damansara, Sek 4","No: 17 & 19, Jalan Camar 4/2, Seksyen 4 Kota Damansara",Petaling Jaya,3.153473,101.579147,3.5,38,03-3362 6863,Convenience,Conv - 99 Speedmart,Tier 1,12.82
ChIJH-q1L3JLzDERjF5GjL40PHo,99 Speedmart 1609 Taman Mawar,"No. 24 & 26, Jalan TK 5/32a, Taman Mawar",Puchong,3.0656489,101.6333078,3.8,28,03-3362 6863,Convenience,Conv - 99 Speedmart,Tier 1,12.8
ChIJWxYoPVxPzDERWX37J4q1qjg,99 Speedmart 1602 Sutera Damansara,"No: 8 & 10 (Ground Floor, Jalan PJU 10/5A",Petaling Jaya,3.1864009,101.5972477,4.0,23,03-3362 6863,Super/Groceries,Super - 99 Speedmart,Tier 1,12.71
ChIJ5TNeibvdzTER_N6US2dn6dw,Mini Market Of Temiang Jaya,Malaysia,"Kuala Lumpur, Petaling Jaya, Shah Alam, Klang, Subang Jaya, Cheras, Ampang, Cyberjaya, Putrajaya, Kajang, 68100 Selayang, Damansara",2.7424644,101.9501293,4.0,23,06-641 0816,Convenience,Conv - Mini-mart,Tier 1,12.71
ChIJ2ZgldrZLzDERzh5oY8HXUM0,99 Speedmart 1077 Puchong Kinrara,"No.4 & 6 & 8 (Ground Floor, 5, Jalan Kinrara 4, Taman Kinrara Seksyen 5",Puchong,3.0645948,101.6376907,4.3,18,03-3362 6863,Convenience,Conv - 99 Speedmart,Tier 1,12.66
ChIJvfXHNj7LzTERwiiVej2T2GM,99 Speedmart 1286 Taman Balakong Jaya,"No: 10 & 12, Jalan Balakong Jaya 6, Taman Balakong Jaya",Balakong,3.005184,101.737,3.2,51,03-3362 6863,Convenience,Conv - 99 Speedmart,Tier 1,12.64
ChIJwVu0UQBPzDERRlYxS5oug9Q,HIJRAH GROCER SUNGAI BULOH,"Lot 71104, Jalan Teratai Utama, Kampung Paya Jaras Hilir",Sungai Buloh,3.1892083,101.5310744,3.3,45,012-441 1035,Super/Groceries,Super - Sundry/grocer,Tier 1,12.63
ChIJt4hryiQ1zDERrYXlsXBh2nE,KAI TIEN TRADING SDN BHD,"Perdana1/8D Batu 9, 11, Jalan Damai Impian 5, Bandar Damai Perdana",Kuala Lumpur,3.0464502,101.7412473,4.2,19,016-336 5446,Super/Groceries,Super - Indie retail,Tier 1,12.58
ChIJF9Ee1hg1zDER__F7lZyYOU8,99 Speedmart 1544 Taman Bukit Angsana,"No: 40 (Ground Floor, Jalan Bukit Angsana 2, Taman Bukit Angsana",Kuala Lumpur,3.062525,101.750107,4.2,19,03-3362 6863,Convenience,Conv - 99 Speedmart,Tier 1,12.58
ChIJ72i7YABpzDERgel9csfSf5w,Richiamo Mart Bukit Sentosa,Taman Seroja,Rawang,3.417628,101.5777657,4.2,19,,Convenience,Conv - Indie mart,Tier 1,12.58
ChIJZXX8ct22zTERDGQeuIO6K1k,99 Speedmart 1780 Cyberjaya Paragon,"Menara Paragon, No: GF-11 (Ground Floor, Persiaran Bestari, Cyber 11",Cyberjaya,2.9242417,101.6371873,3.5,35,03-3362 6863,Convenience,Conv - 99 Speedmart,Tier 1,12.54
ChIJrzsA1J1HzDER0SpT5JRjtjE,99 Speedmart 2328 Taman Koperasi Polis 2,"Ground Floor, No: 1 & 3, Jalan 13/10, Taman Koperasi Polis Fasa I",Kuala Lumpur,3.2205451,101.6955387,4.0,22,03-3362 6863,Convenience,Conv - 99 Speedmart,Tier 1,12.54
ChIJN-W8yyb4zDERX5AXUxXmDNY,99 Speedmart 1094 Sungai Sembilang,"No: 7 & 9 Ground Floor, Taman Kenari, Jalan Kenari 1, Kampung Sungai Sembilang",Jeram,3.19172,101.314537,3.8,26,03-3362 6863,Convenience,Conv - 99 Speedmart,Tier 1,12.52
ChIJBWrCF84azDERNwy3EA9JhlM,99 Speedmart 1933 (PH) Taman Anggerik Utama,"No: P9 & P10, Ground Floor, Jalan AU 2, Taman Anggerik Utama",Bentong,3.4977622,101.9230499,3.8,26,03-3362 6863,Convenience,Conv - 99 Speedmart,Tier 1,12.52
ChIJk21LA4XOzTERTOpZ_hBcotI,99 Speedmart 1451 Taman Semenyih Indah,"No: 2 (GF, Jalan Semenyih Indah 8, Taman Semenyih Indah",Semenyih,2.9459454,101.8342717,4.1,20,03-3362 6863,Convenience,Conv - 99 Speedmart,Tier 1,12.48
ChIJHe-YtKdUzDEROdzbqfR1d0o,99 Speedmart 1414 Jalan Tepi Sungai,"No: 87, Jalan Tepi Sungai",Klang,3.0477102,101.4311799,4.5,15,03-3362 6863,Convenience,Conv - 99 Speedmart,Tier 1,12.48
ChIJk8VnLKxLzDERQnKjLljoidE,99 Speedmart 1090 Seri Petaling,"No. 10 & 12, Jalan 1/149D, Bandar Baru Sri Petaling",Kuala Lumpur,3.067613,101.6857553,4.5,15,03-3362 6863,Convenience,Conv - 99 Speedmart,Tier 1,12.48
ChIJm9xDLYQ1zDERTzGy-2gvtHw,99 Speedmart 2860 Pangsapuri Azalea,"No: 04-1 (Ground Floor, Pangsapuri Azalea, Persiaran Bukit Sungai Long 1",Kajang,3.0360833,101.7948478,4.4,16,03-3362 6863,Convenience,Conv - 99 Speedmart,Tier 1,12.47
ChIJIRdJZHJpzDERxAdYjt4v9Kg,99 Speedmart,"Perniagaan, No: 3 & 5 (Ground Floor), Jalan Trompet 2, Jalan Terompet, Bukit Beruntung",Rawang,3.4190512,101.5701308,4.6,14,03-3362 6863,Super/Groceries,Super - 99 Speedmart,Tier 1,12.46
ChIJSbDU_iezzTERLuT-XTBT-Pc,99 Speedmart 1206 Kota Kemuning 2,"No.2, Jalan Anggerik Vanilla AD 31/AD, Kota Kemuning, Seksyen 31",Shah Alam,3.0055791,101.5354368,3.7,28,03-3362 6863,Convenience,Conv - 99 Speedmart,Tier 1,12.46
ChIJfcW1feVdzDER-1mi3p3My1g,RisSMart 24 Tasik Puteri,"R-G-123A, Tingkat Bawah, Jalan 7A/3, Bandar Tasik Puteri",Rawang,3.2826742,101.4728567,4.6,14,03-4815 7229,Convenience,Conv - Indie mart,Tier 1,12.46
ChIJV2pmero5zDERJtJ06dYH4GE,GO GO GROCER (DESA SETAPAK),"Jalan 14/27b 34-1, Desa Setapak",Kuala Lumpur,3.2054562,101.7327927,4.7,13,,Super/Groceries,Super - Sundry/grocer,Tier 1,12.4
ChIJzWHQPo0FzDER2rjnJjfc0Pw,99 Speedmart 1739 (PH) Taman Gemilang,"No: P14A (Ground Floor, Jalan Tras, Taman Gemilang, Batu 1",Bentong,3.5391779,101.9004379,3.4,37,03-3362 6863,Convenience,Conv - 99 Speedmart,Tier 1,12.37
ChIJIdkAKYDNzTERb3mYrqRXggM,99 Speedmart 1466 Kajang Utama 2,"No : 11 & 13, Block N, Jln Seksyen 3/12, Tmn, Taman Kajang Utama",Kajang,2.9750412,101.8010052,4.0,21,03-3362 6863,Convenience,Conv - 99 Speedmart,Tier 1,12.36
ChIJl7l_IwQ3zDERqBxMDpA9fJ8,Lai Heng Mart,"2-00-31, D'Alamanda, Jalan Pudu Impian, Off, Jalan Pudu Ulu",Kuala Lumpur,3.1205911,101.7315225,4.1,19,014-921 8768,Super/Groceries,Super - Indie retail,Tier 1,12.28
ChIJu77fEmMFzDERd3YMc5efHN4,99 Speedmart 2257 (PH) PP Bentong Prima,"Ground Floor, No: P69, Jalan Prima 1, Pusat Komersial Bentong Prima",Bentong,3.5151389,101.9136667,4.4,15,03-3362 6863,Convenience,Conv - 99 Speedmart,Tier 1,12.2
ChIJH7Mqj6BzzDERCM4skp5p3BU,99 Speedmart 1663 Kuala Kubu Bharu,"Ground Floor, No: 47, Jalan Mat Kilau",Kuala Kubu Baru,3.5642639,101.6602585,4.4,15,03-3362 6863,Convenience,Conv - 99 Speedmart,Tier 1,12.2
ChIJOevQ7_FTzDERAxfKPfQFR0o,99 Speedmart 1060 Setia Alam 1,"No. 9-1-2 & 7-1-1, Jalan Setia Prima R U13/R, Setia Alam Sek, U13 Shah Alam",Shah Alam,3.1006567,101.4442772,3.7,26,03-3362 6863,Convenience,Conv - 99 Speedmart,Tier 1,12.19
ChIJn0b3xlVPzDERz33yigcnmFU,Econsave Seksyen U5 - Pasar Ekonomi Mart,"No 23 & 25 Jalan Zuhrah BH U5/BH, Seksyen U5, Taman Subang Murni",Shah Alam,3.1625573,101.5443203,3.7,26,03-5879 1031,Convenience,Conv - Indie mart,Tier 1,12.19
ChIJC71k8FdFzDERQ_2i7rnLs8s,"KK Super Mart Damansara Damai, Apt. Harmoni (DDH)","Blok A, A-G-01, Apartment Harmoni, Jalan PJU 10/4c, Damansara Damai",Petaling Jaya,3.1962427,101.5847264,3.7,26,016-228 1822,Convenience,Conv - KK Mart,Tier 1,12.19
ChIJdwby9gJPzDERvs5dvgs0eNo,Pasar Mini Xinyuan 鑫源中国超市(PJ),"39, Jalan PJU 5/12, Dataran Sunway",Petaling Jaya,3.1531958,101.5939132,4.3,16,013-218 7733,Super/Groceries,Super - Independent local,Tier 1,12.18
ChIJlYshvKZbzDERbJGIuX0Xu34,99 Speedmart 1726 Seri Coalfields,"Ground Floor, Bandar Seri Coalfields, No 22A & 26, Jalan BSC 2B/2, Presint 2",Sungai Buloh,3.2466389,101.4748333,4.3,16,03-3362 6863,Super/Groceries,Super - 99 Speedmart,Tier 1,12.18
ChIJV4bch-9CzDERi4JnhE50twA,99 Speedmart Kota 2024 Emerald,"No: 1 (Ground Floor, Jalan KE 5/2, Kota Emerald",Rawang,3.3207538,101.5566947,4.0,20,03-3362 6863,Convenience,Conv - 99 Speedmart,Tier 1,12.18
ChIJ7z_hT0JWzDERkkhB8QeBdZY,KK SUPER MART Jalan Besar Kapar (JBK),"151, Jalan Besar, Pekan Kapar",Kapar,3.1375681,101.3740867,3.3,39,016-330 8145,Convenience,Conv - KK Mart,Tier 1,12.17
ChIJsaX9jtRHzDERhT5VCAOTLII,Nariz Mart - Halal Mart,"8, Jalan 2/8, Dataran Templer",Batu Caves,3.2557214,101.6564728,4.6,13,019-387 7551,Super/Groceries,Super - Indie retail,Tier 1,12.14
ChIJq04H0a1NzDERwStxNmtBXk8,KK Super Mart (SAU8),"No2G, Suria Jelutong, 1, Jalan Bazar U8/99, Bukit Jelutong",Shah Alam,3.097778,101.5398533,3.5,31,010-217 6308,Convenience,Conv - KK Mart,Tier 1,12.13
ChIJoWhfI_g1zDER-gNs9u-quCs,99 Speedmart 1315 Bandar Sri Permaisuri 2,"No: 3 & 5(G, Jalan Sri Permaisuri 8, Bandar Sri Permaisuri",Cheras,3.1026157,101.7085899,3.5,31,03-3362 6863,Convenience,Conv - 99 Speedmart,Tier 1,12.13
ChIJccLnoPdGzDERqBCz4ZUT7Q8,99 Speedmart 1400 Taman Intan Baiduri,"No: 28 & 30 (GF), Jalan 1/1B Taman Intan Baiduri, Kepong",Kuala Lumpur,3.233174,101.648178,3.5,31,03-3362 6863,Convenience,Conv - 99 Speedmart,Tier 1,12.13
ChIJcU97gn6yzTERTCj1GCWB7x8,99 Speedmart 1410 Kota Kemuning 3,"No: 31, Jalan AU 31/AU, Kota Kemuning, Seksyen 31",Shah Alam,2.993439,101.530304,3.6,28,03-3362 6863,Convenience,Conv - 99 Speedmart,Tier 1,12.12
ChIJR1Ty9QxJzDER4SDGb-E_4hI,99 Speedmart 1605 Taman Sri Bintang,"No: 25, Jalan 3/36, Bukit Seri Bintang",Kuala Lumpur,3.1882748,101.6420501,3.4,34,03-3362 6863,Convenience,Conv - 99 Speedmart,Tier 1,12.09
ChIJUz4ow4JJzDER0YM50XnB-iQ,"KK SUPER MART Vistana Hotel, Jalan Lumut (VJL)","No. 56, Kompleks Damai, Jalan Raja Laut",Kuala Lumpur,3.1710396,101.6957771,3.8,23,010-230 8410,Convenience,Conv - KK Mart,Tier 1,12.08
ChIJh7uRFgDJzTERN4Xma8anbAs,AL MEHDHAR TRADING,"42, Jalan Seri Putra 1/4, Bandar Seri Putra",Kajang,2.8844647,101.7897871,4.7,12,011-1131 6368,Super/Groceries,Super - Indie retail,Tier 1,12.06
ChIJv3mtSQ2pzTERZ8RqcseOfNs,Kedai Runcit Sivarajan (Rajah),"Kedai barang runcit Div, 4, Sungai Petani, Ladang Barat",Pulau Carey,2.9044555,101.3519086,4.7,12,,Convenience,Conv - Kedai runcit,Tier 1,12.06
ChIJweedkPFMzDERR9bdsCMjUzg,99 Speedmart 1424 Subang Jaya SS14,"No: 113, Jalan SS 14/1, Subang Jaya",Petaling Jaya,3.0661685,101.586401,3.7,25,03-3362 6863,Super/Groceries,Super - 99 Speedmart,Tier 1,12.05
ChIJLyx42SHPzTERTVOAsfPRwwU,99 Speedmart 1327 Bandar Rinching,"Sek 4, No: 30 & 32 & 34, Jalan 4/1, Bandar Rinching Seksyen 1",Semenyih,2.9326925,101.8489648,3.7,25,03-3362 6863,Convenience,Conv - 99 Speedmart,Tier 1,12.05
ChIJuZpDn4xUzDEREIkT_Isn904,99 Speedmart 1034 Rantau Panjang,"5559 & 5561, Ground Floor, Jln Rantau Panjang/KU4, Kampung Rantau Panjang, Batu 4",Klang,3.0706328,101.4123158,3.5,30,03-3362 6863,Convenience,Conv - 99 Speedmart,Tier 1,12.02
ChIJobed2uCtzTER3kkzce_BKHY,Biiggiie Mart- Taman Klang Ria,"38-P, Jalan Tengku Badri Shah 1, Taman Klang Ria",Klang,3.0063989,101.4629425,5.0,10,010-257 4232,Super/Groceries,Super - Indie retail,Tier 1,11.99
ChIJwbl3bADpzTERh8CzYuFVs64,Vani Rani Grocery,PR29+RC,"Kuala Lumpur, Petaling Jaya, Shah Alam, Klang, Subang Jaya, Cheras, Ampang, Cyberjaya, Putrajaya, Kajang, 68100 Selayang, Damansara",2.7020674,101.8185075,5.0,10,011-2111 9800,Convenience,Conv - Sundry/grocer,Tier 1,11.99
ChIJT-_dsHCvzTERR1CIZRiquL4,99 Speedmart 1087,"No.43, 75 & 77, Jalan Besar, Pekan Telok",Telok Panglima Garang,2.9085851,101.4669023,4.4,14,03-3362 6863,Convenience,Conv - 99 Speedmart,Tier 1,11.92
ChIJd8XzxaO1zTER-6vM2KVOoeY,99 Speedmart 2324 Lestari Perdana 2,"Ground Floor, No: 2 & 4, Jalan LP 7/5, Lestari Perdana",Seri Kembangan,3.0068823,101.6668542,4.4,14,03-3362 6863,Convenience,Conv - 99 Speedmart,Tier 1,11.92
ChIJ56gHVABLzDERFy49KHIQEBc,MYDIN MART TAMAN KINRARA,"No.14161820 & 22, Jalan TK 4/5, Taman Kinrara Seksyen 4",Puchong,3.0648699,101.6376796,4.3,15,,Convenience,Conv - Indie mart,Tier 1,11.92
ChIJM6_mg3RFzDERokJd4k_tTk8,99 Speedmart 1177 Bandar Baru Sungai Buloh,"No: 2375 & 2376, Jalan 1a/1, Bandar Baru Sungai Buloh",Sungai Buloh,3.2102037,101.5648842,3.3,36,03-3362 6863,Convenience,Conv - 99 Speedmart,Tier 1,11.92
ChIJV3gPugRLzDERElPMjcYoGmQ,Whale Well Supermarket,"141, Jalan Radin Bagus, Bandar Baru Sri Petaling",Kuala Lumpur,3.0711522,101.692542,3.8,22,,Super/Groceries,Super - Independent local,Tier 1,11.91
ChIJQWczPs9-zDERovmwv8eYa00,Risfi Enterprise,"316, B33, Desa Maju Sungai Tengi",Kuala Kubu Baru,3.6160424,101.4242027,3.7,24,,Hyper,Hyper - Other regional chain,Tier 1,11.91
ChIJwdBTFBzMzTEReH-5BZ7rq-w,99 Speedmart 1876 Bandar Teknologi Kajang 2,"Ground Floor, No: 6 & 8, Jalan 5/4, Seksyen 5 Bandar Teknologi Kajang",Semenyih,2.9577982,101.813739,3.7,24,03-3362 6863,Convenience,Conv - 99 Speedmart,Tier 1,11.91
ChIJi04I8KdKzDERAs6Ub-DQKdg,Al Madina Supermarket,"G-C-08, One South Street Mall, Jalan OS, Taman Serdang Perdana",Seri Kembangan,3.0437279,101.7064238,4.2,16,011-2501 3153,Super/Groceries,Super - Independent local,Tier 1,11.9
ChIJBTjWzMFLzDERg6bkxy28A7o,99 Speedmart 2059 Taman Paik Siong,"No: 14444-A & 14444-B (Ground Floor), Jalan Puchong BT 7 1, 2, Taman Paik Siong",Puchong,3.0620823,101.6465815,3.5,29,03-3362 6863,Convenience,Conv - 99 Speedmart,Tier 1,11.9
ChIJgWww_7FPzDERRNoQS_T6jr4,At Taqwa Halal Mart,"No 38, Jalan Pekaka 8/4, Kota Damansara",Petaling Jaya,3.1754535,101.5751578,4.5,13,,Super/Groceries,Super - Indie retail,Tier 1,11.88
ChIJo-PvPy1DzDERFls8m_81V1o,Star Grocer Gamuda Gardens,"A-GF-01 TO A-GF-10, GARDENS SQUARE, BANDAR GAMUDA GARDENS",Rawang,3.2799211,101.540959,3.2,40,,Super/Groceries,Super - Sundry/grocer,Tier 1,11.88
ChIJk6snzdtJzDERO855qrFKl4A,BilaBila Mart - Seni Mont Kiara,"LG3-2, Seni, Changkat Duta Kiara, Mont Kiara",Kuala Lumpur,3.1706239,101.6592809,4.5,13,,Convenience,Conv - BilaBila Mart,Tier 1,11.88
ChIJp0oAdPdGzDERnlIL2CW8pAA,7-Eleven 0337 Taman Intan Baiduri,"23, Jalan Intan Baiduri 6/1b, Taman Intan Baiduri",Kuala Lumpur,3.2335413,101.6485551,3.9,20,03-2114 2337,Hyper,Hyper - Other regional chain,Tier 1,11.87
ChIJSSRECppHzDERBESW46DP-nc,99 Speedmart 1443 Taman Koperasi Polis,"No: 5 & 7 (GF), Koperasi Business Centre, Jalan 56/10, Taman Koperasi Polis Fasa Ii",Batu Caves,3.2205135,101.6909539,3.6,26,03-3362 6863,Convenience,Conv - 99 Speedmart,Tier 1,11.87
ChIJK1mlooyuzTERN6gC0qeivvc,99 Speedmart 1770 Telok Panglima Garang 3,"Ground Floor, No: 107 & 109, Jalan Wira 2, Taman Perwira",Telok Panglima Garang,2.939061,101.4731388,3.0,51,03-3362 6863,Super/Groceries,Super - 99 Speedmart,Tier 1,11.85
ChIJydTUOe9JzDER-VWfH20vncw,BilaBila Mart - Chambers KL,"Unit 1-03, Residensi Kamar Putra (Chambers Residence, 2A, Jalan Ipoh Kecil",Kuala Lumpur,3.167551,101.69576,4.6,12,,Convenience,Conv - BilaBila Mart,Tier 1,11.8
ChIJj-eNZ-e2zTERqvvmc6yNZmk,NZ Mart,Cyberjaya,"Kuala Lumpur, Petaling Jaya, Shah Alam, Klang, Subang Jaya, Cheras, Ampang, Cyberjaya, Putrajaya, Kajang, 68100 Selayang, Damansara",2.9225716,101.6391351,3.7,23,03-8319 6786,Convenience,Conv - Indie mart,Tier 1,11.76
ChIJn3eYLcS3zTERxSEBGtdfi3w,99 Speedmart 1247,"T.001-U.01, No:, 1, Jalan P9e/1",Presint 9,2.940834,101.674934,3.7,23,03-3362 6863,Convenience,Conv - 99 Speedmart,Tier 1,11.76
ChIJBRoXM-lgzDERevHOliaN-xo,7-Eleven 0530 Bestari Jaya,"A-2, Jalan Besar, Pekan Batang Berjuntai",Batang Berjuntai,3.3784517,101.4056328,3.8,21,03-3271 6826,Hyper,Hyper - Other regional chain,Tier 1,11.75
ChIJ0VJPyBRGzDER4lBc-vGEJP0,KK SUPER MART Taman Kepong (KTK),"45, Jalan Development, Taman Kepong",Kuala Lumpur,3.2105542,101.6333846,3.6,25,016-709 3308,Convenience,Conv - KK Mart,Tier 1,11.73
ChIJu3lHc52szTERljaVw49neyE,KK SUPER MART Bukit Tinggi (BTG),"32A-0, Lorong Batu Nilam 3c, Bandar Bukit Tinggi 1",Klang,3.008917,101.4352699,3.2,38,016-330 8149,Convenience,Conv - KK Mart,Tier 1,11.72
ChIJs-HJ2HbdzTERamV8OWR18R4,99 Speedmart 2277 (NS) Bandar Baru Ampangan,"No: 2 (Ground Floor, Jalan Ampangan, Bandar Baru Ampangan",Seremban,2.7241497,101.9638203,3.9,19,03-3362 6863,Super/Groceries,Super - 99 Speedmart,Tier 1,11.68
ChIJKVZ8hDtPzDERgqb5BE05Y2c,Koperasi Pekerja Justlife Selangor Berhad Blue Oasis (M) Sdn Bhd,"15, Jalan PJU 3/47, Sunway Damansara",Petaling Jaya,3.1649786,101.5992018,4.7,11,03-7804 9626,Hyper,Hyper - Other regional chain,Tier 1,11.68
ChIJN_7RTxexzTERRq3f9rAO-nc,99 Speedmart 1370 Taman Saujana Putra,"No: 18 & 20, Jalan SPU 2, Taman Saujana Putra",Jenjarom,2.9517061,101.5822816,3.9,19,03-3362 6863,Convenience,Conv - 99 Speedmart,Tier 1,11.68
ChIJm483ChtbzDERiwbhTtw508Y,99 Speedmart 1258 Desa Coalfields,"No: 60, Block B, Jalan DC 4/3, Desa Coalfields",Sungai Buloh,3.2339979,101.4908899,3.9,19,03-3362 6863,Convenience,Conv - 99 Speedmart,Tier 1,11.68
ChIJdX3o17b3zDERnvHhd7IivZM,Shell,"Jalan Kuala Selangor, Lot 16 Section 2, Jalan Kapar, Pekan Jeram",Jeram,3.227403,101.31536,3.3,33,03-3264 0610,Hyper,Hyper - Other regional chain,Tier 1,11.64
ChIJt_KHUIlTzDERvdJLitzWLPE,RisSMart 24 Seksyen 7,"21, Jalan Plumbum R7/R, Seksyen 7",Shah Alam,3.067987,101.48926,4.2,15,,Convenience,Conv - Indie mart,Tier 1,11.64
ChIJK9PiMEytzTERJl5B3OBXrDU,99 Speedmart 1035 Bandar Puteri,"39, Lorong Sanggul 1a, Bandar Puteri",Klang,2.988229,101.4677899,4.1,16,03-3362 6863,Convenience,Conv - 99 Speedmart,Tier 1,11.62
ChIJ1XO6e4GzzTER7HPawdWP_J0,99 Speedmart 2747 Geo Bukit Rimau,"No SH-G-02 & SH-G-03 (Ground Floor Pangsapuri Perkhimatan Knox Wawasan Jalan Sungai Burung 32/68 Bukit Rimau, Seksyen 32",Shah Alam,3.0003234,101.5276999,4.4,13,03-3362 6863,Convenience,Conv - 99 Speedmart,Tier 1,11.61
ChIJwaIMcQ3IzTERm4bUtt3TrVM,99 Speedmart 1782 Taman Warisan Putra Kg Jenderam Hilir,"No: 6 (Ground Floor, Jalan Warisan Putra 1, Taman Warisan Putra",Dengkil,2.88527,101.7272423,3.6,24,03-3362 6863,Convenience,Conv - 99 Speedmart,Tier 1,11.59
ChIJsceT7_6xzTEReoqZ4ghtkxQ,Friendly Mart Bandar Saujana Putra,"S-G-19, BSP21 Persiaran Bandar Saujana Putra Utama, Bandar Saujana Putra",Jenjarom,2.943783,101.588636,4.5,12,016-909 8411,Convenience,Conv - Indie mart,Tier 1,11.54
ChIJsTWP7dZHzDERh8BGewg4TfQ,99 Speedmart 1456 Metro Prima,"No: 48 (Ground Floor), Vista Magna (BLOCK D), Jalan Prima, OFF, Jalan Kepong",Kuala Lumpur,3.2128421,101.6431988,3.5,26,03-3362 6863,Convenience,Conv - 99 Speedmart,Tier 1,11.54
ChIJ12Dh823LzTERS5jXRIA1mmQ,HC LUXE GADGET & REPAIR SPECIALIST ENTERPRISE,"Lot Fol3, Lotus’s Kajang, Persiaran Saujana Impian, Saujana Impian",Kajang,3.004487,101.7862187,5.0,9,013-393 8516,Super/Groceries,Super - Indie retail,Tier 1,11.51
ChIJrQiJMswDzDERafjXaIKD0o8,Kedai Ab Fatah,"Jalan Felda Kampung Sertik, Kampung Sertik",Karak,3.50283,102.0327,4.8,10,019-929 9946,Hyper,Hyper - Other regional chain,Tier 1,11.51
ChIJA-r5sO_LzTEReOIvT04-JWA,KTDI MART,"KTDI MART, Kolej Tun Dr Ismail",Seri Kembangan,2.9928467,101.7076123,5.0,9,010-980 1006,Convenience,Conv - Indie mart,Tier 1,11.51
ChIJl1b3Lf80zDERTl1_QuqIkRs,99 Speedmart 1674 Taman Cheras Mas,"No: 10 & 12 (Ground Floor), Jalan Mas, 6, Jalan Mas 6, Taman Cheras Mas",Cheras,3.0703844,101.7576933,5.0,9,03-3362 6863,Convenience,Conv - 99 Speedmart,Tier 1,11.51
ChIJbbBPyulgzDERBOPmTP0F9qQ,Seng Mini Market PLT,"NO. 13, 13A & 15, Jalan Berjuntai 3",Bestari Jaya,3.379045,101.4099893,5.0,9,03-3271 9432,Convenience,Conv - Mini-mart,Tier 1,11.51
ChIJw7fokzITzDERxlEd5bw5YNw,"KK Super Mart Genting, Golden Hills Resort ( GHR )","No.3A117, Golden Hills Resort, Jalan Ion Delemen",Genting Highlands,3.430134,101.7892176,3.9,18,,Convenience,Conv - KK Mart,Tier 1,11.48
ChIJY7LLghtLzDERAbioRJ3Pt5Y,99 Speedmart 1972 KL Taman Seri Sentosa,"No: 41 (Ground Floor), Jalan 11A/133, Taman Sri Sentosa",Kuala Lumpur,3.0729167,101.6516944,3.7,21,03-3362 6863,Super/Groceries,Super - 99 Speedmart,Tier 1,11.44
ChIJAZ1waABtzDERxLjUR99F4Cw,FamilyMart Petron Rasa,"Lot 6518, A portion of Petron Rasa, Batu 33 ½, Jalan Kuala Lumpur, Ipoh",Rasa,3.4961622,101.6402819,3.1,39,,Hyper,Hyper - Other regional chain,Tier 1,11.44
ChIJS6LZ67dCzDERlOIJMuaKNNs,99 Speedmart 1496 Bandar Country Homes 2,"No: 37 & 39 (Ground Floor), Jalan Desa 9/6, Bdr, Bandar Country Homes",Rawang,3.3315779,101.5350224,3.7,21,03-3362 6863,Convenience,Conv - 99 Speedmart,Tier 1,11.44
ChIJ-bV69xFHzDEROB4eAjFyf6Y,99 Speedmart 1160 Kepong Baru 1,"NO: 17 & 19, Jalan Ambong Kiri 2, Kepong Baru",Kuala Lumpur,3.2101009,101.6473627,3.0,44,03-3362 6863,Convenience,Conv - 99 Speedmart,Tier 1,11.42
ChIJq4Lkdjg3zDERSpXDaU0Rlrc,99 Speedmart 1420 Ampang Mulia,"No: 5, Jalan Mulia 4/1, Taman Mulia Jaya",Ampang,3.133114,101.789925,3.5,25,03-3362 6863,Convenience,Conv - 99 Speedmart,Tier 1,11.4
ChIJYQdPDbixzTERK_VPidKfMc4,Kedai Runcit Berkat Murni,"B126, Kampung Jenjarom",Jenjarom,2.9025216,101.5331947,4.2,14,,Hyper,Hyper - Other regional chain,Tier 1,11.37
ChIJ95nh8ClPzDERqwe5JIjPy9k,99 Speedmart 1037 Subang U5 (1),"15-17, Jalan Uranus AG U5/AG, Section U5",Shah Alam,3.1671329,101.5338165,4.1,15,03-3362 6863,Convenience,Conv - 99 Speedmart,Tier 1,11.37
ChIJ066FVHnMzTERk-BI6LqzipI,Pasar Mini Sri Mewah,"7, Jalan Zamrud 1, Taman Zamrud",Kajang,2.988014,101.803055,4.3,13,03-8734 3306,Super/Groceries,Super - Independent local,Tier 1,11.35
ChIJUy88T0NFzDERXuOma6Ru1A4,99 Speedmart 1606 Taman Sri Buloh,"No: 1 & 3, Jalan U19/1, Taman Sri Buloh, Seksyen, U 19",Shah Alam,3.20311,101.5428999,3.6,22,03-3362 6863,Convenience,Conv - 99 Speedmart,Tier 1,11.29
ChIJHVpjr-z3zDERqInleqPB_H8,KEDAI RUNCIT S&I FRESH MART,Kampung Parit Mahang,Jeram,3.2925728,101.3770947,4.9,9,010-911 8873,Super/Groceries,Super - Sundry/grocer,Tier 1,11.28
ChIJ577YAlPLzTERDsHtJSwT_zo,99 Speedmart 1482 Taman Saga Emas,"No: 1A & 2A (GF, Jalan Saga Emas 8A, Taman Saga Emas",Kajang,2.9977541,101.7977951,3.5,24,03-3362 6863,Super/Groceries,Super - 99 Speedmart,Tier 1,11.27
ChIJeVKyThIHzTERpdSORhSQ0gM,99 Speedmart 2474 Pulau Indah 2,"Ground Floor, Selatan, No:124 & 125, Persiaran Masjid Sultan, Kampung Sungai Pinang",Pulau Indah,2.950496,101.3349768,3.7,20,03-3362 6863,Convenience,Conv - 99 Speedmart,Tier 1,11.26
ChIJ8-E70MKzzTERzCZs3xdicGk,Mart 都捞 Multiway,"20, Jalan PP 2/1, Taman Putra Prima",Puchong,2.97806,101.591436,4.5,11,012-750 0337,Super/Groceries,Super - Indie retail,Tier 1,11.18
ChIJD1l1F1HPzTERLagIKuqFO_M,Pasar Mini Carelin,"No 61&63, Jalan 1/1, Bandar Rinching Seksyen 1",Semenyih,2.9283479,101.8510065,4.5,11,,Super/Groceries,Super - Independent local,Tier 1,11.18
ChIJOcllrgK3zTER8xeXriRQZ_8,7 Eleven,"Biz Avenue 2 Neocyber, Block G, No. 50-G, Lingkaran Cyber Point Barat, Cyberjaya, Selangor",Dengkil,2.9156836,101.65026,4.5,11,018-244 2060,Hyper,Hyper - Other regional chain,Tier 1,11.18
ChIJ8UOb-WE5zDERkIZ81OAVx-c,99 Speedmart 2133 Taman Melawati 2,"Ground Floor, No: 9158 & 9159, Jalan Bandar 4",Taman Melawati,3.2118056,101.7516111,3.6,21,03-3362 6863,Convenience,Conv - 99 Speedmart,Tier 1,11.13
ChIJl-GIfQBTzDERn8VEHbFUoDI,Pasar Raya CS Grocer Shah Alam,"1, Jalan Pinang D 18/D, Seksyen 18",Shah Alam,3.0441868,101.516948,4.1,14,,Super/Groceries,Super - Sundry/grocer,Tier 1,11.1
ChIJFfqhBT5XzDERWRsOWf7pPv8,Eng Ta Trading,"39-41, Jalan Bukit Kapar, Taman Muhibbah",Kapar,3.1399105,101.3787373,4.1,14,03-3259 3606,Super/Groceries,Super - Indie retail,Tier 1,11.1
ChIJyapZ4bJCzDERf51DmLaojus,Pasar Mini Qaysya (kedai runcit melayu),Taman Desa Mas,Rawang,3.338608,101.5265324,4.1,14,,Super/Groceries,Super - Independent local,Tier 1,11.1
ChIJ5QyN05C1zTERoWCiUEbyEcI,99 Speedmart 1157 Bandar Puchong Utama 1,"101, Jalan Bpu 2, Bandar Puchong Utama",Puchong,2.9960126,101.6217577,4.0,15,03-3362 6863,Convenience,Conv - 99 Speedmart,Tier 1,11.09
ChIJ4-_yg4lHzDERvsFRASDoSu4,99 Speedmart 1237 Taman Indah Perdana,"2 & 4, Jalan Perdana 5, Taman Indah Perdana",Kuala Lumpur,3.219578,101.637383,4.0,15,03-3362 6863,Convenience,Conv - 99 Speedmart,Tier 1,11.09
ChIJOWbYKm3nzTERKAenl42CC7s,Kedai Buah-Buahan Piala Dunia / 世界杯生果批发零售商,"Lot 1712, Jalan Tok Ungku, Kampung Tok Ungku",Seremban,2.6984382,101.9488501,4.2,13,017-795 1138,Super/Groceries,Super - Generic kedai,Tier 1,11.08
ChIJKUqCFmWzzTERVJTPCRFFhNs,Pasa Raya dan Kedai Ubat Chow Sin,"9, Jalan Kekwa 1, Taman Puchong Perdana",Puchong,3.0073479,101.6062428,3.7,19,,Super/Groceries,Super - Generic kedai,Tier 1,11.08
ChIJE6692Iu1zTER5tbRnYdcD28,99 Speedmart 1710 Equine Park,"Ground Floor, No: 43 & 45, Jalan Equine 10, Taman Equine",Seri Kembangan,2.99863,101.6767356,3.4,25,03-3362 6863,Super/Groceries,Super - 99 Speedmart,Tier 1,11.08
ChIJZwpLL2zLzTEROL-4rQ0FykA,99 Speedmart 1193 Jalan Taming Permai,"No.1, 2 & 3-2, Jalan Taming Permai 1, Taman Taming Jaya",Seri Kembangan,3.023902,101.731384,3.7,19,03-3362 6863,Convenience,Conv - 99 Speedmart,Tier 1,11.08
ChIJ6SrrskFHzDERGVY0t0EjfmM,99 Speedmart 1622 Taman Gombak Permai,"No: 6&7 (Ground Floor), Jalan GP2, Taman Gombak Permai",Batu Caves,3.2518,101.6867904,3.7,19,03-3362 6863,Convenience,Conv - 99 Speedmart,Tier 1,11.08
ChIJ-fuaXHcFzDERV_a8oZTCQKE,GM SPEEDMART,"69, Lebuhraya Kuala Lumpur - Gua Musang, Taman Bentung Jaya",Bentong,3.5400971,101.9010899,3.7,19,09-222 9786,Convenience,Conv - Indie mart,Tier 1,11.08
ChIJo_632BLnzTERcvYbRTHiLVs,99 Speedmart 1355 Tmn Bkt Blossom,"No:1003 LOT 13453, Bukit Blossom Rasah",Seremban,2.697814,101.949265,3.9,16,03-3362 6863,Convenience,Conv - 99 Speedmart,Tier 1,11.05
ChIJD9Zdlk4VzDEREAmOWYIch-0,BilaBila Mart - Windmill Upon Hills,"L1 Resident Lobby, Windmill Upon Hills, Jalan Genting Permai Genting Highlands",Bentong,3.3849816,101.7764763,4.8,9,,Convenience,Conv - BilaBila Mart,Tier 1,11.05
ChIJ8eNf9PpGzDERqULt7yBN378,33 Rice Mart - Selayang,"4, Jalan SJ 3, Taman Selayang Jaya",Batu Caves,3.239385,101.650886,4.3,12,03-6120 3133,Super/Groceries,Super - Indie retail,Tier 1,11.03
ChIJoS_0avu2zTERnhHI6oc5hMA,Al Yemen Mini Mart,"CBD Perdana, 4800-0-6, Jalan Perdana, Cyber 12",Cyberjaya,2.9228989,101.6513165,4.3,12,03-4031 9894,Convenience,Conv - Mini-mart,Tier 1,11.03
ChIJES53SZlJzDERwYL1W3yvBjM,BilaBila Mart - Akasa Residence,"NO. 17-1, Kompleks Komersil Akasa, Jalan Akasa, Akasa Cheras Selatan",Seri Kembangan,3.0260177,101.7540061,4.3,12,,Convenience,Conv - BilaBila Mart,Tier 1,11.03
ChIJi1Fj4O1PzDERJk8JKso2h3Q,99 Speedmart 1761 Subang Bestari 2,"No 12 & 14 (Single Storey, Jalan Nova P U5/P, Subang Bestari",Shah Alam,3.1815701,101.5420865,4.3,12,03-3362 6863,Convenience,Conv - 99 Speedmart,Tier 1,11.03
ChIJfSGQzGlJzDERl9HuC-jRJIQ,99 Speedmart 1245 Desa Sri Hartamas,"Ground Floor, No: 9 & 11, Jalan 26a/70a, Desa Sri Hartamas",Kuala Lumpur,3.1611653,101.6501899,3.3,27,03-3362 6863,Convenience,Conv - 99 Speedmart,Tier 1,11.0
ChIJc4DPjDBLzDER2HTW8ubp7Bg,Tayba Mart 8 (One South Mall),"D-G-06, Streetmall One South, Seksyen, 6, Jalan OS, Taman Serdang Perdana",Seri Kembangan,3.043227,101.7059245,5.0,8,,Super/Groceries,Super - Indie retail,Tier 1,10.99
ChIJD9_0siJHzDERkhCw51ZlFPs,AIE Mart (Al Idrusi Enterprise),"KIOSK NO. 5, TKT 8, RESIDENSI KEPONGMAS, 7, Jalan Metro Perdana Barat, TMN METROPOLITAN KEPONG",Kuala Lumpur,3.2198812,101.6423241,5.0,8,03-6243 4243,Convenience,Conv - Indie mart,Tier 1,10.99
ChIJF_kzf-xHzDER8TAae20uOFQ,99 Speedmart 1865 Maxim Citylights Sentul,"No: S-G-03 (Ground Floor), Maxim Citylights Sentul, No:, 25, Jalan Sentul Pasar, Setapak",Kuala Lumpur,3.2076993,101.6898597,3.2,30,03-3362 6863,Convenience,Conv - 99 Speedmart,Tier 1,10.99
ChIJ_fvDzk9ZzDERTEoPxy68waY,BSK FRESHMART PUNCAK ALAM,"LOT1-1&2, 3-1&2, 5-1&2, 7-1&2, 9-1&2, 11-1&2, 13-1&2, JALAN DATARAN SURIA 15/8, 1, SEKSYEN 15",Puncak Alam,3.2339976,101.4122862,3.8,17,,Super/Groceries,Super - Indie retail,Tier 1,10.98
ChIJAV-X_tI3zDERAZ7F-vG9KZo,BilaBila Mart - Neu Suites,"A-G-3A, Ground Floor, Tower 1, 3rdNvenue, Jalan Nipah",Kuala Lumpur,3.1621424,101.7373477,3.5,22,,Convenience,Conv - BilaBila Mart,Tier 1,10.97
ChIJy_Y_d3M3zDERU7RgG1u0inw,99 Speedmart 1699 Taman Ampang,"Ground Floor, No: 12 & 14, Jalan 13b, Tmn Ampang",Ampang,3.1568531,101.7583076,3.6,20,03-3362 6863,Convenience,Conv - 99 Speedmart,Tier 1,10.96
ChIJ3el2VD9ZzDERQEQCanknS1I,99 Speedmart 1259 Bandar Puncak Alam 2,"No: 27 & 29, Lorong Naluri Sukma B 8/B, Seksyen 8 Bandar Puncak Alam",Kuala Selangor,3.229112,101.426712,3.6,20,03-3362 6863,Convenience,Conv - 99 Speedmart,Tier 1,10.96
ChIJnSC7gJ2yzTERjMvLEiay5eg,99 Speedmart 1361 Kemuning Utama,"No: 2 & 4, Jalan Kemuning Indah S32/S, Seksyen 32",Shah Alam,3.0086239,101.5250443,3.1,33,03-3362 6863,Convenience,Conv - 99 Speedmart,Tier 1,10.93
ChIJz_7rFkjdzTEREw-MsQHBTsM,Mini Market Al Athil,"26, Jalan Labu, Galla Industrial Park",Seremban,2.73705,101.899399,3.7,18,,Super/Groceries,Super - Independent local,Tier 1,10.89
ChIJG9Vp2IazzTER6CVRae8do3g,99 Speedmart 1155 Sri Muda 2,"No.2, Jalan D 25/D, Taman Perindustrian Axis, Seksyen 25",Shah Alam,3.0257509,101.5423721,3.7,18,03-3362 6863,Convenience,Conv - 99 Speedmart,Tier 1,10.89
ChIJo8gZQ8pHzDER6a8vl8Wi_NY,99 Speedmart 2019 Selayang Heights,"No: A-G-3 & A-G-3A (Ground Floor), Jalan SH 1/1A, Selayang Heights",Batu Caves,3.2662,101.6519422,3.7,18,03-3362 6863,Convenience,Conv - 99 Speedmart,Tier 1,10.89
ChIJc0tCJdG3zTERvZbeEdEXFzk,Quick Mart Tamarind,"FR-04-10, Tamarind Suites, Persiaran Multimedia",Cyberjaya,2.9188241,101.6363733,4.0,14,,Convenience,Conv - Indie mart,Tier 1,10.83
ChIJBWsXMJRJzDERGjzs8yX3-y4,Pasar Mini Bangsar,"No. 42, Jalan Kemuja",Kuala Lumpur,3.1288994,101.6792135,4.1,13,010-363 5400,Super/Groceries,Super - Independent local,Tier 1,10.82
ChIJAfd1MNSdzjERyz4QDNd3mlU,99 Speedmart 2221 (PH) Kampung Manchis,"No: 13 & 14 (Ground Floor), Jalan Besar Manchis Kampung, Manchis",Bentong,3.2026667,102.1633333,3.9,15,03-3362 6863,Hyper,Hyper - Other regional chain,Tier 1,10.81
ChIJIcVzpEm3zTERdVR5qnuBrj8,99 Speedmart 2356 Masreca 19 Cyberjaya,"No: 46 & 47 (Ground Floor), Jalan 19/1, Masreca, 19, Persiaran Rimba Permai, Cyber 10",Cyberjaya,2.9011387,101.6310168,3.4,23,03-3362 6863,Convenience,Conv - 99 Speedmart,Tier 1,10.81
ChIJX96vLp9VzDERTxJ-dtrMHFE,99 Speedmart 1566 Taman Pinang Raja,"Ground Floor, No: 4 & 6, Jalan Bakti 11A/KU03, Taman Pinang Raja",Klang,3.0645641,101.4242341,3.9,15,03-3362 6863,Convenience,Conv - 99 Speedmart,Tier 1,10.81
ChIJQ9e4R6k3zDER90-hue2ALns,Raisha Mini Mart,"14, Lorong Bunga Melati 2a, Taman Cheras Indah",Ampang,3.1285848,101.7434792,4.5,10,010-456 3387,Super/Groceries,Super - Indie retail,Tier 1,10.79
ChIJLU0joBmtzTERSd8nSdweWwY,99 Speedmart 1017 Kampung Jawa,"7695-7697, Jalan Teluk Batu 1, Bt.4 1, 2, Jalan Kebun",Klang,3.0123226,101.4881231,4.5,10,03-3362 6863,Convenience,Conv - 99 Speedmart,Tier 1,10.79
ChIJmWYrLDfLzTER3218LSD7raM,99 Speedmart 2390 Taman Impian Ehsan 2,"Ground Floor, No: 15 & 17, Jalan Cengal 4, Taman Impian Ehsan",Seri Kembangan,3.019403,101.7528758,4.5,10,03-3362 6863,Convenience,Conv - 99 Speedmart,Tier 1,10.79
ChIJYyW4jS1BzDERLwUW1186RWM,99 Speedmart 1713 Dataran Amansiara,"Ground Floor, No: 1-1 & 2-1, Jalan Amansiara BP1, Dataran Amansiara",Rawang,3.2736389,101.6505,3.6,19,03-3362 6863,Convenience,Conv - 99 Speedmart,Tier 1,10.78
ChIJ9RdaaPW1zTERqXwmQrDxFnw,Best Thai (Kedai Sebarneka Barangan Thailand),"52, Jalan Puteri 5/16, Bandar Puteri",Puchong,3.0157394,101.6169609,4.9,8,011-1228 4557,Super/Groceries,Super - Generic kedai,Tier 1,10.77
ChIJd8W8Ysg2zDERuiMZq1qahWc,Mini Market Hj Misbah,"1582, Jalan Mulia 1/1, Kampung Indah Permai",Ampang,3.1331671,101.7873521,3.8,16,,Super/Groceries,Super - Independent local,Tier 1,10.77
ChIJu6x9Qe9JzDERr9UkzZpEeZw,Gujrati Mini Mart,"Heritage Condominium, Setapak",Kuala Lumpur,3.1860071,101.7007223,4.9,8,0,Super/Groceries,Super - Indie retail,Tier 1,10.77
ChIJScRKGQ2tzTERodWBtZge5f8,99 Speedmart 1182 Shah Alam Sek 34,"No.67 & 69 (Ground Floor, Jalan B 34/B, Seksyen 34",Shah Alam,3.0040553,101.5003746,4.2,12,03-3362 6863,Convenience,Conv - 99 Speedmart,Tier 1,10.77
ChIJKb5BIVi1zTERhjGsp1Jgxl8,99 Speedmart 1351 Kg Baru Seri Kembangan,"No: 1260, Jalan SK 10/4",Seri Kembangan,3.023138,101.7052536,3.3,25,03-3362 6863,Convenience,Conv - 99 Speedmart,Tier 1,10.75
ChIJf4qRsM05zDERB1Mtu-v5WKY,99 Speedmart 1994 Lembah Keramat,"Ground Floor, No : 4 & 6, Jalan AU 5c/14, Hulu Kelang",Ampang,3.201915,101.7561212,3.3,25,03-3362 6863,Convenience,Conv - 99 Speedmart,Tier 1,10.75
ChIJ0T52w5W_zTERA-EOgTjSOx4,7-Eleven KLIA Terminal 2,"L3-32A, L3-32A, KLIA2 Departure Lane",Kuala Lumpur International Airport,2.7441188,101.6857778,2.6,61,,Hyper,Hyper - Other regional chain,Tier 1,10.73
ChIJ6SRwuf21zTER7UndSd83Lu0,99 Speedmart 2555 Kampung Baru Seri Kembangan 2,"Ground Floor, No : 5 & 7, Jalan Aman SK 13/15A, Kampung Baru Seri Kembangan",Seri Kembangan,3.0251981,101.698978,4.3,11,03-3362 6863,Convenience,Conv - 99 Speedmart,Tier 1,10.69
ChIJkXt6QjhNzDERb-9P9Si9KoE,99 Speedmart 1054 Shah Alam Sek 23,"93 Tingkat, No.89 & 91 (Ground Floor, 2, Jalan Pelabur B 23/B, Seksyen 23",Shah Alam,3.047477,101.527344,3.7,17,03-3362 6863,Convenience,Conv - 99 Speedmart,Tier 1,10.69
ChIJSQ7TTplLzDERPjewA-mGuV8,"99 Speedmart 1131 PJ, Sec 11","No: 17, Jalan Bukit 11/2, Section 11",Petaling Jaya,3.110555,101.6455,3.7,17,03-3362 6863,Convenience,Conv - 99 Speedmart,Tier 1,10.69
ChIJo1ieY2RczDERcVbZwI1i-n8,"7-Eleven Bandar Tasik Puteri, Rawang 0511","47-G-A, Jalan 7A/3, Bandar Tasik Puteri",Rawang,3.2847401,101.4727699,3.4,22,03-6034 4232,Hyper,Hyper - Other regional chain,Tier 1,10.66
ChIJv6DpooRIzDERfUzN9xWQK0Q,99 Speedmart 1787 Taman Sri Sinar 2,"No: 1(Ground Floor, Jalan 20/38a, Taman Sri Sinar",Kuala Lumpur,3.1858964,101.6512016,3.5,20,03-3362 6863,Convenience,Conv - 99 Speedmart,Tier 1,10.66
ChIJpRizj2RczDER5LJDAk0Kcz4,99 Speedmart 1390 Bandar Tasik Puteri 2,"67-G-A & 67-G-B & 67, 1-B, Jalan 7A/3, Bandar Tasik Puteri",Rawang,3.284207,101.472839,3.3,24,03-3362 6863,Hyper,Hyper - Other regional chain,Tier 1,10.62
ChIJyWLl6i1KzDER9xv5-BOYkU4,KK Super Mart Pantai Dalam (PD),"No.7, Jalan Pantai Murni 6, Off, Jalan Pantai Murni 2",Kuala Lumpur,3.103722,101.6657542,3.3,24,016-330 8367,Convenience,Conv - KK Mart,Tier 1,10.62
ChIJp-9Zu3PHzTERH6TEQhC2-ek,D1 Mart 1号店,"Starz Valley Nilai, Lk1-G-05, Starz Valley Laman Komersil Areca Putra Nilai",Nilai,2.8117495,101.7575321,4.6,9,012-608 9583,Convenience,Conv - Indie mart,Tier 1,10.59
ChIJ9-AWKIZNzDER9mGzAd0zXPw,BilaBila Mart - AraTre' Residences,"G Floor, AraTre’ Residences, Residensi D15, Mini Market, Jalan PJU 1a/46",Petaling Jaya,3.1121883,101.5833233,4.6,9,03-6414 6893,Convenience,Conv - BilaBila Mart,Tier 1,10.59
ChIJbfQ_32YzzDERfypzcEU1qOs,Pasar Mini Heng Tai,"No. 30-G, Jalan SL 11/9, Bandar Sungai Long",Kajang,3.0543139,101.8046943,3.9,14,03-9019 6293,Super/Groceries,Super - Independent local,Tier 1,10.56
ChIJZ033erVzzjERrya2p9H9lcQ,99 Speedmart 2013 (NS) Tanjong Ipoh,"PT 1533 & 1534 (Ground Floor), Pekan",Tanjung Ipoh,2.740726,102.1843261,3.9,14,03-3362 6863,Hyper,Hyper - Other regional chain,Tier 1,10.56
ChIJg7S0TR61zTERwyTEfAZZN_c,99 Speedmart 1727 Pusat Perdagangan Seri Kembangan (PPSK),"Ground Floor, 21, Jalan PSK 1, Pusat Perdagangan Seri Kembangan",Seri Kembangan,3.0144051,101.6974542,3.9,14,03-3362 6863,Convenience,Conv - 99 Speedmart,Tier 1,10.56
ChIJYyc6Rb_3zDER9cfwHyNdbDo,99 Speedmart 1696 Taman Selangat Jeram,"17 & 19, Jalan 1, Taman Selangat, Jalan Sasaran, Sungai Buloh",Jeram,3.2611664,101.3096684,3.9,14,03-3362 6863,Convenience,Conv - 99 Speedmart,Tier 1,10.56
ChIJn-siOFdTzDERw9_TtMm61-s,99 Speedmart 2944 Jalan Tepi Sungai 2,"No: 227 & 229 (Ground Floor, Jalan Tepi Sungai",Klang,3.0468054,101.4390732,4.8,8,03-3362 6863,Convenience,Conv - 99 Speedmart,Tier 1,10.55
ChIJ_QBu6CRdzDERdPIMUlWAjwk,99 Speedmart 1793 M Avenue Rawang,"No: 41(Ground Floor), Jalan MR ¼, Taman M-Residensi 48020",Rawang,3.3198084,101.5097961,4.4,10,03-3362 6863,Convenience,Conv - 99 Speedmart,Tier 1,10.55
ChIJ91MjiBdLzDERV4htVJ6_K_4,99 Speedmart 1551 Bandar Kinrara 1,"No: 3 & 5, Jalan BK 1/8, Bandar Kinrara",Puchong,3.0551972,101.6499465,3.8,15,03-3362 6863,Convenience,Conv - 99 Speedmart,Tier 1,10.54
ChIJZ4sV47npzTERz5ygmZw1CL0,99 Speedmart 1954 (NS) Nusari Biz,"No: 1780 Ground Floor, Nusari Biz, Jalan Nusari Bayu 7/2, Bandar Sri Sendayan",Seremban,2.6686765,101.8753091,4.1,12,03-3362 6863,Convenience,Conv - 99 Speedmart,Tier 1,10.52
ChIJPTZSdSpVzDERPSTRNLidRsA,99 Speedmart 1412 Batu Belah,"N0: 18 & 20, Jalan Indah 1, OFF, Jalan Sungai Putus",Klang,3.0723184,101.430793,3.5,19,03-3362 6863,Convenience,Conv - 99 Speedmart,Tier 1,10.49
ChIJVdTa1EzBzTERjDtC9NieHa8,99 Speedmart 1708 (NS) Pusat Niaga KLIA,"C-27 (Ground Floor, Jalan Pusat Niaga Klia 1, Kompleks Perumahan KLIA",Nilai,2.7704747,101.7637254,3.7,16,03-3362 6863,Convenience,Conv - 99 Speedmart,Tier 1,10.48
ChIJtyTmCXBNzDER5dWAIK7dhGA,99 Speedmart 1393 Kelana Jaya,"No: 5-G1-G2, Jalan PJU 1a/4a",Petaling Jaya,3.110946,101.590294,3.7,16,03-3362 6863,Convenience,Conv - 99 Speedmart,Tier 1,10.48
ChIJiy8_VSROzDERLqBbSmwuik4,Ken Frozen Mini Market,"Lot 13474, Ground Floor, Jalan Pasar Pekan, Kampung Baru Subang, Shah Alam, 40150, Shah Alam",Selangor,3.1445231,101.5380095,4.2,11,016-205 8726,Super/Groceries,Super - Independent local,Tier 1,10.44
ChIJy1ZLbPdNzDERpTH5H85xeJA,99 Speedmart 1604 Bukit Jelutong 3,"D'Bayu, No: 18, Jalan Serambi U8/24, Bukit Jelutong",Shah Alam,3.1032962,101.5285591,4.2,11,03-3362 6863,Convenience,Conv - 99 Speedmart,Tier 1,10.44
ChIJtTUtouZFzDERHzTNSeHsF1Q,KK SUPER MART Kepong Industrial Park (KIP),"3, Persiaran Kip 2, Taman Perindustrian Kip",Kepong,3.2069458,101.6088297,3.1,28,016-330 8246,Convenience,Conv - KK Mart,Tier 1,10.44
ChIJSZyesrBpzDERG1FprOq3t_Y,Pasar Mini 3099,"No.29, JALAN MAWAR 2A/1 PRIMA BERUNTUNG, Bukit Beruntung",Rawang,3.4030177,101.5431613,4.2,11,,Convenience,Conv - Mini-mart,Tier 1,10.44
ChIJ2ejg_QCtzTERTfkAH3kogXw,99 Speedmart 1758 Sentosa Hulubalang,"Ground Floor, Fasa Dinasti, No 243, Jalan Hulubalang 28, Taman Sentosa",Klang,2.9984477,101.4835493,3.6,17,03-3362 6863,Convenience,Conv - 99 Speedmart,Tier 1,10.41
ChIJfx1bVtdTzDERJCIZ44X2-k0,laobaoding mart 老保定杂什店 (中国超市）,"Unit 13A (@Basement, Seksyen U13, 1, Jalan Setia Dagang AL U13/AL, Setia Alam",Shah Alam,3.1053889,101.4674124,5.0,7,017-348 4995,Super/Groceries,Super - Indie retail,Tier 1,10.4
ChIJ0_QAzgc3zDERIGjH3KeG_9U,FZ Focus Enterprise Pemborong Ramly Ampang,"10-08, Jalan 13D, Permai Putera, Desa Permai, Taman Dato Ahmad Razali",Ampang,3.1568465,101.7584788,5.0,7,014-660 0753,Super/Groceries,Super - Indie retail,Tier 1,10.4
ChIJ4_UyC3vnzTER8v2SALoxkbs,JUG MART,"707G, Jalan Merak 16, Taman Thivy Jaya",Seremban,2.6883817,101.9426872,5.0,7,06-631 9706,Convenience,Conv - Indie mart,Tier 1,10.4
ChIJcVTWcrTFzTERUiYVyW4uZDM,Zeal Mart,"10, Jalan Laman Delfina 1/1, Nilai Impian",Nilai,2.8496774,101.801032,5.0,7,011-5371 7071,Convenience,Conv - Indie mart,Tier 1,10.4
ChIJP9lvVQC3zTERN_KIxIthLD0,Mumin Mini Market KKKA Cyberjaya,Kompleks Kediaman Kakitangan Awam,Cyberjaya,2.9041191,101.6422734,5.0,7,017-588 0834,Convenience,Conv - Mini-mart,Tier 1,10.4
ChIJs629cQBRzDERvi0OEClxJyY,CF Value Mart,"15, Jalan Pulau Lumut P U10/P, Alam Budiman",Shah Alam,3.1448593,101.4808719,5.0,7,,Convenience,Conv - Indie mart,Tier 1,10.4
ChIJc7OgSarnzTERBNQHg2-FrMA,99 Speedmart 1653 (NS) Garden Avenue,"Ground Floor, No: 6 & 7, Jalan S2 G2, Garden Avenue Seremban 2",Seremban,2.6790945,101.9026691,3.4,20,03-3362 6863,Convenience,Conv - 99 Speedmart,Tier 1,10.35
ChIJn7i4qXaNzDERKZfMgr8EkcM,99 Speedmart 1346 Taman Seri Tiram Utama,"No: 22 & 24 (GF, Jalan Tiram Utama 1, Taman Seri Tiram Utama",Tanjong Karang,3.428231,101.244336,3.3,22,03-3362 6863,Convenience,Conv - 99 Speedmart,Tier 1,10.35
ChIJ0cc9vv9LzDERpcmuq2rQ2SE,TMG Mart Razak City KL,"RC3-11, RC3-12, RC3-13, RC3-13A, RC3-15 Residensi Bandar Razak, Jalan Razak Mansion",Sungai Besi,3.1086737,101.7068271,2.7,45,,Super/Groceries,Super - Tunas Manja,Tier 1,10.34
ChIJq9qbhVq1zTERd61YqvXbx_I,Pasar Mini Kampung Aman,A8-G-1 Rumah pangsa kg aman 1. Tmn bukit serdang sek 4&5.,Seri Kembangan,3.0230938,101.6977619,4.3,10,019-575 6229,Super/Groceries,Super - Independent local,Tier 1,10.31
ChIJbeJ07matzTERZGR0APKtqaw,99 Speedmart 1917 Taman Sri Sentosa Jaya 1,"No : 1 (Ground Floor), Lorong Bendahara 9/ks 7, Taman Sejati",Klang,3.0113805,101.4684334,4.3,10,03-3362 6863,Convenience,Conv - 99 Speedmart,Tier 1,10.31
ChIJ_ddzsu1NzDERs2MuHQA59qE,99 Speedmart 1800 Suria Jelutong,"No: 59 (Ground Floor), Jalan Bazar P U8/P, Bukit Jelutong, Seksyen, U 8",Shah Alam,3.0972352,101.5387344,4.3,10,03-3362 6863,Convenience,Conv - 99 Speedmart,Tier 1,10.31
ChIJI29B55A3zDERlt9kBJ92b3U,Ugo Mart Taman Keramat,"Ground Floor, 16, Jalan AU 1a/4c, Taman Keramat Permai",Kuala Lumpur,3.176934,101.7385711,3.5,18,03-4266 8938,Convenience,Conv - Indie mart,Tier 1,10.31
ChIJsyfwWU9FzDERlr_0oNcUH-A,99 Speedmart 2641 The Zizz,"No: P1-1-02 & P1-1-03, The Zizz No 2, Jalan PJU 10/1A, Jalan PJU 10/1, Damansara Damai",Petaling Jaya,3.1981946,101.5960793,4.3,10,03-3362 6863,Convenience,Conv - 99 Speedmart,Tier 1,10.31
ChIJsdKiiiThzTERaY3Qx8giLE4,CAFé by 7-Eleven Taman Tunku Jaafar Seremban (245),"47, Jalan Ttj S/A, Taman Tuanku Jaafar",Seremban,2.6705268,101.9966542,3.2,24,06-578 2163,Hyper,Hyper - Other regional chain,Tier 1,10.3
ChIJxVKGPp1FzDERVkZmhcXkSt4,99 Speedmart 1137 Bukit Rahman Putra,"No: 7 & 9, Jalan BRP 6/12, Bukit Rahman Putra",Shah Alam,3.2273102,101.5573958,3.2,24,03-3362 6863,Convenience,Conv - 99 Speedmart,Tier 1,10.3
ChIJy3wU1DVOzDERIM3WhHrBV08,EzBiscuit Enterprise,"20-G, Jalan Dinar F U3/F, Taman Subang Perdana",Shah Alam,3.148621,101.544955,3.8,14,012-645 7517,Super/Groceries,Super - Indie retail,Tier 1,10.29
ChIJIz-_C9E3zDERf4KxQRB2c-0,DD Fresh Meat Retail Shops Sdn Bhd (PANDAN PERDANA)天定猪肉便利店 Omega3 pork,"11G, Jalan Perdana 4/3, Pandan Perdana",Wilayah Persekutuan,3.1202506,101.7426418,3.9,13,012-651 0268,Super/Groceries,Super - Indie retail,Tier 1,10.29
ChIJKehknGKjzTER2F_YO0HJdxM,Jazco Speedmart,"No. 53 & 55, Jalan Baiduri, Taman Baiduri",Banting,2.8004667,101.4926337,3.8,14,03-3187 2324,Convenience,Conv - Indie mart,Tier 1,10.29
ChIJMzK7rHOyzTERTyuHG_vTnio,99 Speedmart 1448 Kemuning Taipan,"No: 37 & 39, Jalan Sungai Keranji Q 32/Q, Seksyen 32",Shah Alam,2.979254,101.5324554,3.9,13,03-3362 6863,Convenience,Conv - 99 Speedmart,Tier 1,10.29
ChIJtQPw1tDLzTEROV_0CuL-23Q,99 Speedmart 1183 Taman Taming Jaya,"No:1, Medan Taming Sari 1, Taman Taming Jaya",Balakong,3.0245953,101.74163,3.8,14,03-3362 6863,Convenience,Conv - 99 Speedmart,Tier 1,10.29
ChIJoWYoOJdXzDER1jgYNSjfJOU,99 Speedmart 1036 Pekan Kapar,"86 & 88, Jalan Mokhtar 1, Jalan Kapar",Klang,3.1372914,101.372336,3.9,13,03-3362 6863,Convenience,Conv - 99 Speedmart,Tier 1,10.29
ChIJF6GOoJeszTERyqTeSqB4cIY,Pasar Mini Sin Lian Huat,"11, Jalan Sri Sarawak 21, Taman Sri Andalas",Klang,3.0139843,101.4470988,4.0,12,03-3323 0223,Super/Groceries,Super - Independent local,Tier 1,10.26
ChIJQfzVtq40zDERU__BYbVLmlU,SYS Vegetarian Food Mart,"A-G-6, Block A, Glen Court, Persiaran Sungai Long, Bandar Sungai Long",Kajang,3.0383037,101.7918159,3.7,15,03-9019 6200,Super/Groceries,Super - Indie retail,Tier 1,10.26
ChIJv9ItJ8fdzTERikXqxSznORU,99 Speedmart 1706 (NS) Taman Sikamat Jaya,"Ground Floor, No: 513, Tmn, Jalan Sikamat Jaya 1",Seremban,2.7429894,101.9602402,3.7,15,03-3362 6863,Convenience,Conv - 99 Speedmart,Tier 1,10.26
ChIJTzmWnMrHzTER6gE6seEsxLs,99 Speedmart 1458 Taman Seroja,"No: 12 & 14 (GF), Jalan Seroja 7, Taman Seroja, 5, Jalan Seroja 2, Bandar Baru Salak Tinggi",Sepang,2.828431,101.730286,3.7,15,03-3362 6863,Convenience,Conv - 99 Speedmart,Tier 1,10.26
ChIJP_kX3N7FzTER3XzWBBCSnx4,99 Speedmart 1889 (NS) Suria Nilai 3,"No: 1 (Ground Floor, Jalan Suria 1, Suria Nilai 3",Nilai,2.8519538,101.8013218,3.7,15,03-3362 6863,Convenience,Conv - 99 Speedmart,Tier 1,10.26
ChIJlYPCeeqqzTERnr2qnFYm69o,99 Speedmart 1066 Sultan Suleiman 1,"Pusat Perdagangan, No. 107 (G) Lintang Sultan Mohamad 1B, Bandar Sultan Suleiman",Pelabuhan Klang,3.019552,101.370247,4.0,12,03-3362 6863,Convenience,Conv - 99 Speedmart,Tier 1,10.26
ChIJsyqenETpzTERuMfxPdOFo3w,99 Speedmart 2712 (NS) Rasah Kemayan,"Ground Floor, No: 13 & 14, 5, Jalan Rk 5, Rasah Kemayan",Seremban,2.6921357,101.8756778,3.6,16,03-3362 6863,Convenience,Conv - 99 Speedmart,Tier 1,10.2
ChIJo2hH9OdPzDERXmDXBQx2M9w,99 Speedmart 1096 NZX Ara Jaya,"No. A-G-3A, A-G-5 & A-1-3A, Block A, Ground & First Floor, Jalan PJU 1A/41B, Pusat Dagangan NZX",Petaling Jaya,3.1144812,101.5907398,3.3,21,03-3362 6863,Convenience,Conv - 99 Speedmart,Tier 1,10.2
ChIJUW4BZmxKzDERJklXRfSJjew,KK Super Mart Kuchai Lama (KC),"No. 4, Jalan 3/116B, Off, Jalan Kuchai Lama, Kuchai Entrepreneur's Park",Kuala Lumpur,3.0895149,101.6901062,3.0,29,016-218 3308,Convenience,Conv - KK Mart,Tier 1,10.2
ChIJRap_WeZHzDERBpVNUEBHhTE,99 Speedmart 1460 Fortune Avenue,"D-G-18, Fortune Avenue, Block D, Jalan Metro Perdana 3, Off, Jalan Kepong, Taman Usahawan",Kepong,3.2162181,101.64364,3.6,16,03-3362 6863,Convenience,Conv - 99 Speedmart,Tier 1,10.2
ChIJ87kNsnCjzTEReLBEaOD8I1s,Kedai Santan Kanchong Darat,"Lot 522, Jalan Sultan Alam Shah, Kanchong Darat",Banting,2.7901032,101.4852274,4.9,7,011-7072 7321,Hyper,Hyper - Other regional chain,Tier 1,10.19
ChIJuwF3DourzTERGZEgHzch2nw,99 Speedmart 1518 Kampung Perdamar,"No: 202 & 204(G), Jalan Haji Zainal Abidin Kg Perdamar",Pelabuhan Klang,2.9791358,101.4303754,4.1,11,03-3362 6863,Convenience,Conv - 99 Speedmart,Tier 1,10.19
ChIJ3Y0Veqi3zTERWVFoKMRUgM8,"ECO FRESH MART 7th Floor, Apex Tower, Cyber Square","Jalan Teknokrat 6, Cyber 5",Cyberjaya,2.9189542,101.657105,4.9,7,019-258 9911,Convenience,Conv - Indie mart,Tier 1,10.19
ChIJSdf0Vw2tzTERhw3bAq4ZSmc,99 Speedmart 3165 Taman Maznah,"No: 391 & 392 (Ground Floor, Jalan Songket, Taman Maznah",Klang,3.02543,101.4748169,4.9,7,03-3362 6863,Convenience,Conv - 99 Speedmart,Tier 1,10.19
ChIJaykZz1u1zTERSwIoUrChXR4,Kedai Ubat Weng Soon Hong,"No. 5-1, Pusat Perdagangan Seri Kembangan, Jalan 4/1, Sek. 4, Taman Bukit Serdang",Seri Kembangan,3.02197,101.6989629,4.9,7,03-8941 1770,Convenience,Conv - Generic kedai,Tier 1,10.19
ChIJr9we9MFJzDERWEon5Jl-Rts,Dine Mart,"7G, jalan Thambypillai",BeickfieldsKuala Lumpur,3.12817,101.6858498,4.9,7,016-277 5054,Convenience,Conv - Indie mart,Tier 1,10.19
ChIJ3cjjDHaLzDERJqWNG_7qbbU,99 Speedmart 2452 Taman Desa Utama,"No: 5 & 7 (Ground Floor Jalan Besar Kampung Kuantan, Taman Desa Utama",Batang Berjuntai,3.361682,101.3042967,4.9,7,03-3362 6863,Convenience,Conv - 99 Speedmart,Tier 1,10.19
ChIJDYFjomrLzTERc6yYQS8TJNM,99 Speedmart 2987 Taman Sri Serdang,"No : 22G (Ground Floor, Jalan 18/14, Taman Sri Serdang",Seri Kembangan,3.0039683,101.7114189,3.5,17,03-3362 6863,Convenience,Conv - 99 Speedmart,Tier 1,10.12
ChIJf5ShWXdHzDERiph5rOnFHVg,99 Speedmart 1364 Prima Samudera,"NO: 2 & 3 (GF), PRIMA SAMUDERA JALAN 11, Lorong Samudera Utara",Batu Caves,3.2333376,101.6951924,4.6,8,03-3362 6863,Convenience,Conv - 99 Speedmart,Tier 1,10.11
ChIJV5b8q8_NzTERH-1rCn1ADHY,Perusahaan As-Nura,"No. 2, Kedai P.L.B, Batu 21, Jalan Sungai Lalang, Kampung Sungai Machang",Semenyih,2.9593204,101.8481627,4.2,10,03-8727 1761,Hyper,Hyper - Other regional chain,Tier 1,10.07
ChIJrYBF7GqtzTER3Rwy5oM5H2E,99 Speedmart 1261 Taman Sri Sentosa,"16 & 18 (Ground Floor, No:, Jalan Dato Dagang 31, Taman Sentosa",Klang,2.9965542,101.4744531,4.2,10,03-3362 6863,Convenience,Conv - 99 Speedmart,Tier 1,10.07
ChIJ1XU_C1znzTER7PJKiY0RUsw,UPTOWN MART,"No. 257, Ground Floor, Jalan S2 B12, Uptown Avenue Seremban 2",Seremban,2.6946773,101.9109768,2.5,55,016-658 2836,Convenience,Conv - Indie mart,Tier 1,10.06
ChIJKQoYI4pPzDERWe2RXbB_Y6Y,99 Speedmart 1205 Dataran Ara Damansara,"A-G-7 & A-G-9, Block A, No:, 8, Jalan PJU 1a/20a, Dataran Ara Damansara",Petaling Jaya,3.1197302,101.5800569,3.3,20,03-3362 6863,Convenience,Conv - 99 Speedmart,Tier 1,10.05
ChIJ-y0_2FQ2zDERiTVtjXOhC5w,Pasar Mini AMS,"No. 6, Jalan Hilir 2, Taman Sri Angsana Hilir",Kuala Lumpur,3.1486788,101.7438466,3.8,13,03-9281 6995,Super/Groceries,Super - Independent local,Tier 1,10.03
ChIJx-GAOVFHzDER5JnNy0GTAQ0,"KK SUPER MART Batu Caves, Taman Koperasi Polis (BCK)","No:28, Jalan 59/10, Taman Koperasi Polis Fasa Ii",Batu Caves,3.2201721,101.6911787,3.8,13,010-230 8507,Convenience,Conv - KK Mart,Tier 1,10.03
ChIJ7Xx7Ce81zDERlNfEAtxL7qo,99 Speedmart 1276 Alam Damai 1,"No: 5 & 7, Jalan Damai Niaga, Alam Damai",Kuala Lumpur,3.0737959,101.7377041,3.7,14,03-3362 6863,Convenience,Conv - 99 Speedmart,Tier 1,10.02
ChIJ1TLxlCjNzTERTK8pw4XcYfE,99 Speedmart 2172 Vista Valley,"Ground Floor, No: 49, Jalan Vista Valley 3, Vista Valley",Semenyih,2.9576707,101.8400922,3.9,12,03-3362 6863,Convenience,Conv - 99 Speedmart,Tier 1,10.0
ChIJv1golDmzzTER41uvbQBfIzI,99 Speedmart 2235 Puchong Perdana,"Ground Floor, No: 32 & 34, Jalan Kekwa 2, Taman Puchong Perdana",Puchong,3.0064063,101.6055845,3.0,27,03-3362 6863,Convenience,Conv - 99 Speedmart,Tier 1,10.0
ChIJOYwud1lbzDERVR8j_IhgtoQ,99 Speedmart 3587 Taman Mutiara Kundang,"No: 2 & 3 (Ground Floor, Jalan Mutiara Kundang 2, Taman Mutiara Kundang",Rawang,3.2569316,101.5204632,3.9,12,03-3362 6863,Convenience,Conv - 99 Speedmart,Tier 1,10.0
ChIJo0e7PBlHzDERCdYh64gzjlw,"KK SUPER MART Kepong, Jalan Ambong Kiri (KAK)","No:3, Jalan Ambong Kiri 2, Kepong Baru",Kuala Lumpur,3.210506,101.6474437,3.9,12,010-230 8605,Convenience,Conv - KK Mart,Tier 1,10.0
ChIJm_5DnHSzzTERYcvPzbqBET8,99 Speedmart 1053 puchong Prima,"5, E01-09 & E01-10, 3, Jalan Puchong Prima 17, Taman Puchong Prima",Puchong,2.9999728,101.5949853,3.6,15,03-3362 6863,Convenience,Conv - 99 Speedmart,Tier 1,9.98
ChIJob6ZiT3NzTERFa6w25kDmic,"Econsave Taman Indah, Sungai Jelok - Pasar Ekonomi Mart","10, Jalan Indah 2, Jalan Sungai Jelok, Taman Indah",Kajang,2.9972983,101.8069547,3.6,15,,Convenience,Conv - Indie mart,Tier 1,9.98
ChIJYbaHonVLzDERYRfwlkvEti0,BilaBila Mart - Asia Pacific University (APU),"Level 3, Block J1, Asia Pacific University, Technology Park Malaysia, Bukit Jalil",Kuala Lumpur,3.0555323,101.7002771,3.6,15,,Convenience,Conv - BilaBila Mart,Tier 1,9.98
ChIJz073uU7mzTERK-egS0mNrxw,Pasar Mini PSA Maju,"No.81, Jalan Mambau Jaya 5, Taman Mambau Jaya",Seremban,2.6737905,101.917975,4.0,11,019-739 2006,Super/Groceries,Super - Independent local,Tier 1,9.94
ChIJCzdD4viszTERRmJK5k-8YQI,Kedai Runcit KS,"3B, Jalan Dato Dagang 24, Taman Desa Idaman 2",Klang,2.9990195,101.4717291,4.0,11,016-333 6567,Super/Groceries,Super - Sundry/grocer,Tier 1,9.94
ChIJxx-zjCQHzTER2k2N7xqleNE,Intertech Asia Sdn. Bhd.,"Drybulk Terminal, Westport, Lot 55711, Jalan Tanjong, Selangor",Port Klang,2.9559085,101.3093519,4.0,11,03-3101 1868,Hyper,Hyper - Other regional chain,Tier 1,9.94
ChIJiY2JL0TmzTERP9bEDs3FlEw,99 Speedmart 2009 (NS) Pekan Mambau,"No : 43 & 44 (Ground Floor), Jalan Besar, Pekan Mambau",Seremban,2.6664638,101.9181991,4.0,11,03-3362 6863,Convenience,Conv - 99 Speedmart,Tier 1,9.94
ChIJCf38KzDLzTER2XllQgj_-5c,KK SUPER MART Cheras Jaya (CJY),"Lot 2, Jalan 7, Kawasan MIEL Cheras Jaya",Cheras,3.0251754,101.7642018,4.0,11,016-330 8304,Convenience,Conv - KK Mart,Tier 1,9.94
ChIJAQ0Lusq5zTERUEnuty5GPoY,99 Speedmart 3503 Bandar Serenia,"No: 7-1 & 9-1 (Ground Floor, 1/1, Persiaran Aman Serenia, Bandar Serenia",Sepang,2.8602548,101.7026639,4.3,9,03-3362 6863,Convenience,Conv - 99 Speedmart,Tier 1,9.9
ChIJaT3tqSdPzDER8R7pzCL4lNE,99 Speedmart 1313 Subang Bestari,"No: 43 & 45 (GF, Jalan Nova U5/N, Subang Bestari",Shah Alam,3.1770631,101.5482229,4.3,9,03-3362 6863,Convenience,Conv - 99 Speedmart,Tier 1,9.9
ChIJzUQDT2GrzTERZwQv1izLJlc,Kedai Ubat Dan Pasaraya Seong Onn,"No. 42, 44, Jalan Sentosa, Taman Chi Liung, Pandamaran, Port Klang, 42000 Pelabuhan Klang",Klang,3.0126736,101.4287032,4.5,8,012-926 5495,Super/Groceries,Super - Generic kedai,Tier 1,9.89
ChIJ__0SMoe_zTERmKrURTR-AGY,Eraman Express Mart,Sepang,"Kuala Lumpur, Petaling Jaya, Shah Alam, Klang, Subang Jaya, Cheras, Ampang, Cyberjaya, Putrajaya, Kajang, 68100 Selayang, Damansara",2.7547682,101.7050928,3.2,21,,Convenience,Conv - Indie mart,Tier 1,9.89
ChIJhWXCmWfdzTERwcPJPTM9hEY,99 Speedmart 1596 (NS) Taman Jasper Jaya,"No: 2 & 3 (Ground Floor), Jalan Jasper Jaya 1, Off, Jalan Labu, Taman Jasper Jaya",Seremban,2.7261711,101.9132719,4.5,8,03-3362 6863,Convenience,Conv - 99 Speedmart,Tier 1,9.89
ChIJIWJqsG-1zTERxVVwAS-nxT0,99 Speedmart 1284 Taman Universiti Indah,"No: 1 & 3, Jalan Indah 2/4, Taman Universiti Indah",Seri Kembangan,3.005741,101.693359,3.2,21,03-3362 6863,Convenience,Conv - 99 Speedmart,Tier 1,9.89
ChIJj6a9UTZNzDER1eM90MggRys,99 Speedmart 2446 USJ 2,"Ground Floor, No: 35 & 37, Jalan USJ 2/2c",Subang Jaya,3.0575137,101.5905869,3.3,19,03-3362 6863,Convenience,Conv - 99 Speedmart,Tier 1,9.89
ChIJUbQp5JhXzDERraZEcBAcCI4,99 Speedmart 1012 Bukit Kapar,"39-41, Jalan Bukit Kapar, Pekan Kapar",Kapar,3.1397291,101.3784667,4.5,8,03-3362 6863,Convenience,Conv - 99 Speedmart,Tier 1,9.89
ChIJUbOEnCtJzDERqDQSiL17eV0,"99 Speedmart 1303 PJ, Sec 17 (1)","No: 614, Jalan 17/10, Seksyen 17, Taman Gembira",Petaling Jaya,3.1221239,101.6353087,3.0,26,03-3362 6863,Convenience,Conv - 99 Speedmart,Tier 1,9.89
ChIJMWzKa-hPzDERxXORvkMDcbo,99 Speedmart 1318 Bandar Pinggiran Subang 2,"No: 2 (GF, Jalan Matahari Ab U5/Ab, Bandar Pinggiran Subang",Shah Alam,3.166012,101.541664,4.5,8,03-3362 6863,Convenience,Conv - 99 Speedmart,Tier 1,9.89
ChIJsyzyq65FzDEROP72Bx31GMM,Pasaraya MK Mart PLT,"D-0-02, BLOCK D, APARMENT LESTARI, Jalan PJU 10/1b, Damansara Damai",Petaling Jaya,3.196365,101.5942116,4.1,10,014-901 5623,Super/Groceries,Super - Indie retail,Tier 1,9.83
ChIJa41IaVPnzTER12CFgan48Ps,KK Super Mart Seremban • Rasah Jaya • SRJ,"Dancom Plus Computer, 11, Jalan RJ 6/9, Taman Rasah Jaya",Seremban,2.6814861,101.9430612,3.4,17,010-230 8624,Convenience,Conv - KK Mart,Tier 1,9.83
ChIJowinJkOtzTERVsPXQNTw7Aw,Everyday Fresh Mart,"88, Lorong Sanggul 1e, Bandar Puteri",Klang,2.9857587,101.4671468,4.1,10,013-335 5776,Convenience,Conv - Indie mart,Tier 1,9.83
ChIJ4UHdSxJHzDERXaO2ls4ezd8,99 Speedmart 1646 Amara Boulevard,"No: 02-G, Residensi Amara, Jalan Raintree Utama",Batu Caves,3.2425277,101.6800239,3.4,17,03-3362 6863,Convenience,Conv - 99 Speedmart,Tier 1,9.83
ChIJBWK-9IROzDERxlAaaDlIzBI,MM Mart,"I-G-6, Jalan PJU 1a/20f, Dataran Ara Damansara",Petaling Jaya,3.1195939,101.5791114,4.7,7,03-7734 5299,Convenience,Conv - Indie mart,Tier 1,9.77
ChIJQTrLV3NHzDERnQuccn3mOdk,Bismi Best Mart,"12, Jalan 4/2, Taman Bandar Baru Selayang Fasa 2b",Batu Caves,3.2672144,101.6734256,4.7,7,,Convenience,Conv - Indie mart,Tier 1,9.77
ChIJEbARm94VzDERqO4lhojPa2A,99 Speedmart 2772 (PH) Taman Gohtong Jaya,"Ground Floor, No: 16A & 17A, Jalan Jati 1, Taman Gohtong Jaya",Genting Highlands,3.3969916,101.769354,4.7,7,03-3362 6863,Convenience,Conv - 99 Speedmart,Tier 1,9.77
ChIJ5Yjaohs1zDER5sDd47AM6Og,99 Speedmart 1404 Taman Len Sen,"No: 78 & 80, Jalan 1, Taman Len Seng",Kuala Lumpur,3.074274,101.7450252,3.7,13,03-3362 6863,Convenience,Conv - 99 Speedmart,Tier 1,9.76
ChIJLYcn7A5LzDERWqjUfcCknZk,Pasaraya & Kedai Ubat Ban On Tong Sdn Bhd,"L1-3, Block C, Jalan TK 1/11e, Taman Kinrara",Puchong,3.0633699,101.6472423,3.8,12,03-8075 7016,Super/Groceries,Super - Indie retail,Tier 1,9.75
ChIJ84l5u0RZzDERSOTg00CsM7o,Imans Best Mart,"20 & 22, Jalan Astana B 13/B, Pusat Niaga Astana",Puncak Alam,3.2440959,101.4256509,3.8,12,010-544 7861,Super/Groceries,Super - Indie retail,Tier 1,9.75
ChIJN7w9EzQ4zDERLcVYulQo__Y,Pasar Mini Permata,"2787, Jalan Changkat Permata, Taman Permata",Kuala Lumpur,3.2073712,101.7503991,3.8,12,03-4107 3487,Super/Groceries,Super - Independent local,Tier 1,9.75
ChIJk2_NohpfzDERmwXS_nRMOtA,Asia Mart Ijok,"80, Jalan Ijok Utama 1, Ijok Batang Berjuntai",Kuala Selangor,3.3136166,101.4105045,3.8,12,,Super/Groceries,Super - Indie retail,Tier 1,9.75
ChIJ13QD_Lo9zDERCbbCybYjCls,RUNCIT BERSATU PERKASA ENTERPRISE,Kampung Janda Baik,Bentong,3.3190623,101.8680615,3.6,14,,Super/Groceries,Super - Indie retail,Tier 1,9.75
ChIJTVYaEAWvzTERt23FuVCc08c,"7-Eleven Taman Jaya Utama, Telok Panglima Garang","40, Jalan Utama 2, Taman Jaya Utama",Telok Panglima Garang,2.9101383,101.4700538,3.6,14,03-3122 0151,Hyper,Hyper - Other regional chain,Tier 1,9.75
ChIJ4U0q1X3OzTERE3MsBtUdKA0,7-Eleven • Bandar Semenyih • Store 562,"17, Jalan Pasar Baru 2, Pekan Semenyih",Semenyih,2.9482827,101.8463504,3.8,12,03-8724 6549,Hyper,Hyper - Other regional chain,Tier 1,9.75
ChIJ65NFdUevzTERKIOYsuBouoo,99 Speedmart 1598 Telok Panglima Garang 2,"Ground Floor, No: 9 & 11, Jalan Dendang 6, Taman Telok",Telok Panglima Garang,2.9027605,101.4679457,3.6,14,03-3362 6863,Convenience,Conv - 99 Speedmart,Tier 1,9.75
ChIJK5b0fK6zzTERHSyNqyy_Ckw,99 Speedmart 1019 Kota Kemuning 1,"No.29, Jalan C, 31/C Kota Kemuning, Seksyen 31",Shah Alam,2.9910163,101.5467997,3.8,12,03-3362 6863,Convenience,Conv - 99 Speedmart,Tier 1,9.75
ChIJJ9B0HFi1zTERSfbqhnNXvLU,Kedai Barang2 Jahitan Jia Mol,"C1, Jalan SK 10/3",Seri Kembangan,3.0223293,101.7050216,3.8,12,018-669 9178,Convenience,Conv - Generic kedai,Tier 1,9.75
ChIJ8aavLqw1zDERNC_kJtxRF7s,99 Speedmart 2115 Kampung Cheras Baru,"Ground floor, No: 14 & 16, Jalan 18, Kampung Cheras Baru",Kuala Lumpur,3.1059283,101.7455283,3.6,14,03-3362 6863,Convenience,Conv - 99 Speedmart,Tier 1,9.75
ChIJPcLqRR05zDERnHf9koQr8D8,99 Speedmart 1191 Taman Melati Utama,"No.11-G & 15-G, Jalan Melati Utama 2, Taman Melati Utama",Kuala Lumpur,3.2222089,101.7288036,3.2,20,03-3362 6863,Convenience,Conv - 99 Speedmart,Tier 1,9.74
ChIJcy6FJ6jpzTERRPIF629_Bfs,PASAR MINI RAMADAN MAJU,"No.2, Jln Nusari Biz 2, Bandar Sri Sendayan",Sendayan,2.6633036,101.8727399,5.0,6,012-292 7867,Super/Groceries,Super - Independent local,Tier 1,9.73
ChIJGXZ8YwDNzTERoogHxOa1qW0,Al Hidayah Mini Mart,"59, Jalan 1, 1, Persiaran Bandar Rinching",Semenyih,2.9284623,101.8510497,5.0,6,010-273 6427,Super/Groceries,Super - Indie retail,Tier 1,9.73
ChIJLUCvYQBPzDERGOuTkjPRgv8,MEI GROCER 美昇超市,Taman Subang Murni,Shah Alam,3.1626467,101.5443238,5.0,6,012-481 8391,Super/Groceries,Super - Sundry/grocer,Tier 1,9.73
ChIJkTMqwshazDERcHHgAqP8EKo,KEDAI MINI ASNAH,"LOT 385 BATU 18, Kampung Merbau Sempak",Shah Alam,3.2165973,101.5150881,5.0,6,,Super/Groceries,Super - Generic kedai,Tier 1,9.73
ChIJTUauLHzOzTERzKAiW92IcvE,Pasar Mini Zaim & Zafir,"Jalan Pasar Baru 2, Pekan Semenyih",Semenyih,2.9481667,101.8464132,5.0,6,,Convenience,Conv - Mini-mart,Tier 1,9.73
ChIJ-yuWNqjLzTERaZbVur5EO74,Goodness Mart Jade Square,"22-1, Jalan Dataran Jade 2, Jade Square",Kajang,2.9935416,101.7596828,5.0,6,011-2328 8233,Convenience,Conv - Indie mart,Tier 1,9.73
ChIJxeVwoWZVzDERRwaqfoXoBDo,Zali Mart,"1, Jalan Kunci Air, Kampung Rantau Panjang",Klang,3.0580215,101.4011483,5.0,6,017-283 7801,Convenience,Conv - Indie mart,Tier 1,9.73
ChIJ8xaXxthDzDERIUqB00nFedA,Blue Forest Grocer,"Setia Eco, No. 6G, 7G & 7-1, Jalan Set 3/1 The Grove, Templer Park",Rawang,3.288397,101.6383518,5.0,6,012-838 0380,Convenience,Conv - Sundry/grocer,Tier 1,9.73
ChIJF6DQIaFzzDERoQ2uybJGKxQ,CAFé by 7-Eleven Kuala Kubu Bharu (486),"16, Jalan Abdul Hamid, Pekan Kuala Kubu Bharu",Kuala Kubu Baru,3.5633319,101.6581829,3.3,18,,Hyper,Hyper - Other regional chain,Tier 1,9.72
ChIJ1dDl0VW1zTER-2Z-u1Qs-zw,99 Speedmart 1343 Puchong Bdr Puteri 2,"No: 31, Jalan Puteri 7/7, Bandar Puteri",Puchong,3.026274,101.6240402,3.5,15,03-3362 6863,Convenience,Conv - 99 Speedmart,Tier 1,9.7
ChIJt0hGDpg0zDERsCfojbFiszE,KK SUPER MART Bandar Mahkota Cheras (BMC),"53, Jalan Temengung 9/9, Seksyen 9, Bandar Mahkota Cheras, Batu 9 1/2, Jalan Cheras",Kajang,3.0510366,101.7880941,2.8,31,016-330 8159,Convenience,Conv - KK Mart,Tier 1,9.7
ChIJOd3P-_JCzDERiZB2InCokDE,99 Speedmart 1488 Taman Garing Permai,"No: 25 & 26 (GF, Jalan GP Utama, Taman Garing Permai",Rawang,3.3284131,101.5612717,3.5,15,03-3362 6863,Convenience,Conv - 99 Speedmart,Tier 1,9.7
ChIJDfHgIcrJzTERo6tsNuWDtHE,Richiamo Mart Bangi,"LOT G-08, PLAZA BANGI PERDANA, Jalan Gerbang Wawasan 1, Seksyen 15",Bandar Baru Bangi,2.9317616,101.7648811,3.9,11,03-8912 2420,Convenience,Conv - Indie mart,Tier 1,9.69
ChIJoahi-xSxzTER92Ec_CfezXw,99 Speedmart 3619 Pusat Perniagaan Maya,No: B-01-03 & B-01-03A (Ground Floor Pusat Perniagaan Maya Jalan Cove Sentral 1 Bandar Gamuda Cove,Banting,2.8933294,101.6112179,4.4,8,03-3362 6863,Convenience,Conv - 99 Speedmart,Tier 1,9.67
ChIJ3zEzydezzTERjetxs44CF64,ALSANIMART,Jalan Haji Abu Bakar,Shah Alam,2.9625244,101.5389121,4.4,8,016-681 6813,Convenience,Conv - Indie mart,Tier 1,9.67
ChIJ1XUUDPHLzTERpeevNcUlwss,"KK SUPER MART Reko, Kajang (RKJ)","4-G, Jalan Reko Sentral 6, Reko Sentral",Kajang,2.9674964,101.7895491,4.2,9,016-330 8472,Convenience,Conv - KK Mart,Tier 1,9.67
ChIJS8qfXDtDzDERIlOKneH70X8,99 Speedmart 1921 Rawang 2,"Ground Floor, No : 97 & 98, Jalan Welman",Rawang,3.3220511,101.5745155,4.2,9,03-3362 6863,Convenience,Conv - 99 Speedmart,Tier 1,9.67
ChIJIQvOwottzDERMa8ACSOW9ok,99 Speedmart 2775 Taman Keruing,"79 & 81 (Ground Floor, No:, Jalan Keruing 2A/2A, Taman Keruing",Rasa,3.4954438,101.6275378,4.2,9,03-3362 6863,Convenience,Conv - 99 Speedmart,Tier 1,9.67
ChIJN8_sJVSzzTERNu2MlnWLFJ4,99 Speedmart 1075 Puchong Indah,"No.23 & 25(Ground Floor, Jalan Indah 3/1, Taman Puchong Indah",Puchong,3.0132146,101.6034273,3.4,16,03-3362 6863,Convenience,Conv - 99 Speedmart,Tier 1,9.63
ChIJNdaSyS9VzDEROgXla7ValpU,99 Speedmart 2416 Rantau Panjang 2,"Ground Floor, No: 2A-B & 4A-B, Jalan Sungai Nibong 14A/KU4, Kampung Rantau Panjang",Klang,3.0686389,101.4166667,3.4,16,03-3362 6863,Convenience,Conv - 99 Speedmart,Tier 1,9.63
ChIJl3OIhXdKzDER8QdRS_NsvHI,KK SUPER MART Desa Petaling (DP),"33 & 35, Jalan 3/125d, Desa Petaling",Kuala Lumpur,3.0829806,101.7048791,2.5,46,016-330 8137,Convenience,Conv - KK Mart,Tier 1,9.63
ChIJ14t9vj9LzDER9DFCfeDgIPI,99 Speedmart 1368 PJ Section 14,"No: 17, Jalan 14/20, Seksyen 14",Petaling Jaya,3.1096804,101.6362408,3.4,16,03-3362 6863,Convenience,Conv - 99 Speedmart,Tier 1,9.63
ChIJ5-jU_6E3zDEROrcZRqgf3Vk,99 Speedmart 2366 Taman Keramat,"No: 9 (Ground Floor), Jalan AU 2A/17, Taman Keramat, Hulu Kelang",Ampang,3.1718688,101.7510052,3.4,16,03-3362 6863,Convenience,Conv - 99 Speedmart,Tier 1,9.63
ChIJOQndUHpHzDERh7p9dD6B9H0,99 Speedmart 1610 Taman Sri Gombak 4,"Ground Floor, No: 52, Jalan SG 1/5, Taman Sri Gombak",Batu Caves,3.237286,101.6976962,3.4,16,03-3362 6863,Convenience,Conv - 99 Speedmart,Tier 1,9.63
ChIJ8yG_-AXEzTERhOnW37oLxYA,kedai kolam apartment,Taman Nilai Perdana,Nilai,2.8025776,101.8092721,4.0,10,,Super/Groceries,Super - Generic kedai,Tier 1,9.59
ChIJfUgc1V4wzDERFAISUdC1B80,99 Speedmart 1626 Taman Impian Warisan,"Ground Floor, A-G-04, 05 & 06, Jalan Impian Warisan 3, Taman Impian Warisan",Hulu Langat,3.16463,101.8466963,3.2,19,03-3362 6863,Convenience,Conv - 99 Speedmart,Tier 1,9.59
ChIJj5p_f5VDzDERUAO9wQgnULI,99 Speedmart 1396 Taman Rawang Mutiara,"No: C6 & C7, Jalan Rawang Mutiara 2, Taman Rawang Mutiara 48000 Rawang",Selangor Darul Khusus,3.3273149,101.5796164,4.0,10,03-3362 6863,Convenience,Conv - 99 Speedmart,Tier 1,9.59
ChIJJTQZStWlzjERfNLfvL74DAI,99 Speedmart 2047 (PH) Lanchang,"No: 11 & 13 (Ground Floor), Jalan Lanchang Indah, Taman Lanchang Indah",Lanchang,3.4996111,102.1902222,4.0,10,03-3362 6863,Convenience,Conv - 99 Speedmart,Tier 1,9.59
ChIJebdqEAu5zTER5QnwhY6NMTA,99 Speedmart 2307 Taman Saujana KLIA,"Ground Floor, No: 12A & 16, Jalan Saujana KLIA 1/B, Taman Saujana KLIA",Sepang,2.8191355,101.6893071,3.1,21,03-3362 6863,Convenience,Conv - 99 Speedmart,Tier 1,9.58
ChIJabDkP4pIzDERkSIaflgV3lY,KK Super Mart Solaris Mont Kiara (SMK),"No3, Block A Jalan Solaris Mont Kiara, Solaris Mont Kiara",Kuala Lumpur,3.1744525,101.6596478,3.1,21,016-249 8308,Convenience,Conv - KK Mart,Tier 1,9.58
ChIJpWalFUXPzTERoEMy0yWAp1g,Rinching Mart,"741A, DEPAN BALAIRAYA, Kampung Rinching Hilir",Kajang,2.9016644,101.8121552,4.6,7,019-904 0721,Convenience,Conv - Indie mart,Tier 1,9.57
ChIJHaSTiz61zTERKc9Mv1jUXwc,99 Speedmart 3211 Taman Myra Meranti,"No: 11 & 12 (Ground Floor, Jalan MM 1, Taman Myra Meranti",Puchong,2.9677032,101.6422256,4.6,7,03-3362 6863,Convenience,Conv - 99 Speedmart,Tier 1,9.57
ChIJ0dbCZ-NCzDERErhl3Bj1Vpg,Uma Rani Grocers,"10, Jalan KE 5/1, Kota Emerald",Rawang,3.3203659,101.556789,4.6,7,03-6736 1002,Convenience,Conv - Sundry/grocer,Tier 1,9.57
ChIJcw2Gvp70zDERuOOSSYYpzcg,CAFé by 7-Eleven Bandar Melawati (456),"38, Jalan Melati 3/1, Bandar Melawati",Kuala Selangor,3.330142,101.256827,3.3,17,,Hyper,Hyper - Other regional chain,Tier 1,9.54
ChIJL1gWDlrpzTER-jhXh3bUl1E,99 Speedmart 2450 (NS) Suriaman Biz,No: 1265 & 1266 (Ground Floor Jalan Suriaman Biz 1,Bandar Sri Sendayan,2.6998051,101.858321,3.6,13,03-3362 6863,Convenience,Conv - 99 Speedmart,Tier 1,9.5
ChIJk591MgGvzTERdG2-UQc8Ntc,99 Speedmart 1742 Taman Jaya Utama,"No 54 & 56 (Ground Floor, Jalan Utama 55, Taman Jaya Utama",Telok Panglima Garang,2.9135,101.4758611,3.6,13,03-3362 6863,Convenience,Conv - 99 Speedmart,Tier 1,9.5
ChIJB7NI9oQ0zDERwKfn_aeuT2o,99 Speedmart 1453 Bandar Mahkota Cheras 2,"Sek 3, Bdr, No: 1(Ground Floor, Jalan Pahlawan 4/3, Bandar Mahkota Cheras",Kajang,3.064258,101.7903133,3.6,13,03-3362 6863,Convenience,Conv - 99 Speedmart,Tier 1,9.5
ChIJzZ88VaPnzTERAj_LYUrFe_M,99 Speedmart 1682 (NS) Bukit Chedang,"Ground Floor, No: 20 & 22, Jalan Belida 11, Taman Bukit Chedang",Seremban,2.6939507,101.9233119,3.7,12,03-3362 6863,Convenience,Conv - 99 Speedmart,Tier 1,9.49
ChIJE0HO0DytzTERRzFkhcTQTQQ,GT Mart Taman Sentosa,"No. 6 & 8, Lorong Dato Yusof Shahbudin 29B, Taman Sentosa",Klang,3.0093732,101.4655831,3.7,12,03-3292 8822,Convenience,Conv - Indie mart,Tier 1,9.49
ChIJsevD4pvKzTERmAo7z4masLo,KK Supermart Sri Serdang SSD,"28 G, Jalan 18/34, Taman Sri Serdang",Seri Kembangan,3.0085279,101.7130859,3.7,12,016-330 8115,Convenience,Conv - KK Mart,Tier 1,9.49
ChIJFXDtFVWpzjER-V2yJ1zmefY,KEDAI RUNCIT OREN MAJU,"Jalan Felda Lakum, Felda Lakum",Lanchang,3.5317496,102.0786619,4.3,8,013-606 5609,Hyper,Hyper - Other regional chain,Tier 1,9.45
ChIJbYrP1fHJzTERZDIHO2kdjDU,99 Speedmart 1996 Putrajaya Precint 15,"No : 2 & 4 (Ground Floor P15, Jalan Diplomatik, Presint 15",Putrajaya,2.9451413,101.7213626,3.1,20,03-3362 6863,Convenience,Conv - 99 Speedmart,Tier 1,9.44
ChIJbdS7dm6zzTERW6Iq7w_oMWc,99 Speedmart 1147 Taman Sri Kemuning,"No.2, Jalan Sungai Pelubung, 32/R, Taman Sri Kemuning, Seksyen 32",Shah Alam,3.0163753,101.5298322,4.1,9,03-3362 6863,Convenience,Conv - 99 Speedmart,Tier 1,9.44
ChIJ6aHZDOVLzDERcsztom4ZuB0,99 Speedmart 2605 - Taman Kinrara,"No: 72 & 74 (Ground Floor Jalan TK 1/1, Batu 7, Jalan Puchong, Taman Kinrara",Puchong,3.0667141,101.6502318,4.1,9,03-3362 6863,Convenience,Conv - 99 Speedmart,Tier 1,9.44
ChIJX7hNU4pRzDERzpiu3BGAEVI,99 Speedmart 1007 Pekan Meru 1,"9366-9368, Jalan Besar, Pekan Meru",Klang,3.1325121,101.4402082,4.1,9,03-3362 6863,Convenience,Conv - 99 Speedmart,Tier 1,9.44
ChIJjwD-RsFTzDERuiWSS-ZYBps,99 Speedmart 1413 Setia Alam 2,"No: 27 & 29 (GF, Jalan Setia Indah X U13/X, Bandar Setia Alam",Shah Alam,3.0988051,101.4614873,3.1,20,03-3362 6863,Convenience,Conv - 99 Speedmart,Tier 1,9.44
ChIJ03mj16dRzDER4XrJSHuU3J8,99 Speedmart 1701 Alam Budiman,"No: 42 & 44 (Ground Floor), Jalan Q U 10/Q, Seksyen, U10 Shah Alam",Shah Alam,3.1439634,101.4816976,3.0,22,03-3362 6863,Convenience,Conv - 99 Speedmart,Tier 1,9.41
ChIJ9Xi8epe4zTERrsFrWtnKNyk,99 Speedmart 1927 Kota Warisan 2 KIP Sentral Sepang,"Ground Floor, KIP Sentral, No :131, Jalan Warisan Sentral 2, Kota Warisan",Sepang,2.821038,101.6948369,2.7,31,03-3362 6863,Convenience,Conv - 99 Speedmart,Tier 1,9.36
ChIJZ9HXFuStzTERt7PbyliRlHs,99 Speedmart 2165 Taman Setia Klang,"Ground Floor, No: 7 & 9, Lorong Setia 1a, Taman Johan Setia",Klang,2.9788954,101.4824017,3.3,16,03-3362 6863,Convenience,Conv - 99 Speedmart,Tier 1,9.35
ChIJZ91yYfXPzTERdnLc_tuZY1s,99 Speedmart 1280 Bandar Tasik Kesuma,"No: 20, Jalan Kesuma 3/3, Bandar Tasik Kesuma",Beranang,2.9067017,101.8647323,3.9,10,03-3362 6863,Convenience,Conv - 99 Speedmart,Tier 1,9.35
ChIJB2u10ZHLzTERD_gi_d5D0kU,"99 Speedmart 1306 Bangi, Sek 8","No: 36, Jalan Medan Pusat 2c",Bandar Baru Bangi,2.9633054,101.7536014,3.9,10,03-3362 6863,Convenience,Conv - 99 Speedmart,Tier 1,9.35
ChIJy_RGo_JtzDERWdtXX7NG9UA,99 Speedmart 1581 Taman Rasa Indah,"Ground Floor, No: 11 & 13, Jalan Damar 1, Taman Rasa Indah",Rasa,3.4984735,101.6372213,3.3,16,03-3362 6863,Convenience,Conv - 99 Speedmart,Tier 1,9.35
ChIJw8WunSBDzDERebeBfGcr5xk,99 Speedmart 3653 Dataran Suria,"No: 31-1 & 33-1 (Ground Floor, Jalan Dataran Suria 15/8/4, Seksyen 15",Puncak Alam,3.2354055,101.4115638,4.8,6,03-3362 6863,Convenience,Conv - 99 Speedmart,Tier 1,9.34
ChIJ4xCQywWxzTERYq8xFy9xBaM,99 Speedmart 2067 BSP 21,"No: S-G-03 & S-G-04 (Ground Floor), BSP, 21, Jalan SP 8/6, Bandar Saujana Putra",Jenjarom,2.9435267,101.5882459,3.1,19,03-3362 6863,Convenience,Conv - 99 Speedmart,Tier 1,9.29
ChIJLYbZQAfLzTERV5PoYj5E3Ps,99 Speedmart 1578 Jade Hills,"No: 10 (Ground Floor), Jalan Jade Hills Utama 1/1, Commerce Village, Jade Hills",Kajang,2.9946233,101.7591519,3.1,19,03-3362 6863,Convenience,Conv - 99 Speedmart,Tier 1,9.29
ChIJp0bNxeXhzTER5qAZfQHfb7E,99 Speedmart 1666 (NS) Senawang Jaya,"Ground Floor, No: 19 & 20, Jalan MSJ 1, Medan Perniagaan Senawang Jaya",Seremban,2.68809,101.98673,3.0,21,03-3362 6863,Convenience,Conv - 99 Speedmart,Tier 1,9.27
ChIJO2ZfvW6zzTERyi4MB8aj1xM,KK Super Mart Puchong Permai (PPE),"22 & 23, Jalan Puchong Permai 2, Taman Puchong Permai",Puchong,3.0095618,101.5994778,3.0,21,016-330 8071,Convenience,Conv - KK Mart,Tier 1,9.27
ChIJG1C9obVDzDER1DnI2uQX-D4,99 Speedmart 1244 Bandar Country Homes,"Ground Floor, No: 26 & 28, Jalan Pusat Bch 1/3, Bandar Country Homes",Rawang,3.3250824,101.5250827,3.2,17,03-3362 6863,Convenience,Conv - 99 Speedmart,Tier 1,9.25
ChIJNWmuzlBszDERUzHTBKoX_N4,7-Eleven,"51, Jalan Meranti 2b, Bandar Baru",Batang Kali,3.4596289,101.6552368,3.5,13,03-6057 3951,Hyper,Hyper - Other regional chain,Tier 1,9.24
ChIJvxl5kiPJzTERQesNeFbuySs,99 Speedmart 2305 Taman Bangi Permai,"Ground Floor, No: 10 & 11, Jalan Permai 1, Taman Bangi Permai",Kajang,2.9009456,101.7813818,3.5,13,03-3362 6863,Convenience,Conv - 99 Speedmart,Tier 1,9.24
ChIJZ4aIELTLzTER_4PtwEbsTRk,99 Speedmart 1411 Taman Sri Kenari,"B1-01-02, Jalan Sri Kenari 12, Taman Sri Kenari, Sungai Chua",Kajang,2.9927315,101.7684204,3.5,13,03-3362 6863,Convenience,Conv - 99 Speedmart,Tier 1,9.24
ChIJyYr2XZVPzDERYRPFk0QO310,"99 Speedmart 1200 Jln Cecawi 6/33, Kota Damansara","No: 1 & 3, Jalan Cecawi 6/33, Seksyen 6 Kota Damansara",Petaling Jaya,3.161383,101.5813532,3.5,13,03-3362 6863,Convenience,Conv - 99 Speedmart,Tier 1,9.24
ChIJ6-_j_2bMzTERhCjzC6VFDqg,Pasar Mini Hing Soon,"No. 5, Jalan Asa 7, Taman Asa Jaya",Kajang,2.98647,101.8176761,3.6,12,03-8736 3251,Super/Groceries,Super - Independent local,Tier 1,9.23
ChIJz3KbJwA1zDERtxqs8R9YbDs,Homes Fresh Grocer Permaisuri,"18, Jalan Tasik Permaisuri 2, Bandar Tun Razak",Kuala Lumpur,3.1009543,101.7172495,3.6,12,012-689 2605,Super/Groceries,Super - Sundry/grocer,Tier 1,9.23
ChIJARTKbiu5zTER5F_7-1NZPBk,99 Speedmart 1457 Taman Langat Utama,"No : 149 & 151, Jln LU 2/2, Tmn Langat Utama, Kampung Bukit Changgang",Banting,2.800433,101.656563,3.6,12,03-3362 6863,Convenience,Conv - 99 Speedmart,Tier 1,9.23
ChIJDVSECnI5zDER1GEARLJDtI0,99 Speedmart 3137 Taman Melawati 3,"No: 24 (Ground Floor, Jalan E 1, Taman Melawati",Kuala Lumpur,3.2218516,101.740802,3.6,12,03-3362 6863,Convenience,Conv - 99 Speedmart,Tier 1,9.23
ChIJa13rmzrPzTERQZj3diN8Gvw,"KK SUPER MART Bangi, Seksyen 4 (BS4)","No. 18, Jalan BM 4/1 Bandar Bukit Mahkota Seksyen 4 43000",Bangi,2.8809302,101.8084853,3.4,14,010-235 6308,Convenience,Conv - KK Mart,Tier 1,9.21
ChIJQX-zSqe2zTER05MVQ8y1iU4,Desa Meranti Mini Mart,Kampung Pulau Meranti,Puchong,2.9544938,101.6328323,4.0,9,019-690 8318,Convenience,Conv - Mini-mart,Tier 1,9.21
ChIJkyF6jbqyzTERfLHgIZWI3ZI,99 Speedmart 1693 Sri Muda 3,"Ground Floor, TMN Sri Muda, No: 23, Jalan Dermawan 25/89, Seksyen 25",Shah Alam,3.0243926,101.5382175,4.0,9,03-3362 6863,Convenience,Conv - 99 Speedmart,Tier 1,9.21
ChIJIZGy70pJzDERaYxeL0s03fw,Hungry People Online Food Mart,"No. 14G, Jalan SS 21/39, Damansara Utama",Petaling Jaya,2.9948076,101.5151628,4.0,9,016-476 0668,Convenience,Conv - Indie mart,Tier 1,9.21
ChIJox6ZtKRLzDERhbGQrIyh510,99 Speedmart 3122 PPA1M Bukit Jalil,"No: G-01 (Ground Floor, PPA1M Bukit Jalil, Lebuhraya Bukit Jalil, Bukit Jalil",Kuala Lumpur,3.0546343,101.6963077,4.0,9,03-3362 6863,Convenience,Conv - 99 Speedmart,Tier 1,9.21
ChIJqTtalrhWzDERzkbmp_Dyevg,99 Speedmart 1124 Taman Meru Indah,"No: 39A, Jalan Meru Indah 1, Taman Meru Indah",Kapar,3.1357987,101.4178242,3.4,14,03-3362 6863,Convenience,Conv - 99 Speedmart,Tier 1,9.21
ChIJzwNWvdtPzDERXaoCKroozcM,99 Speedmart 1299 Subang Permai,"No: 1, Jalan Alfa F U6/F, Pusat Perdagangan Subang Permai",Shah Alam,3.139048,101.526154,4.0,9,03-3362 6863,Convenience,Conv - 99 Speedmart,Tier 1,9.21
ChIJ9fU2Okr5zDERwaFUDWMNKYQ,99 Speedmart 1497 Jalan Kapar Batu 13,"No: 58 (Ground Floor), Lorong Sungai Serdang Permai 1, Jalan Kapar Batu 13, Taman Sungai Serdang Permai",Kapar,3.1554615,101.3321972,4.0,9,03-3362 6863,Convenience,Conv - 99 Speedmart,Tier 1,9.21
ChIJWT3LyKk3zDERm9f1UF-Kymk,KK SUPER MART Ampang Point Mamanda (APM),"53, Jalan Memanda 9, Ampang Point",Ampang,3.1590114,101.7517407,3.4,14,016-330 8057,Convenience,Conv - KK Mart,Tier 1,9.21
ChIJA56IaiutzTERgTdpaAEzDNs,99 Speedmart 2241 Bandar Botanik 5,"Ground Floor, No 12 & 14, Jalan Resak 1/KS7, Bandar Botanik",Klang,2.9964356,101.4612753,3.7,11,03-3362 6863,Convenience,Conv - 99 Speedmart,Tier 1,9.19
ChIJUZbLpCRIzDERLjEaZo0tfwA,Kedai Ubat Chee Seng Medicine Shop,"378, Jalan Raja Laut, Chow Kit",Kuala Lumpur,3.165597,101.69643,4.7,6,012-662 2138,Super/Groceries,Super - Generic kedai,Tier 1,9.15
ChIJ9cpOoaY5zDERIKw0Rvh-CSk,Banadir Mini Mart,"No. 5, 42, Jalan Taman Ibu Kota, Medan Idaman Business Centre",Kuala Lumpur,3.212243,101.7125046,4.4,7,011-6083 4942,Super/Groceries,Super - Indie retail,Tier 1,9.15
ChIJORcXEAs4zDERgzp7r2fIl1A,Bandar Aden Global (kedai runcit),"13, Idaman Sutera Condominium, Shop No.1, 21 D, Jalan Meranti, Medan Idaman",Kuala Lumpur,3.2084453,101.7105556,4.4,7,018-397 6371,Super/Groceries,Super - Sundry/grocer,Tier 1,9.15
ChIJR_yTRmbLzTERmz0BSAcR2j8,"99 Speedmart 3662 Residence Mirai, Kajang 2","2, Residensi Meriah, No: 1-26 (Ground Floor Blok D, Persiaran Kajang 2",Kajang,2.9620316,101.7970703,4.7,6,03-3362 6863,Convenience,Conv - 99 Speedmart,Tier 1,9.15
ChIJD4lMG5JRzDERV-8zEmTv-AU,99 Speedmart 1295 Taman Desa Permai,"22 & 26 (Ground Floor, No:, 2, Jalan Meranti Putih, Taman Desa Permai",Klang,3.147949,101.4380906,3.3,15,03-3362 6863,Convenience,Conv - 99 Speedmart,Tier 1,9.15
ChIJRS0yx69DzDERBaDgvLEBtdY,99 Speedmart 2321 Taman Desa Mas,"Ground Floor, No: 36, Jalan DM 5/1, Taman Desa Mas",Rawang,3.3386694,101.526456,3.3,15,03-3362 6863,Convenience,Conv - 99 Speedmart,Tier 1,9.15
ChIJX_mgsp7hzTERLgbljwHykNw,99 Speedmart 1992 (NS) Taman Seremban Jaya 3,"Ground Floor, No : 529, Jalan SJ 9/1, Taman Seremban Jaya",Seremban,2.6706596,101.9826606,3.8,10,03-3362 6863,Super/Groceries,Super - 99 Speedmart,Tier 1,9.11
ChIJz985hrXLzTER-w1hq19A0rU,99 Speedmart 1263 Pusat Hentian Kajang,"No: 17 & 19, Jalan Hentian 3, Off, Jalan TB 1/1, Pusat Hentian Kajang",Kajang,2.9577894,101.7916078,3.8,10,03-3362 6863,Convenience,Conv - 99 Speedmart,Tier 1,9.11
ChIJJRt4rtVDzDERIjDGTQD97Qk,99 Speedmart 3140 Gaia Boulevard,"No: 13A & 15 (Ground Floor, Gaia Boulevard, Bandar Rawang Gamuda Gardens",Rawang,3.2826189,101.5419368,3.8,10,03-3362 6863,Convenience,Conv - 99 Speedmart,Tier 1,9.11
ChIJ3c7sl3THzTERKp4Fsh8utj0,99 Speedmart 2384 Taman Salak Perdana,"No: 70 & 72 (Ground Floor), Jalan Belian 1, Taman, Jalan Salak Perdana, Bandar Baru Salak Tinggi",Sepang,2.8378232,101.7257595,4.1,8,03-3362 6863,Convenience,Conv - 99 Speedmart,Tier 1,9.01
ChIJMbN0ponJzTERjvZ3pfIZp4c,99 Speedmart 2554 Bangi Sek 3 (2),No: 24 & 26 (Ground Floor Jalan 3/7 Bangi Perdana Sek 3 Bandar Baru Bangi,Bangi,2.9473469,101.7805423,4.1,8,03-3362 6863,Convenience,Conv - 99 Speedmart,Tier 1,9.01
ChIJoYRlyuY3zDERvkfB3_gtQKQ,"KK Super Mart Ampang, Hulu Kelang (AHK)","No. 53G, Jalan Awan, Kampung Kuala Ampang",Ampang,3.165892,101.7489112,4.1,8,,Convenience,Conv - KK Mart,Tier 1,9.01
ChIJteF3JxtVzDERO3EoU1UDfEY,99 Speedmart 1042 Teluk Pulai,"61 & 63, Jalan Teluk Pulai, Kawasan 7",Klang,3.0422917,101.4285205,3.0,19,03-3362 6863,Convenience,Conv - 99 Speedmart,Tier 1,8.99
ChIJ19D1HXVFzDER6s3gwCC_3kI,Syarikat Perniagaan Maju,"No. 516, Jalan Perusahaan 3, Bandar Baru Sungai Buloh",Sungai Buloh,3.2095365,101.5673579,3.9,9,03-6156 2185,Super/Groceries,Super - Indie retail,Tier 1,8.98
ChIJReYo8dY3zDERXWwVOhzt0kg,V3 KLCC Mart,"6-1, Vortex Suites @ KLCC, 12, Jalan Sultan Ismail, City Centre",Kuala Lumpur,3.1546913,101.7072567,3.9,9,011-3330 9252,Super/Groceries,Super - Indie retail,Tier 1,8.98
ChIJXTnbA-fPzTERhmQGAfTpdCg,ECONSAVE Mart Bandar Tasik Kesuma,Bandar Sri Kesuma,Semenyih,2.9061782,101.8647273,3.9,9,,Convenience,Conv - Indie mart,Tier 1,8.98
ChIJGUBeOFKrzTERNhNwf8i2si8,99 Speedmart 1195 Port Klang 2,"38 & 40, Jalan Sungai Aur",Pelabuhan Klang,2.9995115,101.3966361,3.9,9,03-3362 6863,Convenience,Conv - 99 Speedmart,Tier 1,8.98
ChIJi_-1MAFJzDER4iztV37zvTU,99 Speedmart 3453 PJ Midtown,"No: LG-16 (Ground Floor, PJ Midtown, Jalan Kemajuan, Seksyen 13",Petaling Jaya,3.1137753,101.6398976,3.9,9,03-3362 6863,Convenience,Conv - 99 Speedmart,Tier 1,8.98
ChIJz5PMCiJHzDERdGpLIfhLMPU,99 Speedmart 1340 Taman Sri Batu Caves,"No: 108 & 110 (GF, Jalan Sbc 3, Taman Sri Batu Caves",Batu Caves,3.2346876,101.6877199,3.9,9,03-3362 6863,Convenience,Conv - 99 Speedmart,Tier 1,8.98
ChIJU-t6sI5KzDERqrTtYaKJOgo,Pasar Mini Faa,"63, Jalan Radin Anum 1, Bandar Baru Sri Petaling",Kuala Lumpur,3.067433,101.690634,5.0,5,,Super/Groceries,Super - Independent local,Tier 1,8.96
ChIJZ58__IY3zDERveARxBqQ1x0,NJ BEST QUALITY SDN BHD,"2, no 15, 2, Jalan Pandan 2/2, Pandan Jaya",Kuala Lumpur,3.1344178,101.7395034,5.0,5,03-9202 2253,Super/Groceries,Super - Indie retail,Tier 1,8.96
ChIJmQ0Iml5HzDERDKKvaL5X2KM,旺角超市 WANGJIAO SUPERMARKET,"E-8-G，Desa Kepong’Gi, Jalan Rimbunan Teratai 2, Kepong 52100 Kuala Lumpur, Kepong gi",Kepong,3.218959,101.6464935,5.0,5,012-312 7899,Super/Groceries,Super - Independent local,Tier 1,8.96
ChIJyWo6xvMDzDER1RQhSbRDbx4,Kedai Pernama PN16800,Bentong,"Kuala Lumpur, Petaling Jaya, Shah Alam, Klang, Subang Jaya, Cheras, Ampang, Cyberjaya, Putrajaya, Kajang, 68100 Selayang, Damansara",3.5357224,102.0268402,5.0,5,09-280 3340,Hyper,Hyper - Other regional chain,Tier 1,8.96
ChIJVXgtXE_ozTER5ZCZEApfLac,Break-Time Mart,"Persiaran Metro Sendayan 1, Bandar Sri Sendayan, Kampong Felda Sendayan",Siliau,2.6933665,101.8545492,5.0,5,,Convenience,Conv - Indie mart,Tier 1,8.96
ChIJq6qqqm7dzTEREB5Xw9vCIK4,Saigon New Mart,"39, Jalan MPK 4",Seremban,2.7138701,101.9124771,5.0,5,013-523 4566,Convenience,Conv - Indie mart,Tier 1,8.96
ChIJyZflVmq5zTERS6AA8u9CW2w,99 Speedmart 2610 Taman Ambar,"No: 27 (Ground Floor, Jalan Ambar 1, Taman Ambar",Dengkil,2.8494223,101.6499789,3.1,17,03-3362 6863,Convenience,Conv - 99 Speedmart,Tier 1,8.96
ChIJ6TuxNpOvzTERLrRBprgiomo,AZ Zain Mart,"19, Jalan Pahlawan 1, Taman Pahlawan",Telok Panglima Garang,2.9127507,101.4795125,5.0,5,,Convenience,Conv - Indie mart,Tier 1,8.96
ChIJWamlj863zTER59eQGF6pvu8,Eco Fresh Mart Cristal Residence,Jalan Fauna 1,Cyberjaya,2.9185356,101.6465645,5.0,5,011-5000 9911,Convenience,Conv - Indie mart,Tier 1,8.96
ChIJIQnaxVi1zTERct_C-ThZZYk,99 Speedmart 3048,"No : 37 (Ground Floor, Jalan SP 3/1, Taman Saujana Puchong",Puchong,2.9925369,101.6381612,5.0,5,03-3362 6863,Convenience,Conv - 99 Speedmart,Tier 1,8.96
ChIJf_IVMgBLzDERsE0IrlPPjzw,I Smart Grocer,"NO 5, JALAN PRIMA 7/2, Taman Puchong Prima",Puchong,2.9990842,101.596659,5.0,5,017-719 1306,Convenience,Conv - Sundry/grocer,Tier 1,8.96
ChIJxz9MAV21zTERNspTDNGk84M,QQ Mart,"38, Jalan PSK 10, Pusat Perdagangan Seri Kembangan",Seri Kembangan,3.0159804,101.6979954,5.0,5,,Convenience,Conv - Indie mart,Tier 1,8.96
ChIJNQpVT1q1zTERY8JkhxODkL0,KK Supermart Bukit Serdang BSD,"20-1, Jalan BS 4/1, Taman Bukit Serdang",Seri Kembangan,3.0211669,101.699601,3.1,17,016-330 8087,Convenience,Conv - KK Mart,Tier 1,8.96
ChIJN9pIb27LzTERCrMgjzT7I_w,RS7 MART,"Lot1, Ground Floor, Residensi Sutera 7, Taman Sutera",Kajang,3.0094304,101.7674821,5.0,5,018-242 2959,Convenience,Conv - Indie mart,Tier 1,8.96
ChIJ2WbuDN1TzDERouOe30zplG8,Fanaboy Mart (KEDAI RM2 KEATAS),"21, Jalan Harmoni 1A/KU3, Kristal Klang Commercial Centre",Klang,3.0695073,101.4342416,5.0,5,017-258 7553,Convenience,Conv - Indie mart,Tier 1,8.96
ChIJvzOVV5JTzDEROPqXe4BAEeI,99 Speedmart 2837 Taman Intan,"77 & 79 (Ground Floor, No:, Jalan Batai Laut 3, Taman Intan",Klang,3.0571713,101.4740252,5.0,5,03-3362 6863,Convenience,Conv - 99 Speedmart,Tier 1,8.96
ChIJjf0_yiw1zDERoJdPfusEqxU,99 Speedmart 1270 Taman Tun Perak,"No: 1-1(G, Jalan Tun Perak 1, Taman Tun Perak",Cheras,3.0623367,101.7587208,2.9,21,03-3362 6863,Convenience,Conv - 99 Speedmart,Tier 1,8.96
ChIJjUsWJX5FzDERbPcQsl8Hkjk,AGROBEST SPEED MART,"U20, 2366-2367, Jalan 1A/3 Seksyen, Bandar Baru Sungai Buloh",Shah Alam,3.2107872,101.5654664,5.0,5,016-332 4807,Convenience,Conv - Indie mart,Tier 1,8.96
ChIJnfBhTe1HzDERsOm0GIJKpRI,"99 Speedmart 1174 Permata Magna, Kepong","No:17 & 19(G), Permata Magna, Jalan Metro 2, Off, Jalan Kepong",Kuala Lumpur,3.21294,101.636932,3.1,17,03-3362 6863,Convenience,Conv - 99 Speedmart,Tier 1,8.96
ChIJGbwKawI1zDERlyeInZ6kyAw,"KK SUPER MART Cheras, Taman Rasa Sayang (CRS)","a3, 1-12, Jalan Prima 1, Taman Rasa Sayang",Cheras,3.0730362,101.7587669,3.6,11,016-330 8003,Convenience,Conv - KK Mart,Tier 1,8.95
ChIJAz--NYZUzDERhCkG60ztrX4,Forty Nine Quick Mart,"188B (Ground Floor), Jalan Sungai Putus, Off Jalan Batu Belah, Klang, 41050, Klang",Selangor,3.0705293,101.4415167,4.3,7,03-3343 6792,Super/Groceries,Super - Indie retail,Tier 1,8.94
ChIJs-IKol5KzDERSUNzqdES4Uw,99 Speedmart 1671 • Taman Bukit Indah,"Ground Floor, No: 14 & 16, Jalan Lazat 2, Taman Bukit Indah",Kuala Lumpur,3.0778116,101.6805675,3.3,14,03-3362 6863,Super/Groceries,Super - 99 Speedmart,Tier 1,8.94
ChIJZcmUGQ_LzTER9dJNfse6Axg,99 Speedmart 3293 Dataran Jade 2 (1),"No: 5 & 6 (Ground Floor Jalan Dataran Jade 2, 1, Dataran Jade 2, Jade Hills",Kajang,2.9980859,101.7488417,4.3,7,03-3362 6863,Convenience,Conv - 99 Speedmart,Tier 1,8.94
ChIJ18FI73w1zDERNoxxrj_Dm-E,KK SUPER MART Pekan Sungai Besi (PSB),"15, Jalan Pejabat Pos, Pekan Sungai Besi",Kuala Lumpur,3.0643844,101.7104462,4.3,7,016-330 8307,Convenience,Conv - KK Mart,Tier 1,8.94
ChIJqSvzbMdWzDERIeU0r7_ear0,KK Super Mart Jalan Meru Setia • JMS,"11, Jalan Meru Setia 1, Taman Sri Saujana, Off Persiaran Hamzah Alang, Meru Setia",Klang,3.1358977,101.4188733,3.3,14,016-330 8004,Convenience,Conv - KK Mart,Tier 1,8.94
ChIJdYTVCtFJzDERK9kKU3zreOQ,KK Super Mart (JCL2),"27, Jalan Tun Tan Cheng Lock, City Centre",Kuala Lumpur,3.1452792,101.698367,3.3,14,016-330 8257,Convenience,Conv - KK Mart,Tier 1,8.94
ChIJYxlh2D1tzDERPzA5d-N3vz8,"KK SUPER MART Batang Kali, Jalan Meranti (BKM)","49G, Jalan Meranti 2b, Seksyen 3 Bandar Utama Batang Kali",Batang Kali,3.459535,101.655177,3.3,14,,Convenience,Conv - KK Mart,Tier 1,8.94
ChIJUwZ6xjBPzDERNbervLjVKxY,KK Super Mart Damansara Perdana (DPN),"1 - 1, Jalan PJU 8/5F, Bandar Damansara Perdana, Perdana Business Centre",Petaling Jaya,3.1665293,101.606186,2.7,26,016-330 8068,Convenience,Conv - KK Mart,Tier 1,8.9
ChIJPUHg5R_JzTERb5t9mjZfJxQ,99 Speedmart 2473 Bangi Sek 1,"No: 4 & 5 Ground Floor Jalan Seksyen 1/4, Seksyen 1 Bandar Baru Bangi",Bandar Baru Bangi,2.9439521,101.7693077,3.7,10,03-3362 6863,Convenience,Conv - 99 Speedmart,Tier 1,8.87
ChIJ9Ztt6Zi1zTER9-uR80MtA8A,99 Speedmart 1114 Taman Wawasan Puchong,"No.40, 42 & 44, Jalan Wawasan 5/2, Pusat Bandar Puchong",Puchong,3.0253561,101.6282784,3.7,10,03-3362 6863,Convenience,Conv - 99 Speedmart,Tier 1,8.87
ChIJLdK3zhI3zDERKQOX2CmeQ1M,99 Speedmart 1673 Pandan Perdana 3,"Ground Floor, No: 20 & 22, Jalan Perdana 2/3A, Pandan Perdana",Kuala Lumpur,3.1158112,101.7397093,3.2,15,03-3362 6863,Convenience,Conv - 99 Speedmart,Tier 1,8.87
ChIJ3_Nhg0VHzDERkk2iGG7tahg,99 Speedmart 1209 Bandar Baru Selayang,"NO. 4 & 6, Jalan 2/8, Bandar Baru Selayang, 8a, Jalan 2/8, Dataran Templer",Batu Caves,3.2559237,101.6565046,2.9,20,03-3362 6863,Convenience,Conv - 99 Speedmart,Tier 1,8.83
ChIJ26xhH6fFzTER7kybWbQHRwY,99 Speedmart 2925 (NS) Taman Surian,"No: 11 & 12 (Ground Floor, Jalan Surian 11, Taman Surian",Mantin,2.8355536,101.8676388,4.0,8,03-3362 6863,Convenience,Conv - 99 Speedmart,Tier 1,8.79
ChIJ0xBHnunKzTERNE13yejj-8o,KK SUPER MART Taman Putra Budiman (TPB),"22, Jalan Budiman 2/2, Taman Putra Budiman",Seri Kembangan,3.0110639,101.7364856,4.0,8,010-666 3308,Convenience,Conv - KK Mart,Tier 1,8.79
ChIJLz-muZW_zTERHR5ltELRxHo,"KK SUPER MART KLIA Terminal 2, Gateway (GWY2)","Unit L2M-20 & L2M-21, Level 2M, Gateway @ KLIA 2, Terminal KLIA 2, KL International Airport, Jalan KLIA 2/1, KLIA",Sepang,2.7430049,101.6861262,3.1,16,016-330 8219,Convenience,Conv - KK Mart,Tier 1,8.78
ChIJxYgIih_LzTERLfe70AFC8r4,Super 8 Mini Market,"7&8, Block, Flat, 4, Jalan 18/28, Taman Sri Serdang",Seri Kembangan,3.0043413,101.711126,4.5,6,012-378 0424,Super/Groceries,Super - Independent local,Tier 1,8.76
ChIJJU4XZkhFzDER3h_524uy2M8,Pasar Segar Pak Ungku,"Jalan Kuala Selangor, Kampung Sungai Pelong",Shah Alam,3.210516,101.5350384,4.5,6,013-205 4198,Hyper,Hyper - Other regional chain,Tier 1,8.76
ChIJV7VwTtTHzTERM3_DcAvM6A8,Econsave Taman Seroja - Pasar Ekonomi Mart,"5 & No 7, Jalan Seroja 6, Taman Seroja",Sepang,2.828226,101.730498,4.5,6,,Convenience,Conv - Indie mart,Tier 1,8.76
ChIJp9xUnrzIzTERkRNoAUYZ9gQ,99 Speedmart 2103 Bandar Seri Putra 2,"Ground Floor, No: 9 & 10, 11, Jalan Seri Putra 3, Bandar Seri Putra",Kajang,2.886955,101.7807725,4.5,6,03-3362 6863,Convenience,Conv - 99 Speedmart,Tier 1,8.76
ChIJ13GC4vYzzDERxboeFutOm10,KK SUPER MART Hulu Langat (HLG14),"17, Jalan Lagenda Suria 1, Taman Lagenda Suria",Hulu Langat,3.098659,101.801795,4.5,6,016-330 8244,Convenience,Conv - KK Mart,Tier 1,8.76
ChIJLYZYq7XJzTER-PlsL7OgQY4,"KK SUPER MART Kajang, Villa Tropika (KVT)","No.10 Ground Floor, Jalan Villa Tropika 1, Taman, Jalan Villa Tropika",Kajang,2.941045,101.7902919,3.8,9,,Convenience,Conv - KK Mart,Tier 1,8.75
ChIJod4mX2LLzTER2O-FV_jr9Ew,99 Speedmart,"B-G-18, B-G-19 & B-G-20, Blok B, Jalan Cheras Prima 3, Taman Cheras Prima",Kajang,3.0123115,101.766772,3.8,9,03-3362 6863,Convenience,Conv - 99 Speedmart,Tier 1,8.75
ChIJ0-szan5RzDERmr0mWQ36K7g,99 Speedmart 2531 Taman Desa Bukit Delima,"Ground Floor, No: 1 & 3, Jalan 6, Taman Desa Bukit Delima",Kapar,3.1692613,101.4354336,3.8,9,03-3362 6863,Convenience,Conv - 99 Speedmart,Tier 1,8.75
ChIJNbfcF9lGzDERFLo2KGwwy3E,KK Super Mart Bandar Baru Selayang (BBS),"12G, Jalan 2/12, Dataran Templer",Batu Caves,3.2566145,101.6577693,2.5,32,016-330 8051,Convenience,Conv - KK Mart,Tier 1,8.74
ChIJkUb7Jxw1zDERPH9wHISRXb4,KK SUPER MART Taman Dahlia (TBA),"91, Jalan 34/154, Taman Dahlia",Cheras,3.0575078,101.74876,3.4,12,016-330 8195,Convenience,Conv - KK Mart,Tier 1,8.72
ChIJJwxTA8RHzDER-0luPXF27_Y,99 Speedmart 1257 Taman Fadason,"No: 92 & 92A (Ground Floor), Jalan 2/17, Off, Jalan Besar Kepong, Taman Fadason",Kuala Lumpur,3.2157537,101.6531524,3.4,12,03-3362 6863,Convenience,Conv - 99 Speedmart,Tier 1,8.72
ChIJKViqORzEzTERoodDd9mRX2Q,99 Speedmart 1423 (NS) Desa Jasmin,"PT 7527 (GF, Jalan BBN 4/1a, Taman Desa Jasmin",Nilai,2.8111861,101.8017944,3.5,11,03-3362 6863,Convenience,Conv - 99 Speedmart,Tier 1,8.7
ChIJT5YYaYY3zDERNo2vrxHASAI,99 Speedmart 2481 Taman Keramat Permai,"No: 2 (Ground Floor, Jalan AU 1a/4c, Taman Keramat Permai",Kuala Lumpur,3.1770014,101.7380389,3.5,11,03-3362 6863,Convenience,Conv - 99 Speedmart,Tier 1,8.7
ChIJH0VEWaVdzDER_gINF_Q3LXE,99 Speedmart 1322 Bandar Tasik Puteri 1,"No: 7 & 9 (GF), Jalan Hijau 5/1 Bandar Tasik Puteri, Kampung Baru Kundang",Rawang,3.2813199,101.4651075,3.5,11,03-3362 6863,Convenience,Conv - 99 Speedmart,Tier 1,8.7
ChIJw_b3Q5S_zTERSIl-a71CCKs,"myNEWS Terminal KLIA2 (Gate J, Departure)","TERMINAL KLIA2, LOT NO. S1-1A-A07A, JALAN KLIA2",Sepang,2.7436845,101.6865487,2.9,19,03-8778 5798,Hyper,Hyper - Other regional chain,Tier 1,8.69
ChIJzwrqhaI0zDERi80Whp_rfKc,99 Speedmart 1106 Bandar Mahkota Cheras 1,"No.21, Jalan Temenggung 5/9, Seksyen 9 Bandar Mahkota Cheras",Cheras,3.0515167,101.7889509,2.9,19,03-3362 6863,Convenience,Conv - 99 Speedmart,Tier 1,8.69
ChIJiXpzK3GxzTERE7Xd4SNSeUI,99 Speedmart 2389 Bandar Tropicana Aman 1,"Ground Floor, No: 22A & 26, Jalan Aman Sinaria 9, Bandar Tropicana Aman",Telok Panglima Garang,2.9427074,101.528598,3.2,14,03-3362 6863,Convenience,Conv - 99 Speedmart,Tier 1,8.67
ChIJCz-YS19RzDERbp8-tkvSmDQ,Shell,"Hsd 321776, Lot Pt 40303",Persiaran Mokhtar Dahari,3.160902,101.475215,2.6,27,03-3392 1551,Hyper,Hyper - Other regional chain,Tier 1,8.66
ChIJD_8szcJPzDERFIKoP87xS64,99 Speedmart 1134 Kota Damansara,"No: 32, Jalan Pekaka 8/4, Seksyen 8 Kota Damansara",Petaling Jaya,3.175617,101.575249,2.6,27,03-3362 6863,Convenience,Conv - 99 Speedmart,Tier 1,8.66
ChIJV-DcTPU2zDERBqEArHlw9qw,KK SUPER MART Pandan Perdana (PPD),"16, Jalan Perdana 4/8, Pandan Perdana",Kuala Lumpur,3.1208634,101.7430742,3.6,10,016-202 3631,Convenience,Conv - KK Mart,Tier 1,8.63
ChIJh017IRZhzDERlr0agkpAWAI,99 Speedmart 2809 Taman Sri Cahaya,"Ground Floor, No: 26 & 27, Jalan 1, Taman Seri Cahaya",Batang Berjuntai,3.377654,101.3969893,3.6,10,03-3362 6863,Convenience,Conv - 99 Speedmart,Tier 1,8.63
ChIJU6xVQqZtzDERO8ArstZxheY,99 Speedmart 2812 Batang Kali 3,"Perniagaan Jalan Ara, No: 48 (Ground Floor, Jalan Ara 2",Batang Kali,3.4566801,101.6609642,3.6,10,03-3362 6863,Convenience,Conv - 99 Speedmart,Tier 1,8.63
ChIJlUGxUZiszTERb776QBaRrXo,Kedai Runcit Rezki,"25, Jalan Sri Sarawak 14, Taman Sri Andalas",Klang,3.0146372,101.4428809,4.8,5,016-973 1807,Super/Groceries,Super - Sundry/grocer,Tier 1,8.6
ChIJlRzVvI4dzDERfUjmqdo-gK4,THREE BROTHER WORKSHOP,Karak,"Kuala Lumpur, Petaling Jaya, Shah Alam, Klang, Subang Jaya, Cheras, Ampang, Cyberjaya, Putrajaya, Kajang, 68100 Selayang, Damansara",3.4256249,102.0197551,4.8,5,,Hyper,Hyper - Other regional chain,Tier 1,8.6
ChIJ7_W-lZXdzTER37fGjiE3GYA,99 Speedmart 1692 (NS) Galla Industrial Park,"Ground Floor, No: 35 & 36, Jalan Mutiara Galla 11, Galla Industrial Park",Seremban,2.7368057,101.8997169,4.8,5,03-3362 6863,Convenience,Conv - 99 Speedmart,Tier 1,8.6
ChIJBz1JPnO3zTERaHE9Ae9R6pA,Hello Mart Cyberjaya,"FR 02 02, Tamarind Suites, Tamarind Square",Cyberjaya,2.9187051,101.6371784,3.1,15,,Convenience,Conv - Indie mart,Tier 1,8.6
ChIJ-bAGbn3OzTERM73BAIJnV4s,99 Speedmart 1274 Semenyih Sentral,"Ground Floor, No: 19 & 21, Jalan Semenyih Sentral 1, Taman Semenyih Sentral",Semenyih,2.9453365,101.8436364,3.1,15,03-3362 6863,Convenience,Conv - 99 Speedmart,Tier 1,8.6
ChIJ29WKJrxTzDERKbLPqoN5CW4,GT Mart Ken Rimba,"D-60, KEN RIMBA, 1, Jalan Lengkuas D16/D, Seksyen 16",Shah Alam,3.0543545,101.4836769,4.8,5,03-3292 8822,Convenience,Conv - Indie mart,Tier 1,8.6
ChIJ07bMQtRJzDERKCjUvjZ_9IY,99 Speedmart 2191 Taman Seputeh,"Ground Floor, No: 62-2 & 62-3, Jalan Bukit Raja, Taman Seputeh",Kuala Lumpur,3.1200164,101.6798345,3.1,15,03-3362 6863,Convenience,Conv - 99 Speedmart,Tier 1,8.6
ChIJCZY4jYJHzDERvyZrD8e8wCM,99 Speedmart 1560 Pusat Perdagangan Selaseh,"No: 7 & 8, Jalan PSS 2, Pusat Perdagangan Selaseh",Batu Caves,3.2291201,101.6977401,4.8,5,03-3362 6863,Convenience,Conv - 99 Speedmart,Tier 1,8.6
ChIJk4f1v1lNzDERWFRdCvxx6yM,99 Speedmart 1095 Subang Jaya SS15,"No: 3 & 5, Jalan SS 15/8a",Subang Jaya,3.0740503,101.5881119,2.5,30,03-3362 6863,Convenience,Conv - 99 Speedmart,Tier 1,8.58
ChIJ931MUdO5zTERB4rb1ZqumLg,Ming Gui Mini Market 闽桂中国超市,"R-G-07-08, Ming Gui Mini Market, Bell Avenue, Jalan Sunsuria, Sunsuria City",Sepang,2.8288578,101.7044909,3.9,8,012-516 8100,Super/Groceries,Super - Independent local,Tier 1,8.57
ChIJeZEB6hnezTERzk3GGfwNf28,99 Speedmart 1432 (NS) Taman Ampangan,"No: 1431 & 1432 (GF, Lorong Cengal 10/2, Taman Ampangan",Seremban,2.7264521,101.9991836,3.9,8,03-3362 6863,Convenience,Conv - 99 Speedmart,Tier 1,8.57
ChIJBRWW6G_JzTERiMy3DuQJzPU,Gmart,Taman Persiaran Bangi,Bandar Baru Bangi,2.9433666,101.7643353,3.9,8,,Convenience,Conv - Indie mart,Tier 1,8.57
ChIJwRQzRwBRzDERZhSA5rnK0Zo,Asiamart Setia Alam Taipan,"Jalan Setia Gemilang BG U13/BG, Setia Alam",Shah Alam,3.1280586,101.4687454,2.6,26,,Convenience,Conv - Indie mart,Tier 1,8.57
ChIJJY5KSAAVzDERCNP62JFuOL4,Mountain Mart 24hours,"Lot No. 2, Level 15th, Resorts World, Entrance to the staff dormitory, enter from the entrance next to the Grand Hotel",Genting Highlands,3.4245496,101.7923698,3.9,8,,Convenience,Conv - Indie mart,Tier 1,8.57
ChIJ-aeINDdFzDERcV8KWLGYAEY,99 Speedmart 1229 MasGenuine Square,"No: 15 & 16, Jalan Melati, Taman Masgenuine Square",Kuang,3.2360308,101.5418684,2.9,18,03-3362 6863,Convenience,Conv - 99 Speedmart,Tier 1,8.54
ChIJHwUCU6g3zDERym3KIlwtSEE,Makkah Supermarket سوبر ماركت مكة,"Ampang Point, 9;;10, Jalan Memanda 5, Taman Dato Ahmad Razali",Ampang,3.1582993,101.7499012,4.1,7,,Super/Groceries,Super - Independent local,Tier 1,8.53
ChIJ9SKp9rK5zTERnAoGMTxJNls,99 Speedmart 3244 Kota Warisan 3,"Arena arisan Puteri, No: AX03 & AX03A (Ground Floor, Arena Xchange, Jalan, Kota Warisan",Sepang,2.8243564,101.6923068,4.1,7,03-3362 6863,Convenience,Conv - 99 Speedmart,Tier 1,8.53
ChIJAxvZN9nLzTERt8Mer2KIuoc,99 Speedmart 1493 Setia Balakong,"No : 34, Jln Setia Balakong 1/1, Tmn, Taman Setia Balakong",Kuala Lumpur,3.014567,101.7525067,4.1,7,03-3362 6863,Convenience,Conv - 99 Speedmart,Tier 1,8.53
ChIJASSUQik3zDERoVTyMk56-LM,Signature Axis Mart KLCC,"Level 3 Soho Suites, Jalan Perak",Kuala Lumpur,3.1528397,101.7108897,3.7,9,010-210 0392,Super/Groceries,Super - Indie retail,Tier 1,8.52
ChIJbfkAnvDnzTERHCun1dbV5Ug,99 Speedmart 2219 (NS) Taman Layang-Layang,"Ground Floor, No: 281 & 282, Jalan Layang-layang 9/1, Taman Layang-layang",Rahang,2.69375,101.9590556,3.7,9,03-3362 6863,Convenience,Conv - 99 Speedmart,Tier 1,8.52
ChIJN-Pc8uWszTER8zEdaDOalOg,KK Supermart Taman Sri Sentosa (TSS),"88, Lorong Dato Yusuf Shahbudin 30, Taman Melawati, Off Jalan Sungai Jati",Klang,3.0102459,101.4684674,3.3,12,016-330 8240,Convenience,Conv - KK Mart,Tier 1,8.46
ChIJAAAAAAAAAAARhZW34Yye75s,KK Super Mart Metro Prima Kepong (MPK),"20, Jalan Prima, Vista Magna Block B, Metro Prima Kepong",Kepong,3.213504,101.6426659,3.3,12,016-330 8267,Convenience,Conv - KK Mart,Tier 1,8.46
ChIJ3_O6Lv_qzTER3zdezToxZXA,7-Eleven Taman Murni,"No 53, Ground Floor, 43900, Jalan Murni 8, Taman Murni",Sepang,2.6858124,101.7503254,3.4,11,,Hyper,Hyper - Other regional chain,Tier 1,8.45
ChIJY8HCPMizzTER1ZcufhEik0s,99 Speedmart 1421 Taman Mas Puchong,"91-G-GF, Spring Court, 2, Lingkaran Dagang Mas, Taman Mas Sepang",Puchong,2.975174,101.580116,3.4,11,03-3362 6863,Convenience,Conv - 99 Speedmart,Tier 1,8.45
ChIJHwNc91ZTzDERzRIDXDoc3MU,99 Speedmart 1740 Taman Melawis,"No 7 & 9(Ground Floor, Jalan Emas, Taman Melawis",Klang,3.0430641,101.436933,3.4,11,03-3362 6863,Convenience,Conv - 99 Speedmart,Tier 1,8.45
ChIJ5-kNXEUxzDERUhwkyP_tzLI,99 Speedmart 1587 Pinggiran Delima,"No: 7 & 8. Jalan Pinggiran Delima 2/5 Tmn Pinggiran Delima, Batu 14 Hulu Langat",Hulu Langat,3.121455,101.8098572,3.4,11,03-3362 6863,Convenience,Conv - 99 Speedmart,Tier 1,8.45
ChIJv-PnLm5NzDEROcwVDWp6dSg,"7-Eleven 1311 Jalan Utas B 15/B, Seksyen 15, Shah Alam","41, Jalan Utas D 15/B, Seksyen 15",Shah Alam,3.0644002,101.5392186,3.2,13,03-5511 1461,Hyper,Hyper - Other regional chain,Tier 1,8.44
ChIJSSG-o_TJzTERywI9xMbYrXw,99 Speedmart 2168 Savanna Lifestyle Retail,"Savanna Lifestyle Retail, No: B-G-21 & 22 (Ground Floor, Jalan BBLS 1, Bandar Baru Lembah Selatan",Dengkil,2.9027778,101.7643333,3.2,13,03-3362 6863,Convenience,Conv - 99 Speedmart,Tier 1,8.44
ChIJDWAuFo2xzTERc_c6xpKbC24,99 Speedmart 2980 Bandar Tropicana Aman 2,"No: 52A & 56 (Ground Floor, Jalan Aman Tiara 7, Bandar Tropicana Aman",Telok Panglima Garang,2.9499596,101.5262496,3.2,13,03-3362 6863,Convenience,Conv - 99 Speedmart,Tier 1,8.44
ChIJL1xJlC2tzTERQQ3lkg6Qpd4,99 Speedmart 1159 Bandar Putera,"No:1, Jalan Kebun Nenas, 1A, KS 7, Bandar Putera",Klang,2.9964004,101.4908346,3.2,13,03-3362 6863,Convenience,Conv - 99 Speedmart,Tier 1,8.44
ChIJpywmkStLzDERiK9KBcdveho,99 Speedmart 1515 Taman Danau Desa,"No: 1, Jalan 5/109, Plaza Danau 2, Tmn, Taman Danau Desa",Kuala Lumpur,3.0996165,101.6869087,2.5,28,03-3362 6863,Convenience,Conv - 99 Speedmart,Tier 1,8.42
ChIJ88K6pZy3zTERsRGh4LAOpVc,99 Speedmart 1116 Taman Putra Perdana,"No.2, Jalan Putra Perdana 2/3, Taman Putra Perdana",Puchong,2.946743,101.617989,3.1,14,03-3362 6863,Convenience,Conv - 99 Speedmart,Tier 1,8.39
ChIJL7kczuHLzTER17WPvtd4sk4,99 Speedmart 1771 Bangi Sekyen 4 (2),"No 18 & 20 ground floor, Jalan 4/1b, Seksyen 4 Tambahan Bandar Baru Bangi",Bandar Baru Bangi,2.9547788,101.7783351,3.5,10,03-3362 6863,Convenience,Conv - 99 Speedmart,Tier 1,8.39
ChIJGwDvIw1PzDERDT1bY3KtvHU,99 Speedmart 1538 Kota Damansara Sek 5,"5, 35 (Ground Floor), Jalan Sepah Puteri, 113, Pusat Dagangan Seri Utama, Pju 5 Kota Damansara",Petaling Jaya,3.155131,101.582932,3.1,14,03-3362 6863,Convenience,Conv - 99 Speedmart,Tier 1,8.39
ChIJ61QZ4UpJzDERbwUWbPgEAes,KK SUPER MART Tuanku Abdul Rahman (TAR),"No.501, Jalan Tuanku Abdul Rahman, Chow Kit",Kuala Lumpur,3.1664564,101.6985943,3.1,14,,Convenience,Conv - KK Mart,Tier 1,8.39
ChIJCW8KunRbzDERFvGT7P0RZ3c,99 Speedmart 1291 Saujana Utama,"No: 23 & 25, Jalan Bidara 9/3, Saujana Utama 3",Sungai Buloh,3.202236,101.484444,3.5,10,03-3362 6863,Convenience,Conv - 99 Speedmart,Tier 1,8.39
ChIJH8kmbsRSzDERQ9GGOYRThRc,Kedai Runcit NFS,"No. 2, Lot 646, Jalan Mat Raji Kampung Padang Jawa, Seksyen 17",Shah Alam,3.049594,101.497678,4.3,6,011-3325 6949,Super/Groceries,Super - Sundry/grocer,Tier 1,8.37
ChIJFQmHRQBLzDERmnF_NWnVaLM,许多鱼中国超市 Xu Duoyu Market Sdn Bhd,"11, Jalan Kenari 6, Bandar Puchong Jaya",Puchong,3.0439808,101.6212074,4.3,6,,Super/Groceries,Super - Indie retail,Tier 1,8.37
ChIJe6_eIQDPzTER3AMbBmODXCY,Emart 24 Eco Majestic,Jalan Eco Majestic 10,Beranang,2.8988965,101.8332554,2.2,44,,Convenience,Conv - Indie mart,Tier 1,8.37
ChIJ_SmI-VXzzDERO5-UZH1kBug,99 Speedmart 1039 Pasir Penambang,"202 & 203 Pekan, Pasir Penambang",Kuala Selangor,3.3492091,101.2519882,4.3,6,03-3362 6863,Convenience,Conv - 99 Speedmart,Tier 1,8.37
ChIJH0SvzDJdzDEReYLhbBPI7Ow,99 Speedmart 3683 Taman Velox,"No: 17 & 18 (Ground Floor, Jalan Velox 4, Taman Velox",Rawang,3.3175279,101.5224204,4.3,6,03-3362 6863,Convenience,Conv - 99 Speedmart,Tier 1,8.37
ChIJk9yRNAnezTERpTpbQx_Qmto,99 Speedmart 2089 (NS) Taman Paroi Jaya,"Ground Floor, No: 394 & 395, Persiaran Rajawali, Taman Paroi Jaya",Seremban,2.7306214,101.9860701,3.8,8,03-3362 6863,Convenience,Conv - 99 Speedmart,Tier 1,8.35
ChIJV7rvk5LPzTERsvbkxqpao1g,ECONSAVE Mart Eco Majestic,"25, Jalan Eco Majestic 3A/1",Beranang,2.9092416,101.8510901,3.8,8,03-8727 3028,Convenience,Conv - Indie mart,Tier 1,8.35
ChIJueRniumzzTERi_fJ7N5HQNM,99 Speedmart 2673 Kota Kemuning 5,"No: 41 (Ground Floor Jalan BB 31/BB Kota Kemuning, Seksyen 31",Shah Alam,2.9855237,101.5401506,3.8,8,03-3362 6863,Convenience,Conv - 99 Speedmart,Tier 1,8.35
ChIJo3NPDGWzzTERCIBWy3be-5Y,Jimart Puchong Perdana,"17, Jalan Kekwa 1, Taman Puchong Perdana",Puchong,3.0071038,101.6061772,3.8,8,013-336 3999,Convenience,Conv - Indie mart,Tier 1,8.35
ChIJS4IOt6o5zDERZR2hpLqaZwQ,"KK SUPER MART Taman Melawati, Jalan Negara (MJN)","No. 54-G, Jalan Negara, Taman Melawati",Kuala Lumpur,3.2104496,101.7508024,3.0,15,016-330 8364,Convenience,Conv - KK Mart,Tier 1,8.32
ChIJAfVxes-3zTER6JLcp6anc1k,KIB mart,"No 52 G and 54 G, Tingkat Bawah Jalan PP 1-1 Taman Putra perdana, Putra Perdana",Puchong,2.9485425,101.6189327,3.6,9,014-737 3797,Super/Groceries,Super - Indie retail,Tier 1,8.29
ChIJt75qsAJPzDERbQ5ahc1lRCo,Pasar Mini My Aladdin (M) Sdn.Bhd.,"No. 18, Jalan Camar 4/3, Kota Damansara",Petaling Jaya,3.153841,101.579045,3.6,9,03-6143 3747,Super/Groceries,Super - Independent local,Tier 1,8.29
ChIJVeThRXVCzDERw3OPJZ3eBxs,99 Speedmart 1629 Seri Pagi,"Ground Floor, No: 19 & 21, Jalan Seri Pagi 1, Kampung Sungai Choh",Rawang,3.3489093,101.5922315,3.6,9,03-3362 6863,Convenience,Conv - 99 Speedmart,Tier 1,8.29
ChIJ9b91DCM3zDERRNxrnzILK3o,Khan Mini market,"68000, Jalan 16b, Taman Dato Ahmad Razali",Ampang,3.1574101,101.757405,4.6,5,011-1233 1285,Super/Groceries,Super - Independent local,Tier 1,8.24
ChIJQeD-_1I2zDERj3MZ6_VEC48,Z&Z Mini Market,"11, Jalan Hilir 2, Taman Angsana Hilir",Kuala Lumpur,3.1484706,101.7438259,2.8,18,,Super/Groceries,Super - Independent local,Tier 1,8.24
ChIJV9HuL_X0zDERHE-zb2kxzR0,CKY Mini Market Sdn Bhd,Malaysia,"Kuala Lumpur, Petaling Jaya, Shah Alam, Klang, Subang Jaya, Cheras, Ampang, Cyberjaya, Putrajaya, Kajang, 68100 Selayang, Damansara",3.3160299,101.2756967,4.6,5,,Super/Groceries,Super - Independent local,Tier 1,8.24
ChIJB3Ksr61HzDERjXedVMqVQPM,TT Metro Mart (Pasar Mini),"16&18G, Jalan Prima 8, Taman Kepong",Kuala Lumpur,3.2122165,101.6425292,4.6,5,012-338 4145,Super/Groceries,Super - Independent local,Tier 1,8.24
ChIJ58ki887gzTERp4vgbXHGVUI,HPA Mart Senawang,"No. 19 & 19A, Ground Floor & First Floor, Jalan Cempaka 28, Pusat Perniagaan Cempaka, 70450, Senawang",Negeri Sembilan,2.6908459,101.9874954,4.6,5,06-677 5161,Convenience,Conv - Indie mart,Tier 1,8.24
ChIJCUt9fWerzTERuekQJ7iAHhY,Kedai Runcit Dua Saudara,"Jalan Batu Unjur, Taman Bayu Perdana",Klang,3.0169145,101.4260401,4.6,5,,Convenience,Conv - Kedai runcit,Tier 1,8.24
ChIJ87uqfWnLzTEREE-wUrr7w1A,99 Speedmart 2404 SIlk Sky Residensi,"No: 01-03A & 01-05 (Ground Floor), Silk Sky Residensi, Jalan KB 2/15 Kampung Baharu Balakong",Seri Kembangan,3.0277276,101.7505264,4.6,5,03-3362 6863,Convenience,Conv - 99 Speedmart,Tier 1,8.24
ChIJd0vmW4e_zTERmXfcfcUPHcY,Xpress Mart,Kuala Lumpur International Airport,Sepang,2.7538032,101.7069089,2.9,16,,Convenience,Conv - Indie mart,Tier 1,8.22
ChIJpw1nt9w3zDER0GxQd9A_OJI,99 Speedmart 1277 Pandan Perdana,"Ground Floor, No: 70 & 72, Jalan Perdana 6/8, Pandan Perdana",Kuala Lumpur,3.1128056,101.7423539,2.9,16,03-3362 6863,Convenience,Conv - 99 Speedmart,Tier 1,8.22
ChIJG8UhuZo3zDERGeBWWl_tdbM,99 Speedmart 1846 Taman Setiawangsa,"8-1 Ground Floor, No:, 1, Jalan Jelatek, Taman Setiawangsa",Kuala Lumpur,3.1794861,101.7419868,2.9,16,03-3362 6863,Convenience,Conv - 99 Speedmart,Tier 1,8.22
ChIJldJTesw1zDERLnecd54yo94,Xinfa Hang Sdn Bhd,"32, Jalan Kaskas 2, Taman Cheras",Kuala Lumpur,3.1003165,101.74126,3.2,12,03-9133 9866,Super/Groceries,Super - Indie retail,Tier 1,8.21
ChIJYXzhdkW7zTERSko7F5KtVDk,99 Speedmart 2830 Bandar Mahkota Banting,"Ground Floor, No: 8-G-92 & 8-G-94, Jalan Usahawan 2, Bandar Mahkota Banting",Banting,2.8319239,101.553009,3.2,12,03-3362 6863,Convenience,Conv - 99 Speedmart,Tier 1,8.21
ChIJ21Wvgs7PzTERA7--m4OrE_M,99 Speedmart 2687 Eco Majestic 2,"Ground Floor, Restoran Mashyur, No: 2A & 6, Jalan Eco Majestic 9/1B",Semenyih,2.9014465,101.8371484,3.2,12,03-3362 6863,Convenience,Conv - 99 Speedmart,Tier 1,8.21
ChIJv_xCR_zLzTERZxpi9V_zhU8,"KK SUPER MART Kajang, Pusat Hentian (KPH)","10, Jalan Hentian 1, Pusat Hentian Kajang",Kajang,2.9572528,101.7906165,3.2,12,016-330 8316,Convenience,Conv - KK Mart,Tier 1,8.21
ChIJwyy_2XLOzTERMNGQVzRDE6I,99 Speedmart 1733 Taman Tasik Semenyih,"Ground Floor, No: 3 & 5, 5, Jalan TTS 2, Taman Tasik Semenyih",Semenyih,2.9456876,101.8655938,3.2,12,03-3362 6863,Convenience,Conv - 99 Speedmart,Tier 1,8.21
ChIJdRqzIZdTzDER9RqQ3BvKXbQ,"99 Speedmart 1128 Jalan Kapar, Klang","No. 14 & 16, Jalan Kapar",Klang,3.0506028,101.4484791,3.2,12,03-3362 6863,Convenience,Conv - 99 Speedmart,Tier 1,8.21
ChIJKZ0wOYVKzDERg8Df1APlWTg,KK Supermart Endah Promenande (EPM),"A-G-5, Endah Promenade, Jalan 3/149E, Taman Sri Endah, Sri Petaling",Kuala Lumpur,3.063839,101.6971031,3.2,12,016-330 8286,Convenience,Conv - KK Mart,Tier 1,8.21
ChIJKdGMFWLnzTERNT_Pu285ZEk,99 Speedmart 1377 (NS) Taman Thivy Jaya,"No: 721 & 722, Jalan Merak 16, Taman Thivy Jaya",Seremban Jaya,2.6893067,101.942337,3.3,11,03-3362 6863,Convenience,Conv - 99 Speedmart,Tier 1,8.2
ChIJkWLRyNA1zDERdU0_jMqHtso,ECONSAVE Mart Bandar Sungai Long,"1, Jalan SL 1/12, Bandar Sungai Long",Kajang,3.0416461,101.7913526,3.3,11,03-9010 9948,Convenience,Conv - Indie mart,Tier 1,8.2
ChIJoVYRoRZFzDERRzwrQvAyyZY,KK Super Mart Wangsa Permai (WPM),"No. 26, Jalan Wangsa 2/5 Taman Wangsa Permai, Wangsa Permai",Kuala Lumpur,3.209094,101.6103371,3.3,11,010-220 8341,Convenience,Conv - KK Mart,Tier 1,8.2
ChIJtzVvB305zDERR73EsXmQ310,99 Speedmart 1744 Jalan Langkawi,"Ground Floor, No: 61& 63, Jalan Langkawi, Taman Setapak",Kuala Lumpur,3.2010634,101.7103254,3.1,13,03-3362 6863,Super/Groceries,Super - 99 Speedmart,Tier 1,8.18
ChIJD0_SOwTLzTERTGKQPFReadk,99 Speedmart 1288 Taman Seri Serdang,"No: 3360 & 3361, Jalan 18/31, Taman Sri Serdang",Seri Kembangan,3.0098903,101.7137694,3.1,13,03-3362 6863,Convenience,Conv - 99 Speedmart,Tier 1,8.18
ChIJGfenJRhJzDERZcRG2zUjYq0,99 Speedmart 2330 KL Chow Kit,"Ground Floor, No: 47 & 48, Jalan Chow Kit",Kuala Lumpur,3.1665021,101.6965254,3.1,13,03-3362 6863,Convenience,Conv - 99 Speedmart,Tier 1,8.18
ChIJf95L_ZKzzTERV2DWjpt1RQw,ALTAF ENTERPRISE,"67n, Jalan Kempas, Kampung Tengah",Puchong,3.0178152,101.5874653,4.2,6,,Super/Groceries,Super - Indie retail,Tier 1,8.17
ChIJVQEuyFBszDER9kog5T8q3cY,BATANG KALI STORE,"Jalan Meranti Utama, Pekan Batang Kali",Batang Kali,3.4593338,101.6551262,4.2,6,,Hyper,Hyper - Other regional chain,Tier 1,8.17
ChIJnx7p5nTfzTERujOSboedpmk,"KK SUPER MART Seremban, Paroi Jaya (SPJ)","389, Persiaran Rajawali, Taman Paroi Jaya",Seremban,2.7305986,101.9863859,4.2,6,016-330 8429,Convenience,Conv - KK Mart,Tier 1,8.17
ChIJXVXDUEdfzDERr3QWI_wgmFw,ECONSAVE Mart Ijok Permai,"32, Jalan Ijok Permai, 1, Pusat Niaga Ijok Permai, Ijok",Kuala Selangor,3.3101855,101.4215843,4.2,6,,Convenience,Conv - Indie mart,Tier 1,8.17
ChIJv6kjckJHzDERMLXKdfXLYxw,KK SUPER MART Pinggiran Batu Caves (PBC),"5-G, Jalan PGN 1A/1, Taman Pinggiran",Batu Caves,3.250619,101.6915443,4.2,6,016-330 8374,Convenience,Conv - KK Mart,Tier 1,8.17
ChIJIe50L5OszTERvzeg3gAVx2g,SRIQ Selvis Enterprise,"60, Jalan Seruling 59, Taman Klang Ria",Klang,3.0095794,101.455772,3.4,10,016-239 1289,Super/Groceries,Super - Indie retail,Tier 1,8.15
ChIJwzAIhH5szDERj9l4Y2Otfx0,7-Eleven,"75, Jalan Besar, Hulu Yam Bharu",Batang Kali,3.4327385,101.6579114,3.4,10,03-6075 2719,Hyper,Hyper - Other regional chain,Tier 1,8.15
ChIJUTEXGpm3zTERtejHMMPnmDs,99 Speedmart 2699 Taman Jenderam Damai,"Ground Floor, No: 1 & 2, Jalan JD 1, Taman Jenderam Damai",Dengkil,2.878629,101.7002339,3.4,10,03-3362 6863,Convenience,Conv - 99 Speedmart,Tier 1,8.15
ChIJhWiOxPO1zTERGjhXiG3gc_8,99 Speedmart 2166 Taman Lestari Putra,"1B, No: 31 & 32 (Ground Floor, Taman, Jalan LEP 1/5, Lestari Putra",Seri Kembangan,2.9940219,101.6514351,3.4,10,03-3362 6863,Convenience,Conv - 99 Speedmart,Tier 1,8.15
ChIJLfBXHUM3zDERjBRCcNGD5ds,Pasar Raya Well-Mart KL1 Pandan Jaya,"16G, Jalan Pandan 3/2, Pandan Jaya",Kuala Lumpur,3.1346125,101.7413275,3.9,7,017-692 5404,Super/Groceries,Super - Indie retail,Tier 1,8.11
ChIJCU8J6SdIzDERXc_CcdBQ2OM,Reena Mini Market,"29-45, Jalan Hassan Salleh, Kampung Baru",Kuala Lumpur,3.1620227,101.705604,3.9,7,,Super/Groceries,Super - Independent local,Tier 1,8.11
ChIJX2aRd4mrzTERORfu-oiE40Y,99 Speedmart 3595 Telok Gong 2,"No: 3 & 5 (Ground Floor Jalan Ikan Jenahak 20, Jalan Telok Gong",Pelabuhan Klang,2.9636487,101.3906848,3.9,7,03-3362 6863,Convenience,Conv - 99 Speedmart,Tier 1,8.11
ChIJJSLc41nLzTERZAA4apyrSdA,STOP & SHOP MART - Kajang MKH Boulevard,"G-11, MKH Boulevard, Jalan Changkat, Bandar Kajang",Kajang,2.9902018,101.7925434,3.9,7,012-485 3802,Convenience,Conv - Indie mart,Tier 1,8.11
ChIJsVdfREMHzTERxOjYEjKtM24,AB AQSHA Enterprise,"AB AQSHA MINI MART, 1, Jalan Perigi Nanas 8/3 Pulau Indah",Pelabuhan Klang,2.9507258,101.3120038,5.0,4,014-775 9577,Super/Groceries,Super - Indie retail,Tier 1,8.05
ChIJ9X1PQQC3zTER9LK2GFF1iQ8,PASAR MINI SIANTAN,"272, Jalan Putra Perdana 3a, Taman Putra Perdana",Puchong,2.9465446,101.6221491,5.0,4,,Super/Groceries,Super - Independent local,Tier 1,8.05
ChIJ06gsdohNzDERiUixai0rl5w,多多中国超市 Duo Duo's Mart,"Ground Floor, Casa Tiara Serviced Apartment, G-18, Ss 16",Subang Jaya,3.08236,101.5909934,5.0,4,016-301 9907,Super/Groceries,Super - Indie retail,Tier 1,8.05
ChIJnx6cJrE1zDERp5jtrVc8M0k,Aboss Mart,"Jalan Mahkota Residence 3, Bandar Mahkota Cheras",Kajang,3.0503491,101.7807505,5.0,4,019-699 1381,Super/Groceries,Super - Indie retail,Tier 1,8.05
ChIJY0MhzKJXzDERWqTKBea4wdQ,Bit Mart Kapar,"No 11, Lorong Raja Mokhtar",Kapar,3.1359025,101.3725658,5.0,4,016-659 6183,Super/Groceries,Super - Indie retail,Tier 1,8.05
ChIJOXl_EYQ3zDER-XAABF7mmzM,Pasar Raya Well-mart AP1 Jalan Mulia,"1, Jalan Mulia 4/1, Jalan Mulia Jaya",Ampang,3.1330157,101.7898702,5.0,4,017-692 5404,Super/Groceries,Super - Indie retail,Tier 1,8.05
ChIJ3ye6v5A3zDERD__iouzjExw,Anusia Mini Market,"Block B2 -G -11, Pandan Mewah Court, Jalan Mewah 4, Taman Pandan Mewah",Ampang,3.1294481,101.7639185,5.0,4,018-374 4636,Super/Groceries,Super - Independent local,Tier 1,8.05
ChIJcURVxyJIzDERApLx3XgXxR8,Priti GG Enterprise,"37, Damai Kompleks, Jalan Datuk Haji Eusoff, Titiwangsa Sentral",Kuala Lumpur,3.1699316,101.6965366,5.0,4,016-272 5129,Super/Groceries,Super - Indie retail,Tier 1,8.05
ChIJo0fD2HxxzDER8-142w3JIG8,Finest Agritech Sdn. Bhd.,"Lot 4179, Mukim, Bandar Baru Lembah Beringin",Kuala Kubu Baru,3.571638,101.5357298,5.0,4,,Hyper,Hyper - Other regional chain,Tier 1,8.05
ChIJrXSYPPfnzTER6MxJlxz6vrE,99 Speedmart 3581 (NS) Taman Yoon Fook,"No: 2 (Ground Floor, Jalan Seroja 4, Taman Yoon Fook",Seremban,2.7014354,101.962875,5.0,4,03-3362 6863,Convenience,Conv - 99 Speedmart,Tier 1,8.05
ChIJmR-lcoznzTERLoSNMpOS9Ts,99 Speedmart 3477 (NS) Taman Dusun Setia,"No: 26 & 27 (Ground Floor Jalan Melati 2, Jalan Dato Muda Linggi, Taman Dusun Setia",Seremban,2.7151522,101.961231,5.0,4,03-3362 6863,Convenience,Conv - 99 Speedmart,Tier 1,8.05
ChIJgV9qTB1LzDERKSoVh5Zp1cI,99 Speedmart 3846 Taman Ruby,"No: 23-G & 25-G (Ground Floor, Jalan Ruby 12, Taman Ruby",Dengkil,2.8609484,101.6403197,5.0,4,03-3362 6863,Convenience,Conv - 99 Speedmart,Tier 1,8.05
ChIJzUE3FQCxzTER7sysJIyHNsw,Al-Kahf Fresh Mart,"A-1-07, pusat perniagaan maya, jalan cove sentral 1, bandar gamuda cove 42700 banting",Cyberjaya,2.8943061,101.6125716,5.0,4,,Convenience,Conv - Indie mart,Tier 1,8.05
ChIJH0bQxyC5zTER6aKpIUEHpc4,99 Speedmart 3718 Taman Baiduri Dengkil,"No: 1 (Ground Floor, Jalan Baiduri 8, Taman Baiduri",Dengkil,2.860708,101.6821841,5.0,4,03-3362 6863,Convenience,Conv - 99 Speedmart,Tier 1,8.05
ChIJ35RcMgCxzTERXoqDzZ-SzqI,PASAR MINI SIANTAN,"Dengkil Daerah Sepang, Tapak Perkuburan islam, Taman Putra Perdana Di atas, Lot 45975, Mukim",Puchong,2.9465473,101.6221592,5.0,4,,Convenience,Conv - Mini-mart,Tier 1,8.05
ChIJ82SKw-W1zTERpwlmZsBzx_I,Kedai RM2 Murah Jimat Saujana Puchong,"62A-G, Jalan SP 3/5, Taman Saujana Puchong",Puchong,2.9917756,101.6385287,5.0,4,03-8051 5516,Convenience,Conv - Generic kedai,Tier 1,8.05
ChIJMeZ1l8vLzTERfNCdSOBr0ZY,BilaBila Mart - Menara Simfoni,"TADIKA 1, LEVEL 11, MENARA SIMFONI, JALAN SIMFONI 2 BALAKONG",Seri Kembangan,3.0258304,101.753023,5.0,4,,Convenience,Conv - BilaBila Mart,Tier 1,8.05
ChIJh0Qb4XFTzDEROVvmM9Wee20,Hot Spot Mart,"AAG-14, Pusat Komersil Seksyen 7, Jalan Plumbum Aa 7/Aa, Seksyen 7",Shah Alam,3.0645774,101.4889912,5.0,4,011-2112 7362,Convenience,Conv - Indie mart,Tier 1,8.05
ChIJK25XGfJNzDERe8E3FwVikdY,KK Super Mart SA15,"58-G, Jalan Pahat G 15/G, Seksyen 15",Shah Alam,3.0638218,101.5273468,5.0,4,,Convenience,Conv - KK Mart,Tier 1,8.05
ChIJpdtfQd1NzDERDsyd_JN-MmY,Pasar Mini Ole,"G11 Medan Selera, Jalan Gembala 19/9, Seksyen 19",Shah Alam,3.0551922,101.5264515,5.0,4,,Convenience,Conv - Mini-mart,Tier 1,8.05
ChIJe0gY5XBRzDERLwsRNokGy3M,"KK SUPER MART Setia Alam, Jalan Setia Gemilang (SAG)","89-G, Jalan Setia Gemilang BG U13/BG, Setia Alam",Shah Alam,3.1267455,101.4708652,2.5,24,016-508 3308,Convenience,Conv - KK Mart,Tier 1,8.05
ChIJM8ZWGw5XzDERsdR5H4YyUX4,Kedai Runcit Atirah Lavender Enterprises (Jalan Iskandar),Kampung Bukit Kapar,Kapar,3.1602732,101.4093742,5.0,4,,Convenience,Conv - Kedai runcit,Tier 1,8.05
ChIJD6FV3qJNzDER97pQzXxq9u4,BilaBila Mart - The Arcuz,"Residensi Idaman Awan ( The Arcuz Kelana Jaya), G-01, Jalan PJU 1A/4F, Jalan SS7/26",Petaling Jaya,3.109169,101.592706,5.0,4,,Convenience,Conv - BilaBila Mart,Tier 1,8.05
ChIJ67zvYJb0zDER3Dx9hluf7Us,Pasar Mini Ramli,"3, Jalan Bentara 6, Taman Bentara",Kuala Selangor,3.3317724,101.2681909,5.0,4,,Convenience,Conv - Mini-mart,Tier 1,8.05
ChIJfyzHu1q1zTEROICgRqVZa9U,99 Speedmart 1281 Taman Bukit Serdang 1,"No: 7 & 9, Serdang Square, Jalan BS 5/26a, Taman Bukit Serdang",Seri Kembangan,3.022755,101.696487,2.6,21,03-3362 6863,Convenience,Conv - 99 Speedmart,Tier 1,8.04
ChIJtVHjJtY3zDERrJohvdJe7n0,99 Speedmart 1189 Dataran Mestika,"Dataran Mestika, 45 & 47, Jalan Mawar 15, Taman Mastika",Cheras,3.1133732,101.7556082,2.9,15,03-3362 6863,Convenience,Conv - 99 Speedmart,Tier 1,8.04
ChIJcRnmF6ZFzDER53fw_HfRT8Q,99 Speedmart 2331 D'sara Sentral,"No: R-G-28 & R-G-29 (Ground Floor), D'Sara Sentral Jalan Welfare, Seksyen U19",Kampung Baru Sungai Buloh,3.1987562,101.577156,2.9,15,03-3362 6863,Convenience,Conv - 99 Speedmart,Tier 1,8.04
ChIJhTZ186VPzDERcPcbpd7PKz0,Indus Grocers,"P-G- 19 - 20, Tropicana Avenue, 12, Persiaran Tropicana, Tropicana Avenue",Petaling Jaya,3.1362768,101.5953766,3.1,12,011-1311 5967,Super/Groceries,Super - Sundry/grocer,Tier 1,7.95
ChIJO6xY6hirzTERxftFTtwN56I,99 Speedmart 1089 Bayu Tinggi,"KS 6, No.48 & 50, Jalan Bayu Tinggi 8, Batu Unjur",Klang,3.0123693,101.4291852,3.1,12,03-3362 6863,Convenience,Conv - 99 Speedmart,Tier 1,7.95
ChIJn9yBU-hVzDERn2UkhJXOS4Y,99 Speedmart 2755 Taman Aman Perdana 1,"Ground Floor, No: 52 & 54, Jalan Aman Perdana 10a/Ku5, Taman Aman Perdana",Klang,3.0937075,101.4089792,3.2,11,03-3362 6863,Convenience,Conv - 99 Speedmart,Tier 1,7.95
ChIJYXEINFBNzDEROTw8Wd1wees,99 Speedmart 1059 Subang Jaya SS19,"55, Jalan SS19/6",Subang Jaya,3.06567,101.5781726,2.8,16,03-3362 6863,Convenience,Conv - 99 Speedmart,Tier 1,7.93
ChIJ6cnibADLzTER3E3-i0Q3rcw,Eco-Plus Kinmart IOI CITY MALL,"L2-51, Second Flr, City, IOI City Mall, Lebuh IRC, Ioi Resort",Putrajaya,2.9697417,101.7117469,2.4,26,07-283 0123,Super/Groceries,Super - Indie retail,Tier 1,7.91
ChIJq0JIbulgzDERWhvea8bsMQ8,Hoe Hin Mini Market & Sons Co.,Pekan Batang Berjuntai,Batang Berjuntai,3.3777046,101.4075293,3.3,10,,Super/Groceries,Super - Independent local,Tier 1,7.91
ChIJr0CWYsG3zTER45ZkhHfn1pc,99 Speedmart 2911 Taman Putra Perdana 4,"2911, 4, Jalan Putra Perdana 3/1, Taman Putra Perdana",Puchong,2.9426518,101.6204862,3.6,8,03-3362 6863,Convenience,Conv - 99 Speedmart,Tier 1,7.91
ChIJr2mT3ZSxzTERX9MrXgh_khE,99 Speedmart 2748 Eco Santuari,No 60 & 62 (Ground Floor Jalan Eco Santuari 8/2B Eco Santuari,Telok Panglima Garang,2.9455922,101.5429534,3.6,8,03-3362 6863,Convenience,Conv - 99 Speedmart,Tier 1,7.91
ChIJPaFsQHyxzTERDvKVQ_TNXMg,99 Speedmart 1792 Taman Saujana Putra 2,"Ground Floor, No: 24 & 26, Jalan SP 1/2, Bandar Saujana Putra",Jenjarom,2.9525311,101.5769123,3.6,8,03-3362 6863,Convenience,Conv - 99 Speedmart,Tier 1,7.91
ChIJ4Vf-vdfLzTERaV2UQHlpYzU,"KK SUPER MART Cheras, Taming Jaya (CTJ)","No. 25-G, Pusat Perniagaan, 1 Jalan, Medan Taming Sari 3, Taman Taming Jaya",Seri Kembangan,3.0235357,101.7411339,3.6,8,,Convenience,Conv - KK Mart,Tier 1,7.91
ChIJq4zzWjQ1zDER0UjTYiMQFmc,99 Speedmart 2380 Taman Langat Ceria,"Ground Floor, No: 15 & 17, Jalan Langat Ceria 4, Taman Langat Ceria",Hulu Langat,3.0809915,101.7867922,3.6,8,03-3362 6863,Convenience,Conv - 99 Speedmart,Tier 1,7.91
ChIJVVVVlTo4zDEREkJml_WCPw8,KK SUPER MART Wangsa Maju 2 (WM2),"9, Jalan Metro Wangsa, Seksyen 2 Wangsa Maju",Kuala Lumpur,3.205009,101.7360967,3.6,8,016-330 8072,Convenience,Conv - KK Mart,Tier 1,7.91
ChIJU1OLsQdDzDERBvarETPlcvM,99 Speedmart 1082 Rawang,"55, Jalan Bandar Rawang 3",Rawang,3.3240095,101.5781997,3.3,10,03-3362 6863,Convenience,Conv - 99 Speedmart,Tier 1,7.91
ChIJj-58ByLBzTERTU4KOXkcEbg,KEDAI BUAH MISHA,Kota Seriemas,Labu,2.7783222,101.7585783,4.4,5,013-694 2657,Super/Groceries,Super - Generic kedai,Tier 1,7.88
ChIJDTtMEzWzzTER-dyUobGK3EA,Pasar Mini RZ,"No. 49-AG, Tingkat Bawah, Pangsapuri Jati, Lingkaran Dagang Mas, Taman Mas Sepang",Puchong,2.9734342,101.5809168,4.4,5,018-375 0635,Super/Groceries,Super - Independent local,Tier 1,7.88
ChIJfeL-JrpHzDERMbHQdhq8zfY,增江北区巴刹金瑞杂货店 KIM SUI GROCERIES JINJANG UTARA,"Lot 1-2084, Jln jin aman 1 Jinjang Utara 52000 K. L, Jinjang Utara",Kepong,3.2114028,101.6580038,4.4,5,,Super/Groceries,Super - Sundry/grocer,Tier 1,7.88
ChIJ7aqJ7GfDzTERjWYl5CV5wY0,Kedai Buah Rasidi,"Jalan labu batu 8 Labu, batu 8",Seremban,2.7434587,101.8568648,4.4,5,013-311 4173,Hyper,Hyper - Other regional chain,Tier 1,7.88
ChIJxVY1cgLEzTERxn2xr6bkKRg,Gospel Literature Service Nilai,"147, Kampung Baharu Nilai",Nilai,2.8037531,101.7985531,4.4,5,012-379 2425,Hyper,Hyper - Other regional chain,Tier 1,7.88
ChIJc8L-sT0xzDERToj1fK_OSmk,Pak din runcitan,"Unnamed Road, Kampung Sungai Tekali",Hulu Langat,3.1124588,101.8567054,4.4,5,,Hyper,Hyper - Other regional chain,Tier 1,7.88
ChIJZ_P_8_-ozjERWOIFnfYCMis,D'mart Bukit Damar,"167, Jalan Felda Bukit Damar, Felda Bukit Damar",Lanchang,3.5404296,102.1178811,4.4,5,,Hyper,Hyper - Other regional chain,Tier 1,7.88
ChIJo_9HTUvnzTERW-0IOtu-SSI,99 Speedmart 3656 (NS) Taman Nyior Hijau,"No: 14 & 15 (Ground Floor, Jalan Nyior Hijau 2, Taman Nyior Hijau",Seremban,2.7121475,101.9556481,4.4,5,03-3362 6863,Convenience,Conv - 99 Speedmart,Tier 1,7.88
ChIJX7OvhqdVzDERF1aPFprICkM,GT Mart Klang Utama 2,"18, Lorong Sungai Keramat 19, Taman Klang Utama, Klang Utama",Klang,3.0842371,101.420525,4.4,5,,Convenience,Conv - Indie mart,Tier 1,7.88
ChIJ41TtuGI2zDERHkbyKlL0_w8,KK SUPER MART Pandan Indah (PI33),"1G, Jalan Pandan Indah 3/3A, Pandan Indah",Kuala Lumpur,3.1222062,101.7509934,3.4,9,016-330 8256,Convenience,Conv - KK Mart,Tier 1,7.83
ChIJnWrtxNRHzDER8qcl0PY9EwQ,Pasar Raya Well-Mart GB3 Taman Pinggiran,"NO.22, Jalan Pinggiran 2/2, Taman Pinggiran",Batu Caves,3.2555063,101.6941455,2.7,17,,Super/Groceries,Super - Indie retail,Tier 1,7.8
ChIJa0gU8881zDERru83Y17zLjg,KK SUPER MART Yulek (YLK),"27, Jalan Kaskas 2, Taman Cheras",Kuala Lumpur,3.1007391,101.741621,2.7,17,016-330 8006,Convenience,Conv - KK Mart,Tier 1,7.8
ChIJC8yuR2hGzDERDqu19JZiNl0,KK SUPER MART Kepong Perdana (KPD),"15, Jalan Perdana 5, Taman Indah Perdana, Kepong",Kuala Lumpur,3.219441,101.6369395,2.7,17,016-330 8294,Convenience,Conv - KK Mart,Tier 1,7.8
ChIJp-Tg8hhIzDERgCO2ZiKi87U,KK SUPER MART Jalan Pahang (JPH),"126, Jalan Pahang, Titiwangsa Sentral",Kuala Lumpur,3.1724473,101.6987868,4.0,6,016-330 8361,Convenience,Conv - KK Mart,Tier 1,7.78
ChIJT8zx0qvKzTERdrCiotMa5HY,Suria Wholesaler Sdn Bhd,"South City Plaza E2 Taman Serdang Perdana 43300 Balakong, Selangor, G.12, ground floor, taman perdana, south City plaza, Balakong, Selangor",Seri Kembangan,3.0288343,101.7099479,2.8,15,03-2692 1108,Super/Groceries,Super - Indie retail,Tier 1,7.76
ChIJR8PJpHjGzTERmCDtoZn7WVI,99 Speedmart 1446 (NS) Nilai Impian,"No: 3 & 4 (GF, Jalan Dahlia 6/1, Nilai Impian",Nilai,2.84231,101.797302,2.8,15,03-3362 6863,Convenience,Conv - 99 Speedmart,Tier 1,7.76
ChIJ1b92W4LLzTERl3kGjLOu0Rg,99 Speedmart 1966 Bandar Kajang 2,"Ground Floor, No: 9 & 10, Jalan Tun Abdul Aziz",Kajang,2.9916389,101.7900278,2.8,15,03-3362 6863,Convenience,Conv - 99 Speedmart,Tier 1,7.76
ChIJrc-goCKtzTERJ39JAtYguVw,99 Speedmart 3774 Bukit Rimau,"No: 7 & 9 (Ground Floor, 1, Lintang Bukit Rimau, Seksyen 32",Shah Alam,3.0014418,101.520482,4.8,4,03-3362 6863,Convenience,Conv - 99 Speedmart,Tier 1,7.73
ChIJhX7FRYtTzDERhrqlHNT8EcU,99 Speedmart 2515 Jalan Kapar BT 2,"No: 312 & 314 (Ground Floor, Jalan Kapar, Batu 2 1/2",Klang,3.0645727,101.4373452,4.8,4,03-3362 6863,Convenience,Conv - 99 Speedmart,Tier 1,7.73
ChIJJSXkE0RHzDERMpLlIt4_Ihk,KH MART,"Ground Floor, 15 & 16, Jalan SG 1/8, Taman Sri Gombak",Batu Caves,3.2380683,101.69732,4.8,4,,Convenience,Conv - Indie mart,Tier 1,7.73
ChIJH9tOgYpDzDER9X21F0j2Wh0,"KK SUPER MART Rawang, Pusat Bandar Rawang(RPB)","41G, Jalan Bandar Rawang 2, Pusat Bandar Rawang",Rawang,3.3237543,101.5770057,2.5,21,010-367 5308,Convenience,Conv - KK Mart,Tier 1,7.73
ChIJLX1emWFUzDERO0EvFLA2278,Pasar Mini Ehsan Bestari,"10A, Lorong Permai 1, Meru",Klang,3.135917,101.4331838,3.1,11,019-259 5408,Super/Groceries,Super - Independent local,Tier 1,7.7
ChIJJYkeW8RMzDERVnU3VRDsYGk,"KK Super Mart Subang Jaya, Taipan (STP)","25-G, Jalan USJ 10/1, Usj 2",Subang Jaya,3.0477127,101.5850722,3.1,11,016-330 8642,Convenience,Conv - KK Mart,Tier 1,7.7
ChIJ5SYwqws5zDERmzLNTMc5eG8,99 Speedmart 2626 Taman Permata,"2725 & 2726 (Ground Floor, No:, Jalan Permata 4, Taman Permata",Ampang,3.2064277,101.7507511,3.1,11,03-3362 6863,Convenience,Conv - 99 Speedmart,Tier 1,7.7
ChIJ0RR5hElRzDERdVjJ-eL9Mak,99 Speedmart 1380 Pekan Meru 2,"No: 17 & 19 (GF, Jalan Jelutong 1/KU8, Pekan Meru",Klang,3.1359498,101.4416732,3.5,8,03-3362 6863,Super/Groceries,Super - 99 Speedmart,Tier 1,7.69
ChIJ009TvGjHzTERCqMEwomYcxk,99 Speedmart 2778 (NS) Tiara Sendayan,No: 13 (Ground Floor Jalan Tiara Sendayan Biz 1 Pusat Komersial Tiara Sendayan,Labu,2.7019786,101.8189544,3.5,8,03-3362 6863,Convenience,Conv - 99 Speedmart,Tier 1,7.69
ChIJ5Sqh-MTnzTERcB0FhZBGW7g,99 Speedmart 2051 (NS) Pusat Dagangan Seremban 2,"Ground Floor, Pusat Dagangan, No: 185 & 186, Jalan S2 B22, Seremban 2",Seremban,2.6918846,101.9034609,3.0,12,03-3362 6863,Convenience,Conv - 99 Speedmart,Tier 1,7.69
ChIJJV4WQm7FzTERaSDgo-cz820,99 Speedmart 3387 (NS) Taman Bukit Citra,"No: 28 (Ground Floor, Jalan Bukit Citra 10/1, Taman Bukit Citra",Nilai,2.8564643,101.8362246,3.5,8,03-3362 6863,Convenience,Conv - 99 Speedmart,Tier 1,7.69
ChIJXeiW25rPzTERbdNE-UaZHeU,99 Speedmart 1703 Bandar Rinching 2,"Ground Floor, No: 8 & 10, Jalan 5/12, Seksyen 5 Bandar Rinching",Semenyih,2.9252348,101.8597517,3.5,8,03-3362 6863,Convenience,Conv - 99 Speedmart,Tier 1,7.69
ChIJ31hZ3HjNzTER8sa8iPDApYk,99 Speedmart 2298 Taman Sri Tanjung,"Ground Floor, No: 4 & 6, Jalan Sri Tanjung 17, Taman Sri Tanjung",Semenyih,2.9581933,101.8502698,3.5,8,03-3362 6863,Convenience,Conv - 99 Speedmart,Tier 1,7.69
ChIJ3SU6wN6rzTER2Tj3SOdrsik,99 Speedmart 1356 Pekan Pandamaran,"No: 316-B, Lorong Amarasegera, Pandamaran",Pelabuhan Klang,3.007974,101.4138561,3.0,12,03-3362 6863,Convenience,Conv - 99 Speedmart,Tier 1,7.69
ChIJZ--QvbzNzTERIeEp71nthCw,"KK SUPER MART Kajang, Puncak Saujana(KPS)","7-G, Jalan Puncak Saujana 1/1A, Taman Puncak Saujana",Kajang,3.0144461,101.8053042,3.5,8,,Convenience,Conv - KK Mart,Tier 1,7.69
ChIJVf4YgLXNzTER1DfGaOyXOe4,99 Speedmart 3356 Taman Bukit Palma,"No: 2A & 6 (Ground Floor, Jalan Palma 3/3A, Taman Bukit Palma",Kajang,3.0224968,101.8077486,3.7,7,03-3362 6863,Convenience,Conv - 99 Speedmart,Tier 1,7.69
ChIJJRuQAapVzDER19mO6pdMitg,"KK Super mart Klang, Jalan Kapar ( KJK )","4, Jalan Kapar",Klang,3.0503309,101.4485813,3.7,7,,Convenience,Conv - KK Mart,Tier 1,7.69
ChIJ26yHskNPzDERqdPEzrR2t-g,"KK SUPER MART Shah Alam, Seksyen U5 2 (SU52)","No.1-G, Jalan Pluto Az U5/Az, Bandar Pinggiran Subang",Shah Alam,3.1632409,101.5364761,3.7,7,,Convenience,Conv - KK Mart,Tier 1,7.69
ChIJR7O7YJJHzDERSHMog58Oi3o,99 Speedmart 3666 Laman Damai Kepong,"No: B-0-5 & B-0-6 (Ground Floor Laman Damai Kepong Jalan Kuang Bertam, 9, Jalan 18",Kuala Lumpur,3.2101676,101.6377272,3.7,7,03-3362 6863,Convenience,Conv - 99 Speedmart,Tier 1,7.69
ChIJVT8QmqDGzTERdO-2XbKRMro,CAFé by 7-Eleven Putra Point Nilai Negeri Sembilan (821),"PT 12170 (GF), Jalan BBN 1/1F Putra Point 2B Bandar Baru Nilai, PT 7438, Jalan BBN 1/2f, Bandar Baru Nilai",Nilai,2.81308,101.7929459,3.2,10,06-799 0526,Hyper,Hyper - Other regional chain,Tier 1,7.67
ChIJk6s_AT25zTERp9Mux2gIX-Q,99 Speedmart 2767 Jasper Square,"No: 39 & 41 (Ground Floor Jalan Sunsuria 1B/3 Jasper Square Bandar, Persiaran Sunsuria",Sepang,2.8390198,101.7010947,3.2,10,03-3362 6863,Convenience,Conv - 99 Speedmart,Tier 1,7.67
ChIJe8cOl9lLzDER3VtA2Sojye0,99 Speedmart 1334 Zest Point,"ZP-G-1, Jalan, Lebuhraya Bukit Jalil",Puchong,3.0527184,101.6530685,3.2,10,03-3362 6863,Convenience,Conv - 99 Speedmart,Tier 1,7.67
ChIJ85JWovOtzTERBG7NbGOYY8o,99 Speedmart 1175 Pusat Bandar Latania,"Pusat Bandar Latania, No: 6 & 8, Jalan Nagasari E 36/E, Seksyen 36",Shah Alam,3.0219271,101.4826186,2.9,13,03-3362 6863,Convenience,Conv - 99 Speedmart,Tier 1,7.65
ChIJ0-bfkNqzzTERTjRf5zFHJaw,99 Speedmart 1564 Puchong KOI,"No: 7, Jalan Puchong Batu 13 1/2 Pusat Kommercial KOI",Puchong,3.0091822,101.6151275,2.7,16,03-3362 6863,Convenience,Conv - 99 Speedmart,Tier 1,7.65
ChIJy8J488FJzDERqpCprwmLwBA,KK Super Mart,"13, Jalan Tun Sambanthan 4, Brickfields",Kuala Lumpur,3.1329431,101.6893679,2.1,37,016-488 3308,Convenience,Conv - KK Mart,Tier 1,7.64
ChIJWaNt7I-yzTERBxKgA3QNeUw,KK Super Mart Kota Kemuning (KK31),"22, Jalan Anggerik Vanilla R31/R, Kota Kamuning, Sekysen 31",Shah Alam,3.0049144,101.5371264,2.5,20,016-330 8162,Convenience,Conv - KK Mart,Tier 1,7.61
ChIJp0ftyWTNzTERYgT3eMSKqP4,HOMES FRESH GROCER SAUJANA,"23A-G, 25-G, 26-G & 27-G, Jalan Mutiara 1, Mutiara Heights",Kajang,3.0107938,101.8132941,3.3,9,012-501 5263,Super/Groceries,Super - Sundry/grocer,Tier 1,7.6
ChIJp3PonH_MzTER4a4_-6qx0vE,99 Speedmart 1324 Taman Bukit Mewah 1,"No: 31 & 33, Jalan Bukit Mewah 10a, Taman Bukit Mewah",Kajang,2.9908752,101.7988542,3.3,9,03-3362 6863,Convenience,Conv - 99 Speedmart,Tier 1,7.6
ChIJ0RisYSdLzDERUTJit4JPamc,99 Speedmart 3667 Bandar Kinrara 3,"No: 6 & 8 (Ground Floor, Jalan BK 3/2, Bandar Kinrara",Puchong,3.0532785,101.6382941,3.3,9,03-3362 6863,Convenience,Conv - 99 Speedmart,Tier 1,7.6
ChIJYSdcMCVIzDERoZ9Rv_wLq_w,KK SUPER MART Jalan Raja Laut (JRL),"296, Jalan Raja Laut, Chow Kit",Kuala Lumpur,3.1630949,101.6961188,3.3,9,03-2691 3308,Convenience,Conv - KK Mart,Tier 1,7.6
ChIJw50pyVv3zDER7X6wWm1n8Jo,99 Speedmart 1051 Sasaran 1,"3 & 4, Jalan Muara 2",Jeram,3.2606436,101.3052391,3.3,9,03-3362 6863,Convenience,Conv - 99 Speedmart,Tier 1,7.6
ChIJsQD3bblHzDERxgiaHFszZlQ,99 Speedmart 1462 Pinggiran Batu Caves 2,"No: 40 (GF, Jalan Pinggiran 2/2, Taman Pinggiran",Batu Caves,3.2558174,101.6941822,3.3,9,03-3362 6863,Convenience,Conv - 99 Speedmart,Tier 1,7.6
ChIJqW149rQ5zDER5IErp9-unuE,Pasar Mini Al Ain,"53100, 5424-5439, Jalan J 9, Taman Melawati",Kuala Lumpur,3.2127704,101.7547003,4.2,5,03-4108 0204,Super/Groceries,Super - Independent local,Tier 1,7.53
ChIJc3TvBHGxzTER-1itT_OsBME,Pengusaha Cendawan Tiram,"Jalan Surau, Kampung Jenjarom",Jenjarom,2.8963221,101.5363983,4.2,5,,Hyper,Hyper - Other regional chain,Tier 1,7.53
ChIJMYuGOM9-zDER6UjzoAlvkeY,SueLee Enterprise,"No3, Kaw Perniagaan, B33, Desa Maju Sungai Tengi",Kuala Kubu Baru,3.6155687,101.4239454,4.2,5,03-6042 1072,Hyper,Hyper - Other regional chain,Tier 1,7.53
ChIJuySeP9HnzTER54mvlRABPbk,CT Norhaliza Petromart,"Jalan Tampin, Negeri Sembilan",Seremban,2.6787147,101.9796945,4.2,5,,Convenience,Conv - Indie mart,Tier 1,7.53
ChIJ7X4fSJndzTERcvSkMIOzk0k,"KK SUPER MART Seremban, Jalan Temiang (SJT)","74G, Jalan Temiang",Seremban,2.7329278,101.9378311,4.2,5,010-276 6308,Convenience,Conv - KK Mart,Tier 1,7.53
ChIJFdd5g87JzTERKHTbx9y5vmY,Express Mart Putrajaya,Presint 15,"Kuala Lumpur, Petaling Jaya, Shah Alam, Klang, Subang Jaya, Cheras, Ampang, Cyberjaya, Putrajaya, Kajang, 68100 Selayang, Damansara",2.9416115,101.7166527,4.2,5,019-396 5238,Convenience,Conv - Indie mart,Tier 1,7.53
ChIJC687cyixzTERz9RnHh6nMPM,PP ONE MINI MARKET,"Jalan Putra Perdana 5h, Taman Putra Perdana",Puchong,2.9413867,101.6105399,4.2,5,03-8319 4955,Convenience,Conv - Mini-mart,Tier 1,7.53
ChIJrUh4gV_JzTERh3qFMjTiY3Q,99 Speedmart 2566 Bangi Sek 16,No: 5 & 7 (Ground Floor Jalan 6B/6 Bandar Baru Bangi,Bangi,2.9392709,101.7670293,4.2,5,03-3362 6863,Convenience,Conv - 99 Speedmart,Tier 1,7.53
ChIJsdO8pT_LzTEREWIn2RmIUkg,99 Speedmart 3630 Kawasan Perniagaan Desa Ria Cheras,"No: 65-G & 67-G (Ground Floor, Blok A, Jalan PDR 5, Kawasan Perniagaan Desa Ria",Cheras,3.024507,101.7461758,4.2,5,03-3362 6863,Convenience,Conv - 99 Speedmart,Tier 1,7.53
ChIJoUdOHj5JzDER8HD2aUpdw48,BellyDeli Grocer,"G-05, Societe Suites, Jalan 19/70a, Desa Sri Hartamas",Kuala Lumpur,3.1615946,101.6487849,4.2,5,011-1435 3601,Convenience,Conv - Sundry/grocer,Tier 1,7.53
ChIJ7e_hrF45zDER0H-GHeN7lM8,Ehsan Mart Taman Melawati,"No. 5445-G, Jalan J9, Taman Melawati",Kuala Lumpur,3.2123496,101.7543528,4.2,5,,Convenience,Conv - Indie mart,Tier 1,7.53
ChIJ-8u8noG3zTEREWbKILh8wlM,99 Speedmart 3332 Taman Putra Perdana 5,"6A (Ground Floor, No: GM-2A, GM-4A & GM, Jalan Putra Perdana 5c/1, Taman Putra Perdana",Puchong,2.9448337,101.6162238,3.6,7,03-3362 6863,Convenience,Conv - 99 Speedmart,Tier 1,7.49
ChIJxWRvw5nNzTER0A2VYX3SQf4,ECONSAVE Mart Kajang,"22, Jalan Damai Mewah 1, Taman Damai Mewah",Kajang,2.9868854,101.8097754,3.6,7,,Convenience,Conv - Indie mart,Tier 1,7.49
ChIJG76E7sdNzDERW_NGv7Bxu-0,Cottage Grocer Alam Sanjung,"G-02, Alam Sanjung, Jalan Budiman 22/3, Seksyen 22 Alam Sanjung",Shah Alam,3.0687897,101.5534652,3.6,7,011-3956 9502,Convenience,Conv - Sundry/grocer,Tier 1,7.49
ChIJ81qg36ZLzDERTCqEOnWp7-c,99 Speedmart Razak City Residences,"No: B-G-25 (Ground Floor, Razak City Residensi, Jalan Sungai Besi",Kuala Lumpur,3.1080379,101.7056059,2.7,15,03-3362 6863,Convenience,Conv - 99 Speedmart,Tier 1,7.49
ChIJQfOc0Bs5zDERfk5ea2lnfak,99 Speedmart 2600 Wangsa Maju 2,"No: B-0-3 & B-0-4 (Ground Floor Vista Wira, 2, Jalan 4/27a, Seksyen 2 Wangsa Maju",Kuala Lumpur,3.2104645,101.7322761,3.6,7,03-3362 6863,Convenience,Conv - 99 Speedmart,Tier 1,7.49
ChIJD-XR9wHEzTERyfPxvs12p04,7-Eleven KTM Nilai,"1, Jalan Terminal Nilai 1, Pekan Nilai",Nilai,2.8021094,101.7989347,3.4,8,06-799 6639,Hyper,Hyper - Other regional chain,Tier 1,7.47
ChIJTemVR_bBzTERoJetLX_xCVw,99 Speedmart 1433 Taman Salak Baiduri,"No: 1, Jalan Baiduri 1, Taman Salak Baiduri, Kampung Salak Tinggi",Sepang,2.7901076,101.7489645,3.4,8,03-3362 6863,Convenience,Conv - 99 Speedmart,Tier 1,7.47
ChIJbfx0PO5TzDEReg3akWqvaEg,99 Speedmart 1498 Setia Alam 3,"No: 3 & 5, Jalan Setia Murni AF UB/AF, Bandar Setia Alam, Seksyen, U13 Shah Alam",Shah Alam,3.1104237,101.4477198,3.4,8,03-3362 6863,Convenience,Conv - 99 Speedmart,Tier 1,7.47
ChIJa7tcPDY4zDERZdcBKeH53dw,99 Speedmart 1580 Wangsa Setia,"No: 44 & 46, Jalan Wangsa Setia 4, Wangsa Melawati",Kuala Lumpur,3.2091513,101.7449898,3.0,11,03-3362 6863,Super/Groceries,Super - 99 Speedmart,Tier 1,7.45
ChIJi2rDBgBTzDERaGJQha15xKc,KK Super Mart Alam Avenue (SF16),"A-3A-G, JALAN SERAI WANGI F 16/F, Persiaran Selangor, Alam Avenue",Shah Alam,3.0577844,101.4914477,2.9,12,,Convenience,Conv - KK Mart,Tier 1,7.44
ChIJAAAAAAAAAAARTCiq8uWQTLQ,KK SUPER MART Pelangi Square (PSQ),"A-G-15, Pelangi Square Business Centre, PJU 6, Persiaran Surian",Petaling Jaya,3.1541952,101.6031152,2.9,12,016-330 8062,Convenience,Conv - KK Mart,Tier 1,7.44
ChIJjVUG1MZHzDERorf3OZVmSLo,99 Speedmart 1107 Pinggiran Batu Caves 1,"NO: 29, 31 & 33, Jalan PGN 1A/1, Taman Pinggiran",Batu Caves,3.2506344,101.6922039,3.1,10,03-3362 6863,Convenience,Conv - 99 Speedmart,Tier 1,7.43
ChIJA2cam6TDzTERJQTzKq_1m84,Lumayan mini market,Lot222 batu8,Labu,2.7437745,101.856795,3.8,6,05-845 6336,Super/Groceries,Super - Independent local,Tier 1,7.39
ChIJG3bF1ejdzTERbOax_RotI3w,"KK SUPER MART Seremban, Taman Bukit Coral (SBC)","No.233G, Persiaran Bukit Coral 1, Taman Bukit Coral",Seremban,2.7525521,101.9553155,2.8,13,011-7039 0545,Convenience,Conv - KK Mart,Tier 1,7.39
ChIJDUZl0_5NzDERdQyPwnpGqLY,99 Speedmart 2813 Shah Alam Sek 11,"Ground Floor, No: 11A & 15, Jalan Wau A 11/A, Seksyen 11",Shah Alam,3.0754211,101.5290004,3.8,6,03-3362 6863,Convenience,Conv - 99 Speedmart,Tier 1,7.39
ChIJCzJ5bmg1zDERwg66RaDMeS8,99 Speedmart 2489 Bandar Tun Hussein Onn 2,"Ground Floor, No: 9 & 10, Jalan Suasana 2/7a, Tun Hussein Onn",Cheras,3.0503169,101.7646037,2.8,13,03-3362 6863,Convenience,Conv - 99 Speedmart,Tier 1,7.39
ChIJ3dlrCypJzDERYmvnmv0EKHQ,99 Speedmart 2970 Jalan Raja Bot,"No: 50 & 52 (Ground Floor, Jalan Raja Bot",Kuala Lumpur,3.1656857,101.7007637,3.8,6,03-3362 6863,Convenience,Conv - 99 Speedmart,Tier 1,7.39
ChIJ____P_hGzDERfb-PRrpCxYM,Perniagaan Kedai Runcit Dan Ubat Fook Sung,"No. 25, Lorong 6B, Taman Intan Baiduri",Kuala Lumpur,3.2335512,101.6485102,3.8,6,03-6136 6200,Convenience,Conv - Kedai runcit,Tier 1,7.39
ChIJefAv4H9fzDER08dAASv6AxM,Kedai Ubat Dan Pasaraya Ijok Wei Poh,"23 & 23A, Jalan Sejati 1, Taman Sejati",Bukit Rotan,3.3143084,101.4116401,3.8,6,03-3279 3323,Convenience,Conv - Generic kedai,Tier 1,7.39
ChIJJx9wOXT1zDERCWVzRojzSoY,99 Speedmart 1279 Kuala Selangor 2,"No: 71 & 73 (Gound Floor, Jalan Medan Niaga 2",Kuala Selangor,3.3211133,101.2711682,3.8,6,03-3362 6863,Convenience,Conv - 99 Speedmart,Tier 1,7.39
ChIJqzDHaQHnzTERNglMLh1-ZOw,99 Speedmart 1638 (NS) Rasah Jaya 1,"Ground Floor, No: 665 & 666, Jalan RJ 1/15, Taman Rasah Jaya",Seremban,2.682552,101.9394996,3.2,9,03-3362 6863,Convenience,Conv - 99 Speedmart,Tier 1,7.37
ChIJ8-6YRKHGzTERafMKxI4tCco,KK SUPER MART Bandar Baru Nilai (BN2),"PT7440, Jalan BBN 1/2F, Pusat Bandar Putra Point, Bandar Baru Nilai",Nilai,2.8130103,101.7931068,3.2,9,016-330 8245,Convenience,Conv - KK Mart,Tier 1,7.37
ChIJ94xNx3_MzTERS3a3L8IKbbs,KK SUPER MART Sungai Jelok (SJL),"17-1, Jalan Pusat Perniagaan 1, Pusat Perniagaan Sungai Jelok",Kajang,2.9920277,101.7996788,3.2,9,016-330 8474,Convenience,Conv - KK Mart,Tier 1,7.37
ChIJwRBbid1TzDER2aF6w5YL3tg,99 Speedmart 1372 Shah Alam Sek 24,"No: 1, Jalan Kangkung Puteri 24/7, Seksyen 24",Shah Alam,3.0429029,101.5229563,2.6,16,03-3362 6863,Convenience,Conv - 99 Speedmart,Tier 1,7.37
ChIJTZeEOjlNzDERO24y8blQePE,99 Speedmart 2615 Grand Subang SS13,"No: G-02 (Ground Floor Grand Subang, Jalan SS 13/3, Ss 13",Subang Jaya,3.0702356,101.5968491,3.2,9,03-3362 6863,Convenience,Conv - 99 Speedmart,Tier 1,7.37
ChIJweopi6I0zDER6y4CEVY0yf4,PASAR MINI AL AJAAS,"37, Jalan Temenggung 3/9, Bandar Mahkota Cheras",Kajang,3.0508956,101.7893181,3.2,9,03-9011 9661,Convenience,Conv - Mini-mart,Tier 1,7.37
ChIJu_vvzqg0zDERsL9yFoUXTsQ,KK SUPER MART Sungai Long (SLG),"43, Jalan SL 1/4, Bandar Sungai Long",Kajang,3.0397601,101.7926235,2.6,16,016-330 8350,Convenience,Conv - KK Mart,Tier 1,7.37
ChIJde8M8lY1zDERaxRQAN6r3KM,"KK Super Mart Cheras, Tun Perak ( CPR )","9, Jalan Tun Perak 6, Taman Tun Perak",Cheras,3.0588479,101.7580378,3.2,9,,Convenience,Conv - KK Mart,Tier 1,7.37
ChIJLyYTN-hHzDER81z_lgbGygk,99 Speedmart 1934 Laman Rimbunan,"Ground Floor, No: 106 & 108, 106-1, Jalan Rimbunan Raya, Laman Rimbunan",Kuala Lumpur,3.2123196,101.6484969,3.2,9,03-3362 6863,Convenience,Conv - 99 Speedmart,Tier 1,7.37
ChIJ_0UMm99NzDERGQbZoQVL_Eg,99 Speedmart 1144 Shah Alam Sek 20,"No.12 & 14, Jalan Singa D 20/D, Seksyen 20",Shah Alam,3.05517,101.542023,2.5,18,03-3362 6863,Convenience,Conv - 99 Speedmart,Tier 1,7.36
ChIJNzsjm_pSzDERF3lwF6_EL0o,99 Speedmart 1080 Shah Alam Sek 7 (1),"No: QG 43 & QG 45, Jalan Plumbum U 7/U, Seksyen 7",Shah Alam,3.0671082,101.4901879,2.2,27,03-3362 6863,Convenience,Conv - 99 Speedmart,Tier 1,7.33
ChIJBZwYnWJJzDERq6aiqnw2CFw,"KK Super Mart Petaling Jaya, Jalan Bukit (PBK)","No. 31, Jalan Bukit 11/2, Pjs 11, Pjs 11",Petaling Jaya,3.1105395,101.6454695,2.3,23,016-512 3308,Convenience,Conv - KK Mart,Tier 1,7.31
ChIJlRIQASTnzTERAoaqQfeQv9o,"KK SUPER MART Seremban, Taman Seremban Jaya (SSRJ)","No: 3961-G, Jalan SJ 8/4, Taman Seremban Jaya",Seremban,2.6746569,101.9780749,3.3,8,,Convenience,Conv - KK Mart,Tier 1,7.25
ChIJPzfjwQxLzDERSLJQZueV1zM,99 Speedmart 2592 Endah Promenade,"No: A-G-3 & A-G-3A (Ground Floor Endah Promenade Jalan 3/149E Taman Sri Endah, Bandar Baru Sri Petaling",Kuala Lumpur,3.0638762,101.6972533,3.3,8,03-3362 6863,Convenience,Conv - 99 Speedmart,Tier 1,7.25
ChIJ32CdSIRdzDER8ZF3UccxGYQ,"KK Super Mart Rawang, Kundang (RKD)","Lot 43E, Jalan Kbk 5, Kampung Baru Kundang",Rawang,3.2793397,101.5138267,3.3,8,,Convenience,Conv - KK Mart,Tier 1,7.25
ChIJE2-Lf1TLzTERcyymGlBtnXk,Mumin Mini Market,"A01-03, Residensi Rimbun Jalan Zamrud Utama, Persiaran Kajang 2",Kajang,2.9575459,101.7950918,4.5,4,017-232 4107,Super/Groceries,Super - Independent local,Tier 1,7.24
ChIJe4i7IHpHzDER5xJ92oUZej8,"7-Eleven 1092 Jln Samudra Utara 2 , Taman Samudra, Batu Caves","592g, Jalan Samudera Utara 2, Taman Samudra",Batu Caves,3.2350444,101.6977373,4.5,4,03-6187 3125,Hyper,Hyper - Other regional chain,Tier 1,7.24
ChIJ58FbMwAFzDER7vobVprCi80,Pasaraya Mempaga Segar,"4, Jalan Masjid Mempaga, Mempaga 1",Bentong,3.5438901,101.9645512,4.5,4,,Hyper,Hyper - Other regional chain,Tier 1,7.24
ChIJl2fp4w7nzTERC25uHTyvkHI,99 Speedmart 3288 (NS) Taman Bukit Emas,"No: 26 & 27 (Ground Floor Jalan Bukit Emas, 2, Jalan Tampin, Taman Bukit Emas",Seremban,2.6891331,101.969595,4.5,4,03-3362 6863,Convenience,Conv - 99 Speedmart,Tier 1,7.24
ChIJkWOHBKjFzTER_DuRvyNiKFU,Embun Halal Mart,"579, Jalan TM 1, Taman Mulia",Mantin,2.8452972,101.8432046,4.5,4,019-392 7000,Convenience,Conv - Indie mart,Tier 1,7.24
ChIJJVKPRsnnzTERYhBGamNwGAg,99 Speedmart 1347 (NS) Garden Homes,"No: 118 & 119 (GF, Jalan S2 F2, Garden Homes Seremban 2",Seremban,2.6851231,101.907326,2.9,11,03-3362 6863,Convenience,Conv - 99 Speedmart,Tier 1,7.21
ChIJJ0pR0kSjzTER3meKSg0hSww,99 Speedmart 1047 Kampung Sungai Lang,"No.40-42, Jalan Bersatu Dua, Taman Bersatu, 34, Jalan Bersatu 1, Kampung Sungai Lang",Banting,2.790245,101.5102694,2.9,11,03-3362 6863,Convenience,Conv - 99 Speedmart,Tier 1,7.21
ChIJJS8Wqw9HzDERe5TwRPf-VX8,"BAHULU, KEREPEK & GOODIES (NARIZ MART)","G-11, PANGSAPURI RIA, Jalan Amaniah Mulia 5, Taman Amaniah Mulia",Batu Caves,3.2378893,101.6755574,3.7,6,014-992 2372,Super/Groceries,Super - Indie retail,Tier 1,7.2
ChIJX4sT_C3dzTERd7-wZDgIiCU,99 Speedmart 1403 (NS) Taman Sri Pulai,"3, No: 1057 & 1058 (GF, Lorong Sri Pulai 38/2, Taman Sri Pulai",Seremban,2.7487084,101.9482421,3.7,6,03-3362 6863,Convenience,Conv - 99 Speedmart,Tier 1,7.2
ChIJuSgvlr3JzTERcOBePkwJIJQ,99 Speedmart 2924 Vista Bangi,"No: 1-12 & 1-13 (Ground Floor Vista Bangi, Batu 18 3/4, Jalan TB 1/1",Cheras,2.9456474,101.7855223,3.7,6,03-3362 6863,Convenience,Conv - 99 Speedmart,Tier 1,7.2
ChIJofW4BW7NzTER8QJQ4ABUSsc,99 Speedmart 3031 Taman Bukit Mewah 3,"No : G-1 (Ground Floor Mewah 9 Residence, Jalan Bukit Mewah 9/1, Taman Bukit Mewah",Semenyih,2.9754609,101.8102137,3.7,6,03-3362 6863,Convenience,Conv - 99 Speedmart,Tier 1,7.2
ChIJMdTrzyjPzTERANKxHFNgTuA,99 Speedmart 2351 • Taman Pelangi Semenyih 2,"Ground Floor, No: 27 & 29, Jalan Tps 1/6, Taman Pelangi Semenyih",Semenyih,2.9314441,101.8575346,3.7,6,03-3362 6863,Convenience,Conv - 99 Speedmart,Tier 1,7.2
ChIJH14h18xDzDERhrao_7yfqFQ,99 Speedmart 2725 Setia Eco Templer,"3 & 3A, Jalan 3, 1, Persiaran Setia Eco Templer",Rawang,3.2885273,101.6384967,3.7,6,03-3362 6863,Convenience,Conv - 99 Speedmart,Tier 1,7.2
ChIJdS4AuJW_zTERkFlnszKnMY0,"KK SUPER MART KLIA2, Gateway (GWY)","Unit L1-09 & L1-10, Level 1, Gateway @ KLIA 2, Terminal KLIA 2, KL International Airport, Jalan KLIA 2/1, KLIA",Sepang,2.7440889,101.6856391,2.4,19,016-330 8447,Convenience,Conv - KK Mart,Tier 1,7.19
ChIJvyx0N-LhzTER8lKkHDM-10Y,"KK SUPER MART Seremban, Taman Senawang Jaya (SSNJ)","324-G, Jalan Berlian, Taman Senawang Jaya",Seremban,2.6917608,101.984123,3.0,10,,Convenience,Conv - KK Mart,Tier 1,7.19
ChIJ8SnS6eq3zTERfW0TOz_oYcE,ECONSAVE Mart Menara Paragon,"Menara Paragon, GF-13A, Persiaran Bestari, Cyber 11",Cyberjaya,2.9244813,101.6371878,3.0,10,,Convenience,Conv - Indie mart,Tier 1,7.19
ChIJi-eBco9azDERCCaN2jfDHKw,"KK Super Mart Sungai Buloh, Saujana Utama 3 (SSU)","28, Jalan Bidara 6/3, Saujana Utama 3",Sungai Buloh,3.2041835,101.4871636,3.0,10,03-6039 6239,Convenience,Conv - KK Mart,Tier 1,7.19
ChIJHcXPxwjPzTERJFzJmkiE74U,"KK SUPER MART SEMENYIH, BANDAR TASIK KESUMA (STK)","19, Jalan Kesuma 3/2, Bandar Tasik Kesuma",Beranang,2.9067017,101.8651339,2.8,12,,Convenience,Conv - KK Mart,Tier 1,7.18
ChIJI0WSZHRPzDERlRtQrBeo5T0,"KK SUPER MART Kota Damansara, Jalan Pekaka (KDP)","4-1, Jalan Pekaka 8/4, Seksyen 8, Kota Damansara",Petaling Jaya,3.1758102,101.5761197,2.8,12,016-327 3308,Convenience,Conv - KK Mart,Tier 1,7.18
ChIJcZv7iS9IzDERxEFL5T0Ie98,SURIA WHOLESALER SDN BHD,"21, Jalan Tengku Ampuan Zabedah B 9/B, Seksyen 9",Shah Alam,3.0820201,101.5272133,4.0,5,011-2110 0664,Super/Groceries,Super - Indie retail,Tier 1,7.17
ChIJk-YR23_MzTERt3N2U-3ctG0,Selection Groceries Sdn Bhd,"G, Jalan Pusat Perniagaan 2",Kajang,2.9926252,101.7998577,4.0,5,,Super/Groceries,Super - Sundry/grocer,Tier 1,7.17
ChIJkaICJSRIzDEREi7Mzbx0Btc,Kedai Widyawati,"59, Lorong Raja Bot",Kuala Lumpur,3.1642893,101.7006628,4.0,5,03-2691 5580,Super/Groceries,Super - Generic kedai,Tier 1,7.17
ChIJXVTVZDFHzDERL-trnu4Ott8,Kedai Runcit Maryani,"Lot 2113-16c, Lorong Balairaya, Kampung Sungai Merali, Wilayah Persekutuan, Kampung Sungai Merali",Kuala Lumpur,3.1997843,101.7016149,4.0,5,,Super/Groceries,Super - Sundry/grocer,Tier 1,7.17
ChIJv9QVLQ9HzDER8-15qrHfvIY,Adzhim Mart,"68100, 1-10, Jalan Batu Caves, Taman Amaniah",Batu Caves,3.2355296,101.6749199,4.0,5,012-396 1321,Super/Groceries,Super - Indie retail,Tier 1,7.17
ChIJER_OL8fgzTERqRdAhQHu-FU,99 Speedmart 1690 (NS) Taman Widuri Indah,"No 97 & 98 (Ground Floor, Jalan Widuri Indah 5, Taman Widuri Indah",Senawang,2.6960907,101.9968137,4.0,5,03-3362 6863,Convenience,Conv - 99 Speedmart,Tier 1,7.17
ChIJfRsNRjrnzTERTRthmjsquu4,99 Speedmart 1768 (NS) Taman Seremban Jaya 2,"Ground Floor, PT 2511, Jalan SJ 2/1, Taman Seremban Jaya",Seremban,2.6822907,101.9728561,4.0,5,03-3362 6863,Convenience,Conv - 99 Speedmart,Tier 1,7.17
ChIJqcQ9JiakzTERk1G3wDaNipc,Pasar Mini Dua Tiga Tiga Satu,Kampung Kathong,Banting,2.8301702,101.4375274,4.0,5,,Convenience,Conv - Mini-mart,Tier 1,7.17
ChIJ-6lU89jJzTER3oPlKSBy-YU,"KK SUPER MART Bangi, Seksyen 4 2(BS42)","No: 6, Jalan 4/1b, Seksyen 4 Tambahan Bandar Baru Bangi",Bandar Baru Bangi,2.9541205,101.7788307,4.0,5,011-2823 4517,Convenience,Conv - KK Mart,Tier 1,7.17
ChIJ56Oag8NJzDERmYJjqf4smdc,BilaBila Mart - Setia Bakti,"69, Jalan Setia Bakti, Bukit Damansara",Kuala Lumpur,3.1552544,101.6561266,4.0,5,,Convenience,Conv - BilaBila Mart,Tier 1,7.17
ChIJQd9GNstFzDERZob-OhFpMd0,99 Speedmart 3624 Saujana Utama 2,"No: 1 & 3 (Ground Floor, Jalan Melur 2, Taman Saujana Utama",Sungai Buloh,3.2105161,101.4796938,4.0,5,03-3362 6863,Convenience,Conv - 99 Speedmart,Tier 1,7.17
ChIJX7yNejZFzDER-GMznhZYDEo,99 Speedmart 2690 Bandar Baru Sungai Buloh 2,"No: 572 & 573 (Ground Floor Jalan 1B/7, Seksyen U20, Bandar Baru Sungai Buloh",Shah Alam,3.2161629,101.5658374,4.0,5,03-3362 6863,Convenience,Conv - 99 Speedmart,Tier 1,7.17
ChIJteHMvyfLzTERKmamoc43-rM,Econsave Hentian Kajang - Pasar Ekonomi Mart,"No 16G, Jalan Hentian 1, Off, Jalan TB 1/1, Pusat Hentian Kajang",Kajang,2.9573841,101.7904081,3.1,9,03-8740 2130,Convenience,Conv - Indie mart,Tier 1,7.14
ChIJmSrvRGxRzDER0tOf8wwvJrc,99 Speedmart 2250 Setia Alam 6,"No: 16 & 18 (Ground Floor), Jalan Setia Utama AS, U13/AS Setia Alam, 40170 Shah Alam, Selangor Darul, Setia Alam",Shah Alam,3.1242604,101.467448,3.1,9,03-3362 6863,Convenience,Conv - 99 Speedmart,Tier 1,7.14
ChIJnUvqyhtPzDERjc6CFLrNL60,99 Speedmart 3075 Elmina East 2,"AB U16/AB, No: 3 & 5 (Ground Floor, Persiaran Eserina, Elmina East",Shah Alam,3.1849575,101.5272708,3.1,9,03-3362 6863,Convenience,Conv - 99 Speedmart,Tier 1,7.14
ChIJM_aFyj5PzDERSJ8Cw6Nk3jI,99 Speedmart 2203 Subang Perdana 2,"No : 25 & 27 (Ground Floor), Jalan SP 2/2, Taman Subang Perdana 2, Seksyen U3",Shah Alam,3.1505217,101.5424234,3.1,9,03-3362 6863,Convenience,Conv - 99 Speedmart,Tier 1,7.14
ChIJjaYwPPxLzDERd5pVmkSofPU,KK SUPER MART Sea Park (SEA),"15, Jalan 21/17, Sea Park",Petaling Jaya,3.109438,101.6224693,2.7,13,016-330 8407,Convenience,Conv - KK Mart,Tier 1,7.13
ChIJDxxZz33OzTERC4apudyL1Zo,KK SUPER MART Taman Semenyih (TSM),"3, Jalan Semenyih Impian 7, Taman Semenyih Impian",Semenyih,2.9553614,101.8444422,3.4,7,016-330 8470,Convenience,Conv - KK Mart,Tier 1,7.07
ChIJNR5sqM7IzTERY96bUoD4_74,99 Speedmart 1611 Taman Bangi Avenue,"No: 22 & 24A (Ground Floor), Jalan Bangi Avenue, 1/8, Taman, Bangi Avenue",Kajang,2.9003281,101.7920608,2.6,14,03-3362 6863,Convenience,Conv - 99 Speedmart,Tier 1,7.04
ChIJb9sdXAA3zDER2o1w9qr7BRo,Pasaraya Fresh Grocer,"100, 102 & 104, Amber Plaza, 3A, Jalan Jelawat 1",Cheras,3.112358,101.7150266,2.8,11,03-9226 5451,Super/Groceries,Super - Sundry/grocer,Tier 1,6.96
ChIJkXUcn3y1zTERCf374fEihh8,KK SUPER MART Seri Kembangan Universiti Indah(SKUI),"No.3, Jalan Indah 2/10, Taman Universiti Indah",Seri Kembangan,3.0053967,101.6910775,2.8,11,011-3126 5308,Convenience,Conv - KK Mart,Tier 1,6.96
ChIJ2SKSlKDGzTER6Wu-oARBxrU,KK SUPER MART Bandar Baru Nilai (BN1),"PT12171, Jalan BBN 1/1F, Pusat Bandar Putra Point, Bandar Baru Nilai",Nilai,2.8138754,101.7972075,2.9,10,016-330 8242,Convenience,Conv - KK Mart,Tier 1,6.95
ChIJa6Cge_nLzTERIDIt-AaWriM,99 Speedmart 1130 Taman Putra Budiman,"No.9, 11 & 13, Jalan Budiman 2/3 Putra Square, Taman Putra Budiman",Balakong,3.010733,101.736549,2.9,10,03-3362 6863,Convenience,Conv - 99 Speedmart,Tier 1,6.95
ChIJ5S2qADtIzDERyXCHlyHY1W0,JOM KE 3M Mini Market Meraya Regalia Apartment,"Jalan Anjung Putra, Off jalan Tun Sultan Ismail",50250,3.164099,101.6926071,2.9,10,03-2722 6869,Convenience,Conv - Mini-mart,Tier 1,6.95
ChIJfSmAC35MzDERyGsEZhRw6ls,KK Super Mart Bandar Sunway (BS),"38, Jalan PJS 11/28a, Bandar Sunway",Petaling Jaya,3.0732284,101.6097612,2.4,17,016-330 8152,Convenience,Conv - KK Mart,Tier 1,6.94
ChIJ01H8uolKzDER5e9_R6YawxU,KK Super Mart Sri Petaling (SPR),"163-G, Jalan Radin Bagus, Bandar Baru Sri Petaling",Kuala Lumpur,3.0710794,101.6917343,2.4,17,016-330 8496,Convenience,Conv - KK Mart,Tier 1,6.94
ChIJXfaOETu3zTER4V2kmDLNtxA,BM Xpress fresh mart,"12, Jalan Pinggiran Putra 4A/14, Desa Pingggiran Putra",Kajang,2.8968066,101.7044004,5.0,3,016-373 4737,Super/Groceries,Super - Indie retail,Tier 1,6.93
ChIJE0N7MQCtzTERnkLYqbjemF8,Sawatdee Thai Mini Market,"3, Ground Floor, Jalan Dato Yusuf Shahbudin 20, Taman Sentosa",Klang,3.0090113,101.4653661,5.0,3,018-668 0768,Super/Groceries,Super - Independent local,Tier 1,6.93
ChIJ123ZwsfNzTERHvebtyL-W_w,MRF STORE (mini market/sundry shop/pasar mini),"East, 5-G Jalan Kajang East Avenue Kajang",Semenyih,2.9574088,101.8385654,5.0,3,012-717 5823,Super/Groceries,Super - Independent local,Tier 1,6.93
ChIJL8oE21-rzTER5ny5M2Mgeok,LIZA MINI MARKET,"296, Persiaran Pegaga, Taman Bayu Perdana",Pelabuhan Klang,3.0172301,101.4319807,5.0,3,,Super/Groceries,Super - Independent local,Tier 1,6.93
ChIJhUQs76FTzDER6POT5U-Eel8,Ehsan Mart PKPS Seksyen 16,"Ehsan Mart, Jalan Dawai 16/2, Seksyen 16",Shah Alam,3.0602297,101.503076,5.0,3,019-316 2400,Super/Groceries,Super - Indie retail,Tier 1,6.93
ChIJCc10GvFTzDERY9GwoW2nd_o,Selendang Mart,"14, Jalan Selendang 10/10, Seksyen 10",Shah Alam,3.0810864,101.5245021,5.0,3,011-5374 1212,Super/Groceries,Super - Indie retail,Tier 1,6.93
ChIJ883Uo4HLzTERBGsdiQACGU8,My MartKajang,"4, Jalan Jelok 6, Bandar Kajang",Kajang,2.9913876,101.7942415,5.0,3,,Super/Groceries,Super - Indie retail,Tier 1,6.93
ChIJ-cop81lRzDERIac4wJbg1MU,Oceanic Super Mart,"8, Lorong Mahang, Taman Meru Utama",Klang,3.1268466,101.4409015,5.0,3,018-702 2990,Super/Groceries,Super - Independent local,Tier 1,6.93
ChIJDRlH-bhPzDERqg-ss3S1fps,ALIMAH SHOHAG ENTERPRISE,"k7, Jalan Dinar F U3/F, Taman Subang Perdana",Shah Alam,3.1512797,101.5447744,5.0,3,,Super/Groceries,Super - Indie retail,Tier 1,6.93
ChIJdzycLuFFzDER24szx755iaE,Pasar Mini Chong Yee Sang,"12, Jalan Wangsa 2/5, Taman Wangsa Permai",Kuala Lumpur,3.2086752,101.6105264,5.0,3,012-326 5735,Super/Groceries,Super - Independent local,Tier 1,6.93
ChIJhyJBW2Y3zDERrzkdgxbMgfA,HAN NA CHINA MART 中国超市,"2-00-27, D, Alamanda Pudu Impian, Jalan Pudu Impian",Kuala Lumpur,3.1210638,101.731284,5.0,3,017-290 8788,Super/Groceries,Super - Indie retail,Tier 1,6.93
ChIJG2H5fqE3zDERPd9g7EeIga8,JEJARI EMAS MINI MART,"Jalan 27/56, Taman Setiawangsa",Kuala Lumpur,3.1811755,101.748398,5.0,3,,Super/Groceries,Super - Indie retail,Tier 1,6.93
ChIJEwLJkOYLzjERHPMVdghw8WQ,Kedai Runcit Gan Hiap Seng,Kampung Tanjung Beringin,Seri Menanti,2.6985428,102.161708,5.0,3,,Convenience,Conv - Kedai runcit,Tier 1,6.93
ChIJBZdOky_nzTERm6aswXN5mPI,99 Speedmart 3695 (NS) Taman Negeri,"No: 2122 & 2123 (Ground Floor, Lorong Belatek 1/2, Taman Negeri",Seremban,2.6818461,101.9290705,5.0,3,03-3362 6863,Convenience,Conv - 99 Speedmart,Tier 1,6.93
ChIJH_D0SSu5zTERYamucn8B0eg,99 Speedmart 3297 Pusat Perdagangan Gemilang,"No: 53 (Ground Floor, Jalan Gemilang 1, Pusat Perdagangan Gemilang",Sepang,2.8079752,101.6984146,5.0,3,03-3362 6863,Convenience,Conv - 99 Speedmart,Tier 1,6.93
ChIJEchsTandzTER2dnzZZ1cCto,Richiamo Mart KPJ Seremban,"Lot 2, New Lobby of KPJ, Seremban Specialist Hospital, Lot 6219 & 6220, Jalan Toman 1, Kemayan Square",Seremban,2.7186092,101.9217919,5.0,3,06-651 7004,Convenience,Conv - Indie mart,Tier 1,6.93
ChIJM58gbsXdzTERPoZFHfSrPFg,KEDAI RUNCIT FAUZAN,"MEDAN SELERA AMPANGAN, 68, Jalan Kuala Pilah, Bandar Baru Ampangan",Seremban,2.7243658,101.9623074,5.0,3,017-648 9112,Convenience,Conv - Kedai runcit,Tier 1,6.93
ChIJGZ3nnizDzTERKc5Y61zG1WY,99 Speedmart 3688 (NS) Taman Bakti YNS,"No: 4 & 5 (Ground Floor, Jalan Bakti YNS 5/1, Taman Bakti YNS",Labu,2.7828885,101.8050642,5.0,3,03-3362 6863,Convenience,Conv - 99 Speedmart,Tier 1,6.93
ChIJ7RwrfgDFzTERqPsdJ4QLi8U,TIKTIK MART,"31, 5, Jalan Nilai Perdana, Taman Nilai Perdana",Nilai,2.8030968,101.8053494,5.0,3,,Convenience,Conv - Indie mart,Tier 1,6.93
ChIJe7evJADJzTERHiIcIWUJR1U,99 Speedmart 3626 Bandar Bukit Mahkota 2,"No. 46 & 48, Tingkat Bawah, Seksyen 2, Jalan BM 2/1, Bandar Bukit Mahkota",Kajang,2.8877186,101.7958564,5.0,3,03-3362 6863,Convenience,Conv - 99 Speedmart,Tier 1,6.93
ChIJt5rkKADJzTERFGz9XGVzYYA,99 Speedmart 3527 Putrajaya Presint 15 (2),"LG-1 (Ground Floor, 1, Jalan P15 H, Presint 15",Putrajaya,2.9378128,101.7150105,5.0,3,03-3362 6863,Convenience,Conv - 99 Speedmart,Tier 1,6.93
ChIJK4f7rFtLzDERIs6nSdT1vOM,99 Speedmart 2992 One Petaling,"No : G-01 (Ground Floor Pangsapuri 1 Petaling, Off, Jalan 1c/149, Sungai Besi",Kuala Lumpur,3.0679519,101.705303,5.0,3,03-3362 6863,Convenience,Conv - 99 Speedmart,Tier 1,6.93
ChIJR1S9JGM1zDERYqRPr9xF_14,"KK SUPER MART Sungai Besi, Lake Fields (SBL)","52A, Jalan Tasik Utama 5, Sungai Besi",Kuala Lumpur,3.0620475,101.7104277,2.7,12,016-528 3308,Convenience,Conv - KK Mart,Tier 1,6.93
ChIJG_E72xc1zDERr7kcFAh1Xfo,Kedai Serbaneka Bagus,"A-G-08, Damai Hillpark, Jalan Damai Perdana 6/1F, Bandar Damai Perdana",Balakong,3.0532201,101.7390913,5.0,3,,Convenience,Conv - Generic kedai,Tier 1,6.93
ChIJXUDmLeQ1zDER109Y3u5pWlc,Connaught China Mart Sdn. Bhd. 中国便利店 (中国超市),"B-G-1, Medan Connaught, Jalan 3/144a",cheras,3.0763426,101.7444821,5.0,3,03-9107 8892,Convenience,Conv - Indie mart,Tier 1,6.93
ChIJRWn2ONVTzDERNPq6vtfn5Xc,"KK Super Mart Shah Alam , Seksyen U13(2) ( S132 )","AF U13/AF, Seksyen U13, 17, Persiaran Setia Murni",Shah Alam,3.1099472,101.4476551,5.0,3,,Convenience,Conv - KK Mart,Tier 1,6.93
ChIJoYRyDjZJzDERbtUjSkbx3vs,DPR SPEEDMART,Section 13,Petaling Jaya,3.1139696,101.6396338,5.0,3,,Convenience,Conv - Indie mart,Tier 1,6.93
ChIJXazIDwA3zDER9cWWooXrnnE,Pasaraya 9 Grocer Pandan Perdana,"Jalan Perdana 4/8, Pandan Perdana",Kuala Lumpur,3.1208115,101.7432827,5.0,3,,Convenience,Conv - Sundry/grocer,Tier 1,6.93
ChIJHaqcEABPzDER_x4KmhvhFHg,GT Mart Subang U5,"No. 36, Jalan D U5/D, Bandar Pinggiran Subang",Shah Alam,3.1789264,101.5380403,5.0,3,,Convenience,Conv - Indie mart,Tier 1,6.93
ChIJYU8SDYBPzDER2ZPEjdgURkk,99 Speedmart 3740 Taman Subang Murni,"No: 41 & 43 (Ground Floor Jalan Zuhrah BH U5/BH Seksyen U5, Taman Subang Murni",Shah Alam,3.1627476,101.5437919,5.0,3,03-3362 6863,Convenience,Conv - 99 Speedmart,Tier 1,6.93
ChIJQ4sY4ThJzDERMOmtDQ54MpE,Vintage Mart Bistari Condominium,"Gerai 1, Bistari Condominium, Jalan 1/64D, Off, Jalan Putra",Kuala Lumpur,3.1681098,101.6934381,5.0,3,011-8888 0692,Convenience,Conv - Indie mart,Tier 1,6.93
ChIJ09BnymE3zDERpgDKaDkRVzc,Pasar Mini AA Basheer,Setiawangsa,Kuala Lumpur,3.1823431,101.7533504,5.0,3,019-253 7400,Convenience,Conv - Mini-mart,Tier 1,6.93
ChIJzykSacpbzDERk0I5p1Wjp-I,99 Speedmart 3862 Saujana Perdana,"No: B-G-51 & B-G-53 (Ground Floor, 8, Jalan Saujana Perdana 10, Saujana Perdana",Sungai Buloh,3.2173165,101.476482,5.0,3,03-3362 6863,Convenience,Conv - 99 Speedmart,Tier 1,6.93
ChIJVUIv14VazDERVEAWyKx7ZYs,Central Mart Saujana Utama- (Trendcell Sdn. Bhd.) JGSU,"2, Jalan Bidara 8",Sungai Buloh,3.2025808,101.4867827,5.0,3,03-7981 7589,Convenience,Conv - Indie mart,Tier 1,6.93
ChIJAy3jTDJbzDER02WjF2KaPhc,99 Speedmart 3338 Elmina West,"No: 5 & 6 (Ground Floor Jalan Casuarina, Elmina West, 56, Seksyen, U17 Shah Alam",Shah Alam,3.2083675,101.4969437,5.0,3,03-3362 6863,Convenience,Conv - 99 Speedmart,Tier 1,6.93
ChIJg9fnXLNdzDERKnfu0I5PPx4,"KK Super Mart Rawang , Bandar Tasik Puteri ( RTP)","No.66-G-A & 66-G-B, Jalan 7a/2, Bandar Tasik Puteri",Rawang,3.2838787,101.4733329,2.5,15,011-1675 9308,Convenience,Conv - KK Mart,Tier 1,6.93
ChIJRbdJmiM5zDERbP4QGLFOa74,K.S.E Mart (Mahallah Halimah Mart),"53100, Jalan Imam Malik",Kuala Lumpur,3.2588933,101.7345364,5.0,3,,Convenience,Conv - Indie mart,Tier 1,6.93
ChIJ-6z13iBHzDER3f6Kg7r_L48,SD Fresh Mart,"No.47, Jalan SG 10/4, Taman Sri Gombak",Batu Caves,3.2493702,101.6961956,5.0,3,011-6348 4795,Convenience,Conv - Indie mart,Tier 1,6.93
ChIJWUXRia0FzDERVsbFdE6kK4M,99 Speedmart 3334 (PH) Pusat Perniagaan Ketari,"No: TB-P1 & TB-P2 (Ground Floor, Pusat Perniagaan Ketari",Bentong,3.5206906,101.9128083,5.0,3,03-3362 6863,Convenience,Conv - 99 Speedmart,Tier 1,6.93
ChIJtVl9RNXnzTERxUaTABSdX9I,Pasar Mini Ban Cheong 万昌贸易药行酒庄迷你市场,"3834, Jalan SJ 8/3, Taman Seremban Jaya",Seremban,2.6748036,101.9774761,4.3,4,014-515 0319,Super/Groceries,Super - Independent local,Tier 1,6.92
ChIJGXAMzrCvzTER3HX_delXguA,Thanalechumy mini market,"Lot 314, Jalan Bandar lama, telok panglima garang",Banting,2.8933664,101.4585267,4.3,4,011-2722 2127,Super/Groceries,Super - Independent local,Tier 1,6.92
ChIJgwPW0H3OzTER4_K0w_do3_s,Pasar Mini Sri Rama,"No. 113, Jalan Besar, Pekan Semenyih, Selangor",Semenyih,2.946537,101.8456498,4.3,4,03-8723 8981,Super/Groceries,Super - Independent local,Tier 1,6.92
ChIJfa3NyZHnzTEROKmFCIXxFgA,FRESH MART,"1609, Jalan Rasah",Seremban,2.6896452,101.9341283,4.3,4,011-3633 3526,Convenience,Conv - Indie mart,Tier 1,6.92
ChIJCRxFzWGtzTERC04w7UYiPX0,99 Speedmart 3249 Taman Sentosa Perdana 2,"No: 42 (Ground Floor, Jalan Temenggung 1/KS7, Taman Sentosa Perdana 2",Klang,3.0091178,101.4782867,4.3,4,03-3362 6863,Convenience,Conv - 99 Speedmart,Tier 1,6.92
ChIJ58stw6g0zDER3bUiYhNhcro,99 Speedmart 1079 Sungai Long 1,"No.15 & 17, Jalan SL 1/3, Bandar Sungai Long",Kajang,3.0403664,101.7933729,2.1,26,03-3362 6863,Convenience,Conv - 99 Speedmart,Tier 1,6.92
ChIJ478lWxLnzTERq3qhvHgo9PM,"KK SUPER MART Seremban, Garden Homes (SGH)","No. 7, Jalan S2 F1, Garden Homes",Seremban,2.685025,101.9060158,2.2,22,016-220 8125,Convenience,Conv - KK Mart,Tier 1,6.9
ChIJFTWNdO61zTERuJgilrhQ8ww,KK Super Mart Bandar Puteri (2) (BPT2),"No: 38, 1, Jalan Puteri 7/10, Bandar Puteri",Puchong,3.0251395,101.6235365,2.3,19,,Convenience,Conv - KK Mart,Tier 1,6.89
ChIJ3fLx4JHFzTERKsAbuK-DsJU,Lido Supplier Sdn Bhd,"BLOCK D, 025, Jalan Nilai 3/2, Kawasan Perindustrian Nilai 3",Nilai,2.8532898,101.8011665,3.3,7,012-748 0620,Super/Groceries,Super - Indie retail,Tier 1,6.86
ChIJ-XKMgDKrzTERhetQuFK__D0,Econsave Bandar Bukit Tinggi 2 - Pasar Ekonomi Mart,"No.4 & 6, Lorong Batu Nilam 34B, Bandar Bukit Tinggi 2",Klang,2.9997202,101.431855,3.3,7,,Convenience,Conv - Indie mart,Tier 1,6.86
ChIJkTlLktfKzTERVOZSkAjpGik,KK Super Mart Taman Impian Ehsan (BIE),"3, Persiaran Impian, Taman Impian Ehsan",Seri Kembangan,3.0238186,101.7507063,3.3,7,016-330 8604,Convenience,Conv - KK Mart,Tier 1,6.86
ChIJdemTUeVIzDER53_7c25KVdI,KK Super Mart Seri Hartamas (SH),"10, Jalan 23/70a, Desa Sri Hartamas",Kuala Lumpur,3.161499,101.649492,2.6,13,016-330 8305,Convenience,Conv - KK Mart,Tier 1,6.86
ChIJRexw1DoVzDERsgIX3IA1Kuk,"KK Super Mart Genting, Jalan Permai (GPM)","Ground Floor, Lot PT21074, Jalan Permai 2",Genting Highlands,3.387106,101.7746772,3.3,7,010-768 5308,Convenience,Conv - KK Mart,Tier 1,6.86
ChIJW8TSePDpzTERbqhwzvQuJ44,Eco Fresh Value Mart (NB2),"No. 5-9, Jalan Nusari Biz 2, 71950 Bandar Sri Sendayan, Negeri Sembilan Negeri Sembilan 2",Bandar Sri Sendayan,2.6630317,101.8728996,3.1,8,06-672 0990,Super/Groceries,Super - Indie retail,Tier 1,6.81
ChIJzb9QPuSszTER6W37V4qs8g4,Zarinah Mini Mart,"31, Lorong 20A, Jalan Bendahara, Sungai Jati, Taman Sentosa, Klang, 41200, Klang",Selangor,3.0103371,101.4721349,3.1,8,014-686 8446,Super/Groceries,Super - Indie retail,Tier 1,6.81
ChIJeeMn7guzzTERjc7JwQsRGL4,Pro Mart,"61-4, Lorong Bistari 2, Kampung Seri Aman",Puchong,2.9997813,101.5882584,3.8,5,013-226 9616,Super/Groceries,Super - Indie retail,Tier 1,6.81
ChIJTVRy-ElJzDERbXmKlFiv9jM,Wan Xiang Mini Market,"15, Jalan SS 22/11, Damansara Jaya",Petaling Jaya,3.1315118,101.6212106,3.8,5,03-7728 0936,Super/Groceries,Super - Independent local,Tier 1,6.81
ChIJsyWRUXAFzDERi74nw2EEgow,7-Eleven,"No P9-1, Pusat Perniagaan Mutiara Gemilang, Jalan Tras, 28700, Bentong, Pahang, Jalan MG 1",Jalan Tras,3.5395388,101.9016113,3.8,5,09-223 3312,Hyper,Hyper - Other regional chain,Tier 1,6.81
ChIJF8XTBayyzTERsv48qY-6zhA,A & P Mini Market,"18, Jalan Bersatu 25/9, Taman Sri Muda Shah Alam, 40000",Selangor,3.0306976,101.5309988,3.8,5,03-5124 8849,Convenience,Conv - Mini-mart,Tier 1,6.81
ChIJfYwk_l61zTER7wIhtOQ4nWo,I Borong Mart Taman Jinma,"18, Jalan Perusahaan 2, Kawasan Perusahaan",Seri Kembangan,3.0164384,101.7039981,3.1,8,010-377 4494,Convenience,Conv - Indie mart,Tier 1,6.81
ChIJ8X-bnwZPzDERQvmCYC0lMWA,99 Speedmart 1058 Bukit Jelutong,"No: 15 & 17 (Ground Floor Jalan Pelapik B U8/B Bukit Jelutong, Seksyen, U 8",Shah Alam,3.1145953,101.5266912,3.8,5,03-3362 6863,Convenience,Conv - 99 Speedmart,Tier 1,6.81
ChIJJWnjaApFzDERPLBiyL3Dztk,"KK Super Mart Rawang, Gaia Boulevard ( RGB )","GB-Gf-08, Gaia Boulevard, Bandar Gamuda Gardens",Rawang,3.2829425,101.5421246,3.5,6,,Convenience,Conv - KK Mart,Tier 1,6.81
ChIJLwAjX4M5zDERy1dsdYrZeFI,99 Speedmart 2453 Nadayu 63,"No : G-7 & G-8 (Ground Floor), Nadayu 63 Jalan Nadayu Melawati 8 Taman Nadayu",Ampang,3.222448,101.752482,3.8,5,03-3362 6863,Convenience,Conv - 99 Speedmart,Tier 1,6.81
ChIJZyEhIDe5zTERdfAoaRHRaV4,"KK SUPER MART Sepang, Kota Warisan (SKW)","KIP Sentral, No. 23, Jalan Warisan Sentral 1, Kota Warisan",Sepang,2.8186433,101.6941461,2.3,18,010-220 8625,Convenience,Conv - KK Mart,Tier 1,6.77
ChIJO6lRy-k3zDERGPRK0UrGMkg,99 Speedmart 2121 Taman Pertama KL,"Ground floor, No : 57 & 59, Jalan 2/90, Taman Pertama",Cheras,3.1131273,101.7294445,2.8,10,03-3362 6863,Super/Groceries,Super - 99 Speedmart,Tier 1,6.71
ChIJ3wTHmUqjzTERGieD0P_sFDA,99 Speedmart 1582 Taman Cempaka Banting,"No: 61 (Ground Floor, Jalan Cempaka Harum 1, Tmn Cempaka",Banting,2.8002435,101.4933372,2.8,10,03-3362 6863,Convenience,Conv - 99 Speedmart,Tier 1,6.71
ChIJVTE0gz3RzTERHKPOL2UJYEM,99 Speedmart 3194 (NS) Bandar Tasik Senangin,"No: 13, 14 & 15 (Ground Floor, Jalan Tasik Senangin 15/2, Bandar Tasik Senangin",Lenggeng,2.8809777,101.9155179,2.8,10,03-3362 6863,Convenience,Conv - 99 Speedmart,Tier 1,6.71
ChIJq6qqqnaxzTER5G_2VFQSeak,KK Super Mart Saujana Putra (SPT),"32, Saujana Business Park, Jalan SPU 1, Bandar Saujana Putra",Jenjarom,2.9520117,101.5816978,2.7,11,016-330 8247,Convenience,Conv - KK Mart,Tier 1,6.71
ChIJl7q797NLzDER8rSE9_BIfws,99 Speedmart 2286 Taman Desa,"No: 32A & 33A (Ground Floor, Faber Plaza, Jalan Desa Bakti, Taman Desa",Kuala Lumpur,3.1026944,101.6845,2.8,10,03-3362 6863,Convenience,Conv - 99 Speedmart,Tier 1,6.71
ChIJWxm53-VPzDERU_A2-5-qnYM,99 Speedmart 1098 Bandar Pinggiran Subang 1,"No: 19, Jalan Bulan BV U5/BV, Bandar Pinggiran Subang",Shah Alam,3.1604798,101.5479109,2.7,11,03-3362 6863,Convenience,Conv - 99 Speedmart,Tier 1,6.71
ChIJgz_ZmSJFzDERZmrdnoFVfV4,KK SUPER MART Bandar Baru Sungai Buloh (SBB2),"No. 371, Jalan 1a/3, Bandar Baru Sungai Buloh",Sungai Buloh,3.2111216,101.5655332,2.7,11,,Convenience,Conv - KK Mart,Tier 1,6.71
ChIJv1F8Q_NFzDERfA8dP3n7PBQ,KK Super Mart Damansara Damai DDM,"J-009, Jalan PJU 10/2a, Damansara Damai",Petaling Jaya,3.198034,101.5940399,2.8,10,016-330 8050,Convenience,Conv - KK Mart,Tier 1,6.71
ChIJcf7Bg25HzDERRUkkoFiIjU4,99 Speedmart 1422 Taman Desa Jaya,"No: 2-1 & 3-1 (GF), Desa Jaya Commercial Centre, Jalan 16, Taman Desa Jaya",Kuala Lumpur,3.2162535,101.6291461,2.8,10,03-3362 6863,Convenience,Conv - 99 Speedmart,Tier 1,6.71
ChIJ_fzpM55LzDERW_glDuj3UsQ,7-Eleven Store 487 • Taman Medan,"39, Jalan Medan 10, Taman Medan",Petaling Jaya,3.074233,101.635336,2.9,9,,Hyper,Hyper - Other regional chain,Tier 1,6.68
ChIJpWoJca1TzDERimX0O0W4dOw,99 Speedmart 1290 Alam Avenue,"No: B-3A & B-5 (Ground Floor), Jalan Serai Wangi G 16/G Alam Avenue, Seksyen 16",Shah Alam,3.0573042,101.4912709,2.9,9,03-3362 6863,Convenience,Conv - 99 Speedmart,Tier 1,6.68
ChIJo01hhO9tzDERQGWM52qfOh8,99 Speedmart 1441 Hulu Yam Baru,"No: 6 & 7 (GF), Jalan Besar, Seksyen 1",Baru,3.4319712,101.6584113,2.9,9,03-3362 6863,Convenience,Conv - 99 Speedmart,Tier 1,6.68
ChIJVciSC-BOzDERwXArT73rwew,99 Speedmart 1061 Dataran Sunway,"No. 8 & 10, Jalan PJU 5/10",Petaling Jaya,3.151633,101.592873,2.1,23,03-3362 6863,Convenience,Conv - 99 Speedmart,Tier 1,6.67
ChIJ8RlByZ9OzDERkU0XmYXd_mo,KK Super Mart Pusat Dagangan NZX (NZX),"A-G-02, Block A, 2, Jalan PJU 1A/41B, Pusat Dagangan NZX, Ara Jaya, PJU 1A",Petaling Jaya,3.1142945,101.5907112,2.5,13,016-330 8425,Convenience,Conv - KK Mart,Tier 1,6.6
ChIJeUoDNB9MzDER31nr1Zqm9eU,"KK Super Mart Kelana Jaya, Parklane (KJ7)","C-G-3, Pusat Komersil Parklane, 21, Jalan SS 7/26",Petaling Jaya,3.1083315,101.5947465,2.5,13,016-330 8415,Convenience,Conv - KK Mart,Tier 1,6.6
ChIJuUL48JHHzTERoeux3FqHFjs,99 Speedmart 2909 (PK) Salak Perdana Business Park,"Ground floor, No: 5 & 7, Jalan Kenanga 1/4, Salak Perdana",Sepang,2.8363151,101.7387102,3.0,8,03-3362 6863,Convenience,Conv - 99 Speedmart,Tier 1,6.59
ChIJQT9KCzi4zTERXbjJAPK1wjw,99 Speedmart 1672 Taman Bintang Mas,"No: 5 (Ground Floor, Jalan Bintang Mas/1, Tmn Bintang Mas",Dengkil,2.8574501,101.674138,3.0,8,03-3362 6863,Convenience,Conv - 99 Speedmart,Tier 1,6.59
ChIJSX2_7kK3zTERjlhJr_5kgYw,BilaBila Mart - SplashMania Waterpark,"Lot No.3, Splash Mania Water Theme Park, Gamuda Cove, Persiaran Cove Sentral, Bandar Gamuda Cove",Dengkil,2.8890236,101.6169522,3.0,8,,Convenience,Conv - BilaBila Mart,Tier 1,6.59
ChIJGcCylIFNzDER-GQtOI9G-N4,KK SUPER MART Shah Alam 11 (SA11),"11C, No. 4, Jalan Wau C 11/C, Seksyen 11",Shah Alam,3.075785,101.5293837,3.0,8,014-253 7952,Convenience,Conv - KK Mart,Tier 1,6.59
ChIJnyWwCO9pzDERxpsLDD-Cp14,99 Speedmart,"g7, 9, Jalan Sari Alamanda 5",Rawang,3.3699525,101.5716961,3.0,8,,Convenience,Conv - 99 Speedmart,Tier 1,6.59
ChIJN5IVlO1IzDER-pdCicWshUA,CAFé by 7-Eleven Kiara Walk Kiara Designer Suite (1101),"B1-C5, @ Kiara Designer Suite, Kiara Walk, 18, Jalan Kiara 3, Bukit Kiara",Kuala Lumpur,3.1682698,101.6487122,2.1,22,,Hyper,Hyper - Other regional chain,Tier 1,6.58
ChIJzRm9xcFJzDER1-IkD5C2fz8,KK SUPER MART Brickfields (BF),"112, Jalan Tun Sambanthan, Brickfields",Kuala Lumpur,3.1326947,101.6876214,2.1,22,016-330 8315,Convenience,Conv - KK Mart,Tier 1,6.58
ChIJz88ylgdLzDERxFUjRgbY58o,99 Mini Mart,"43, Jalan Seri Sentosa 11a, Taman Sri Sentosa",Kuala Lumpur,3.0722574,101.652038,4.7,3,,Super/Groceries,Super - Indie retail,Tier 1,6.52
ChIJH7P7-MDdzTERPdyxXzo8osc,7-Eleven,"472, Jalan Sri Pulai 26, Taman Sri Pulai 2",Seremban,2.7389906,101.9598648,4.7,3,06-761 1715,Hyper,Hyper - Other regional chain,Tier 1,6.52
ChIJ6TwSgDl_zjERe5Lraj8sUwU,Titi Mini Market,"NO.137, Jalan Besar, Mahfong",Titi,2.9989434,102.0780787,4.7,3,,Hyper,Hyper - Other regional chain,Tier 1,6.52
ChIJLTKhLw-vzTERj2d4ow_ZnMo,Kedai Runcit Batu8 Sijangkang,"1250, Jalan Batu 8, Kampung Sijangkang",Telok Panglima Garang,2.9400157,101.4700282,4.7,3,,Convenience,Conv - Kedai runcit,Tier 1,6.52
ChIJZZDBAWs2zDERRUiNaf8cJGc,99 Speedmart 1072 Taman Maluri,"Ground Floor, No.289 & 291, Jalan Mahkota, Maluri",Kuala Lumpur,3.128807,101.732147,2.3,16,03-3362 6863,Convenience,Conv - 99 Speedmart,Tier 1,6.52
ChIJx5WU8xxHzDER3aE5mcncHBE,Pasar Mini Selvaraj,"16, Jalan 3/8, Baru Selayang",Batu Caves,3.2527114,101.6501132,4.7,3,03-6137 6859,Convenience,Conv - Mini-mart,Tier 1,6.52
ChIJ5-T-bS84zDER96cY9nzw5Lw,KK SUPER MART Wangsa Maju (WM),"Link @ Shop Office, 31, Jalan Wangsa Delima 13, Wangsa Maju",Kuala Lumpur,3.1970916,101.7420339,2.3,16,016-330 8215,Convenience,Conv - KK Mart,Tier 1,6.52
ChIJ6V6q2A9LzDERkFz6rrookwQ,KK SUPER MART Taman Kinrara (KRR),"30A, Jalan TK 1/11a, Taman Kinrara Seksyen 1",Puchong,3.0635873,101.6480663,2.4,14,016-330 8056,Super/Groceries,Super - KK,Tier 1,6.5
ChIJw28UVbVtzDER-qfol5RLgjE,7-Eleven,"No. 10(Gf), Jalan Jati Utama 2, Bandar Baru Batangkali, 44300, Batangkali",Selangor,3.4686065,101.6385223,2.4,14,03-6057 1094,Hyper,Hyper - Other regional chain,Tier 1,6.5
ChIJ2_WqaplJzDERSE1X8f0iAvE,99 Speedmart 3295 Plaza Mont Kiara,"No: Lot E/0G/09 (Ground Floor, Plaza Mont Kiara, 2, Jalan Kiara, Mont Kiara",Kuala Lumpur,3.1658129,101.6510419,2.4,14,,Convenience,Conv - 99 Speedmart,Tier 1,6.5
ChIJUZhdtypPzDER5XtTYOhGbzo,KK Super Mart (KDC),"No: 28-G, Jalan Camar 4/3, Seksyen 4, Kota Damansara",Petaling Jaya,3.153691,101.578774,2.1,21,010-230 8262,Convenience,Conv - KK Mart,Tier 1,6.49
ChIJqRiMGAOxzTERVjvSgtpsHvE,"KK SUPER MART Puchong, Taman Putra Perdana(PPP)","G71, Pangsapuri Alpha Arena, Jalan, Lingkaran Putra Perdana, Taman Putra Perdana",Puchong,2.9460112,101.6135751,2.7,10,,Convenience,Conv - KK Mart,Tier 1,6.47
ChIJ1YHGONdZzDER3BZpPBlak5M,99 Speedmart 1231 Bandar Puncak Alam 1,"Ground Floor, No: 41 & 43, Lorong Az-zaharah B10/B, Seksyen 10 Bandar Baru Puncak Alam",Puncak Alam,3.2327055,101.4145623,2.7,10,03-3362 6863,Convenience,Conv - 99 Speedmart,Tier 1,6.47
ChIJAAAAAAAAAAARoao7dc8rnOo,KK SUPER MART Setiawangsa (STW),"16G, Jalan Setiawangsa 8, Taman Setiawangsa",Kuala Lumpur,3.1786865,101.7418122,2.6,11,016-330 8018,Convenience,Conv - KK Mart,Tier 1,6.46
ChIJLZ5NinqrzTERTcTLNp7wfTo,SHAZRIN MAJU TRADING (M) SDN.BHD.(Di-miliki oleh Shazrin Maju Trd.),"NO.24, Jalan Pandamaran Jaya 63, Pandamaran Jaya",Port Klang,3.0047901,101.423614,3.6,5,012-284 4304,Super/Groceries,Super - Indie retail,Tier 1,6.45
ChIJmztBglKozTERJMnTQI8l_rQ,Teluk Gong Fish Market,Telok Gong,Port Klang,2.9170407,101.3772588,3.1,7,,Hyper,Hyper - Other regional chain,Tier 1,6.45
ChIJnRodX2b2zDERR2jgX5Y-Rmk,7-Eleven JLN BESAR JERAM SEL,"249, Jalan Besar, Sungai Buloh",Jeram,3.258022,101.3064833,3.1,7,03-2114 2480,Hyper,Hyper - Other regional chain,Tier 1,6.45
ChIJIwKsSHxczDEROkeYavopckM,Bio HaruanTech (M) Sdn Bhd,"63, Jalan 7a/6, Bandar Tasik Puteri",Rawang,3.2786531,101.4757491,3.6,5,019-411 8840,Hyper,Hyper - Other regional chain,Tier 1,6.45
ChIJWRW7qh_ezTERsUwg_ZxHxMA,99 Speedmart 1401 (NS) Taman Tasik Jaya,"Senawang Business Centre, No: 2 & 4 (GF, Lorong Bunga Raya 6/1, Taman Tasik Jaya",Seremban,2.719918,102.000366,3.6,5,03-3362 6863,Convenience,Conv - 99 Speedmart,Tier 1,6.45
ChIJc9MzQCWvzTERGQ0w4b6rlVc,KK Super Mart Telok Panglima Garang (TPG),"42, Jalan Utama 2, Taman Jaya Utama",Telok Panglima Garang,2.9101481,101.4700686,3.1,7,,Convenience,Conv - KK Mart,Tier 1,6.45
ChIJVZ7pVrDPzTERlLlPMDQeW-0,"KK Super Mart Semenyih, Eco Semenyih ( SEM )","Eco Majestic, 9, Jalan Eco Majestic 3A/1",Semenyih,2.9099115,101.8515608,3.1,7,,Convenience,Conv - KK Mart,Tier 1,6.45
ChIJ17_qG9XRzTERbs3bx64NNTo,99 Speedmart 2508 (NS) Broga,"No: Lot 2805 & 2806 (Ground Floor Jalan Besar Broga Pekan, Broga",Lenggeng,2.9357782,101.9113208,3.1,7,03-3362 6863,Convenience,Conv - 99 Speedmart,Tier 1,6.45
ChIJ426kqyu1zTER5xojZlG4944,99 Speedmart 2335 KP Seri Kembangan 2,"Ground Floor, No: 1 & 3, Jalan Perusahaan 3, Kawasan Perusahaan Beranang",Seri Kembangan,3.0169722,101.70425,3.6,5,03-3362 6863,Convenience,Conv - 99 Speedmart,Tier 1,6.45
ChIJCSqybtG1zTERyzHWgkBsfZ4,Econsave • Taman Equine 1 Pasar Ekonomi Mart,"2, Jalan Equine 1D, Taman Equine",Seri Kembangan,2.9970482,101.6788292,3.6,5,03-8940 4062,Convenience,Conv - Indie mart,Tier 1,6.45
ChIJI0KPjC1LzDERiXWuu9uvS14,"KK Super Mart Puchong, Taman Mawar (PTM)","36G, Jalan TK 5/32a, Taman Mawar",Puchong,3.0652084,101.6323958,3.6,5,,Convenience,Conv - KK Mart,Tier 1,6.45
ChIJB__ZIQ41zDEREii9kn_m2QY,99 Speedmart 2624 Taman Bukit Permai,"No: 19 (Ground Floor, Medan Bukit Permai 2, Taman Bukit Permai",Ampang,3.1104566,101.7569599,3.6,5,03-3362 6863,Convenience,Conv - 99 Speedmart,Tier 1,6.45
ChIJPd_nzm9FzDERghfn1LtgVeI,99 Speedmart 1026 Wangsa Permai,"SSG6 & SSG7, Jalan Wangsa Utama, Sri Saujana",Kepong,3.2100194,101.6105378,3.1,7,03-3362 6863,Convenience,Conv - 99 Speedmart,Tier 1,6.45
ChIJV1Ok2sFDzDERckT6MJ26etM,99 Speedmart 1486 Taman Bukit Rawang Jaya,"No: 3 & 5 (GF, Jalan 2/13, Taman Bukit Rawang Jaya",Rawang,3.333702,101.58754,2.8,9,03-3362 6863,Convenience,Conv - 99 Speedmart,Tier 1,6.45
ChIJNXiN8uDdzTERUvWpXJs0eB8,Kedai Runcit PASAR SEGAR NOOR,"34, Lorong Mutiara Galla 1/1, Taman Mutiara Galla",Seremban,2.7368231,101.8996542,4.0,4,011-6056 5979,Super/Groceries,Super - Sundry/grocer,Tier 1,6.44
ChIJ0flST5yszTERQ3qgoCYz9EA,Pasar Mini Merdu Indah Dua,"No. 20-00-1, Lorong Batu Nilam 1C, Bandar Bukit Tinggi, 41200, Klang",Selangor,3.0102724,101.4380314,4.0,4,,Super/Groceries,Super - Independent local,Tier 1,6.44
ChIJ8Qc_BY41zDERfhsfvPmyrPU,ALWASABI GLOBAL SDN BHD,"Serdang Skyvillas, Jalan SP 5/5",Seri Kembangan,3.0402555,101.7065181,4.0,4,011-6200 2884,Super/Groceries,Super - Indie retail,Tier 1,6.44
ChIJaQ5swLtJzDERZIhhLZ4fWLw,KEDAI SERBANIKA HJ IDROSE ( Kedai keluargaria),"2nd floor, Kualampur, Wisma Bernama",Kualampur,3.1717853,101.7118302,4.0,4,011-2126 7989,Super/Groceries,Super - Generic kedai,Tier 1,6.44
ChIJo0kJdTvnzTERhtaN5ApBHi0,7-Eleven,"195, Persiaran Layang-layang 2, Taman Merpati",Seremban,2.6903547,101.9646572,4.0,4,,Hyper,Hyper - Other regional chain,Tier 1,6.44
ChIJD3HMLCe9zTERCL_SojUCNJ0,AGROBAZAAR RAKYAT (ZNL SEGAR),"1 Jalan Melati, Kampung Sg Kelambu, Kampung Sg Kelambu",Banting,2.7888448,101.5355197,4.0,4,012-300 9514,Hyper,Hyper - Other regional chain,Tier 1,6.44
ChIJqxX5_39HzDERZyMtG7sHzfw,Penjual Madu Khaula,Kampung Simpang Tiga,Kuala Lumpur,3.2301896,101.7068628,4.0,4,016-670 5405,Hyper,Hyper - Other regional chain,Tier 1,6.44
ChIJT0tH2ObBzTER1-kRyM-sAdk,"KK SUPER MART Seremban, Bandar Enstek (SBET)","No. 41G, Timur @ Enstek, 1A, Jalan Timur 6",Bandar Baru Enstek,2.7475128,101.7653168,4.0,4,,Convenience,Conv - KK Mart,Tier 1,6.44
ChIJcziC_Ja7zTERsRu4_DAYRPM,Aidilfreshmart (2) Kg. oLak Lempit,"RHJV+Q4, 39, Kampung Olak Lempit",Banting,2.8318889,101.592722,4.0,4,,Convenience,Conv - Indie mart,Tier 1,6.44
ChIJkWfHJavJzTERnmTpxP-7Dts,99 Speedmart 1426 Taman Impian Putra,"No: 1 (GF, Jalan Impian Putra 1/4, Taman Impian Putra",Kajang,2.893431,101.771263,4.0,4,03-3362 6863,Convenience,Conv - 99 Speedmart,Tier 1,6.44
ChIJWVf7r5jPzTERH15X_ONRaHU,99 Speedmart 3063 Kajang Hillpark,"No : 22 Ground Floor, Eugenia D.E, Jalan Hillpark 6/1",Semenyih,2.949704,101.8127089,4.0,4,03-3362 6863,Convenience,Conv - 99 Speedmart,Tier 1,6.44
ChIJM1enBwCzzTERbojYkieBkcY,99 Speedmart 3508 Kota Kemuning 6,"No: 16 & 18 (Ground Floor, Jalan Anggerik Aranda BG 31/BG, Kota Kemuning",Shah Alam,3.0045017,101.5448844,4.0,4,03-3362 6863,Convenience,Conv - 99 Speedmart,Tier 1,6.44
ChIJuwoo7y1RzDERZvKuzAZJ_-0,KK Super Mart (SU16),"No. 1 Pusat Perdagangan Tempatan No. 5, Jalan Metafasa U 16, 5, Seksyen, U16 Shah Alam",Shah Alam,3.1688757,101.5174936,4.0,4,,Convenience,Conv - KK Mart,Tier 1,6.44
ChIJYfw4xL9PzDERfNDnDaVDn00,99 Speedmart 2537 Taman Industri Sungai Buloh,"No: 69 (Ground Floor, 67(GF, Jalan TSB 10A, Taman Industri Sungai Buloh",Petaling Jaya,3.1662659,101.5700534,4.0,4,03-3362 6863,Convenience,Conv - 99 Speedmart,Tier 1,6.44
ChIJ7_K0ADFHzDERAAQY2BiHqGo,Pasar Raya Well-Mart GB4,"No 27, Ground Floor, Jalan 56/10, Taman Koperasi Polis",Batu Caves,3.2209223,101.6908965,4.0,4,03-6179 0088,Convenience,Conv - Indie mart,Tier 1,6.44
ChIJn73djjthzDERyxIhU76Gr8s,99 Speedmart 3351 Taman Aman Suria,"No: 8 & 10 (Ground Floor, 3, Jalan Aman Suria, Taman Aman Suria",Batang Berjuntai,3.3805191,101.4134998,4.0,4,03-3362 6863,Convenience,Conv - 99 Speedmart,Tier 1,6.44
ChIJiW-ankn1zDERsdoNL88-C_M,ECONSAVE Mart Taman Rhu Permai,"No.6 & No.8 (Ground Floor, Jalan RHU 1, Taman Rhu Permai",Kuala Selangor,3.3165598,101.2752836,4.0,4,016-239 0904,Convenience,Conv - Indie mart,Tier 1,6.44
ChIJeWSu5nTMzTERnXIuUNbcbKg,Pasar Mini Rezeki,"5, Jalan Seksyen 3/12, Taman Kajang Utama",Kajang,2.9750125,101.8007884,3.3,6,012-494 5085,Super/Groceries,Super - Independent local,Tier 1,6.42
ChIJh26qapiszTERH_yZ1jvijeA,Perniagaan Karisma Baruna,"23, Jalan Sri Sarawak 14, Taman Sri Andalas",Klang,3.014811,101.4436199,3.3,6,03-3324 5003,Super/Groceries,Super - Indie retail,Tier 1,6.42
ChIJ6QOH7b3zzDER11XOsVTnALk,99 Speedmart 1099 Kuala Selangor 1,"Ground Floor, No: 7 & 9, Jalan Raja Abdullah",Kuala Selangor,3.34079,101.250237,3.3,6,03-3362 6863,Convenience,Conv - 99 Speedmart,Tier 1,6.42
ChIJu7oBC5izzTERUzWFuQJAj3E,Econsave Puchong Indah - Pasar Ekonomi Mart,"31, Jalan Indah 3/13, Taman Puchong Indah",Puchong,3.0133643,101.6034125,2.5,12,03-8066 2445,Convenience,Conv - Indie mart,Tier 1,6.41
ChIJP219qlhMzDEROCeYIc2n2MM,KK Super Mart Subang Jaya • SJ,"13, Jalan SS 15/8a, Ss 15",Subang Jaya,3.0740498,101.5871679,2.5,12,016-330 8127,Convenience,Conv - KK Mart,Tier 1,6.41
ChIJH_ElqWc1zDERLayvp6lih2c,99 Speedmart 2358 Bandar Mahkota Cheras 3,"No: 75 (Ground Floor), Jalan Mahkota Residence, 1, Persiaran Mahkota Residence, Bandar Mahkota Cheras",Cheras,3.050949,101.7828529,2.3,15,03-3362 6863,Convenience,Conv - 99 Speedmart,Tier 1,6.38
ChIJXZZwtkTnzTER-aoUbFehG48,99 Speedmart 3263 (NS) Oakland Commerce Square,"No: 19 & 20 (Ground Floor, Lorong Haruan 5/1, Oakland Commerce Square",Seremban,2.7062388,101.9185391,2.9,8,03-3362 6863,Convenience,Conv - 99 Speedmart,Tier 1,6.37
ChIJMYJusOuszTER9M2gmVMDFkA,99 Speedmart 1102 Sungai Jati,"No.35, 37 & 39, Jalan Mohd Tahir 8, Off, Jalan Sungai Jati",Klang,3.0135437,101.4600079,2.9,8,03-3362 6863,Convenience,Conv - 99 Speedmart,Tier 1,6.37
ChIJXdBLmGbOzTERFnlvm89FdBg,KK SUPER MART Kajang (KJ),Kajang,"Kuala Lumpur, Petaling Jaya, Shah Alam, Klang, Subang Jaya, Cheras, Ampang, Cyberjaya, Putrajaya, Kajang, 68100 Selayang, Damansara",2.9927553,101.7898652,2.9,8,016-330 8156,Convenience,Conv - KK Mart,Tier 1,6.37
ChIJX6ywa_FpzDER08RNZk8Efe8,99 Speedmart 1963 Taman Bukit Sentosa,"No: 35 & 37 (Single Storey, Jalan Telipot 2a, Taman Bukit Sentosa 3",Rawang,3.4087812,101.5931485,2.9,8,03-3362 6863,Convenience,Conv - 99 Speedmart,Tier 1,6.37
ChIJ_xI0HNJNzDERC9ftQbdS-0g,"KK SUPER MART USJ2, Subang Jaya (USJ2)","No . 5A, No. 5, Jalan USJ 2/2c, Usj 2",Subang Jaya,3.0571256,101.5906412,2.2,17,016-220 8709,Convenience,Conv - KK Mart,Tier 1,6.36
ChIJzZnTlIZNzDERnf0gVyZ4slc,"KK SUPER MART Subang Perdana, Goodyear Court 2 (SGC2)","N-00-001, Subang Perdana GoodYear Court, 2, Jalan USJ 6/1, Usj 6",Subang Jaya,3.0533431,101.5916437,2.4,13,010-230 8694,Convenience,Conv - KK Mart,Tier 1,6.33
ChIJK4eytTnNzTERSx4vqVZI5bE,99 Speedmart 1336 Taman Bukit Cantik,"No: 16 (GF), Jalan Satu, Taman Cantik, Taman Sungai Jelok",Kajang,2.9919139,101.8026737,3.0,7,03-3362 6863,Convenience,Conv - 99 Speedmart,Tier 1,6.24
ChIJmc4b9eVPzDERnYcocMWuY9E,99 Speedmart 1220 Subang U5 (2),"No: 1 & 1A, Jalan Utarid U5/B, PS), Seksyen U5",Shah Alam,3.178926,101.536118,3.0,7,03-3362 6863,Convenience,Conv - 99 Speedmart,Tier 1,6.24
ChIJn-9SXdsVzDERbBJpevNF0jQ,KK Super Mart Genting Gohtong Jaya (GGJ),"43, Jalan Jati 1, Taman Gohtong Jaya",Genting Highlands,3.3950921,101.7688001,3.0,7,,Convenience,Conv - KK Mart,Tier 1,6.24
ChIJ6yLU8GfnzTER1xBI1kT8WOs,99 Speedmart 1383 (NS) Taman Seremban Jaya,"No: 13811, 13812 & 13813 (GF, Jalan SJ 8/2, Taman Seremban Jaya",Seremban,2.6754276,101.9773712,3.2,6,03-3362 6863,Convenience,Conv - 99 Speedmart,Tier 1,6.23
ChIJnX9HRaCxzTERQikAU7jB024,99 Speedmart 1813 BSP Skypark,"S-G-07 & S-G-08, Persiaran Saujana Putra Utama, Bandar Saujana Putra",Jenjarom,2.941557,101.587367,3.2,6,03-3362 6863,Convenience,Conv - 99 Speedmart,Tier 1,6.23
ChIJ0Ybd_lNTzDERiMQIJs6Bxr4,99 Speedmart 1088 Bandar Bukit Raja 1,"No.1 & 3, Jalan Zapin 1, Bandar Bukit Raja",Klang,3.0783758,101.4406813,2.6,10,03-3362 6863,Convenience,Conv - 99 Speedmart,Tier 1,6.23
ChIJ8SikufE1zDERjm-LygNdTMw,99 Speedmart 3465 Taman Desa Cheras,"No: 10 & 12 (Ground Floor, Jalan 4/154d, Taman Desa Cheras",Kuala Lumpur,3.059573,101.7377338,2.6,10,03-3362 6863,Convenience,Conv - 99 Speedmart,Tier 1,6.23
ChIJnTl3h4U2zDERxQ6XHnzQqI4,"KK SUPER MART Ampang, Taman Muda (ATM)","57, Jalan Bunga Tanjung 6a, Taman Muda",Cheras,3.1210169,101.7603659,2.6,10,016-297 3308,Convenience,Conv - KK Mart,Tier 1,6.23
ChIJU_zH3PBLzDERW9i5ROA21k4,99 Speedmart 1065 Sri Manja,"No.11 & 13, Jalan PJS 3/48, Taman Sri Manja",Petaling Jaya,3.073115,101.648079,2.7,9,03-3362 6863,Convenience,Conv - 99 Speedmart,Tier 1,6.22
ChIJNevFuyNbzDER-mb42uDNp-w,99 Speedmart 3171 Pusat Perdagangan HillPark,"35 & 37, Jalan Hillpark 11/10, Pusat Perdagangan Hillpark",Puncak Alam,3.2117831,101.4553664,2.7,9,03-3362 6863,Convenience,Conv - 99 Speedmart,Tier 1,6.22
ChIJ19n_8pCtzTERzhFsRGzG8nA,99 Speedmart 2628 Jalan Kebun Nenas,"No: 29 & 31 (Ground Floor Jalan Kebun Nenas, 7A, KS 8, Bandar Putera 2",Klang,2.9608579,101.5173011,2.5,11,03-3362 6863,Convenience,Conv - 99 Speedmart,Tier 1,6.21
ChIJ62UuMXmtzTER8EUL69i0wNg,99 Speedmart 1109 Bukit Tinggi 1,"No.35 & 37(Ground Floor, Jalan Batu Nilam 4, Bandar Bukit Tinggi 1",Klang,3.0076017,101.4355629,2.5,11,03-3362 6863,Convenience,Conv - 99 Speedmart,Tier 1,6.21
ChIJ3dNIH76zzTERyuUYh-TgBmY,99 Speedmart 1282 Taman Puchong Permai,"No: 1 (Ground Floor, Jalan Puchong Permai 2, Taman Puchong Permai",Puchong,3.0082513,101.5994928,2.5,11,03-3362 6863,Convenience,Conv - 99 Speedmart,Tier 1,6.21
ChIJR9yR-BdNzDERiVT0TGxhM04,99 Speedmart 1636 Taman Subang Mas,"H-01-16 (Ground Floor, Jalan SM2, Taman Subang Mas",Subang Jaya,3.0551524,101.5586805,2.4,12,03-3362 6863,Convenience,Conv - 99 Speedmart,Tier 1,6.16
ChIJR55LhYxKzDER9ub-3FVydVo,KK Super Mart Sri Petaling • SP,"26, Jalan 1/149D, Bandar Baru Sri Petaling",Kuala Lumpur,3.0674789,101.6861661,2.4,12,016-330 8355,Convenience,Conv - KK Mart,Tier 1,6.16
ChIJ7fN27XqtzTERw9yeHPxF2rw,Econsave Jalan Kebun Nenas - Pasar Ekonomi Mart,"No.133, 135, Jalan Kebun Nenas 7A/KS8, Bandar Putera 2",Klang,2.9578884,101.5190242,2.8,8,,Convenience,Conv - Indie mart,Tier 1,6.15
ChIJDRWJ9NlMzDERG6IU3mCYMoo,Pasar Mini Angkasa Jaya,"No. 14, Jalan USJ 4/9g, Taman Perindustrian Uep",Subang Jaya,3.0458769,101.5755792,3.8,4,03-8024 4591,Super/Groceries,Super - Independent local,Tier 1,6.12
ChIJqc2DI5hLzDERkh9ecIAYMiU,Jozin Mini Market,"9, Jalan SS5B/6, Petaling Jaya, 47300, Petaling Jaya",Selangor,3.0828259,101.6367804,3.8,4,03-7876 2822,Super/Groceries,Super - Independent local,Tier 1,6.12
ChIJZwnt5dkXzDERA3cJ1cHfGWc,wing heng mini mart,Kampung Bukit Tinggi,Bentong,3.3496107,101.8211863,3.8,4,,Super/Groceries,Super - Indie retail,Tier 1,6.12
ChIJ22qOIBzFzTERxMSQOyTyR_M,99 Speedmart 3380 (NS) PP Tropika Mantin,"No: 10 & 11 (Ground Floor, Jalan Pusat Perdagangan Tropika 1, Pusat Perdagangan Tropika",Mantin,2.8298499,101.8730688,3.8,4,03-3362 6863,Convenience,Conv - 99 Speedmart,Tier 1,6.12
ChIJ0y7DiM2vzTERW15yf_Zt-u0,99 Speedmart 2695 Taman Desa Jarum,"Ground floor, No: 54 & 56, Jalan Bayam 1, Taman Desa Jarum",Jenjarom,2.8805732,101.4931386,3.8,4,03-3362 6863,Convenience,Conv - 99 Speedmart,Tier 1,6.12
ChIJhW_EC0ZRzDEREaaz0jBB1fE,"KK Super Mart Shah Alam, Seksyen U16(2) (S162)","47G, Jalan Elektron U16/D, Denai Alam",Shah Alam,3.1630817,101.5129154,3.8,4,,Convenience,Conv - KK Mart,Tier 1,6.12
ChIJAWYmkkFDzDERu4hBq1PJfO0,99 Speedmart 1517 Rawang Perdana,"No: 31 & 33, Jalan RP 4/4",Rawang,3.317435,101.595406,3.8,4,03-3362 6863,Convenience,Conv - 99 Speedmart,Tier 1,6.12
ChIJL5BVHSMFzDERVV6EJ_NBUjY,IK Speedmart,"NO 10, 11, Jalan Prima 1, TAMAN BENTONG PRIMA",Bentong,3.5155618,101.913737,3.8,4,,Convenience,Conv - Indie mart,Tier 1,6.12
ChIJ6ePEdJttzDERgrjvjh5TJTI,99 Speedmart 2705 Taman Emas,No: 23 & 25 (Ground Floor Jalan Emas 2 Taman Emas Hulu Yam,Hulu Yam Lama,3.4526788,101.6350388,3.8,4,03-3362 6863,Convenience,Conv - 99 Speedmart,Tier 1,6.12
ChIJERtmJQC3zTERRk6oM-ylnKU,Fresca Mart Cyberjaya,"Level 1, Lakefront Homes, Persiaran Sepang, Cyber 11",Cyberjaya,2.9288483,101.6303509,3.4,5,018-905 3585,Super/Groceries,Super - Indie retail,Tier 1,6.09
ChIJ52TaQRBHzDERY71biecwDQw,MyMesra,"5, Jalan Industri Batu Caves 1/1, Kawasan Industri Batu Caves",Batu Caves,3.2323655,101.6860445,3.4,5,03-6186 2825,Hyper,Hyper - Other regional chain,Tier 1,6.09
ChIJq2eJgiLLzTERch0nmg6GnlU,"KK Super Mart Kajang, Meriah Residence (KMR)","Lot 1-5 GF, Mirai residence, Persiaran Kajang 2",Kajang,2.9640487,101.79671,3.4,5,,Convenience,Conv - KK Mart,Tier 1,6.09
ChIJkaIA53GrzTERPAeshmf9VGQ,99 Speedmart 1664 Jalan Ehsan Pandamaran,"No: 17 & 19 (Ground Floor), Jalan Ehsan Perdana 7/KS 5, Off Jalan Pandamaran Pelabuhan Klang",Klang,3.0065825,101.4181081,3.4,5,03-3362 6863,Convenience,Conv - 99 Speedmart,Tier 1,6.09
ChIJac0BO3FHzDERhjhZJReow3A,99 Speedmart 1549 Sunway Batu Caves,"No: G-08, Jalan SM 4, Taman Sunway Batu Caves",Batu Caves,3.2360376,101.6918448,3.4,5,03-3362 6863,Convenience,Conv - 99 Speedmart,Tier 1,6.09
ChIJl-IMSJu0zTERlzvCc7pKGrk,99 Speedmart 2056 Puchong Hartamas,"No: S8 & S9 & S10 (Ground Floor), Pangsapuri Seri Pulai, Jalan PH 4, Taman Puchong Hartamas 2",Puchong,3.0054502,101.6229183,2.9,7,03-3362 6863,Convenience,Conv - 99 Speedmart,Tier 1,6.03
ChIJ8-RB5u9LzDERflhQRIH-DWw,99 Speedmart 3628 Taman Kinrara Sek 2,"No: 9 & 11 (Ground Floor, Jalan TK 2/1c, Taman Kinrara Seksyen 2",Puchong,3.0690671,101.6435012,2.9,7,03-3362 6863,Convenience,Conv - 99 Speedmart,Tier 1,6.03
ChIJzwv8EgDJzTERsc6oayhWAO8,"KK SUPER MART Putrajaya, Presint 15 (2) (P152)","No.1A GF, 1, Jalan P15 H, Presint 15",Putrajaya,2.9377765,101.7151997,2.6,9,,Convenience,Conv - KK Mart,Tier 1,5.99
ChIJryjg1n3OzTERjMfbf8QKTC0,KK Super Mart Jalan Besar Semenyih (JBS),"Lot, 25, Section 4, Jalan Besar",Semenyih,2.947618,101.8457535,2.5,10,016-330 8471,Convenience,Conv - KK Mart,Tier 1,5.99
ChIJ4zQL571NzDERBql_7QCNT1g,99 Speedmart 1621 USJ 1 (2),"Ground Floor, No: 41 & 43, Jalan USJ 1/19, Taman Subang Permai",Petaling Jaya,3.0576412,101.6003403,2.6,9,03-3362 6863,Convenience,Conv - 99 Speedmart,Tier 1,5.99
ChIJAAAAAAAAAAARbQPpwMTxpJY,KK SUPER MART Desa Pandan (DPD),"8, Jalan 1/76d, Desa Pandan",Kuala Lumpur,3.1469856,101.7370295,2.0,19,016-330 8047,Convenience,Conv - KK Mart,Tier 1,5.99
ChIJH3LX0jI1zDERnjarNn4VuXg,Pasar Mini Husin,"1, Jalan Suasana 2/7, Tun Hussein Onn",Cheras,3.0499989,101.7647489,4.3,3,011-6123 1499,Super/Groceries,Super - Independent local,Tier 1,5.96
ChIJFVe_ibRIzDERBgdp5XO9IeY,STM SMART ENTERPRISE,"Jalan PJU 8/9 Flora Damansara, Bdr, Damansara Perdana",Petaling Jaya,3.1761254,101.6184451,4.3,3,014-633 6083,Super/Groceries,Super - Indie retail,Tier 1,5.96
ChIJ5TaDKbE5zDER5JzUcJQiCF0,Co-Mart Ruqayyah,Jalan Al Jamiah,"Kuala Lumpur, Petaling Jaya, Shah Alam, Klang, Subang Jaya, Cheras, Ampang, Cyberjaya, Putrajaya, Kajang, 68100 Selayang, Damansara",3.2600015,101.7328466,4.3,3,,Super/Groceries,Super - Indie retail,Tier 1,5.96
ChIJ__9PCEBGzDERYhnxYdJDAN8,Syed Ali Enterprise,"Block B-00-06, Mutiara Magna, 1, Jalan Metro Prima",Kuala Lumpur,3.2114099,101.6394371,4.3,3,014-210 5786,Super/Groceries,Super - Indie retail,Tier 1,5.96
ChIJbajrn3pHzDER4vW-8j1G7cg,Wong & Son Trading,"68100, No. 7, Jalan TIB 1/3, Taman Industri Bolton",Batu Caves,3.2388796,101.6954666,4.3,3,019-216 3039,Hyper,Hyper - Other regional chain,Tier 1,5.96
ChIJQcuP9DcFzDERME1H-rBQk90,Bazar Tamar Al-Arif,"P37, Bazar Setingkat, Jalan Prima 2, Taman Bentong Prima, Bentong, 28700, Pahang",Bentong,3.5139808,101.9129758,4.3,3,013-397 8857,Hyper,Hyper - Other regional chain,Tier 1,5.96
ChIJjS2hN52jzTERJJZgDClEeRY,99 Speedmart 2664 Taman Sepakat,"Ground Floor, No: 2 & 6, Jalan Sepakat, Taman Sepakat",Banting,2.7947855,101.4420644,4.3,3,03-3362 6863,Convenience,Conv - 99 Speedmart,Tier 1,5.96
ChIJ958RIwCpzTERn3xeLv65BRA,GK MART,"Lot 5756-B1, Jalan Imam Haji Omar, Kampung Sungai Pinang",Pulau Indah,2.9541263,101.3467599,4.3,3,,Convenience,Conv - Indie mart,Tier 1,5.96
ChIJZzlQp9vJzTERw8kkSItBM2c,Rizky Mart,Kampung Sungai Merab Luar,Kajang,2.9426365,101.7434326,4.3,3,,Convenience,Conv - Indie mart,Tier 1,5.96
ChIJxe2gKrjNzTER7tKNAnM3o4U,Econsave Kiara Semenyih - Pasar Ekonomi Mart,"8, Jalan Kiara 1",Semenyih,2.9627899,101.8373173,4.3,3,,Convenience,Conv - Indie mart,Tier 1,5.96
ChIJj_kbq5ytzTERyi9Op8jCxAM,99 Speedmart 1112 Taman Sentosa Perdana,"KS 7, No. 2(G), Jalan Temenggung 15, Off, Jalan Sungai Jati, Taman Sentosa Perdana",Klang,3.0055192,101.4833411,4.3,3,03-3362 6863,Convenience,Conv - 99 Speedmart,Tier 1,5.96
ChIJ8cuJohu3zTER3TR9krreLDw,"KK Super Mart Cyberjaya, Cambridge Tower ( CCT )","CT-G-03A, Cambridge Tower Garden, Plaza Garden Plaza, Persiaran Harmoni, Garden Residence",Cyberjaya,2.9493937,101.665236,2.1,16,,Convenience,Conv - KK Mart,Tier 1,5.95
ChIJI12dwsS7zTER1KjyjSEX0kA,99 Speedmart 3421 Taman Manggis Jaya,"No: 12 & 14 (Ground Floor Jalan MJ 2 Taman Manggis Jaya, Kampung Sungai Manggis",Banting,2.8311125,101.5327994,3.0,6,03-3362 6863,Convenience,Conv - 99 Speedmart,Tier 1,5.84
ChIJm1tLRqbJzTERcRU4hTaDYJg,Econsave Bangi- Awani - Pasar Ekonomi Mart,"13-G, Jalan Awani Bangi 1/1, Taman Awani Bangi",Kajang,2.8983252,101.7780617,3.0,6,,Convenience,Conv - Indie mart,Tier 1,5.84
ChIJEdwnzvzLzTERkHUom9to89k,BilaBila Mart - Canopy Hills,"A-01-05, Residensi Rimbun (Canopy Hills, Jalan Zamrud Utama",Kajang,2.9575706,101.7949977,3.0,6,,Convenience,Conv - BilaBila Mart,Tier 1,5.84
ChIJIzjoDOpNzDER4oRumI3_fwM,KK Super Mart Subang Permai (SBP),"No. 5, Jalan USJ 1/19, Taman Subang Permai",Subang Jaya,3.0576569,101.5992353,3.0,6,03-5892 3803,Convenience,Conv - KK Mart,Tier 1,5.84
ChIJO453EY9PzDERQM8ILCj53-g,BilaBila Mart - H2O Residence,"G-01, Ground Floor, H2O Residence @, 1, Jalan PJU 1a/3, Ara Damansara",Petaling Jaya,3.1156688,101.5773849,3.0,6,,Convenience,Conv - BilaBila Mart,Tier 1,5.84
ChIJMXFO9AEFzDERepLKlCmgBGo,"KK SUPER MART PAHANG, BENTONG JALAN CHUI YIN(PBCY)","29, Jalan Chui Yin",Bentong,3.5235939,101.9067136,3.0,6,,Convenience,Conv - KK Mart,Tier 1,5.84
ChIJBZeNalSrzTERTHfFlJUSX0U,99 Speedmart 1063 Bukit Tinggi 2,"No.15 & 17, Lorong Batu Nilam 34c, Bandar Bukit Tinggi 1",Klang,2.9992614,101.4314552,2.1,15,03-3362 6863,Convenience,Conv - 99 Speedmart,Tier 1,5.82
ChIJ6YZdw_pMzDERb8FmSBNeATI,"KK Super Mart Subang Jaya, SS19 (SS19)","36, Jalan SS19/6, Ss 19",Subang Jaya,3.0651752,101.5778744,2.2,13,016-330 8230,Convenience,Conv - KK Mart,Tier 1,5.81
ChIJ3y_mjoJOzDERbrYTtktW1xk,KK Super Mart Ara Damansara (ARD),"E-1-2, Commercial Centre, Jalan PJU 1a/4, Ara Damansara",Petaling Jaya,3.111504,101.5859132,1.7,29,016-298 3308,Convenience,Conv - KK Mart,Tier 1,5.78
ChIJp8dC6rBHzDERX6oU291wZB0,"KK SUPER MART Residensi Sky Awani, Sentul Perdana (SPS)","SkyAwani Residence Sentul, G-13A, Residensi, No. 27, Jalan Sentul Pasar, Sentul Pasar",Kuala Lumpur,3.2086578,101.6900134,2.4,10,010-248 6308,Convenience,Conv - KK Mart,Tier 1,5.75
ChIJLea-qfSuzTERYPjU-drmPqw,S. B. Meru Enterprise,"No. 119-121, Taman Wira, Pekan Meru, Klang, Klang, 41050, Klang",Selangor,2.9372989,101.4733819,3.2,5,013-641 0000,Super/Groceries,Super - Indie retail,Tier 1,5.73
ChIJ8cSKgWuXzTERZQy9p7tlLfw,Kedai Runcit Zulhelmi,"dewan, No2, Kedai PLB(sebelah, Kampung Kundang",Tanjong Sepat,2.6798584,101.53429,3.2,5,019-618 4124,Hyper,Hyper - Other regional chain,Tier 1,5.73
ChIJqSBpTundzTERI3dT2wghlcE,99 Speedmart 1506 (NS) Pekan Sikamat,"No: 2 &3(Ground Floor), Jalan Seri Pandan 1 Taman Seri Pandan",Kampung Sikamat Lama,2.747551,101.9714683,3.2,5,03-3362 6863,Convenience,Conv - 99 Speedmart,Tier 1,5.73
ChIJ0wPkcTetzTERrEXoQ-V4bT8,99 Speedmart 3073 Taman Bunga Raya Klang,"No: PT 14562 (Ground Floor, Jalan Raja Nong 1, Taman Bunga Raya",Klang,3.0212499,101.4666611,3.2,5,03-3362 6863,Convenience,Conv - 99 Speedmart,Tier 1,5.73
ChIJiWhzcQ5VzDERx1pdPLwTUhw,99 Speedmart 2949 Taman Aman Perdana 2,"No: 16 & 18 (Ground Floor Jalan Aman Perdana 1A/KU 5 Taman, Jalan Haji Abdul Manan, Aman Perdana",Klang,3.1114431,101.4096075,3.2,5,03-3362 6863,Convenience,Conv - 99 Speedmart,Tier 1,5.73
ChIJPZqugRNFzDEReBL5o8RvcaE,99 Speedmart 2347 Taman Perindustrian KIP,"30 & 31 Ground Floor, No:, Jalan KIP 1, Taman Perindustrian Kip",Kuala Lumpur,3.2068163,101.6066774,2.3,11,03-3362 6863,Convenience,Conv - 99 Speedmart,Tier 1,5.72
ChIJceTnU7i3zTERbCV52XaHeGQ,NZ Grocer Shopping Mall,Cyberjaya,"Kuala Lumpur, Petaling Jaya, Shah Alam, Klang, Subang Jaya, Cheras, Ampang, Cyberjaya, Putrajaya, Kajang, 68100 Selayang, Damansara",2.9495237,101.6656212,2.6,8,03-8687 5816,Super/Groceries,Super - Sundry/grocer,Tier 1,5.71
ChIJh3ykx6_LzTERpdUYy7uWEbI,"KK SUPER MART Kajang, MetroPoint (KMP)","No. G3A, Metropoint Complex, Jalan Jelok Ria 8",Kajang,2.9918191,101.7938685,2.6,8,016-330 8196,Convenience,Conv - KK Mart,Tier 1,5.71
ChIJh09Az2TMzTERhm7scIwTCDs,99 Speedmart 1298 Taman Damai Mewah,"Ground Floor, No: 3A & 5, 1A, Jalan Damai Mewah, Taman Damai Mewah",Kajang,2.9868584,101.8085347,2.6,8,03-3362 6863,Convenience,Conv - 99 Speedmart,Tier 1,5.71
ChIJ5fJlOQznzTERrNWptkKR3mM,"KK SUPER MART Seremban, Taman Bukit Kepayang(STBK)","2, Jalan MPK 1, Taman Bukit Kepayang",Seremban,2.7130444,101.9115772,1.9,19,,Convenience,Conv - KK Mart,Tier 1,5.69
ChIJgTck6bc1zDERmWh7zjJ7WAE,99 Speedmart 2417 Bandar Tun Hussein Onn 1,"No: 1 (Ground Floor, Jalan Suadamai 1/3, Tun Hussein Onn",Cheras,3.0553056,101.7581111,2.2,12,03-3362 6863,Convenience,Conv - 99 Speedmart,Tier 1,5.64
ChIJvwBHVKdPzDERRrb8RG4QByg,Chitwan Mini Market,"31, Jalan TSB 10A",Taman Industri Sungai Buloh,3.167339,101.5700681,3.5,4,016-271 5795,Super/Groceries,Super - Independent local,Tier 1,5.63
ChIJ1QCfcCS5zTERez6kp8XJSPk,"KK Super Mart Sepang, KLIA Avenue (SKA)","9, Jalan KLIA Avenue, PUSAT DAGANGAN KLIA AVENUE",Sepang,2.8074961,101.6950996,3.5,4,,Convenience,Conv - KK Mart,Tier 1,5.63
ChIJLVjPoWOlzTERVTdGUB3YH3g,ECONSAVE Mart Banting 2,"No. 109, Jalan Toman, Taman Sri Putra",Banting,2.8133392,101.4858517,3.5,4,,Convenience,Conv - Indie mart,Tier 1,5.63
ChIJ07RqQAC5zTERCb10fBMMm00,Bila Bila Mart,Sepang,"Kuala Lumpur, Petaling Jaya, Shah Alam, Klang, Subang Jaya, Cheras, Ampang, Cyberjaya, Putrajaya, Kajang, 68100 Selayang, Damansara",2.8390966,101.6986987,3.5,4,,Convenience,Conv - BilaBila Mart,Tier 1,5.63
ChIJ6fKQRQBTzDERIKOB572p7t4,KK Super Mart,"J-31-G, Jalan Multimedia, Seksyen 7",Shah Alam,3.0654484,101.4843543,3.5,4,,Convenience,Conv - KK Mart,Tier 1,5.63
ChIJd6wH0xlVzDERX1OYrgDdHqs,ECONSAVE Mart Taman Sementa Utama 1,"No. 11 & 15, Jalan Sementa Utama 1, Batu 7, Jalan Kapar, Taman Sementa Utama",Klang,3.0933627,101.3782253,3.5,4,03-3291 9453,Convenience,Conv - Indie mart,Tier 1,5.63
ChIJe8_9BxszzDERdq26oUTlkmg,99 Speedmart 1409 Taman Perkasa,"No: 16 & 17 (GF, 2, Jalan Perkasa 1",Taman Perkasa,3.1031212,101.7992305,3.5,4,03-3362 6863,Convenience,Conv - 99 Speedmart,Tier 1,5.63
ChIJL5wUvINZzDERH5iyfIq8Tts,BNS Mini Market,"4, Lorong Naluri Sukma A8/A",Puncak Alam,3.2299662,101.4262828,3.5,4,018-988 9343,Convenience,Conv - Mini-mart,Tier 1,5.63
ChIJ1et_A0lGzDER3wC39s9t_kE,"KK SUPER MART Kepong, Taman Fadason (KFD)","50, Jalan 2/17, Off, Jalan Kepong, Taman Fadason",Kuala Lumpur,3.2139978,101.653,3.5,4,010-212 3308,Convenience,Conv - KK Mart,Tier 1,5.63
ChIJyV3_M-lgzDERDxEOGoMAbhY,Pasar Mini Saveway,"6, Jalan Rawang, Pekan Batang Berjuntai",Batang Berjuntai,3.3784755,101.4058108,3.5,4,03-3281 4100,Convenience,Conv - Mini-mart,Tier 1,5.63
ChIJL-a-xuvjzTERsc1rGnwPlNM,99 Speedmart 3330 (NS) Youth City,No: L1-21 (Ground Floor Jalan Bandar Belia 1/2 Bandar Wawasan Putra Nilai,Nilai,2.8205292,101.7959622,2.7,7,03-3362 6863,Convenience,Conv - 99 Speedmart,Tier 1,5.61
ChIJt4UmB9vLzTERBQbdGdchQZ8,"KK SUPER MART Reko, Kajang ( RKJ2)","No.3A Saville @ Kajang, Jalan TB 1/1",Kajang,2.9721457,101.7895394,2.7,7,,Convenience,Conv - KK Mart,Tier 1,5.61
ChIJY_I1AJ5TzDERzvCshG69m-A,"KK Super Mart Shah Alam, Seksyen U13 ( SU13 )","VB-G-03, Seksyen U13, No.1, Jalan Setia Murni U13/51, Setia Alam",Shah Alam,3.1154704,101.4532525,2.7,7,,Convenience,Conv - KK Mart,Tier 1,5.61
ChIJ5YKqH2pNzDERppGxR-5_-2k,"KK Super Mart Shah Alam, Seksyen 20 (SA20)","17, Jalan Singa C 20/C, Seksyen 20",Shah Alam,3.0559119,101.5420337,1.9,18,016-270 3308,Convenience,Conv - KK Mart,Tier 1,5.59
ChIJ4_zhOJPPzTERdJj-aXJ2qZM,FISJAR ENTERPRISE,Kampung Rinching Hilir,Semenyih,2.8984977,101.8105793,4.0,3,,Super/Groceries,Super - Indie retail,Tier 1,5.55
ChIJlQIcCLFPzDERJKf_FGzN5Fg,Shakira Mini Market,"150, Jalan Tudm, Kampung Subang Baru",Shah Alam,3.1385789,101.5406888,4.0,3,018-404 3326,Super/Groceries,Super - Independent local,Tier 1,5.55
ChIJjwYsloj0zDERuWjLBlmA1fM,Kedai IKAN Murah,Taman Iks Pkns,Kuala Selangor,3.3179705,101.2645918,4.0,3,011-2681 0021,Super/Groceries,Super - Generic kedai,Tier 1,5.55
ChIJreT8X9y2zTERMtR5DR4tjX4,Kinsly Grocery,"Mutiara Ville, Block D, Level 7A, Persiaran Sepang",Cyberjaya,2.9238039,101.6342784,4.0,3,,Convenience,Conv - Sundry/grocer,Tier 1,5.55
ChIJ9wNrlFJLzDERLAzadN0YyCM,99 Speedmart 3745 Bandar Kinrara 5,"No: 18 & 20 (Ground Floor, Jalan BK 5A/2A, Bandar Kinrara",Puchong,3.0470148,101.6448656,4.0,3,03-3362 6863,Convenience,Conv - 99 Speedmart,Tier 1,5.55
ChIJ-ZPHJGI3zDER5LcP2EtamBU,99 Speedmart 2525 The Arc,No :B2-16 (Ground Floor ARC @ Ampang Ukay Persiaran Ampang Ukay,Ampang,3.1721509,101.756668,2.0,15,03-3362 6863,Convenience,Conv - 99 Speedmart,Tier 1,5.55
ChIJrR0Xt8BNzDERHoInq5F1XBU,99 Speedmart 1194 Shah Alam Sek 15,"No.32-G & 34-G, Jalan Pahat G 15/G, Seksyen 15",Shah Alam,3.0637665,101.5263798,2.4,9,03-3362 6863,Convenience,Conv - 99 Speedmart,Tier 1,5.53
ChIJR7IrKpHFzTERy6ft2dQvdqc,Pasar Mini GNR,"Jalan Utl 4, Kampung Gebok Batu 12",Mantin,2.8222113,101.8705331,5.0,2,,Super/Groceries,Super - Independent local,Tier 1,5.49
ChIJ47w4_NiyzTER319teaGhX80,Jianli Trading,"No. 19, Jalan Belakung 27/7 Seksyen 27, Selangor",Shah Alam,3.0230822,101.5672398,5.0,2,03-5191 8830,Super/Groceries,Super - Indie retail,Tier 1,5.49
ChIJZZqZ05OrzTEROdZKDHfXl5s,Three Seasons Trading,"29, Leboh Menalu, Taman Chi Liung",Klang,3.0226717,101.4336816,5.0,2,,Super/Groceries,Super - Indie retail,Tier 1,5.49
ChIJaUssiZVSzDERQP_lGzDIIk0,Pasar Mini H-2 Sdn. Bhd.,"101, Block 3, Ground Floor, Jalan Sempadan 16/7, Seksyen 16",Shah Alam,3.0548487,101.5061338,5.0,2,03-5510 3711,Super/Groceries,Super - Independent local,Tier 1,5.49
ChIJQcwi_W9VzDERGzNsTmpk2Co,KEDAI HARAOPAN KELUARGA,Kampung Sungai Udang,Klang,3.0429173,101.4126846,5.0,2,,Super/Groceries,Super - Generic kedai,Tier 1,5.49
ChIJMfC1I19MzDERI3UC7vZ9iHU,Ykm Niaga Enterprise,"67, Jalan SS 15/4b, Ss 15",Subang Jaya,3.0760493,101.5885651,5.0,2,,Super/Groceries,Super - Indie retail,Tier 1,5.49
ChIJubTD9vxNzDER9IkvwHFRkWI,Hasan Ekin Enterprise,Usj 14,Subang Jaya,3.0354045,101.5936878,5.0,2,03-8081 1440,Super/Groceries,Super - Indie retail,Tier 1,5.49
ChIJF8hvG4JVzDER6pYy6Yf_irc,PASAR MINI HIJAU DUA JAYA,"No.26, Jalan Sementa Utama 1, Taman Sementa Utama",Klang,3.0933418,101.3792332,5.0,2,,Super/Groceries,Super - Independent local,Tier 1,5.49
ChIJvxQhSQA1zDER23L7tBd2QWU,RR MINI MART,"56000, Jalan Taman, Taman Kepong",Kuala Lumpur,3.0785717,101.7425902,5.0,2,,Super/Groceries,Super - Indie retail,Tier 1,5.49
ChIJF4APJFRLzDER2TR4u0iDGa0,PJS8 Grocer Petaling Jaya,"E1 & F1, Bangunan, Jalan 8/1E",Petaling Jaya,3.0825288,101.6340769,5.0,2,019-892 6175,Super/Groceries,Super - Sundry/grocer,Tier 1,5.49
ChIJR_HMXwBLzDERulJ7Ew3aRNk,SHUN YI MART,"3G, Jalan Radin Bagus 6, Bandar Baru Sri Petaling",Kuala Lumpur,3.0707385,101.6928737,5.0,2,017-719 6711,Super/Groceries,Super - Indie retail,Tier 1,5.49
ChIJkQqPx5JLzDERD00xkk7WSWI,GATE YEMEN TRADING / باب اليمن للتجارة,"B-G-09, StreetMall, One South, Jalan OS, Taman Serdang Perdana",Seri Kembangan,3.0446818,101.7062742,5.0,2,011-1111 2244,Super/Groceries,Super - Indie retail,Tier 1,5.49
ChIJRceOKKhKzDERFhy03p0E-mA,RAHIMAH MINI MARKET,"Jalan SP 5/3, Taman Serdang Perdana",Seri Kembangan,3.0410366,101.7066443,5.0,2,03-8941 4713,Super/Groceries,Super - Independent local,Tier 1,5.49
ChIJSTsd3303zDERJAnrMbpy3PU,ALIFF ALMAS TRADING,"193, Jalan San Peng",Kuala Lumpur,3.134007,101.7075466,5.0,2,019-877 1998,Super/Groceries,Super - Indie retail,Tier 1,5.49
ChIJQUs4ENJPzDERVemPBWzDn6g,Pasar Mini Hijas,"42-G, Jalan Dinar F U3/F, Taman Subang Perdana",Shah Alam,3.1494126,101.5446963,5.0,2,010-702 2983,Super/Groceries,Super - Independent local,Tier 1,5.49
ChIJRY5F7Ro3zDERVk_iSCQR5EY,Juara Megakris Sdn Bhd,"21-5 Menara Mutiara Sentral, 2, Jalan Desa Aman 1 Cheras Business Centre, 56000 Cheras, Kuala Lumpur Cheras",Kuala Lumpur,3.0982079,101.7389701,5.0,2,012-689 5660,Super/Groceries,Super - Indie retail,Tier 1,5.49
ChIJ3-_BfTo0zDERt4lXtUZxLZE,MPA SMART ENTERPRISE,Unnamed Road,Cheras,3.0989637,101.7641627,5.0,2,019-606 0806,Super/Groceries,Super - Indie retail,Tier 1,5.49
ChIJXRazAgA3zDERHpU9fG2EHuE,Pasar Raya Well-Mart AP3,"3, Lorong Pandan Pertama 7, Taman Cempaka",Ampang,3.1412961,101.7478599,5.0,2,,Super/Groceries,Super - Indie retail,Tier 1,5.49
ChIJyba6DgA3zDERIjZj0Lddqa4,Kedai keluargaria,"TINGKAT BAWAH, RKAT DESA PASIFIK, Jalan Ampang Kiri, WILAYAH PERSEKUTUAN Ampang",Kuala Lumpur,3.1618225,101.7456822,5.0,2,016-674 4620,Super/Groceries,Super - Generic kedai,Tier 1,5.49
ChIJE1MbajNdzDERmb8eMaYbk20,Pandan Grocer Fresh Mart Rawang,"Taman M Residence, 9G, Jalan MR 1/4",Rawang,3.3188302,101.5095015,5.0,2,017-626 5990,Super/Groceries,Super - Sundry/grocer,Tier 1,5.49
ChIJE1wsB6FHzDERuQiXG_qVNG0,Mai Wai Foods Sdn Bhd,"27, Jalan 3/10b, Taman Industri Spring Crest Batu Caves",Batu Caves,3.2276735,101.6811071,5.0,2,,Super/Groceries,Super - Indie retail,Tier 1,5.49
ChIJaU-x4w6jzTERXgj2OJGG2lc,Juma Chicken,Kampung Kelanang,Banting,2.7921929,101.4376182,5.0,2,,Hyper,Hyper - Other regional chain,Tier 1,5.49
ChIJOZrFWQD_zDERSfdhICffjlE,Chop Sin Huat 生發號,27QH+F8,Pulau Ketam,3.0388963,101.2775775,5.0,2,,Hyper,Hyper - Other regional chain,Tier 1,5.49
ChIJQdvASZxZzDERWC4YHB3r89Q,Pasar segar Mohd haikal firdaus,Jeram,"Kuala Lumpur, Petaling Jaya, Shah Alam, Klang, Subang Jaya, Cheras, Ampang, Cyberjaya, Putrajaya, Kajang, 68100 Selayang, Damansara",3.2727789,101.3684799,5.0,2,,Hyper,Hyper - Other regional chain,Tier 1,5.49
ChIJ59QgnltCzDERXS1cZ9aYH0g,7-Eleven • Bandar Baru Rawang • Store 394,"69, Jalan Bandar Rawang 2, Pusat Bandar Rawang",Rawang,3.324309,101.577753,2.5,8,03-6092 8158,Hyper,Hyper - Other regional chain,Tier 1,5.49
ChIJyYZB5ZZhzDERoHT9W5KZP2A,Pasar Mini Sri Cahaya,"No. 18, Jalan 1, Taman Seri Cahaya",Batang Berjuntai,3.3775787,101.3965141,5.0,2,,Hyper,Hyper - Other regional chain,Tier 1,5.49
ChIJ99Xr_E8bzDERRNdW7ZbK7fc,Mesra,Petronas Bentong R&R,Bentong,3.4431367,101.8939146,5.0,2,1-300-22-8888,Hyper,Hyper - Other regional chain,Tier 1,5.49
ChIJy70RHwDdzTEROWoL04a_Od4,MF Freshmart,"No.1, 6, Jalan Utam Singh, Bandar Seremban",Seremban,2.7290841,101.9374746,5.0,2,,Convenience,Conv - Indie mart,Tier 1,5.49
ChIJpWh614-kzTERtpMu344kLXA,99 Speedmart 1232 Taman Mulia Banting,"No: 39 & 41, Jalan Mulia, Taman Mulia",Banting,2.8121767,101.4905562,2.5,8,03-3362 6863,Convenience,Conv - 99 Speedmart,Tier 1,5.49
ChIJ8c0UYzXPzTERB6zoBYknSPA,Econsave Pelangi Semenyih 2 - Pasar Ekonomi Mart,"19 & 21, Jalan TPS 2/2, Taman Pelangi Semenyih 2",Semenyih,2.9162597,101.8642627,5.0,2,,Convenience,Conv - Indie mart,Tier 1,5.49
ChIJa-QOapC3zTER0RrDoAPDV94,Eco Fresh Mart Solstice,"Menara Solstice, 2, Persiaran Bestari, Cyber 11",Cyberjaya,2.9247824,101.6362496,5.0,2,017-280 9911,Convenience,Conv - Indie mart,Tier 1,5.49
ChIJBxRi_Xm1zTERLAVA4A2CAQs,Kedai Runcit Pulau Meranti,"Jalan Meranti 6, Kampung Pulau Meranti",Puchong,2.9662966,101.6431662,5.0,2,011-6235 6612,Convenience,Conv - Kedai runcit,Tier 1,5.49
ChIJwd7yePUBzTERmNno7XB8Cz4,Kedai Ubat Len Min,19k Jalan Besar Pulau ketam,Klang,3.0210263,101.2528615,5.0,2,03-3110 5260,Convenience,Conv - Generic kedai,Tier 1,5.49
ChIJo7UscKexzTER7Uph9j9u49c,Rajab Mini Mart,"S-G-01, BSP21, Jalan Bandar Saujana Putra, Bandar Saujana Putra",Jenjarom,2.9436091,101.5900234,5.0,2,011-7007 0012,Convenience,Conv - Mini-mart,Tier 1,5.49
ChIJKZlSVQDJzTERLQrgly81UNI,Ummi Mart,"8, Jalan 1/4, Seksyen 1",Bandar Baru Bangi,2.9439252,101.7696431,5.0,2,012-297 3664,Convenience,Conv - Indie mart,Tier 1,5.49
ChIJISe4ZyDPzTERmtJlHZa03FA,99 Speedmart 3787 Taman Universiti Bangi,No: 61 & 63 (Ground Floor Jalan Universiti Bangi 1 Taman Universiti Bangi,Kajang,2.9360606,101.8017584,5.0,2,03-3362 6863,Convenience,Conv - 99 Speedmart,Tier 1,5.49
ChIJQ8wTI3zNzTER_67b1KuvNDg,99 Speedmart 3821 Taman Tenera Semenyih,"No: 4-G & 6-G (Ground Floor, Jalan Tenera Semenyih 1/1, Taman Tenera",Semenyih,2.9491071,101.8529509,5.0,2,03-3362 6863,Convenience,Conv - 99 Speedmart,Tier 1,5.49
ChIJzXu9DAitzTERwcVONjQK338,Walk In Speed Mart,"37, Jalan Kebun Nenas 1a/Ks7, Bandar Putera",Klang,2.9977963,101.4912655,5.0,2,03-5161 8311,Convenience,Conv - Indie mart,Tier 1,5.49
ChIJXzpdExG1zTERRtlAIPa0chY,Pasar Mini Mahathir,"12, Jalan Mutiara 1/1, Taman Mutiara Indah",Puchong,2.989844,101.63493,5.0,2,016-929 8075,Convenience,Conv - Mini-mart,Tier 1,5.49
ChIJEYj1hIG1zTERMsm2nFB2pJE,KK Super Mart Puchong Utama (2) ( PCU2 ),"78, Jalan BPU 1, Bandar Puchong Utama",Puchong,2.9954291,101.6209443,5.0,2,,Convenience,Conv - KK Mart,Tier 1,5.49
ChIJS47j6zm1zTERvCd3vapmyr4,Kaliber Mart,"Perkarangan Masjid Baitul Amin, Jalan Wawasan 5/3, Pusat Bandar Puchong",Puchong,3.0273507,101.6263654,5.0,2,012-679 2364,Convenience,Conv - Indie mart,Tier 1,5.49
ChIJ1--uTHFTzDERuwLWfBf3pD8,Kedai Runcit Mek Melor,"No2, Jalan Padang Jawa, Seksyen 17",Shah Alam,3.0534312,101.4891428,5.0,2,012-331 3324,Convenience,Conv - Kedai runcit,Tier 1,5.49
ChIJ33ZK7yFLzDERRQNjdt-wqu8,99 Speedmart 1213 Taman Kinrara Sek 3,"No: 24 & 25, Jalan Ks 3a, Taman Kinrara Seksyen 3",Puchong,3.0602173,101.6422046,2.5,8,03-3362 6863,Convenience,Conv - 99 Speedmart,Tier 1,5.49
ChIJ17b2pqJLzDERQ3pJ8xJv1UQ,KK SUPER MART Sri Manja (SM),"1, Jalan PJS 3/48, Taman Sri Manja",Petaling Jaya,3.0729118,101.6476422,1.9,17,016-330 8317,Convenience,Conv - KK Mart,Tier 1,5.49
ChIJAR-mIABNzDER1Ly5oXUDgtQ,99 Speedmart 3631 Mayang Avenue,"No: A-1-06 (Ground Floor Blok A, Mayang Avenue, Jalan SS 25/35, Taman Mayang",Petaling Jaya,3.1131395,101.5951731,5.0,2,03-3362 6863,Convenience,Conv - 99 Speedmart,Tier 1,5.49
ChIJuzu6HXZNzDERVCwoOaaXDpI,BilaBila Mart - Saujana Villa,"CONDO SAUJANA RESORT, Saujana Villa, UNIT NO. 5-00-1, SEKSYEN U2",Shah Alam,3.106906,101.5807205,5.0,2,03-7859 7094,Convenience,Conv - BilaBila Mart,Tier 1,5.49
ChIJKWcL9NdPzDERG6O5oc-ly0I,99 Speedmart 3859 Aman Suria Damansara,"No: B-G-22 & B-G-22A (Ground Floor, Aman Suria Damansara, Jalan PJU 1/43",Petaling Jaya,3.1224716,101.595269,5.0,2,03-3362 6863,Convenience,Conv - 99 Speedmart,Tier 1,5.49
ChIJmSbLQsdJzDERtuRmuQZcmXo,(PM1) Kedai Koperasi Kolej Kediaman Tun Syed Zahiruddin (KK9),Seksyen 16,Kuala Lumpur,3.1209645,101.6456433,5.0,2,,Convenience,Conv - Generic kedai,Tier 1,5.49
ChIJJ5Ap67dPzDERpeoNs994L8g,Kedai Runcit Anuar Bin Abdullah,"No. 29-G, Jalan Bulan JU5/J, Seksyen U5, Bandar Pinggiran Subang (Subang 2), Selangor",Shah Alam,3.1600905,101.5479092,5.0,2,03-7859 1253,Convenience,Conv - Kedai runcit,Tier 1,5.49
ChIJqSD2uF4wzDERXOeumb7Tpfg,syarikat perniagaan soon huat（Kedai Runcit Panjang）,"33, Jalan Besar",Pekan Batu 18,3.1652235,101.8479392,5.0,2,,Convenience,Conv - Kedai runcit,Tier 1,5.49
ChIJISvZi3xJzDER_8Iw57urtBo,BilaBila Mart - 28 Mont' Kiara,"B-G-2, 28, 32, Jalan Kiara, Mont Kiara",Kuala Lumpur,3.1736923,101.6524364,5.0,2,,Convenience,Conv - BilaBila Mart,Tier 1,5.49
ChIJvU9CDBZTzDEROhA4LjjDNWc,KK Super Mart Bandar Puncak Alam (4) ( BPA4 ),"No.36, Lorong Naluri Sukma A 8/A, Seksyen 8",Bandar Puncak Alam,3.2293142,101.4270929,5.0,2,,Convenience,Conv - KK Mart,Tier 1,5.49
ChIJlXK8uwlZzDER2E5vUBVZZ98,Kedai runcit usaha baru,Kampung Parit Omar,Jeram,3.2710333,101.3537975,5.0,2,,Convenience,Conv - Kedai runcit,Tier 1,5.49
ChIJLxrU4fhFzDERs5CxhzPRcQU,SEGERA SERVE (MINI MART),"R-G-25, D, Sara Sentral, Kampung Selamat",Shah Alam,3.1992098,101.5778815,5.0,2,018-911 4391,Convenience,Conv - Mini-mart,Tier 1,5.49
ChIJg_lj2Y5FzDER9uLwAbqcCRg,SEGERA SERVE (MINI MART) D’SARA,"R-G-25, D, Sara Sentral, Kampung Selamat",Shah Alam,3.1990645,101.577886,5.0,2,018-911 4391,Convenience,Conv - Mini-mart,Tier 1,5.49
ChIJD77r5DVHzDERQJmsg8bSQCY,KK Super Mart Kepong Baru (2) ( KBR2 ),"Off, 3 Jalan 3/33A, Batu 7, Jalan Kepong, Kepong Baru",Kuala Lumpur,3.2121207,101.645318,5.0,2,,Convenience,Conv - KK Mart,Tier 1,5.49
ChIJ51u2DABHzDERP50BnaGZBx8,SP SHEN YANG MINI MART,"11, Jalan Ambong Kiri 1, Kepong Baru",Kuala Lumpur,3.2104471,101.6469404,5.0,2,012-238 1541,Convenience,Conv - Mini-mart,Tier 1,5.49
ChIJndqZdphHzDER2aee6ygxKqQ,KK Super Mart Pinggiran Batu Caves (2) (PBC2),"34, Jalan Pinggiran 2/2, Taman Pinggiran",Batu Caves,3.255697,101.6941353,5.0,2,,Convenience,Conv - KK Mart,Tier 1,5.49
ChIJuTVwhk31zDERHw_ccRgW0pI,99 Speedmart 3764 Bandar Baru Kuala Selangor,"No: 28 & 30 (Ground Floor, Lorong Teratai 2/12, Bandar Baru",Kuala Selangor,3.3225405,101.2608038,5.0,2,03-3362 6863,Convenience,Conv - 99 Speedmart,Tier 1,5.49
ChIJ3RC5pWppzDER_-I1Qy6S8_U,Kedai Runcit Maju Makmur,"No. 1, Jalan Telipot 2A, Serksyen BS 9, Bukit Sentosa 3, Selangor",Rawang,3.408899,101.593856,5.0,2,019-669 8060,Convenience,Conv - Kedai runcit,Tier 1,5.49
ChIJdWXtpD5DzDERbPax6Dmk0fA,99 Speedmart 2774 B&G Komersial Sentral,"Ground Floor, No: 25 & 27, Blok B, Jalan BG 2, B&G Komersial Sentral",Rawang,3.3109753,101.5796608,5.0,2,03-3362 6863,Convenience,Conv - 99 Speedmart,Tier 1,5.49
ChIJFaFNuLptzDERQDZcc5KqVUE,Pasaraya JTR Jaya Mini Market,Taman Rasa Jaya,Rasa,3.4974044,101.6333219,5.0,2,017-252 5180,Convenience,Conv - Mini-mart,Tier 1,5.49
ChIJPyDXBYIbzDERfXFf6cwoIxA,99 Speedmart 3095 (PH) Taman Kolej,"No: P1 & P2 (Ground Floor, Jalan Kolej 1, Taman Kolej",Bentong,3.4866387,101.9160726,5.0,2,03-3362 6863,Convenience,Conv - 99 Speedmart,Tier 1,5.49
ChIJW7zU--5LzDERim1j2MD6eYI,SP MINI MART,"A-G-06 PPRAC4, Blok A, Jalan Sri Sentosa 2a, Taman Sri Sentosa",Kuala Lumpur,3.0773206,101.6544767,2.8,6,,Super/Groceries,Super - Indie retail,Tier 1,5.45
ChIJ_fp3buBTzDEROv6265vKXXE,"KK Super Mart Shah Alam, Ken Rimba (SAKR)",B-25 (1 Ken Rimba Commercial Centre,Shah Alam,3.0555968,101.4843021,2.8,6,,Convenience,Conv - KK Mart,Tier 1,5.45
ChIJ05CdsjDnzTERXzlLmcbdrIA,"KK SUPER MART Seremban 2, Pusat Dagangan (SDG)","Pusat Dagangan, 20, Jalan S2 B15, Seremban 2",Seremban,2.6929952,101.9054291,1.6,29,010-230 8375,Convenience,Conv - KK Mart,Tier 1,5.44
ChIJI9Tp9TROzDERAqUlErQ8H0c,KK Super Mart (SAU3),"52G, Jalan Dinar F U3/F, Subang Perdana, Sekysen U3",Shah Alam,3.1506823,101.5434519,2.0,14,016-780 3308,Convenience,Conv - KK Mart,Tier 1,5.42
ChIJ_0--3KJOzDERhju5aA8dZ44,7-Eleven,"B-G, 16, Jalan PJU 1/45, Aman Suria",Petaling Jaya,3.122162,101.5952026,2.6,7,03-7804 0745,Hyper,Hyper - Other regional chain,Tier 1,5.41
ChIJGZSGoc7GzTER37XiOT5_Z5g,"KK SUPER MART Nilai, Desa Cempaka (NDC)","PT 11407, Jalan BBN 6/2B, Desa Cempaka, Bandar Baru Nilai",Nilai,2.8023497,101.7669656,1.7,23,016-330 8141,Convenience,Conv - KK Mart,Tier 1,5.4
ChIJCS_i4182zDERAMEMffXQiyQ,KK Super Mart Pandan Indah (PID),"12, Jalan Pandan Indah 1/23a, Pandan Indah",Kuala Lumpur,3.1332139,101.7522184,2.1,12,016-330 8450,Convenience,Conv - KK Mart,Tier 1,5.39
ChIJJbv3cPfnzTERCTpkB0oIdxM,"KK Super Mart Seremban, Senawang, Taman Merpati (SSTM)",5-G Lorong TM 1/1 Taman Merpati Senawang,Seremban,2.6906388,101.9660604,3.0,5,,Convenience,Conv - KK Mart,Tier 1,5.38
ChIJA1P82bbLzTERb0L5tfUc9j0,"KK SUPER MART Pusat Bandar, Bangi (BPB)","23, Jalan Medan Pusat Bandar 4A, Seksyen 9",Bangi,2.9585293,101.755701,1.9,16,016-330 8453,Convenience,Conv - KK Mart,Tier 1,5.38
ChIJj7s3eoSzzTERg5JvX7Y3oPo,ECONSAVE Mart Kota Kemuning,"1, Jalan Anggerik Eria, AU31/AU, Kota Kemuning, Seksyen 31",Shah Alam,2.9933663,101.5314258,3.0,5,,Convenience,Conv - Indie mart,Tier 1,5.38
ChIJqccdDmKzzTERmGqtCNHWO3M,KK Super Mart KOI,"Pusat Komersial KOI, No.11, Jalan, Jalan, Jalan Puchong, Batu 13",Puchong,3.0090853,101.6153622,1.9,16,016-621 3308,Convenience,Conv - KK Mart,Tier 1,5.38
ChIJuyKqegKvzTERVwSv8k5MTiU,Pasar Mini Divya,"No. 172, Jalan Panglima 2, Taman Emas, T. P. Garang, K. Langat, 42500, Telok Panglima Garang",Selangor,3.009373,101.570359,3.3,4,03-3122 9225,Super/Groceries,Super - Independent local,Tier 1,5.31
ChIJLfwuHQpHzDERgjZzui2--Gc,GO GO GROCER (ECO SKY),"188, Jalan Kuching, Taman Tasik Indah",Kuala Lumpur,3.2192316,101.6711515,3.3,4,,Super/Groceries,Super - Sundry/grocer,Tier 1,5.31
ChIJL0u1mMk2zDERGh_1w3Uy3_Q,"KK SUPER MART Ampang, Taman Mulia Jaya (AMJ)","Lot 3 Persiaran Saujana & Ulu Klang, Taman Mulia Jaya",Ampang Jaya,3.1331827,101.7890247,3.3,4,010-292 3308,Convenience,Conv - KK Mart,Tier 1,5.31
ChIJ77MNtrlZzDERu3RdUUpaDAc,99 Speedmart 2919 PP Puncak Alam Jaya,"Pusat Perdagangan, No: 50 (Ground Floor Jalan Puncak Alam Jaya 14, Jalan Persiaran Puncak Alam 6",Puncak Alam,3.2407014,101.432777,3.3,4,03-3362 6863,Convenience,Conv - 99 Speedmart,Tier 1,5.31
ChIJx07mEVpLzDER8x6FZnAKnnA,KK SUPER MART Residensi Bandar Razak (RBR),"A-G-27, Residensi Bandar Razak, 1, Jalan Razak Mansion",Sungai Besi,3.1071886,101.705717,2.2,10,,Convenience,Conv - KK Mart,Tier 1,5.28
ChIJd-Hl1ItTzDER335vhhCgld4,99 Speedmart 2936 Bandar Baru Klang 3,"22A & 26, Lorong Tiara 1b, Bandar Baru Klang",Klang,3.0633987,101.4693068,2.4,8,03-3362 6863,Convenience,Conv - 99 Speedmart,Tier 1,5.27
ChIJmyqt4kzJzTER8UnstozPDXc,99 Speedmart 2560 Taman Desa Sentosa,"No: 2 (Ground Floor, Medan 9, Taman Desa Sentosa",Bandar Baru Bangi,2.9098792,101.7488937,2.7,6,03-3362 6863,Convenience,Conv - 99 Speedmart,Tier 1,5.25
ChIJq1ZgaS3PzTER6MIUV7UZWwU,MEHRA MART,"12, Jalan Kesuma 3/3, Bandar Tasik Kesuma",Beranang,2.9063253,101.8647186,3.7,3,016-886 6061,Super/Groceries,Super - Indie retail,Tier 1,5.13
ChIJ70uDWGnOzTERyXnBwoO2c6k,Pasar Mini RV,"17, Jalan TTS 2, Taman Tasik Semenyih",Semenyih,2.9458828,101.8648299,3.7,3,011-2121 3174,Super/Groceries,Super - Independent local,Tier 1,5.13
ChIJ4SgCQJiszTER9jyherM49F0,Kedai Runcit Bakdi,"1, Jalan Sri Sarawak 14, Taman Sri Andalas",Klang,3.0148203,101.4422078,3.7,3,016-250 2045,Super/Groceries,Super - Sundry/grocer,Tier 1,5.13
ChIJH0cp7IWszTERXddnmmqLT2c,Kedai Runcit KM Raya,"146, Lebuh Gambus, Taman Desawan, Klang, 41200, Klang",Selangor,3.002588,101.448088,3.7,3,012-283 9844,Super/Groceries,Super - Sundry/grocer,Tier 1,5.13
ChIJO9iTwK5UzDERhqkXFgLaL4M,Pasar Mini Safreen,"15, Jalan Teluk Pulai, Taman Teluk Pulai",Klang,3.0426135,101.4271089,3.7,3,,Super/Groceries,Super - Independent local,Tier 1,5.13
ChIJbRytKofMzTERhGW1V3h6_gE,Sandyasupermart,"10, Jalan 9, Taman Bukit Mewah",Kajang,2.9955127,101.8037152,3.7,3,012-236 1112,Super/Groceries,Super - Independent local,Tier 1,5.13
ChIJnVcfCABRzDERr2xgoKHxMMU,Pasar Raya Well-Mart SA4,"7-1, Jalan Elektron D U16/D, Denai Alam",Shah Alam,3.1617115,101.5114615,3.7,3,03-7832 1201,Super/Groceries,Super - Indie retail,Tier 1,5.13
ChIJnRiPfEA3zDERZwpLZA2oWro,HaloGrocer Pandan Indah,"No. 12, 14 & 16, Jalan Pandan Indah 4/4, Pandan Indah",Kuala Lumpur,3.1298337,101.7550321,3.7,3,03-4291 1933,Super/Groceries,Super - Sundry/grocer,Tier 1,5.13
ChIJoTKQ4wX3zDERERdNsxAjVv4,Pasar Mini Anita,"Jalan Sasaran, Kampung Bukit Kuching",Jeram,3.2716208,101.3395207,3.7,3,,Super/Groceries,Super - Independent local,Tier 1,5.13
ChIJSZ_lGstCzDERYgSvNlU9TVQ,Kedai Serbaneka Maju Jaya,"30, Jalan Desa 1/1, Bandar Country Homes",Rawang,3.3280016,101.5268159,3.7,3,012-367 3610,Super/Groceries,Super - Generic kedai,Tier 1,5.13
ChIJ0522dTRDzDERLUY86g5S8nM,Keen Fresh Sdn Bhd,Rawang Mutiara Business Centre,Rawang,3.3275872,101.5795762,3.7,3,012-611 8013,Super/Groceries,Super - Indie retail,Tier 1,5.13
ChIJN7o5RL85zDERokznvdyG3t0,KEDAI RUNCIT ANAS,"1311-10, Jalan Kerdas 4, Kampung Kerdas",Kuala Lumpur,3.2233692,101.710343,3.7,3,03-6184 1253,Super/Groceries,Super - Sundry/grocer,Tier 1,5.13
ChIJb2bdQ0TXzTERUJ-vknCIscY,Ganesan store,"159, Taman Ksm",Kuala Klawang,2.9447381,102.0713598,3.7,3,,Hyper,Hyper - Other regional chain,Tier 1,5.13
ChIJE_VNFcvhzTER93l9TjXHRaU,99 Speedmart 2580 (NS) Tuanku Jaafar 2,"No 35 & 37 (Ground Floor, Jalan Ttj S/A, Taman Tuanku Jaafar",Seremban,2.6709194,101.9963285,3.7,3,03-3362 6863,Convenience,Conv - 99 Speedmart,Tier 1,5.13
ChIJ36wQKbR1zjERy3efZbt9en8,99 Speedmart 3536 (NS) Taman Sri Terachi,"No: 1 & 2 (Ground Floor, Taman Sri, Terachi",Tanjung Ipoh,2.7436573,102.1555921,3.7,3,03-3362 6863,Convenience,Conv - 99 Speedmart,Tier 1,5.13
ChIJPx5vBuXJzTERKBlaGc2tKAg,99 Speedmart 2989 Bandar Puteri Bangi,"No :5 & 7 (Ground Floor, Jalan Puteri 3A/1",Kajang,2.8790758,101.7958826,3.7,3,03-3362 6863,Convenience,Conv - 99 Speedmart,Tier 1,5.13
ChIJn0asaHe5zTERcRr4rCarZc4,"KK SUPER MART Sepang, Kota Warisan (SKW2)","No.6, Jalan Warisan Megah 1/4, Kota Warisan",Sepang,2.8247104,101.7048338,2.0,12,,Convenience,Conv - KK Mart,Tier 1,5.13
ChIJi1T19JqxzTERAUPPeaNlNH8,"KK Super Mart Puchong, Taman Putra Perdana (3) (PPP3)","Perdana Industrial Park, Jalan PP 16/2, Taman Putra Perdana",Puchong,2.9447609,101.6018563,3.7,3,,Convenience,Conv - KK Mart,Tier 1,5.13
ChIJz6gj6pHJzTERbOdO63U73NQ,Mini Market Azam jaya,"17, Jalan Bistari, Taman Universiti",Kajang,2.9407614,101.7880883,3.7,3,,Convenience,Conv - Mini-mart,Tier 1,5.13
ChIJGbmfaACzzTERC7U2rFsaQiI,"KK Super Mart Subang Jaya, Putra Heights (2) (SPH2)","‎, 35, Jalan Putra Mahkota 7/6c, Seksyen 7, Putra Heights",Subang Jaya,2.9963596,101.57303,3.7,3,,Convenience,Conv - KK Mart,Tier 1,5.13
ChIJYyT1yJJVzDER6eErbLsRQXs,99 Speedmart 2948 Teluk Pulai 2,"No: 1 & 3 (Ground Floor, Jalan Udang Kara 20A, Taman Teluk Pulai",Klang,3.0432695,101.4172848,3.7,3,03-3362 6863,Convenience,Conv - 99 Speedmart,Tier 1,5.13
ChIJBdOFF3RLzDER7e6UJzeFrds,KK Super Mart Taman Kinrara (3) (KRR3),"C-01-06, Jalan PPK 1 Pusat Perniagaan Kinrara, Taman Kinrara Seksyen 3",Puchong,3.0603605,101.6402977,3.7,3,,Convenience,Conv - KK Mart,Tier 1,5.13
ChIJl97YtKk1zDER7sQXuig0iT0,KK SUPER MART Taman Len Seng (LSG),"61, Jalan 2, Taman Len Seng",Kuala Lumpur,3.0736511,101.7439043,3.7,3,03-9544 1704,Convenience,Conv - KK Mart,Tier 1,5.13
ChIJfaNuqsk2zDERKhqOd5c9Exo,Wai Soon Mini Market,"No. 4G dan 6G, Jalan Mulia 3/1, Taman Mulia Jaya",Ampang,3.1329588,101.789627,3.7,3,03-4296 9861,Convenience,Conv - Mini-mart,Tier 1,5.13
ChIJRdYDKQBPzDERxJlJjuiUFgM,Kedai Runcit Salvia,"6, PJU 5, Jalan Kenyalang 11/3b, Seksyen 11 Kota Damansara",Petaling Jaya,3.1589596,101.5954357,3.7,3,011-3338 7890,Convenience,Conv - Kedai runcit,Tier 1,5.13
ChIJBQ5D_aBPzDERY5T06tdnILs,99 Speedmart 3709 Mutiara Damansara 2,"No: 16 & 18 (Ground Floor, Jalan PJU 7/16b",Petaling Jaya,3.1606091,101.6030723,3.7,3,03-3362 6863,Convenience,Conv - 99 Speedmart,Tier 1,5.13
ChIJdRKOwWJPzDERvbWtKk8Q9uk,Gen Mart Kota Damansara,"B-5-G, Jalan PJU 5/13, Kota Damansara",Petaling Jaya,3.1511415,101.5922579,3.7,3,,Convenience,Conv - Indie mart,Tier 1,5.13
ChIJ6fUSrcJFzDERoxzvcZRICgs,Kedai Runcit Kawanku,"19, Jalan Wangsa 3/5, Taman Wangsa Permai",Kuala Lumpur,3.2115303,101.6096897,3.7,3,,Convenience,Conv - Kedai runcit,Tier 1,5.13
ChIJe2JyFz5HzDERGXIy82ThcNw,KK Super Mart Bandar Baru Selayang (2) (BBS2),"No.11G, Jalan 2A/1, fasa 2A Bandar baru Selayang",Batu Caves,3.2630272,101.6781244,3.7,3,,Convenience,Conv - KK Mart,Tier 1,5.13
ChIJTaZ-QP9rzDER-srytiwadss,99 Speedmart 3627 Taman Tasik Teratai,"No: 9 & 11 (Ground Floor, Jalan Teratai 1, Taman Tasik Teratai",Serendah,3.4034404,101.6293383,3.7,3,03-3362 6863,Convenience,Conv - 99 Speedmart,Tier 1,5.13
ChIJNdPRFOBOzDER7l2gWJy3OlI,"KK Super Mart Kota Damansara, Sunway Giza (KDG)","A-7-G, Block A, Sunway Giza, Jalan PJU 5/14, Kota Damansara",Petaling Jaya,3.1514293,101.5915257,1.7,19,016-330 8253,Convenience,Conv - KK Mart,Tier 1,5.09
ChIJA8XG7Ns0zDERJ4GYpDfbW9o,KK SUPER MART Tun Hussein Onn (THO),"32, Jalan Suarasa 8/4, Tun Hussein Onn",Cheras,3.0467056,101.7596381,2.3,8,016-330 8420,Convenience,Conv - KK Mart,Tier 1,5.05
ChIJQ94v-vlZzDERSYCLLtm6syY,KK SUPER MART BANDAR PUNCAK ALAM(BPA),"Astana Alam 3 Pangsapuri Blok Permata, 21, Jalan Astana D 13/D",Puncak Alam,3.2449659,101.4262908,2.3,8,,Convenience,Conv - KK Mart,Tier 1,5.05
ChIJg5yV7kNGzDERLp4kcauLgFI,Pasar Raya Well-Mart KP5,"B-G-2A, Jalan Metro Perdana 2, Taman Usahawan Kepong",Kuala Lumpur,3.216966,101.6431877,2.3,8,,Convenience,Conv - Indie mart,Tier 1,5.05
ChIJJ5Hbz4yzzTERD5Zfa9rP_28,KK Super Mart SKP,"A-GF-01, Ground Floor, Sky Park @ One City, Jalan USJ 25/1",Selangor,3.021921,101.5798749,2.1,10,010-230 8095,Convenience,Conv - KK Mart,Tier 1,5.04
ChIJ3Wewnw1VzDER1QOBLxveCJI,Neighbor Fresh Mart,"Jalan Sementa Utama 1, Taman Sementa Utama",Klang,3.0935116,101.3787638,2.8,5,016-222 9002,Super/Groceries,Super - Indie retail,Tier 1,5.02
ChIJVbwD3nGwzTERpDBMD3eEWu0,Coop Mart,"Kampung Se3662iri, Kampung Seri Cheeding",Banting,2.895833,101.5782742,2.8,5,,Hyper,Hyper - Other regional chain,Tier 1,5.02
ChIJ1_ED8Fq1zTERaqSb0CopZfo,"KK Super Mart Puchong, Saujana Puchong (PSN)","No.16, Jalan SP 3/11, Taman Saujana Puchong",Puchong,2.9894638,101.6387267,2.8,5,,Convenience,Conv - KK Mart,Tier 1,5.02
ChIJ96DWKjxHzDERCmQ4rHkigw8,99 Speedmart 3011 Taman Greenwood Indah,"No : 1 & 3 (Ground Floor, Jalan 2, Taman Greenwood Indah",Batu Caves,3.2243187,101.7002603,2.8,5,03-3362 6863,Convenience,Conv - 99 Speedmart,Tier 1,5.02
ChIJsTDqva5UzDERCqwVVuzXWeU,KK SUPER MART Teluk Pulai (TPL),"129, Jalan Teluk Pulai, Taman Teluk Pulai",Klang,3.0417292,101.4282857,2.4,7,016-330 8199,Convenience,Conv - KK Mart,Tier 1,4.99
ChIJ77gJ4TVHzDER-an1Lwp05lE,99 Speedmart 2852 Kawasan Perindustrian Batu Caves Utara,No: 2 & 3 (Ground Floor Jalan BCU 1 Kawasan Perindustrian Batu Caves Utara,Batu Caves,3.2653489,101.6807044,2.4,7,03-3362 6863,Convenience,Conv - 99 Speedmart,Tier 1,4.99
ChIJMSNWkJSzzTERjqIvvRXqeLg,Asia Mart Sri Muda,"No. 5, 7, 9 & 11, Jalan Mesra 25/66, Taman Seri Muda, Seksyen 25, Taman Sri Muda",Shah Alam,3.0301512,101.5360378,2.0,11,016-256 3642,Super/Groceries,Super - Indie retail,Tier 1,4.97
ChIJr_rm81dNzDER_Du3kMqxPIk,"Mymart Section 23, Shah Alam","5-G, Jalan Pelabur B 23/B, Seksyen 23",Shah Alam,3.0449773,101.526208,4.5,2,,Super/Groceries,Super - Indie retail,Tier 1,4.94
ChIJE5m9LydOzDEREVZd0F_ICwA,Pasar Mini An-Nurs,"No. 2, Jalan Alfa C, Pusat Perdagangan Subang Permai",Shah Alam,3.1392323,101.5277028,4.5,2,016-324 3818,Super/Groceries,Super - Independent local,Tier 1,4.94
ChIJF1ctgnhKzDERZxSDUu5q_No,Juliana teguh ent pasar mini & pasar segar,no 5 grd floor pangsapuri sri sg besi k lumpur,"Kuala Lumpur, Petaling Jaya, Shah Alam, Klang, Subang Jaya, Cheras, Ampang, Cyberjaya, Putrajaya, Kajang, 68100 Selayang, Damansara",3.0797932,101.7066864,4.5,2,012-676 3631,Super/Groceries,Super - Independent local,Tier 1,4.94
ChIJF878hAQ3zDERnerxC7jhye8,Gogrocer Malaysia Sdn Bhd,"No322 B, Jalan Ampang Kiri, Kampung Berembang",Ampang,3.1603314,101.7458772,4.5,2,013-606 0474,Super/Groceries,Super - Sundry/grocer,Tier 1,4.94
ChIJ96CLvr5HzDER_bI-NpFI9RA,Pasar Raya Well-Mart KP9,"3555, Jalan Benteng Utara, Jinjang Utara",Kuala Lumpur,3.2242659,101.659904,4.5,2,03-6242 8875,Super/Groceries,Super - Indie retail,Tier 1,4.94
ChIJgX_AYuxHzDEROnbI3glQQIk,Pasar Mini Al-Taslima,"S-G-63A, Maxim Citylights, Perdana, Jalan Sentul",Kuala Lumpur,3.2079777,101.6905431,4.5,2,03-2857 6811,Super/Groceries,Super - Independent local,Tier 1,4.94
ChIJ-54WNQMFzDERMqYZVDHJ4Ms,TMG Mart Bentong Perting Point,"PT 529 - PT 534, Ground Floor, Jalan Perting Point",Bentong,3.5216532,101.9057166,4.5,2,09-567 9888,Super/Groceries,Super - Tunas Manja,Tier 1,4.94
ChIJ9xzNMF6nzTERxmE8VWiDjY0,99 Speedmart 2903 Taman Jugra Indah,"No: 15 & 17 (Ground Floor Jalan JI 2 Taman Jugra Indah Kampung, Permatang Pasir",Banting,2.8370553,101.4292799,4.5,2,03-3362 6863,Hyper,Hyper - Other regional chain,Tier 1,4.94
ChIJL5tX7ad2zDERbOg-o1f3MuY,Pasar Mini Pusparia,Malaysia,"Kuala Lumpur, Petaling Jaya, Shah Alam, Klang, Subang Jaya, Cheras, Ampang, Cyberjaya, Putrajaya, Kajang, 68100 Selayang, Damansara",3.5986668,101.6150571,4.5,2,,Hyper,Hyper - Other regional chain,Tier 1,4.94
ChIJBwB2IinnzTERTnvNrDMqjCo,Pasar Mini Lavin,"2795, Jalan SJ 3/1a, Taman Seremban Jaya",Seremban,2.6821913,101.9722791,4.5,2,,Convenience,Conv - Mini-mart,Tier 1,4.94
ChIJEylS1sndzTERpBBqqOOQytE,99 Speedmart 3504 (NS) Taman Temiang Jaya,"No: 49 & 50 (Ground Floor, 1, Lorong Muafakat 1, Taman Temiang Jaya",Seremban,2.7419175,101.9499451,4.5,2,03-3362 6863,Convenience,Conv - 99 Speedmart,Tier 1,4.94
ChIJd5PFNinbzTERcxHtwrwPhMY,U Fatt Mini Market,"1, Jalan Taman Desa 1, Kampung Baharu Mantin",Mantin,2.8309224,101.8971038,4.5,2,,Convenience,Conv - Mini-mart,Tier 1,4.94
ChIJye7uwuXBzTERxQdLVFgx-N0,99 Speedmart 3605 Taman Desa Merpati,"No: 24 & 26 (Ground Floor, Jalan Merpati 2, Taman Desa Merpati",Sepang,2.7792237,101.7518063,4.5,2,03-3362 6863,Convenience,Conv - 99 Speedmart,Tier 1,4.94
ChIJN8UDGD-vzTERLVGtJ92UNos,99 Speedmart Telok Panglima Garang 4,"No: 11 & 15 (Ground Floor, Jalan Pandan, Taman Dato Hormat",Telok Panglima Garang,2.9071021,101.4625919,4.5,2,03-3362 6863,Convenience,Conv - 99 Speedmart,Tier 1,4.94
ChIJYRYvEt3FzTERUi5vvjaSaqI,NOOR SUPER MINI MARKET,"61, Jalan Nilai 3/3, Kawasan Perindustrian Nilai 3",Nilai,2.8545193,101.8074507,4.5,2,013-234 1352,Convenience,Conv - Mini-mart,Tier 1,4.94
ChIJ-b1yIVPRzTERg_UyNyLJpq8,99 Speedmart 3681 (NS) Taman Arowana,"No: 12 & 13 (Ground Floor, Jalan Arowana 1, Taman Arowana",Lenggeng,2.8865605,101.929947,4.5,2,03-3362 6863,Convenience,Conv - 99 Speedmart,Tier 1,4.94
ChIJ0za-PQCvzTERyKD0rW9UINw,838 Fresh Mart,"Jalan Mawar Kiri, Taman Desa Sijangkang",Telok Panglima Garang,2.9479583,101.4565982,4.5,2,011-5669 1931,Convenience,Conv - Indie mart,Tier 1,4.94
ChIJx2o_BADPzTERPg65Rm5dFKk,Richiamo Mart GMI Bangi,RICHIAMO MART GMI GERMAN MALAYSIAN INSTUTE,Kajang,2.9343482,101.79814,4.5,2,011-5661 7163,Convenience,Conv - Indie mart,Tier 1,4.94
ChIJGauQT6zNzTERd1y1drYaeSk,99 Speedmart 2451 Taman Ttdi Glove,"16 & 18 Ground Floor, No :, 20, Jalan TTDI Grove 1/1",Kajang,2.9974799,101.8125457,4.5,2,03-3362 6863,Convenience,Conv - 99 Speedmart,Tier 1,4.94
ChIJ3_v2PgBLzDERXQ0ySofoUa4,Eco Mart Vierra Residence,"Bukit Jalil, Ground Floor, Block B, Vierra Residence, 6, Jalan Mas",Bandar Kinrara 1,3.0574491,101.6490316,4.5,2,,Convenience,Conv - Indie mart,Tier 1,4.94
ChIJhym_f6k1zDERa7yiDxZHLjc,"KK SUPER MART Cheras, Bandar Damai Perdana (2) (CDP2)","No. 5-00, Jalan Damai Perdana 6/1F Taman Damai Perdana, Bandar Damai Perdana",Cheras,3.0535413,101.7387659,4.5,2,,Convenience,Conv - KK Mart,Tier 1,4.94
ChIJCX8bxek1zDERJJ51vpJtcg0,99 Speedmart 1483 Taman Sri Cheras,"No: 3A, 3B, 3C & 3D (G), Block C, Jln 8, Rumah Pangsa, Taman Seri Cheras",Cheras,3.0577862,101.7659948,4.5,2,03-3362 6863,Convenience,Conv - 99 Speedmart,Tier 1,4.94
ChIJRZvaG1FPzDER2VaWzZAJkU0,99 Speedmart 3857 Taipan Damansara,"No: F-G-06 & F-G-08 (Ground Floor Blok F, Jalan PJU 1A/3N Taipan Damansara, PJU 1A, Ara Damansara",Petaling Jaya,3.1208219,101.5900477,4.5,2,03-3362 6863,Convenience,Conv - 99 Speedmart,Tier 1,4.94
ChIJFXQKNoM3zDERe1aGpnjY-2c,Arfan Mini Market,"Jalan 27/56, Taman Setiawangsa",Kuala Lumpur,3.1807098,101.7481871,4.5,2,,Convenience,Conv - Mini-mart,Tier 1,4.94
ChIJVQcgpS_3zDERxNSAUkxHWYU,99 Speedmart 1772 Sasaran 2,"237, Jalan Besar, Sungai Buloh",Jeram,3.2564611,101.3076276,4.5,2,03-3362 6863,Convenience,Conv - 99 Speedmart,Tier 1,4.94
ChIJl5rVVdJGzDERXtkAN0xz8MI,Barakah Mart,"Persiaran Selayang Heights, Selayang Heights",Batu Caves,3.2677053,101.6523412,4.5,2,012-346 7120,Convenience,Conv - Indie mart,Tier 1,4.94
ChIJidSergtFzDER9CGB_DFKVf8,Kedai Runcit Janna,"554, Jalan 1b/2, Bandar Baru Sungai Buloh",Sungai Buloh,3.2148645,101.5669544,4.5,2,,Convenience,Conv - Kedai runcit,Tier 1,4.94
ChIJQ9_uQ0kFzDERk1QuzaW8SLU,K Grocery Bentong,"41b, Jalan Chui Yin",Bentong,3.5243341,101.9064173,4.5,2,016-954 4370,Convenience,Conv - Sundry/grocer,Tier 1,4.94
ChIJVciN1TqzzTERZdCC-rWPJH0,KK Super Mart PKP koi prima,"C-1-13A, KOI PRIMA, Jalan Pinggiran Mas 1, Taman Mas Sepang",Puchong,2.975082,101.5773863,1.9,12,,Convenience,Conv - KK Mart,Tier 1,4.87
ChIJw0p8XuNSzDERkeIWlWtz2IM,I-City Park - KK Mart,"J-33-G, Block J, No.6, Persiaran Multimedia, I-City, Sekysen 7",Shah Alam,3.0646067,101.4833995,1.9,12,016-330 8036,Convenience,Conv - KK Mart,Tier 1,4.87
ChIJp_2bp9RLzDERgSTVjP1pqhI,"KK SUPER MART Seksyen 14, Petaling Jaya (S142)","4A (GF, Jalan 14/20",Petaling Jaya,3.1093799,101.6362855,1.8,14,016-330 8637,Convenience,Conv - KK Mart,Tier 1,4.87
ChIJxXP7u8-rzTER3p8p5EOTXtc,"KK Super Mart Klang, Taman Bayu Perdana (KBP)","Jalan Batu Unjur 7, Taman Bayu Perdana",Klang,3.0160448,101.4281319,2.5,6,,Convenience,Conv - KK Mart,Tier 1,4.86
ChIJuZ2w1tRPzDER1zdpO-SIC6U,99 Speedmart 3292 Kota Damansara Sek 6 (1),"No: 17 (Ground Floor, Jalan Cecawi 6/19a, Kota Damansara",Petaling Jaya,3.1587033,101.573459,2.5,6,03-3362 6863,Convenience,Conv - 99 Speedmart,Tier 1,4.86
ChIJi3xbBkhGzDERYNe0ulyDDO8,KK SUPER MART Kepong Laman Rimbunan (KLR),"60, Jalan Rimbunan Raya, Laman Rimbunan",Kepong,3.2115456,101.6500852,2.1,9,016-698 3308,Convenience,Conv - KK Mart,Tier 1,4.84
ChIJlYbgoHZLzDER8MB545wxPF0,Homes Fresh Grocer Sri Manja,"NO 18, 20, HOMES FRESH GROCER SRI MANJA, SM 11, 22, Jalan PJS 3/49, Taman Sri Manja",Petaling Jaya,3.0744979,101.6455817,3.0,4,012-689 2605,Super/Groceries,Super - Sundry/grocer,Tier 1,4.83
ChIJpVttXaROzDER5UkNy5JS90c,Win Hao Trading 永好贸易有限公司,"521, Jalan PJU 1/5, Kampung Cempaka",Petaling Jaya,3.1163629,101.5991301,3.0,4,017-365 3337,Super/Groceries,Super - Indie retail,Tier 1,4.83
ChIJd9reXTy3zTER_d_z_Xbl6mw,TEKUN Mart MMU Cyberjaya,"Multimedia University - MMU Cyberjaya, Hostel Building 3, Wing C MMU Hostel",Cyberjaya,2.9252567,101.6437504,3.0,4,,Convenience,Conv - Indie mart,Tier 1,4.83
ChIJ02uqyT3PzTERMhlVwwjEios,"KK Super Mart Semenyih, Setia Mayuri ( SMY )","5A, No.23A, Jalan Mayuri 1, Setia Mayuri",Semenyih,2.9449098,101.8664452,3.0,4,,Convenience,Conv - KK Mart,Tier 1,4.83
ChIJf-jBhr6rzTERrDDxi786WUQ,"KK Super Mart Klang , Pelabuhan Klang 2 ( KPK2)","No.433-G, Jalan Besar Pandamaran",Pelabuhan Klang,3.0072002,101.4148721,3.0,4,,Convenience,Conv - KK Mart,Tier 1,4.83
ChIJla3MEcStzTERD0TcuNFVSjs,99 Speedmart 2197 Sentosa 2,"No: 12 (Ground Floor), Rawspace Business Park Lorong Dato Yusuf Shahbudin, 44F, KS 07, Taman Sentosa",Klang,3.0082186,101.4719636,3.0,4,03-3362 6863,Convenience,Conv - 99 Speedmart,Tier 1,4.83
ChIJ1-BDzSnLzTEREWfEFtVc9lU,Econsave Taman Cheras Prima - Pasar Ekonomi Mart,"A-G-6 & A-G-7, Blok A, Jalan Cheras Prima 3, Taman Cheras Prima",Kajang,3.0123532,101.7666799,3.0,4,016-715 9481,Convenience,Conv - Indie mart,Tier 1,4.83
ChIJN4H23UEFzDERq8FFbb5JFBk,"7-eleven Jalan Ah Peng, Bentong","1, Jalan Ah Peng",Bentong,3.525514,101.906329,2.3,7,09-222 8699,Hyper,Hyper - Other regional chain,Tier 1,4.78
ChIJp2FGloHLzTERRMo1IMY_KHc,"KK SUPER MART Kajang, Plaza Citra (KPC)","Plaza Citra, 12, Jalan Citra",Kajang,2.996819,101.7870185,2.3,7,016-330 8258,Convenience,Conv - KK Mart,Tier 1,4.78
ChIJ3z5pyFZRzDERAC4iAK_vYJE,99 Speedmart 1925 Taman Meru Selatan,"No: 7 & 9 (Ground Floor), Jalan Muafakat 1, Off, Jalan Meru, Taman Meru Selatan",Klang,3.1184132,101.440689,2.3,7,03-3362 6863,Convenience,Conv - 99 Speedmart,Tier 1,4.78
ChIJn54i0rvJzTERGp5oF2jFmXY,"KK Super Mart Kajang, Bandar Bukit Mahkota (KMK)","18 Jalan BM 2/1 Seksyen 2, Bandar Bukit Mahkota",Kajang,2.8872498,101.7963355,2.6,5,,Convenience,Conv - KK Mart,Tier 1,4.66
ChIJsafxA9G3zTER3lnMygFMpAk,"KK Super Mart Puchong, Taman Putra Perdana (2) (PPP2)","28, Jalan Putra Perdana 2/3, Taman Putra Perdana",Puchong,2.9466851,101.6188722,2.6,5,,Convenience,Conv - KK Mart,Tier 1,4.66
ChIJldX_cPyvzTERVFkNXwz1KKk,KK Super Mart Telok Panglima Garang (2) ( TPG2 ),"No.39-G, Jalan Aman Sinaria 2, Bandar Tropicana Aman",Telok Panglima Garang,2.9438225,101.5279209,2.6,5,,Convenience,Conv - KK Mart,Tier 1,4.66
ChIJqe6DcQbLzTERNrFJdxjaYVg,"KK Super Mart Balakong, Jalan Simfoni (BSF)",6G Jalan Simfoni 1 Balakong,Seri Kembangan,3.0265447,101.7527559,2.6,5,,Convenience,Conv - KK Mart,Tier 1,4.66
ChIJWZ616ANJzDERShuoxVf0fH0,"KK Super Mart Sri Hartamas, Plaza Damas (2) SHD2","BLOK B2-13A, Plaza Damas, 3, Jalan, Taman Sri Hartamas",Kuala Lumpur,3.1629339,101.656287,2.6,5,,Convenience,Conv - KK Mart,Tier 1,4.66
ChIJdzUe6Le3zTERiznmw4n1r4o,"KK Super Mart Putrajaya, Presint 8 (2) (PP82)","C-21, Jalan Seluang P8/7, Presint 8",Putrajaya,2.9322056,101.6807767,1.8,12,016-330 8732,Convenience,Conv - KK Mart,Tier 1,4.62
ChIJq1oblLzJzTERX_l3unsYmfs,KK SUPER MART Bandar Baru Bangi (BBB),"No: 16, Jalan 6c/7, Taman Persiaran Bangi",Bandar Baru Bangi,2.9437069,101.7640229,2.1,8,,Convenience,Conv - KK Mart,Tier 1,4.61
ChIJj_hjEwg1zDERcYp9cSxmjfY,KK SUPER MART Bandar Mahkota Cheras 2 (BMC2),"No. 45-G, 1, Jalan Mahkota Residence 2, Bandar Mahkota Cheras",Cheras,3.050977,101.7819072,2.0,9,,Convenience,Conv - KK Mart,Tier 1,4.61
ChIJDX7hjh13zDERZM74AjhJog8,99 Speedmart 2990 Bandar Hillpark,"No: 17 & 19 (Ground Floor, Jalan Pinang 4/1, Bandar Hillpark",Bandar Puncak Alam,3.2118368,101.4686718,2.1,8,03-3362 6863,Convenience,Conv - 99 Speedmart,Tier 1,4.61
ChIJ4ei-feznzTERSRE8-Q_Q6WE,"KK SUPER MART Seremban, Komersial Universiti(SPKU)","No.2-G, Jalan KU2 Pusat Komersial Universiti, Seremban 3",Seremban,2.672518,101.9332868,1.7,14,,Convenience,Conv - KK Mart,Tier 1,4.6
ChIJnelWtpzKzTERZQSM8NDv-bI,Bindawood Trading,"14, Jalan P 2/14, Bandar Teknologi Kajang",Semenyih,2.9631478,101.825854,3.3,3,017-209 9786,Super/Groceries,Super - Indie retail,Tier 1,4.57
ChIJtX5nt36zzTERPFAMzjSQNYg,Huat Soon Fresh Mart,"19, Jalan Utama 2/1, Taman Perindustrian Puchong Utama",Puchong,2.9983474,101.6118199,3.3,3,012-653 0823,Super/Groceries,Super - Indie retail,Tier 1,4.57
ChIJb8CFTDs1zDERjzf6OuDr2zQ,Pasar Mini Rezeki,"7, Jalan Damai Perdana 1/8c, Bandar Damai Perdana",Kuala Lumpur,3.046715,101.7406901,3.3,3,03-9100 2915,Super/Groceries,Super - Independent local,Tier 1,4.57
ChIJjeO7IAtGzDERHQNIk-ka07M,4 Sekawan Sejati Trading,"521, Jalan 18, Taman Perindustrian Ehsan Jaya",Kuala Lumpur,3.2104647,101.6190953,3.3,3,016-258 8829,Super/Groceries,Super - Indie retail,Tier 1,4.57
ChIJH3WowLO1zTERMKIJ_DK5R3A,"KK Super Mart Puchong, Abadi Heights ( PAH )","6, Jalan Abadi 2/2, Abadi Heights",Puchong,2.9691347,101.6340208,3.3,3,,Convenience,Conv - KK Mart,Tier 1,4.57
ChIJIxHuqZc1zDER5Pg4AzrC-hU,SH QUICK MART,"NO 1, LOT KEDAI, RESIDENSI SUTERA 7, Taman Sutera",Kajang,3.0094269,101.7674844,3.3,3,017-211 3176,Convenience,Conv - Indie mart,Tier 1,4.57
ChIJxUFi-XdLzDER3RV5RcDFcwg,99 Speedmart 3116 Taman Perindustrian Kinrara,"No : 19 & 21 (Ground Floor Jalan TPK 2/8, Seksyen 2, Taman Perindustrian Kinrara",Puchong,3.0482793,101.6377438,3.3,3,03-3362 6863,Convenience,Conv - 99 Speedmart,Tier 1,4.57
ChIJNxb95XAxzDERC1a5zd0TWQA,99 Speedmart 3239 Residensi Anggerik Wira,"No: 01-01 (Ground Floor, Residensi Anggerik Wira, Jalan Sungai Tekali",Hulu Langat,3.1122556,101.8290212,3.3,3,03-3362 6863,Convenience,Conv - 99 Speedmart,Tier 1,4.57
ChIJbzOyflpLzDER6dwC-Esl3ck,KK Super Mart Desa Jaya (TDJ),"No.28A, Jalan Desa Jaya, Taman Desa",Kuala Lumpur,3.1020905,101.6841113,3.3,3,,Convenience,Conv - KK Mart,Tier 1,4.57
ChIJAAAAAAAAAAARwKiNcIIwBgo,KK Super Mart Taman Berkeley (BKL),"7, Lorong Bangau, Taman Berkeley",Klang,3.0583286,101.4628993,1.9,10,016-330 8066,Convenience,Conv - KK Mart,Tier 1,4.56
ChIJUa00K2yrzTERYlpWPRNVrDc,99 Speedmart 1046 Pandamaran,"No. 153 & 155, Jalan Chan Ah Choo, Pandamaran",Pelabuhan Klang,3.010281,101.4183744,2.8,4,03-3362 6863,Convenience,Conv - 99 Speedmart,Tier 1,4.51
ChIJ3w2SIwCzzTER_D0umU4Co5s,DST Mart,"B1-G-08, Pangsapuri Aranda, Jalan Anggerik Aranda 31/1, Sekyen 31, Kota Kemuning",Shah Alam,3.0068255,101.5460134,2.8,4,,Convenience,Conv - Indie mart,Tier 1,4.51
ChIJJei4dAFpzDERWmEFyUk1Ucs,99 Speedmart 3466 Desa Kiambang,"No: 6 & 8 (Ground Floor, Jalan Kiambang 1b, Taman Desa Kiambang",Serendah,3.3632454,101.5947472,2.8,4,03-3362 6863,Convenience,Conv - 99 Speedmart,Tier 1,4.51
ChIJ_Vq2zkvHzTER3Nvh1tkSKwY,99 Speedmart 3560 (NS) Desa Palma,"No: A-G-03 & A-G-03A (Ground Floor, Blok Areca, Desa Palma, Putra Nilai",Nilai,2.8127393,101.7597114,2.3,6,03-3362 6863,Convenience,Conv - 99 Speedmart,Tier 1,4.48
ChIJ7_0tP3itzTER-oJxFUM7TJw,99 Speedmart 3570 Sentosa 3,"No: 6 & 8 (Ground Floor, Jalan Dato Yusuf Shahbudin 29c, Taman Sentosa",Klang,3.0093005,101.4669207,2.3,6,03-3362 6863,Convenience,Conv - 99 Speedmart,Tier 1,4.48
ChIJrR9R7kC4zTERzhWjw15Yuaw,Kelang Supermarket Sdn. Bhd.,"No. 245, Jalan Besar, Pekan Dengkil",Banting,2.856176,101.6800435,4.0,2,03-3187 2232,Super/Groceries,Super - Independent local,Tier 1,4.39
ChIJsy3INMbFzTERRS26tQQ6obM,Kedai Ejan,"Kedai Ejan, Kampung Kuala Pajam",Beranang,2.869506,101.8479878,4.0,2,,Super/Groceries,Super - Generic kedai,Tier 1,4.39
ChIJgdC9AntUzDERUdEqMjXAISk,Pasar Mini Aass Trading,"Jalan Gamelan, Bandar Bukit Raja",Klang,3.0830904,101.4247805,4.0,2,,Super/Groceries,Super - Independent local,Tier 1,4.39
ChIJBdi-Gk9RzDER1uMBnVFQ4Ow,Pasar Mini Sri Kumara,"No. 8, Lorong Mahang 6, Taman Meru Utama Meru, Klang, 41050, Klang",Selangor,3.126887,101.4408715,4.0,2,03-3392 0957,Super/Groceries,Super - Independent local,Tier 1,4.39
ChIJQ-A08lZLzDER8rT3gwRWSp4,Xin Mun Kee Fresh Mart ( Seapark PJ ) - 鲜满记生鲜猪肉店,"3G, Jalan 21/11b, Sea Park",Petaling Jaya,3.1100792,101.622102,4.0,2,017-663 5699,Super/Groceries,Super - Indie retail,Tier 1,4.39
ChIJ9ZgX7S1IzDER0AyfUQ4M_n4,Tang Ling Shopping Centre Sdn Bhd,"187, Jalan Tuanku Abdul Rahman, City Centre",Kuala Lumpur,3.1554265,101.6965225,4.0,2,03-2692 9668,Super/Groceries,Super - Indie retail,Tier 1,4.39
ChIJj1jdlSRfzDERJl0TiAZKoVQ,Pasar Mini Ibu,"Jalan Tengah, Kampung Parit Mahang",Jeram,3.2891611,101.3747415,4.0,2,017-284 0590,Super/Groceries,Super - Independent local,Tier 1,4.39
ChIJU36YWyaXzTERx0ZWA-gRERQ,Kedai Runcit,Kampung Kundang,Tanjong Sepat,2.6804914,101.534575,4.0,2,016-641 3404,Hyper,Hyper - Other regional chain,Tier 1,4.39
ChIJWyNjZTmezjERSfWu8n617qE,Kam Long Mini mart,"181, 9, Kampung Telemong Indah",Karak,3.2914433,102.0897219,4.0,2,,Hyper,Hyper - Other regional chain,Tier 1,4.39
ChIJL0AY9wxfzDERfES6CirnKYs,Ijok,Jalan Saga,Batang Berjuntai,3.3190411,101.3874223,4.0,2,,Hyper,Hyper - Other regional chain,Tier 1,4.39
ChIJ30QS6O6lzjERd9lVhODHReo,Kedai runcit isamuddin azhar enterprise,"1, No. 32, Jalan Dato' Syed Abdullah, Taman Lanchang Indah",Lanchang,3.5006517,102.183975,4.0,2,,Hyper,Hyper - Other regional chain,Tier 1,4.39
ChIJ0cdFtPujzTERKJul_MeXqvI,Kedai Runcit,"10, Jalan Sepakat, Taman Sepakat",Banting,2.7945196,101.4426468,4.0,2,,Convenience,Conv - Kedai runcit,Tier 1,4.39
ChIJhag71ye_zTERZgJfLy-9RK4,99 Speedmart 3531 Bandar Seri Ehsan,"No: 18 & 20 (Ground Floor, Jalan Bse 4/46, Bandar Seri Ehsan",Banting,2.7700138,101.6309341,4.0,2,03-3362 6863,Convenience,Conv - 99 Speedmart,Tier 1,4.39
ChIJXyNvgCDFzTER6-EvL7aUW2A,99 Speedmart 3161 (NS) PP Laman Galla,"No: G-04 & G-05 (Ground Floor, Jalan Perniagaan Laman Galla, Pusat Perniagaan Laman Galla",Nilai,2.8430923,101.8291782,4.0,2,03-3362 6863,Convenience,Conv - 99 Speedmart,Tier 1,4.39
ChIJYbGDgKhRzDER2Y8MZ3YTrKY,Refresh Mart,Malaysia,"Kuala Lumpur, Petaling Jaya, Shah Alam, Klang, Subang Jaya, Cheras, Ampang, Cyberjaya, Putrajaya, Kajang, 68100 Selayang, Damansara",3.1441972,101.4821564,4.0,2,,Convenience,Conv - Indie mart,Tier 1,4.39
ChIJ7-pQNRZJzDERwibp0JOe2ow,"KK Super Mart Petaling Jaya , Jaya One ( PJO )","B-23-P1, Bangunan Jaya One, Jalan Profesor Diraja Ungku Aziz, Seksyen 13",Petaling Jaya,3.1184199,101.6360453,2.0,8,,Convenience,Conv - KK Mart,Tier 1,4.39
ChIJ3eACGRRPzDERJWr_LJSXO68,"KK SUPER MART Shah Alam, Seksyen U5 (5)(SU55)","U5, B (PS, No. 15G, Jalan Utarid U5/B, SEKSYEN U5",Shah Alam,3.1784642,101.536111,4.0,2,,Convenience,Conv - KK Mart,Tier 1,4.39
ChIJaWkvFBRIzDERzVEwcVvsAsM,Jom Ke 3M Mini Market Meraya HQ,"43, Jalan Pinggir, Jalan Ipoh",Kuala Lumpur,3.1751896,101.6886386,4.0,2,03-4051 3222,Convenience,Conv - Mini-mart,Tier 1,4.39
ChIJY7QuCAY3zDERikXTPE84agc,Rainbow Dream World Mini Mart,Taman Dato Ahmad Razali,Ampang,3.1598534,101.7580583,4.0,2,,Convenience,Conv - Mini-mart,Tier 1,4.39
ChIJTwltE9lGzDERsiQvFiX_zl8,Kedai LG Permai Maju,"43, Jalan 2/16, Dataran Templer",Batu Caves,3.2568129,101.6568138,4.0,2,019-275 6833,Convenience,Conv - Generic kedai,Tier 1,4.39
ChIJF9_q0ghHzDERs3FPVnXKL74,99 Speedmart 1362 Jalan Development,"No: 42 (GF, Jalan Development",Pekan Kepong,3.2104421,101.6330733,4.0,2,03-3362 6863,Convenience,Conv - 99 Speedmart,Tier 1,4.39
ChIJW4J0OmFezDERuSp7I-2bqlQ,Pasar Mini Kien Fatt,"Jalan 5, Simpang Tiga Ijok",Bukit Rotan,3.316675,101.41514,4.0,2,03-3279 1694,Convenience,Conv - Mini-mart,Tier 1,4.39
ChIJZaqNO5RSzDERePJLDlJjdzQ,"KK Super Mart Shah Alam, Seksyen 16 (SA16)","18, Jalan Niaga 16/3a, Seksyen 16",Shah Alam,3.0584573,101.5066931,1.9,9,016-330 8452,Convenience,Conv - KK Mart,Tier 1,4.37
ChIJi21I8j9NzDERGf__CMFeQWU,99 Speedmart 1620 Subang Goodyear Court,"O-00-03, Block O Goodyear Court 2, Jalan USJ 6/1 Off Jalan Kewajipan USJ, Usj 6",Subang Jaya,3.0531359,101.5912862,2.1,7,03-3362 6863,Convenience,Conv - 99 Speedmart,Tier 1,4.37
ChIJKbNZXXdHzDERb-r1OQmVRpA,"KK SUPER MART Batu Caves, Samudera (BCS)","13-G, Jalan Samudera Utara 11, Taman Samudera",Batu Caves,3.2339595,101.6951622,1.9,9,016-330 8341,Convenience,Conv - KK Mart,Tier 1,4.37
ChIJWZpmwmrfzTER2LBvzPougEs,"KK Super Mart Seremban, Taman Ampangan (STAP)","1350-G, Jalan Cengal Tiga, Taman Bukit Ampangan",Seremban,2.7261636,101.9997622,2.4,5,,Convenience,Conv - KK Mart,Tier 1,4.3
ChIJVaEekC3JzTER5-GLNpmAZmQ,"KK Super Mart Kajang, Bandar Seri Putra (2) ( KSP 2)","NO, 3, Jalan Seri Putra 3/10",Kajang,2.8864075,101.7807381,2.4,5,,Convenience,Conv - KK Mart,Tier 1,4.3
ChIJ6xih1w7PzTERx-g8_5RBKEA,99 Speedmart 3169 Setia Ecohill 2,"No : 6 & 8 (Ground Floor, Jalan Ecohill 1/6A, Setia Ecohill",Semenyih,2.9234794,101.8556098,2.4,5,03-3362 6863,Convenience,Conv - 99 Speedmart,Tier 1,4.3
ChIJ931lc3tTzDER-C-AKKwsal0,KK Super Mart Klang Jalan Raja Hassan (KRH),"No. 27, Jalan Raja Hassan",Klang,3.048871,101.4469216,2.4,5,,Convenience,Conv - KK Mart,Tier 1,4.3
ChIJu4v5Qiu_zTERahAM1zy0_fo,"KK Super Mart Sepang, Horizon Square ( SHS )","No.5-G, Horizon Square, Jalan HVO 2, Bandar Sunsuria",Sepang,2.839588,101.6981086,1.3,26,,Convenience,Conv - KK Mart,Tier 1,4.28
ChIJaQBlwke3zTER7INULkNGnqk,"KK Super Mart Cyberjaya, Cybersquare ( CSQ )","A-G-12, Block A, Jalan Teknokrat 6, CyberSquare, Cyber 5",Cyberjaya,2.9195977,101.6573804,2.2,6,,Convenience,Conv - KK Mart,Tier 1,4.28
ChIJIQ3YJILLzTER3Vvg3jbjqS4,99 Speedmart 3837 Taman Sutera Niaga 8,"No: A2-17 & A2-18 (Ground Floor, Sutera Niaga 8, Jalan Sutera 1/2, Taman Sutera",Kajang,3.0100797,101.7679291,2.2,6,03-3362 6863,Convenience,Conv - 99 Speedmart,Tier 1,4.28
ChIJObZ95slLzDERHx2KBysPI5g,"KK SUPER MART Kinrara, Taman Kinrara 2(KRR2)","B-G-19, Block B, Kompleks Suria Kinrara, Persiaran Kinrara, Taman Kinrara Seksyen 3",Puchong,3.0620366,101.6423787,2.2,6,,Convenience,Conv - KK Mart,Tier 1,4.28
ChIJv9n88em3zTERJZ_Pq77PG7I,"KK Super Mart Cyberjaya, Biz Avenue 2 (CBA)","G-G-52 Biz Avenue 2 Neocyber Blok G Biz Avenue 2, Neocyber Lingkaran, Cyberjaya",Dengkil,2.9156778,101.6501479,1.4,20,,Convenience,Conv - KK Mart,Tier 1,4.26
ChIJdfMTXNlGzDERrsOA-DZ2mjM,CAFé by 7-Eleven Bandar Baru Selayang (190),"69, Jalan 2/16, Baru Selayang",Batu Caves,3.2564233,101.6561394,1.5,16,,Hyper,Hyper - Other regional chain,Tier 1,4.25
ChIJGzMaRlq1zTERQRhbR8uy5KQ,Kedai aceh kampung aman,"Jalan SK 6/1, Kampung Baru Seri Kembangan",Seri Kembangan,3.0218405,101.6994204,3.0,3,019-700 8927,Super/Groceries,Super - Generic kedai,Tier 1,4.16
ChIJj4kDCADbzTERHGKSD6j87kQ,KK Super Mart Mantin (2) (MTN2),"No.4-G, Jalan Tasik Senangin 15/2, Bandar Tasik Senangin",Mantin,2.881122,101.9155151,3.0,3,,Convenience,Conv - KK Mart,Tier 1,4.16
ChIJ9QDGetLLzTER2EEIKU1nvH4,Cempaka Tasek Mini Market,"No. 197, Jalan 8/1, Seksyen 8",Bandar Baru Bangi,2.962759,101.7580309,3.0,3,012-375 0606,Convenience,Conv - Mini-mart,Tier 1,4.16
ChIJeVjN41ytzTERTAshKsFVidc,ECONSAVE Mart Taman Seri Indah,"2, Lorong Bendahara 38, Taman Sri Indah",Klang,3.0084531,101.4754521,3.0,3,03-5162 3380,Convenience,Conv - Indie mart,Tier 1,4.16
ChIJFT62gW5VzDERpqPfN_X5zNM,99 Speedmart 2808 Klang Utama 3,"No: 19 (Ground Floor, Jalan Sungai Keramat 20, Taman Klang Utama",Klang,3.0841897,101.4207836,3.0,3,03-3362 6863,Convenience,Conv - 99 Speedmart,Tier 1,4.16
ChIJKWeal95PzDERVcgCmdjJqfI,KK Super Mart (SAU6) (0548 ),"2, Jalan Alfa A U6/A, Pusat Perdagangan Subang Permai",Shah Alam,3.1393286,101.5275891,2.0,7,,Convenience,Conv - KK Mart,Tier 1,4.16
ChIJjXmIQG-lzTERU1iuyEz-IXs,99 Speedmart 2927 Taman Delima Kuala Selangor,"No: 1 (Ground Floor, Jalan Delima 1, Taman Delima",Kuala Selangor,3.3648183,101.2452316,3.0,3,03-3362 6863,Convenience,Conv - 99 Speedmart,Tier 1,4.16
ChIJt3UkY_XJzTERRTrc_cIKFHk,"KK Super Mart Kajang, Taman Awani Bangi (KAB)","23G, Jalan Awani Bangi 1/1, Taman Awani Bangi",Kajang,2.8987866,101.7784713,1.6,12,,Convenience,Conv - KK Mart,Tier 1,4.1
ChIJ3dr5OzNNzDERGGyC9qickIs,Azam Mini Market,"8-1-1, Jalan Setia Prima, BU 13/B, Section U13, Setia Alam, Shah Alam, 40170, Shah Alam",Selangor,3.0985109,101.4455137,2.5,4,03-3341 9196,Super/Groceries,Super - Independent local,Tier 1,4.02
ChIJu5qw6_xLzDERf_68sO7rUEE,Zenrue Herbs & Food Trading,"13, Jalan 20/7, Taman Paramount",Petaling Jaya,3.1094172,101.6255126,2.5,4,011-2626 1098,Super/Groceries,Super - Indie retail,Tier 1,4.02
ChIJ45P8QOrNzTER--xXsZjhEbc,"KK Super Mart Kajang, Kajang Perdana (KKP)","No. G-8, Perdana Avenue, Jalan Kajang Perdana 3/1, Taman Kajang Perdana",Kajang,2.9933515,101.8165559,2.5,4,,Convenience,Conv - KK Mart,Tier 1,4.02
ChIJNzsttc-3zTER0RG8OmAUNMw,"KK Super Mart Cyberjaya , Kanvas ( CKV)","G-6, Kanvas, Jalan Teknokrat 6, Cyber 5",Cyberjaya,2.9135165,101.6550219,1.2,26,,Convenience,Conv - KK Mart,Tier 1,3.96
ChIJU0eKnA1PzDERTSMMM1OBfQ4,KK Super Mart (SU53),"No: 9A, Jalan Uranus AG U5/AG, Seksyen U5",Shah Alam,3.1674054,101.5338142,1.5,13,,Convenience,Conv - KK Mart,Tier 1,3.96
ChIJha5jBTM3zDERlxn4_x7WQzs,KK Super Mart M-City Ampang • AMC,"R-09-G, M-City Ampang, 326, Jalan Ampang",Kuala Lumpur,3.1589881,101.7471979,1.8,8,,Convenience,Conv - KK Mart,Tier 1,3.96
ChIJAzCo8ZCzzTER5tM-nf0gSxE,KK Super Mart Puchong Indah • PCI,"G-5, Jalan Indah 3/2, Taman Puchong Indah",Puchong,3.0125774,101.6040903,1.9,7,,Convenience,Conv - KK Mart,Tier 1,3.95
ChIJDX5LgZ01zDERS2MQX9LNXAo,"KK Super Mart Cheras, Taman Bukit Permai (CBP)","No. 12G, Medan Bukit Permai 1, Taman Bukit Permai",Cheras,3.1107655,101.756678,2.2,5,,Convenience,Conv - KK Mart,Tier 1,3.94
ChIJo8fnVjHHzTERP7Y8nsHNaK0,99 Speedmart 2301 (NS) Pekan Nilai,"Ground Floor, No: 184 & 185, Jalan Besar Nilai, Pekan Nilai",Nilai,2.8018063,101.793365,2.0,6,03-3362 6863,Convenience,Conv - 99 Speedmart,Tier 1,3.89
ChIJ15oWY5hTzDER65gojZH-YbY,99 Speedmart 2447 Sunsuria Forum,"No : A-G-01 (Ground Floor Sunsuria Forum Jalan Setia Dagang AL U13/A1 Seksyen, U13 Shah Alam",Shah Alam,3.1060377,101.4688906,2.0,6,03-3362 6863,Convenience,Conv - 99 Speedmart,Tier 1,3.89
ChIJzxu4JWGrzTERyPr162cG014,Viram Services Pasar Mini,"4, Jalan Temenggong 1/KS7, Taman Sentosa Perdana 2, Klang, 41200, Klang",Selangor,3.0137068,101.429896,3.5,2,012-753 9154,Super/Groceries,Super - Independent local,Tier 1,3.85
ChIJ_WTOwT-lzTERuO8J1OvbyqM,"KK Super Mart Banting, Taman Baiduri ( BBD)","61-G, Jalan Baiduri, Taman Baiduri",Banting,2.8006228,101.4927185,3.5,2,011-2330 6898,Convenience,Conv - KK Mart,Tier 1,3.85
ChIJG1zA9VlLzDERBwWmRtWl5w0,"KK Super Mart Salak Selatan, Jalan Besar (SSJB)","178 & 180, Jalan Besar, Salak Selatan",Kuala Lumpur,3.1013523,101.7056784,3.5,2,,Convenience,Conv - KK Mart,Tier 1,3.85
ChIJgdxMv0hZzDERDFr2u_NcMKI,Baloy Member Mart Puncak Alam,"12a, Jalan Astana B 13/B",Puncak Alam,3.2443472,101.4253381,3.5,2,019-226 7998,Convenience,Conv - Indie mart,Tier 1,3.85
ChIJX2xJe21rzDERSQxKQeM8ijo,Kedai Runcit Chik E-na,"Jalan Besar Kampong Pasir, Kampung Pasir",Batang Kali,3.4274466,101.6593571,3.5,2,017-611 3347,Convenience,Conv - Kedai runcit,Tier 1,3.85
ChIJU3hhXd5fzDERmPm0l60exmg,KK Super Mart Bestari Jaya ( BJY ),"21, Jalan Sejati 1, Taman Sejati",Batang Berjuntai,3.3143183,101.4116811,2.7,3,,Convenience,Conv - KK Mart,Tier 1,3.74
ChIJCUSw3fZIzDERsoJACKZvjqc,CAFé by 7-Eleven Plaza Damas (2537),"Unit No E 0-14 & E 0-16 (GF, Plaza Damas, Jalan Sri Hartamas, Taman Sri Hartamas",Kuala Lumpur,3.162835,101.6564919,1.5,11,,Hyper,Hyper - Other regional chain,Tier 1,3.73
ChIJe0pChIbnzTERrHMipCEE178,99 Speedmart 1980 (NS) Taman Sri Mawar,"Ground Floor, No: 19 & 21, Lorong Sri Mawar 12/1, Taman Sri Mawar",Senawang,2.6917881,101.9749984,2.3,4,03-3362 6863,Convenience,Conv - 99 Speedmart,Tier 1,3.7
ChIJ4XFGyQG3zTERLDoaSyiDWD8,Sydney Grocery Enterprise,"Tower I, Sydney Grocery Level7A, Mutiara Ville, Persiaran Sepang, Cyber 11",Cyberjaya,2.923757,101.6335438,2.3,4,03-8689 7785,Convenience,Conv - Sundry/grocer,Tier 1,3.7
ChIJi8rTph5NzDERF1QeoymXGf4,"KK Super Mart Shah Alam, Seksyen 23 (SA23)","No: 61, Jalan Pelabur B 23/B, Seksyen 23",Shah Alam,3.0466789,101.5265943,1.6,9,,Convenience,Conv - KK Mart,Tier 1,3.68
ChIJf-JpbABHzDER6vaVHqKubKw,Pasar Raya Well-Mart SL1 Taman Bidara,"13, Jalan Bidara 1, One Selayang",Batu Caves,3.2410038,101.6429401,2.0,5,,Super/Groceries,Super - Indie retail,Tier 1,3.58
ChIJR9GREv23zTERT_U3-EH9KE8,"KK Super Mart Cyberjaya, Cyberia Smart Homes ( CCS )","Ground Floor Unit 007, Commercial units, Cyberia SmartHomes Roundabout",Cyberjaya,2.9224607,101.6395879,2.0,5,,Convenience,Conv - KK Mart,Tier 1,3.58
ChIJt1y9mbbLzTER-QGkvI7iGp4,"KK Super Mart Balakong, Taman Setia Balakong (BSB)","No. KA 15G, Jalan Setia Balakong 2/1, Taman Setia Balakong",Balakong,3.0143266,101.751418,1.7,7,,Convenience,Conv - KK Mart,Tier 1,3.54
ChIJG_t1wjmtzTERaThBes7prmY,"KK Super Mart Klang, KSL Avenue ( KKA )","Lot 7 & 9, Ground Floor, KSL Avenue, 2, Jalan Langat KS9, Bandar Bestari",Klang,2.9598871,101.46619,1.8,6,,Convenience,Conv - KK Mart,Tier 1,3.5
ChIJGTnUCLXHzTERY_jzpp0eb1c,Cik2 Group Sdn bhd,9 Jalan Seroja 6 Taman Seroja Bandar Baru Salak Tinggi BBST,Sepang,2.8281499,101.7304759,5.0,1,019-772 3261,Super/Groceries,Super - Indie retail,Tier 1,3.47
ChIJyY8wTPTFzTERBiJY43LuKss,TUKDIN ENTERPRISE,"A-61, Blok A, Jalan Nilai 3/2, Kawasan Perindustrian Nilai 3",Nilai,2.8531093,101.800572,5.0,1,016-948 8491,Super/Groceries,Super - Indie retail,Tier 1,3.47
ChIJ0yrausTPzTERcafZbdscBks,Abba Fresh Mart,"11G, jalan hillpark 6/1, hillpark3, hillpark 3",Kajang,2.9503677,101.8122796,5.0,1,011-6348 1414,Super/Groceries,Super - Indie retail,Tier 1,3.47
ChIJA_IISRutzTER-djmgut8Zwo,中国超市 UMI SUPERMARKET SDN.BHD,"5, Lorong Laksamana 19, Taman Sentosa Perdana 2",Klang,3.0048955,101.482899,5.0,1,017-806 8217,Super/Groceries,Super - Independent local,Tier 1,3.47
ChIJEyJzOQCtzTER8u6yupTXvGU,Kedai Pavithra,"24, Jalan Dato Dagang 24, Taman Sentosa",Klang,2.9980418,101.4713079,5.0,1,,Super/Groceries,Super - Generic kedai,Tier 1,3.47
ChIJv3LyFAC1zTEROuKYMGuq2O4,ONYX GLOBAL TRADING SDN. BHD.,"23, Jalan Suria Puchong 2, Puchong Gateway",Puchong,2.9822418,101.6506537,5.0,1,,Super/Groceries,Super - Indie retail,Tier 1,3.47
ChIJG07v55-0zTERWGhM8TvGbXs,Mafana Resources Sdn Bhd,"80, Jalan Puteri 5/1, Bandar Puteri",Puchong,3.0136195,101.6164429,5.0,1,012-905 5550,Super/Groceries,Super - Indie retail,Tier 1,3.47
ChIJz4qiZH3OzTERcohUm5xe-UM,One Mini Market,"51-G, Jalan Semenyih Sentral 1, Taman Semenyih Sentral",Semenyih,2.9453938,101.8430391,5.0,1,014-329 3715,Super/Groceries,Super - Independent local,Tier 1,3.47
ChIJ_RV8GwDPzTERX1FSBTjBzi8,KAB THIVYA ENTERPRISE,"9, Jalan 1/1, Seksyen 1",Semenyih,2.9299607,101.8516325,5.0,1,,Super/Groceries,Super - Indie retail,Tier 1,3.47
ChIJwT21nbqyzTERotoyub7fJi4,N.S.H. Mini Market,"34, Jalan Faedah 25/86, Taman Sri Muda",Shah Alam,3.0252559,101.5380534,5.0,1,016-651 2441,Super/Groceries,Super - Independent local,Tier 1,3.47
ChIJzQwyfmizzTERA6YfIKqQvXc,HY 24 ENTERPRISE,"Jalan Indah 3/2, Taman Puchong Indah",Puchong,3.013066,101.6040836,5.0,1,018-977 6547,Super/Groceries,Super - Indie retail,Tier 1,3.47
ChIJYWK1BQ6rzTERhdbpM_nRU2w,LOONG FATT SEALAND PRODUCTS SDN BHD 隆发海味食品有限公司,"8, Jalan Petai, Pandamaran",Pelabuhan Klang,3.0146769,101.4204659,5.0,1,03-3850 8576,Super/Groceries,Super - Indie retail,Tier 1,3.47
ChIJxekDnIeszTER_wrdPcPqHAY,Happy Farm Mini Market,"38, Lorong Batu Nilam 21B, Bandar Bukit Tinggi 2",Klang,2.9976677,101.4432265,5.0,1,016-269 6988,Super/Groceries,Super - Independent local,Tier 1,3.47
ChIJs4sxS35TzDERt8Yc9Sb7ubg,KEDAI RUNCIT AQILAH KHAYLA,"KEDAI RUNCIT AQILAH KHAYLA 24 JAM, LOT 621, Jalan Mat Raji, Kampung Padang Jawa",Shah Alam,3.0497233,101.4910193,5.0,1,,Super/Groceries,Super - Sundry/grocer,Tier 1,3.47
ChIJxTyYayNTzDERdeI-NRH9ANw,Chan Mini Mart,"Lot L2-1, 18, Jalan Pekan Baru 36, Kawasan 17",Klang,3.0642906,101.4544122,5.0,1,019-695 6824,Super/Groceries,Super - Indie retail,Tier 1,3.47
ChIJtw5njwBNzDERbULt_yWZD-4,小麦生活中国超市 Wheat Mart Damen,"LG-34/35, Easyhome Mall, 1, Persiaran Kewajipan, Usj 1",Subang Jaya,3.0582697,101.5926714,5.0,1,011-3766 8805,Super/Groceries,Super - Indie retail,Tier 1,3.47
ChIJR90r4nFVzDERV1Gq18X-bBY,Kedai Serbaneka Maju 23,"no 28 jalan, 3j",Taman Sungai Kapar Indah,3.0953131,101.3843065,5.0,1,,Super/Groceries,Super - Generic kedai,Tier 1,3.47
ChIJ6ROT5wA1zDERTIeNT8aoChY,Fummah Trading Sdn Bhd,"19, Jalan 13/144a, Taman Bukit Cheras",Kuala Lumpur,3.0701294,101.7480116,5.0,1,016-375 0115,Super/Groceries,Super - Indie retail,Tier 1,3.47
ChIJuQyR4Dg1zDERP9JDxiSFj2U,Yestore Mart悦士中国超市(Chinese Supermarket),"No. 11-G, UC Square, Dataran Connaught, Jalan Menara Gading 1, Taman Connaught",Kuala Lumpur,3.0806634,101.7324952,5.0,1,011-1509 1655,Super/Groceries,Super - Independent local,Tier 1,3.47
ChIJZ4FE3l9RzDERYc_I-JXOR4A,AB Enterprise,Jalan Setia Gemilang BJ U13/BJ,Shah Alam,3.1260034,101.4709596,5.0,1,012-231 6831,Super/Groceries,Super - Indie retail,Tier 1,3.47
ChIJQWZM9d5TzDER-_DjuDGgMbQ,Kedai EziClean,"932, Jalan Setia Dagang AH U13/AH, Setia Alam",Shah Alam,3.1111026,101.4595508,5.0,1,017-889 8902,Super/Groceries,Super - Generic kedai,Tier 1,3.47
ChIJsTkWfONTzDERaW0DLHLm7X4,Mdt Mini Market,Malaysia,"Kuala Lumpur, Petaling Jaya, Shah Alam, Klang, Subang Jaya, Cheras, Ampang, Cyberjaya, Putrajaya, Kajang, 68100 Selayang, Damansara",3.1101838,101.4476975,5.0,1,,Super/Groceries,Super - Independent local,Tier 1,3.47
ChIJrV7r0R9MzDERFBrLGuRhFXM,BITC Events Sdn Bhd,"22, Jalan SS 25/22, Taman Mayang",Petaling Jaya,3.1126842,101.595527,5.0,1,,Super/Groceries,Super - Indie retail,Tier 1,3.47
ChIJuetohupTzDERVfAqVSjc7Lg,R ONE MART,"SS7, 47301 Petaling Jaya",Kelana Jaya,3.1086757,101.5953126,5.0,1,011-3953 4148,Super/Groceries,Super - Indie retail,Tier 1,3.47
ChIJmXC_YABLzDERDX8dMYK0j8w,Razak City Grocer,"A-G, 22, Residensi Bandar Razak, Salak Selatan",Kuala Lumpur,3.1070715,101.706012,5.0,1,,Super/Groceries,Super - Sundry/grocer,Tier 1,3.47
ChIJlRhmxxdJzDERO6nBidIgy5s,Seni Mini Market,"9, Jalan Travers, Brickfields",Kuala Lumpur,3.1300888,101.6836827,5.0,1,017-334 2345,Super/Groceries,Super - Independent local,Tier 1,3.47
ChIJvUZL_2E1zDERW6CsVID0OlI,Hazarah Enterprise,"A-G-29, Pangsapuri, Sri Penara, Bandar Sri Permaisuri",Cheras,3.0970157,101.7099875,5.0,1,017-211 3176,Super/Groceries,Super - Indie retail,Tier 1,3.47
ChIJXYc_XmZLzDERTwladvLL5ew,Da Hua Marketing Sdn Bhd,"Jalan Kuchai Maju 5, Kuchai Entrepreneurs Park",Kuala Lumpur,3.0909591,101.6863489,5.0,1,011-2621 6543,Super/Groceries,Super - Indie retail,Tier 1,3.47
ChIJRW9AmvtJzDERFAKEg03mb8g,NWZ MART,"7T G, blok A, Jalan Hang Tuah, Pudu",Kuala Lumpur,3.1387191,101.7053416,5.0,1,018-227 8327,Super/Groceries,Super - Indie retail,Tier 1,3.47
ChIJd-9BizVPzDERvEsJyAWZET0,MAFANA RESOURCES SDN BHD,"Lot 3517, No 6, Jalan Jati, Kampung Melayu Subang",Shah Alam,3.1451204,101.535598,5.0,1,03-7734 5069,Super/Groceries,Super - Indie retail,Tier 1,3.47
ChIJQzRopaVbzDERKyhMH1T-nsc,Grocery Store,"Sungai buloh, Jalan, Saujana Utama 1",Sungai bulh,3.2080186,101.4771489,5.0,1,,Super/Groceries,Super - Sundry/grocer,Tier 1,3.47
ChIJXVIwQPI3zDER1QGrNARGYbE,Come Come Trading 拜托拜托,"15&17, Jalan Shamelin Niaga 1, Shamelin Heights Business Park",Kuala Lumpur,3.1165279,101.7363199,5.0,1,017-439 6665,Super/Groceries,Super - Indie retail,Tier 1,3.47
ChIJyTuKmj44zDERrEztCqT1SCs,Kedai Ubat Dan Runcit Yun Fu,"12, Jalan 14/27B, Desa Setapak, Wangsa Maju, Kuala Lumpur, 53300, Setapak",WP Kuala Lumpur,3.2055696,101.7328927,5.0,1,03-4149 7389,Super/Groceries,Super - Generic kedai,Tier 1,3.47
ChIJeysv1yJIzDER1u5tAr0TXhM,Pasaraya Tc Permata (Sentul) Sdn Bhd,"52-54, Jalan Kuini, Chow Kit",Kuala Lumpur,3.169026,101.6965005,5.0,1,03-4041 9919,Super/Groceries,Super - Indie retail,Tier 1,3.47
ChIJMXOYbYJJzDER-ed-rVrdmmg,Akshaya Global Sdn Bhd (Agrobazzar),"52, Jalan Tun H S Lee, City Centre",Kuala Lumpur,3.1480444,101.6974371,5.0,1,011-1060 8867,Super/Groceries,Super - Indie retail,Tier 1,3.47
ChIJ1f0sw0jHgWYR8WmkBs1raQ8,XM Seafood Fresh Mart Sdn Bhd,"B-17-G, B-18-G, B-18-1, B-19-G, B-19-1, B, 20-G, JALAN PKK 1, PUSAT KOMERSIAL KUNDANG",Rawang,3.2596259,101.5199623,5.0,1,017-303 8067,Super/Groceries,Super - Indie retail,Tier 1,3.47
ChIJ2wPoGQvzzDERIGTAU4M5vZ0,PASAR MINI CHIN HUA 振华迷你市场,"94, Pasir Penambang",Kuala Selangor,3.348451,101.2518413,5.0,1,03-3289 2375,Super/Groceries,Super - Independent local,Tier 1,3.47
ChIJW6qPvcxCzDERacvLpsaOlrE,Home One Enterprise,"35, Jalan Pusat Bch 1a, Bandar Country Homes",Rawang,3.325288,101.5260937,5.0,1,016-686 2686,Super/Groceries,Super - Indie retail,Tier 1,3.47
ChIJt_x_OGhGzDERIyt0sZW8JGU,P B Mini Market,"12, Jalan Perdana 5, Taman Indah Perdana, Kepong, Kuala Lumpur, 52100, Kuala Lumpur",WP Kuala Lumpur,3.219643,101.637356,5.0,1,03-6273 5242,Super/Groceries,Super - Independent local,Tier 1,3.47
ChIJYf3HCfdGzDERenPEvJ5Aa6E,Pasar Mini Yong Yu,"2.0.7, Jalan 1/1B, Taman Intan Baiduri",Kuala Lumpur,3.2332017,101.6481983,5.0,1,03-6136 1944,Super/Groceries,Super - Independent local,Tier 1,3.47
ChIJX9XmQgBHzDERtbkX5qG-WLQ,Pasar Raya Well-Mart KP7,"Jalan 2/17, Taman Fadason",Kuala Lumpur,3.2138444,101.6536108,5.0,1,,Super/Groceries,Super - Indie retail,Tier 1,3.47
ChIJy0M7uW1GzDERV0t5lBJ9c4k,Kong Meng Mini Market,"1-2A, Jalan D 1/5, Desa Aman Puri, Kepong, Kuala Lumpur, 52100, Kuala Lumpur",WP Kuala Lumpur,3.2148843,101.6290254,5.0,1,012-691 0473,Super/Groceries,Super - Independent local,Tier 1,3.47
ChIJ64Ac9l5HzDERp5dPQDa2q7Q,PERNIAGAAN REZEKI ANAKANDA(KEDAI RUNCIT ATOK),Kampung Padang Balang,Kuala Lumpur,3.2065736,101.6992105,5.0,1,014-928 4973,Super/Groceries,Super - Sundry/grocer,Tier 1,3.47
ChIJY7XDOgBHzDERVcwbzciqFgA,IMAM GLOBAL SDN BHD (WHOLESALE),"639, Jalan Batu Hampar, Batu7",Batu Caves,3.2323413,101.6709611,5.0,1,011-1111 1079,Super/Groceries,Super - Indie retail,Tier 1,3.47
ChIJL0GTvJptzDERMeU_Q4IysJE,Rohana Mini Mart,Taman Keruing,Rasa,3.4957425,101.6270874,5.0,1,,Super/Groceries,Super - Indie retail,Tier 1,3.47
ChIJIfM5TgCXzTERDbuZ_yueU70,KEREPEK WAK TOR,MGJQ+3X,Tanjong Sepat,2.6801615,101.5394135,5.0,1,019-516 3404,Hyper,Hyper - Other regional chain,Tier 1,3.47
ChIJy04jvP3tzTERGPug2x7f4jU,MH GROCERY MART,LOT 1344 JALAN BONON KG ULU CUCUH,Sungai Pelek,2.6754234,101.6857411,5.0,1,011-3929 3227,Hyper,Hyper - Other regional chain,Tier 1,3.47
ChIJuzyToljqzTERBjZqeeQPmcg,Pusat Pengumpulan IKS Sepang,"Jalan Besar, Kampung baharu",Sepang,2.6927064,101.7522576,5.0,1,010-511 5710,Hyper,Hyper - Other regional chain,Tier 1,3.47
ChIJl42VbgCjzTERuFDjIjn_Tkk,Kedai Runcit Ruszita,"159, Jalan Rambutan",Banting,2.7311116,101.4717572,5.0,1,019-648 6255,Hyper,Hyper - Other regional chain,Tier 1,3.47
ChIJH6w-Ub6_zTERiJIHZ6bRALc,myNEWS REDQ (4th Floor),"LEVEL 4, REDQ JALAN PEKELILING 5, ANGAN TERBANG ANTARABANGSA KUALA LUMPUR 2",Sepang,2.7440484,101.6849491,5.0,1,016-337 7102,Hyper,Hyper - Other regional chain,Tier 1,3.47
ChIJ7Uwkb-Z0zjER08dHhXXdUW8,Agro Bazaar Kedai Rakyat,Malaysia,"Kuala Lumpur, Petaling Jaya, Shah Alam, Klang, Subang Jaya, Cheras, Ampang, Cyberjaya, Putrajaya, Kajang, 68100 Selayang, Damansara",2.7395655,102.126977,5.0,1,,Hyper,Hyper - Other regional chain,Tier 1,3.47
ChIJE8lF5r51zjERI34AE9H5P2w,HomeGrown Terachi,"Jalan Pauh 2, Kampung Pauh",Tanjung Ipoh,2.7431596,102.1347913,5.0,1,013-336 3588,Hyper,Hyper - Other regional chain,Tier 1,3.47
ChIJ-4MBdgC9zTERm41D7KX1xnQ,Kedai Runcit Fuad Enterprise,"1669, Jalan Sungai Lang, Kampung Sungai Lang Tengah",Banting,2.7887967,101.5340644,5.0,1,,Hyper,Hyper - Other regional chain,Tier 1,3.47
ChIJfzxBi6v_zDER4V4Q3SxCpZc,零食店 Snack Shop,Pulau Ketam,"Kuala Lumpur, Petaling Jaya, Shah Alam, Klang, Subang Jaya, Cheras, Ampang, Cyberjaya, Putrajaya, Kajang, 68100 Selayang, Damansara",3.0402984,101.277906,5.0,1,,Hyper,Hyper - Other regional chain,Tier 1,3.47
ChIJG6SdzN33zDERolUQ4vIuPdE,Kedai Runcit Abu Wasim Enterprise,"5, Jalan Pantai Jeram, Pekan",Jeram,3.2255427,101.3146098,5.0,1,,Hyper,Hyper - Other regional chain,Tier 1,3.47
ChIJSVYlDQBfzDERHV1NQ2Zs8lA,Kedai Tijarah albarakah enterprise,"3, Jalan Desa Mahang 1, Kampung Desa Mahang",Jeram,3.2806644,101.3732187,5.0,1,,Hyper,Hyper - Other regional chain,Tier 1,3.47
ChIJsQHdVaH1zDERtPAtIP5yJfA,Chap Joo Seng Hup Kee,Jalan 1,Bukit Rotan,3.308815,101.3150653,5.0,1,,Hyper,Hyper - Other regional chain,Tier 1,3.47
ChIJMTyPB6_1zDER0ADZiqbpx-s,S-Mart,Bukit Rotan,"Kuala Lumpur, Petaling Jaya, Shah Alam, Klang, Subang Jaya, Cheras, Ampang, Cyberjaya, Putrajaya, Kajang, 68100 Selayang, Damansara",3.3064902,101.3072152,5.0,1,,Hyper,Hyper - Other regional chain,Tier 1,3.47
ChIJ12Oz4LhCzDERgRojjCcGa5w,Shweets Chocolates & Confectioneries,"No: 1-15, Apartment Impian, Jalan Desa Ria, Bandar Country Homes",Rawang,3.328978,101.5354493,5.0,1,019-322 7604,Hyper,Hyper - Other regional chain,Tier 1,3.47
ChIJ____P_iLzDERH4aY_AvAv44,Kito Iso Enterprise,"Pt 24, Jalan Sentosa 4, Kampung Seri Tiram Jaya",Tanjong Karang,3.4390248,101.2654019,5.0,1,019-378 6660,Hyper,Hyper - Other regional chain,Tier 1,3.47
ChIJ9YA-XubnzTER0z36x_NoeEw,DTiara Mart,"Pusat Komersial, 9-G, Jalan Tiara Sendayan Biz 1, Tiara Sendayan",Sendayan,2.7018588,101.8185433,5.0,1,010-204 3786,Convenience,Conv - Indie mart,Tier 1,3.47
ChIJUeVGlCTpzTERnltiuFmXwfI,99 Speedmart 3827 (NS) Pusat Komersial Bayu,No: 16-G & 17-G (Ground Floor Jalan Pusat Komersial Bayu Pusat Komersial Bayu,Bandar Sri Sendayan,2.6688445,101.8527044,5.0,1,03-3362 6863,Convenience,Conv - 99 Speedmart,Tier 1,3.47
ChIJezgQqGLDzTERaq_cc1Nnjrc,99 Speedmart 3420 (NS) Taman Pekan Labu,"No: 88 & 89 (Ground Floor, Taman Pekan Labu Batu 10",Labu,2.753334,101.8228011,5.0,1,03-3362 6863,Convenience,Conv - 99 Speedmart,Tier 1,3.47
ChIJRyJdzxnezTERbMFo0p720Dg,Kedai Xing Hua Since 1993,"1363, Lorong Cengal 3/2, Taman Ampangan",Seremban,2.7260621,101.9988497,5.0,1,06-677 3195,Convenience,Conv - Generic kedai,Tier 1,3.47
ChIJe0WT_lzfzTERnwL5gkjmSzE,99 Speedmart 3802 (NS) Taman Panchor Jaya,"No: 1433 (Ground Floor, Jalan Semarak 4, Taman Panchor Jaya",Seremban,2.7356755,101.9939473,5.0,1,03-3362 6863,Convenience,Conv - 99 Speedmart,Tier 1,3.47
ChIJG4JAt0TnzTERd4CKv3mBgLc,99 Speedmart 3451 (NS) Garden Homes 2,"No: 157 & 158 (Ground Floor, 2, Jalan S2 E8, Garden Homes",Seremban,2.6831793,101.9132573,5.0,1,03-3362 6863,Convenience,Conv - 99 Speedmart,Tier 1,3.47
ChIJMy2uPITnzTER_2ilwGQlSOU,MAHADEV MART,"104, Jalan S2 G2, Garden Avenue",Seremban,2.6765055,101.9026189,5.0,1,012-339 3510,Convenience,Conv - Indie mart,Tier 1,3.47
ChIJ63pKWwDdzTER7NVb44feAbg,Sanmart Kwong Loong Fatt,"A7, Kampung Baru Rahang",Seremban,2.6966574,101.9647542,5.0,1,,Convenience,Conv - Indie mart,Tier 1,3.47
ChIJDTAJGAK5zTER8sxTWZFSUjs,ECONSAVE Mart Taman Langat Utama,"No 91 (Ground Floor, Bukit Changgang, Jalan LU 2/2, Taman Langat Utama",Banting,2.8015781,101.6552784,5.0,1,,Convenience,Conv - Indie mart,Tier 1,3.47
ChIJ09GTLwC_zTERT88tTGTJS28,Roswel Mart KLIA,"No.36 Block B, Jalan 1/60, Kuala Lumpur International Airport",Sepang,2.7679197,101.6970515,5.0,1,,Convenience,Conv - Indie mart,Tier 1,3.47
ChIJ42GOlwLdzTERUOY7uVfosqI,UU Speedmart (Seremban),"70200, Jalan Tun Dr. Ismail, Bandar Seremban",Seremban,2.7336457,101.9359159,5.0,1,018-271 4416,Convenience,Conv - Indie mart,Tier 1,3.47
ChIJ0WC4PgDdzTERpBkk_gvuDLk,Mondo Smart Store Royale Chulan Seremban,"Jalan Dato A.S Dawood, Taman Tasek Seremban",Seremban,2.7209685,101.9446412,5.0,1,,Convenience,Conv - Indie mart,Tier 1,3.47
ChIJ2_PBlzO3zTERtWL4sbcmFyo,ECONSAVE Mart Bandar Mahkota Banting,"No 1-G-17 & 1-G, 19, Jalan Usahawan 2, Bandar Mahkota Banting",Banting,2.8320252,101.5531229,5.0,1,,Convenience,Conv - Indie mart,Tier 1,3.47
ChIJ6wxy9ri7zTERLjrTtd5xQrA,99 Speedmart 3715 Taman Cenderawasih,"No: 6 & 8 (Ground Floor Jalan Camar 22 Taman Cenderawasih, Olak Lempit",Banting,2.8336878,101.6033585,5.0,1,03-3362 6863,Convenience,Conv - 99 Speedmart,Tier 1,3.47
ChIJv3luPjujzTERlegqx35BPOk,Kedai runcit,"3969jalan gembira, Kampung Kanchong Darat",Banting,2.7910094,101.4807944,5.0,1,018-251 8840,Convenience,Conv - Kedai runcit,Tier 1,3.47
ChIJB2UaIXbBzTERRfVh9xvCVK0,99 Speedmart 3770 (NS) Taman Desa Cempaka 2,No: PT 10656 & PT 10657 (Ground Floor Jalan BBN 7B/1D Desa Cempaka Putra Nilai,Nilai,2.7885714,101.757701,5.0,1,03-3362 6863,Convenience,Conv - 99 Speedmart,Tier 1,3.47
ChIJj_yAXimvzTERBLj-xuGRn90,Kedai runcit Salam enterprise,"Jalan Rajawali, Kampung Batu 9 Kebun Baru",Telok Panglima Garang,2.9160048,101.4886723,5.0,1,018-958 6735,Convenience,Conv - Kedai runcit,Tier 1,3.47
ChIJNXuvS0nJzTERzjNibNyEehA,KEDAI SERBANEKA,Kampung Jenderam Hilir,Dengkil,2.8852991,101.7269563,5.0,1,013-315 9759,Convenience,Conv - Generic kedai,Tier 1,3.47
ChIJE00xz5mpzTERziIZuRtanjw,99 Speedmart 3697 Pulau Indah 3,No: 5 & 6 (Ground Floor Jalan Samudera 10/8C Seksyen 10 Pulau Indah,Pelabuhan Klang,2.9382799,101.3532416,5.0,1,03-3362 6863,Convenience,Conv - 99 Speedmart,Tier 1,3.47
ChIJkwQsxsHPzTERBI5pQM79198,Kedai Runcit Furaqi,Kampung Batu Lima Bangi,Kajang,2.8992669,101.8019413,5.0,1,,Convenience,Conv - Kedai runcit,Tier 1,3.47
ChIJSZQtSr3PzTERX0Jh_tFQjCI,Mini Market Rayyan,"No. 67, Eco Majestic, 1, Jalan Eco Majestic 9/1A",Semenyih,2.9020969,101.8396858,5.0,1,014-928 6044,Convenience,Conv - Mini-mart,Tier 1,3.47
ChIJ12RVJQDPzTERUI7Gb3ZQ6CA,DM MART,"8-1 & 10-1, Jalan Eco Majestic 10/1F",Semenyih,2.8972417,101.8357327,5.0,1,,Convenience,Conv - Indie mart,Tier 1,3.47
ChIJO1KX4FDPzTER0h7yy2K8Jok,"KK Super Mart Semenyih, Eco Majestic (2) ( SEM2)","Eco Majestic, Jalan Eco Majestic 10/1A",Semenyih,2.9010716,101.834094,5.0,1,,Convenience,Conv - KK Mart,Tier 1,3.47
ChIJv1QGRFXPzTERgRxkP1WthL8,Kedai Runcit Amanda Beranang,"16, Jalan Besar, Kampung Sesapan Bukit Rembau",Beranang,2.8769413,101.8727186,5.0,1,014-695 1269,Convenience,Conv - Kedai runcit,Tier 1,3.47
ChIJv47gTwG3zTERGpj2REodmW4,BilaBila Mart - University of Cyberjaya (UoC),"UG, Tower Block, University of Cyberjaya (UoC, Persiaran Bestari, Cyber 11",Cyberjaya,2.9308264,101.6368617,5.0,1,,Convenience,Conv - BilaBila Mart,Tier 1,3.47
ChIJwcE-wN-xzTERWZap_NiyXmo,99 Speedmart 3142 Pusat Perniagaan Amber,"No: GF-32 & GF-33 (Ground Floor, Gamuda Kemuning, Pusat Perniagaan Amber, 25.7, Persiaran Oleander",Telok Panglima Garang,2.9531699,101.5524307,5.0,1,03-3362 6863,Convenience,Conv - 99 Speedmart,Tier 1,3.47
ChIJiUaJaf-3zTER7E-zzDRbN0M,Hydra Mart Malaysia,"Retail 1, Block C, Flora Rosa Residence, Jalan P11j, Presint 11",Putrajaya,2.9542333,101.6762912,5.0,1,019-408 0121,Convenience,Conv - Indie mart,Tier 1,3.47
ChIJxa2omPTVzTERGhwAA4JlnTc,99 Speedmart 2857 (NS) Taman Pekan Baru,No: 21 & 22 (Ground Floor Taman Pekan Baru,Titi,2.9768531,102.0620346,5.0,1,03-3362 6863,Convenience,Conv - 99 Speedmart,Tier 1,3.47
ChIJ2ZrHFgCrzTERAA5dqWNy4aE,Kedai Runcit Pak Belalang,"43AB, Jalan Beringin, Kawasan 13",Pelabuhan Klang,3.0008327,101.3978263,5.0,1,,Convenience,Conv - Kedai runcit,Tier 1,3.47
ChIJ-Z1kQO2xzTER5p1s2lx_T_4,Absolute Unix Mart BSP21,Bandar Saujana Putra,Jenjarom,2.9434919,101.58957,5.0,1,016-600 2294,Convenience,Conv - Indie mart,Tier 1,3.47
ChIJ_7E4VMCxzTERWYncbhGThfo,KK Super Mart Saujana Putra (3) ( SPT3),"14, Jalan SP 8/1, Lebuhraya Utara-Selatan Linkaran Tengah, Bandar Saujana Putra",Jenjarom,2.9406107,101.5869835,5.0,1,,Convenience,Conv - KK Mart,Tier 1,3.47
ChIJx9yQnB-zzTEROjlMrI1rnfo,MIXED MINI MART,"45-AG, BLOK A, PANGSAPURI JATI, PANGSAPURI JATI, Jalan Dagang Mas 2, Taman Mas Sepang",Puchong,2.9735306,101.5811639,5.0,1,,Convenience,Conv - Mini-mart,Tier 1,3.47
ChIJMRvR35PJzTER7nP8um5RoAY,"Pasar Mini Arrais (Seksyen 12, Bandar Baru Bangi)","7, Jalan 12/1, Seksyen 12",Bandar Baru Bangi,2.9419802,101.7509317,5.0,1,,Convenience,Conv - Mini-mart,Tier 1,3.47
ChIJb7RXMbvJzTERdCKdzDmM3ts,MADEENA MINI MART,"5, Jalan 1/9g, Seksyen 1",Bandar Baru Bangi,2.9466926,101.7677884,5.0,1,011-6068 9959,Convenience,Conv - Mini-mart,Tier 1,3.47
ChIJ2yPj1ObLzTERqSAYAjJ88jY,"KK Super Mart Residence Jed, Kajang ( RJK )","Shop -11 ( L1-11) < Resicence Jeb Jalan Zamrub Utama, Persiaran Kajang 2",Kajang,2.9579647,101.7944649,5.0,1,,Convenience,Conv - KK Mart,Tier 1,3.47
ChIJTwVJamWrzTERG7YH-SJDrKc,Pasar Mini Noorul Mohammad Suhail,"5, Jalan Pandamaran Jaya 9, Kampung Sijangkang",Pelabuhan Klang,3.0083307,101.4239095,5.0,1,011-1172 7809,Convenience,Conv - Mini-mart,Tier 1,3.47
ChIJf-QX1_arzTER6OrGNGy8vI8,Kedai Tiong Kang,"11, Jalan Cengkeh, Taman Bayu Emas",Pelabuhan Klang,3.0177106,101.4209098,5.0,1,,Convenience,Conv - Generic kedai,Tier 1,3.47
ChIJpck19lWtzTER3xfYigue2ow,AG Speedmart,"2, JALAN NAGASARI 36/A DESA LATANIA, Seksyen 36",Klang,3.0214337,101.4821504,5.0,1,010-369 8624,Convenience,Conv - Indie mart,Tier 1,3.47
ChIJY9ZMhmKtzTERDgioABWbhdI,Kswaree Mart,"17, Jalan Kemuning Indah S32/S, Kemuning Utama",Shah Alam,3.00818,101.524212,5.0,1,,Convenience,Conv - Indie mart,Tier 1,3.47
ChIJ2_Q_0X2yzTERlFq7m0ilE5M,Vag Mini Mart,"No. 12, Jalan Anggerik Eria At 31/At, Kota Kemuning",Shah Alam,2.9937642,101.5309577,5.0,1,03-5171 5530,Convenience,Conv - Mini-mart,Tier 1,3.47
ChIJIWSYS7eyzTERm7rsxpo30s4,Happy Speed Mart,"Jalan Sepadu B 25/B, Taman Perindustrian Axis",Shah Alam,3.0263505,101.5420693,5.0,1,,Convenience,Conv - Indie mart,Tier 1,3.47
ChIJz-auPri1zTERKVegrUo-jpo,Sesame Mart Hillcrest Heights,"A-1-3, Hillcrest Heights, Jalan Puchong Utama 1, Taman Puchong Utama",Puchong,3.0036126,101.6177753,5.0,1,,Convenience,Conv - Indie mart,Tier 1,3.47
ChIJKed1xxO1zTERVmP-tRSjVVw,"KK Super Mart Seri Kembangan, Taman Lestari Perdana (2) ( SKL2 )","30-G, Jalan LP 7/5, Lestari Perdana",Seri Kembangan,3.0079793,101.6672287,5.0,1,,Convenience,Conv - KK Mart,Tier 1,3.47
ChIJ1QMbLH-zzTER91TEHl-sek0,KK Super Mart Pusat Perdagangan Puchong Prima ( PPM ),"Pusat Perdagangan, E-01-08, Block E, Jalan Prima 5/3, Taman, Taman Puchong Prima",Puchong,2.9999603,101.5950506,5.0,1,,Convenience,Conv - KK Mart,Tier 1,3.47
ChIJkboKvoqzzTERmGC-dBxQ_bU,"KK Super Mart Subang Jaya, Putra Heights (3) ( SPH3 )","seksyen 3, 3, Jalan Putra Bistari 2/1p, Putra Heights",Subang Jaya,3.0141745,101.5779546,5.0,1,,Convenience,Conv - KK Mart,Tier 1,3.47
ChIJqwucDa5VzDERgf72WfTvTfk,Kedai Runcit Sementa Jaya,"60, Jalan Sementa Jaya 1, Taman Sementa Jaya",Klang,3.0850047,101.382177,5.0,1,,Convenience,Conv - Kedai runcit,Tier 1,3.47
ChIJ83EDtLXLzTER89wIvz0r2UQ,Evo Mart,"3368, Jalan 18/31, Taman Sri Serdang",Seri Kembangan,3.0098863,101.7142723,5.0,1,012-324 6908,Convenience,Conv - Indie mart,Tier 1,3.47
ChIJkyUNNQDLzTERDcA-dE9HMhk,Mydin Mart Sutera Kajang,Bukit Angkat,Cheras,3.00792,101.7691867,5.0,1,,Convenience,Conv - Indie mart,Tier 1,3.47
ChIJFa-VagDLzTERdV4GUz8xXVA,KK SUPER MART Taman Desa Serdang (DSD),"25, Jalan Desa Serdang 1, Taman Desa Serdang",Balakong,3.00937,101.7235426,5.0,1,,Convenience,Conv - KK Mart,Tier 1,3.47
ChIJ0Y_ubjLLzTERmCGv62uuQpA,"KK Super Mart Kajang, Taman Sentosa Villa ( KSV )","No.15G, Jalan Sentosa Villa 1/1, Taman Sentosa Villa",Kajang,2.9946639,101.7940444,5.0,1,,Convenience,Conv - KK Mart,Tier 1,3.47
ChIJQeilDH81zDERRibi4hm4ICk,"KK Super Mart Cheras , Taman Bukit Palma ( CPM )","No.12, Jalan Palma 3/3A, Taman Bukit Palma",Cheras,3.022612,101.807796,5.0,1,,Convenience,Conv - KK Mart,Tier 1,3.47
ChIJ6ZO7cPLNzTER8RC-Le5oyEw,Msk Mini Mart,"1b, Jalan Bukit Mewah 11, Taman Bukit Mewah",Kajang,2.9903923,101.7995766,5.0,1,,Convenience,Conv - Mini-mart,Tier 1,3.47
ChIJ_8py_VvLzTERtORb8YCX_2Q,MKV Grocer,"G-1, MKH Boulevard, Jalan Bukit Kajang",Kajang,2.9902112,101.7933775,5.0,1,011-5361 0727,Convenience,Conv - Sundry/grocer,Tier 1,3.47
ChIJMRYnaXVTzDERNcuI4MotBws,"KK Super Mart Klang, Taman Intan ( KTI )","No.58 Jalan Batai Laut 3, Off, Jalan Batu Tiga Lama, Taman Intan",Klang,3.0568557,101.4737753,5.0,1,,Convenience,Conv - KK Mart,Tier 1,3.47
ChIJk6eAMeVSzDER7-m8RZTVr9g,Kedai Runcit,"Pusat Komersial, Yg-5, Jalan Plumbum Y 7/Y, Seksyen 7",Shah Alam,3.0650431,101.4898759,5.0,1,,Convenience,Conv - Kedai runcit,Tier 1,3.47
ChIJwZ0bnLlTzDERN1VmGqNL-vo,"KK Super Mart Klang, Bandar Baru Klang (KBB)","3G, Jalan Tiara 2B, Bandar Baru Klang",Klang,3.0631996,101.4686931,5.0,1,,Convenience,Conv - KK Mart,Tier 1,3.47
ChIJ8Rja16xNzDERI2TP2blO4aY,19mart - Seksyen 15,"Dataran Otomobil, 29G, Jalan Pahat H 15/H, Seksyen 15",Shah Alam,3.0641828,101.5261828,5.0,1,03-5523 6651,Convenience,Conv - Indie mart,Tier 1,3.47
ChIJsxGBO4VKzDERljDjRb-mR3Q,Walking In Mart & Laundry,"A-G-2, Endah Promenade, 5, Jalan 3/149e, Bandar Baru Sri Petaling",Kuala Lumpur,3.063815,101.6973499,5.0,1,03-9054 1195,Convenience,Conv - Indie mart,Tier 1,3.47
ChIJPd-yxHhLzDERQiLYZc7AoC8,"KK Super Mart Sri Petaling, Radin (2) ( SPR2 )","No.38 Ground Floor, Jalan Radin Anum 1, Bandar Baru Sri Petaling",Kuala Lumpur,3.067087,101.6943987,5.0,1,,Convenience,Conv - KK Mart,Tier 1,3.47
ChIJdfEjVgA1zDERpCyUmi248rw,Zahra mart grocer,"Persiaran Bestari, Alam Damai",Kuala Lumpur,3.0580358,101.7425942,5.0,1,017-378 9069,Convenience,Conv - Sundry/grocer,Tier 1,3.47
ChIJ03o58VM1zDERq8r7gk5KwKw,"KK Super Mart Cheras, Alam Damai (2) ( CAD2 )","No.88, Damai Cirles, 42744, Jalan Damai Raya 2, Alam Damai",Cheras,3.0659162,101.7436615,5.0,1,,Convenience,Conv - KK Mart,Tier 1,3.47
ChIJhTc8CHdXzDERTZI5OJjfNIo,99 Speedmart 3168 Taman Perepat Permai,"No : 4 & 6 (Ground Floor, Jalan 5C/KU15, Taman Perepat Permai",Kapar,3.1175475,101.3647648,5.0,1,03-3362 6863,Convenience,Conv - 99 Speedmart,Tier 1,3.47
ChIJeVLGmClXzDERMxKEcgW7IKI,Hing Wang Mini Market,Taman Intan 5,Kapar,3.1320835,101.3814789,5.0,1,,Convenience,Conv - Mini-mart,Tier 1,3.47
ChIJd5pMSF1WzDERV6hpXKGLts4,Kedai Runcit New Chin Seng,"No. 25, Jalan Khoo Kek Kheng, Off Persiaran Hamzah Alang, Taman Kapar",Kapar,3.1364343,101.3776755,5.0,1,03-3250 1386,Convenience,Conv - Kedai runcit,Tier 1,3.47
ChIJf3-hQjJXzDER7t26LbzULMc,KP SPEEDMART 24 Hours,"90, Jalan Raja Mokhtar 1, Kampung Perepat",Kapar,3.1371952,101.3723114,5.0,1,011-5671 7489,Convenience,Conv - Indie mart,Tier 1,3.47
ChIJq-_McERNzDERQ0wXyhs9RBY,V Jash Mini Mart,"G-07, Metia Residence, 5, Persiaran Sukan",Shah Alam,3.0912693,101.544834,5.0,1,03-5524 0834,Convenience,Conv - Mini-mart,Tier 1,3.47
ChIJNbJQYgBXzDERoaA_hsIQuGk,Kedai Runcit G Setia Jaya,"Lot 2758, jalan durian, off, Jalan Dusun, Kampung Bukit Kapar",Kapar,3.1565157,101.4209617,5.0,1,,Convenience,Conv - Kedai runcit,Tier 1,3.47
ChIJ_R8wIwBRzDERajQzsdQzbPU,RK MINI MART (Kedai Runcit),"6, Lorong Meranti Putih/KU10",Klang,3.1456843,101.4384607,5.0,1,,Convenience,Conv - Kedai runcit,Tier 1,3.47
ChIJ1dSqFpNNzDER-w79yzQV_sU,Quicker Mart Pacific Place,"D-01-06, Block D, Pacific Place Commercial Centre, Jalan PJU 1a/4, Ara Damansara",Petaling Jaya,3.1103923,101.5862964,5.0,1,010-444 5260,Convenience,Conv - Indie mart,Tier 1,3.47
ChIJM9p5dfQ1zDERiocvt5lO0mw,Kedai Mesra,"Petronas, Pt4282, Jalan Sri Permaisuri, Bandar Sri Permaisuri",Kuala Lumpur,3.0957767,101.7127394,5.0,1,,Convenience,Conv - Generic kedai,Tier 1,3.47
ChIJf1VOBc1PzDER7zZXYLzP2CY,Pasar Mini Jaya Timur,"5, Jalan SP 1/2, Taman Subang Perdana",Shah Alam,3.1551046,101.5383144,5.0,1,03-7845 4757,Convenience,Conv - Mini-mart,Tier 1,3.47
ChIJ08siqcBJzDERMnUOGeKx_-I,Cahaya Mart,"Cahaya Mart, Residensi Cahaya Jalan Cahaya, Off, Jalan Datuk Sulaiman",Kuala Lumpur,3.1597416,101.6286055,5.0,1,010-364 7100,Convenience,Conv - Indie mart,Tier 1,3.47
ChIJKe1buW5JzDERTNZI1-JYnPA,BilaBila Mart - Kiara Ville,"B-B2-02, KIARAVILLE, 2, Changkat Duta Kiara, Mont Kiara",Kuala Lumpur,3.1733669,101.6594495,5.0,1,,Convenience,Conv - BilaBila Mart,Tier 1,3.47
ChIJaaPxQxxFzDERfCBGvHBY2Sk,KK Super Mart Shah Alam Section U20 (2) ( S202 ),"39, Jalan BRP 6/12 Bukit Rahman Putra, Seksyen, U20",Shah Alam,3.2278289,101.5586303,5.0,1,,Convenience,Conv - KK Mart,Tier 1,3.47
ChIJ49o8XyRIzDERbSDZIQNCq3Y,Kedai Serbaneka Fatin Star Resources,Malaysia,"Kuala Lumpur, Petaling Jaya, Shah Alam, Klang, Subang Jaya, Cheras, Ampang, Cyberjaya, Putrajaya, Kajang, 68100 Selayang, Damansara",3.1647551,101.6984224,5.0,1,,Convenience,Conv - Generic kedai,Tier 1,3.47
ChIJXcZg4L9bzDERmOFCtkDeS_0,"KK Super Mart Sungai Buloh, Seri Pristana ( SBSP )","B-1, 10, Jalan SP 11/1, Seri Pristana",Sungai Buloh,3.2057356,101.4711231,5.0,1,,Convenience,Conv - KK Mart,Tier 1,3.47
ChIJL-1fenlfzDER2gQEY-cRhdQ,Kedai runcit zulkefli,Kampung Desa Mahang,Jeram,3.2849895,101.376267,5.0,1,,Convenience,Conv - Kedai runcit,Tier 1,3.47
ChIJGVA8IgBZzDER_OSLuHHoe6E,pasar mini aafiyah,"5003, Jalan Rizab Derahman",Jeram,3.2587293,101.3705834,5.0,1,,Convenience,Conv - Mini-mart,Tier 1,3.47
ChIJh7NBXwBDzDEREB1ytwMjFwk,Pasar Mini Berkat Rezeki,"14, Jalan Tun Teja 1, Taman Tun Teja",Rawang,3.2985474,101.59089,5.0,1,,Convenience,Conv - Mini-mart,Tier 1,3.47
ChIJK2y0d9VFzDER0__IGFI4zxg,"KK Super Mart Residence, Dsara Sentral ( RDS )","R-G-7 Dsara Sentral Jalan Welfare Kampung Baru Sungai Buloh, Seksyen, U19",Shah Alam,3.199212,101.5779302,5.0,1,,Convenience,Conv - KK Mart,Tier 1,3.47
ChIJfdOYJolFzDER0xfeHij7yJY,Daily Convenience Mart,"Jalan PJU 10/4c, Damansara Damai",Petaling Jaya,3.1962552,101.584672,5.0,1,,Convenience,Conv - Indie mart,Tier 1,3.47
ChIJAZVpbwBFzDERmw7oEIeT9Ec,CF Value Mart (Damansara Damai),"A-006, Blok A, Apartment Harmoni, Jalan PJU 10/4c, Damansara Damai",Petaling Jaya,3.1960904,101.58473,5.0,1,,Convenience,Conv - Indie mart,Tier 1,3.47
ChIJgdbbrCtHzDERQzp5i1MJuwM,99 Speedmart 3328 Residensi Perdana,"No: G-3A (Ground Floor, Residensi Perdana, Jalan Metro Perdana Barat",Kepong,3.218342,101.6439439,5.0,1,03-3362 6863,Convenience,Conv - 99 Speedmart,Tier 1,3.47
ChIJn8VkxWNHzDERVBHfJfnaiR4,IDAWAN KBM MART,"27, Jalan 31/10a, Taman Perindustrian Iks",Batu Caves,3.2206295,101.6886468,5.0,1,013-626 3634,Convenience,Conv - Indie mart,Tier 1,3.47
ChIJ7yRZinRHzDERZ50AQF5l3ds,Lucky Fresh Mart,"No. 80, Jalan Sbc 3, Taman Sri Batu Caves",Batu Caves,3.2346864,101.6876786,5.0,1,016-235 3147,Convenience,Conv - Indie mart,Tier 1,3.47
ChIJLcqRnkJHzDERJ0gL9MYmuEw,Kedai Serbaneka Manja Ku,"16, Jalan Pinggiran 1/1, Pinggiran Batu Cavses, 68100, Batu Caves",Selangor,3.2502126,101.6937215,5.0,1,016-383 9718,Convenience,Conv - Generic kedai,Tier 1,3.47
ChIJGS8JUBs5zDERaXRSnmc4Y_c,Kedai Runcit Md Noor (muslim),"9, Jalan AU 5d/8, Taman Lembah Keramat",Kuala Lumpur,3.2021253,101.7514141,5.0,1,,Convenience,Conv - Kedai runcit,Tier 1,3.47
ChIJXwZoxUxhzDER28R0phHVScA,Kedai runcit mini pak din,"9C7C+FH, Kampung Jaya Setia",Batang Berjuntai,3.3637164,101.421421,5.0,1,,Convenience,Conv - Kedai runcit,Tier 1,3.47
ChIJRfkHPZJDzDERsQS0ArgFFDM,99 Speedmart 3498 Jati Rawang 1,"No: 7 & 9 (Ground Floor, Jalan 1b, Taman Jati",Rawang,3.307343,101.585732,5.0,1,03-3362 6863,Convenience,Conv - 99 Speedmart,Tier 1,3.47
ChIJp2Es9JlDzDER4DZesv30gAE,"KK Super Mart Rawang, Taman Desa Mas ( RDM)","18, Jalan DM 5/1, Taman Desa Mas",Rawang,3.3387892,101.5267733,5.0,1,,Convenience,Conv - KK Mart,Tier 1,3.47
ChIJn2TDqrJvzDERVHjhncpWVE8,Pasar Mini Anandur,Taman Bunga Raya,Rawang,3.4435208,101.5551454,5.0,1,,Convenience,Conv - Mini-mart,Tier 1,3.47
ChIJawS5vrdpzDEROuuAeXHKrlE,Econsave Bukit Sentosa Rawang 1- Pasar Ekonomi Mart,"13, Jalan Seroja 1b, Bukit Sentosa",Rawang,3.4172865,101.5778059,5.0,1,,Convenience,Conv - Indie mart,Tier 1,3.47
ChIJBwf1oKgbzDERPRl8y2Pdb-M,99 Speedmart 3539 (PH) Taman Medang Lestari,"No: P1 (Ground Floor, Lestari, Jalan Medang Lestari, Taman Medang",Bentong,3.489619,101.9410241,5.0,1,03-3362 6863,Convenience,Conv - 99 Speedmart,Tier 1,3.47
ChIJbcGMuoJzzDER1_djAtgUzME,99 Speedmart 3053 Pusat Perniagaan Jalan Tanjak,"Pusat Perniagaan, No: 3 & 4 (Ground Floor, Jalan Tanjak",Kuala Kubu Baru,3.5462033,101.6610969,5.0,1,03-3362 6863,Convenience,Conv - 99 Speedmart,Tier 1,3.47
ChIJHxnJYnIFzDERs82bzvkWzvg,99 Speedmart 3794 (PH) Pusat Perniagaan BH,"No: P06-1 (Ground Floor, Jalan BH 2, Pusat Perniagaan BH",Bentong,3.5272529,101.9007829,5.0,1,03-3362 6863,Convenience,Conv - 99 Speedmart,Tier 1,3.47
ChIJFbgxFgAVzDERkEKt70tQihk,Hilltop Mart Genting Grand,Genting Highlands,"Kuala Lumpur, Petaling Jaya, Shah Alam, Klang, Subang Jaya, Cheras, Ampang, Cyberjaya, Putrajaya, Kajang, 68100 Selayang, Damansara",3.423978,101.7932011,5.0,1,,Convenience,Conv - Indie mart,Tier 1,3.47
ChIJnW0AdTK3zTERNwYLNf8ZN6k,"KK Super Mart Cyberjaya, Menara Paragon ( CMP)",GF-15 Menara Paragon Persiaran Bestari Cyber 11 Cyberjaya,Sepang,2.9245889,101.6372658,1.3,13,,Convenience,Conv - KK Mart,Tier 1,3.43
ChIJ-TvUHS1PzDERIFYKe4mZouM,"KK Super Mart Kota Damansara, Seksyen 6 ( KDS6 )","Seksyen 6, Jalan Cecawi 6/33, Kota Damansara",Petaling Jaya,3.1621272,101.581705,1.3,13,,Convenience,Conv - KK Mart,Tier 1,3.43
ChIJsY6u5aurzTERNFV4zpxGRbU,KK Super Mart Bukit Tinggi (2) (BTG 2),"3, Lorong Batu Nilam 34c, Bandar Bukit Tinggi 2",Klang,2.9992531,101.431832,1.6,7,,Convenience,Conv - KK Mart,Tier 1,3.33
ChIJJZbnMvKtzTERAQvHW29MNJM,"KK Super Mart Klang, Taman Raja Nong ( KRN )","KS2, 13, Jalan Raja Nong 1, Taman Raja Nong",Klang,3.0273107,101.4657868,1.6,7,,Convenience,Conv - KK Mart,Tier 1,3.33
ChIJQVGXLOZTzDERvRkxL_mUrIc,KK SUPER MART I-CITY2 ( ICT2),"B-UG-08, 09 & 10 UPPER GRROUD FLOOR LEVEL I-SUITE CENTRALWALK, I-city",Shah Alam,3.0645889,101.4805521,1.6,7,,Convenience,Conv - KK Mart,Tier 1,3.33
ChIJQX2Jj2DBzTERwF8sDlOxJ_8,"KK Super Mart Nilai, Kompleks Kuarters KLIA (NKKK)","No. A, Kompleks Kuarters KLIA, 6, Jalan Pusat Niaga KLIA 2",Nilai,2.7708707,101.7626448,1.7,6,,Convenience,Conv - KK Mart,Tier 1,3.31
ChIJEduXz8HHzTERK57R3FIhKA8,99 Speedmart 1442 (NS) Taman Desa Cempaka,"No: 4 (GF), Jalan BBN 6/3A Taman Desa Cempaka Bandar Baru Nilai",Nilai,2.8036838,101.7717109,1.7,6,03-3362 6863,Convenience,Conv - 99 Speedmart,Tier 1,3.31
ChIJ4Vq5CXtHzDER7Kt15ehKKEc,"KK SUPER MART Batu Caves, Sri Gombak (BCG)","5, Jalan SG 1/6, Taman Sri Gombak",Batu Caves,3.237644,101.69908,1.7,6,010-241 3308,Convenience,Conv - KK Mart,Tier 1,3.31
ChIJbUnOZ0xDzDERoff_h5i-RIU,99 Speedmart 3248 Residensi Avia Plus,"No: G-3 & G-3A (Ground Floor, Residensi Avia Plus, Jalan Desa Utama, Bandar Country Homes",Rawang,3.3245234,101.5265891,1.7,6,03-3362 6863,Convenience,Conv - 99 Speedmart,Tier 1,3.31
ChIJGW8Ka8q5zTERaJJ8aLWLS18,B&M ENTERPRISE MINI MART (CAWANGAN KE -4),"Jasper Square, SUNSURIA CITY, 37-G, Jalan Sunsuria 1b/2",Sepang,2.8400737,101.7001648,3.0,2,013-300 4578,Super/Groceries,Super - Indie retail,Tier 1,3.3
ChIJn126yNqxzTERPWZDRBQus7k,HOMEMART MINI MARKET SRI CHEEDING,"Lot1013, Batu 2.1/2, Kampung Seri Cheeding",Banting,2.8798711,101.5438934,3.0,2,019-266 2959,Super/Groceries,Super - Independent local,Tier 1,3.3
ChIJReop8xhbzDERHwjMc46E47A,My NSA Grocer,"Lot 1385, Shop A-B-C-D, Jalan Besar, Kampung Kubu Gajah",Sungai Buloh,3.2043571,101.5150654,3.0,2,018-215 1385,Super/Groceries,Super - Sundry/grocer,Tier 1,3.3
ChIJh1IFCi84zDERybTEguzs9a8,NZ Retail Sdn Bhd,"3, Jalan Wangsa Delima 13, Wangsa Maju",Kuala Lumpur,3.1976608,101.7427325,3.0,2,,Super/Groceries,Super - Indie retail,Tier 1,3.3
ChIJ1xXjEKhHzDERvBodt1I4fnY,Domart Minimarket Indonesia KLTS Outlet,"G-41, Plaza KLTS, 99, Jalan Gombak, Setapak",Kuala Lumpur,3.2037678,101.7026915,3.0,2,013-273 2023,Super/Groceries,Super - Independent local,Tier 1,3.3
ChIJt2-pkhjnzTERzfNPqJaiqUU,"KK Super Mart Seremban, Pusat Komersial Bukit Blossom ( SPKB)","53 PT 8992, Jalan PKBB3, Pusat Komersial Bukit Blossom",Seremban,2.700112,101.9520811,3.0,2,,Convenience,Conv - KK Mart,Tier 1,3.3
ChIJcWLAtwbnzTERhQgG6KLyi9Y,KK Super Mart - Taman Rasah Jaya (2),"686, Jalan RJ 1/6, Taman Rasah Jaya",Seremban,2.6819396,101.939763,3.0,2,,Convenience,Conv - KK Mart,Tier 1,3.3
ChIJpXrA2lfdzTERN0Nqv0f_PJk,"KK SUPER MART Seremban, Kemayan Square (SKS)","66-G, Jalan Toman 4, Kemayan Square",Seremban,2.7193324,101.9235539,1.5,8,010-230 8964,Convenience,Conv - KK Mart,Tier 1,3.3
ChIJ5z4kNrrHzTERrXf2yUQCnH8,Econsave Salak Tinggi - Pasar Ekonomi Mart,"No 35 & 37, Jalan ST1C, 6, Medan 88, Bandar Baru Salak Tinggi",Sepang,2.8118352,101.7382089,3.0,2,,Convenience,Conv - Indie mart,Tier 1,3.3
ChIJ-a5fvPnFzTERD0WEmrOuB3s,"KK SUPER MART Seremban, Terminal Nilai 1(STN1)","No. 3, Jalan Terminal Nilai 1, Nilai Sentral",Seremban,2.8020338,101.7987016,3.0,2,,Convenience,Conv - KK Mart,Tier 1,3.3
ChIJkXsuCPV3zDERYK83a-wNdqY,"KK Super Mart Nilai, Bandar Wawasan ( NBWW )","No.L1-7A & 7B, Jalan Bandar Belia 1/1 Bandar Wawasan Putra Nilai",Nilai,2.8208257,101.7951696,3.0,2,,Convenience,Conv - KK Mart,Tier 1,3.3
ChIJf7tpMgAHzTERDCth6M648P8,99 Speedmart 3513 Taman Perindustrian Pulau Indah,"No: 16 & 18 (Ground Floor, 8/4, Jalan Perigi Nanas 8/9, Taman Perindustrian Pulau Indah",Pelabuhan Klang,2.9514986,101.3123746,3.0,2,03-3362 6863,Convenience,Conv - 99 Speedmart,Tier 1,3.3
ChIJv85i3_CtzTERax-zeD0Gyng,99 Speedmart 3151 Pusat Perniagaan Bestari,"No: 83 & 85 (Ground Floor, Taman Perindustrian Air Hitam Phase 1 & 2, Pusat Perniagaan Bestari, Jalan Permata 1, KS09",Klang,2.9634311,101.4651628,3.0,2,03-3362 6863,Convenience,Conv - 99 Speedmart,Tier 1,3.3
ChIJh_s5B9TJzTER0x37IcSusmg,"KK Super Mart Kajang, Bandar Puteri Bangi (KPB)","5, Jalan Puteri 3A/7",Kajang,2.8782433,101.7948743,3.0,2,,Convenience,Conv - KK Mart,Tier 1,3.3
ChIJXdaEE_-5zTERd0HeTgSpSto,BilaBila Mart - Horizon Suites,"G-15, HORIZON SUITE, JALAN HORIZON, BANDAR SUNSURIA",Sepang,2.8396516,101.6992429,3.0,2,,Convenience,Conv - BilaBila Mart,Tier 1,3.3
ChIJtZegTg-_zTERHvZ5AnxOzXA,"KK Super Mart Sepang, Salak Tinggi ( SST )","Space 1, Salak Tinggi & Ride Jalan, KLIA, salak Tinggi",Sepang,2.8254459,101.7131545,3.0,2,,Convenience,Conv - KK Mart,Tier 1,3.3
ChIJb6OjTL23zTERPHF1tFjvYnQ,"KK Super Mart Cyberjaya, Atelier Centre (CAC)","D4-G-15, Blok D4, Atelier Centre, Jalan Atelier 2 Edusphere, Cyber 11",Cyberjaya,2.9336209,101.6371182,3.0,2,,Convenience,Conv - KK Mart,Tier 1,3.3
ChIJjzqfzCfKzTERtvtsYFF7UAM,Pasar Mini Mohd Azli Samsi,"No. 1, Lot 2973, Jalan Cempaka Biru, Kampung Dato Abu Bakar Baginda",Kajang,2.9568604,101.7374536,3.0,2,03-8926 6093,Convenience,Conv - Mini-mart,Tier 1,3.3
ChIJya-Qhi3LzTERUQ9x0VeuIxo,KK Super Mart Bandar Baru Bangi (4) ( BBB4 ),"44, Jalan 4/11, Seksyen 4 Tambahan Bandar Baru Bangi",Bandar Baru Bangi,2.9651366,101.7815792,3.0,2,,Convenience,Conv - KK Mart,Tier 1,3.3
ChIJKQC2f2qzzTERHw5v64cUf6M,Kk supermart g superstore (PCP),"13, Batu 12 3/4, Jalan Perdana 3/4, Taman Puchong Perdana",Puchong,3.0067505,101.6050277,1.5,8,,Convenience,Conv - KK Mart,Tier 1,3.3
ChIJLXE1A8i1zTERdsSD1Oiz9zc,YGY Mini Market 和平杂货店,"Pangsapuri Seri Pagi, C1 01 01 Block C1, seksyen 4, Taman Bukit Serdang",Seri Kembangan,3.0194032,101.7001813,3.0,2,011-3311 6659,Convenience,Conv - Mini-mart,Tier 1,3.3
ChIJjRXNxlq1zTERYiGHL3GWYSU,OK Supermart,"13, Jalan BS 5/26a, Taman Bukit Serdang",Seri Kembangan,3.0222592,101.6965052,3.0,2,,Convenience,Conv - Indie mart,Tier 1,3.3
ChIJ19gp8D7LzTERbFD2HR7OgXs,99 Speedmart 3739 Desa Karunmas,"No: 2 (Ground Floor, Jalan Karunmas 12, Desa Karun Mas",Cheras,3.004806,101.757781,3.0,2,03-3362 6863,Convenience,Conv - 99 Speedmart,Tier 1,3.3
ChIJcWnOX-pUzDERLMwU5MLzsFU,Kedai Santan & Runcit,"Lot 1080, Jalan Rantau Panjang, Kg Rantau Panjang",Klang,3.0576101,101.4082269,3.0,2,012-699 2492,Convenience,Conv - Generic kedai,Tier 1,3.3
ChIJQUz4QvpLzDERXssKCu8l7rg,123 Express Mart (Suria Kinrara),"Block-B-G-17, Kompleks Suria Kinrara, Persiaran Kinrara Seksyen 3, Taman Kinrara",Puchong,3.0642629,101.6413836,3.0,2,016-643 6055,Convenience,Conv - Indie mart,Tier 1,3.3
ChIJUdU7uKI1zDERZuuwUtHPaIY,KK Super Mart Bandar Mahkota Cheras (3)( BMC3),"Seksyen 9, 13-G, Jalan Temenggung 21/9, Bandar Mahkota Cheras",Cheras,3.0540174,101.7869651,3.0,2,,Convenience,Conv - KK Mart,Tier 1,3.3
ChIJIQWqsYJKzDERhWkezBKYbUs,Kedai Runcit Kassim,"E-G-1 Pangsapuri Permai, 57100, Jalan Landai Permai, Sungai Besi",Kuala Lumpur,3.0633184,101.7059424,3.0,2,,Convenience,Conv - Kedai runcit,Tier 1,3.3
ChIJjS-4gqU1zDER2JsdGFzDIqo,KK Super Mart Taman Bukit Angsana (TBA2),"33, Jalan Angsana 1, Taman Bukit Angsana",Cheras,3.062306,101.7497945,3.0,2,,Convenience,Conv - KK Mart,Tier 1,3.3
ChIJ8-THUShLzDERCCcU7xBWJRc,KK Super Mart Residensi Bandar Razak (2) ( RBR2),"B-G-1, 1, Jalan Razak Mansion, Sungai Besi",Kuala Lumpur,3.1081297,101.7053388,3.0,2,,Convenience,Conv - KK Mart,Tier 1,3.3
ChIJQxfYezxIzDERAWO4aTIiw0E,Wan Mart,"Lot 5-25, 5th Floor, 100, Jalan Putra, Chow Kit",Kuala Lumpur,3.1665639,101.6921168,3.0,2,016-318 8495,Convenience,Conv - Indie mart,Tier 1,3.3
ChIJxQXtVTxbzDERgj2RzeloI-Q,"KK Super Mart Sungai Buloh, Desa Coalfields ( SCF )","No.38, Blok D, Jalan DC 4/5, Desa Coalfields",Sungai Buloh,3.2346167,101.4892424,3.0,2,,Convenience,Conv - KK Mart,Tier 1,3.3
ChIJsfyoVsJDzDERFXtnYKTfzUI,99 Speedmart 3793 Caledonia Avenue,"No: 41 (Ground Floor, Jalan Caledonia 1C/1",Batang Berjuntai,3.290189,101.4405771,3.0,2,03-3362 6863,Convenience,Conv - 99 Speedmart,Tier 1,3.3
ChIJqak4PGZFzDERlDI15gUaZ8k,99 Speedmart 2524 Saujana Damansara,"No: 1 & 3 (Ground Floor Jalan PJU 10/10B, PJU 10, Saujana Damansara",Petaling Jaya,3.1983168,101.5908436,3.0,2,03-3362 6863,Convenience,Conv - 99 Speedmart,Tier 1,3.3
ChIJ37xl2nFHzDERvToLsf1AvwQ,99 speedmart 1691 Taman Selaseh Indah,Taman Selaseh Fasa I,Batu Caves,3.2264715,101.6979073,3.0,2,,Convenience,Conv - 99 Speedmart,Tier 1,3.3
ChIJGcgITgBHzDER_GqCvQW3fY0,99 Speedmart 3376 Taman Sri Gombak 5,"No: 46 (Ground Floor, Jalan SG 9/25, Taman Sri Gombak",Selayang,3.2499365,101.6989976,3.0,2,03-3362 6863,Convenience,Conv - 99 Speedmart,Tier 1,3.3
ChIJsd3L3jgVzDERtejJUVcSf0o,BilaBila Mart - SCAPES Hotel,"Meeting Room 2, SCAPES Hotel, Jalan Jaya Permai, Midhills",Genting Highlands,3.3873643,101.7842386,3.0,2,,Convenience,Conv - BilaBila Mart,Tier 1,3.3
ChIJ9yPfapyxzTERnlVaB0C1KwE,KK SUPER MART Saujana Putra (2) (SPT2),"Utama, BSP21, S-G-20, Jalan Saujana Putra, Bandar Saujana Putra",Jenjarom,2.9438121,101.5885542,1.8,5,,Convenience,Conv - KK Mart,Tier 1,3.23
ChIJacMrSE_FzTERSmfF99O3nx4,"KK Super Mart Kajang, Mutiara Avenue ( KMA )","No.17, Jalan Mutiara 1A, Mutiara Avenue",Kajang,3.0109925,101.8126323,1.8,5,,Convenience,Conv - KK Mart,Tier 1,3.23
ChIJ2cSB2yRNzDERo2OKveWz5ao,KK Super Mart USJ 8 (USJ8),"D1-00-06, Subang Perdana Goodyear Court 4, Persiaran Kewajipan, Usj 8",Subang Jaya,3.0473541,101.5902865,1.8,5,,Convenience,Conv - KK Mart,Tier 1,3.23
ChIJkzwybc9PzDERFzrzYAg9Akg,KK Super Mart Petaling Jaya PJU 1 ( PJU 1),"No.J- G, 17, Jalan PJU 1/43",Petaling Jaya,3.12063,101.5947572,1.8,5,,Convenience,Conv - KK Mart,Tier 1,3.23
ChIJAAAAAAAAAAARiLqmJPM8bbE,KK SUPER MART Jinjang Selatan (JJS),"15, Jalan 8/32, Taman Jinjang Baru",Kuala Lumpur,3.2074581,101.6581035,1.8,5,016-330 8370,Convenience,Conv - KK Mart,Tier 1,3.23
ChIJH5B7GuRGzDERAAKszldXd5k,JOM KE 3M MINI MARKET MERAYA MAGNA VILLE,"JALAN LEBOH RAYA, SELAYANG-KEPONG",Batu Caves,3.2450206,101.6546885,2.0,4,03-6137 2145,Super/Groceries,Super - Independent local,Tier 1,3.22
ChIJ8_1AUOjLzTERv-kaFijwjfI,"KK Super Mart Kajang, Taman Saujana Impian (KSJ)","No.15 Jalan Impian Murni, 1/5, Taman, Saujana Impian",Kajang,3.0157089,101.7926521,1.4,9,,Convenience,Conv - KK Mart,Tier 1,3.22
ChIJTzczTgJTzDERCFyV2e04RTs,Econsave Alam Avenue 2 - Pasar Ekonomi Mart,"B-15-G Jalan Serai Wangi K/16K, Alam Avenue, 3, Seksyen 16",Shah Alam,3.0578221,101.4901724,1.4,9,,Convenience,Conv - Indie mart,Tier 1,3.22
ChIJ6Qp3s_dVzDERRtwq9FhDQiA,"KK Super Mart Klang, Bandar Bukit Raja (2) ( KRJ2)","No.38 Ground Floor, Jalan Makyong 5D/KU5, Bandar Bukit Raja",Klang,3.0900424,101.4324916,2.0,4,,Convenience,Conv - KK Mart,Tier 1,3.22
ChIJK5x1yN83zDERPpvb_zmrwYA,99 Speedmart 1477 Taman Muda Jalan Bunga Cempaka,"No :, 43 & 45, Jalan Bunga Cempaka 6a, Taman Muda",Kuala Lumpur,3.1175977,101.753981,2.0,4,03-3362 6863,Convenience,Conv - 99 Speedmart,Tier 1,3.22
ChIJH8kmbsRSzDERaRkKnltkhJk,Ringlet Mini Market,"1, Lot 646, Jalan Mat Raji, Padang Jawa, Klang, 41300, Klang",Selangor,3.0495698,101.4941945,2.3,3,,Super/Groceries,Super - Independent local,Tier 1,3.19
ChIJlRaJv8lhzDERwhWItUU1oVU,Asia Mart Bestari Jaya,"A6 & A7, Jalan Rawang, Pekan Batang Berjuntai",Kuala Selangor,3.378558,101.4053332,2.3,3,,Super/Groceries,Super - Indie retail,Tier 1,3.19
ChIJ3_U_AKrGzTERZBxWwoqYW_w,Ella Cash & Carry Nilai,"No. 35, Jalan Besar Nilai, Nilai, 71800, Nilai, Negeri Sembilan, Jalan Besar Nilai, Pekan Nilai",Nilai,2.801385,101.795073,2.3,3,06-799 8189,Hyper,Hyper - Other regional chain,Tier 1,3.19
ChIJmekrul-rzTER6-Ji1TRTplA,Bayu Perdana Redemption Centre,"No. 268, Persiaran Pegaga, Taman Bayu Perdana",Klang,3.018424,101.432401,2.3,3,03-3324 8752,Hyper,Hyper - Other regional chain,Tier 1,3.19
ChIJe3cBlQrdzTERg2RTHzqjrBY,99 Speedmart 1916 (NS) Taman College Heights,"No: 44 (Single Storey), Jalan College Heights 1/1, Kampung Sikamat Lama, Taman College Heights",Seremban,2.7485267,101.9676355,2.3,3,03-3362 6863,Convenience,Conv - 99 Speedmart,Tier 1,3.19
ChIJscsBU6KlzTERHM6_eE9hODQ,"KK SUPER MART Banting, Taman Sri Putra (BTP)","No: 18, Jalan Toman 1, Taman Sri Putra",Banting,2.811443,101.4892446,2.3,3,,Convenience,Conv - KK Mart,Tier 1,3.19
ChIJ2foa8TTJzTERrc8ynWe-4Lw,99 Speedmart 3277 Taman Desa Damai,"No: 10 & 12 (Ground Floor, Jalan Damai 2, Taman Desa Damai",Kajang,2.9328474,101.7522868,2.3,3,03-3362 6863,Convenience,Conv - 99 Speedmart,Tier 1,3.19
ChIJMwibH4vLzTERjL2BI7nQmqo,KK Super Mart Bandar Baru Bangi (2) (BBB2),"8, Jalan 5c/11, Seksyen 5",Bandar Baru Bangi,2.957028,101.7854882,2.3,3,,Convenience,Conv - KK Mart,Tier 1,3.19
ChIJlwgqig2zzTERTpDGD741itc,AZIZZ MART,"Lot 232-g, Jalan Jurutera, Kg pulas luar",Puchong,3.0057015,101.5878557,2.3,3,014-243 5855,Convenience,Conv - Indie mart,Tier 1,3.19
ChIJr54fL-a1zTERzDuLoaF7o-Y,"KK Mart Seri Kembangan, Pusat Perdagangan ( SKPD)","5, Jalan PSK 9, Pusat Perdagangan Seri Kembangan",Seri Kembangan,3.015593,101.697236,2.3,3,,Convenience,Conv - KK Mart,Tier 1,3.19
ChIJvYjSV3hPzDERyh4kJQrdZSM,99 Speedmart 3120 Bandar Pinggiran Subang 4,"No : 22 & 24 (Ground Floor, Jalan Bulan Bm U5/Bm, Bandar Pinggiran Subang",Shah Alam,3.1636288,101.5473888,2.3,3,03-3362 6863,Convenience,Conv - 99 Speedmart,Tier 1,3.19
ChIJQ8h7IQBhzDERRj-NUh4BX1I,Asiamart Bestari Jaya,"11, Jalan Besar, Pekan Batang Berjuntai",Batang Berjuntai,3.3784257,101.4057868,2.3,3,,Convenience,Conv - Indie mart,Tier 1,3.19
ChIJyQLESYsVzDERb4oFK7Xa5eI,KK Super Mart Genting Permai Avenue ( GPA ),"P18, Jalan Permai 1/1, Genting Permai Avenue",Genting Highlands,3.3863716,101.775083,2.3,3,,Convenience,Conv - KK Mart,Tier 1,3.19
ChIJ73zUqnxdzDER-41g51lX_nw,"KK Super Mart Rawang, Saujana (RSJ)","Jalan SR 4/1A, Saujana Rawang",Rawang,3.3353443,101.5179958,2.3,3,,Convenience,Conv - KK Mart,Tier 1,3.19
ChIJj6cZv6FpzDERAFZw8P9K0g0,99 Speedmart 3591 Bukit Sentosa 3,"No: 27 & 29 (Ground Floor, Seksyen BS7, Jalan Anggerik 5a, Bukit Sentosa",Rawang,3.413041,101.5887202,2.3,3,03-3362 6863,Convenience,Conv - 99 Speedmart,Tier 1,3.19
ChIJL7BJkcMVzDEReb3iFXu3--E,KK Mart First World Complex,Genting Highland Resort,Genting Highlands,3.4235071,101.7939901,2.3,3,,Convenience,Conv - KK Mart,Tier 1,3.19
ChIJgc6cF4JLzDERsp6ZFVq-Z3I,99 Speedmart 2494 Sri Petaling 4,"Ground Floor, No :81, Jalan Radin Bagus, Bandar Sri Petaling",Kuala Lumpur,3.0710916,101.6945685,1.1,16,03-3362 6863,Convenience,Conv - 99 Speedmart,Tier 1,3.12
ChIJgS8AxaSrzTERLYzI9_GQSpc,"KK Super Mart Klang , Taman Bayu Perdana ( 2) KBP2","8, Jalan Bayu Tinggi 5, KS6 Batu undur",Klang,3.0137362,101.4313553,1.4,8,,Convenience,Conv - KK Mart,Tier 1,3.08
ChIJ7Vq09cm5zTERJadJV5ynMlY,"KK Super Mart Sepang, Bell Avenue ( SBA)","R-G-23A, Bell Avenue, Jalan Sunsuria, Bandar Sunsuria",Sepang,2.8288806,101.7055573,1.3,9,,Convenience,Conv - KK Mart,Tier 1,2.99
ChIJyXI3ryXJzTERlYsAlTClm68,"KK SUPER MART Bangi, Seksyen 15 (BS15)","No.25, Jalan 15/1b, Seksyen 15",Bandar Baru Bangi,2.9337556,101.7683611,1.3,9,,Convenience,Conv - KK Mart,Tier 1,2.99
ChIJkRzv4_dNzDERDMUuRE4wGNo,MAK FRESHMART,Ss 15,Subang Jaya,3.0736583,101.5874171,1.8,4,,Convenience,Conv - Indie mart,Tier 1,2.9
ChIJxfG-HNbHzTERkLm4cKtI6jM,"KK Super Mart Sepang, Bunga Raya (SBR)","11G, Jalan Bunga Raya 2, Taman Bunga Raya",Sepang,2.8060503,101.7151562,1.6,5,,Convenience,Conv - KK Mart,Tier 1,2.87
ChIJ8UkpqxlNzDERKhSBHNA4Yac,99 Speedmart 3493 USJ 9 (2),"No: 21 (Ground Floor, Jalan USJ 9/5P",Subang Jaya,3.0464092,101.5869755,1.6,5,03-3362 6863,Convenience,Conv - 99 Speedmart,Tier 1,2.87
ChIJHaTINhZIzDER7uYUZpkMoBs,KK SUPER MART Jalan Ipoh (JIP2),"214, Jalan Ipoh",Kuala Lumpur,3.1721031,101.6920784,1.6,5,016-711 3308,Convenience,Conv - KK Mart,Tier 1,2.87
ChIJlUjSV9DhzTERnmsmLkkPAHg,Kedai Runcit Kian Hin Chan,"No. 460, Taman Senawang Jaya, Negeri Sembilan, Taman Senawang Jaya",Senawang,2.6916416,101.9893935,4.0,1,06-677 2836,Super/Groceries,Super - Sundry/grocer,Tier 1,2.77
ChIJfejecXyxzTERmuXCYH2iBk0,Annur Freshmart Market,"Persiaran Saujana Putra, Kampung Lombong",Shah Alam,2.9522887,101.5778386,4.0,1,,Super/Groceries,Super - Indie retail,Tier 1,2.77
ChIJI-f1Y9XLzTER3FovJk3c_Po,Kedai Runcit Pitstop Kg. Sg. Ramal Dalam,"KG. SG. Ramal Dalam (Timur, Seksyen 8",Bandar Baru Bangi,2.9659616,101.7582898,4.0,1,0,Super/Groceries,Super - Sundry/grocer,Tier 1,2.77
ChIJ24By-2_JzTER7mfakPlwCzY,Pasar Mini Al Ikhlas,"12, Jalan 6c/7, Seksyen 16 Bandar Baru Bangi",Bandar Baru Bangi,2.943775,101.7641351,4.0,1,010-299 3141,Super/Groceries,Super - Independent local,Tier 1,2.77
ChIJGSqcxl-rzTERPSMU-0vlnBU,Mercury Freshmart,"286, Persiaran Pegaga, Taman Bayu Perdana",Klang,3.0174715,101.4319581,4.0,1,016-548 4195,Super/Groceries,Super - Indie retail,Tier 1,2.77
ChIJsxvIJ0VTzDERiHaLWi5jgzg,One Six Eight Mini Market,"54, Jalan Pasar, Bandar Baru Subang",Shah Alam,3.0483556,101.4460506,4.0,1,012-330 3377,Super/Groceries,Super - Independent local,Tier 1,2.77
ChIJ04ofoXrNzTERESI1FYWZgiw,"PASARMINI KOPENMART 1, KAJANG",KUARTERS PENJARA KAJANG,Kajang,3.0079417,101.8139519,4.0,1,011-1012 5154,Super/Groceries,Super - Indie retail,Tier 1,2.77
ChIJPbMXVwFLzDERWr91zvz2tzI,Ts Mini Market,"Jalan 1/152, Taman Perindustrian Oug",Kuala Lumpur,3.0685253,101.6552826,4.0,1,,Super/Groceries,Super - Independent local,Tier 1,2.77
ChIJVab6tZ9LzDERlGLkdiKlayY,Save 99 Enterprise,"33 GR, Jalan Medan 9, Taman Medan, 46000, Petaling Jaya",Selangor,3.0752914,101.6358347,4.0,1,03-7783 1659,Super/Groceries,Super - Indie retail,Tier 1,2.77
ChIJj8HBCoxJzDERiDDGPLxwbuY,ORIENTAL MART S/B (3 Damansara),"3, Jalan SS 20/27, Damansara Intan",Petaling Jaya,3.1304749,101.6269411,4.0,1,,Super/Groceries,Super - Indie retail,Tier 1,2.77
ChIJqwBKCuJbzDERNFFu-1b5HsE,Pasar Segar Hi-MART,Desa Coalfields,Sungai Buloh,3.2333916,101.4886778,4.0,1,,Super/Groceries,Super - Indie retail,Tier 1,2.77
ChIJtx3M-EE1zDERhgzU1O3epYs,Pasar mini anekaRA,"flat, 60.00.10 Sri sabah, batu 3, 1 /2, Jalan Ikan Ayu",Kuala Lumpur,3.110003,101.7294502,4.0,1,016-965 4700,Super/Groceries,Super - Independent local,Tier 1,2.77
ChIJg8HJNCqjzTERP1Abrdk52PU,99 Speedmart 3224 Taman Seri Bayu,"No: 10 & 12 (Ground Floor, Jalan Raja Borhan 2, Taman Seri Bayu",Banting,2.7538505,101.4447934,4.0,1,03-3362 6863,Convenience,Conv - 99 Speedmart,Tier 1,2.77
ChIJP1kb6xznzTERqUe9rnIMpoA,99 Speedmart 2145 (NS) Taman Rasah Jaya 2,"Ground Floor, No: 3392 & 3393, Jalan RJ 6/1, Taman Rasah Jaya",Seremban,2.6798939,101.9472716,2.0,3,03-3362 6863,Convenience,Conv - 99 Speedmart,Tier 1,2.77
ChIJZ2VgKca3zTERLjiyfuJ0R9o,BilaBila Mart - City University Cyberjaya,"3500, Jalan Teknokrat 3, Cyber 4",Cyberjaya,2.9227677,101.6539357,4.0,1,,Convenience,Conv - BilaBila Mart,Tier 1,2.77
ChIJ9TkwqS6zzTERiqssgYRXxv4,PASAR MINI SK KOTA KEMUNING,"8g, Jalan Anggerik Aranda D 31/D, Kota Kemuning",Shah Alam,2.9906843,101.5475902,4.0,1,012-987 2383,Convenience,Conv - Mini-mart,Tier 1,2.77
ChIJbX-1amWzzTERnbnNnkZWnVg,Pasar Mini RG,"36, Jalan Kekwa 2, Taman Puchong Perdana",Puchong Perdana,3.0063957,101.6056912,4.0,1,012-387 0760,Convenience,Conv - Mini-mart,Tier 1,2.77
ChIJc94H5ZJMzDERyHUJYVsJik4,Ramla Mini Mart,Subang Jaya,"Kuala Lumpur, Petaling Jaya, Shah Alam, Klang, Subang Jaya, Cheras, Ampang, Cyberjaya, Putrajaya, Kajang, 68100 Selayang, Damansara",3.0621202,101.5949877,4.0,1,010-660 9556,Convenience,Conv - Mini-mart,Tier 1,2.77
ChIJUb4HQTBNzDERJEy3I_DUfKQ,KK Super Mart USJ 9 (2) (UJ92),"Jalan USJ 9/5P, Usj 2",Subang Jaya,3.0459406,101.5869639,4.0,1,,Convenience,Conv - KK Mart,Tier 1,2.77
ChIJlwvx1AlLzDERop8r9jkR284,Pasar Mini Pak Din,"11, Jalan PJS 3/46, Taman Sri Manja",Petaling Jaya,3.0739859,101.6474559,4.0,1,013-394 7113,Convenience,Conv - Mini-mart,Tier 1,2.77
ChIJy6dGL75KzDER683FpTwPOy0,Al NIHAL FRESH MART,"BLOCK C, Arena Green Apartment",Kuala Lumpur,3.0519916,101.6872787,4.0,1,018-260 9784,Convenience,Conv - Indie mart,Tier 1,2.77
ChIJLTw4rK01zDERYhpZd-E_Tnk,"KK Super Mart Cheras, Bandar Damai Cheras ( CDC )","7, Jalan Damai Perdana 5/1b, Bandar Damai",Cheras,3.0543989,101.74371,4.0,1,,Convenience,Conv - KK Mart,Tier 1,2.77
ChIJ0QTc9Y1XzDERP10pIIUeqA0,99 Speedmart 1129 Jalan Besar Pekan Kapar,"No. 258 & 260, Jalan Besar / KU 13, Pekan Kapar",Kapar,3.1389084,101.3702088,2.0,3,03-3362 6863,Convenience,Conv - 99 Speedmart,Tier 1,2.77
ChIJxUn3lw5PzDERlYY17Sr3W_A,KK Super Mart Ara Damansara (2) ( ARD2),"81, Jalan PJU 1A/42, Permata, Ara Damansara",Petaling Jaya,3.1178971,101.5889397,4.0,1,,Convenience,Conv - KK Mart,Tier 1,2.77
ChIJ7Rwc5EZFzDERRuDbP18uQq0,"KK SUPER MART Shah Alam, Section U20 (SU20)","No. 65-G, Jalan Nautika AU 20/A Section U20, Pusat Komersil TSB Sungai Buloh",Shah Alam,3.2088375,101.5708875,2.0,3,016-220 8352,Convenience,Conv - KK Mart,Tier 1,2.77
ChIJX96oJ7BHzDER2bnaMQK960M,Sunan Mart,"60, Lorong Sungai Mulia 5, Kampung Sungai Mulia",Kuala Lumpur,3.2149274,101.7029664,4.0,1,012-359 9034,Convenience,Conv - Indie mart,Tier 1,2.77
ChIJ1etglx5fzDERoDkotfzk-iM,99 Speedmart 3038 Pusat Niaga Ijok Permai,"No: 28 (Ground Floor Jalan Ijok Permai, 1, Pusat Niaga Ijok Permai",Batang Berjuntai,3.3103949,101.4213645,4.0,1,03-3362 6863,Convenience,Conv - 99 Speedmart,Tier 1,2.77
ChIJS6BSM2JpzDERgBIWYc5HNk4,99 Speedmart 2703 Prima Beruntung,"Perniagaan Jalan Mawar, No: 29 (Ground Floor, Jalan Mawar 2A, Prima Beruntung",Rawang,3.4029419,101.5426994,2.0,3,03-3362 6863,Convenience,Conv - 99 Speedmart,Tier 1,2.77
ChIJs0D3RrBDzDER8bv1gxTu1VU,99 Speedmart 3657 Rawang Perdana 2,"No: 47 & 48 (Ground Floor, Jalan RP 13/2, Taman Rawang Perdana",Rawang,3.3293091,101.5884664,2.0,3,03-3362 6863,Convenience,Conv - 99 Speedmart,Tier 1,2.77
ChIJp0xNVqpPzDERpHZ0SNXM3zM,KK Super Mart Dataran Ara Damansara ( DAD ),"C-G, 19, Jalan PJU 1a/20b, Dataran Ara Damansara",Petaling Jaya,3.1200012,101.5791892,1.2,9,,Convenience,Conv - KK Mart,Tier 1,2.76
ChIJ08BrCfw2zDERXajiZMteui8,Kedai Runcit Kak Cha,Taman Dagang,Ampang,3.146067,101.7591261,2.5,2,,Super/Groceries,Super - Sundry/grocer,Tier 1,2.75
ChIJqziUBQBdzDERtOw-cmoFeQM,Pasar Mini Thong Hing,Batu Arang,"Kuala Lumpur, Petaling Jaya, Shah Alam, Klang, Subang Jaya, Cheras, Ampang, Cyberjaya, Putrajaya, Kajang, 68100 Selayang, Damansara",3.3179094,101.4721419,2.5,2,,Super/Groceries,Super - Independent local,Tier 1,2.75
ChIJ_1yMggBdzDERKJ_Jw_w_tmI,Kedai Soon Lee,0.C.8,Batu Arang,3.310711,101.4734946,2.5,2,,Super/Groceries,Super - Generic kedai,Tier 1,2.75
ChIJo2u3uGJHzDERMJwj9VcI7Xs,Minerva Mini Mart,"Cendral Sdn Bhd, 47G, Jalan SG 3/1, Taman Sri Gombak",Batu Caves,3.2409322,101.7046642,2.5,2,,Super/Groceries,Super - Indie retail,Tier 1,2.75
ChIJ6zIkqiSzzTERJtDW4OlEcY4,360 MINI MART SDN BHD,"The Place, Jalan USJ 25/1A, One City",Subang Jaya,3.0220799,101.5803323,2.5,2,018-777 3360,Convenience,Conv - Mini-mart,Tier 1,2.75
ChIJ_x00YuvdzTERuqN_F2AeM8M,99 Speedmart 3687 (NS) Pusat Komersil Lobak,"No: 1 (Ground Floor, Jalan Pusat Komersil Lobak 1, Pusat Komersil Lobak",Seremban,2.7343878,101.9341544,1.7,3,03-3362 6863,Convenience,Conv - 99 Speedmart,Tier 1,2.36
ChIJFfWOvYjdzTERyuyemH8clf4,99 Speedmart 1643 (NS) Coral Height,"Ground Floor, No: 199, 199, Persiaran Bukit Coral 1, Taman Bukit Coral",Seremban,2.7536211,101.953055,1.7,3,03-3362 6863,Convenience,Conv - 99 Speedmart,Tier 1,2.36
ChIJU1SkimBNzDERWKH--O862uQ,99 Speedmart 1507 Bukit Jelutong 2,"No: 37 & 39, Jalan G U8/G Bukit Jelutong, Seksyen, U 8",Shah Alam,3.109588,101.542351,1.7,3,03-3362 6863,Convenience,Conv - 99 Speedmart,Tier 1,2.36
ChIJycVzHSe5zTERSfq9-fwojWU,"KK Super Mart Sepang, Jasper Square (SJS)","Jasper Square, 12-G, Jalan Sunsuria 1b/2, Bandar Sunsuria",Sepang,2.8390498,101.7004062,1.0,9,,Convenience,Conv - KK Mart,Tier 1,2.3
ChIJRfcx8ACrzTERX2kvTVGOob0,Soon Hin Loon Shopping Centre Sdn Bhd,"316 D&C, Lorong Amara Segera, Pandamaran, Port Klang, 42000, Pelabuhan Klang",Selangor,3.0065245,101.4150291,2.0,2,03-3165 5329,Super/Groceries,Super - Indie retail,Tier 1,2.2
ChIJAQAAnEFHzDERMQor1G8brtk,Pasaraya Jimart Plus Sdn. Bhd.,"2 & 3, GF, Jalan GP 2A, Taman Gombak Permai, Batu Caves, 68100, Batu Caves",Selangor,3.2522323,101.6886838,2.0,2,016-628 9050,Super/Groceries,Super - Indie retail,Tier 1,2.2
ChIJnzc-YXnLzTERMaP2PKPlC9Y,KK Super Mart Bandar Baru Bangi (3) (BBB3),"189, Jalan 8/1, Seksyen 8",Bandar Baru Bangi,2.96274,101.757944,1.0,8,,Convenience,Conv - KK Mart,Tier 1,2.2
ChIJWwNZzDxNzDERZ81TuyxVETM,9 Teen Mart Seksyen 19,"44-66, Jalan Nelayan 19/B, Seksyen 19",Shah Alam,3.0492058,101.5333785,2.0,2,,Convenience,Conv - Indie mart,Tier 1,2.2
ChIJQeDY99tHzDER1ogj6hoXoCM,99 speedmart 1300 Taman Daya,"No: 42 & 44 (Ground Floor Jalan Daya 7 Taman Daya, Kepong",Kuala Lumpur,3.2229881,101.6379235,2.0,2,03-3362 6863,Convenience,Conv - 99 Speedmart,Tier 1,2.2
ChIJm5Ht-JD1zDERy6uf95XMN2k,"KK Super Mart Kuala Selangor, Taman Bendahara ( TBD )","4, Jalan Bendahara 1, Taman Bendahara",Kuala Selangor,3.3221611,101.2662398,2.0,2,,Convenience,Conv - KK Mart,Tier 1,2.2
ChIJa_jqwzjBzTERZIJWYsERcFg,Kedai Runcit Sudirman,"53, Jalan Utama, Kampung Baru Lanjut",Sepang,2.7940459,101.7195791,3.0,1,,Super/Groceries,Super - Sundry/grocer,Tier 1,2.08
ChIJn8liXUvbzTERk07PLlT-6eU,Kedai Mai Sat Dot com(Haida Emerald Empire),"Lot 2877-4, Jalan Semantong ke, Kg Sungai Jai",Lenggeng,2.8692055,101.9008199,3.0,1,,Super/Groceries,Super - Generic kedai,Tier 1,2.08
ChIJewMk9MXnzTERmRj4pJ2Tgxk,Pasar Mini Yong Cheong,"33, Jalan, Taman Mambau Baru",Seremban,2.6697031,101.9162838,3.0,1,,Super/Groceries,Super - Independent local,Tier 1,2.08
ChIJaybN3uTLzTERK5nklYgIbEM,ESPERER Enterprise,"3, Jalan CJ 3/13-2, Taman Cheras Jaya",Cheras,3.0229638,101.7585909,3.0,1,,Super/Groceries,Super - Indie retail,Tier 1,2.08
ChIJCcF4PwCzzTERXWq517fGYAA,KEDAI RUNCIT RABBI,"21, Jalan Teraju 25/67, Taman Sri Muda",Shah Alam,3.0296829,101.5365557,3.0,1,016-271 7920,Super/Groceries,Super - Sundry/grocer,Tier 1,2.08
ChIJSX19OgCzzTERCO3dkCqBIgE,KEDAI RUNCIT RABBI,"50, Jalan Mesra 25/66, Taman Sri Muda",Shah Alam,3.0305148,101.5367758,3.0,1,017-281 4494,Super/Groceries,Super - Sundry/grocer,Tier 1,2.08
ChIJl8RL1m1LzDERsjCvX7zdX1E,A Two Z Value Mart,"7, Jalan TK 5/40, Kinara Industrial Park, KM13, Jalan Puchong, 47100, Puchong",Selangor,3.061306,101.633121,3.0,1,03-8075 5656,Super/Groceries,Super - Indie retail,Tier 1,2.08
ChIJnYKdEAZPzDERF5SkX9GKBGw,E2Umart(SeGi店),"G-12, Cova Square, Jalan Teknologi, Pju 5 Kota Damansara",Petaling Jaya,3.1474439,101.5754342,3.0,1,017-661 6624,Super/Groceries,Super - Indie retail,Tier 1,2.08
ChIJ6fy_VfNFzDERaSwV9IgQtzM,Pasar Mini Ameen Maju,"E-G-2A, Jalan PJU 10/10F, Saujana Damansara, Petaling Jaya, 47830, Petaling Jaya",Selangor,3.1996494,101.5906823,3.0,1,016-754 5097,Super/Groceries,Super - Independent local,Tier 1,2.08
ChIJ6QZgeQBJzDERBB6vonKezZs,MOON WAZOBIA ENTERPRISE AFRICAN SHOP,"Jalan Haji Hussein, Chow Kit",Kuala Lumpur,3.1647617,101.6987633,3.0,1,019-640 4923,Super/Groceries,Super - Indie retail,Tier 1,2.08
ChIJCxX0BmM3zDERW64vlFOM1lI,Niki Mart KLCC,"6-1, Vortex Suites @ KLCC, 12, Jalan Sultan Ismail",Kuala Lumpur,3.1547174,101.7072948,3.0,1,011-3330 9252,Super/Groceries,Super - Indie retail,Tier 1,2.08
ChIJd39k_UNHzDERZGb7JmEpf_4,BTM ZZ TRADING,"8a, Jalan Batu Muda 2, Taman Batu Muda",Batu Caves,3.2261641,101.6852491,3.0,1,016-680 1374,Super/Groceries,Super - Indie retail,Tier 1,2.08
ChIJmYzsWU2LzDER2hRwGXqL9lg,Era Syamril enterprise,Kampung Bukit Belimbing,Kuala Selangor,3.385291,101.2703411,3.0,1,,Hyper,Hyper - Other regional chain,Tier 1,2.08
ChIJk5zBD18bzDERpilyy-8JUZQ,Cendolizious Homemade Cendol,"91, Jalan Orkid 5, Taman Orkid",Bentong,3.4909748,101.9128794,3.0,1,011-1221 9119,Hyper,Hyper - Other regional chain,Tier 1,2.08
ChIJZSMJntTmzTERuSCSdhrqO2k,Mini Mart • Cool Plus Enterprise,"6034, Jalan SJ 5/1, Taman Seremban Jaya",Seremban,2.673814,101.9786955,3.0,1,,Convenience,Conv - Mini-mart,Tier 1,2.08
ChIJbbSxT0OrzTERh7WTYPIJdnE,Mart,"Caltex, Taman Bayu Perdana",Klang,3.0155697,101.4326132,3.0,1,,Convenience,Conv - Indie mart,Tier 1,2.08
ChIJg5AHr7-1zTER-0FvhVABAjw,"KK Super Mart Seri Kembangan, Kampung Baru ( SKK )","Plot 9, Jalan Aman SK 13/15A, Kampung Baru Seri Kembangan",Seri Kembangan,3.0252629,101.6990534,3.0,1,,Convenience,Conv - KK Mart,Tier 1,2.08
ChIJO9OJTnPLzTEROuppbBQwMfQ,"KK Super Mart Balakong, Taman Harmoni Indah ( BHI )","20-G, Jalan Harmoni Indah 1, Taman Harmoni Indah",Balakong,3.0262909,101.7331946,3.0,1,,Convenience,Conv - KK Mart,Tier 1,2.08
ChIJhYqbzhJNzDERcQd-Xs67qFM,Pasar Mini Maria,"20G, Jalan Pahat H 15/H, Seksyen 15",Shah Alam,3.064473,101.525655,3.0,1,,Convenience,Conv - Mini-mart,Tier 1,2.08
ChIJDSVdjS5LzDERdKKtMewwI5I,Kedai Serbaneka Zayyar Store,"31B, Jalan TK 1/11a, Taman Kinrara Seksyen 1",Puchong,3.0636163,101.6480779,3.0,1,,Convenience,Conv - Generic kedai,Tier 1,2.08
ChIJWZLM-uRPzDER0qRM28WosHs,Econsave NZX Ara Jaya - Pasar Ekonomi Mart,"No 1-G, Jalan PJU 1A/41B, Pusat Dagangan NZX",Petaling Jaya,3.1139383,101.5907665,3.0,1,,Convenience,Conv - Indie mart,Tier 1,2.08
ChIJRSCwc4M2zDER-nl8yWe_jbY,Weng Soon Mini Market,"No 51, Jalan Bunga Tanjung 18, Taman Seraya",Ampang,3.115256,101.7614249,3.0,1,014-636 1400,Convenience,Conv - Mini-mart,Tier 1,2.08
ChIJy7oIk7n1zDERrDB793SduUs,99 Speedmart 3880 Taman Laksamana,"No: 27 & 29 (Ground Floor, Jalan 1, Taman Laksamana",Kuala Selangor,3.3281971,101.2636648,3.0,1,03-3362 6863,Convenience,Conv - 99 Speedmart,Tier 1,2.08
ChIJkfiW7wxTzDERBJ-n8OFDL8k,"KK Super Mart Shah Alam, Seksyen 16 (3) (S163)","Lot G-04, Suria Jaya, Jalan Padang Jawa, Seksyen 16",Shah Alam,3.0542798,101.4911192,1.0,6,,Convenience,Conv - KK Mart,Tier 1,1.95
ChIJYX_EpQZRzDERKN15XjGVWII,99 Speedmart 3407 Edusentral,"No: VE-G-02 & VE-G-03 (Ground Floor Jalan Setia Murni U13/51 Setia Alam, Seksyen, U13",Shah Alam,3.1151865,101.453867,1.3,3,03-3362 6863,Convenience,Conv - 99 Speedmart,Tier 1,1.8
ChIJdRoBh4ofzDERRN7tygAYDPo,"KK Super Mart Pahang, Karak, , Karak Avenue ( PKKA )","P2, 1, Jalan Lama Bentong - Karak",Karak,3.4211351,102.0268641,1.3,3,,Convenience,Conv - KK Mart,Tier 1,1.8
ChIJXR2bbY3HzTERU4TFqjdo7uo,"KK Super Mart Nilai, Pekan Nilai ( NPKN )","No.72, Pekan Nilai",Nilai,2.8014565,101.7958042,1.0,5,,Convenience,Conv - KK Mart,Tier 1,1.79
ChIJCYlYeJO1zTERDRvCq-doGWk,KK Super Mart • Residence Le Pavilion • RLP,"C-G-17, Le-Pavilion, Jalan Puteri 7/13, Bandar Puteri",Puchong,3.0218419,101.6243183,1.0,5,,Convenience,Conv - KK Mart,Tier 1,1.79
ChIJKfFKwjlPzDERT5WafbaoQ8M,"KK Super Mart Shah Alam, Seksyen U5 (6) ( SU56 )","9-G, Jalan Matahari Aa U5/Aa, Seksyen U5 ( Panasuria",Shah Alam,3.1664658,101.5417278,1.0,5,,Convenience,Conv - KK Mart,Tier 1,1.79
ChIJDZU0DV7dzTERPE1NYTIf0DQ,Sri Sakthi Viji Enterprise,"No. 38, Jalan Seruling Jaya 2, Taman Seruling Jaya",Seremban,2.7221265,101.9101663,1.5,2,016-263 4969,Super/Groceries,Super - Indie retail,Tier 1,1.65
ChIJdQ8JCabPzTERqCz34_UFr04,"KK Super Mart Semenyih, Ecohill( SSE )","No.32A-1 Ground Floor, Jalan Ecohill 1/5A, Setia Ecohill",Semenyih,2.926297,101.8553514,1.0,4,,Convenience,Conv - KK Mart,Tier 1,1.61
ChIJH3AY6LBTzDERTjSva8Crr1I,99 Speedmart 3596 Huni Square,"No: D-G-3, D-G-3A & D-G-5 (Ground Floor, Eco Ardence Huni Square, 8, Persiaran Setia Damai, Seksyen U13",Shah Alam,3.0951558,101.4759845,1.0,4,03-3362 6863,Convenience,Conv - 99 Speedmart,Tier 1,1.61
ChIJeXWMQYVIzDERRHQSRLaElAI,Jom KE 3m Mini Market Meraya Scenaria Condominium,"Jalan 6/38a, Taman Sri Sinar",Kuala Lumpur,3.1824564,101.6512301,1.0,4,03-6263 2766,Convenience,Conv - Mini-mart,Tier 1,1.61
ChIJ_XYW6VhTzDER2fveQApAI6U,JGD Mini Market,"No. 345, Lot 738, Jalan Sungai Rasa, Klang, 41300, Klang",Selangor,3.049623,101.435818,2.0,1,016-607 5275,Super/Groceries,Super - Independent local,Tier 1,1.39
ChIJKWquiIxKzDEROzuWZ4dNazg,Natural Supermarket Sdn Bhd,"36, Ground Floor, Jalan 1/149D, Bandar Baru Sri Petaling",Kuala Lumpur,3.0673379,101.6865764,2.0,1,03-9059 4403,Super/Groceries,Super - Independent local,Tier 1,1.39
ChIJU5Demh9LzDERew3OdyOmpdA,Kedai Runcit Nenek,"2-0-11, ppr seri alam",Kuala Lumpur,3.1250832,101.7070776,2.0,1,019-321 7208,Super/Groceries,Super - Sundry/grocer,Tier 1,1.39
ChIJa9diEHRHzDERzbALb-Pe3ww,Al-Esfan Mart,"140, Jalan Sbc 3, Kawasan Industri Batu Caves",Batu Caves,3.234697,101.6886481,2.0,1,03-6187 2650,Super/Groceries,Super - Indie retail,Tier 1,1.39
ChIJDz8VXC_nzTER-B8pqGOXnhI,Jasmine Food Corporation Sdn. Bhd.,"No. 2538, Jalan SJ 2/1, Taman Seremban Jaya",Seremban,2.682448,101.9727287,2.0,1,06-679 2663,Hyper,Hyper - Other regional chain,Tier 1,1.39
ChIJJYj8r6y_zTER4lzeuqEb-vA,KK Super Mart Suria Industrial Park ( SIP ),"No.3G, Jalan SIP, Suria Industrial Park",Sepang,2.7985569,101.6831183,1.0,3,,Convenience,Conv - KK Mart,Tier 1,1.39
ChIJzfUv1ojHzTERDkZs_ZTa89M,"KK Super Mart Nilai, Melati Square Putra Nilai ( NMSP)","46, Jalan Melati Square, Melati Square Putra Nilai",Nilai,2.812831,101.761818,2.0,1,,Convenience,Conv - KK Mart,Tier 1,1.39
ChIJu6-nZD_JzTERF7iQNBwwZSQ,Pasaraya SMart,"B-G-19, Blok B, Jalan Gerbang Wawasan 1, Bangi Gateway, Seksyen 15",Bandar Baru Bangi,2.9321433,101.7656301,2.0,1,03-8912 9818,Convenience,Conv - Indie mart,Tier 1,1.39
ChIJ_WkoPACtzTERM8cfWv517RU,99 Speedmart 3578 Bandar Puteri 2,"No: 2 (Ground Floor, Lorong Pending 4a, Bandar Puteri",Klang,2.9939826,101.4683559,1.0,3,03-3362 6863,Convenience,Conv - 99 Speedmart,Tier 1,1.39
ChIJC1MjPABRzDER8Bo6S30e_kw,99 Speedmart 3555 Setia Alam 7,"Precint 15, Setia Alam, No: 43 (Ground Floor, Jalan Setia Gemilang BG U13/BG, Seksyen U13",Shah Alam,3.1282473,101.4681791,1.0,3,03-3362 6863,Convenience,Conv - 99 Speedmart,Tier 1,1.39
ChIJSTHLQaE3zDERvH5KwWHd_W0,"KK Super Mart Ampang, Pusat Dagangan Syadani ( ADS)","No.5G, Pusat Dagangan Syadani, Jalan PDS 1 Kuala Lumpur MY, Off, Jalan AU3/1",Ampang,3.1823897,101.7577077,2.0,1,,Convenience,Conv - KK Mart,Tier 1,1.39
ChIJhaz4InddzDERqrkQupj5EtM,"KK Super Mart Rawang, M Residensi (RMR)","Taman M Residensi, 39G, Jalan MR 1/4",Rawang,3.3198067,101.5098352,1.0,3,,Convenience,Conv - KK Mart,Tier 1,1.39
ChIJc2RPDeRzzDERF_DaMJ6U0hc,KK Super Mart Kuala Kubu Baharu (KKB),"8, Jalan Dato Muda Jaafar",Kuala Kubu Baru,3.5638,101.6588553,1.0,3,,Convenience,Conv - KK Mart,Tier 1,1.39
ChIJmwogtkizzTER3RzGnk74Xpk,PASAR MINI KIFARAH PUTRA HEIGHTS,"NO 1 &3, 9/1A, Persiaran Putra Indah, Seksyen 9 Putra Heights",Subang Jaya,2.996909,101.5708502,1.0,2,017-352 5568,Super/Groceries,Super - Independent local,Tier 1,1.1
ChIJ0XmNdF-3zTERd9po2YLke4I,"KK Super Mart Banting, Bandar Mahkota Banting ( BBM )","No.1-G-11, Jalan Usahawan 2, Bandar Mahkota Banting",Banting,2.8320689,101.5530964,1.0,2,,Convenience,Conv - KK Mart,Tier 1,1.1
ChIJsVoy7p-tzTER_cfhnkkb_qM,"KK Super Mart Klang, Jalan Kebun Nenas( KKN )","83-G, Jalan Kebun Nenas 7A/KS8, Bandar Putera 2",Klang,2.9593043,101.5183123,1.0,2,,Convenience,Conv - KK Mart,Tier 1,1.1
ChIJ0UVZ1Mq1zTERwnMBYfe4fm4,KK Super Mart Residensi Suria ( RSR ),"A-01-03, Residensi Suria, Jalan Puchong Utama 2, Taman Puchong Utama",Puchong,2.9959528,101.6186129,1.0,2,,Convenience,Conv - KK Mart,Tier 1,1.1
ChIJYaj2W8pVzDERvApeVCJDSOM,KK Super Mart Klang Utama ( KUT ),"8G, Lorong Sungai Puloh 13a, Taman Klang Utama",Klang,3.0786954,101.4204416,1.0,2,,Convenience,Conv - KK Mart,Tier 1,1.1
ChIJB4MgNe1LzDERwL0rUJQsIBM,Kinrara Mini Market,"66a, Jalan TK 1/1, Taman Kinrara",Puchong,3.0669037,101.6501068,1.0,2,,Convenience,Conv - Mini-mart,Tier 1,1.1
ChIJn7pv5RE1zDERbN1ZjBffovo,KK Super Mart Residensi Majestic Maxim (RMM),"S-LG-03A, Residensi Majestic Maxim, 45, Jalan 9, Taman Bukit Cheras",Kuala Lumpur,3.0765884,101.7422802,1.0,2,,Convenience,Conv - KK Mart,Tier 1,1.1
ChIJcwd4BCBVzDERSsakQlaQmEw,"KK Super Mart Klang, Aman Perdana ( KAM)","No.65 Ground Floor, Jalan Aman Perdana 10C/KU5, Taman Aman Perdana",Klang,3.0933228,101.4091569,1.0,2,,Convenience,Conv - KK Mart,Tier 1,1.1
ChIJd64r9MFPzDEREYOIrkxXHJ8,99 Speedmart 3068 Bandar Pinggiran Subang 3,"No: 30 (Ground Floor, Jalan Pluto Ay U5/Ay, Bandar Pinggiran Subang",Shah Alam,3.1621061,101.5364362,1.0,2,03-3362 6863,Convenience,Conv - 99 Speedmart,Tier 1,1.1
ChIJl5h_oLZHzDERsCkSj5hTr6w,88 World Mart,"A-G-13, Fortune Avenue, Jalan Metro Perdana 1, Taman Usahawan Kepong",Kuala Lumpur,3.2178761,101.6441332,1.0,2,03-6179 5100,Convenience,Conv - Indie mart,Tier 1,1.1
ChIJdetcrVNHzDERfzxN3BlASQg,"KK Super Mart Batu Caves, Taman Sunway (BTS)","No. 33G, Jalan SM2, Taman Sunway Batu Caves",Batu Caves,3.2364691,101.691178,1.0,2,,Convenience,Conv - KK Mart,Tier 1,1.1
ChIJ1fY6-NdHzDERSuuR8kbErSg,"KK SUPER MART Batu Caves, Taman Pinggiran(BCP)","No.26, Jalan Pinggiran 2/2, Taman Pinggiran",Batu Caves,3.2553521,101.6942714,1.0,2,,Convenience,Conv - KK Mart,Tier 1,1.1
ChIJB_CWPYRDzDERk8B8QO8xGqU,99 Speedmart 3672 Taman Bukit Rawang Putra,"No: 46 & 47 (Ground Floor, Taman, Jalan BRP 5, Bukit Rawang Putra",Rawang,3.3223056,101.5821247,1.0,2,03-3362 6863,Convenience,Conv - 99 Speedmart,Tier 1,1.1
ChIJ6eu84ZvKzTERrozZC_tha9E,Pasar Mini Star Mart,"29G, Jalan 18/34, Taman Sri Serdang",Seri Kembangan,3.00868,101.713306,1.0,1,03-8948 8092,Super/Groceries,Super - Independent local,Tier 1,0.69
ChIJRTk05qK1zTERzl0HEZdQRaQ,SuperM Wholesales Mart Seri Kembangan,"F-1-G, Block F, Putra walk, Jalan PP 25, Taman Pinggiran Putra",Seri Kembangan,2.9916551,101.6747576,1.0,1,012-249 0013,Super/Groceries,Super - Indie retail,Tier 1,0.69
ChIJR5tBO1o0zDER50Y4XrNSQWg,E One Mart,"8, Jalan Orkid 2, Taman Orkid",Cheras,3.077587,101.7657292,1.0,1,03-9080 7550,Super/Groceries,Super - Indie retail,Tier 1,0.69
ChIJU7XaSn5JzDERJAgsAbU2r6Q,Jiran Jiran Mart,"LOT 350, 38 BANGSAR RESIDENSI (COMMERCIAL, BANGSAR RESIDENSI, 38, Jalan Bangsar, Bangsar",Kuala Lumpur,3.1285552,101.6795633,1.0,1,017-500 2976,Super/Groceries,Super - Indie retail,Tier 1,0.69
ChIJj5bUhyU4zDERYpZTxQVk_gs,Perniagaan Insaf Maju Sdn. Bhd.,"No. 3-2, Jalan Wangsa Delima 10, D'Wangsa, Kuala Lumpur",Wangsa Maju,3.197121,101.740823,1.0,1,019-283 0754,Super/Groceries,Super - Indie retail,Tier 1,0.69
ChIJO4Ff_e4VzDER745z4i1-m3I,多多家中国超市 DODO MINI MARKET,"B-G-07, JLN PERMAI, GENTING PERMAI AVENUA, GENTING HIGHLAND, 6900 BENTONG, PAHANG SHOP",BENTONG,3.3864179,101.7744124,1.0,1,016-347 5939,Super/Groceries,Super - Independent local,Tier 1,0.69
ChIJVVVVVVVlzDER-HGPrWNjT4Q,AMZ Mini Market,Selangor,"Kuala Lumpur, Petaling Jaya, Shah Alam, Klang, Subang Jaya, Cheras, Ampang, Cyberjaya, Putrajaya, Kajang, 68100 Selayang, Damansara",3.509247,101.5248055,1.0,1,03-6185 8604,Super/Groceries,Super - Independent local,Tier 1,0.69
ChIJa-4UQVrBzTERVLuOQArWZlg,"KK Super Mart Sepang, Southern Common Amenities Faclities ( SSC )","Unit No.2, Lot C1, Ground Floor, Block 1, Southern Common Amenities Faclities, Jalan Klia S3, Kuala Lumpur International Airport",KLIA,2.7339129,101.7215374,1.0,1,,Convenience,Conv - KK Mart,Tier 1,0.69
ChIJCcSklN3JzTERAZ66PHb29OI,"KK Super Mart Seremban, Pusat Perniagaan Merak ( SPPM )","No.16G, Jalan Pusat PerNiagaan Merak, Pusat Perniagaan Merak",Seremban,2.6789804,101.9267807,1.0,1,,Convenience,Conv - KK Mart,Tier 1,0.69
ChIJv6pWpIHnzTERKwlodeFDZvc,99 Speedmart 3423 (NS) Taman Bukit Chedang 2,"No: 405 (Ground Floor, Lorong Kenanga 2, Taman Bukit Chedang",Seremban,2.6956437,101.9297023,1.0,1,03-3362 6863,Convenience,Conv - 99 Speedmart,Tier 1,0.69
ChIJ3fD4brDnzTERWy0EhmstSkI,"KK Super Mart Seremban, Rasah Prima ( SRPM )","9G, Jalan Rasah Prima 1, Pusat komersial Rasah Prima",Seremban,2.6892321,101.9344067,1.0,1,,Convenience,Conv - KK Mart,Tier 1,0.69
ChIJmZ9rAdDhzTERfIad-hvA8mM,99 Speedmart 3904 (NS) Senawang Jaya 2,"No: 328 & 329 (Ground Floor, Jalan Berlian, Taman Senawang Jaya",Seremban,2.6915467,101.9839256,1.0,1,03-3362 6863,Convenience,Conv - 99 Speedmart,Tier 1,0.69
ChIJk0b8GxzdzTERK1MkSkgmflw,99 Speedmart 3378 (NS) Kemayan Square,"No: 122 & 123 (Ground Floor, Jalan Toman 6, Kemayan Square",Seremban,2.7181856,101.9238966,1.0,1,03-3362 6863,Convenience,Conv - 99 Speedmart,Tier 1,0.69
ChIJ3-ftYAHJzTERDyeAiQAP790,"KK Super Mart Dengkil, Savanna Lifestyle Retail ( DSL )","No.B-G, Savanna Lifestyle Retail, 25, Jalan BBLS 2, Bandar Baru Lembah Selatan",Dengkil,2.903256,101.7641797,1.0,1,,Convenience,Conv - KK Mart,Tier 1,0.69
ChIJa3nG6LHIzTERq0-mtLnmIP0,Mini Market Ilah Daya,"No. 10, Jalan Seri Putra 1/5, Bandar Seri Putra, Bangi, Selangor",Kajang,2.8859141,101.7904919,1.0,1,010-522 9967,Convenience,Conv - Mini-mart,Tier 1,0.69
ChIJqZsu-3_OzTERB-kB6gwET3o,Kedai Ubat Toon Choon Thong,"119, Jalan Besar Kampung Baru, Kampung Baru Semenyih",Semenyih,2.9528435,101.8439241,1.0,1,,Convenience,Conv - Generic kedai,Tier 1,0.69
ChIJA48Y3nPNzTER8KMYa02BRSk,"KK Super Mart Semenyih, Vista Valley ( SVV )","10, Jalan Vista Valley 1, Taman Vista Valley",Semenyih,2.9585646,101.8397757,1.0,1,,Convenience,Conv - KK Mart,Tier 1,0.69
ChIJe0gGESfNzTERT_jz0qXbX1g,99 Speedmart 3807 Kawasan Perindustrian Sri Haneco,"No: 39 & 41 (Ground Floor, Jalan Sri Haneco 1/2, Kawasan Perindustrian Sri Haneco",Semenyih,2.9734845,101.8659001,1.0,1,03-3362 6863,Convenience,Conv - 99 Speedmart,Tier 1,0.69
ChIJTShE53zNzTERkLeERVSrBYs,"KK Super Mart Semenyih, Jalan Kiara ( SJK )","10-G, Jalan Kiara 1, Kawasan Perniagaan Kiara",Semenyih,2.9627095,101.837379,1.0,1,,Convenience,Conv - KK Mart,Tier 1,0.69
ChIJISvEQ5etzTERauPedadwt4g,Niru mini market,"1, Jalan Bendahara 37A, Taman Sentosa Perdana",Shah Alam,3.0095963,101.4833709,1.0,1,,Convenience,Conv - Mini-mart,Tier 1,0.69
ChIJzwIBJbmtzTERTAfa2tPJCAk,99 Speedmart 3771 Sentosa 4,"No: 27 & 29 (Ground Floor, Jalan Hulubalang 26, Taman Sentosa",Klang,3.0020019,101.4703736,1.0,1,03-3362 6863,Convenience,Conv - 99 Speedmart,Tier 1,0.69
ChIJf4N6C_GtzTERp7Zx0Wg9Xts,PVR mini market,"29, Jalan Dato Dagang 23, Taman Sentosa",Klang,2.9983801,101.4709634,1.0,1,,Convenience,Conv - Mini-mart,Tier 1,0.69
ChIJCZioiU-tzTERA6-ci3g0V1Y,"KK Super Mart Klang, Bandar Puteri ( KPT )","21, Lorong Sanggul 1a, Bandar Puteri",Klang,2.9882976,101.4671457,1.0,1,,Convenience,Conv - KK Mart,Tier 1,0.69
ChIJ8dw25p-yzTERyDPv4b33NHQ,Ezymart Enterprise,"No. 17, Lot 1247, Batu 7 1/2, Jalan Bukit Kemuning, Seksyen 34",Shah Alam,3.0147099,101.5254167,1.0,1,010-266 6842,Convenience,Conv - Indie mart,Tier 1,0.69
ChIJO9QWbtyzzTERfXv3AP0Ldv8,Kedai runcit,Kampung Tengah,Puchong,3.0108002,101.5865664,1.0,1,,Convenience,Conv - Kedai runcit,Tier 1,0.69
ChIJHSS3SGNTzDERsLO8WhGWz1Q,果然便利 ChinaMart,"3, Jalan Setia Prima Q U13/Q, Setia Alam",Shah Alam,3.1000951,101.4441254,1.0,1,013-359 0530,Convenience,Conv - Indie mart,Tier 1,0.69
ChIJz64_495RzDERjswANkh3NLY,99 Speedmart 3673 Seria 88,"No: 38 (Ground Floor, Seksyen U13, Jalan Setia Perdana BF U13/BF",Shah Alam,3.1240869,101.4696538,1.0,1,03-3362 6863,Convenience,Conv - 99 Speedmart,Tier 1,0.69
ChIJ0yjOvq1NzDEREa0Zu_twDXM,Sawaddimart Bukit Jelutong,"43, Jalan Opera K U2/K",Shah Alam,3.1031156,101.5580919,1.0,1,011-1076 4827,Convenience,Conv - Indie mart,Tier 1,0.69
ChIJ21nyoVhRzDERRuyppsHuiWo,"KK Super Mart Shah Alam, Taman Budiman ( SBD )","57G, Jalan Pulau Lumut P U10/P, Taman Alam Budiman",Shah Alam,3.14413,101.482248,1.0,1,,Convenience,Conv - KK Mart,Tier 1,0.69
ChIJ3V8SN0NNzDER9P21q2fk7qE,BilaBila Mart - Dana 13,"Commercial Centre, Level G.1, Menara Dana 13, Dana 1, Jalan PJU 1a/46",Petaling Jaya,3.111132,101.5824716,1.0,1,,Convenience,Conv - BilaBila Mart,Tier 1,0.69
ChIJIRVfeME3zDERiin1LarJ-aE,KK Super Mart Ampang Jaya ( AJY ),"10, 1, Jalan Kolam Air Lama, Ampang Jaya",Ampang,3.1609233,101.7588049,1.0,1,,Convenience,Conv - KK Mart,Tier 1,0.69
ChIJy-GZnqhZzDERUXLMYlzJtLc,KK Super Mart Bandar Puncak Alam (2) ( BPA2 ),"4, No.13-1 Ground Floor, Seksyen 15, Jalan Dataran Suria 15/8",Puncak Alam,3.2348697,101.4111704,1.0,1,,Convenience,Conv - KK Mart,Tier 1,0.69
ChIJd9eB0cdDzDERG4_R3xSVdhc,"KK Super Mart Rawang, Taman Tun Teja (RTT)","7, Jalan Tun Teja 1, Taman Tun Teja",Rawang,3.298883,101.5903821,1.0,1,,Convenience,Conv - KK Mart,Tier 1,0.69
ChIJ08BetphDzDERyWxWSH1pMF8,"KK Super Mart Rawang, Setia Eco templer ( RSE )","No.13, Jalan 3, 1, Persiaran Setia Eco Templer",Rawang,3.2884038,101.63837,1.0,1,,Convenience,Conv - KK Mart,Tier 1,0.69
ChIJgxaAM4FfzDEREJlZSVDWp4M,Econsave Ijok 2 - Pasar Ekonomi Mart,"No. 307A & 307B (Ground Floor, Kg Baru Ijok",Kuala Selangor,3.316508,101.4164529,1.0,1,,Convenience,Conv - Indie mart,Tier 1,0.69
ChIJZ8jPdaVrzDERVx2AR-NYh_4,KK Super Mart Serendah ( SRD ),"Perniagaan 19, Jalan Gapi 1a/3, Antara Gapi",Serendah,3.4236171,101.6276445,1.0,1,,Convenience,Conv - KK Mart,Tier 1,0.69
ChIJUe1s5MbnzTERRkSAYxPftBU,ANTARRA GROUP SDN BHD,"No. 5-G, Jalan Tiara Sendayan Biz 1, Tiara Sendayan",Seremban,2.7008122,101.8185143,0.0,0,,Super/Groceries,Super - Indie retail,Tier 1,0.0
ChIJbVMKwSSVaUkRVBcjSs_4J5w,RR SUPERMART,"No 4-G, Jalan Tiara Sendayan Biz 1 Pusat Komersial Tiara Sendayan",Seremban,2.701678,101.8181245,0.0,0,,Super/Groceries,Super - Independent local,Tier 1,0.0
ChIJDd9mCTPhzTERQFowVYl3UcM,Hamizan Maju Enterprise TTJ,"23, Jalan TTJS 3/3, Taman Tuanku Jaafar",Seremban,2.6703469,101.9979177,0.0,0,,Super/Groceries,Super - Indie retail,Tier 1,0.0
ChIJD5YQeXbdzTERkY-rkBSMD9w,Pasar Mini King Seng,Malaysia,"Kuala Lumpur, Petaling Jaya, Shah Alam, Klang, Subang Jaya, Cheras, Ampang, Cyberjaya, Putrajaya, Kajang, 68100 Selayang, Damansara",2.7325094,101.9325329,0.0,0,,Super/Groceries,Super - Independent local,Tier 1,0.0
ChIJN0ayGE65zTER0LJXTDZNFes,Kedai runcit simpang 4,"NO 1669, LOT 1, JALAN SEMPADAN",Banting,2.8103604,101.6554573,0.0,0,013-600 4557,Super/Groceries,Super - Sundry/grocer,Tier 1,0.0
ChIJk_7rzszAzTERpxnLXX62LqE,AQHIY FRESH MART CORNER,"58, Jalan Haji Kaspan, Kampung Giching",Sepang,2.7976547,101.7371894,0.0,0,013-692 5050,Super/Groceries,Super - Indie retail,Tier 1,0.0
ChIJU-5pZ367zTERgIn7jjod4_M,TULIP BRIGHT SDN BHD,"Jalan Permata Kiri, Kampung Bukit Changgang",Banting,2.8372926,101.6099383,0.0,0,014-947 1682,Super/Groceries,Super - Indie retail,Tier 1,0.0
ChIJ3fYAIADHzTERRLhSCs2lM_E,XMUM East Gate Supermarket,Xiamen University Malaysia,Sepang,2.83239,101.7073944,0.0,0,,Super/Groceries,Super - Independent local,Tier 1,0.0
ChIJHyA6KQDFzTERY9J8lC6mZLw,RAI IMRAN MART,"21, jalan P/AM4 Lot 29455 Taman Desaria, Taman Desaria",Nilai,2.864677,101.7960941,0.0,0,017-667 0955,Super/Groceries,Super - Indie retail,Tier 1,0.0
ChIJRcQ751WvzTERM9u2LNtmf-I,Shaddin Enterprise,"30, Jalan Utama 57 Telok Panglima Garang",Selangor,2.9131455,101.4753017,0.0,0,,Super/Groceries,Super - Indie retail,Tier 1,0.0
ChIJgeAVLBmvzTER3afDA2toEt4,Pasar Mini Packialetchumy,"Lot 211, Jalan Bandar Lama",Telok Panglima Garang,2.8958962,101.4633998,0.0,0,019-760 6311,Super/Groceries,Super - Independent local,Tier 1,0.0
ChIJtUdQvdCvzTERaQ_L9zYBgI4,Speed mart Cash and Carry,"No. 19-G, Jalan Aman Sinaria7, Bandar Tropicana Aman Bandar Tropicana Aman",Tropicana,2.9229098,101.4799019,0.0,0,,Super/Groceries,Super - Indie retail,Tier 1,0.0
ChIJj8E_Pni3zTERa-xdd_TyW68,WinforeMart Cyberjaya 万家福中国超市,"No. 2, 1st Floor, Block 3545, Prima 11, Jalan Teknokrat 6",Cyberjaya,2.9141366,101.6551743,0.0,0,,Super/Groceries,Super - Indie retail,Tier 1,0.0
ChIJaVWkWQDnzTERgpgzASl0mrQ,KEDAI RUNCIT SAYEDAMINAH ENTERPRISE,"no 128, 26g, Jalan S2 B5, Seremban 2",Seremban,2.6926233,101.9129922,0.0,0,014-300 1659,Super/Groceries,Super - Sundry/grocer,Tier 1,0.0
ChIJr3kUKOfnzTER2c_GBAr6ry4,1st GRID MINI MART,"No 42, Jalan Pekan Mambau Mambau",Seremban,2.6664596,101.9181999,0.0,0,018-254 8424,Super/Groceries,Super - Indie retail,Tier 1,0.0
ChIJXz8nX7axzTER5UZcAPGBZ0s,PEMBORONG PASAR MINI RAHIM,"14-G, Jalan SP 1/2, Bandar Saujana Putra",Jenjarom,2.9525883,101.5773035,0.0,0,01612-456229,Super/Groceries,Super - Independent local,Tier 1,0.0
ChIJm9hWIADJzTERS_6ZHfncmwc,HOCK MEI TRADING SDN.BHD (BANGI),"Jalan P/9b, 13, Seksyen",Bandar Baru Bangi,2.9537683,101.7537691,0.0,0,,Super/Groceries,Super - Indie retail,Tier 1,0.0
ChIJx--iN4rLzTERCjRqhh9evok,Double Horse Mini Market,"19-G, Jalan TSK 4, Taman Kajang Sentral, Kajang, 43000, Kajang",Selangor,2.975053,101.7944013,0.0,0,03-8737 1686,Super/Groceries,Super - Independent local,Tier 1,0.0
ChIJR_lN77u1zTERnAQkMe0mnyE,MALMART SAUJANA PUCHONG,"18, Jalan SP 3/5, Taman Saujana Puchong",Puchong,2.9897123,101.6382054,0.0,0,012-328 5595,Super/Groceries,Super - Indie retail,Tier 1,0.0
ChIJOWmEzWa0zTERK3uPD-Szsto,Pasar Mini Ashikin,"12, Jalan Mutiara 1/1, Taman Mutiara Indah",Puchong,2.989827,101.6349474,0.0,0,016-929 8075,Super/Groceries,Super - Independent local,Tier 1,0.0
ChIJL4atTn3OzTERe_Se71Oc3kI,LANGKAH MURNI FRESH MART,"8, Jalan Semenyih Sentral 2, Taman Semenyih Sentral",Semenyih,2.9443547,101.8445301,0.0,0,,Super/Groceries,Super - Indie retail,Tier 1,0.0
ChIJAb9OaQDNzTERsWRoJkFttgY,Sky Daily Mart,Kiara plaza,Semenyih,2.9627325,101.8362776,0.0,0,03-8723 3336,Super/Groceries,Super - Indie retail,Tier 1,0.0
ChIJLT12AwDLzTER8dwVWlYF9Mg,KYM MART,"17, Jalan Karunmas 10, Taman Desa Karunmas",Seri Kembangan,3.0044467,101.7575696,0.0,0,012-614 8498,Super/Groceries,Super - Indie retail,Tier 1,0.0
ChIJJ5ZXNQDLzTERGt_7mCzApNk,A5 ENTERPRISE,"1, Jalan Ba/10, Bukit Angkat",Kajang,3.0055754,101.7638817,0.0,0,,Super/Groceries,Super - Indie retail,Tier 1,0.0
ChIJNborKADLzTERDiahemjE0Dk,PASAR MINI DAHLIA ENTERPRISE,"1, Jalan Taming 6, Taman Taming Jaya",Seri Kembangan,3.0233143,101.7371725,0.0,0,012-265 2423,Super/Groceries,Super - Independent local,Tier 1,0.0
ChIJ5_WTW_qzzTERObb4fPNoJno,Winmart,"8-G, 8-G, Jalan Anggerik Vanilla Ad 31/Ad, Kota Kemuning",Shah Alam,3.0055578,101.53525,0.0,0,016-289 6921,Super/Groceries,Super - Indie retail,Tier 1,0.0
ChIJnamXgUKtzTERDmyIdcnq1xc,MARINA MINI MART,"NO. 2, DE LOT 1298, BATU 7, Jalan Bukit Kemuning, Seksyen 34",Shah Alam,3.0125902,101.5207557,0.0,0,,Super/Groceries,Super - Indie retail,Tier 1,0.0
ChIJx0Cfy-mtzTER6rZRmQ48tsM,Lone star ventures sdn bhd,"No 1 jalan 5, off, Jalan Bukit Rimau, Bukit Rimau",Shah Alam,2.9988654,101.5186242,0.0,0,03-5525 8213,Super/Groceries,Super - Indie retail,Tier 1,0.0
ChIJJ-pR2v-zzTERpXabCWUNNJs,You & Me Trading,"12 JALAN ANGGERIK ARANDA D31/D, Kota Kemuning",Shah Alam,2.9907452,101.5474636,0.0,0,03-5525 8595,Super/Groceries,Super - Indie retail,Tier 1,0.0
ChIJ5QasBq6yzTERd5tGe_bf3-s,Sinar Berjaya Mart,"29, Jalan Mewah 25/63, Seksyen 25, Taman Seri Muda, Shah Alam, 40400, Shah Alam",Selangor,3.0308043,101.5355653,0.0,0,013-679 4481,Super/Groceries,Super - Indie retail,Tier 1,0.0
ChIJl14nBP2zzTERBG6lKmSxmQY,Pasar Mini Syaz Bumi SDN BHD,"23, Jalan Damai 25/60, Taman Sri Muda",Shah Alam,3.031738,101.537643,0.0,0,014-318 8644,Super/Groceries,Super - Independent local,Tier 1,0.0
ChIJVb65JjCzzTERKSgoWGdwzyM,Pasaraya Grocery,"No. 93 & 95, Jalan USJ 21/10",Subang Jaya,3.0265159,101.5819717,0.0,0,012-670 6828,Super/Groceries,Super - Sundry/grocer,Tier 1,0.0
ChIJyVIqEACzzTERZ6lj8nGzSSM,Kedai Runcit Ss,"Blok D, Rumah Pangsa, D.e, Bandar Bukit Puchong",Puchong,2.9860522,101.5949187,0.0,0,,Super/Groceries,Super - Sundry/grocer,Tier 1,0.0
ChIJSafqsnizzTERaYeN4tA_Uxc,SBM & Brothers Trading,"No. 61, Jalan Utama 2/7, Taman Perindustrian Maju Jaya, 47100, Puchong",Selangor,2.9958764,101.6099909,0.0,0,03-8060 8669,Super/Groceries,Super - Indie retail,Tier 1,0.0
ChIJtwooPFK0zTERsy4B2Dxup-Y,Waltech Consultants Sdn Bhd (Waltech Supermart),"E-1-G, Putra Walk, Jalan PP 25, Taman Pinggiran Putra",Seri Kembangan,2.9913387,101.6753961,0.0,0,03-8957 8644,Super/Groceries,Super - Independent local,Tier 1,0.0
ChIJYaeip9rLzTERijrEcKKNzXg,Kedai Runcit Azliza,"2, Jalan 7/1, Serdang Jaya",Seri Kembangan,3.0220468,101.7109748,0.0,0,,Super/Groceries,Super - Sundry/grocer,Tier 1,0.0
ChIJ8bNsIwCrzTERwidxCKAFJ4U,QCP GROCER (KLANG) SDN. BHD. (PANDAMARAN),"170-A, Jalan Chan Ah Choo, Pandamaran",Pelabuhan Klang,3.009209,101.4171114,0.0,0,018-387 2242,Super/Groceries,Super - Sundry/grocer,Tier 1,0.0
ChIJiSIVV5yszTERBpTTR9gI804,Kedai Runcit Haikal Jaya,"2A-00-1, Jalan Batu Nilam 1d, Bandar Bukit Tinggi 1",Klang,3.009617,101.4374542,0.0,0,012-679 0649,Super/Groceries,Super - Sundry/grocer,Tier 1,0.0
ChIJhelQN5yszTERM-0r5BivQ3w,Ira Maju Enterprise,"28-01, Jalan Batu Nilam 1C, Bandar Bukit Tinggi, 42100, Klang",Selangor,3.0102645,101.4381468,0.0,0,012-679 0649,Super/Groceries,Super - Indie retail,Tier 1,0.0
ChIJi7aSh5iszTERm7M61nCPMzg,Pasar Mini Srimas,"28, Jalan Sri Sarawak 19, Taman Sri Andalas",Klang,3.0160891,101.4422839,0.0,0,016-340 9989,Super/Groceries,Super - Independent local,Tier 1,0.0
ChIJ-47CHVZSzDER7mW3xdGpr2A,Pasar Mini H-2 Sdn. Bhd.,"11, Jalan Kristal K7/K, Off Jalan Bestari, Seksyen 7, Shah Alam, 40000, Shah Alam",Selangor,3.073337,101.485337,0.0,0,03-5512 3710,Super/Groceries,Super - Independent local,Tier 1,0.0
ChIJE08t18CszTERPLtgRXS1rb4,Kedai Runcit Gemaran Ramai,"227, Jalan 1, Kawasan 2, Taman Sri Andalas, Klang, 41200, Klang",Selangor,3.037739,101.47001,0.0,0,03-3323 1581,Super/Groceries,Super - Sundry/grocer,Tier 1,0.0
ChIJh_zy9rZVzDERMPVnKkv9dMk,88 Family Pro Mart SDN BHD,"Unnamed Road, Batu 4",Klang,3.07035,101.4177479,0.0,0,,Super/Groceries,Super - Indie retail,Tier 1,0.0
ChIJfREkRUZVzDER_assS71Bs7A,QCP GROCER (KLANG) SDN. BHD. (TELUK PULAI),"22 & 22A, JALAN SERAMPANG 1, Jalan Teluk Pulai, TELUK PULAI",Klang,3.0412258,101.4266425,0.0,0,018-963 8387,Super/Groceries,Super - Sundry/grocer,Tier 1,0.0
ChIJ16T8B6pUzDERM30bIu8DRrM,Kedai Runcit Harapan Bonda,"Lot 4198-C, Simpang Empat, Sungai Uneang, Telok Pulai, Klang, 41100, Klang",Selangor,3.0406585,101.4338862,0.0,0,016-389 7920,Super/Groceries,Super - Sundry/grocer,Tier 1,0.0
ChIJiTa_D0NNzDERmBiKXdpWK6s,Pasar Mini Reyanutama Sdn. Bhd.,"19, Jalan Singa E 20/E, Seksyen 20",Shah Alam,3.0562061,101.5415544,0.0,0,019-344 4447,Super/Groceries,Super - Independent local,Tier 1,0.0
ChIJtQWVw4FNzDERBU4nSJvDhXs,Pasar Mini Thisamasm,"21, Jalan Wau, A11/A, Seksyen 11, Shah Alam, 40100, Shah Alam",Selangor,3.0755496,101.5362614,0.0,0,03-5510 1181,Super/Groceries,Super - Independent local,Tier 1,0.0
ChIJJau-VQBTzDERRwd6edpuZ9E,INA FRESH MART,"6, Jalan Tukas 18/34",Shah Alam,3.0507396,101.5211792,0.0,0,011-2662 0917,Super/Groceries,Super - Indie retail,Tier 1,0.0
ChIJv8BCN4dSzDERdBLQbwoYzIk,Kedai Bakeri Kek Narissa,Kedai Bakeri Kek Narissa,Shah Alam,3.073281,101.518461,0.0,0,,Super/Groceries,Super - Generic kedai,Tier 1,0.0
ChIJwYsZbuJNzDERPr6a4V0X6cg,LG PURICARE ST ROSYAM MART SHAH ALAM,"ST ROSYAM MART, Seksyen 9",Shah Alam,3.08333,101.527614,0.0,0,011-5504 2697,Super/Groceries,Super - Indie retail,Tier 1,0.0
ChIJH4O4j3dSzDERVFqEOmctp4k,Pasar Mini Prihatin,"15, Jalan Tengku Ampuan Zabedah F9/F, Seksyen 9, Shah Alam, 40100, Shah Alam",Selangor,3.08514,101.52342,0.0,0,03-5880 6848,Super/Groceries,Super - Independent local,Tier 1,0.0
ChIJp6QiN5NMzDERKkOq922BLmc,Puvamma Enterprise,"LG 45, The Summit, Persiaran Kewajipan",Subang Jaya,3.0606416,101.5936003,0.0,0,03-8023 0094,Super/Groceries,Super - Indie retail,Tier 1,0.0
ChIJsWk-GbpNzDER49rlt-WwDd4,Pasar Mini Brothers Mart,"9, usj1/20 Subang Jaya USJ1 Subang Jaya",Petaling Jaya,3.0573155,101.5993471,0.0,0,010-924 1063,Super/Groceries,Super - Independent local,Tier 1,0.0
ChIJ3Us5Nl9MzDER8G-adYZwdRA,K S P Mini Mart,"40, Jalan SS 15/4, Ss 15",Subang Jaya,3.0752766,101.5878077,0.0,0,,Super/Groceries,Super - Indie retail,Tier 1,0.0
ChIJaRmK1l5MzDER0qejA3HUDwM,Radz Enterprise,"43, Jalan SS 15/4c, Ss 15",Subang Jaya,3.0764912,101.587865,0.0,0,012-250 0635,Super/Groceries,Super - Indie retail,Tier 1,0.0
ChIJMavX_oBNzDERWfSCUh2cnBI,"Hanamart, 하나마트","66, Jalan SS 15/4c, Ss 15",Subang Jaya,3.0776625,101.5883368,0.0,0,011-2428 9695,Super/Groceries,Super - Indie retail,Tier 1,0.0
ChIJa3KUz0BWzDERYDVMnQd9VoY,Komarasamy Enterprise,"No. 3, Jalan Tenghulu Rashid Taman Perpat Permai, 42200, Kapar",Selangor,3.139809,101.367824,0.0,0,03-7785 7559,Super/Groceries,Super - Indie retail,Tier 1,0.0
ChIJNXXUagA1zDERPRoULTI5feo,PASAR MINI 29,Taman Orkid Desa,Kuala Lumpur,3.0770795,101.7388624,0.0,0,016-868 6360,Super/Groceries,Super - Independent local,Tier 1,0.0
ChIJqX9gCQA1zDERuHGO_4aDgTM,C+Mart 一站式生活超市,3PJM+62Q,"Kuala Lumpur, Petaling Jaya, Shah Alam, Klang, Subang Jaya, Cheras, Ampang, Cyberjaya, Putrajaya, Kajang, 68100 Selayang, Damansara",3.0806668,101.7325834,0.0,0,014-627 8116,Super/Groceries,Super - Indie retail,Tier 1,0.0
ChIJR4FRMwBLzDERQqgwTe06u3g,Pasar mini nuraini,"33, Jalan Medan 9, Taman Medan",Petaling Jaya,3.0748577,101.6357748,0.0,0,018-966 8518,Super/Groceries,Super - Independent local,Tier 1,0.0
ChIJl1lOf6RLzDERgWSSkFLZSjU,Wai Hong Enterprise,"No. 22, Jalan PJS 1/21a, Taman Petaling Utama",Petaling Jaya,3.0803831,101.6437387,0.0,0,03-7784 2886,Super/Groceries,Super - Indie retail,Tier 1,0.0
ChIJh18mDNtLzDERvPyqBI78fu8,CHECK POINT RESOURCES SDN BHD,"1-17 TIARA MUTIARA 1 139 JALAN PUCHONG, OFF, Old Klang Road",Kuala Lumpur,3.0755843,101.6601875,0.0,0,03-8408 1501,Super/Groceries,Super - Indie retail,Tier 1,0.0
ChIJk9pRrLtLzDERnutzlSNKP9k,Buy The Way Mini Mart,"48-50, Jalan 1/19, Pj Old Town",Petaling Jaya,3.0860746,101.6467902,0.0,0,03-7846 2105,Super/Groceries,Super - Indie retail,Tier 1,0.0
ChIJt2a1b4hKzDERXfEajHsTkL0,New Grade Commerical Sdn Bhd,"85 & 87, Jalan Radin Bagus, Bandar Baru Sri Petaling",Kuala Lumpur,3.0711134,101.6946415,0.0,0,03-3318 4677,Super/Groceries,Super - Indie retail,Tier 1,0.0
ChIJzc8nUPA1zDERZxaJNUk4-f8,K&T Wholesale Mart,"10, Jalan Tasik Utama 9, Sungai Besi",Kuala Lumpur,3.0612798,101.7107512,0.0,0,012-305 9882,Super/Groceries,Super - Indie retail,Tier 1,0.0
ChIJmf3lhlpLzDERFrXFdm-1tWI,UP MART Retail and Wholesale Store,"B-0-10, Tulin, 28, Jalan Riang Ria 8, Taman Gembira",Kuala Lumpur,3.0823649,101.688995,0.0,0,019-610 1188,Super/Groceries,Super - Indie retail,Tier 1,0.0
ChIJB5Eowy5LzDERYm9TbNBJCdo,Hammza khald Enterprise,"2, jalan 1, 27, Jalan Kuchai Lama",Kuala Lumpur,3.085168,101.691334,0.0,0,010-293 7096,Super/Groceries,Super - Indie retail,Tier 1,0.0
ChIJ--dOasdWzDERPitxLw83T94,Kedai Runcit Lai Eng,"11, Jalan Meru Setia 1, Taman Meru Indah, Klang, 41050, Klang",Selangor,3.1358834,101.4189816,0.0,0,012-286 5343,Super/Groceries,Super - Sundry/grocer,Tier 1,0.0
ChIJHd73hY5VzDERZrrs4NqKfdE,Pasar Mini AA JAYA,9G jalan makyong 5B KU5 Bandar Bukit Raja klang Kedai,Klang,3.0901063,101.4304982,0.0,0,017-757 1480,Super/Groceries,Super - Independent local,Tier 1,0.0
ChIJ5wwQhO1TzDERF5LSJ-lq0WQ,J & K Mini Market,"No. 6-1-1, Jalan Setia Prima (B) U13/B, Setia Alam Seksyen U13, 40170, Shah Alam",Selangor,3.0984954,101.4454981,0.0,0,03-3345 1328,Super/Groceries,Super - Independent local,Tier 1,0.0
ChIJX81IdP5PzDERbWdh__W36oc,Xin Mun Kee Fresh Mart ( Ara Damansara ) - 鲜满记生鲜猪肉店,"Ara Permata, 49, Jalan PJU 1a/42, Ara Damansara",Petaling Jaya,3.1167885,101.5875801,0.0,0,011-6949 9836,Super/Groceries,Super - Indie retail,Tier 1,0.0
ChIJ69O3bu1JzDER8u2fuV_jriE,Samsons Mart,"The Richmond Kiara, Jalan Kiara 3",Kuala Lumpur,3.1693622,101.6498909,0.0,0,011-6538 5786,Super/Groceries,Super - Indie retail,Tier 1,0.0
ChIJrWF9QPNJzDERbHVvXfYz5Vw,Walk Thru Grocer,"G-01, Residensi Inspirasi, 16, Jalan Kiara 4, Mont Kiara",Kuala Lumpur,3.166628,101.651748,0.0,0,017-707 1565,Super/Groceries,Super - Sundry/grocer,Tier 1,0.0
ChIJ1R0OZYpIzDERDrSttahd1-4,Dhs Mart,"13, Jalan Solaris 2, Solaris Mont Kiara",Kuala Lumpur,3.1745272,101.6602915,0.0,0,,Super/Groceries,Super - Indie retail,Tier 1,0.0
ChIJS1Ud-9dHzDERstfaZqE43qk,kss global trading,马来西亚吉隆坡,:,3.1939167,101.6334771,0.0,0,,Super/Groceries,Super - Indie retail,Tier 1,0.0
ChIJLQKOqQBPzDEROi7hIk00Icw,IMP Mart,"16, Jalan Teknologi 3/6D, Kota Damansara",Petaling Jaya,3.157463,101.5703939,0.0,0,03-6141 0177,Super/Groceries,Super - Indie retail,Tier 1,0.0
ChIJZ50zCwBFzDERMXZfImUaAzY,Kedai minuman keras,Damansara Damai,Petaling Jaya,3.192995,101.5923431,0.0,0,,Super/Groceries,Super - Generic kedai,Tier 1,0.0
ChIJq6qqqotFzDERha-X7AWMxig,H A Mini Market,"Apartment Vista Block D, D-010, Jalan PJU 10/3D, Damansara Damai, 68100, Batu Caves",Selangor,3.194531,101.5902,0.0,0,012-923 6114,Super/Groceries,Super - Independent local,Tier 1,0.0
ChIJOyrOwYJPzDERjfEVC-9Xr3g,R& R trading,"23, Persiaran Meranti, Bandar Sri Damansara",Kuala Lumpur,3.1901485,101.6026943,0.0,0,010-765 0260,Super/Groceries,Super - Indie retail,Tier 1,0.0
ChIJO_SOSFdPzDERn2syUrQFSXc,All Fresh Mini Market 好新鮮巴剎,"14, Jalan Tanjung SD 13/1, Bandar Sri Damansara",Kuala Lumpur,3.1883366,101.6053686,0.0,0,,Super/Groceries,Super - Independent local,Tier 1,0.0
ChIJFx9OCwAxzDERPDrZWLbHS0Y,Kedai runcit97,"KJ90 Taman Impian Warisan BT 18, Pekan Batu Lapan Belas",Hulu Langat,3.1654055,101.8480619,0.0,0,,Super/Groceries,Super - Sundry/grocer,Tier 1,0.0
ChIJeYQ_MAAxzDERdKrTQbPOgSQ,Kedai runcit 97,Hulu Langat,"Kuala Lumpur, Petaling Jaya, Shah Alam, Klang, Subang Jaya, Cheras, Ampang, Cyberjaya, Putrajaya, Kajang, 68100 Selayang, Damansara",3.1648329,101.847052,0.0,0,,Super/Groceries,Super - Sundry/grocer,Tier 1,0.0
ChIJ6UyvcgBFzDER1Pzv0KvIawI,KEDAI RUNCIT AIYUB,"107, Jalan Kusta, Kampung Melayu Batu 13",Sungai Buloh,3.2208528,101.5725235,0.0,0,,Super/Groceries,Super - Sundry/grocer,Tier 1,0.0
ChIJKZ5rPwBFzDERlxoGbNcliMY,Achi Mini Mart,"5, Jalan Wangsa 3/7, Taman Wangsa Permai",Kepong,3.2121883,101.6094893,0.0,0,010-895 4818,Super/Groceries,Super - Indie retail,Tier 1,0.0
ChIJz1vP4opFzDERQN3HuR-_pV4,Bagus Mini Mart,"F-G-06, Jalan PJU 10/1, Damansara Damai",Petaling Jaya,3.1983561,101.5869435,0.0,0,012-694 4303,Super/Groceries,Super - Indie retail,Tier 1,0.0
ChIJU_8KCWA2zDERyJR-oO64gYQ,Extoh Enterprise,"63G, Jalan Pandan Indah 1/23, Pandan Indah",Kuala Lumpur,3.1308858,101.7513475,0.0,0,03-9274 4822,Super/Groceries,Super - Indie retail,Tier 1,0.0
ChIJT1j2kZI2zDERY7VudWeYDZM,Weng Heng Minimarket,"A1, G-20, Jalan Mewah 4, Taman Pandan Mewah",Ampang Jaya,3.1290562,101.7653325,0.0,0,012-239 3375,Super/Groceries,Super - Independent local,Tier 1,0.0
ChIJ9Rmagf9JzDERQJ88Xv8KYNI,Mh Salimi Enterprise,1B,Bangunan UMNO Pekan Tajau,3.162475,101.6982454,0.0,0,,Super/Groceries,Super - Indie retail,Tier 1,0.0
ChIJgezByZRJzDERf44xI9mMqSA,Kedai Runcit Harapan Abah,"27-25, Jalan Raja Muda Musa, Kampung Baru",Kuala Lumpur,3.162649,101.7061995,0.0,0,013-332 2285,Super/Groceries,Super - Sundry/grocer,Tier 1,0.0
ChIJYY-t1xtJzDER9lL0_tkkzbw,Ninja Mart,"Bangunan Lee Yan Lian, City Centre",Kuala Lumpur,3.1478275,101.6981971,0.0,0,011-8888 5101,Super/Groceries,Super - Indie retail,Tier 1,0.0
ChIJOYc7MgQ3zDERdxH1OSENNKs,Soroni Enterprise,"Block A-G-09, Jalan 16b, Desa Permai, Taman Dato Ahmad Razali, Selangor",Ampang Jaya,3.1579456,101.7589492,0.0,0,014-965 0520,Super/Groceries,Super - Indie retail,Tier 1,0.0
ChIJ0S9Kf9c3zDERNz_TohtaHE0,LWT & LAI TRADING,"13, Jalan Pasar",Ampang,3.148018,101.7617491,0.0,0,016-979 7843,Super/Groceries,Super - Indie retail,Tier 1,0.0
ChIJL7qwTbhDzDERudR0WrWoKEs,Tasik Pauh Janggi Mini Mart,"6, Jalan Tun Teja, Taman Tun Teja",Rawang,3.303047,101.5897,0.0,0,,Super/Groceries,Super - Indie retail,Tier 1,0.0
ChIJhTzQk5r0zDER69uY7TxMNW8,Pasar Mini Lye Seng,"62, Jalan 1, Taman Telaga Tujuh",Kuala Selangor,3.3263079,101.2624952,0.0,0,019-245 9115,Super/Groceries,Super - Independent local,Tier 1,0.0
ChIJh56LcJf1zDERvanaqxKLVLg,ct aceh enterprise 2,"2, Jalan Bendahara 2, Taman Bendahara",Kuala Selangor,3.3260844,101.2684789,0.0,0,011-1774 0386,Super/Groceries,Super - Indie retail,Tier 1,0.0
ChIJ89JuSZPzzDERzqoqhyOQeIk,Rahmaniyah minimarket,"80, Jalan Sultan Ibrahim",Kuala Selangor,3.3400143,101.2501101,0.0,0,03-3289 7723,Super/Groceries,Super - Independent local,Tier 1,0.0
ChIJkTQ6leL1zDERqpmHdprQ8Zg,Pasar Mini BONDA,"no 6, Jalan Meranti 1/1, Taman Malawati Jaya",Kuala Selangor,3.3116449,101.2712059,0.0,0,019-252 0044,Super/Groceries,Super - Independent local,Tier 1,0.0
ChIJqSV4oXFDzDEREcqiLm3RpZU,Kedai Lim Soon Seng 林顺成商店,"11, Jalan Bandar Rawang 3, Pusat Bandar Rawang",Rawang,3.3235564,101.5777763,0.0,0,,Super/Groceries,Super - Generic kedai,Tier 1,0.0
ChIJX-_i3IlDzDERo1oFD2R9ibM,Tijarah Mini Market,"Lot 966, NO.1, Kedai Depan Pusat Serenti",Kampung Raja,3.3498801,101.5931416,0.0,0,019-901 0769,Super/Groceries,Super - Independent local,Tier 1,0.0
ChIJSbyc7y9HzDERR_rG6sUrqN4,Star Plus Mart,"1, Mutiara Magna, Block C-00-05, C-00-07, Jalan Metro Prima, Kepong",Kuala Lumpur,3.2108528,101.6391527,0.0,0,012-215 5719,Super/Groceries,Super - Indie retail,Tier 1,0.0
ChIJS2AKhl1GzDERu7K3WVK8uQE,Mini Market Abdul Hamid,"531, Jalan 3/8, Taman Ehsan",Kuala Lumpur,3.2151212,101.6305833,0.0,0,019-333 0796,Super/Groceries,Super - Independent local,Tier 1,0.0
ChIJj9BJQgBHzDERCYXryQHEEh0,JMG Mart,"Jalan 2/17, Taman Fadason",Kuala Lumpur,3.2138353,101.6539927,0.0,0,017-697 9244,Super/Groceries,Super - Indie retail,Tier 1,0.0
ChIJ6zFIyHJGzDERyMKLnRS0H9A,V Grocer Sdn. Bhd.,"94, Jalan Sri Ehsan 2, Taman Sri Ehsan",Kuala Lumpur,3.2117716,101.6251456,0.0,0,,Super/Groceries,Super - Sundry/grocer,Tier 1,0.0
ChIJ1_7wpXVGzDERCRDoNX0_5zc,Sss Supermart,"Jalan 12, Taman Usaha Jaya",Kuala Lumpur,3.2143012,101.6179122,0.0,0,,Super/Groceries,Super - Independent local,Tier 1,0.0
ChIJtwfhwPVHzDERq3dGwTPmUk0,ENAMUL MAJU GLOBAL SDN BHD,"Block D, Maxim city lights sentul KL, Level 6, 25, 30-03, Jalan Sentul Pasar",Kuala Lumpur,3.2070758,101.6906405,0.0,0,011-2351 6131,Super/Groceries,Super - Indie retail,Tier 1,0.0
ChIJmekA8whHzDER3bAzuA-2QwQ,T. N. Enterprise Sdn Bhd,"No. 26, Jalan Medan Batu Caves, Medan Batu Caves",Batu Caves,3.2343176,101.673855,0.0,0,03-6187 6230,Super/Groceries,Super - Indie retail,Tier 1,0.0
ChIJQ9qlMAAVzDER_w9G3fFjVy8,CT Mini Market,CQ9R+W2,Genting Highlands,3.419855,101.790047,0.0,0,03-6101 1379,Super/Groceries,Super - Independent local,Tier 1,0.0
ChIJY8DVAQBwzDERmxTCbCRepYY,Pasar Mini Kasih Yn,45500 No. 25,Jalan KP/2 Puat Bandar Tanjung Karang Selangor,3.50925,101.525,0.0,0,03-3269 7871,Super/Groceries,Super - Independent local,Tier 1,0.0
ChIJUwXFJGoFzDERekDb8PsR5vY,Pasar Mini Bentong,Malaysia,"Kuala Lumpur, Petaling Jaya, Shah Alam, Klang, Subang Jaya, Cheras, Ampang, Cyberjaya, Putrajaya, Kajang, 68100 Selayang, Damansara",3.5258824,101.9069124,0.0,0,,Super/Groceries,Super - Independent local,Tier 1,0.0
ChIJ2dWlGQCVzTERQpAQTF9mFWE,Puva coway,Klang,"Kuala Lumpur, Petaling Jaya, Shah Alam, Klang, Subang Jaya, Cheras, Ampang, Cyberjaya, Putrajaya, Kajang, 68100 Selayang, Damansara",2.6817337,101.6612934,0.0,0,016-320 2432,Hyper,Hyper - Other regional chain,Tier 1,0.0
ChIJ-6Rxm8iVzTERNIMjmBT6aYg,Maju trading rustam,"Jalan balai raya sungai pelek, Jalan balai raya, Kampung Hulu Chuchoh",Sepang,2.6808023,101.6850925,0.0,0,,Hyper,Hyper - Other regional chain,Tier 1,0.0
ChIJze0abhjrzTERKb4g8BeGR0M,HME Mart,"No. 3227, Jalan Balai Raya, Kg.Hulu Chuchuh",Sungai Pelek,2.6780506,101.6849886,0.0,0,019-301 7956,Hyper,Hyper - Other regional chain,Tier 1,0.0
ChIJK-HQNv_qzTERY_xYpBqKmbs,Pasaraya Fateemah,"Jalan Murni 10, Taman Murni",Sepang,2.6857277,101.7502142,0.0,0,,Hyper,Hyper - Other regional chain,Tier 1,0.0
ChIJTyMeUwCjzTERUGt1s9ElzmM,Wawa Basar Ent,Kampung Endah,Banting,2.7337562,101.4716886,0.0,0,,Hyper,Hyper - Other regional chain,Tier 1,0.0
ChIJ6T6CJBndzTER48JQ83rH6oc,Daku Delite Enterprise,"41, Jalan Lombong Emas 5, Kawasan Perindustrian",Seremban,2.751425,101.915401,0.0,0,06-761 2190,Hyper,Hyper - Other regional chain,Tier 1,0.0
ChIJWSPe-6h1zjERZthjELrzJn0,KEDAI ITIK SALAI SONYUM,Kampung Solok Paku,Tanjung Ipoh,2.7387481,102.1248507,0.0,0,,Hyper,Hyper - Other regional chain,Tier 1,0.0
ChIJpxl_qPVzzjERvT3wjNetQzc,I & R Herbs Marketing,"No.1, Gerai Padang Lebar Terachi, Negeri Sembilan, Tanjung Ipoh",Kuala Pilah,2.776715,102.165425,0.0,0,012-323 1098,Hyper,Hyper - Other regional chain,Tier 1,0.0
ChIJq1V4HgB3zjERW7uJscEIjQY,Kedai runcit talang,Talang,"Kuala Lumpur, Petaling Jaya, Shah Alam, Klang, Subang Jaya, Cheras, Ampang, Cyberjaya, Putrajaya, Kajang, 68100 Selayang, Damansara",2.8301417,102.141085,0.0,0,,Hyper,Hyper - Other regional chain,Tier 1,0.0
ChIJOxhuODa40TERQnWwRa_dG5A,2N Shop - Near & Nice,"20, Jalan Bukit Belian, Taman Bukit Berlian",Mantin,2.8315029,101.8967744,0.0,0,07-388 3818,Hyper,Hyper - Other regional chain,Tier 1,0.0
ChIJ9-juQ-l5zjERFfpbgP31Fgg,Kedai Runcit Baner Tengkoh,V3WQ+69,Kuala Klawang,2.895565,102.0884733,0.0,0,,Hyper,Hyper - Other regional chain,Tier 1,0.0
ChIJu9iZiCB5zjERbn4yvdsMmbg,Taman Eastern,Taman Ksm,Kuala Klawang,2.9467345,102.074558,0.0,0,,Hyper,Hyper - Other regional chain,Tier 1,0.0
ChIJU9dYIwDNzTEROUEhKoylmOk,Agfa,XVX3+2G,Semenyih,2.9975484,101.8537541,0.0,0,,Hyper,Hyper - Other regional chain,Tier 1,0.0
ChIJGXv3vegzzDER9qbwmBfqhIc,Panas Express Monkey Canopy,"Square Located in Monkeys Canopy, R34, Artisanal, Lot 683, Jalan Sungai Long Hill",Sungai Long,3.0516382,101.8495948,0.0,0,010-448 3648,Hyper,Hyper - Other regional chain,Tier 1,0.0
ChIJvbddTRyFzjER-9nXzoy8Fgs,Azlimi harun (Junction mini mart),Simpang Pelangai,Bentong,3.1752184,102.1939019,0.0,0,,Hyper,Hyper - Other regional chain,Tier 1,0.0
ChIJT1anH0OFzjERxT1uzryFz3A,JATI PELANGAI ENTERPRISE (FROZEN),Simpang Pelangai,Bentong,3.1751749,102.1940253,0.0,0,013-998 3211,Hyper,Hyper - Other regional chain,Tier 1,0.0
ChIJ-5NLCgD3zDERJL59OK85IZM,Pasar Awam Jeram,"21, Jalan Simpang Tiga Jeram",Jeram,3.2246745,101.3160481,0.0,0,,Hyper,Hyper - Other regional chain,Tier 1,0.0
ChIJZ2rCXgL3zDER1ghk0no7Ny0,Kedai runcit majila,Jeram,"Kuala Lumpur, Petaling Jaya, Shah Alam, Klang, Subang Jaya, Cheras, Ampang, Cyberjaya, Putrajaya, Kajang, 68100 Selayang, Damansara",3.225394,101.3157071,0.0,0,,Hyper,Hyper - Other regional chain,Tier 1,0.0
ChIJkweyFAD3zDERhmUkOARVm4I,Kedai runcit cut hassan Enterprise,"21, Jalan Simpang Tiga Jeram",Jeram,3.2254013,101.3156369,0.0,0,,Hyper,Hyper - Other regional chain,Tier 1,0.0
ChIJxc-Yav1YzDERFYZIT_kF4o4,Welli Edible Oil Sdn Bhd,Jalan Raja Abdullah,Jeram,3.2423684,101.3871906,0.0,0,03-3264 6331,Hyper,Hyper - Other regional chain,Tier 1,0.0
ChIJHeBCKjY4zDERowcS_C0fmV4,Naturalle Organics,"27, Jalan Wangsa Setia 1, Wangsa Melawati",Kuala Lumpur,3.2094746,101.7439398,0.0,0,012-316 5553,Hyper,Hyper - Other regional chain,Tier 1,0.0
ChIJeZh-E5g7zDERwYo-RUf5f9U,Kedai runcit,Jalan Sungai Lepok,Hulu Langat,3.2139464,101.8645091,0.0,0,,Hyper,Hyper - Other regional chain,Tier 1,0.0
ChIJJZ_DfGRczDERTE2SLdl0dVw,Agro Bazaar,"Jalan Kuala Selangor, Bandar Tasik Puteri",Rawang,3.2849108,101.4730358,0.0,0,010-298 4715,Hyper,Hyper - Other regional chain,Tier 1,0.0
ChIJgUplM6hDzDERsphXCAhVaH4,kedai runcit sg samak,7JQ2+4J,Rawang,3.287846,101.6015018,0.0,0,,Hyper,Hyper - Other regional chain,Tier 1,0.0
ChIJdaZ6IAA_zDER1SFCScInzjg,warung santi,"kantor camat simpang Simpang agung dusun VII, jln",setapak,3.2790527,101.7409946,0.0,0,,Hyper,Hyper - Other regional chain,Tier 1,0.0
ChIJb8Th5qD1zDERN8DBFEjQ58U,MAJU SHREE TRADING,"23, Jalan Tembusu, Taman Rajawali",Bukit Rotan,3.3054023,101.3082349,0.0,0,017-227 0205,Hyper,Hyper - Other regional chain,Tier 1,0.0
ChIJjWczdqqLzDERcymUJwanDPo,Siti Marwiya Bt Saparon,"33-23, Jalan 3, Taman Raja Musa",Kuala Selangor,3.4064434,101.3150165,0.0,0,,Hyper,Hyper - Other regional chain,Tier 1,0.0
ChIJlVLRUUJhzDER8LC-al2gtoQ,Kedai Baru Raman,"Jalan Rawang - Bestari Jaya, Kampung Sungai Darah",Batang Berjuntai,3.3853329,101.4296157,0.0,0,03-3271 9754,Hyper,Hyper - Other regional chain,Tier 1,0.0
ChIJh697GiiJzDERVpFyt07kuC4,Kedai Serbaneka Family,C7Q5+49,Tanjung Karang,3.437787,101.258396,0.0,0,,Hyper,Hyper - Other regional chain,Tier 1,0.0
ChIJIQ1qRgAdzDER8ITjLmf_ltk,Amway Business Owner Karak Bentong Lanchang,"Lot 2656, Batu 4, Karak Setia",Karak,3.4400517,102.0685397,0.0,0,017-936 4695,Hyper,Hyper - Other regional chain,Tier 1,0.0
ChIJ97M3AeGnzjERF_GO9XmkapM,Kedai Runcit Isha,"No 40, Kedai Mara, Felda Lakum",Lanchang,3.491946,102.088697,0.0,0,,Hyper,Hyper - Other regional chain,Tier 1,0.0
ChIJw4rTcgAdzDERcJZKz3BtynE,Dataran niaga felda sertik,G22M+X5,Karak,3.5025808,102.0329894,0.0,0,,Hyper,Hyper - Other regional chain,Tier 1,0.0
ChIJq-iuCABzzDERG8G03nJqYU0,koop yang selalu tutup,Selangor,"Kuala Lumpur, Petaling Jaya, Shah Alam, Klang, Subang Jaya, Cheras, Ampang, Cyberjaya, Putrajaya, Kajang, 68100 Selayang, Damansara",3.5486745,101.6765608,0.0,0,,Hyper,Hyper - Other regional chain,Tier 1,0.0
ChIJPScpEmIEzDERsFmVD6MMndM,Ar Rayah Al Liwa Enterprise,Malaysia,"Kuala Lumpur, Petaling Jaya, Shah Alam, Klang, Subang Jaya, Cheras, Ampang, Cyberjaya, Putrajaya, Kajang, 68100 Selayang, Damansara",3.544051,101.9644271,0.0,0,,Hyper,Hyper - Other regional chain,Tier 1,0.0
ChIJF3Q-PwAFzDERDgUULWs2Zyc,ayam gunting uncle best mempaga,"Dataran Felda, Mempaga 03",Bentong,3.5426479,101.9650555,0.0,0,017-987 6781,Hyper,Hyper - Other regional chain,Tier 1,0.0
ChIJs5fADQCpzjERdNF15T3tTs8,Epul Air Batu,"No 550 blok, 18, Jalan Felda Lakum",Lanchang,3.5388261,102.0762686,0.0,0,,Hyper,Hyper - Other regional chain,Tier 1,0.0
ChIJY8e-BACpzjERnO8Un4GeKXQ,Epol ais batu lakum,"No 550 blok, 18, Jalan Felda Lakum",Lanchang,3.5388261,102.0762686,0.0,0,,Hyper,Hyper - Other regional chain,Tier 1,0.0
ChIJ_dhU8LKpzjERHzTewXKgOlk,Kedai Runcit Nurul Wahida Johan,"Kedai Mara, 41, Jln Lakum, Lakum",Lanchang,3.531965,102.078331,0.0,0,017-225 8289,Hyper,Hyper - Other regional chain,Tier 1,0.0
ChIJnfzaawB3zDER1tGIZ4pFj0Y,Z LUKMAN Enterprise,"No 1, gerai PLB Rumah Awam",Kerling,3.608267,101.5475409,0.0,0,,Hyper,Hyper - Other regional chain,Tier 1,0.0
ChIJfck1awCpzjERz9XpVSmAqhI,Nur Muhimmah Enterprise,"Felda, no 11, Jalan Felda Bukit Damar, Bukit Damar",Lanchang,3.5337629,102.1222896,0.0,0,013-943 8892,Hyper,Hyper - Other regional chain,Tier 1,0.0
ChIJ-dyWfgCpzjER9MaDpDpyueo,ADZEELAND ENTERPRISE,G4MF+5C,Lanchang,3.5329779,102.1235683,0.0,0,,Hyper,Hyper - Other regional chain,Tier 1,0.0
ChIJmbxkZQOpzjERZ8-ZERAf7LY,Jaihan enterprise,"347, Jalan Felda Bukit Damar, Felda Bukit Damar",Lanchang,3.542669,102.114024,0.0,0,,Hyper,Hyper - Other regional chain,Tier 1,0.0
ChIJ76NOzbqvzjERDbQwoRRaTSI,Kedai Runcit Lebai,"Lubuk Kawah, Jalan Kg Lubuk Kawah, Jalan Tedong",Lanchang,3.5270737,102.1800923,0.0,0,017-927 9717,Hyper,Hyper - Other regional chain,Tier 1,0.0
ChIJPWuIHAAHzDER9Rdb02POvSQ,RAZIF MINI MART,"No 2, Kampung Lebu",Lurah Bilut,3.6071607,101.9259965,0.0,0,,Hyper,Hyper - Other regional chain,Tier 1,0.0
ChIJWfG-vaqXzTERMZjjo6v3Ty4,Kedai Runcit Hj Painan,"Jalan Sekolah, Kampung Tanjung Sepat Darat",Tanjong Sepat,2.6740621,101.559195,0.0,0,019-331 8905,Convenience,Conv - Kedai runcit,Tier 1,0.0
ChIJx1cVJwDrzTERuQAql72iMp4,99 Speedmart 3519 (NS) Taman Jimah Indah,"No: PT 830 (Ground Floor, Tanah Merah Site A, Jalan Teratai 3, Taman Jimah Indah",Port Dickson,2.6786595,101.7595233,0.0,0,03-3362 6863,Convenience,Conv - 99 Speedmart,Tier 1,0.0
ChIJj0cJmI7pzTERHXWxpv9Upb8,Kedai runcit shumeida enterprise,"No 75 jln tiara Sendayan, pusat perniagaan nada bidara, Taman Gadong Jaya",Labu,2.6999759,101.8246732,0.0,0,,Convenience,Conv - Kedai runcit,Tier 1,0.0
ChIJLbFpTibhzTERrh6gtrJRgA0,99 Speedmat 3838 (NS) Taman Bandar Senawang,"No: 23-G & 25-G (Ground Floor, Jalan Coco Drive 2, Taman Bandar Senawang",Seremban,2.6931935,102.0007769,0.0,0,03-3362 6863,Convenience,Conv - 99 Speedmart,Tier 1,0.0
ChIJAb_9RQCjzTERf8LNvgeXWXs,Hong Guan Morib - Kedai Runcit & Gas,"1570A, Batu 27 1/2, Morib",Banting,2.7553778,101.4447676,0.0,0,,Convenience,Conv - Kedai runcit,Tier 1,0.0
ChIJIaeHJoWjzTER_N25k22V9wY,MOZI KEDAI RM2,"NO 95, Jalan Harmoni, Taman Harmoni",Banting,2.73161,101.4538192,0.0,0,011-1668 6064,Convenience,Conv - Generic kedai,Tier 1,0.0
ChIJrZHvGgC_zTERyB8Syg-e7r4,Oscar Xpress Mart,"Kuala Lumpur International Airport - Main Terminal, Kuala Lumpur International Airport",Sepang,2.7548038,101.7044423,0.0,0,,Convenience,Conv - Indie mart,Tier 1,0.0
ChIJs2V2JeN1zjERo7xLrquoHCE,Kedai Azri Risqi,"Skim Pengairan Terachi, Batu 17, Jalan Kuala Pilah, Terachi",Tanjung Ipoh,2.7451173,102.1432849,0.0,0,,Convenience,Conv - Generic kedai,Tier 1,0.0
ChIJfZSSDXjnzTER8SQm3munRnA,URBAN MART,"Jalan S2 B5, Seremban 2",Seremban,2.6924324,101.911525,0.0,0,012-285 0372,Convenience,Conv - Indie mart,Tier 1,0.0
ChIJYYqhJqrnzTERreQm6qbHH1o,99 Speedmart 3898 (NS) Taman Arowana Impian,"No: 11 & 12 (Ground Floor, Jalan Arowana 2, Taman Arowana Impian",Seremban,2.6755765,101.9065731,0.0,0,03-3362 6863,Convenience,Conv - 99 Speedmart,Tier 1,0.0
ChIJUaUNEVLmzTEROPKmom01qfE,Kedai Runcit K.M.,"No. 85, Kampung Batu 3",Seremban,2.6787304,101.925116,0.0,0,019-214 9333,Convenience,Conv - Kedai runcit,Tier 1,0.0
ChIJF0Z94qTnzTERKmsntPqnsEg,99 Speedmart 3881 (NS) BIZ Avenue,"No: 38 (Ground Floor, Jalan S2 B18, Biz Avenue Seremban 2",Seremban,2.6981802,101.912418,0.0,0,03-3362 6863,Convenience,Conv - 99 Speedmart,Tier 1,0.0
ChIJe3kzEgDnzTER_n956WEq9sw,RR86 MART,"Kompleks Pasar Awam, Taman, Taman Seremban Jaya",Seremban,2.6754961,101.9740727,0.0,0,,Convenience,Conv - Indie mart,Tier 1,0.0
ChIJ6wF56arnzTERTd9e6ro3xiE,99 Speedmart 3840 (NS) Taman Sejahtera,"No: 841 & 842 (Ground Floor, Jalan Tuanku Antah, Taman Sejahtera",Seremban,2.7002324,101.9595219,0.0,0,03-3362 6863,Convenience,Conv - 99 Speedmart,Tier 1,0.0
ChIJObJteA3nzTERwyKlDISva9s,Electra Mart Seremban,"3003, Jalan Tok Ungku, Taman Punca Emas",Seremban,2.6918213,101.9437902,0.0,0,06-632 9329,Convenience,Conv - Indie mart,Tier 1,0.0
ChIJ-emWQ1q5zTERVFUQYW9DZpY,Kedai serbaneka,"17, Jalan Murni 1/2, Taman Langat Murni",Banting,2.8030188,101.6617627,0.0,0,019-344 6112,Convenience,Conv - Generic kedai,Tier 1,0.0
ChIJjfsaJQC5zTERjmqiH03tPMM,PASAR MINI KLIA,"SURIA INDUSTRIAL PARK, 38, Jalan SIP 1",Sepang,2.8003983,101.6845915,0.0,0,,Convenience,Conv - Mini-mart,Tier 1,0.0
ChIJcUOzBgC5zTERjwZFNnqlX-Q,AZAH AZIZ SUPERMART,Jalan SIP 1,Sepang,2.8005005,101.6846446,0.0,0,,Convenience,Conv - Indie mart,Tier 1,0.0
ChIJPdUmDgDBzTERL20euCWJft0,Kedai Acheh Kelapa Muda,Kampung Baharu Labu Lanjut,Sepang,2.7898696,101.7145975,0.0,0,,Convenience,Conv - Generic kedai,Tier 1,0.0
ChIJj0lpRKrdzTERhmmjAhLQUYo,VKY C MART,"282-G, Jalan Bukit Intan 7, Taman Bukit Intan",Seremban,2.7260232,101.9155063,0.0,0,016-249 9950,Convenience,Conv - Indie mart,Tier 1,0.0
ChIJJwxGTBvdzTERZlrYTf4HoPc,99 Speedmart 3382 (NS) Pusat Perniagaan Templer,"No: A-1-G (Ground Floor, Jalan PPT 1, Pusat Perniagaan Templer",Seremban,2.7356099,101.931532,0.0,0,03-3362 6863,Convenience,Conv - 99 Speedmart,Tier 1,0.0
ChIJV6QOtMzdzTERz7T7tyGomGc,Jolly Holli Mart,"NO 20, MILLENNIUM SQUARE, Jalan Tan Sri Manickavasagam",Seremban,2.7303468,101.9315057,0.0,0,011-1185 5678,Convenience,Conv - Indie mart,Tier 1,0.0
ChIJ5XpAknXnzTER7e7IwE9Bf0k,99 Speedmart 3824 (NS) Pusat Komersial Maju Cemerlang,"No: 6 & 7 (Ground Floor, Jalan Maju Cemerlang 5, Pusat Komersial Maju Cemerlang",Seremban,2.7320301,101.8869384,0.0,0,03-3362 6863,Convenience,Conv - 99 Speedmart,Tier 1,0.0
ChIJuzH9DWbdzTERIYnt0vw2s3Y,Mari Mart Seremban,"Lot G-01 Tingkat Bawah, UTC Negeri Sembilan, Jalan Kuala Pilah, Angsana Seremban",Seremban,2.7231973,101.962148,0.0,0,06-764 7713,Convenience,Conv - Indie mart,Tier 1,0.0
ChIJS8nmVQDdzTERBM_uXgZsWno,Kedai Runcit Seng Yap,"876, Jalan Makmur 4, Taman Makmur",Lunas,2.7434792,101.9504314,0.0,0,,Convenience,Conv - Kedai runcit,Tier 1,0.0
ChIJUeXwDAClzTEROgg1bGgT6ao,KEDAI RUNCIT MUHAMMAD,"lot 291, Kampung Sungai Buaya",Banting,2.8447426,101.4449103,0.0,0,,Convenience,Conv - Kedai runcit,Tier 1,0.0
ChIJzRsIZue7zTERBLOG2E6ZXyk,AKS Mini Mart,"NO16, JALAN MJ48, TAMAN MANGGIS JAYA, Kampung Sungai Manggis",Banting,2.8239394,101.5322445,0.0,0,016-279 1010,Convenience,Conv - Mini-mart,Tier 1,0.0
ChIJD8NyyhO7zTER_lvG7lmE-MU,Kedai runcit nasir popai,"Jalan Damai, Kampung Sungai Lempit",Banting,2.8320473,101.5902607,0.0,0,,Convenience,Conv - Kedai runcit,Tier 1,0.0
ChIJW6cxZQC7zTERRZtGuef9Bug,Kedai runcit raissul enterprise,"RHMC+9R, Kampung Sungai Lempit",Banting,2.8333573,101.5720303,0.0,0,,Convenience,Conv - Kedai runcit,Tier 1,0.0
ChIJGZ9iM0m7zTERBSoy2mHmoWs,Kedai Runcit Wak Tori,Kampung Olak Lempit,Banting,2.832722,101.5659882,0.0,0,,Convenience,Conv - Kedai runcit,Tier 1,0.0
ChIJy5DBTQCjzTERzhyjKhc4Sys,Kedai runcit raisya,"Jalan Gembira, Kanchong Darat",Banting,2.7938607,101.4829716,0.0,0,,Convenience,Conv - Kedai runcit,Tier 1,0.0
ChIJzW8MW1ajzTERoysxWz0j_yc,Kedai runcit ammar,Kanchong Darat,Banting,2.7864249,101.4820936,0.0,0,,Convenience,Conv - Kedai runcit,Tier 1,0.0
ChIJM3xUegCjzTER7YgsX3Q4rCI,Ang Huat Mini Market,"31, Jalan Baiduri, Taman Baiduri",Banting,2.7997109,101.4923114,0.0,0,,Convenience,Conv - Mini-mart,Tier 1,0.0
ChIJkTcfeQC5zTERDJoRJU2emhk,Kedai runcit syifa aisyah,"Jalan Berlian Kanan, Kampung Bukit Changgang",Banting,2.8249862,101.6266733,0.0,0,0823-6716-9143,Convenience,Conv - Kedai runcit,Tier 1,0.0
ChIJi64S-cDHzTERb7QAhpmZ-lI,Pasar Mini Nurmarsya Enterprise,"5, Jalan BBN 11/1, Bandar Baru Nilai",Nilai,2.8272152,101.7645399,0.0,0,017-443 5797,Convenience,Conv - Mini-mart,Tier 1,0.0
ChIJi3f5pObHzTERylIE4_dVrCI,Kedai Viral BBST,"29, Jalan Seroja 3, Bandar Baru Salak Tinggi",Sepang,2.8284631,101.7311128,0.0,0,,Convenience,Conv - Generic kedai,Tier 1,0.0
ChIJhZPGNwDFzTERLo8yyYAg25Y,TESKOKO MINI MARKET,"581, Jalan TM 1, Taman Mulia",Mantin,2.8453502,101.843087,0.0,0,,Convenience,Conv - Mini-mart,Tier 1,0.0
ChIJU6CF92rbzTER6t2f49NURm0,99 Speedmart 3192 (NS) Taman Bukit Berlian,"No: 18 & 19 (Ground Floor, Jalan Bukit Berlian, Taman Bukit Berlian",Mantin,2.8315039,101.8967841,0.0,0,03-3362 6863,Convenience,Conv - 99 Speedmart,Tier 1,0.0
ChIJudQ4UgDHzTERJudFfWUnc3I,IK EASY MART,"Lot 1010, Jalan Haji Jumani, Kampung Giching",Sepang,2.802611,101.73372,0.0,0,,Convenience,Conv - Indie mart,Tier 1,0.0
ChIJCQTfYwDHzTERZzKXb8KapO0,Crossroads Mini Mart,Nilai,"Kuala Lumpur, Petaling Jaya, Shah Alam, Klang, Subang Jaya, Cheras, Ampang, Cyberjaya, Putrajaya, Kajang, 68100 Selayang, Damansara",2.8103646,101.7584721,0.0,0,,Convenience,Conv - Mini-mart,Tier 1,0.0
ChIJnaLOxBTHzTERscQX7z1jP5g,MF Hussain Mart,"A-G, 08, Jalan BBN 12/1, Desa Palma",Nilai,2.8127499,101.7601289,0.0,0,06-791 3866,Convenience,Conv - Indie mart,Tier 1,0.0
ChIJsQqNbwrFzTER_aFRw096kKw,Jii-Mart Nilai Perdana,"9A, 5, Jalan Nilai Perdana, Taman Nilai Perdana",Nilai,2.8027643,101.8057835,0.0,0,,Convenience,Conv - Indie mart,Tier 1,0.0
ChIJ8eeHoXXDzTERTh3-6cAJTiI,99 Speedmart 3860 (NS) Pekan Nilai 2,"No: 187 & 188 (Ground Floor, Jalan Besar, Pekan Nilai",Nilai,2.801659,101.7950647,0.0,0,03-3362 6863,Convenience,Conv - 99 Speedmart,Tier 1,0.0
ChIJtR-4CwCxzTER2PizW7dYu7w,One sabena mini market,"Lot 7, batu 3, Jalan Enggang, Kampung Seri Cheeding",Banting,2.885668,101.5490038,0.0,0,,Convenience,Conv - Mini-mart,Tier 1,0.0
ChIJG8JDWqSvzTERATWXc-3F0UI,SIMUK MINI MARKET,Jalan Bandar Lama,Telok Panglima Garang,2.8930947,101.4580842,0.0,0,011-3336 6388,Convenience,Conv - Mini-mart,Tier 1,0.0
ChIJ0-rDWQC3zTERqqYoJj8PXmM,CERR Mart cawangan Desa Pinggiran Putra,"Jalan Pinggiran Putra 4A, Desa Pingggiran Putra",Kajang,2.9010335,101.7054113,0.0,0,03-8928 0331,Convenience,Conv - Indie mart,Tier 1,0.0
ChIJJdGqVQDJzTERxIBplw2ofMA,Kedai Runcit D kelapa,Sepang,"Kuala Lumpur, Petaling Jaya, Shah Alam, Klang, Subang Jaya, Cheras, Ampang, Cyberjaya, Putrajaya, Kajang, 68100 Selayang, Damansara",2.8854848,101.7092678,0.0,0,014-867 5970,Convenience,Conv - Kedai runcit,Tier 1,0.0
ChIJC0PWUQC3zTERt7eoL_zz90Y,KOPRIMART - Koperasi Imigresen Malaysia Berhad,"Tingkat 1, Blok 2G4, Persiaran Perdana, Presint 2",Putrajaya,2.9195169,101.687929,0.0,0,,Convenience,Conv - Indie mart,Tier 1,0.0
ChIJd4InBwDJzTERQJU5atTkkCQ,Houzmart,"37, Jalan BBLS 2, Bandar Baru Lembah Selatan",Dengkil,2.901718,101.7644283,0.0,0,,Convenience,Conv - Indie mart,Tier 1,0.0
ChIJL_LvBEzIzTER__JRwZenKL0,grocery wati (kamal bin ahmad),"Persiaran Desa Saujana, Taman Desa Saujana",Kajang,2.9109752,101.731948,0.0,0,,Convenience,Conv - Sundry/grocer,Tier 1,0.0
ChIJqwgaUQ7JzTERzU372fqFpfs,Kedai runcit hidayah,"1962, Jalan Sentosa, Kampung Teras Jernang",Bandar Baru Bangi,2.9212306,101.7579802,0.0,0,,Convenience,Conv - Kedai runcit,Tier 1,0.0
ChIJA10j7NHFzTERjdAsFl_Q0BQ,99 Speedmart 3796 (NS) Nilai Inland Port,"No: 44 & 45 (Ground Floor, Jalan Nilai 7/3, Nilai Inland Port",Nilai,2.8477577,101.8151531,0.0,0,03-3362 6863,Convenience,Conv - 99 Speedmart,Tier 1,0.0
ChIJh7HPoQ3HzTERLGngRfDyV7A,"KK Super Mart Nilai , Acacia Avenue ( NACC )","B-7, Acacia Avenue, Jalan Jati 9, Taman Desa Jati",Nilai,2.8365967,101.7875261,0.0,0,,Convenience,Conv - KK Mart,Tier 1,0.0
ChIJDWX4HA7FzTER34GV4vaRZ9U,99 Speedmart 3708 (NS) Taman Desaria,"No: 4 & 5 (Ground Floor, Jalan P/Am 5, Taman Desaria",Nilai,2.8641036,101.7976572,0.0,0,03-3362 6863,Convenience,Conv - 99 Speedmart,Tier 1,0.0
ChIJl3suB0IHzTERHoAFm7yN_zk,Kedai Runcit Subahan,Perumahan Kastam Pulau Indah,Pulau Indah,2.9315855,101.3059475,0.0,0,,Convenience,Conv - Kedai runcit,Tier 1,0.0
ChIJ6alkfnyrzTERFqNN-Hg3AcU,Econsave Telok Gong 2 - Pasar Ekonomi Mart,"2, Jalan Ikan Jenahak 20, Kampung Telok Gong",Pelabuhan Klang,2.9632606,101.3912316,0.0,0,,Convenience,Conv - Indie mart,Tier 1,0.0
ChIJB6lGLADPzTERMAfvEALHYsc,KEDAI MEK KELATE RINCHING HILIR,Kampung Rinching Hilir,Kajang,2.9017147,101.8121693,0.0,0,,Convenience,Conv - Generic kedai,Tier 1,0.0
ChIJhwieYLvIzTER3ExYOM7tt0M,Kedai Runcit Sri Baiduri,"11, Jalan Seri Putra 3/10, Bandar Seri Putra",Kajang,2.8867815,101.7810844,0.0,0,016-975 5417,Convenience,Conv - Kedai runcit,Tier 1,0.0
ChIJfZMoqe_PzTERX4n90AQYNAM,99 Speedmart 3892 Bandar Tasik Kesuma 2,"No: 12 & 12A (Ground Floor, Jalan Kesuma 2/6A, Bandar Tasik Kesuma",Beranang,2.9048365,101.8566961,0.0,0,03-3362 6863,Convenience,Conv - 99 Speedmart,Tier 1,0.0
ChIJafu8dADPzTERu0IwJlGbqvQ,Kedai runcit muzhar,"2, Jalan TPS 2/2, Taman Pelangi Semenyih 2",Semenyih,2.9155909,101.864188,0.0,0,,Convenience,Conv - Kedai runcit,Tier 1,0.0
ChIJE5aDY825zTERRhQuZmS_VDw,LL WIN MART Dengkil,Lot 175 taman,Dengkil,2.8566105,101.6800759,0.0,0,012-664 2889,Convenience,Conv - Indie mart,Tier 1,0.0
ChIJuWTELSi5zTER2MNzJSODbeQ,Ik Easy Minimarket,"Lot 2759, Batu 30, Jalan Kg Semarang",Dengkil,2.8664742,101.6930986,0.0,0,,Convenience,Conv - Mini-mart,Tier 1,0.0
ChIJQzHh2za5zTERTDWBVyGPsCU,Warisan Mart,"37, Jalan Warisan Megah 1/5, Kota Warisan",Sepang,2.825123,101.7059385,0.0,0,014-855 7672,Convenience,Conv - Indie mart,Tier 1,0.0
ChIJLWjdawC3zTERpvOEjI_l4Ns,Eco Fresh Mart Eclipse,"Eclipse Residences, Persiaran Multimedia, Cyber 11",Cyberjaya,2.9237346,101.6361814,0.0,0,,Convenience,Conv - Indie mart,Tier 1,0.0
ChIJOahQZdi3zTERkciUtYlCpV0,99 Speedmart 3906 Setia Eco Glades,"No: 48-1 & 50-1 (Ground Floor Jalan Setia Eco Glades, 1, Setia Eco Glades, Cyber 1",Cyberjaya,2.9354339,101.6365606,0.0,0,03-3362 6863,Convenience,Conv - 99 Speedmart,Tier 1,0.0
ChIJASHlBOS3zTERiJ1ELfmWJD8,Afwaja Mart,"D1-G-09, Atelier Centre, Jalan Atelier 1, Edusphere",Cyberjaya,2.932688,101.6383722,0.0,0,013-959 2044,Convenience,Conv - Indie mart,Tier 1,0.0
ChIJj2Jv1ZW1zTERzgk92SIwNSU,DESARIA MART,"PK-0-04, PLAZA DESARIA, 1, Jalan Desaria, Kampung Pulau Meranti",Puchong,2.9775445,101.6395431,0.0,0,,Convenience,Conv - Indie mart,Tier 1,0.0
ChIJBWIhfJSzzTERupVlxU8Vx5Q,Kedai runcit bentera enterprise,"Lorong Universiti, Kampung Jln Kebun",Shah Alam,2.9649526,101.5282849,0.0,0,,Convenience,Conv - Kedai runcit,Tier 1,0.0
ChIJBSJzPv2tzTERys2ReIqTMsk,Kedai Runcit Fahrian maju,Kampung Jln Kebun,Shah Alam,2.9651297,101.520715,0.0,0,,Convenience,Conv - Kedai runcit,Tier 1,0.0
ChIJW93wK_mtzTER7RIFxAiq2dI,Sj fresh mart,"Jalan Mughni, Kampung Jln Kebun",Shah Alam,2.9698176,101.518644,0.0,0,,Convenience,Conv - Indie mart,Tier 1,0.0
ChIJu9f5egCzzTER-DsZNXcbSnM,kedai mini lombong perak 2,"2, Jalan Lombong Perak 29/19, Kampung Lombong",Shah Alam,2.9676246,101.5532017,0.0,0,,Convenience,Conv - Generic kedai,Tier 1,0.0
ChIJh7lRT_OtzTERbxZ8PvAwyR0,Kedai runcit Darul ulum enterprise,"Jalan Kampung Batu 7, Kampung Jln Kebun",Shah Alam,2.9721812,101.5159109,0.0,0,,Convenience,Conv - Kedai runcit,Tier 1,0.0
ChIJk4xmnnXJzTERr3GjAWY9XJ0,MMG MART,"L02-07, Menara Shaftbury Putrajaya, Jalan Alamanda, Presint 1",Putrajaya,2.9416662,101.7122777,0.0,0,010-650 1812,Convenience,Conv - Indie mart,Tier 1,0.0
ChIJWceMcKCxzTERSZoiH9MJwco,Eco Mart - E'Island,"SHOP 1, 2, 3, E’ISLAND LAKE HAVEN RESIDENCE, JALAN PUTRA PERDANA 14, TAMAN PUTRA PERDANA, 47100 PUCHONG, SELANGOR PUCHONG",SELANGOR,2.9535515,101.5977083,0.0,0,011-1082 3979,Convenience,Conv - Indie mart,Tier 1,0.0
ChIJ3WdZ1iWxzTER9pKUe92UCac,MK EXPRESS MART,"Perdana Industrial Park, 10-1, Jalan PP 16/2",Puchong,2.9444173,101.6019699,0.0,0,03-8322 5045,Convenience,Conv - Indie mart,Tier 1,0.0
ChIJuRoUKwCzzTERPRCENugw6qg,Kedai Runcit Hani Madu,"57, Lingkaran Dagang Mas, Taman Mas",Puchong,2.9743334,101.5804026,0.0,0,,Convenience,Conv - Kedai runcit,Tier 1,0.0
ChIJ7zR-5ZTIzTER05kHT28Ot50,Pasar Mini N & Z,"No. 16, Jalan Sri Putra 1/4, 43650, Bandar Sri Putra Bangi",Selangor,2.954122,101.758797,0.0,0,03-8925 1499,Convenience,Conv - Mini-mart,Tier 1,0.0
ChIJ88buJwDNzTERPo3yZMsVsCM,Pasar Mini Ikhlas,"6-5, Jalan Harmoni 14, Taman Harmoni",Semenyih,2.9554188,101.8094069,0.0,0,,Convenience,Conv - Mini-mart,Tier 1,0.0
ChIJV5cHq9HJzTER3go8Ty3IQKE,As mart,"B-G-SB01 BLOK B, PANGSAPURI GREEN VILLA, Jalan Kampung Sg Tangkas, PERSIARAN CEMERLANG",Kajang,2.9408702,101.7958563,0.0,0,011-6952 7254,Convenience,Conv - Indie mart,Tier 1,0.0
ChIJfTpN7k7JzTERj7i5DMbTcGQ,Kedai Runcit Syifa,Jalan Villa Tropika 1,Kajang,2.9410453,101.7904064,0.0,0,014-937 4489,Convenience,Conv - Kedai runcit,Tier 1,0.0
ChIJ36Hyg4_JzTERgdTIisTJFh4,Kedai runcit aceh sg tangks,Kampung Sungai Tangkas,Kajang,2.9409616,101.788149,0.0,0,,Convenience,Conv - Kedai runcit,Tier 1,0.0
ChIJk6zaoezLzTEROaw6pT3-DCA,adika mart,"7, Jalan Reko Sentral 6, Reko Sentral",Kajang,2.9672529,101.789562,0.0,0,013-588 8932,Convenience,Conv - Indie mart,Tier 1,0.0
ChIJldccEMvJzTERK3c9KwGpoos,Kedai runcit metro one tukang baiki atap bocor,Kampung Sungai Tangkas,Kajang,2.9405909,101.7873967,0.0,0,,Convenience,Conv - Kedai runcit,Tier 1,0.0
ChIJ14YLsgDNzTERFwhtINSbDKA,"KK Super Mart Kajang, Taman Kajang Utama ( KKU )","No.7, Block N, P/Pangsa, Jalan Seksyen 3/12, Taman Kajang Utama",Kajang,2.9750266,101.800796,0.0,0,,Convenience,Conv - KK Mart,Tier 1,0.0
ChIJI9q_DG3NzTERjgERsbwwmEk,Kedai Runcit Al Nasma,"21, Jalan Seksyen 3/12, Taman Kajang Utama",Kajang,2.975086,101.8012804,0.0,0,,Convenience,Conv - Kedai runcit,Tier 1,0.0
ChIJ16P9Ns_LzTERAy0FNpYwQks,Kedai Mesra,"Petronas, Lot 7 & 9, Jalan 4/1, Seksyen 4 Tambahan Bandar Baru Bangi",Bangi,2.9575917,101.7791767,0.0,0,,Convenience,Conv - Generic kedai,Tier 1,0.0
ChIJ43bkN1PPzTERZC2oZzlhIrA,Mael Mart,"25-G, Jalan Besar, Pekan Semenyih",Semenyih,2.9461709,101.8455406,0.0,0,017-235 6194,Convenience,Conv - Indie mart,Tier 1,0.0
ChIJDSNr8SrMzTERODXAat7AMjY,Sundry shop,"273, Jalan Sembilan, Kampung Baru Semenyih",Semenyih,2.9550761,101.8411652,0.0,0,,Convenience,Conv - Sundry/grocer,Tier 1,0.0
ChIJe_ZF-ULOzTERDA0aFOBc5dg,Mahaletchumy Cash & Carry Mini Mart,"No. 51-G, Jalan Tps 1/6, Taman Pelangi Semenyih",Semenyih,2.9316061,101.8575159,0.0,0,012-259 4847,Convenience,Conv - Mini-mart,Tier 1,0.0
ChIJ_6-F7lvOzTER2xe0Ryz5zrg,Kedai HALAL MART,"25, Jalan 2/9c, Seksyen 2",Semenyih,2.9280999,101.8502904,0.0,0,,Convenience,Conv - Indie mart,Tier 1,0.0
ChIJx5AoQMWrzTERuQFl4LK2zWY,Econsave Pandamaran 2 - Pasar Ekonomi Mart,"No.12, 14, & 16, Jalan Pandamaran Jaya 63, Pandamaran",Klang,3.0045113,101.4237686,0.0,0,,Convenience,Conv - Indie mart,Tier 1,0.0
ChIJUygtDn-rzTERaDHJkG4HTGY,Am Pm Speedmart,Malaysia,"Kuala Lumpur, Petaling Jaya, Shah Alam, Klang, Subang Jaya, Cheras, Ampang, Cyberjaya, Putrajaya, Kajang, 68100 Selayang, Damansara",2.9987731,101.4303999,0.0,0,,Convenience,Conv - Indie mart,Tier 1,0.0
ChIJH1RtTWerzTERqOCaSJGXMOI,Kedai Serbaneka Savemart,"Jalan Batu Unjur 7, Taman Bayu Perdana",Pelabuhan Klang,3.0160638,101.4281048,0.0,0,,Convenience,Conv - Indie mart,Tier 1,0.0
ChIJH4k623itzTERczn-Nc5ZljM,Niru Mini Mart SPX Self Collection Point (18548),"7, Jalan Temenggung 37A/KS7",Klang,3.0094508,101.4832874,0.0,0,,Convenience,Conv - Mini-mart,Tier 1,0.0
ChIJ1SIkyaqtzTERSiako0QkCkY,INCOMING MART,"43, Jalan Laksamana 5, Taman Sentosa",Klang,3.0067459,101.4720174,0.0,0,016-267 2929,Convenience,Conv - Indie mart,Tier 1,0.0
ChIJQ4h8CQCtzTER4wPxCC550Dc,99 Speedmart 3882 Jalan Penghulu Abu Bakar,"19, Lorong Raja Nong 18a, Taman Menara Maju",Klang,3.0169133,101.4626835,0.0,0,,Convenience,Conv - 99 Speedmart,Tier 1,0.0
ChIJnU9hyZqyzTERke5p02GNIjM,Jiranmart,"Jalan Anggerik Vanilla Ab 31/Ab, Kampung Batu Tujuh",Shah Alam,3.0061233,101.534504,0.0,0,011-2656 2626,Convenience,Conv - Indie mart,Tier 1,0.0
ChIJnT-WMACzzTEREXdlq2fR8kY,Kedai Runcit tepi jalan,"Jalan Bukit Kemuning, Mutiara Bukit Kemuning",Shah Alam,3.0168924,101.5301292,0.0,0,,Convenience,Conv - Kedai runcit,Tier 1,0.0
ChIJmR2K2J-yzTERF9XN3qMcnVU,Kedai Serbaneka Your Mart,Malaysia,"Kuala Lumpur, Petaling Jaya, Shah Alam, Klang, Subang Jaya, Cheras, Ampang, Cyberjaya, Putrajaya, Kajang, 68100 Selayang, Damansara",3.0140023,101.5248917,0.0,0,,Convenience,Conv - Indie mart,Tier 1,0.0
ChIJD3iW8catzTERRv6rDNvsopA,PADU FRESH MART,"NO. 3 - A1, LOT 1313, Jalan Padu 25/127",Shah Alam,3.0205741,101.526849,0.0,0,,Convenience,Conv - Indie mart,Tier 1,0.0
ChIJ6zVTeE-tzTERrb568VtWjIs,Shaggy minimart,Jalan Bukit Rimau,Shah Alam,2.997373,101.518953,0.0,0,010-220 6737,Convenience,Conv - Indie mart,Tier 1,0.0
ChIJBT-27q2yzTERc2fpvojZY2I,Kedai Serbaneka F & Y,"32, Jalan Ria 25/62, Taman Sri Muda",Shah Alam,3.0312104,101.5351493,0.0,0,012-683 7944,Convenience,Conv - Generic kedai,Tier 1,0.0
ChIJJwLDiDS1zTERfJnZpnLgKno,Eco Mart - Prestige,"hop 1, Prestige Residence, 1, Persiaran Lestari Perdana, Lestari Perdana",Seri Kembangan,3.0013453,101.6682276,0.0,0,011-1081 3969,Convenience,Conv - Indie mart,Tier 1,0.0
ChIJd_Jd13KzzTERs3PkAT_weQY,Fm Mini Market,"Jalan Bistari, Kampung Sri Aman Bistari",Puchong,3.0029673,101.5936848,0.0,0,,Convenience,Conv - Mini-mart,Tier 1,0.0
ChIJCecASACzzTER9Uqtg1oQ4dA,Kedai Runcit Kampung Ku,"42, Jalan Istiqamah, Kampung Seri Andalas",Puchong,3.0085768,101.5952736,0.0,0,,Convenience,Conv - Kedai runcit,Tier 1,0.0
ChIJxzXv7CezzTERXyRIHB58VNU,Pasar mini asyraf aidah enterprise,"85a, Jalan Kempas, Kampung Tengah",Puchong,3.0159862,101.587647,0.0,0,011-3395 2240,Convenience,Conv - Mini-mart,Tier 1,0.0
ChIJq193M2yzzTERGjOwdIQ0cOY,Kedai Serbaneka Shood,"Pesiaran Puchong Permai, Taman Puchong Permai",Puchong,3.0077147,101.5976927,0.0,0,,Convenience,Conv - Generic kedai,Tier 1,0.0
ChIJ8QEYVQCzzTERXXlABYITm_8,Soon huat freshmart,Putra Heights,Subang Jaya,3.005805,101.5777559,0.0,0,,Convenience,Conv - Indie mart,Tier 1,0.0
ChIJXTYqbwCzzTERXgoaI6U11Bg,Kedai Runcit Sulaiman,"485, Jalan Berkat, Kampung Seri Aman Hilir",Puchong,2.9951187,101.5850421,0.0,0,,Convenience,Conv - Kedai runcit,Tier 1,0.0
ChIJw_NMvqizzTERRfUgu4MDrXQ,Kedai runcit sudimampir,"76, Jalan Kempas, Kampung Tengah",Puchong,3.0187267,101.5864657,0.0,0,,Convenience,Conv - Kedai runcit,Tier 1,0.0
ChIJu8vxVx6zzTERIyV4t4Mf5Xo,Kedai runcit fuziah lubis,"13, Jalan Klang Batu, Kampung Sri Langkas",Puchong,3.0202362,101.5925246,0.0,0,,Convenience,Conv - Kedai runcit,Tier 1,0.0
ChIJfds4awCzzTERkIow7OxbAA8,Kedai Runcit Abidin Zaenal,"13, Jalan Klang Batu, Kampung Sri Langkas",Puchong,3.0202556,101.5925359,0.0,0,,Convenience,Conv - Kedai runcit,Tier 1,0.0
ChIJe1SxJgCzzTER5wluaEAK6CU,Kedai Saudara Jaya,"11, Jalan Indah 3/13, Taman Puchong Indah",Puchong,3.0126902,101.6034327,0.0,0,,Convenience,Conv - Generic kedai,Tier 1,0.0
ChIJNeU1vyhVzDERQT9FHm2loJg,Kedai runcit,"Lot 2279, Jalan Haji Omar, Kampung Rantau Panjang",Klang,3.0525819,101.3956999,0.0,0,,Convenience,Conv - Kedai runcit,Tier 1,0.0
ChIJfxLhFZy1zTERmI9mtwnhLSY,Nano Mart Olive Hill,"21, Jalan BS 1/3, Pusat Perdagangan Seri Kembangan",Seri Kembangan,3.0138975,101.6956965,0.0,0,011-1689 3918,Convenience,Conv - Indie mart,Tier 1,0.0
ChIJNXnrsQe1zTERVoatcpgmP6o,838 SY Fresh Mart,"Jalan PSK 9, Pusat Perdagangan Seri Kembangan",Seri Kembangan,3.0161297,101.6989414,0.0,0,,Convenience,Conv - Indie mart,Tier 1,0.0
ChIJXVShusm1zTERsNVZU_mQDyA,Kedai runcit GM Kumar,"Jalan 3/5, Serdang Jaya",Seri Kembangan,3.0139473,101.7057252,0.0,0,011-6088 7870,Convenience,Conv - Kedai runcit,Tier 1,0.0
ChIJK-WNdn0JyzERf9D4ksa0DTo,Full Basket Mini Mart,"NO 12-1, JALAN BS 4/1, SEKSYEN 4, Taman Bukit Serdang",Seri Kembangan,3.0211009,101.6996684,0.0,0,016-939 8163,Convenience,Conv - Mini-mart,Tier 1,0.0
ChIJkycJLN7LzTERhbTHqL1VkgU,Toong Yik mini market,"S137, Jalan 4/1, Taman Serdang Jaya",Seri Kembangan,3.0180707,101.7066403,0.0,0,014-328 4468,Convenience,Conv - Mini-mart,Tier 1,0.0
ChIJORHCO1y1zTERJAGQPkSYq-s,KK Super Mart Taman Equine (3)( TEQ3 ),"26g, Jalan Equine 1B, Taman Equine",Seri Kembangan,2.9973283,101.6786423,0.0,0,,Convenience,Conv - KK Mart,Tier 1,0.0
ChIJTxJC_sDLzTERXYr9ubp70ZY,Econsave Setia Balakong - Pasar Ekonomi Mart,"KA 41-G & 42-G, Jalan Setia Balakong 1/2, Taman Setia Balakong",Kajang,3.0142047,101.7527498,0.0,0,,Convenience,Conv - Indie mart,Tier 1,0.0
ChIJOcG0pSDLzTERaPX1ww9YfmI,Santan Segar Kedai Runcit,"21, Jalan Cengal 4, Taman Impian Ehsan, Balakong",Seri Kembangan,3.0192512,101.7528773,0.0,0,03-8962 6244,Convenience,Conv - Kedai runcit,Tier 1,0.0
ChIJQ6PxJ6LLzTER-xcdyBsy5ws,"KK Super Mart Serdang,Jalan Perusahaan ( SDP)","23, Jalan Perusahaan 1",Seri Kembangan,3.0209179,101.7419371,0.0,0,,Convenience,Conv - KK Mart,Tier 1,0.0
ChIJEys_bQDLzTERaBQ7pOJD3Gk,Kedai Serbaneka Norliah,"39, Jalan PDR 5, Pusat Perniagaan Desa Ria",Seri Kembangan,3.024258,101.7470046,0.0,0,,Convenience,Conv - Generic kedai,Tier 1,0.0
ChIJexyaH5vLzTERJZZ0vuNvWAI,Econsave Taman Sutera Kajang - Pasar Ekonomi Mart,"A1-10 & A1, Sutera Niaga 8, 11, Jalan Sutera 1/2, Taman Sutera",Kajang,3.0099824,101.7674277,0.0,0,,Convenience,Conv - Indie mart,Tier 1,0.0
ChIJXUopBOrNzTERGdE5xassciw,Kedai Rm 2 Murah Jimat,"16, Jalan Sentosa 2, Taman Juasseh Sentosa",Juasseh,2.99417,101.807458,0.0,0,010-662 7214,Convenience,Conv - Generic kedai,Tier 1,0.0
ChIJ94xNx3_MzTERDBMO1jg4xX8,MJ Sixty Nine Mini Mart,"No. 13, 1, Jalan Pusat Perniagaan 2, Pusat Perniagaan Sungai Jelok",Kajang,2.99194,101.799758,0.0,0,012-206 5991,Convenience,Conv - Mini-mart,Tier 1,0.0
ChIJtxvFc9FTzDERz9fysl9dq1A,KEDAI RUNCIT HARAPAN BUNDA,"272, jalan sungai bertek, taman bertek",Klang,3.0491027,101.4351387,0.0,0,016-315 7793,Convenience,Conv - Kedai runcit,Tier 1,0.0
ChIJhf3duEJTzDERqveK7SflSxo,Bh Petromart,Malaysia,"Kuala Lumpur, Petaling Jaya, Shah Alam, Klang, Subang Jaya, Cheras, Ampang, Cyberjaya, Putrajaya, Kajang, 68100 Selayang, Damansara",3.0547716,101.4462497,0.0,0,,Convenience,Conv - Indie mart,Tier 1,0.0
ChIJe3pION5SzDERrdjT5uTq6u4,Am : Pm Speedmart,Malaysia,"Kuala Lumpur, Petaling Jaya, Shah Alam, Klang, Subang Jaya, Cheras, Ampang, Cyberjaya, Putrajaya, Kajang, 68100 Selayang, Damansara",3.0543769,101.4829976,0.0,0,,Convenience,Conv - Indie mart,Tier 1,0.0
ChIJIyhdrRhTzDERITqNdM1KSJI,Huatmart,"10, Jalan Batai Laut 5, Taman Intan",Klang,3.0561134,101.4735791,0.0,0,,Convenience,Conv - Indie mart,Tier 1,0.0
ChIJY9447fpSzDERnm8kmXJf_8Y,Kedai Serbaneka Anggerik,"Pg-17, Jalan Plumbum U 7/U, Seksyen 7",Shah Alam,3.0671556,101.4892291,0.0,0,012-208 8989,Convenience,Conv - Generic kedai,Tier 1,0.0
ChIJq6qqqmNNzDERjtVUU-scGjQ,Pasar Mini Rasul,"Kompleks Automobil, No. 20G Blok 7, Jalan Pahat H15/H, Seksyen 15, Selangor",Shah Alam,3.062357,101.5276472,0.0,0,016-498 9200,Convenience,Conv - Mini-mart,Tier 1,0.0
ChIJZb-dFQNNzDERNx8oPwYwGvY,REZEKII SPEED MART,"13-56-G, Jalan Pahat J 15/J, Seksyen 15",Shah Alam,3.0649932,101.5268057,0.0,0,,Convenience,Conv - Indie mart,Tier 1,0.0
ChIJe7wwc0NNzDERcD6FXbK5r6k,Mini Market Pak Teh,"5, Jalan Singa G20/J, Seksyen 20",Shah Alam,3.0511505,101.5385528,0.0,0,012-236 6952,Convenience,Conv - Mini-mart,Tier 1,0.0
ChIJleKtkVpNzDERgOLeHJvN5wE,19mart - Seksyen 19,"62G, Jalan Nelayan 19/B, Seksyen 19",Shah Alam,3.0491738,101.5336472,0.0,0,03-5545 6569,Convenience,Conv - Indie mart,Tier 1,0.0
ChIJ5_k4kYZSzDERmQEQ-erDRbE,Azfa Mart,"Kompleks Pkns Shah Alam, G37, Persiaran Tasik, Seksyen 14",Shah Alam,3.07068,101.51729,0.0,0,03-5519 0221,Convenience,Conv - Indie mart,Tier 1,0.0
ChIJc5JBAPFTzDERN-i7QkpjKck,Ustaz Nasaruddin Mart,"Kompleks Pkns Shah Alam, 11, Persiaran Sultan, Seksyen 14",Shah Alam,3.0717903,101.5170377,0.0,0,,Convenience,Conv - Indie mart,Tier 1,0.0
ChIJIRBGHlRTzDER2c5ib6qYmO8,Umaramart,"No 5 tingkat Bawah, Bangunan Darul Ehsan",Shah Alam,3.0746361,101.5179238,0.0,0,019-644 6136,Convenience,Conv - Indie mart,Tier 1,0.0
ChIJycq7faJTzDER_ofrJuyqD1g,Al-Azhariah Mart,"Jalan Kepau 18/4, Seksyen 18",Shah Alam,3.0451953,101.5190517,0.0,0,,Convenience,Conv - Indie mart,Tier 1,0.0
ChIJKYidWxJLzDER4dZJGeOAmsQ,RC Smart Mart,"Block B-G-17, Kompleks Suria Kinrara, 1, Jalan Kinrara, Taman Kinrara Seksyen 3",Puchong,3.0619617,101.6420314,0.0,0,016-267 8222,Convenience,Conv - Indie mart,Tier 1,0.0
ChIJvcsX1Q9LzDERvnyZOCPkeWs,Pasar Mini All & Isra Enterprise - Mini Market,"Jalan TK 1/11, Taman Kinrara Seksyen 1",Puchong,3.0636127,101.6471609,0.0,0,,Convenience,Conv - Mini-mart,Tier 1,0.0
ChIJzzbBWRFLzDERGgbd9bSdC9E,KK Super Mart Taman Kinrara (4) (KRR4),"No.54, Jalan Kinrara 4/5, Taman Kinrara",Puchong,3.0659501,101.6376897,0.0,0,,Convenience,Conv - KK Mart,Tier 1,0.0
ChIJC6PSaQRLzDERosddUSxGL3w,GetGoValueMart Kinrara Mas,"Bukit Jalil, A-03-2A Kinrara Mas Condominium, Jalan Mas 1, Kinrara Mas",Bukit Jalil,3.0607911,101.6495424,0.0,0,012-282 3462,Convenience,Conv - Indie mart,Tier 1,0.0
ChIJzVbOCfdLzDERRETtNRNXXrc,Eco Mart - Aman Bukit Jalil,"Shop 3A and 2A, B-M-01, Residensi Aman, Bukit Jalil",Kuala Lumpur,3.0587179,101.691192,0.0,0,011-5558 3949,Convenience,Conv - Indie mart,Tier 1,0.0
ChIJpY810243zDERO4iG3k-TAM4,"KK Super Mart Sungai Besi, Jalan 1C ( SB1C)","No.11-G, Jalan 1C/146, Off, Jalan Sungai Besi",Kuala Lumpur,3.0684034,101.7052336,0.0,0,,Convenience,Conv - KK Mart,Tier 1,0.0
ChIJzWpCMwA1zDERvrH4yQYkHT8,GROCERVILLE,"6, Jalan Sayang 5, Taman Rasa Sayang",Cheras,3.0722738,101.7566093,0.0,0,,Convenience,Conv - Sundry/grocer,Tier 1,0.0
ChIJmUwRvts0zDERP5jCYG4T7gE,Kedai Komunity Save More,"Jalan Suarasa 8/4, Town Park 1 Bandar Tun Hussein Onn",Cheras,3.0462337,101.7598547,0.0,0,,Convenience,Conv - Generic kedai,Tier 1,0.0
ChIJIWZt92dXzDERP483fB-ZKqM,PASAR MINI ARENA ENTERPRISE,"86, Jalan Besar, Pekan Kapar",KLANG,3.1381618,101.3721829,0.0,0,,Convenience,Conv - Mini-mart,Tier 1,0.0
ChIJwUHXTslTzDERtC4V78X-KLw,Ar-Rohmah Halal Mart,"21, Jalan Klang Sentral 10/KU5, Taman Klang Sentral",Klang,3.1116154,101.4413695,0.0,0,019-280 8680,Convenience,Conv - Indie mart,Tier 1,0.0
ChIJ3UTrZwBXzDERvswoS3Zs3QY,Pasar Mini Sri Meenas • Sri Meenas Enterprise,"29a, Jalan Meru Setia 1, Taman Meru Indah",Kapar,3.1358711,101.4181725,0.0,0,010-360 6165,Convenience,Conv - Mini-mart,Tier 1,0.0
ChIJHyS0n_JTzDER1UlnqegCwAU,Pasar Mini Song Shu,"12-1-1, 12-1-1, Jalan Setia Prima G U13/G, Setia Alam",Shah Alam,3.0967198,101.4452718,0.0,0,012-239 3788,Convenience,Conv - Mini-mart,Tier 1,0.0
ChIJM9HICchPzDERq9uCYoA8Mkw,LWI MART ONLINE SHOP,"42, JALAN PULAU ANGSA U10/29 TAMAN PUNCAK PERDANA SHAH ALAM",SELANGOR,3.1275474,101.4947713,0.0,0,018-666 5528,Convenience,Conv - Indie mart,Tier 1,0.0
ChIJ4bdP87tNzDERsjBIeUT71EA,"KK Mart Shah Alam, Seksyen U8 (2) ( SU82 )","No.15 Ground Floor, Jalan Arca P U8/P, Bukit Jelutong, Seksyen, U8 Shah Alam",Shah Alam,3.1089031,101.5395103,0.0,0,,Convenience,Conv - KK Mart,Tier 1,0.0
ChIJCynGGXpNzDER1GSWWRxN408,Econsave Bukit Jelutong - Pasar Ekonomi Mart,"No A3-35 & A3-37, Jalan Arca P U8/P, Laman Idaman Bukit Jelutong, Seksyen, U8 Shah Alam",Shah Alam,3.1087795,101.540238,0.0,0,,Convenience,Conv - Indie mart,Tier 1,0.0
ChIJo-rjuDYxzDER6ZWb9cX7Wpk,KaF Fresh Mart,"3, Jalan Pinggiran Delima 2/5, Taman Pinggiran Delima",Hulu Langat,3.1216829,101.8096173,0.0,0,019-776 9520,Convenience,Conv - Indie mart,Tier 1,0.0
ChIJa9DXtx03zDERo3ftBGRYDkM,Eco Mart - Brezza,"Brezza One Residency, SHOP 2 & SHOP 3, RESIDENSI BAYU 1, Jalan Bayu Utama, BUKIT AMPANG PERMAI",Ampang,3.122301,101.7838295,0.0,0,011-5507 1521,Convenience,Conv - Indie mart,Tier 1,0.0
ChIJPUxNtTEzzDERs7zKcSA-iFc,KK Super Mart Residence Anggerik Wira ( RAW ),"No.01-07, Residence Anggerik Wira, Jalan Sungai Tekali",Hulu Langat,3.1121244,101.8278966,0.0,0,,Convenience,Conv - KK Mart,Tier 1,0.0
ChIJYeHpCQAxzDERsX1YDi1g1zE,Oldskool Camper Mini Mart Malaysia,"Jalan Kampung Sungai Semungkis, Sungai Semungkis",Hulu Langat,3.1300633,101.8227034,0.0,0,,Convenience,Conv - Mini-mart,Tier 1,0.0
ChIJ95doUMVXzDERUvGFnjVfXAA,Kedai Nenek Siti,"Lot 4088 Jalan Bahagia, Kg. Bukit, Kapar, 42200, Klang, Kampung Bukit Kapar",Kapar,3.1682264,101.4305696,0.0,0,,Convenience,Conv - Generic kedai,Tier 1,0.0
ChIJP1BoeQBXzDERSj_WBX44VMI,KEDAI RUNCIT G SETIA JAYA,"Lot 3771, Jalan Iskandar, Kampung Bukit Kapar",Kapar,3.1616561,101.4312895,0.0,0,011-1763 2414,Convenience,Conv - Kedai runcit,Tier 1,0.0
ChIJF_zOYHdNzDEReVurV98s-eU,EasyGrocer,"DG23A, Medalla @ Oasis corporate park, 2, Jalan PJU 1a/2, Oasis Damansara, Ara Damansara",Petaling Jaya,3.1128233,101.5770132,0.0,0,017-261 2038,Convenience,Conv - Sundry/grocer,Tier 1,0.0
ChIJQwXY2t9LzDERKC3WKiM5gRY,I-Pmart Life Style Sdn. Bhd.,"Plaza 33 Level 20, No. 20-1, Jalan Kemajuan Section 13, Selangor",Petaling Jaya,3.1102539,101.6384383,0.0,0,03-7931 8389,Convenience,Conv - Indie mart,Tier 1,0.0
ChIJBQT7wN1LzDERYpycVpQhTdY,Ge Mart,"Blok 6-G-01, Jalan Utara, Pjs 52",Petaling Jaya,3.1066903,101.6401723,0.0,0,03-7932 5350,Convenience,Conv - Indie mart,Tier 1,0.0
ChIJ9Woy6uFLzDERyl8nO1jimb8,Komastaa Mart,"Jalan 14/20, Seksyen 14",Petaling Jaya,3.1120162,101.634261,0.0,0,013-486 9201,Convenience,Conv - Indie mart,Tier 1,0.0
ChIJI26XNnA3zDEReJtN1CwRJAE,Eco Mart • One Residences,"Level 7, No.128, One Residences, Jalan Sungai Besi, Chan Sow Lin",Kuala Lumpur,3.1172425,101.7072124,0.0,0,011-1051 4055,Convenience,Conv - Indie mart,Tier 1,0.0
ChIJhSPmYIc2zDERoAxplDtIxGM,Shuang He Mini Market,"No. 3, Grd floor, Jalan Bunga Cempaka 6a, Taman Muda",Kuala Lumpur,3.1175839,101.7528418,0.0,0,03-4297 4562,Convenience,Conv - Mini-mart,Tier 1,0.0
ChIJTzN8jww1zDERZzMFlJjeric,99 Speedmart 3847 Taman Cheras Utama,"No: 1 (Ground Floor, Jalan 7/95b, Taman Cheras Utama",Kuala Lumpur,3.1045026,101.7499743,0.0,0,03-3362 6863,Convenience,Conv - 99 Speedmart,Tier 1,0.0
ChIJX8edD0ZPzDEREF4ARyCeFZI,Econsave Taman Subang Impian - Pasar Ekonomi Mart,"27G, Jalan Uranus AG U5/AG, Seksyen U5",Shah Alam,3.1666481,101.5339165,0.0,0,,Convenience,Conv - Indie mart,Tier 1,0.0
ChIJl0bRpgNRzDER8ZOfy2fnQ7Q,"KK Super Mart Shah Alam, Seksyen U5(7) ( SU57 )","No.7-1, Jalan Zuhrah BH U5/BH, Seksyen U5",Shah Alam,3.1632295,101.5443201,0.0,0,,Convenience,Conv - KK Mart,Tier 1,0.0
ChIJNdDAdwBPzDER3KL5xnAMlxc,CF VALUE MART KEDAI DUA RINGGIT,"6 JALAN PEKAKA 8/4 SESKYEN 8, Kota Damansara",Petaling Jaya,3.175974,101.5759789,0.0,0,017-769 1877,Convenience,Conv - Indie mart,Tier 1,0.0
ChIJOyoMeQBPzDER03E97ge_8us,CF Value Mart (KD4),"20, Jalan Camar 4/2, Kota Damansara",Petaling Jaya,3.1532029,101.5791144,0.0,0,,Convenience,Conv - Indie mart,Tier 1,0.0
ChIJTbcqnt9FzDERY6Y04C80LxI,"KK Super Mart Rawang, Masgenuine Square ( RMG )","No.10, Kg Damai, Taman Masgenuine Square",Rawang,3.2348691,101.5425186,0.0,0,,Convenience,Conv - KK Mart,Tier 1,0.0
ChIJ55CjMQBFzDERS5ghWZN_UNQ,SR QUIKMART ENTERPRISE,"Rotary Square, Jalan Medan Tuanku, Chow Kit",Kuala Lumpur,3.2053836,101.544361,0.0,0,,Convenience,Conv - Indie mart,Tier 1,0.0
ChIJt6iALq9bzDERaE0mWINn12U,Kedai Serbaneka Jim Tiga,"Lot 1347-F, Jalan Besar",Kampung Kubu Gajah,3.2066004,101.5150654,0.0,0,017-303 8398,Convenience,Conv - Generic kedai,Tier 1,0.0
ChIJ7S8FpSJIzDERyqjQ52QejgU,Kedai Serbaneka Convenience Store,"40, Jalan Lumut, Titiwangsa Sentral",Kuala Lumpur,3.1706,101.6963064,0.0,0,,Convenience,Conv - Generic kedai,Tier 1,0.0
ChIJo6XwYT1IzDERpb8CsPbQuFs,Pasar Mini Mahmod,"149, Jalan Sultan Azlan Shah",Kuala Lumpur,3.1709555,101.6938559,0.0,0,03-4043 3029,Convenience,Conv - Mini-mart,Tier 1,0.0
ChIJ18PejBg3zDERCifoY6y3yQ0,Kedai Runcit Mursal Enterprise,"166, Jalan Enggang, Taman Keramat",Kuala Lumpur,3.1696118,101.7456318,0.0,0,,Convenience,Conv - Kedai runcit,Tier 1,0.0
ChIJQRbz9zw3zDERt7UxHh_GWws,BilaBila Mart - The Elements,"G-5, GROUND FLOOR PODIUM, NO. 5, JALAN BEMBAN, OFF, JALAN AMPANG",Kuala Lumpur,3.1617636,101.7482193,0.0,0,,Convenience,Conv - BilaBila Mart,Tier 1,0.0
ChIJvfnrLTk3zDER45jQAppADAk,KEDAI RUNCIT AGAM JAYA,"7a, Jalan AU 2b, Taman Keramat",Kuala Lumpur,3.1739697,101.7457343,0.0,0,,Convenience,Conv - Kedai runcit,Tier 1,0.0
ChIJfRNd4jY3zDERFDpSCRWefOU,STIC MART,"B3-3A, BLOCK B, Jalan Selaman 1, DATARAN PALMA",Ampang,3.1550907,101.7506278,0.0,0,011-2821 1695,Convenience,Conv - Indie mart,Tier 1,0.0
ChIJ2Tw3vQY3zDERBFC3zjsanjA,Double 7 Mini Market,"Block B - G - 2, Jalan 13d, Desa Permai",Ampang,3.1570071,101.7572941,0.0,0,,Convenience,Conv - Mini-mart,Tier 1,0.0
ChIJ_S2XM_ZbzDERW3HersuRi3Y,Kedai Serbaneka Jimat,"25g, Jalan Bidara 10, Saujana Utama 3",Sungai Buloh,3.2008097,101.4854496,0.0,0,,Convenience,Conv - Generic kedai,Tier 1,0.0
ChIJra7CP71bzDER3miNpWGxxfY,"KK Super Mart Sungai Buloh, Bandar Seri Coalfields ( SBSC )","10, Jalan BSC 2B/2 Presint 2 Bandar seri Coalfields",Sungai Buloh,3.2465502,101.4753341,0.0,0,,Convenience,Conv - KK Mart,Tier 1,0.0
ChIJuUDFSYpZzDER2BtyDAru-yw,KK Super Mart Bandar Puncak Alam (3) ( BPA 3 ),"23, Jalan Dataran Suria 15/7/1, Seksyen 15",Puncak Alam,3.233828,101.4148012,0.0,0,,Convenience,Conv - KK Mart,Tier 1,0.0
ChIJRcPfFABZzDER52hq-a13bmM,MHZ niaga mini mart,"19, Jalan Astana A 13/A",Puncak Alam,3.2438824,101.4252565,0.0,0,,Convenience,Conv - Mini-mart,Tier 1,0.0
ChIJ1RYUuplZzDERNTSp6JHr0us,Kedai Runcit Simpang Y,"Jalan Sekolah, Kampung Bukit Kapar",Kapar,3.2062346,101.4073763,0.0,0,,Convenience,Conv - Kedai runcit,Tier 1,0.0
ChIJ-0V6OwA7zDERBR8v3xF4Nmo,Kedai runcit sinar,"Perumahan Jab Hutan, Kampung Padang",Hulu Langat,3.1958484,101.8558989,0.0,0,,Convenience,Conv - Kedai runcit,Tier 1,0.0
ChIJn8MSKfD3zDERYeyNos6jrqQ,Lia altab enterprise mini mart,78CQ+JH,Jeram,3.2715428,101.3389605,0.0,0,,Convenience,Conv - Mini-mart,Tier 1,0.0
ChIJnSGgnkxDzDERRFtmbAkc_gM,Yaalz Mart,"Unit No, 37-G, Jalan 3/1, Setia Eco Templer",Rawang,3.2878801,101.6388626,0.0,0,011-7030 6690,Convenience,Conv - Indie mart,Tier 1,0.0
ChIJT0pk4VdFzDERlNPQhPG2JiM,99 Speedmart 3719 Pusat Komersial LGSB,"No: 6 & 7 (Ground Floor, Jalan LGSB 1/3, Pusat Komersial LGSB",Sungai Buloh,3.2117734,101.5765463,0.0,0,03-3362 6863,Convenience,Conv - 99 Speedmart,Tier 1,0.0
ChIJ5XMNfexFzDERbX4CoXIn6XQ,Bumi Mas Mini Market,"Jalan D/A 1, Kampung Desa Aman",Sungai Buloh,3.2063432,101.5960049,0.0,0,,Convenience,Conv - Mini-mart,Tier 1,0.0
ChIJ3RjRXlpFzDERrgmj9sNGAAs,Kedai Runcit Muara Indah,"Vista Shop, B005, Jalan PJU 10/3d, Damansara Damai",Petaling Jaya,3.1988401,101.5934044,0.0,0,018-284 0500,Convenience,Conv - Kedai runcit,Tier 1,0.0
ChIJzyX29klPzDERS8IntpFeuAk,KK Super Mart Damansara Damai (2) (DDM2),"B, PJU10, Apartment Lestari, B-LG1-03A, Blok B, No.1, Jalan PJU 10/18, Damansara Damai",Petaling Jaya,3.1965569,101.596062,0.0,0,,Convenience,Conv - KK Mart,Tier 1,0.0
ChIJn2Ebf-E5zDER9LNkUyga520,Stop & Shop Mart (Mahallah Hafsah Mart),"Universiti Islam Antarabangsa Malaysia, Mahallah Hafsah",Jalan Imam Malik,3.2548129,101.7342318,0.0,0,016-311 2154,Convenience,Conv - Indie mart,Tier 1,0.0
ChIJ15wJbgBHzDERFg1BfKo9nEQ,JOM KE 3M Mini Market Meraya Residensi Metro Kepong,"G-05, Residensi Metro Kepong, 5, Jalan Metro Perdana Barat, Taman Metropolitan Kepong",Kuala Lumpur,3.2193732,101.6429575,0.0,0,03-4810 0745,Convenience,Conv - Mini-mart,Tier 1,0.0
ChIJmdzFqAdHzDERfkg9Njdchog,KK SUPER MART Kepong Perdana (2) (KPD2),"PPR Pekan Kepong Setia, Jalan Silang, Taman Indah Perdana",Kuala Lumpur,3.2180944,101.6378698,0.0,0,011-2836 1572,Convenience,Conv - KK Mart,Tier 1,0.0
ChIJjRQauUZGzDERnveXtdE4_SA,St Sun Mart,"No. 5, Jalan Metro Perdana Timur 3, Wilayah Persekutuan",Kuala Lumpur,3.2149129,101.6452459,0.0,0,019-360 7772,Convenience,Conv - Indie mart,Tier 1,0.0
ChIJJVRdmPxHzDERMztTT-lz9jg,Eco Mart - M Luna,"KIOSK 2, GROUND FLOOR, BLOCK B, RESEDENSI M LUNA, NO888, JALAN LINGKARANG TENGAH 2, Kepong",KEPONG,3.2276646,101.6513482,0.0,0,011-5589 1521,Convenience,Conv - Indie mart,Tier 1,0.0
ChIJTQCpOu9HzDER4xgtnhCNUAE,KK Super Mart Residensi Alam Vista Aman ( RAV ),"Kiara, G- 06, Residensi Alam Vista Aman (AVA, Jalan Benteng Utara, Kiara Bayu",Kuala Lumpur,3.2245593,101.6536047,0.0,0,,Convenience,Conv - KK Mart,Tier 1,0.0
ChIJ_1IdEHRHzDERgwJYjESWCQ4,Triple A Success Mart,"No. 140, Jalan Sbc 3, Taman Sri Batu Caves",Batu Caves,3.2348547,101.6891913,0.0,0,03-6178 7860,Convenience,Conv - Indie mart,Tier 1,0.0
ChIJdR2kgLVAzDER9IvqvIUPPxs,sri jayamalini super grocery,"no106, Jalan Sbc 3, Taman Sri Batu Caves",Kuala Lumpur,3.234501,101.688151,0.0,0,03-6187 4246,Convenience,Conv - Sundry/grocer,Tier 1,0.0
ChIJBU7PFnFHzDERTuepPG8k6g4,CSR Mini Market,"48, Jalan SM 3, Taman Sunway",Batu Caves,3.2367529,101.6916426,0.0,0,016-366 7996,Convenience,Conv - Mini-mart,Tier 1,0.0
ChIJqzkXJgBHzDERLqtCp75einw,Alfamart Batu Caves,"7M7R+9V, LOT 46355, Jalan Nenas",Batu Caves,3.2630662,101.6912611,0.0,0,,Convenience,Conv - Indie mart,Tier 1,0.0
ChIJxXySOwBHzDERi_SgzHFuhM4,Alfamart BCU,"No: 2 & 3 (Ground Floor, Jalan BCU 1, Kawasan Perindustrian Batu Caves Utara",Batu Caves,3.2653556,101.6807946,0.0,0,,Convenience,Conv - Indie mart,Tier 1,0.0
ChIJi7RmWklHzDERxdfQCFFCrMg,Kedai Runcit Muzhar,"17, Jalan 2a/1, Taman Bandar Baru Selayang Fasa 2a",Batu Caves,3.2629911,101.6780674,0.0,0,03-6177 3011,Convenience,Conv - Kedai runcit,Tier 1,0.0
ChIJgd38mo05zDERqWZDiPUiebI,KK Super Mart Taman Permata ( TPM ),"2756, Jalan Changkat Permata, Taman Permata",Kuala Lumpur,3.2067431,101.7513383,0.0,0,,Convenience,Conv - KK Mart,Tier 1,0.0
ChIJqW20GMg5zDERX8bTvfTlPfI,Eco Mart - M Adora,"SHOPLOT 1, M Adora Residensi, 7, Jalan Wangsa Melawati 1, Wangsa Maju",Kuala Lumpur,3.2042328,101.7459415,0.0,0,011-5587 1521,Convenience,Conv - Indie mart,Tier 1,0.0
ChIJdaqZBoo5zDERykUWtD46UH0,RIYAS MINI MARKET,"14, Jalan Au5D/1",Kuala Lumpur,3.2032482,101.7502927,0.0,0,016-667 7128,Convenience,Conv - Mini-mart,Tier 1,0.0
ChIJmyA5osA5zDERpwVATiwXcSs,99 Speedmart 3886 Tar UMT,"Lot 3 (Ground Floor, Tunku Abdul Rahman University of Management and Technology (TAR UMT), Jalan Genting Kelang, Setapak",Kuala Lumpur,3.2153967,101.7290312,0.0,0,03-3362 6863,Convenience,Conv - 99 Speedmart,Tier 1,0.0
ChIJcShktVNhzDERh1qIUW3Z44I,Kedai runcit Teja,"Jalan Gemilang, Kampung Jaya Setia",Batang Berjuntai,3.363545,101.42019,0.0,0,,Convenience,Conv - Kedai runcit,Tier 1,0.0
ChIJixqFZpr0zDERg7ERSXIfS3o,AB Mini Market,"21, Jalan Telaga Tujuh 2, Taman Telaga Tujuh",Kuala Selangor,3.3271089,101.2621107,0.0,0,03-3289 2171,Convenience,Conv - Mini-mart,Tier 1,0.0
ChIJfQ2RsIf1zDERReR3eyQ2EGo,PASAR MINI TAMAN PADUKA,"36, Jalan 1, Taman Paduka",Kuala Selangor,3.3244066,101.2639551,0.0,0,013-305 7276,Convenience,Conv - Mini-mart,Tier 1,0.0
ChIJmfVtI5f1zDERXbW5DHZhbcU,Chennai Grocer (Ksel) Sdn Bhd,"18, Jalan Bendahara 1, Taman Bendahara",Kuala Selangor,3.3225004,101.2659664,0.0,0,011-5427 2115,Convenience,Conv - Sundry/grocer,Tier 1,0.0
ChIJzz8OkA3zzDERaGm5alDK1ac,"KK Super Mart Kuala Selangor, Raja Jalil ( KSRJ )","No.15, Lot PT 2, Jalan Raja Jalil Pekan",Kuala Selangor,3.3400362,101.249434,0.0,0,,Convenience,Conv - KK Mart,Tier 1,0.0
ChIJQUXBNABpzDER2YxzEo8fqIw,Jamal freshmart 2,"9HPG+Q9, Bukit Sentosa",Rawang,3.3868872,101.5758732,0.0,0,,Convenience,Conv - Indie mart,Tier 1,0.0
ChIJm11dT-IVzDERUDwqDBRW9tg,"KK Super Mart Genting Permai, Vista Residences ( GPVR )","P-G-12, Vista Residences, Genting Permai Avenue",Genting Highlands,3.3874107,101.7725749,0.0,0,,Convenience,Conv - KK Mart,Tier 1,0.0
ChIJuUuI61lCzDERZdegBzs2mhg,Kedai Serbaneka AV Ravi,"39, 23, Jalan Welman, Pusat Bandar Rawang",Rawang,3.3204666,101.5761427,0.0,0,,Convenience,Conv - Generic kedai,Tier 1,0.0
ChIJGS1Vu1BCzDER4eyg9ODiA-A,Chill One Stop Mart,"Jalan Bandar Rawang 12, Pusat Bandar Rawang",Rawang,3.3196272,101.576852,0.0,0,,Convenience,Conv - Indie mart,Tier 1,0.0
ChIJbbb9-OZDzDERfepPDzZfaMM,Kedai Ban San,"77, JALAN TENGAH, Kampung Sungai Terentang",Rawang,3.3094302,101.5867863,0.0,0,,Convenience,Conv - Generic kedai,Tier 1,0.0
ChIJh6_zLwBDzDER23qqhax8UfA,Terobozz Indomartt Enterprise,"13, 1/3, jalan, Pusat Bandar Country Homes",Rawang,3.3256869,101.5248909,0.0,0,,Convenience,Conv - Indie mart,Tier 1,0.0
ChIJmWlVRnddzDERA2pRsKtMYSA,23 MART,"M-Avenue@M-Residence, 27, Jalan MR 1/4",Rawang,3.3194503,101.509527,0.0,0,019-459 2301,Convenience,Conv - Indie mart,Tier 1,0.0
ChIJC4eAyipvzDER7_UPARn3Iy4,"KK Super Mart Rawang, Apartment Dahlia ( RAD )","No.G-G, Apartment Dahlia, 13A, Jalan Bunga Raya 1, Taman Bunga Raya",Rawang,3.4376773,101.5490767,0.0,0,,Convenience,Conv - KK Mart,Tier 1,0.0
ChIJ3717LrcFzDERYgs6w8IvRxI,"KK Super Mart Pahang, Karak, Jalan Besar ( PKRB )","No.68, Jalan Besar",Karak,3.4150254,102.0337546,0.0,0,,Convenience,Conv - KK Mart,Tier 1,0.0
ChIJdRqLd7ttzDERwMnpMrnSkD4,99 Speedmart 3659 Pekan Baru Batang Kali,"No: 3 & 5 (Ground Floor, Jalan Jati Utama 2, Pekan Baru",Batang Kali,3.4684924,101.638484,0.0,0,03-3362 6863,Convenience,Conv - 99 Speedmart,Tier 1,0.0
ChIJvTPzSvUbzDERRMSyiHyl3W4,Kedai runcit Ariel enterprise,Taman Chegar Medang,Bentong,3.4915744,101.9375652,0.0,0,,Convenience,Conv - Kedai runcit,Tier 1,0.0
ChIJWQYk3jsFzDERtIMFximNGGU,99 Speedmart 3852 (PH) Jalan Ah Peng,"No: 79 (Ground Floor, Jalan Ah Peng",Bentong,3.524593,101.9066912,0.0,0,,Convenience,Conv - 99 Speedmart,Tier 1,0.0
ChIJhWFjZWQFzDERAjT_WnxGfF4,Ainayu mini market,Mempaga 1,Bentong,3.5398741,101.9664468,0.0,0,,Convenience,Conv - Mini-mart,Tier 1,0.0
ChIJV9-ZRyipzjERW6OyndqPs_0,K.A.K.MINIMART,"86B, JALAN BOLOK HILIR, Kampung Cempaka",Lanchang,3.5307973,102.1605704,0.0,0,014-212 7860,Convenience,Conv - Indie mart,Tier 1,0.0
ChIJR5lJxbKpzjERir-ZYR2_p6o,Kedai runcit lancang Jaya ent,Kampung Cempaka Kiri,Lanchang,3.5318829,102.1586764,0.0,0,,Convenience,Conv - Kedai runcit,Tier 1,0.0
ChIJ6w1arFNrzDER4OTl5zcUc0Q,Pasar Mini Murah Meriah,"1, Jalan Kaloi 1a, Taman Desa Karoi",Batang Kali,3.4263646,101.662336,0.0,0,,Convenience,Conv - Mini-mart,Tier 1,0.0
ChIJ__-vthhPzDERrFA575PWIy8,NSK Trade City Kota Damansara,"No 1, Jalan Kenyalang 11/1, Seksyen 11, Kota Damansara, PJU 5",Petaling Jaya,3.1591708,101.5921335,4.0,6365,03-6142 2066,Super/Groceries,Super - NSK,Tier 2,35.03
ChIJUQ1j4pnnzTER3MNnML0EMgM,NSK Trade City Seremban 2,"3, Jalan Haruan 2, Medan Perdagangan Oakland",Seremban,2.7050681,101.9223061,4.0,5688,03-6120 7484,Super/Groceries,Super - NSK,Tier 2,34.59
ChIJS-_NmwFLzDERoPzKdXhf3uk,NSK Trade City (Kuchai Lama),"Basement 2, Pusat Perdagangan Kuchai 2, Jalan 1/127, Off, Jalan Kuchai Lama",Kuala Lumpur,3.0853538,101.6912408,4.0,5024,,Super/Groceries,Super - NSK,Tier 2,34.09
ChIJlYAWtvHLzTERSTJeC4G9afI,ECONSAVE Bangi,"PT64442, PT63029, PT63030-PT63051, Jalan Reko Sentral 1",Kajang,2.9667055,101.7882978,3.8,3889,03-8739 3568,Super/Groceries,Super - Econsave,Tier 2,31.41
ChIJ1YB_181bzDERtBQWw90zl0g,ECONSAVE Alam Jaya Puncak Alam,"Lot PT 15792 Mukim, Pusat Perdagangan Alam Jaya",Puncak Alam,3.2374821,101.4471444,3.9,2653,03-6038 8819,Super/Groceries,Super - Econsave,Tier 2,30.75
ChIJDV531f5JzDERzgUjwx5sGU0,NSK Grocer Quill City Mall,"LG-19-21 Lower Ground, Quill City Mall, Jalan Sultan Ismail",Kuala Lumpur,3.1594544,101.7001323,4.3,1217,011-5583 1838,Super/Groceries,Super - NSK,Tier 2,30.55
ChIJSap4CBmtzTERQ3J_9Uq8Ndc,Econsave Kampung Jawa,"9900, Jalan Batu 4, Seksyen 36",Shah Alam,3.0134115,101.4892221,3.9,2170,03-5162 7053,Super/Groceries,Super - Econsave,Tier 2,29.96
ChIJPbYhPkY1zDERSbeVvmHdys0,NSK Trade City BMC Mall,"Lot G01-G03A, Ground Floor, BMC Mall, Jalan Temenggung 21/9, Persiaran Mahkota Cheras 1, Bandar Mahkota Cheras",Cheras,3.0553384,101.7866197,3.9,2115,03-9011 1756,Super/Groceries,Super - NSK,Tier 2,29.86
ChIJjVxqdHKyzTERCgnFH_m-0xA,Econsave • Bukit Kemuning,"Pasaraya Econsave Kota Kemuning, 2 jalan sungai keranji M/32M, Seksyen 32, Kota Kemuning",Shah Alam,2.9801886,101.5335284,3.8,1959,03-5121 9588,Super/Groceries,Super - Econsave,Tier 2,28.81
ChIJedBOx63LzTERtDBJjGIdBKA,Mesra,"Petronas Persiaran Jaya, Lot PT 28768 HS(M) 21664, Bandar Baru Bangi Industrial Zon 1, Sungai Ramal Dalam, Kajang",Bandar Baru Bangi,2.9724935,101.7505703,5.0,310,,Convenience,Conv - Petronas Mesra,Tier 2,28.7
ChIJVzzjNNLLzTERVNiLvBhIA2c,Billion Shopping Centre (B.B.Bangi),"Kompleks PKNS B, B.Bangi, Persiaran Bangi, Pusat Bandar",Bandar Baru Bangi,2.9618388,101.7566131,4.1,953,03-8925 3226,Super/Groceries,Super - Billion,Tier 2,28.13
ChIJiUkkU0TOzTERAoBmWVrWxwo,Econsave Rinching,"Lot 27105, Jalan 5/44, Bandar Rinching Seksyen 5",Semenyih,2.9267077,101.8583526,4.0,1102,03-8725 4267,Super/Groceries,Super - Econsave,Tier 2,28.02
ChIJS6O_YVjnzTERv-JtxYfwNU8,Econsave Forest Height (Hypermarket Wholesale),"Lot PT 20987 & 20988, Seremban Forest Height",Seremban,2.698414,101.9709854,3.9,1312,06-761 1124,Super/Groceries,Super - Econsave,Tier 2,28.0
ChIJl5Eg6G5KzDERotjKEquhrbg,Purigene NSK Kuchai Lama,"Jalan 1/127, Kuchai Entrepreneurs Park",Kuala Lumpur,3.0849356,101.6912163,4.0,1004,012-366 3232,Super/Groceries,Super - NSK,Tier 2,27.65
ChIJd-nP4xI1zDERL_aheYb-izI,NSK Trade City Taman Suntex,"Kompleks Membeli Belah NSK Cheras Lot 33924, Off, Lebuhraya Cheras - Kajang",Cheras,3.0679289,101.7667431,4.0,849,,Super/Groceries,Super - NSK,Tier 2,26.98
ChIJ31qZ2gWrzTERE6gGy6vwgzY,Billion Shopping Centre • Port Klang,"30 44, Jalan Beringin, Kawasan 13",Pelabuhan Klang,3.002701,101.3976673,3.9,997,03-3165 3221,Super/Groceries,Super - Billion,Tier 2,26.93
ChIJLSZURSFOzDERtujCL4hUo1k,ECONSAVE Kampung Baru Subang,"Lot 3761, Jalan 2D, Kampung Subang Baru",Shah Alam,3.1385508,101.529794,3.8,1120,03-7846 8236,Super/Groceries,Super - Econsave,Tier 2,26.68
ChIJczAti182zDER_dLODe-bPmM,The Store,"Jalan Pandan Indah 1/25, Pandan Indah",Kuala Lumpur,3.1325636,101.7522182,3.8,1113,03-9274 9311,Super/Groceries,Super - The Store,Tier 2,26.66
ChIJV2W9tKZTzDERbnYOaYuyZF4,NSK Trade City Klang Sentral,"2, Persiaran Klang Sentral 4, Taman Klang Sentral",Klang,3.1073152,101.4413367,4.1,653,010-398 5429,Super/Groceries,Super - NSK,Tier 2,26.58
ChIJU-yFvuKszTERej02ypQGenU,NSK - Jalan Sungai Jati,"Jalan Sungai Jati, Taman Sentosa Perdana",Klang,3.0081254,101.4794839,3.9,879,03-5161 3033,Super/Groceries,Super - NSK,Tier 2,26.44
ChIJ2dWMB31PzDERq9XmCjJSs60,NSK Trade City,Subang Impian,Shah Alam,3.1551587,101.5536548,4.1,617,03-6120 7481,Super/Groceries,Super - NSK,Tier 2,26.35
ChIJv829LR5JzDER70yE4_M-XIQ,NSK Grocer 3 Damansara,"LG 13A-17, Lower Ground Floor, 3 Damansara Mall, Jalan SS 20/27",Petaling Jaya,3.1303703,101.6273517,4.1,604,011-5583 1838,Super/Groceries,Super - NSK,Tier 2,26.26
ChIJnWoT0l9WzDERyQ0RT_WPccE,Econsave Hamzah Alang,"Lot 6854&6855, Persiaran Hamzah Alang",Kapar,3.1347102,101.385877,3.8,954,03-3250 6910,Super/Groceries,Super - Econsave,Tier 2,26.07
ChIJ-UrUCWVCzDER5IqEo-rsqNI,NSK Big Trade City Rawang Jaya,"Lorong 1, Bukit Rawang Jaya",Rawang,3.3375957,101.5799307,4.1,536,03-6091 7866,Super/Groceries,Super - NSK,Tier 2,25.77
ChIJ0yjAtfE3zDERmaBkbNqS-yk,NSK Grocer Paragon Point,"G001, Paragon Point Shopping Complex, Taman Putra",Ampang,3.120527,101.7615653,4.0,534,011-5583 1838,Super/Groceries,Super - NSK,Tier 2,25.13
ChIJS-I5t52rzTER1Eiom0jfQ-U,Econsave Pandamaran (Hypermarket Wholesale),"Lot 218 & 219, Jalan Banting KS/05, Pandamaran, Taman Perindustrian Sobena Jaya Pelabuhan Klang",Klang,2.9950415,101.4193522,4.0,530,03-3162 7134,Super/Groceries,Super - Econsave,Tier 2,25.1
ChIJj3NtwYLdzTER_EhH6oqr19M,The Store (Jalan Tuanku Munawir),"43-A, Jalan Tuanku Munawir, Bandar Seremban",Seremban,2.7265807,101.9365318,3.8,722,06-762 6280,Super/Groceries,Super - The Store,Tier 2,25.02
ChIJpXZn5ohKzDERH2C4A_RWWYI,The Store,"41, Jalan Radin Tengah, Bandar Baru Sri Petaling",Wilayah Persekutuan,3.0690471,101.6932438,3.5,1079,03-9056 3023,Super/Groceries,Super - The Store,Tier 2,24.45
ChIJq18TOLeyzTERd5sOx-0-0nE,"NSK Supermarket Taman Sri Muda,Shah Alam","1, Jalan Sepadu D 25/D, Taman Sri Muda",Shah Alam,3.0263896,101.54298,3.6,878,03-5121 5577,Super/Groceries,Super - NSK,Tier 2,24.4
ChIJPx-mvmf2zDERvxDxi2TClkw,ECONSAVE Jeram,"1, 3, 5, 7, 9 & 11, Jalan Dato' Tan Teng Kuay 2, Sungai Buloh",Jeram,3.2559811,101.3073168,3.7,696,03-3264 6588,Super/Groceries,Super - Econsave,Tier 2,24.22
ChIJweQ_eQM1zDER9pZ144WFVGw,NSK Wholesale Mart Plaza Anggerik,"Jalan 3/154, Taman Bukit Anggerik",Kuala Lumpur,3.064789,101.7473609,3.6,621,010-769 7934,Super/Groceries,Super - NSK,Tier 2,23.16
ChIJQcIJ_kRTzDERdX7wg-o8sCc,The Store Shaw Centerpoint,"Shaw Centrepoint, 01, Jalan Raja Hassan, Kawasan 18",Klang,3.0486458,101.4479135,3.8,368,03-3344 6233,Super/Groceries,Super - The Store,Tier 2,22.46
ChIJRxz937WzzTERL1pOwhQIWGQ,NSK Trade City One City USJ,"01, The Square @ One City, B1, Jalan USJ 25/1C, One City",Subang Jaya,3.0206431,101.5805998,3.8,291,03-6120 7481,Super/Groceries,Super - NSK,Tier 2,21.57
ChIJLz242Hs5zDER_jZT_kMV6VE,Iwani Frozen Food - Taman Permata,"2781, Jalan Permata 6",Kuala Lumpur,3.2077945,101.7504356,4.3,139,03-4105 1800,Super/Groceries,Super - Frozen specialist,Tier 2,21.25
ChIJWxjm7_OzzTERvTn0fuWiGPY,Econsave Seksyen 27,"N27/N, Sentral, No. 2A, 6, 8, 10, 12, 12A, 16, 27, Jalan Teluk Kapas, Seksyen 27",Shah Alam,3.013892,101.5593286,4.0,164,,Super/Groceries,Super - Econsave,Tier 2,20.42
ChIJKzKqcx71zDERLqpyAq1_fr0,Econsave Kuala Selangor (Hypermarket Wholesale),"Lot 766, Jalan Bernam, Pasir Penambang",Kuala Selangor,3.3438803,101.2555665,3.9,148,03-3281 3423,Super/Groceries,Super - Econsave,Tier 2,19.52
ChIJ1e-4r91HzDERdrMsvDt9zwQ,Mesra,"Petronas, 6600, Jalan Batu Caves, Taman Sunway Batu Caves",Batu Caves,3.2360049,101.6874247,4.0,72,1-300-88-8181,Convenience,Conv - Petronas Mesra,Tier 2,17.16
ChIJ3wRkDwBdzDERe686yOZhBRU,Econsave Kundang (Hypermarket Wholesale),"Pusat Perniagaan BBK, 1, Jalan BBK2/28, Bandar Baru Kundang",Rawang,3.2902503,101.5140903,3.8,89,,Super/Groceries,Super - Econsave,Tier 2,17.1
ChIJFch0XwBJzDER5Cp531hnb8w,NSK Grocer The Rivercity,"H-G-01, Block H, The RiverCity, Jalan Sultan Azlan Shah",Kuala Lumpur,3.1792318,101.6825639,3.6,113,011-5583 1838,Super/Groceries,Super - NSK,Tier 2,17.05
ChIJ6wOo9145zDERaRP1vy7PbGk,Mesra,"Petronas, Jalan 2/27a, Taman Wangsa Melawati",Kuala Lumpur,3.2119963,101.7442751,4.5,36,1-300-22-8888,Convenience,Conv - Petronas Mesra,Tier 2,16.25
ChIJZ3rXz4tNzDER1Ys2nkpZNW8,NSK Grocer Summit USJ,"2.55, The Summit USJ, Persiaran Kewajipan, Usj 1",Subang Jaya,3.0597248,101.5929688,3.3,136,011-5583 1838,Super/Groceries,Super - NSK,Tier 2,16.24
ChIJc2dqK8Z_zjERZWDi6ztpb5U,Econsave Titi,"1-8, Jalan Merbau 1, Taman Merbau",Titi,2.9926306,102.0733527,4.3,41,,Super/Groceries,Super - Econsave,Tier 2,16.07
ChIJP1ji35_LzTERrcRDGE5QpoE,Econsave South City (Hypermarket Wholesale),"LG 35, Lower Ground Floor, South City Plaza Persiaran Serdang Perdana, Seksyen 1, Taman Serdang Perdana",Seri Kembangan,3.0290797,101.7088536,3.0,178,,Super/Groceries,Super - Econsave,Tier 2,15.56
ChIJ5y3cUU-zzTERsXtmUhoZy8w,Puchong Frozen Sdb Bhd.,"4, Jalan TPP 6/3, Taman Perindustrian Puchong 5&6",Puchong,3.0253447,101.5991257,4.3,33,,Super/Groceries,Super - Frozen specialist,Tier 2,15.16
ChIJvdKgRZZPzDER1lBigU-_z38,ECONSAVE EXPRESS Sunway Mas,"2-1-G, Block, Jalan PJU 1/3a, Sunway Mas Commercial Center",Petaling Jaya,3.1205015,101.5999668,3.8,47,03-7499 3887,Super/Groceries,Super - Econsave,Tier 2,14.71
ChIJq_MkWgDLzTER1s_LJSX8dnk,NSK Grocer Amerin Mall,"G-11, The Amerin Mall, 16, Persiaran Impian Indah, Taman Impian Indah",Seri Kembangan,3.0249556,101.7510776,3.9,41,011-5583 1838,Super/Groceries,Super - NSK,Tier 2,14.58
ChIJY_lATDROzDERXOqS66352TQ,HL Frozen Fresh Mart,"Seksyen U3, 30M, Jalan Dinar F U3/F, Taman Subang Perdana",Shah Alam,3.1497411,101.5444868,4.4,25,,Super/Groceries,Super - Frozen specialist,Tier 2,14.34
ChIJoaFdw203zDERPzOMSLCZHg4,NSK Grocer 1Shamelin,"A-LG-01 and D-LG-01A, Level LG, 1, Shamelin Mall, 100, Jalan 4/91, Taman Shamelin Perkasa",Kuala Lumpur,3.1227822,101.7400629,3.9,36,,Super/Groceries,Super - NSK,Tier 2,14.08
ChIJT7fBr7zLzTERUYq_mwvdTnY,NMB TRADING SDN BHD,"G18, Saville kajang, 146, Jalan Langat 6, Taman Sri Langat",Kajang,2.971612,101.7886096,4.5,21,011-3794 1012,Convenience,Conv - Indie retail,Tier 2,13.91
ChIJ8bxzHABLzDERbm4RWJPHsEE,ESA TRADING HQ,"Persiaran Kinrara, Taman Kinrara Seksyen 3",Puchong,3.0620997,101.6425151,5.0,15,019-613 6556,Convenience,Conv - Indie retail,Tier 2,13.86
ChIJQdNQxdZLzDERNaZFyVysauY,Shell Select,Malaysia,"Kuala Lumpur, Petaling Jaya, Shah Alam, Klang, Subang Jaya, Cheras, Ampang, Cyberjaya, Putrajaya, Kajang, 68100 Selayang, Damansara",3.1083054,101.6535039,3.6,46,,Convenience,Conv - Shell Select,Tier 2,13.86
ChIJ3z6drwbdzTERNDBtHRdVM00,Econsave Ampangan (Hypermarket Wholesale),"Lot PT 36823, Jalan Jelebu",Seremban,2.7363063,101.9691944,4.0,28,,Super/Groceries,Super - Econsave,Tier 2,13.47
ChIJJ0ips5ZDzDEROya0R8pLuHE,WCS Frozen Food Trading,"7, Jalan Batu 18, Kampung Dato Lee Kim Sai",Rawang,3.3147887,101.5778619,4.4,20,03-6093 6193,Convenience,Conv - Indie retail,Tier 2,13.4
ChIJnf4HcgBLzDERWCujoUuY62M,NSK Grocer Amcorp Mall,"LG-22, LOWER GROUND FLOOR, AMCORP MALL, 18, Persiaran Barat",Petaling Jaya,3.1047635,101.6470702,3.5,44,,Super/Groceries,Super - NSK,Tier 2,13.32
ChIJtaI9qn_LzTERuVbvss08Sd4,Zest Frozen Food Sdn Bhd(Kajang),"No. G-23, 6, Jalan Sungai Jelok",Kajang,2.9912188,101.7929649,4.3,18,018-900 9378,Super/Groceries,Super - Frozen specialist,Tier 2,12.66
ChIJx-5NDzDLzTERytAi0dBWPh8,NSK Trade City Kajang,"Lot 10, Jalan CJ3, Kawasan Perusahaan Cheras Jaya",Kajang,3.0217135,101.7652636,3.7,22,03-9100 2771,Super/Groceries,Super - NSK,Tier 2,11.6
ChIJkxc6n1nFzTER_DWRp6Hiy-c,Econsave Nilai,"12-18, 1, Jalan Terminal, Nilai Sentral",Nilai,2.8019075,101.7982149,2.9,46,06-797 1822,Super/Groceries,Super - Econsave,Tier 2,11.17
ChIJR_SacZznzTER1Xg7FB04uHc,muhibah frozen food seremban jaya,"3989, Jalan SJ 8/5, Taman Seremban Jaya",Seremban,2.6743648,101.9789281,4.1,14,012-277 5060,Super/Groceries,Super - Frozen specialist,Tier 2,11.1
ChIJq1gcJQ3nzTERL4M6r_41KZs,Mesra,"PETRONAS - Taman Marida (HANIDA HADI ENTERPRISE), Taman Marida",Seremban,2.696251,101.9782984,4.3,12,,Convenience,Conv - Petronas Mesra,Tier 2,11.03
ChIJZYzcDgDNzTEROXLYepBq2FM,Econsave Prima Saujana Kajang,"Jalan Prima Saujana 2/F, Taman Prima Saujana",Kajang,3.009149,101.80261,3.8,15,,Super/Groceries,Super - Econsave,Tier 2,10.54
ChIJjVgCOY42zDERVTnY6Xbts_U,SHELL SELECT,"Jalan Mewah Utara, Taman Pandan Mewah",Ampang,3.124478,101.762338,3.3,22,,Convenience,Conv - Shell Select,Tier 2,10.35
ChIJ1cHDE69UzDER8zDqwhrmFzs,AMY ALIALIF FROZEN,"Bertek 456B, Jalan Sungai, Taman Wangi",Klang,3.0447848,101.4262684,3.8,14,016-210 5457,Super/Groceries,Super - Frozen specialist,Tier 2,10.29
ChIJ39z0LABHzDERShxrTcX0RiQ,THE LARIS MANIS BAKSO FROZEN ( PEMBEKAL BEBOLA DAGING BAKSO FROZEN GOMBAK ),No 5 seri selera mps taman greenwood,68100 Gombak selangor batu caves Gombak,3.2343288,101.7054987,5.0,5,010-708 9093,Super/Groceries,Super - Frozen specialist,Tier 2,8.96
ChIJ_RmyV5GzzTERlXGTkSOG2Bs,Jing Beng Trading (Puchong Prima),"block a, 01, 09, Jalan Prima 5/2, Taman Puchong Prima",Puchong,3.000991,101.5966719,4.5,6,016-902 7002,Convenience,Conv - Indie retail,Tier 2,8.76
ChIJE3tl6NrFzTERaG7VJ3q7xHM,EYZA ROS ENTERPRISE,"71700, Unnamed Road",Mantin,2.8241583,101.8687223,3.9,8,017-718 1576,Convenience,Conv - Indie retail,Tier 2,8.57
ChIJ_WJmHH4zzDERn-bY3WLky8g,Zatyndhrh Frozen Mart,"9, Jalan Seri Nanding, Taman Lagenda Suria",Hulu Langat,3.0985658,101.8031507,4.2,6,011-1138 9304,Super/Groceries,Super - Frozen specialist,Tier 2,8.17
ChIJ8VQi5X5TzDER7yV5h8OFhzY,NSK Grocer CityWalk i-City,"D-UG-01-11, Level UG, CityWalk, Persiaran Multimedia Seksyen 7, I-city",Shah Alam,3.0642159,101.4805703,2.5,24,011-5583 1838,Super/Groceries,Super - NSK,Tier 2,8.05
ChIJ31pr4EJZzDERZp3OOKOiC8E,Ramli frozen,"372, Jalan Dataran Suria 15/7",Puncak Alam,3.2342691,101.4131604,5.0,3,012-248 8394,Super/Groceries,Super - Frozen specialist,Tier 2,6.93
ChIJAUNSEXhPzDERehCSoaUkNlc,Mesra,"Petronas NKVE, New Klang Valley Expressway, Taman Putra Damai",Petaling Jaya,3.1191697,101.5928177,5.0,3,03-2300 0448,Convenience,Conv - Petronas Mesra,Tier 2,6.93
ChIJ4ySl_kZGzDER3oVVhJQXV68,SN Family Trading,"45, Jalan Metro Perdana Timur 2, Taman Usahawan Kepong",Kuala Lumpur,3.2134212,101.6467324,5.0,3,03-6250 4528,Convenience,Conv - Indie retail,Tier 2,6.93
ChIJw0M1G01dzDER2nXGCFbKDNk,KW FROZEN FOOD WHOLESALE TRADING 优鲜肉专卖店,"2, Jalan Pusat Bch 1c, Pusat Bandar Country Homes",Rawang,3.3233903,101.5243253,4.7,3,016-626 4771,Super/Groceries,Super - Frozen specialist,Tier 2,6.52
ChIJ1T0_0k_nzTERpL80h51XOEs,MIXUE NSK SEREMBAN 2,"LOT 1814 & Lot 1816, Unit 37, Jalan Haruan 2, Oakland Industrial Park",Seremban,2.7031147,101.9218712,2.6,10,012-299 2638,Super/Groceries,Super - NSK,Tier 2,6.23
ChIJHSzRLVmjzTERzDKmlnQUDZM,GRK TRADING pemborong ikan bilis/masin fresh pangkor,"14, Jalan Sepakat, Taman Sepakat",Banting,2.7945278,101.4423383,5.0,2,,Convenience,Conv - Indie retail,Tier 2,5.49
ChIJJyNX1szJzTERGPUiuUU1mYw,Famous Fresh & Frozen Supply Trading,"8, Jalan 6c/7, Taman Persiaran Bangi",Bandar Baru Bangi,2.94383,101.7642082,5.0,2,,Convenience,Conv - Indie retail,Tier 2,5.49
ChIJC8Ze2EO1zTERG9EYYw3zy3s,Mesra,"Petronas, Lot 5471 & 5473, Lebuh Puteri, Bandar Puteri",Puchong,3.0134298,101.6218819,5.0,2,03-8061 4535,Convenience,Conv - Petronas Mesra,Tier 2,5.49
ChIJ03xAcwlNzDERqWFajrOe0Uw,SMK ACE TRADING,"18, Jalan Jubli Perak 22/1, Seksyen 22",Shah Alam,3.071289,101.555386,5.0,2,011-2623 2410,Convenience,Conv - Indie retail,Tier 2,5.49
ChIJA2lvggRMzDERLTwV8PVO6B0,Mesra,"Petronas, 2, Jalan SS 4b/10, Ss 4",Petaling Jaya,3.1080769,101.6067565,5.0,2,1-300-22-8888,Convenience,Conv - Petronas Mesra,Tier 2,5.49
ChIJtw5FiMdPzDERGhZp9Qxt1kk,XY Top Trading,"8, Jalan Bulan BN U5/BN, Bandar Pinggiran Subang",Shah Alam,3.1647509,101.5474191,5.0,2,,Convenience,Conv - Indie retail,Tier 2,5.49
ChIJMXBDF-xPzDER-gpjVt4cuLI,Shell Select - Shell NKVE,"Shell, Damansara Lagenda",Petaling Jaya,3.123279,101.593629,2.6,7,,Convenience,Conv - Shell Select,Tier 2,5.41
ChIJGyC0uDgHzTERc5LUSS4OKJ0,MICAH FROZEN,"Lot 121, Jalan Susur Persiaran Masjid sultan /KS13, Kampung Sungai Pinang",Pulau Indah,2.9506245,101.3351823,3.7,3,017-665 8408,Super/Groceries,Super - Frozen specialist,Tier 2,5.13
ChIJJXnmseo3zDERZAcLx9xUSp4,FVC FRESH ENTERPRISE,"21g, Jalan Perdana 4/1, Pandan Perdana",Kuala Lumpur,3.1207827,101.7420352,3.7,3,018-220 8678,Convenience,Conv - Indie retail,Tier 2,5.13
ChIJDzoKET6zzTER6CxmatWsU3A,"Ming Kuang Trading (Fresh fruits, vegetables and frozen foods)","12, Jalan PP 2/3, Taman Putra Prima",Puchong,2.9764584,101.5911831,2.8,5,016-328 2441,Convenience,Conv - Indie retail,Tier 2,5.02
ChIJX0bj18c5zDERhZlJTY5JF4k,Mesra-Warith Iman Enterprise,"Petronas, Lot 279, Jalan Ulu Kelang, Kampung Pasir",Ampang,3.2030877,101.7588726,2.8,5,1-300-88-8181,Convenience,Conv - Indie retail,Tier 2,5.02
ChIJg3MGgrGlzTERigJW9dbNCjs,Mesra,"Petronas, Lot 2883, Jalan Sultan Alam Shah, Taman Baiduri",Banting,2.801159,101.4928537,4.5,2,1-300-22-8888,Convenience,Conv - Petronas Mesra,Tier 2,4.94
ChIJ7_VfOdfEzTERK69QA9jIwGk,Fahaliff Enterprise,Mantin,"Kuala Lumpur, Petaling Jaya, Shah Alam, Klang, Subang Jaya, Cheras, Ampang, Cyberjaya, Putrajaya, Kajang, 68100 Selayang, Damansara",2.8324532,101.8797225,4.5,2,,Convenience,Conv - Indie retail,Tier 2,4.94
ChIJP9WPf8ZLzDER74TOX3E-z8A,Mesra,"Petronas - Jalan Selangor, 15, Jalan Selangor, Pjs 6",Petaling Jaya,3.0978349,101.6472317,4.5,2,1-300-88-8181,Convenience,Conv - Petronas Mesra,Tier 2,4.94
ChIJ79R3JCVIzDERtarx9mCkBls,Cher Trading,"31B2, Lorong Haji Taib 2, Chow Kit",Kuala Lumpur,3.163278,101.6965417,4.5,2,,Convenience,Conv - Indie retail,Tier 2,4.94
ChIJeyhH7IZDzDERfb0aHW0Z1no,Select,"Shell Sentral ZZA Filling Station, Jalan Rawang - Bestari Jaya Jalan Sg Bakau, Jalan Rawang - Kuala Selangor, Sungai Bakau",Rawang,3.3195727,101.5278004,4.5,2,,Convenience,Conv - Petronas Mesra,Tier 2,4.94
ChIJwUxQiefdzTERD68_iEzjrKA,PUSAT PERABOT SS FARHAN ENTERPRISE,"17, Jalan Kayu Manis 3, Taman Kayu Manis",Seremban,2.7369956,101.971023,3.3,3,017-659 3911,Convenience,Conv - Indie retail,Tier 2,4.57
ChIJhyhKDbHFzTERDkLkGJFaopU,Mesra,Malaysia,"Kuala Lumpur, Petaling Jaya, Shah Alam, Klang, Subang Jaya, Cheras, Ampang, Cyberjaya, Putrajaya, Kajang, 68100 Selayang, Damansara",2.842322,101.8286742,4.0,2,,Convenience,Conv - Petronas Mesra,Tier 2,4.39
ChIJVx-wc3_LzTERNJi34oOTDxQ,Mesra,"Petronas, Lot, PT 55687, Persiaran Kemajuan, Seksyen 9",Bandar Baru Bangi,2.9610826,101.7511302,4.0,2,018-325 9842,Convenience,Conv - Petronas Mesra,Tier 2,4.39
ChIJ-9pfQJiszTERth8C8v1BaT4,Geehushim Frozen,"41200, 2-28, Jalan Sri Sarawak 14, Taman Sri Andalas",Klang,3.0151885,101.4436617,3.5,2,,Super/Groceries,Super - Frozen specialist,Tier 2,3.85
ChIJe5HPtd-UzTER6UllSxrFj3E,Samj Frozen Food Enterprise,Sepang,"Kuala Lumpur, Petaling Jaya, Shah Alam, Klang, Subang Jaya, Cheras, Ampang, Cyberjaya, Putrajaya, Kajang, 68100 Selayang, Damansara",2.6793226,101.6856363,5.0,1,019-384 9456,Super/Groceries,Super - Frozen specialist,Tier 2,3.47
ChIJP4_ezWu5zTERFYLwu2ODsI8,WBC Frozen Food,Taman Langat Utama,Banting,2.8008406,101.6560459,5.0,1,,Super/Groceries,Super - Frozen specialist,Tier 2,3.47
ChIJKRPuP8DpzTERzlDE6oVYEXs,Mesra,Malaysia,"Kuala Lumpur, Petaling Jaya, Shah Alam, Klang, Subang Jaya, Cheras, Ampang, Cyberjaya, Putrajaya, Kajang, 68100 Selayang, Damansara",2.7009263,101.8221315,5.0,1,,Convenience,Conv - Petronas Mesra,Tier 2,3.47
ChIJb3fCdgDHzTERx282S0J2slE,A k Danish enterprise,"2, Jalan Kenanga 1/6, Bandar Baru Salak Tinggi",Sepang,2.8345873,101.7390123,5.0,1,,Convenience,Conv - Indie retail,Tier 2,3.47
ChIJPVY0CgAHzTERDftS_UAkq6U,Sofiah Sadiq Enterprise 2,Kampung Perigi Nenas,Pulau Indah,2.9327163,101.3153802,5.0,1,,Convenience,Conv - Indie retail,Tier 2,3.47
ChIJpbvtefUBzTERkI82QZugEZI,Kim Chin Guan Enterprise,"34K, Jalan Besar",Pulau Ketam,3.0208338,101.2531328,5.0,1,016-616 1713,Convenience,Conv - Indie retail,Tier 2,3.47
ChIJA4vNCACzzTERHUjYMGvAc1Q,Tanisha Enterprise,"35-AG, Lingkaran Dagang Mas, Taman Mas Sepang",Puchong,2.9737129,101.5814577,5.0,1,,Convenience,Conv - Indie retail,Tier 2,3.47
ChIJZ0-UEfzLzTERKXG-wFFkv2E,Double A Star Enterprise,"2-12, Jalan Hentian 3, Taman Tenaga",Kajang,2.9579899,101.7912041,5.0,1,,Convenience,Conv - Indie retail,Tier 2,3.47
ChIJQSiHcFutzTER8wIQUKEA3VE,Sri rane enterprise,"No 16.lintang, Jalan Dato Dagang, Taman Sentosa",Klang,3.0033378,101.4626544,5.0,1,,Convenience,Conv - Indie retail,Tier 2,3.47
ChIJHZpXPz6tzTERoS71jkqCezY,GSY KVAN TRADING,"16, Lorong Sanggul 1b, Bandar Puteri",Pelabuhan Klang,2.9878624,101.4669944,5.0,1,,Convenience,Conv - Indie retail,Tier 2,3.47
ChIJxz_s56GyzTERGmaKnh2a4BI,Huang's Trading Co.,"Lot 1278, Batu, 8, Jalan Bukit Kemuning",Shah Alam,3.0162022,101.5291078,5.0,1,,Convenience,Conv - Indie retail,Tier 2,3.47
ChIJ7eiDtVqzzTERm62965eHlHg,Amsyar Jaya Enterprise,"Lot 13D, Jalan Andalas, Kampung Seri Andalas",Puchong,3.0059248,101.5913322,5.0,1,,Convenience,Conv - Indie retail,Tier 2,3.47
ChIJ17jLdm5XzDERPeGP9vZ40b4,Raaja Enterprise,"191, Jalan Raja Mokhtar 4, Kampung Perepat",Kapar,3.1369176,101.3721153,5.0,1,017-242 7119,Convenience,Conv - Indie retail,Tier 2,3.47
ChIJdYy8fgBPzDERhaBh8FplVTU,Amin Rs Enterprise বাংলা দোকান,"Lot 3761, Jalan 2D, Kampung Subang Baru",Shah Alam,3.1381509,101.5298104,5.0,1,011-1795 9883,Convenience,Conv - Indie retail,Tier 2,3.47
ChIJi7v5KgBPzDERAyG0DCCVZY0,MF market enterprise,"6, Jalan Matahari Aa U5/Aa, Taman Subang Damai",Shah Alam,3.1666568,101.5416886,5.0,1,,Convenience,Conv - Indie retail,Tier 2,3.47
ChIJKVUmoR5PzDER7-NQ2c2H0T8,Johar Mansyur Enterprise,"SEK U5, 1G, Jalan Matahari Aa U5/Aa, Bandar Pinggiran Subang",Shah Alam,3.1664406,101.5417053,5.0,1,013-680 0318,Convenience,Conv - Indie retail,Tier 2,3.47
ChIJY5JBaNc2zDERS_Y9EprECZc,Lembah Permai Trading,"B-G-08, Blok 2, Jalan Permai 8, Desa Lembah Permai, Lembah Jaya Utara",Ampang,3.1473613,101.787746,5.0,1,011-1187 5611,Convenience,Conv - Indie retail,Tier 2,3.47
ChIJIdUCg7A3zDERsIb5iwE96ek,Mesra,"Petronas Warisan Jelatek Enterprise, Lot 883, Jalan Jelatek Hulu, Wilayah Persekutuan, Kampung Datuk Keramat",Kelang,3.1729692,101.7346928,5.0,1,,Convenience,Conv - Petronas Mesra,Tier 2,3.47
ChIJIyzX_5FZzDERIHr8HRG2GW0,Mesra,"Petronas, Lot Pt 1937, Persiaran Puncak Alam 1",Puncak Alam,3.2318804,101.4272441,5.0,1,1-300-88-8181,Convenience,Conv - Petronas Mesra,Tier 2,3.47
ChIJ2_2-WFk5zDERxcREQ2g1v4c,UZT TRADING SDN. BHD. (FORMERLY UZT PV7 ENTERPRISE),"NO 19-01, PV7, Jalan Melati Utama 2, TAMAN MELATI UTAMA",Kuala Lumpur,3.2225076,101.7287335,5.0,1,,Convenience,Conv - Indie retail,Tier 2,3.47
ChIJBTcJfgD1zDERZOkbGZjFG_U,DSS ACE ENTERPRISE,"6, Lorong Teratai 2/12, Bandar Baru",Kuala Selangor,3.3230302,101.2613326,5.0,1,,Convenience,Conv - Indie retail,Tier 2,3.47
ChIJr7CVdQBtzDERtHe83Rzy874,Little Gift House Enterprise,"3, Jalan Kuala Kali, Taman Rasa Jaya",Rasa,3.4964454,101.6328179,5.0,1,,Convenience,Conv - Indie retail,Tier 2,3.47
ChIJczdyoTBTzDERtsZtGnY57rc,MValue Trading Sdn Bhd,"Suite 41-4 Setia Avenue, 2, Jalan Setia Prima S U13/S, Setia Alam",Shah Alam,3.1068529,101.4459595,1.6,7,03-5031 7712,Convenience,Conv - Indie retail,Tier 2,3.33
ChIJLyukLIjhzTERbef2cpel2LY,Mesra,"Petronas, Lot 726, Jalan Kuala Pilah, 727, Jalan Seremban",Seremban,2.7171212,102.0112726,3.0,2,,Convenience,Conv - Petronas Mesra,Tier 2,3.3
ChIJHxh3FABPzDERmJg3cHvBNRU,Rahmi Enterprise 1,"Jalan Teratai, Kampung Paya Jaras Hilir",Shah Alam,3.1885077,101.5305507,3.0,2,,Convenience,Conv - Indie retail,Tier 2,3.3
ChIJMZD_LbNbzDER8534-vHOs_w,Mesra,"Petronas Pt38368, Jalan Sungai Buloh, Bandar Saujana Utama",Shah Alam,3.2011458,101.4809912,3.0,2,1-300-22-8888,Convenience,Conv - Petronas Mesra,Tier 2,3.3
ChIJqdgMKuc0zDERCcpD9yeIxOQ,Wan Warid Trading,"No. 8, Jalan Suadamai 1/2, Tun Hussein Onn",Cheras,3.0549857,101.7585915,2.3,3,019-363 8040,Convenience,Conv - Indie retail,Tier 2,3.19
ChIJRYWpUgCzzTERRtp8G3tlQDI,Sadam KLST Puchong Enterprise,"111, Jalan Taqwa, Kampung Sri Langkas",Puchong,3.0078803,101.5956412,4.0,1,,Convenience,Conv - Indie retail,Tier 2,2.77
ChIJe8Zc8qrLzTERkNlHJHWjn9Q,Mesra,"Petronas, Lebuhraya Cheras - Kajang",Cheras,3.0110536,101.7749059,4.0,1,1-300-22-8888,Convenience,Conv - Petronas Mesra,Tier 2,2.77
ChIJ2cryHlRRzDERHg4GR5Perdg,Figorezza Enterprise,"31, Jalan Muafakat 1, Taman Meru Selatan",Klang,3.1184769,101.4400206,4.0,1,012-390 2699,Convenience,Conv - Indie retail,Tier 2,2.77
ChIJr2PZPfhdzDERzSdLAk-LuqY,Kedai daging segar 3a frozen mart,"Jalan Kampung Baru Sri Kundang, Kampung Baru Kundang",Rawang,3.2728847,101.5142513,3.0,1,011-2834 6216,Super/Groceries,Super - Frozen specialist,Tier 2,2.08
ChIJtV8K_eSszTERaorY-xKrIvM,Pel Enterprise,"8, Jalan Dato Yusuf Shahbudin 29, Taman Sentosa",Klang,3.0092371,101.4651735,3.0,1,012-369 3376,Convenience,Conv - Indie retail,Tier 2,2.08
ChIJMdZv8EtJzDERF1U_OEJ-bTY,Mesra,"Petronas, 8269, Jalan SS 22/41",Petaling Jaya,3.1282208,101.6207067,3.0,1,1-300-22-8888,Convenience,Conv - Petronas Mesra,Tier 2,2.08
ChIJe2-dkXc2zDERQZrP1-EDsYM,Soon Kat Trading,"Jalan Perdana 2/7, Pandan Perdana",Kuala Lumpur,3.1131981,101.7401076,3.0,1,,Convenience,Conv - Indie retail,Tier 2,2.08
ChIJU9JBcIJFzDERYe2SnkXC59M,Mesra,"Petronas SG Buloh Layby, KM453 SG Buloh Layby (KL Bound) Plus NSE",Sungai Buloh,3.2244589,101.5770182,3.0,1,,Convenience,Conv - Petronas Mesra,Tier 2,2.08
ChIJG5kAeMM5zDERqfve8tnnsFY,Mesra,"Petronas, Jalan Gombak, Taman Setapak",Kuala Lumpur,3.2126036,101.7085768,3.0,1,1-300-22-8888,Convenience,Conv - Petronas Mesra,Tier 2,2.08
ChIJmwvZy4vnzTERrMH4AonIzqk,Select,"Shell Exelstat Enterprise, Jalan Senawang, Taman Seremban Jaya",Nilai,2.6860361,101.9690677,2.0,1,,Convenience,Conv - Petronas Mesra,Tier 2,1.39
ChIJX_SM9ANTzDERXd3BanTSyzo,Select,"Shell Usaha Murni Enterprise, Persiaran Kayangan, Lot 1756, Jalan Plumbum Z 7/Z, Seksyen 7",Shah Alam,3.066354,101.4910389,2.0,1,,Convenience,Conv - Petronas Mesra,Tier 2,1.39
ChIJ1QMMKuc0zDERjWF6JBiH6B0,Ilah Daya Doa Enterprise,"34, Jalan Suadamai 1/2, Tun Hussein Onn",Cheras,3.0549479,101.7583647,2.0,1,013-586 9822,Convenience,Conv - Indie retail,Tier 2,1.39
ChIJV8nIWALnzTERGhOoUe4VVAI,Shell Select,"Jalan Rasah Utama 1, Taman Rasah Jaya",Seremban,2.6804814,101.9432344,1.0,1,,Convenience,Conv - Shell Select,Tier 2,0.69
ChIJcwufJy27zTER9MqS2KU03KU,Mesra,"Petronas Olak Lempit Banting, No. Lot PT 4024, HSM 5694, Mukim, Olak Lempit",Banting,2.8332362,101.606759,1.0,1,03-3149 3500,Convenience,Conv - Petronas Mesra,Tier 2,0.69
ChIJCZNOG5nJzTERSyPI_7h-hTo,Select,"Shell Suhaz Maju Enterprise, Jalan 6c-8 Jalan 6c/2, Lot 2 Jln 6, C 1, Jalan Bandar Baru Bangi, Taman Persiaran Bangi",Bandar Baru Bangi,2.9433721,101.7653653,1.0,1,,Convenience,Conv - Petronas Mesra,Tier 2,0.69
ChIJNYnAOGfOzTERz2N6i1IT7bQ,LJR ENTERPRISE.,"14, Jalan 4/15, Seksyen 4",Semenyih,2.9353336,101.8517608,1.0,1,,Convenience,Conv - Indie retail,Tier 2,0.69
ChIJz-09n5CzzTERGwAmHvBn0u0,Shell Select Puchong Permai,"16, Jalan Puchong Permai 2, Taman Puchong Permai",Puchong,3.0091495,101.5993389,1.0,1,,Convenience,Conv - Shell Select,Tier 2,0.69
ChIJEwL02zzhzTERCxDJrttoFo0,kedai frozen adigo,Jalan Nusa Intan 2/2,Seremban,2.7071068,102.0212193,0.0,0,014-630 2006,Super/Groceries,Super - Frozen specialist,Tier 2,0.0
ChIJG319Ym_LzTERVBV6ULfVwmM,"ABT Fresh & Frozen Food Supply Bangi,Kajang","31-G, Jalan Reko Sentral 4, Reko Sentral, 43000 Kajang, Selangor Bangi",Kajang,2.9666233,101.7888712,0.0,0,012-801 1462,Super/Groceries,Super - Frozen specialist,Tier 2,0.0
ChIJw3Uo-nWtzTERQz3y57mMwDQ,Coway NSK Trade City Jati Klang,"Lot N1, NSK Trade City, Jalan Sungai Jati, Taman Sentosa Perdana",Klang,3.0052053,101.4833588,0.0,0,016-667 8295,Super/Groceries,Super - NSK,Tier 2,0.0
ChIJeewTWwA1zDER_l6QerEWkcY,NSK Trade City Plaza Anggerik,"Jalan 3/154, Taman Bukit Anggerik",Kuala Lumpur,3.0650601,101.7469855,0.0,0,,Super/Groceries,Super - NSK,Tier 2,0.0
ChIJjVOEo2PtzTERh_rmsf54Jw0,Perniagaan Johan Stor,"16, Jalan Seri Merbau, 3, Taman Sri Merbau",Sungai Pelek,2.6848466,101.7471712,0.0,0,012-298 5181,Convenience,Conv - Indie retail,Tier 2,0.0
ChIJcZL5MQDhzTEREaoCESrd3Cw,Runcit Kita-Kita Enterprise,"3, Link, Kawasan industri, No 17, Jalan tj 3/2, Senawang, Taman Tuanku Jaafar",Seremban,2.6620709,102.0075105,0.0,0,011-3967 3216,Convenience,Conv - Indie retail,Tier 2,0.0
ChIJx2zp_3PDzTERCUjFpwuHpcU,Mesra,"Petronas R&R Seremban (N), No.299",Seremban,2.7574157,101.8444942,0.0,0,1-300-22-8888,Convenience,Conv - Petronas Mesra,Tier 2,0.0
ChIJP-3b_ufBzTERh2ubgohnSF0,Skybento Enterprise,Jalan Cta 1a,Sepang,2.7579476,101.7091492,0.0,0,014-598 9198,Convenience,Conv - Indie retail,Tier 2,0.0
ChIJAyKjv6znzTERZ7sTEFxBDMI,Mesra,Malaysia,"Kuala Lumpur, Petaling Jaya, Shah Alam, Klang, Subang Jaya, Cheras, Ampang, Cyberjaya, Putrajaya, Kajang, 68100 Selayang, Damansara",2.6802804,101.9275733,0.0,0,,Convenience,Conv - Petronas Mesra,Tier 2,0.0
ChIJ_bjaVlnnzTERz60mNATW77s,Select,"Shell, Jalan Rasah Lot 6834 Mukim Rasah Jalan, Taman Kok Ann",Mambau,2.677424,101.9269101,0.0,0,06-632 1251,Convenience,Conv - Petronas Mesra,Tier 2,0.0
ChIJQQSTEpq5zTERz9rHpEpDJ_U,Mesra,"Petronas, Jalan Perak Kanan, Kampung Labohan Dagang",Banting,2.8150799,101.640361,0.0,0,,Convenience,Conv - Petronas Mesra,Tier 2,0.0
ChIJUWqGqczHzTERzJsLprgjPIM,Mesra,"Petronas, Lot PT 10621, HS(D) 4429, Bandar Baru Salak Tinggi",Sepang,2.8059173,101.7166365,0.0,0,03-8076 9090,Convenience,Conv - Petronas Mesra,Tier 2,0.0
ChIJ0YKg5PHdzTERC9GWmpfieTI,Mesra,"Petronas Jalan Lobak, 300, Jalan Permata 1, Taman Permata",Seremban,2.7281203,101.9295436,0.0,0,,Convenience,Conv - Petronas Mesra,Tier 2,0.0
ChIJ5cxx15zdzTERqAQPjonT3oA,Ban Hong Hang Trading,"No 9, Jalan Kong Sang",Seremban,2.7282686,101.937,0.0,0,06-761 4105,Convenience,Conv - Indie retail,Tier 2,0.0
ChIJr6p5CQDdzTERquWEoV1zIe8,Dek aisyah enterprise,Taman Sikamat,Seremban,2.7429047,101.9602356,0.0,0,,Convenience,Conv - Indie retail,Tier 2,0.0
ChIJTUBAmPLdzTERjtt1Ar4xpJA,Mesra,Malaysia,"Kuala Lumpur, Petaling Jaya, Shah Alam, Klang, Subang Jaya, Cheras, Ampang, Cyberjaya, Putrajaya, Kajang, 68100 Selayang, Damansara",2.7264497,101.9592581,0.0,0,,Convenience,Conv - Petronas Mesra,Tier 2,0.0
ChIJH4aBzbG7zTERuHRP8ckH5WI,Select,"Shell Olak Lempit, Laluan Persekutuan 31 Mukim 42700",Banting,2.8347571,101.59757,0.0,0,,Convenience,Conv - Petronas Mesra,Tier 2,0.0
ChIJUyeAWbCjzTERRllfOlT-GKs,Kedai runcit mesra sekampung,"Jalan Durian, Kampung Sungai Lang Baru",Banting,2.7892107,101.487574,0.0,0,,Convenience,Conv - Petronas Mesra,Tier 2,0.0
ChIJq6qqqhajzTERQdoBInucUhw,Perniagaan Redan,"No. 4, Jalan Redan, Kanchong Darat",Banting,2.7834556,101.4849597,0.0,0,016-288 7684,Convenience,Conv - Indie retail,Tier 2,0.0
ChIJrRR684_bzTERVti7NRdcPWw,Ekhza Enterprise,"6G, Jalan Tasik Senangin 15/2, Banda Tasik Senangin",Mantin,2.8645265,101.9233964,0.0,0,011-1666 9791,Convenience,Conv - Indie retail,Tier 2,0.0
ChIJm3WRUwDHzTERXMX_IiTu0X8,Yuu Seng Trading,"7, Medan 23, Bandar Baru Salak Tinggi",Sepang,2.8106467,101.7385331,0.0,0,,Convenience,Conv - Indie retail,Tier 2,0.0
ChIJj7pFOQDJzTEReaoJvwZVJoY,Hijrah Berkat 2 Enterprise,"452, RKT Limau Manis 1, Desa Pingggiran Putra",Kajang,2.9116663,101.7102897,0.0,0,,Convenience,Conv - Indie retail,Tier 2,0.0
ChIJI8GbyXPFzTERbDR8enm--nw,Mesra,"PETRONAS Nilai Impian, Jalan Mutiara",Nilai,2.8444662,101.8146405,0.0,0,,Convenience,Conv - Petronas Mesra,Tier 2,0.0
ChIJLVGcXgAHzTERDMft1qfZHqA,BabyLiza Enterprise,Kampung Perigi Nenas,Pulau Indah,2.930536,101.3069369,0.0,0,,Convenience,Conv - Indie retail,Tier 2,0.0
ChIJvVRm6furzTERwJhUW18jgpQ,Faruddin maju enterprise,"LOT NO 8927, B8, Jalan Telok Gong, Kampung Telok Gong",Pelabuhan Klang,2.9629268,101.3906911,0.0,0,,Convenience,Conv - Indie retail,Tier 2,0.0
ChIJhQyINm24zTER848kH4YX8uU,Mesra,Malaysia,"Kuala Lumpur, Petaling Jaya, Shah Alam, Klang, Subang Jaya, Cheras, Ampang, Cyberjaya, Putrajaya, Kajang, 68100 Selayang, Damansara",2.8567959,101.6938375,0.0,0,,Convenience,Conv - Petronas Mesra,Tier 2,0.0
ChIJV-hlC1m5zTERruXe1Bz5Iak,N&KAO ENTERPRISE,"Prima Apartment, Persiaran Warisan",Sepang,2.8232254,101.6976868,0.0,0,011-1002 4619,Convenience,Conv - Indie retail,Tier 2,0.0
ChIJnfbGLGOzzTERktqx7VIB4oQ,hasrat bina enterprise,"35, Jalan Lombong Perak 29/19, Kampung Lombong",Shah Alam,2.9666983,101.5544076,0.0,0,,Convenience,Conv - Indie retail,Tier 2,0.0
ChIJZ6LW8si3zTERmGxwJMkin8E,Highbury Plus Enterprise,"12E2-12, Jalan P9c/1, Presint 9",Putrajaya,2.939787,101.679761,0.0,0,,Convenience,Conv - Indie retail,Tier 2,0.0
ChIJZ5bT6XKrzTERX4OAZjIb5Q4,ES MUTIARA JAYA ENTERPRISE,"6, Jalan Sultan Abdul Samad 33 BANDAR SULTAN SULEIMAN Pasarpuri",Pelabuhan Klang,3.0281033,101.3766783,0.0,0,010-715 0608,Convenience,Conv - Indie retail,Tier 2,0.0
ChIJqbMWBPrJzTERm9QOwxTpca8,P WANA ENTERPRISE SDN BHD,"LOT G-303, KOMPLEKS DIAMOND, Jalan Medan Bangi, BANGI BUSINESS PARK",Bandar Baru Bangi,2.9534318,101.7580479,0.0,0,03-8210 1274,Convenience,Conv - Indie retail,Tier 2,0.0
ChIJJ6mo_y7JzTERU1lW_aw50ag,D & D Rideen Enterprise,"Lot 9121, Kampung Sungai Merab Luar",Kajang,2.9379174,101.7487705,0.0,0,,Convenience,Conv - Indie retail,Tier 2,0.0
ChIJZZ9TU1HLzTERAatVphJ6OkU,Pasar Segar Richqi Enterprise,"6044 Jalan Imam, Kampung Sungai Ramal Dalam",Kajang,2.9674979,101.7574156,0.0,0,,Convenience,Conv - Indie retail,Tier 2,0.0
ChIJO-I9JYvLzTERamQqFs53oHE,Wira Kurnia Enterprise,"No. 1, Jalan Maju 1, Taman Kekwa Bukit Siput, Johor",Segamat,2.974284,101.794485,0.0,0,07-943 2363,Convenience,Conv - Indie retail,Tier 2,0.0
ChIJH2iSrIzLzTERefQHkAALnRc,Urus Kon Enterprise,"No. 11, Jalan Seksyen 1/26, Taman Kajang Utama",Kajang,2.9742602,101.7912927,0.0,0,03-8736 8769,Convenience,Conv - Indie retail,Tier 2,0.0
ChIJo6-Uoj3PzTERSp8YD44iSO8,Heedhanya Enterprise,"16-G, Jalan Semenyih Sentral 2, Taman Semenyih Sentral",Semenyih,2.94433,101.8426905,0.0,0,03-8725 5004,Convenience,Conv - Indie retail,Tier 2,0.0
ChIJ9SIdzAHPzTER5YR_LiWYT3Q,NG GRAND RETAIL ENTERPRISE,"NO 4 (GROUND FLOOR, ONLY JALAN 4, 1, Persiaran Bandar Rinching",Semenyih,2.9328929,101.8480694,0.0,0,017-815 3172,Convenience,Conv - Indie retail,Tier 2,0.0
ChIJU0GkfQCrzTERQvw_u03ywWc,MUDA JAYA Enterprise,"11, Jalan Batu Nilam, Bandar Bukit Tinggi 2",Klang,2.9987907,101.4302605,0.0,0,,Convenience,Conv - Indie retail,Tier 2,0.0
ChIJTQfK21-rzTERgc1oe4rWI2g,Sri Bayu Berjaya Enterprise,"300, Persiaran Pegaga, Taman Bayu Perdana",Klang,3.0171027,101.4319557,0.0,0,,Convenience,Conv - Indie retail,Tier 2,0.0
ChIJveM-lwetzTER1YLNuw6Pu4s,Select,"Shell, Pt36957, Jalan Sungai Jati, Taman Saujana",Klang,3.012513,101.4627297,0.0,0,,Convenience,Conv - Petronas Mesra,Tier 2,0.0
ChIJRXesAJCzzTEREpkQRCd5SMQ,ENERSKY ENTERPRISE,"18, Jalan Anggerik Aranda B 31/B, Kota Kemuning",Shah Alam,2.9912988,101.5480628,0.0,0,012-325 2324,Convenience,Conv - Indie retail,Tier 2,0.0
ChIJLW6wm6K1zTERjXJAAKc22N4,Hujan Wang Enterprise,"24, Jalan BP 3/12, Bandar Bukit Puchong",Puchong,2.9895203,101.6298256,0.0,0,,Convenience,Conv - Indie retail,Tier 2,0.0
ChIJVbxHAbCzzTERMn-b1tahhc0,Perniagaan Faizol Akhman,"Persiaran Puchong Permai, Taman Puchong Permai",Puchong,3.0073201,101.5975052,0.0,0,013-375 1852,Convenience,Conv - Indie retail,Tier 2,0.0
ChIJO61wsCmzzTERzWsQYjvQ0yM,Petronas Mesra Puchong Prima,"5/3, Jalan Prima 3/7, Taman Puchong Prima",Puchong,3.001281,101.5964633,0.0,0,,Convenience,Conv - Petronas Mesra,Tier 2,0.0
ChIJyX10o9bNzTERdjcyjQ-Pep8,subiksha enterprise,"Villa 1/1, Villa, 5G, Jalan Sentosa, Taman Sentosa",Kajang,2.9927701,101.804539,0.0,0,012-920 9040,Convenience,Conv - Indie retail,Tier 2,0.0
ChIJg_LY-pdVzDER5_z0slV9LQI,Select,"Shell, Mkm Lot, 17534, Jalan Haji Sirat, Kampung Batu Belah",Klang,3.0774339,101.4323278,0.0,0,,Convenience,Conv - Petronas Mesra,Tier 2,0.0
ChIJn36nO-NTzDERSOS_8I2RCVQ,Waajibaa Trading,"194B, 1, Jalan Sentosa 53, Taman Bunga Melor",Klang,3.0707292,101.4421035,0.0,0,,Convenience,Conv - Indie retail,Tier 2,0.0
ChIJpan7X0NTzDERsx1z7L_Hu-A,Aziss Warisan Enterprise,"No. 52, Tingkat Bawah, Lorong Gopeng Off Jalan Goh Hock Huat, Selangor",Klang,3.0509613,101.4466808,0.0,0,016-234 2307,Convenience,Conv - Indie retail,Tier 2,0.0
ChIJD_eGCMdTzDER328hEjb1lw8,Mesra,"Petronas 95, Jalan Batu Tiga Lama, Kawasan 16",Klang,3.0528953,101.4696609,0.0,0,1-300-22-8888,Convenience,Conv - Petronas Mesra,Tier 2,0.0
ChIJG3VoKG9NzDERSU5qpgKWNTw,HHazel Enterprise,"B2 Level 5, TTDI Adina Apartment, Seksyen 13",Shah Alam,3.070986,101.5396356,0.0,0,017-259 3542,Convenience,Conv - Indie retail,Tier 2,0.0
ChIJqfJdiyJLzDERyfLKTWFSPXs,Mesra,Malaysia,"Kuala Lumpur, Petaling Jaya, Shah Alam, Klang, Subang Jaya, Cheras, Ampang, Cyberjaya, Putrajaya, Kajang, 68100 Selayang, Damansara",3.0524706,101.6524296,0.0,0,,Convenience,Conv - Petronas Mesra,Tier 2,0.0
ChIJG5IzVEFLzDER3GPnvmagjT4,Shell Select,Malaysia,"Kuala Lumpur, Petaling Jaya, Shah Alam, Klang, Subang Jaya, Cheras, Ampang, Cyberjaya, Putrajaya, Kajang, 68100 Selayang, Damansara",3.0491769,101.6330367,0.0,0,,Convenience,Conv - Shell Select,Tier 2,0.0
ChIJM8B8CdNLzDER7-ogwJRudbU,Mesra,"Stesen Minyak Petronas, lot 37331, Jalan Kinrara 5, Bandar Kinrara",Puchong,3.0459908,101.6421863,0.0,0,03-8076 1184,Convenience,Conv - Petronas Mesra,Tier 2,0.0
ChIJOcDJNxw1zDERpoFu-GNG5PI,Perniagaan Chui Kiang,"No. 1, Jalan 33, Taman Bukit Anggerik, Cheras, Wilayah Persekutuan",Kuala Lumpur,3.0586261,101.7489755,0.0,0,03-9101 7377,Convenience,Conv - Indie retail,Tier 2,0.0
ChIJSeQj3fM1zDERz7FjOZEdCus,Hawa Hamizi Enterprise,"Blok B, Jalan Seri Cheras 6, Taman Seri Cheras",Cheras,3.0576575,101.7640153,0.0,0,,Convenience,Conv - Indie retail,Tier 2,0.0
ChIJfYaOb41VzDERDmbr1dnGkls,Firdaus GRC Enterprise,493W+RC,Kapar,3.104607,101.396093,0.0,0,017-419 2164,Convenience,Conv - Indie retail,Tier 2,0.0
ChIJ3ayzYQBRzDER-oSHT6oz9fE,AXIS ENTERPRISE,"17, Jalan Mahang 2, Taman Meru",Klang,3.1287541,101.441072,0.0,0,018-668 1824,Convenience,Conv - Indie retail,Tier 2,0.0
ChIJdQMnxBxRzDERTyyQ2NAI8qs,Mesra,"Lot 2114, Batu 6, Jalan Meru, Meru",Klang,3.1314598,101.4395437,0.0,0,03-3392 1006,Convenience,Conv - Petronas Mesra,Tier 2,0.0
ChIJjXv6UadOzDERbbFuY_XBbcI,Perniagaan Marnwo,"Taman Plaza, 5, Jalan SS 25/23, Taman Mayang",Petaling Jaya,3.1137737,101.5991012,0.0,0,,Convenience,Conv - Indie retail,Tier 2,0.0
ChIJh_rLB2tJzDERlJa0V7LYDfQ,Mesra,"Petronas, Lebuhraya SPRINT, Bukit Kiara",Petaling Jaya,3.1300665,101.6418845,0.0,0,,Convenience,Conv - Petronas Mesra,Tier 2,0.0
ChIJL1xXKgA3zDERZ9A1SjVTv1I,Kedai Ubat & Runcit Young Sheng Sdn Bhd,"NO 11, Ground Floor, Jalan Bunga Cempaka, Taman Muda, 56100, Kuala Lumpur, Taman Muda",Ampang Jaya,3.117815,101.7530649,0.0,0,,Convenience,Conv - Indie retail,Tier 2,0.0
ChIJkR0vwPU3zDERDuGLzNXMX4I,SM Murah Enterprise,"Jalan Mawar 17, Taman Mastika",Cheras,3.1134012,101.7560537,0.0,0,011-2343 4159,Convenience,Conv - Indie retail,Tier 2,0.0
ChIJY5JBaNc2zDERvu_NfvKzLA4,RO KKN ECO Enterprise,"B2- Desa Lembah Permai, G-29, Jalan Permai 10, Kampung Tasik Permai",Ampang Jaya,3.1467724,101.7877372,0.0,0,011-3658 6387,Convenience,Conv - Indie retail,Tier 2,0.0
ChIJgR3WUKgxzDERqnjemqQEKhk,Irwanshah Enterprise,Kampung Masjid,Hulu Langat,3.1676111,101.877692,0.0,0,,Convenience,Conv - Indie retail,Tier 2,0.0
ChIJr3N_VqdPzDERHpBW-4QNSXo,F Alam Enterprise,"31, Jalan TSB 10A, Taman Industri",Sungai Buloh,3.167339,101.5700681,0.0,0,03-6143 3996,Convenience,Conv - Indie retail,Tier 2,0.0
ChIJ57EY555IzDERbFdh4qmQGvY,Pelita Enterprise,"7, Jalan Seri Bintang 3, Taman Sri Bintang",Kuala Lumpur,3.1875534,101.6423589,0.0,0,03-6272 1151,Convenience,Conv - Indie retail,Tier 2,0.0
ChIJRzm-TYNIzDER3Q6ca6SgMfc,Bismi Jaya Enterprise,"No. 16, Jalan 8/38A, Taman Sri Sinar Segambut, Wilayah Persekutuan",Kuala Lumpur,3.1864124,101.6513309,0.0,0,012-868 6721,Convenience,Conv - Indie retail,Tier 2,0.0
ChIJAxC_eoxFzDERWPYzdaj6AlM,NHAM EXPERT TRADING,"Lot 2391-c1, jalan besar, Jalan Kuang, Kuang",Rawang,3.2325878,101.5368555,0.0,0,011-3304 3782,Convenience,Conv - Indie retail,Tier 2,0.0
ChIJLw28Dr1bzDERkzE2MIgbKOY,Mesra,"Petronas Mi Mesra, Kampung Merbau Indah",Sungai Buloh,3.2241234,101.4962923,0.0,0,,Convenience,Conv - Petronas Mesra,Tier 2,0.0
ChIJ3bcucCBazDERU_C4iWzAk1U,Mazcob Enterprise,"39, Lorong Mahkota Impian 2/16, Seksyen 2 Bandar Baru Puncak Alam",Kuala Selangor,3.2159366,101.4341031,0.0,0,019-663 3506,Convenience,Conv - Indie retail,Tier 2,0.0
ChIJu3EMzCL3zDERzUtL8KIkwJE,Mesra,"Lot 5174, Jalan Besar, Sungai Buloh",Jeram,3.2547373,101.3093714,0.0,0,03-3264 7795,Convenience,Conv - Petronas Mesra,Tier 2,0.0
ChIJJ1jqsFNFzDERsHdlqwncRqs,CAYEEN enterprise,"18, Jalan KIP 1, Taman Perindustrian Kip",Kuala Lumpur,3.2061124,101.6069195,0.0,0,,Convenience,Conv - Indie retail,Tier 2,0.0
ChIJZaFELgBHzDERJJJgylamFuA,Azudin Kraf Enterprise,Taman Selasih Fasa II,Batu Caves,3.2296501,101.6961551,0.0,0,,Convenience,Conv - Indie retail,Tier 2,0.0
ChIJf1B2Bu5HzDER0B7hbdpy7EI,Select,"Shell, Jalan 10, Jalan Batu Caves, Taman Greenwood",Batu Caves,3.2347503,101.703754,0.0,0,03-6189 5182,Convenience,Conv - Petronas Mesra,Tier 2,0.0
ChIJxR8JzXY5zDERtEvgK9d1qQw,Ella Zurina Enterprise,"5, Kampung Kerdas",Kuala Lumpur,3.2257728,101.7105147,0.0,0,,Convenience,Conv - Indie retail,Tier 2,0.0
ChIJZ2usDwBHzDERho5PEHWTefM,DAISY DELIGHT ENTERPRISE,"30, Jalan Sbc 3, Taman Sri Batu Caves",Batu Caves,3.2346408,101.685411,0.0,0,,Convenience,Conv - Indie retail,Tier 2,0.0
ChIJdXC1xslHzDERyF-kpfy-yyI,Niro Enterprise,"362, Lorong Nakhoda 7, Kampung Nakhoda",Batu Caves,3.2541004,101.680603,0.0,0,,Convenience,Conv - Indie retail,Tier 2,0.0
ChIJh73Li8FgzDERG1JNyIne4s8,Kedai Ubat & Perniagaan Teo Ann,"74, Jalan Besar",Batang Berjuntai,3.3766669,101.4129929,0.0,0,03-3271 9208,Convenience,Conv - Indie retail,Tier 2,0.0
ChIJrWSgnqT1zDERDvaL9gIlywE,Mesra,"Petronas Kuala Selangor, Lot 629, Bt 1, Jalan Besar Kuala Selangor, Taman Pahlawan",Kuala Selangor,3.3329013,101.2553181,0.0,0,,Convenience,Conv - Petronas Mesra,Tier 2,0.0
ChIJhwzlB_tDzDER2zySmggCVEY,Mesra,"Petronas Zaharin Emas Enterprise, Lot PT 10295, HS(M) 5549, Taman Bersatu, Batu 17 1, 2, Jalan Rawang, Taman Bersatu",Rawang,3.3088594,101.5838898,0.0,0,1-300-22-8888,Convenience,Conv - Petronas Mesra,Tier 2,0.0
ChIJgyci3dgFzDERsCHLQjNuKck,Mesra,"Petronas, Jalan Tras, Taman Bentung Jaya",Bentong,3.5385572,101.9019078,0.0,0,,Convenience,Conv - Petronas Mesra,Tier 2,0.0
ChIJbUbW7y1IzDERi6WYVG8fI5c,SOGO Kuala Lumpur,"190, Jalan Tuanku Abdul Rahman, City Centre",Kuala Lumpur,3.1560783,101.6952893,4.3,26396,03-2618 1888,Super/Groceries,Super - Other / unclear,Unclear,43.78
ChIJU5MTpy1IzDERQbi4XskopMY,Haniffa Department Store,"Wisma Haniffa, 149, Jalan Masjid India",Kuala Lumpur,3.1540816,101.697478,4.3,9293,03-2693 8620,Super/Groceries,Super - Other / unclear,Unclear,39.29
ChIJURADLNA3zDERBUon9ANBTiQ,Lot 10,"50, Jalan Bukit Bintang, Bukit Bintang",Kuala Lumpur,3.1466072,101.7116219,4.1,13811,03-2141 0500,Super/Groceries,Super - Other / unclear,Unclear,39.09
ChIJ0Uk1zao3zDERDC92YMGQgA8,Berkat Madinah Ampang,"Putra Sulaiman, 17-L1, Persiaran Putra Sulaiman, Taman Putra Sulaiman",Ampang,3.1509164,101.7503644,4.6,4609,011-1111 9912,Super/Groceries,Super - Other / unclear,Unclear,38.81
ChIJh25_SQA3zDER6MMnRntMvGI,Al Madinah,"1, Jalan 1, One Ampang Avenue",Ampang,3.1551482,101.7513599,4.6,4609,,Super/Groceries,Super - Other / unclear,Unclear,38.81
ChIJg_VZiIRJzDERG3zA711ESRs,k,"77-D, Jalan Raja Alang, Kampung Baru",Kuala Lumpur,3.1635817,101.7055932,4.3,8043,03-2262 2013,Super/Groceries,Super - Other / unclear,Unclear,38.67
ChIJL1DQlOBLzDERdyz6BPjUSxY,Jaya Shopping Centre,"Jalan 14/17, Seksyen 14",Petaling Jaya,3.109189,101.6371808,3.9,6727,03-7932 0958,Super/Groceries,Super - Other / unclear,Unclear,34.37
ChIJvSfszeVGzDER9tKlWkoR248,Eco-Shop Selayang,"No. 1, Ideal Convention Centre, Jalan PS 10, Taman Prima Selayang",Batu Caves,3.2448927,101.6528785,4.1,3441,07-283 0123,Super/Groceries,Super - Other / unclear,Unclear,33.39
ChIJezJH8Pw0zDERxO9RA14H3WU,Pasaraya CS Cheras (Tun Perak),"Lot 1292 & 30876, 9, Persiaran Tun Perak, Taman Tun Perak",Cheras,3.0639221,101.7557844,4.0,3970,03-9100 2010,Super/Groceries,Super - Other / unclear,Unclear,33.15
ChIJccgT9hdKzDERfFBqXFgpV_o,dé Market,"1st Floor, Podium Block, Faber Tower, Jalan Desa Bahagia, Taman Desa",Kuala Lumpur,3.1022504,101.6848532,4.2,2410,03-7972 7606,Super/Groceries,Super - Other / unclear,Unclear,32.71
ChIJzQs4sD3LzTER1uH3-KTFX4Q,Eco-Shop • Bangi,PT 72529 (Grd & 1st Flr)- HS(D) 144405,Bandar Baru Bangi,2.9580244,101.7558606,4.1,2544,07-283 0123,Super/Groceries,Super - Other / unclear,Unclear,32.15
ChIJoQ-Vf5CyzTERCOHdsIdaIwk,HeroMarket Kota Kemuning,"1, Jalan Anggerik Vanilla W 31/W, Seksyen 31",Shah Alam,3.0057138,101.5375798,4.2,1998,03-8060 0829,Super/Groceries,Super - Other / unclear,Unclear,31.92
ChIJodj_4320zTERGRBYuXnTdwc,Hero Market Kg. Bt.14 Puchong,"Lot P.T 33946, Bandar Puchong Utama, Jalan Bpu 2, Kawasan Perniagaan Bandar Puchong Utama",Puchong,2.9939184,101.6215352,4.2,1928,,Super/Groceries,Super - Other / unclear,Unclear,31.77
ChIJm8oTWL3MzTERSp4-M5ZDjdM,Pasaraya CS Kajang (Saujana Permai),"No. 1, Bangunan Perniagaan Saujana Permai, Jalan Mutiara 1, Taman Saujana Permai",Kajang,3.0126899,101.8102447,4.1,2098,03-8733 1783,Super/Groceries,Super - Other / unclear,Unclear,31.36
ChIJTWmo8v42zDERcCP8PxrS1e4,HeroMarket Taman Dagang,"C01G-C12G, Block C, Pusat Perdagangan Taman Dagang, Jalan Dagang Besar, Taman Dagang, Ampang, Selangor",Taman Dagang,3.147706,101.756617,4.1,1938,03-8060 0829,Super/Groceries,Super - Other / unclear,Unclear,31.04
ChIJKaU7C0q2zTERjpMFt2LZaE4,HeroMarket Putrajaya,"LG05-08, Festival Putrajaya, Jalan P3c, Presint 3",Putrajaya,2.9203349,101.6841786,4.1,1874,03-8060 0829,Super/Groceries,Super - Other / unclear,Unclear,30.9
ChIJtV9bGfg1zDERyn7D0GEStBE,HeroMarket Sri Permaisuri,"No.35, 51, Jalan Sri Permaisuri 9, Bandar Sri Permaisuri",Cheras,3.1025483,101.7080252,4.0,2230,03-8060 0829,Super/Groceries,Super - Other / unclear,Unclear,30.84
ChIJ-bAVDwdLzDERNkPOMQahN7g,Checkers Sri Sentosa,"Lot 2942 & 2945, Jalan Seri Sentosa 8, &, Jalan Klang Lama, Taman Sri Sentosa",Kuala Lumpur,3.0713458,101.6532461,4.2,1474,03-9212 8186,Super/Groceries,Super - Other / unclear,Unclear,30.64
ChIJwUzg4NI5zDERvQVwHqfEui8,HeroMarket Wangsa Maju,"1-11 Jalan 3/27D Seksyen 6 Bandar Baru, Wangsa Maju",Kuala Lumpur,3.1976822,101.7538921,4.1,1718,03-8060 0829,Super/Groceries,Super - Other / unclear,Unclear,30.54
ChIJnz0WH7g1zDERJJ-f6iVhL0Y,Eco-Shop Bukit Anggerik,"Lot 6710, LG, Plaza Anggerik, Jalan 3/154, Taman Bukit Anggerik",Cheras,3.0649634,101.7471347,4.2,1249,07-283 0123,Super/Groceries,Super - Other / unclear,Unclear,29.95
ChIJRXbKCN5TzDERKVi057xFopQ,Urbanfresh Marketplace Setia City Mall,"LG - SM, Setia City Mall, No 7, Persiaran Setia Dagang, Bandar Setia Alam",Shah Alam,3.1092594,101.4595112,4.3,1045,03-3345 6058,Super/Groceries,Super - Other / unclear,Unclear,29.9
ChIJ_0lDtwBHzDERL9F5nJW8_8U,HeroMarket Selayang Mall,"LG 45, Selayang Mall, Jalan SU 9, Taman Selayang Utama",Batu Caves,3.2370349,101.6446075,4.8,488,,Super/Groceries,Super - Other / unclear,Unclear,29.72
ChIJwWR94tFJzDERZNVnJRPIE6o,Mahnaz Food - Shah Alam (Healthy Snacks),"Jalan TP 7/5, Taman Perindustrian Sime Uep",Shah Alam,3.0446247,101.5523646,4.4,819,012-914 9125,Super/Groceries,Super - Other / unclear,Unclear,29.52
ChIJb0pEjXw1zDERXnFhnRZWPSQ,HeroMarket Sungai Besi,"46-58, Jalan Gangsa, Sungai Besi",Kuala Lumpur,3.0648406,101.7109772,4.0,1558,03-8060 0829,Super/Groceries,Super - Other / unclear,Unclear,29.41
ChIJd984NBpMzDERzJHVDccgOak,HeroMarket Kelana Jaya,"119, Jalan SS 6/12",Petaling Jaya,3.1055317,101.5997029,4.0,1389,03-8060 0829,Super/Groceries,Super - Other / unclear,Unclear,28.95
ChIJn6lHT--yzTERHBQXpLIXBMc,HeroMarket Alam Megah,"108, Jalan Kapar 27/89 Seksyen 27, Taman Alam Megah",Shah Alam,3.010056,101.5577705,4.0,1336,03-8060 0829,Super/Groceries,Super - Other / unclear,Unclear,28.79
ChIJR-QtZzBOzDERMC87ar3DkqU,HeroMarket Kampung Baru Subang,"4243, Komplek Perniagaan Sri Gaya, Jalan Taman Subang Jasa 3, Taman Subang Jasa",Shah Alam,3.1444444,101.5386111,4.0,1168,03-8060 0829,Super/Groceries,Super - Other / unclear,Unclear,28.26
ChIJb6Vr9FlPzDER20cWAuq-dd4,Eco-Shop NZX Ara Damansara,"No.119-G, No. 121-G & No. 123-G, Pusat Dagangan NZX, Jalan PJU 1A/ 418, Ara Jaya",Petaling Jaya,3.1159417,101.5900061,5.0,275,07-283 0123,Super/Groceries,Super - Other / unclear,Unclear,28.1
ChIJCbr5Zjq1zTERtEfQu2TfC5o,HeroMarket • Taman Puncak Jalil,"36&36-1, Jalan PUJ 3/13, Taman Puncak Jalil",Seri Kembangan,3.0228439,101.675991,4.0,1100,03-8060 0829,Super/Groceries,Super - Other / unclear,Unclear,28.02
ChIJHU_fVs_dzTERTzvSIRlJqs8,Family Store Sikamat,"Lorong Desa Kiara 2/3, Taman Desa Kiara",Seremban,2.7472132,101.9638699,3.9,1282,06-767 1161,Super/Groceries,Super - Other / unclear,Unclear,27.91
ChIJTeMan65UzDER38gva85itLw,Pasaraya Borong Matahari Teluk Pulai,"34A, Jalan Serampang 1, Taman Teluk Pulai",Klang,3.0416836,101.4267344,3.9,1194,03-3377 1154,Super/Groceries,Super - Other / unclear,Unclear,27.64
ChIJZbaC4wzdzTERhlzQAZyLoDI,Family Store (Templer),"No 280, Jalan Tun Dr. Ismail",Seremban,2.739064,101.9264311,4.0,966,06-761 5388,Super/Groceries,Super - Other / unclear,Unclear,27.5
ChIJmZeSaCbNzTER4_e8MAx_Mn8,Super Seven Semenyih,Jalan Vista Valley 3,Semenyih,2.9575073,101.8398823,3.9,1102,03-8725 9190,Super/Groceries,Super - Other / unclear,Unclear,27.32
ChIJnwp2ACVJzDEReJeLR1YnSGg,Urban Marketplace Seventeen Mall,"L1-01, Level 1, Seventeen Mall, Jalan 17/38, Seksyen 17",Petaling Jaya,3.1284124,101.6347683,4.7,299,012-656 6058,Super/Groceries,Super - Other / unclear,Unclear,26.81
ChIJS6jJPmNUzDERCagQw_f7iAw,Pasaraya Borong Matahari Klang Utama,"2, Jalan Sungai Puloh 14, Taman Sungai Puloh",Klang,3.0789549,101.4214948,3.8,1104,03-3291 9381,Super/Groceries,Super - Other / unclear,Unclear,26.63
ChIJBz-IGgNNzDER-wjMOhMWc6I,HeroMarket Radia Commercial,"G37-G45, UG30-UG43 Komersial Radia Persiaran Arked Bukit Jeutong, Seksyen U8",Shah Alam,3.1012965,101.5354491,4.2,531,03-8060 0829,Super/Groceries,Super - Other / unclear,Unclear,26.36
ChIJNxpyKtZRzDERO3jIf_oAxdk,Segi Fresh Subang,"PT 17920, Seksyen U9, Subang",Shah Alam,3.1460586,101.5250479,3.7,1226,012-998 6359,Super/Groceries,Super - Other / unclear,Unclear,26.32
ChIJ87q-Wlk2zDERQBBnsP-seEw,Pasaraya Borong Matahari Pandan Indah,"Jalan Cempaka 8, Taman Cempaka",Ampang,3.1365579,101.7478315,4.0,684,03-9200 1927,Super/Groceries,Super - Other / unclear,Unclear,26.12
ChIJJSRWD5BPzDERnA9zTePDXbE,K Plus Food Market,"Jalan PJU 7/3, Mutiara Damansara",Petaling Jaya,3.1584812,101.6127092,4.2,462,,Super/Groceries,Super - Other / unclear,Unclear,25.78
ChIJuWPo3MYazDERtVh6ZwlWYNc,Eco-Shop Bentong,"P23, P23A, P25 (Grd Flr), P26, P27 (Grd & 1st Flr, Jalan MG 2, Pusat Perniagaan Mutiaramas Gemilang",Bentong,3.5379533,101.9012816,4.0,619,07-283 0123,Super/Groceries,Super - Other / unclear,Unclear,25.72
ChIJS-8ViSZLzDERnoinvyUsPVA,Eco-Shop 2 • Puchong Jaya,"No. 35 (Ground, First & Second Floor, 35, Jalan Kenari 12, Bandar Puchong Jaya",Puchong,3.050615,101.624205,4.0,612,07-283 0123,Super/Groceries,Super - Other / unclear,Unclear,25.67
ChIJHeiljcnPzTERqXZ1jk1gYoA,CLC Hypermarket,"Ground Floor, Plaza, Jalan Semenyih 3, Taman Semenyih Sentral",Semenyih,2.9441453,101.844958,3.9,716,03-8723 9961,Super/Groceries,Super - Other / unclear,Unclear,25.64
ChIJD9KwGmWzzTER7aIIj96pCtg,Pasar Raya PP Maju Jaya,"24-32, Jalan Perdana 3/1, Taman Puchong Perdana",Puchong,3.0066391,101.6065688,4.0,596,017-818 0838,Super/Groceries,Super - Other / unclear,Unclear,25.57
ChIJf9szbAw5zDERBwldLOp09dg,HeroMarket Taman Melawati,"B5-G-1 & B5-G-2 Lorong Selangor Pangsapuri Gaya Pusat Bandar, B3, Lorong Selangor, Taman Melawati",Kuala Lumpur,3.211895,101.746296,4.2,439,03-8060 0829,Super/Groceries,Super - Other / unclear,Unclear,25.56
ChIJvQPqHzU4zDERmbGWthNR8No,"Hari-Hari Taman Permata, KL","2768 & 2769, Jalan Changkat Permata, Taman Permata",Kuala Lumpur,3.2074561,101.7508774,4.2,430,03-4162 0681,Super/Groceries,Super - Other / unclear,Unclear,25.48
ChIJcTnb6d5WzDERpEwrOSeuhWk,Pasaraya ANK (HQ)Jalan Kopi,"Lot 3060, Off, Persiaran Hamzah Alang, &, Jalan Kopi",Kapar,3.1513315,101.4154219,4.3,355,03-3392 1988,Super/Groceries,Super - Other / unclear,Unclear,25.26
ChIJL2H5Tlk2zDERDhi2O94AuR4,Pasaraya Borong Matahari Axis Atrium,"17, Jalan Cempaka 21, Taman Cempaka",Ampang,3.1366511,101.7476775,4.1,460,012-687 9656,Super/Groceries,Super - Other / unclear,Unclear,25.15
ChIJL5V73wlIzDER27Ts7IWFMjg,Menara Sentul,"Lot G03 Ground Floor, Menara Sentul, 86, Jalan Sentul",Kuala Lumpur,3.1909972,101.6913464,3.9,618,03-6740 3180,Super/Groceries,Super - Other / unclear,Unclear,25.07
ChIJcbAZhMRNzDERzUt56SzZkcc,Shin Sun Mi Market • Sunway GEO,"G-01-03, Sunway Geo, Jalan Lagoon Selatan",Subang Jaya,3.0645926,101.6087025,4.4,289,03-5611 3366,Super/Groceries,Super - Other / unclear,Unclear,24.95
ChIJn1sAz282zDEROvVtUKlEHvo,Segi Fresh Cheras,"No. 2 & 4, Jalan 13/91, Taman Shamelin Perkasa",Cheras,3.1222615,101.738665,3.8,710,012-998 6197,Super/Groceries,Super - Other / unclear,Unclear,24.95
ChIJnw9a2H9ZzDERglPS--uHMmc,HeroMarket Puncak Bestari Puncak Alam,"Lot 3 15, Jalan Niaga Bestari, 3, Persiaran Puncak Bestari 2",Puncak Alam,3.2346005,101.4286525,4.5,246,03-8060 0829,Super/Groceries,Super - Other / unclear,Unclear,24.79
ChIJ11Ek37HIzTERtfeVOqaWbpg,Pasaraya Ban Soon Sdn. Bhd.,"Laman Perniagaan Bahagia, No.7, 9, 11, 13, 15 & 17, Jalan 1, Bandar Seri Putra",Kajang,2.8864174,101.7889601,4.1,419,016-293 9017,Super/Groceries,Super - Other / unclear,Unclear,24.77
ChIJXe-MMGVHzDER-bmY-hhsLig,Hikmah Food Specialities Sdn. Bhd.,"19 & 21, Jalan TIB 1/9, Taman Industri Bolton",Batu Caves,3.240715,101.6963648,4.2,352,013-800 7595,Super/Groceries,Super - Other / unclear,Unclear,24.64
ChIJXZMUlgJbzDERx-Ylo9P8sSc,Pasaraya Best (HQ),"31G, 31F, 29G, 29F, 27G, 27F, 25G & 25F, Jalan DC 4/1, 32 G, Jalan DC 4/3, Desa Coalfields",Sungai Buloh,3.233492,101.48925,4.1,395,03-6039 9858,Super/Groceries,Super - Other / unclear,Unclear,24.52
ChIJ8YktTW04zDER6Elzy7pTImM,Kim Leong shop,"31, Jalan 2a/6, Taman Danau Kota",Kuala Lumpur,3.2102894,101.7191501,4.9,146,,Super/Groceries,Super - Other / unclear,Unclear,24.45
ChIJS6sDnq1DzDERss7vNNn7Pig,Pasaraya Soon Huat Sdn. Bhd.,"22, 23, 24, 25 & 26, Jalan Bersatu 8, Taman Bersatu",Rawang,3.3093786,101.5828035,4.0,437,03-6091 0500,Super/Groceries,Super - Other / unclear,Unclear,24.33
ChIJ08TJlZ7GzTERb3boemMsV24,Pasaraya Grand Union ( Nilai ),"Lot Pt 9979-9983, Putra Point Phase 2A, 9975, Jalan BBN 1/3l, Bandar Baru Nilai",Nilai,2.8207784,101.7937445,4.0,422,,Super/Groceries,Super - Other / unclear,Unclear,24.19
ChIJoUP6ax3nzTERx1ihuiM-FrU,Family Store,"3387, 3388, 3389 & 3390, Jalan RJ 6/1, Taman Rasah Jaya",Seremban,2.6799082,101.9475543,3.9,490,06-631 4597,Super/Groceries,Super - Other / unclear,Unclear,24.17
ChIJ8c80J0SzzTERpGfj1z5jLWE,Segi Fresh Puchong Denai,Jalan Denai Utama,Puchong,3.0213715,101.5988169,4.1,340,012-998 6735,Super/Groceries,Super - Other / unclear,Unclear,23.91
ChIJcTWsUuNZzDERR1nL3crci5Y,Segi Fresh Puncak Alam,"142, Jalan Dataran Suria 15/7/2",Puncak Alam,3.2338504,101.4143698,4.1,312,012-998 3578,Super/Groceries,Super - Other / unclear,Unclear,23.56
ChIJf2BDFfYzzDER0rnbjs7xlHU,CHEAP 2 SHOP HULU LANGAT,Taman Perkasa,Hulu Langat,3.0973697,101.7992941,4.0,358,,Super/Groceries,Super - Other / unclear,Unclear,23.53
ChIJ6Zj3I5RMzDERWtVhdleQkVw,Fresh Boulevard,"Lot 525, Persiaran Subang Permai, Taman Subang Permai",Subang Jaya,3.057602,101.598309,3.7,555,03-5633 5635,Super/Groceries,Super - Other / unclear,Unclear,23.39
ChIJ-8xjCIZazDERpyKoSan3UOM,Segi Fresh Saujana Utama,"Jalan Bidara 9/2, Saujana Utama 3",Sungai Buloh,3.2023049,101.4847932,3.8,450,03-6039 9370,Super/Groceries,Super - Other / unclear,Unclear,23.22
ChIJuxxUBB03zDERE5tq73k9MMM,Qra The Campus,"G27, Ground Floor, Batu 5, Jalan Kerja Air Lama, Ampang Jaya",Ampang,3.1616139,101.7563085,4.2,246,03-4266 8526,Super/Groceries,Super - Other / unclear,Unclear,23.14
ChIJtXA5CumrzTERiuEsXX22iw4,Segi Fresh Pandamaran,"Pt 14256 & 15010, Jalan Perusahaan 24, Kampung Idaman, Taman Perindustrian Pandamaran",Port Klang,2.9974813,101.4223259,4.1,277,012-512 3204,Super/Groceries,Super - Other / unclear,Unclear,23.07
ChIJQ8hJRgSvzTERulQEBtAQXAU,Pasaraya Grand Union (Telok),"Jalan Utama 2, Taman Jaya Utama",Telok Panglima Garang,2.9114461,101.4719963,4.0,316,019-937 4854,Super/Groceries,Super - Other / unclear,Unclear,23.04
ChIJ-5bd-ZvKzTER3njN15ba1LQ,Pasaraya BIG,"No. 1, Jalan 18/35, Taman Sri Serdang",Seri Kembangan,3.0081853,101.7128237,3.7,498,03-8942 9181,Super/Groceries,Super - Other / unclear,Unclear,22.99
ChIJd-054f5dzDERGLqcJWVqynE,Star Market Tasik Puteri Rawang,"Star Market Bandar, Jalan Tasik Puteri, Bandar Tasik Puteri",Rawang,3.2923105,101.4775194,4.3,200,,Super/Groceries,Super - Other / unclear,Unclear,22.8
ChIJyeXN50ZLzDER1sZe66_tWP0,Eco-Shop • Taman Maju Jaya,"B-16-1 (GF) & B-16-2 (1F) & B-17-1 (GF) & B-17-2 (1F), Blok B, Jalan PJS 2/16A, Taman Maju Jaya",Petaling Jaya,3.0797554,101.6373869,4.8,113,07-283 0123,Super/Groceries,Super - Other / unclear,Unclear,22.73
ChIJTY_kOr5PzDERNePryjEYun4,Eco-Shop Subang Bestari U5,"No. 18-1 (GF) & No. 18, 2 (1F, Jalan Nova K U5/K, Seksyen U5",Shah Alam,3.1772732,101.5459127,4.8,112,07-283 0123,Super/Groceries,Super - Other / unclear,Unclear,22.69
ChIJq_RqLjBNzDERB6g9oVhlswo,Al Essa,"Sek U5, C-43-G, Star Avenue Commercial Center Jalan Zuhal, U5/179, Jalan Pinggiran, Subang",Shah Alam,3.1549477,101.5521945,4.9,98,014-396 3068,Super/Groceries,Super - Other / unclear,Unclear,22.52
ChIJb-3sFxNVzDERGkuKo_qwpvE,Segi fresh Rantau Panjang,"NO.25, 27, 29, 31&, 33, Jalan Rantau Panjang 3/KU4, Batu 4",Klang,3.0701278,101.410727,3.9,316,012-998 3576,Super/Groceries,Super - Other / unclear,Unclear,22.46
ChIJxUHxhMdWzDER5EaVk6N16gE,Segi Fresh Meru,"2, Jalan Meru Indah 19, Taman Perindustrian Meru Indah",Kapar,3.135163,101.4197892,3.7,429,012-998 6753,Super/Groceries,Super - Other / unclear,Unclear,22.44
ChIJSzqZM_VNzDER9WIRg6aiDcA,Eco-Shop Mega Mall Kelana Jaya,"No. 60-G, 60-1, 60-2, 60-3 & No. 62-G, 62-1, 62-2, 62, 3, Jalan SS6/14, Kelana Jaya",Petaling Jaya,3.1043775,101.6006484,4.7,115,07-283 0123,Super/Groceries,Super - Other / unclear,Unclear,22.34
ChIJFR_przlLzDERW2vsAqvihdY,吉祥中国超市 Ji Xiang Convenience Store,"17, Jalan Kuchai Maju 6, Kuchai Entrepreneurs Park",Kuala Lumpur,3.0896024,101.685915,4.6,124,010-380 8897,Super/Groceries,Super - Other / unclear,Unclear,22.21
ChIJhXr53X_JzTERmEq7wYjem5k,Pasaraya HM (Bandar Baru Bangi),"5, Jalan P/9B, Seksyen 13, Kawasan Perusahaan Bangi",Bandar Baru Bangi,2.9540685,101.7538456,3.7,392,012-392 6939,Super/Groceries,Super - Other / unclear,Unclear,22.1
ChIJsavGrQ9JzDERa5y7_GxTaqQ,Shojikiya The Gardens Mall,"LG-240 & 241A, The Gardens Mall, Lingkaran Syed Putra, Mid Valley City",Kuala Lumpur,3.119544,101.6772032,4.8,98,012-205 8600,Super/Groceries,Super - Other / unclear,Unclear,22.06
ChIJ2RLGtL43zDERY35918gJOqA,Syarikat Jaya Diri,"714, Lorong Keramat 11, Kampung Datuk Keramat",Kuala Lumpur,3.1657791,101.7340091,4.2,190,03-4053 5004,Super/Groceries,Super - Other / unclear,Unclear,22.06
ChIJR6KmX3VHzDERLnZzXWZMcPc,Success 9 Local Products,"59, Jalan Sbc 6, Kawasan Industri Batu Caves",Batu Caves,3.2304928,101.6852675,4.2,190,,Super/Groceries,Super - Other / unclear,Unclear,22.06
ChIJ591bqnGpzTERBShvhko7MuI,Segi Fresh Pulau Indah,"No. 10-G, 11-G, 11-1, 12-G, 12-1 & 13-G, Jalan Samudera 10/8C, Laguna Square",Pulau Indah,2.9378336,101.3530094,4.6,118,012-438 1352,Super/Groceries,Super - Other / unclear,Unclear,21.98
ChIJ0YzX96k3zDERfE9dcMzgjuY,GARDEN BALADI,"a 9/1/1, One Ampang Business Avenue Jalan Ampang Utama 1/1, Taman Ampang Utama Ampang",Kuala Lumpur,3.1557693,101.7515689,4.5,126,011-1639 5709,Super/Groceries,Super - Other / unclear,Unclear,21.8
ChIJq6qqaklRzDERO7RcKJOepD4,Pasaraya Meru Sdn. Bhd.,"219, Jalan Meranti, Pekan Meru",Klang,3.1303959,101.4404405,3.8,302,03-3392 6991,Super/Groceries,Super - Other / unclear,Unclear,21.71
ChIJ45lj3e9TzDERxGJE27GHVkg,Ehsan Segi Fresh Ken Rimba,"45, Jalan Lengkuas B 16/B, Rimba Jaya",Shah Alam,3.054972,101.484336,4.0,224,012-998 3586,Super/Groceries,Super - Other / unclear,Unclear,21.66
ChIJRa4s76nJzTERVkdqHZyuZkQ,HeroMarket KIPMall Bangi,"KIPMALL BANGI, Persiaran Kemajuan, Seksyen 1",Bandar Baru Bangi,2.9541416,101.7570364,4.0,222,,Super/Groceries,Super - Other / unclear,Unclear,21.63
ChIJi46oOuhgzDERtT-dMoI7u-Y,Segi Fresh Bestari Jaya,"15, 15A, 17, 17A, 19, 19A, 21, 21A, 23&25, Jalan Berjuntai 2, PUSAT BANDAR",Batang Berjuntai,3.3799625,101.4104295,3.9,253,012-998 3176,Super/Groceries,Super - Other / unclear,Unclear,21.6
ChIJI-3e5cXLzTER4iCf0YGnKLU,Super Seven Cheras Jaya,Kawasan Perindustrian Cheras Jaya,Cheras,3.0216316,101.7652541,3.7,340,03-9074 2629,Super/Groceries,Super - Other / unclear,Unclear,21.58
ChIJ0XtTkYDBzTERnoLlJ90dqKU,Segi Fresh Pekan Salak,"Pusat Perniagaan, No.8 & 10, Jalan PPS1, Kampung Salak Tinggi",Sepang,2.7853013,101.7514941,4.0,214,012-793 6153,Super/Groceries,Super - Other / unclear,Unclear,21.48
ChIJfb8T66VUzDERHc4thc_K1Jw,Badurun Traders,"58 30, Leboh Sembilang 1, Taman Teluk Pulai",Klang,3.0471775,101.4269801,4.0,209,016-222 7046,Super/Groceries,Super - Other / unclear,Unclear,21.39
ChIJOTDTSwarzTERTP-Qf3hGXgU,Syarikat Kang Khow Sdn. Bhd.,"57, 59, Jalan Beringin, Kawasan 13",Pelabuhan Klang,3.0004157,101.3980187,4.3,137,03-3168 2304,Super/Groceries,Super - Other / unclear,Unclear,21.19
ChIJ6ZANcjNHzDERjfsYwZalGdU,Segi Fresh (Taman Amaniah),"9-G & 10-G, Jalan Batu Caves, Taman Batu Caves",Batu Caves,3.2361111,101.6786285,4.0,195,012-998 3607,Super/Groceries,Super - Other / unclear,Unclear,21.11
ChIJK09QJZxLzDERoxqTb12ZZZE,Faisal pasar segar,"11, Jalan PJS 2d/17, Taman Medan",Petaling Jaya,3.0766069,101.631854,4.0,182,,Super/Groceries,Super - Other / unclear,Unclear,20.84
ChIJ_4vr7YZazDERIsQEJerWBP8,Pasaraya Best (Saujana Utama),"2A, 2B, 4A, 4B, 8A & 10A, Fasa 6, Lorong Elmina 1, Sungai Buloh Country Resort",Sungai Buloh,3.1999891,101.4833191,3.9,208,03-6039 9524,Super/Groceries,Super - Other / unclear,Unclear,20.84
ChIJsxsrO1G5zTERPf73OoYkvRE,Kerepek Umi House,"Lot 1883A, Jalan Bahagia, Kampung Labohan Dagang",Banting,2.8056144,101.6221575,4.4,112,019-695 9735,Super/Groceries,Super - Other / unclear,Unclear,20.8
ChIJT_Lc3_YzzDER-d5_DPIEe0Y,Pasaraya Borong Sakan Cheras Ulu Langat,"6, Jalan Lagenda Suria 3/2, Taman Lagenda Suria",Hulu Langat,3.0984923,101.8022524,4.0,178,012-493 9069,Super/Groceries,Super - Other / unclear,Unclear,20.75
ChIJd2mNGwDLzTERCbEUM1Foygg,Checkers Hypermarket • Kajang • Saujana Impian,"25, Jalan Impian Perdana 1, Saujana Impian",Kajang,3.0131412,101.7938145,4.2,136,03-9212 8187,Super/Groceries,Super - Other / unclear,Unclear,20.66
ChIJVVsVfAtPzDERHK1r6HHcchQ,Pasaraya Suria,"No.9, 11 & 13, Jalan Nuri 7a, Kota Damansara",Petaling Jaya,3.1729911,101.576401,4.0,173,03-6143 7173,Super/Groceries,Super - Other / unclear,Unclear,20.64
ChIJR0nij5xHzDER5v3aEYGrvQM,Segi Fresh Sungai Tua,"5-G, 6-G & 7-G, Jalan BCU 1, Kawasan Perindustrian Batu Caves Utara",Batu Caves,3.2653488,101.6805541,4.0,167,012-318 7266,Super/Groceries,Super - Other / unclear,Unclear,20.5
ChIJsYKZOt3FzTERNfgvgY_9lCQ,Ninso Mantin,"No. 8. 9, 10, Jalan Surian 11, TAMAN SURIAN",Mantin,2.8354286,101.8679294,4.3,114,016-830 1798,Super/Groceries,Super - Other / unclear,Unclear,20.4
ChIJNcPGmFBPzDERSGZq8g-3X7w,Jawdah Mutiara Damansara,"G-45, Lotus's Mutiara Damansara, Jalan PJU 7/4, Mutiara Damansara",Petaling Jaya,3.1593906,101.6131896,4.8,66,011-6081 9195,Super/Groceries,Super - Other / unclear,Unclear,20.18
ChIJ62T6pbGyzTERZiiUaimVikc,"Taman Sri Muda, Shah Alam","33, Jalan Berjaya 25/4, Taman Sri Muda",Shah Alam,3.0307653,101.5339069,4.0,151,017-285 8362,Super/Groceries,Super - Other / unclear,Unclear,20.1
ChIJLWVMGpirzTERTPr2OvgBFj4,Mr Tomato Fresh Market Botanic,"Pasar, Bandar Botanik",Pelabuhan Klang,2.9881244,101.4264855,4.0,148,012-827 1632,Super/Groceries,Super - Other / unclear,Unclear,20.02
ChIJqwVQRMRMzDERkeB5KCg9jgM,stesen biskut,"17, Jalan USJ 10/1d, Taipan Business Centre",Subang Jaya,3.0484741,101.5842723,4.2,116,018-913 4298,Super/Groceries,Super - Other / unclear,Unclear,20.0
ChIJP-fHbMW3zTERQir0Ub2TIJE,PASARAYA DARUSSALAM XL,"tempat letak kereta, Plot 4p5 kompleks, 5, tkt presint 4, Presint 4",Putrajaya,2.9041496,101.6824033,4.3,103,012-895 6785,Super/Groceries,Super - Other / unclear,Unclear,19.97
ChIJBQsLXUNHzDERErCw2u6Sec4,Pasar Segar Pinggiran,"No. 2, Jalan 2/2, Pinggiran Batu Caves, Batu Caves, 68100, Batu Caves, Selangor, 18, Jalan Pinggiran 2/2, Taman Pinggiran",Batu Caves,3.2545531,101.6941635,3.9,159,011-3985 7123,Super/Groceries,Super - Other / unclear,Unclear,19.79
ChIJfyClKJBTzDERToP173GjdQQ,Segi Fresh Klang Sentral,"Jalan Klang Sentral 15/KU5, Klang Sentral",Klang,3.1077681,101.439375,4.5,78,012-950 6153,Super/Groceries,Super - Other / unclear,Unclear,19.66
ChIJqT7Kq1zJzTERXF3JOO7lMyw,Segi Fresh Awani Bangi,"15-G & 16-G & 17-G, Jalan Awani Bangi 1/1, Taman Awani Bangi",Kajang,2.8983768,101.77812,4.2,106,012-438 8975,Super/Groceries,Super - Other / unclear,Unclear,19.63
ChIJs6s4_MTnzTERkvGWPt3VatU,Vera Market,"PUSAT PERDAGANGAN, No 293, Jalan S2 B26, Seremban 2",Seremban,2.6927629,101.9009589,4.2,106,011-1785 3162,Super/Groceries,Super - Other / unclear,Unclear,19.63
ChIJL6Bz-cznzTERbP3kiZrCjrw,Pasaraya Daniya Myhighst,"994, Jalan S2 F22, Garden Homes",Seremban,2.6816749,101.903884,3.7,199,06-603 7681,Super/Groceries,Super - Other / unclear,Unclear,19.6
ChIJqb_o_CTHzTERevRpJ48I6UQ,Pasaraya Borong Matahari Nilai,"PT 7410, Jalan BBN 1/2H, Persiaran Pusat Bandar, Putra Point",Nilai,2.8137809,101.7939592,4.4,84,018-203 0053,Super/Groceries,Super - Other / unclear,Unclear,19.55
ChIJ3af5g3FTzDERebBlLoFj81o,Pasar Raya Nam Teck,"167, 169, 171 BATU, 2, Jalan Meru",Klang,3.067765,101.4505894,4.1,113,03-3884 7313,Super/Groceries,Super - Other / unclear,Unclear,19.42
ChIJYWJxSZiszTERq0wugKcPeQ8,PEMBORONG BAG PLASTIK KLANG,"Jalan Sri Sarawak 14, Taman Sri Andalas",Klang,3.0146138,101.4436177,4.3,88,010-250 7185,Super/Groceries,Super - Other / unclear,Unclear,19.3
ChIJJ9xykEpGzDERhassXZZRXGU,Hong Yang Oriental Food Jinjang,"3477, Jalan Jinjang Utama, Jinjang Utara",Kuala Lumpur,3.2115607,101.6592526,4.1,107,016-201 0693,Super/Groceries,Super - Other / unclear,Unclear,19.2
ChIJ8aDO9gtLzDERoToE5luXIGY,Pasaraya Borong Matahari Sri Manja,"1, Jalan PJS 3/61, Taman Sri Manja",Petaling Jaya,3.0745124,101.6501972,4.1,105,012-842 9656,Super/Groceries,Super - Other / unclear,Unclear,19.12
ChIJUWTwXW5zzDERfDltmXVrkLM,Kwong Onn Kuala Kubu Bharu,Pekan Kuala Kubu Bharu,Kuala Kubu Baru,3.563291,101.658635,4.1,105,,Super/Groceries,Super - Other / unclear,Unclear,19.12
ChIJ5ztip_Y0zDERy0pKa9m0ztk,Roslan Iberahim,"20, Jalan Orkid 2, Taman Orkid",Cheras,3.0780171,101.7658432,4.6,59,013-256 9020,Super/Groceries,Super - Other / unclear,Unclear,18.83
ChIJ0WGXGv1azDERQXZjsNgQAVk,PASARAYA HIJAS SUPER BAZAAR,"NO 1&, 3, Jalan DC 1/2, Desa Coalfields",Sungai Buloh,3.230705,101.4886951,4.0,108,017-871 2403,Super/Groceries,Super - Other / unclear,Unclear,18.77
ChIJSzTQ6wZPzDERO7rAb-kRhOU,Pasaraya JH Kota Damansara,"5 & 7, Jalan Cecawi Psb 6/19B & Seksyen 6, Kota Damansara",Petaling Jaya,3.1592594,101.5742655,3.8,136,03-6144 5243,Super/Groceries,Super - Other / unclear,Unclear,18.7
ChIJI7YUAVO3zTERKU1GQoxk578,Segi Fresh Taman Putra Perdana,"NO, 8A, 8B, 10A & 10B, JALAN PP SC, Taman Putra Perdana",Puchong,2.9467253,101.617332,4.2,84,012-495 3818,Super/Groceries,Super - Other / unclear,Unclear,18.66
ChIJvZq3W8w5zDERLNVIzQVK82g,Al sulaiman lembah keramat,"10, Jalan AU 5c/14",Kuala Lumpur,3.2018879,101.7563291,4.2,82,012-433 5300,Super/Groceries,Super - Other / unclear,Unclear,18.56
ChIJNVtNswetzTERBqbE2KnuSAo,"Farmers Green House, Bukit Tinggi","12A & 16, Lorong Batu Nilam 3b, Bandar Bukit Tinggi 1",Klang,3.0100459,101.4345739,4.1,90,03-3319 8369,Super/Groceries,Super - Other / unclear,Unclear,18.49
ChIJj4EHGh41zDER9uGwyhVcm04,Krave Haous,"9, Jalan Suadamai 1/2, Tun Hussein Onn",Cheras,3.0548673,101.758647,4.1,90,017-638 7541,Super/Groceries,Super - Other / unclear,Unclear,18.49
ChIJi19aZg9LzDERnBAzIiPMP1A,Pasar Raya Wah Fong,"32 & 34, Jalan Kinrara, Taman Kinrara",Puchong,3.0670126,101.649345,3.5,196,03-8070 3268,Super/Groceries,Super - Other / unclear,Unclear,18.49
ChIJz5pnVps5zDERMJ86U7H6Rs8,Yemen Arabic Market,"29G, Jalan Wangsa Setia 1, Taman Wangsa Melawati, Wangsa Melawati",Kuala Lumpur,3.2095135,101.743974,4.6,54,03-4131 6534,Super/Groceries,Super - Other / unclear,Unclear,18.43
ChIJAVM1LpbHzTER6HWvdyauMgQ,Segi Fresh Salak Tinggi,"No. 38, 40 & 42, Jalan Seroja 7, Taman Seroja",Salak Tinggi,2.8280482,101.7293596,4.0,93,012-415 3813,Super/Groceries,Super - Other / unclear,Unclear,18.17
ChIJSwyXqQK3zTERpyi0_rs0PbM,Suria wholesaler,"28G, Lingkaran Cyber Point Barat, Neo Cyber",Cyberjaya,2.9162878,101.6502706,4.1,83,,Super/Groceries,Super - Other / unclear,Unclear,18.17
ChIJefmJCBhLzDERW83bzdnI0A8,Fresh Boulevard Bukit Serdang,Taman Bukit Serdang,Seri Kembangan,3.0393095,101.6971379,3.7,133,,Super/Groceries,Super - Other / unclear,Unclear,18.12
ChIJyf5U-KfnzTERP6U1_997IxM,Pasar raya mega indah sdn.bhd,"S2, 892-895 S2 F23, GARDEN HOMES SEREMBAN 2, Garden Homes",Seremban,2.6811178,101.9034235,4.0,91,011-1140 3310,Super/Groceries,Super - Other / unclear,Unclear,18.09
ChIJndUib7fdzTERXB_-Ysz5ON8,Pasaraya Jelita,"No. 45, 46, 47, 48, Lorong Jelita 1, Taman Suliana",Seremban,2.7480193,101.953991,3.8,114,06-762 3406,Super/Groceries,Super - Other / unclear,Unclear,18.03
ChIJmT4a7ZmzzTER_7RetecD00o,Ehsan Segi Fresh Sri Muda,"7G, 9G, 11G & 13G, Jalan Damai 25/60, Taman Sri Muda",Shah Alam,3.0309007,101.5378563,4.1,80,012-255 2539,Super/Groceries,Super - Other / unclear,Unclear,18.02
ChIJjZGcIW9bzDERsUVnwocnR3I,Super Seven Puncak Alam,"No 5, 7, 9, 11, 13, 15&17, Jalan Maple 7/1, Bandar HILLPARK",Puncak Alam,3.2130585,101.465139,3.9,99,03-6087 6636,Super/Groceries,Super - Other / unclear,Unclear,17.96
ChIJo_6oKTy1zTERjahUIA3dH0s,Pasaraya Boss,"1, Jalan PUJ 3/9, Taman Puncak Jalil",Seri Kembangan,3.0169517,101.6782016,3.6,138,03-8999 0374,Super/Groceries,Super - Other / unclear,Unclear,17.76
ChIJIST4uPtGzDEROgJ2GIyyRms,Pasaraya Dan Ubat Hon Meng 汉明参茸药行商店,"No.42 & 44, Jalan SJ 3, Taman Selayang Jaya",Batu Caves,3.2381439,101.6514003,4.1,75,03-6127 7899,Super/Groceries,Super - Other / unclear,Unclear,17.76
ChIJiwgCRMnnzTERG_LS_jtEoW0,MASBUKTI S2,"116, Jalan S2 F2, Garden Homes",Seremban,2.6851164,101.907327,4.3,61,06-630 7097,Super/Groceries,Super - Other / unclear,Unclear,17.75
ChIJEcOLm87gzTERpP5ABra1iso,TEN TEN Retail - Senawang,"Jalan Kemuning 1, Taman Kemuning",Seremban,2.6916909,101.9862503,3.7,117,012-915 1210,Super/Groceries,Super - Other / unclear,Unclear,17.65
ChIJfc3q60lRzDER-J9hEHWg8LE,Pasar Raya Bismi,Klang,"Kuala Lumpur, Petaling Jaya, Shah Alam, Klang, Subang Jaya, Cheras, Ampang, Cyberjaya, Putrajaya, Kajang, 68100 Selayang, Damansara",3.1505445,101.4376866,4.4,54,03-3393 2786,Super/Groceries,Super - Other / unclear,Unclear,17.63
ChIJWyOCG0xpzDERzOMgAC3F_DY,Pasaraya Serendah Jaya,"No 23 & 24, Jalan Besar",Serendah,3.3652766,101.6041274,4.4,54,03-6081 2713,Super/Groceries,Super - Other / unclear,Unclear,17.63
ChIJQeaDJgbNzTERc9gvovFpPUc,PASAR SEGAR IRADAH BRIPO,"NO 19, JALAN INDAH 1 TAMAN INDAH, Taman Sungai Jelok",Kajang,2.9979147,101.8075624,4.1,72,016-450 2952,Super/Groceries,Super - Other / unclear,Unclear,17.59
ChIJiyXfWCfIzTERjJMhaMGXvJM,Pasaraya Dpp Maju,"No. 10, Jalan Pinggiran Putra 4A/4, Taman Desa Pinggiran Putra, Sungai Merab, Selangor",Kajang,2.9008052,101.7068546,4.0,77,03-8920 3211,Super/Groceries,Super - Other / unclear,Unclear,17.43
ChIJcVQUbHRdzDERZH0R1XqXmFM,Segi Fresh Saujana Rawang,"42A, 46, 48, Jalan SR 4/1A, Saujana Rawang",Rawang,3.3348652,101.5176237,3.9,81,012-395 1353,Super/Groceries,Super - Other / unclear,Unclear,17.19
ChIJuzAZDUNNzDERFXGmtpSH3gs,Pasaraya Borong SNS Ali,"7, Jalan Singa E 20/E, Seksyen 20",Shah Alam,3.0558059,101.5416736,3.8,91,03-5545 0390,Super/Groceries,Super - Other / unclear,Unclear,17.18
ChIJIXrGLILLzTER29PTPG1k3zQ,Whole Foods Express Bandar Kajang,"Lot 9, Seksyen, 7, Jalan Bukit, Bandar Kajang",Kajang,2.9904316,101.7901393,3.6,117,,Super/Groceries,Super - Other / unclear,Unclear,17.17
ChIJAeEnXQ82zDERexM8QtyoUto,Pasar Sri Johor,"1, Jalan Jelawat, Taman Ikan Emas",Kuala Lumpur,3.1174223,101.7192272,3.8,89,,Super/Groceries,Super - Other / unclear,Unclear,17.1
ChIJcaPNYng1zDERUL41wkx-Loc,PASAR SEGAR BSB,"Jalan Tasik Selatan 30d, Desa Tasik",Kuala Lumpur,3.0718818,101.7155929,3.6,111,03-9055 4224,Super/Groceries,Super - Other / unclear,Unclear,16.99
ChIJ-wtEqKKuzTERegh6SnAx1Mo,Pasar Sabtu Sijangkang,Sijangkang,Telok Panglima Garang,2.9482636,101.4565147,4.0,67,,Super/Groceries,Super - Other / unclear,Unclear,16.88
ChIJhzq_1KvJzTERE0OmxihrELg,TOKKU LEKO (SUNGAI MERAB),"Lot 3673, 2 (G, Jalan Aman, Kampung Sungai Merab Luar",Kajang,2.9356858,101.7473652,4.4,45,011-6100 1216,Super/Groceries,Super - Other / unclear,Unclear,16.85
ChIJGxtmufDJzTEROaVOje4bYtI,Segi Fresh Jernang Jaya,"47 & 47A, Jalan Jernang Jaya 1, Taman Jernang Jaya",Kajang,2.9237793,101.759524,3.9,74,012-604 7266,Super/Groceries,Super - Other / unclear,Unclear,16.84
ChIJP91goP2vzTER8JIhsR1BN3s,Ninso Telok Panglima Garang,"Lot No 621, 6, Jalan Gangsa, Kawasan Perindustrian Telok Panglima Garang",Klang,2.9182431,101.4745788,3.6,104,016-830 1798,Super/Groceries,Super - Other / unclear,Unclear,16.75
ChIJ1X9aLExHzDERoXYh6dayF8Q,Kepong Satellite City Morning Market Market,"Jalan Bangau 1, Kepong Baru",Kuala Lumpur,3.2020482,101.6448855,4.1,57,,Super/Groceries,Super - Other / unclear,Unclear,16.65
ChIJcewRx-lgzDERtjyDVAm07tk,One Fresh,"30, 22, Jalan Berjuntai 1, Pekan Batang Berjuntai",Batang Berjuntai,3.3785104,101.4098698,4.3,46,,Super/Groceries,Super - Other / unclear,Unclear,16.56
ChIJdflwxxNTzDER0f0Yps3OyfE,Eco-Shop Ken Rimba,"No. 48-1, 48-2, 50-1 & 50-2 (Grd & 1st Flr, KEN Rimba Sales Gallery, Jalan Lengkuas D16/D, Seksyen 16",Shah Alam,3.0543441,101.4841801,4.2,49,07-283 0123,Super/Groceries,Super - Other / unclear,Unclear,16.43
ChIJTSR_T-M2zDERy2qNVdJvmGQ,GRD CASH & CARRY,"18G, Jalan Wawasan 4/5, Bandar Baru Ampang",Ampang,3.1464144,101.7648225,4.6,34,016-203 0273,Super/Groceries,Super - Other / unclear,Unclear,16.35
ChIJ6ze-hcK1zTEREsR2ljK-p00,BYBIGPLUS SUBANG,"GF, 27, Jalan Industri USJ 1/11, Taman Perindustrian Usj 1",Subang Jaya,3.0496398,101.6067613,5.0,25,010-369 6642,Super/Groceries,Super - Other / unclear,Unclear,16.29
ChIJVVFXN-lgzDERmh4-D0nWLps,Pasaraya Seng Siang,Pekan Batang Berjuntai,Batang Berjuntai,3.3782935,101.4063316,4.1,52,,Super/Groceries,Super - Other / unclear,Unclear,16.28
ChIJsTLwIw5PzDERN_6WwXVryP0,Eco-Shop Subang Murni,"U5, K-13 & K-14 (GF), Nadayu 801. 1 Jalan Zuhrah U5/163, Seksyen, Taman Subang Murni",Shah Alam,3.163187,101.5469892,4.3,43,07-283 0123,Super/Groceries,Super - Other / unclear,Unclear,16.27
ChIJJQBP6YVazDERXP7bBFuna_s,Pasaraya Karnival,"Su Mall, No 19G, 20G, 21G, Jln Bidara, Bandar Saujana Utama",Sungai Buloh,3.202169,101.4860233,3.8,71,,Super/Groceries,Super - Other / unclear,Unclear,16.25
ChIJWWERMC3FzTER0xNEtaE078A,Segi Fresh Taman Surian Mantin,"1-G & 2G, Jalan Surian 11, Taman Surian",Mantin,2.8358052,101.8684522,3.9,63,012-504 3813,Super/Groceries,Super - Other / unclear,Unclear,16.22
ChIJG0Bn19JHzDERYcCy3pfWWnc,Super Seven KLTS (Block D),Kampung Kuantan,Kuala Lumpur,3.2043826,101.7039504,3.5,101,03-4021 3565,Super/Groceries,Super - Other / unclear,Unclear,16.19
ChIJ50CF69tfzDEREOeV7qLE7vg,Eco-Shop Ijok,"No. 52 (Grd & 1st Flr), No. 52A & 56 (Grd, 1st & 2nd Flr, Jalan Ijok Utama 1, Taman Ijok Utama",Batang Berjuntai,3.3136673,101.41125,4.1,50,07-283 0123,Super/Groceries,Super - Other / unclear,Unclear,16.12
ChIJz7nUd99PzDERb4S9LB8wOeo,Pasar Kemboja,"Jalan Gajah 23, Kampung Kubu Gajah",Sungai Buloh,3.1904472,101.5290192,3.9,61,,Super/Groceries,Super - Other / unclear,Unclear,16.1
ChIJZw8I8XRHzDERWimcS0mDuic,Xian Jia Lin 鲜家林,"3598b, Jalan Jinjang Murni 9, Jinjang Utara",Kuala Lumpur,3.2216221,101.6568727,4.6,32,,Super/Groceries,Super - Other / unclear,Unclear,16.08
ChIJRZpGt1RHzDER5r01fURr2Qg,Segi Fresh Sri Gombak,"Jalan SG 3/5, Taman Sri Gombak",Selangor,3.2420161,101.7030103,4.2,45,012-974 3813,Super/Groceries,Super - Other / unclear,Unclear,16.08
ChIJkY1MkMerzTEREgw4udqo1_k,Yasrree (M) Sdn. Bhd.,"138, Jalan Tengku Badar",Pelabuhan Klang,3.0069967,101.4003802,4.4,37,03-3373 2716,Super/Groceries,Super - Other / unclear,Unclear,16.01
ChIJ1697bs9-zDERUWF23wCBXY0,D'Mar't Segi Fresh SgTengi,"457, B33, Desa Maju Sungai Tengi",Kuala Kubu Baru,3.6163911,101.4238052,4.1,48,,Super/Groceries,Super - Other / unclear,Unclear,15.96
ChIJy2haST9JzDERZsR87RtikaQ,Longwan Chow Kit,"26, Lorong Haji Hussein 1, Chow Kit",Kuala Lumpur,3.165549,101.7000056,4.4,36,,Super/Groceries,Super - Other / unclear,Unclear,15.89
ChIJuxYBYRtJzDERkEt_GwUMFd8,Hong Yang Oriental Food (SS2),"42, Jalan SS 2/61, SS 2",Petaling Jaya,3.1179889,101.6208047,3.6,81,010-226 9086,Super/Groceries,Super - Other / unclear,Unclear,15.86
ChIJ8fd0yxQ2zDERLQoicyeGva4,欣晨中国超市 吉隆坡 (Xin Chen AMAYA MALURI),"G06 Amaya Maluri Service Apartment Jalan Jejaka 2 Taman Maluri Cheras Kuala Lumpur Kuala Lumpur MY 55100, Jalan Jejaka 2",Maluri,3.1271692,101.7295457,3.9,57,016-258 1777,Super/Groceries,Super - Other / unclear,Unclear,15.84
ChIJl7zqXQjnzTER2oAcGsIJV4c,Ninso Seremban 2,"No. 310, 311, Pusat Perdagangan, 312 & 313, Jalan S2 B27, Seremban 2",Seremban,2.6942243,101.9007795,4.2,42,016-830 1798,Super/Groceries,Super - Other / unclear,Unclear,15.8
ChIJQ_XLWr3JzTEREAv6yj7oIlY,PASARAYA HM (Taman Medan PJ Branch),"NO 1, (BLOCK B, C & D, HOCK MEI TRADING SDN.BHD, Jalan PJS 3/2, PETALING JAYA SELATAN",Petaling Jaya,3.0748198,101.6329588,3.6,79,012-392 6939,Super/Groceries,Super - Other / unclear,Unclear,15.78
ChIJ9WlBp87nzTERO8mLivTi-wU,Pasar Segar Nor,Garden Homes,Seremban,2.6842849,101.9052861,4.4,35,,Super/Groceries,Super - Other / unclear,Unclear,15.77
ChIJxxMOKfNFzDERtxIA6IV_d_I,Pasaraya Karnival,"B006, B007, B008, Jalan PJU 10/2a, Damansara Damai",Petaling Jaya,3.199227,101.593497,3.8,62,03-6143 7593,Super/Groceries,Super - Other / unclear,Unclear,15.74
ChIJ301FuIX5zDERh-1GzUrVNAY,Segi Fresh Jeram,"9A, 45800, 11A, Jalan Sejahtera 1",Jeram,3.190243,101.3145534,4.0,50,,Super/Groceries,Super - Other / unclear,Unclear,15.73
ChIJWTk9OYpIzDERK7Vg6y04lgQ,Tik Market,"No. 13, Jalan Solaris 3, Solaris Mont Kiara",Kuala Lumpur,3.175104,101.659394,4.1,45,03-6211 2776,Super/Groceries,Super - Other / unclear,Unclear,15.7
ChIJU40zzQs2zDERhxJA-IUY_kg,Super99 Taman Tenaga Cheras,"42, Jalan Sembilang, Taman Tenaga",Kuala Lumpur,3.1141693,101.7247581,3.9,55,03-9172 6199,Super/Groceries,Super - Other / unclear,Unclear,15.7
ChIJg97nRRBPzDERTqz8RLggL8Y,Ninso Desa Subang,"No. 15, 17 & 19, Jalan Waruna Ar U5/Ar",Shah Alam,3.1725626,101.5372661,4.8,25,016-830 1798,Super/Groceries,Super - Other / unclear,Unclear,15.64
ChIJ9cSvKHFJzDERu9YjOAmYa2I,Freshan,"Lot 2F - 18, 8, Jalan Kiara, Mont Kiara",Kuala Lumpur,3.1667459,101.6522937,3.9,54,012-497 4526,Super/Groceries,Super - Other / unclear,Unclear,15.63
ChIJl3gBhk-tzTER6szUbFm62XE,Pasar Raya Hong Chang,"8, Jalan Dato Dagang 31, Taman Sentosa",Klang,2.9964318,101.4741362,4.1,43,,Super/Groceries,Super - Other / unclear,Unclear,15.52
ChIJhR6oQADJzTERBuRz5eXofUc,MBG Foodshop,"Jalan Alamanda, Presint 1",Putrajaya,2.9400462,101.7133721,3.5,83,,Super/Groceries,Super - Other / unclear,Unclear,15.51
ChIJ4YhBOFXJzTERDHjdcfuL0xY,MBG Fresh Market,"UG27&28, Level UG, Shaftsbury Putrajaya, Jalan Alamanda, Presint 1",Putrajaya,2.9399814,101.7134361,3.5,83,016-227 5602,Super/Groceries,Super - Other / unclear,Unclear,15.51
ChIJk6g5g3k3zDERb-XfVhX6cnI,Pasaraya KK,"2, Jalan AU 3/21, Taman Keramat",Kuala Lumpur,3.1825373,101.757424,3.8,57,,Super/Groceries,Super - Other / unclear,Unclear,15.43
ChIJtX9hzz9PzDERmaP-Kg-QDZU,Segi Fresh Subang U5,"No. 48, 50G & 52G Jalan Pluto U5/AY Bandar Pinggiran Subang, Seksyen 5",Shah Alam,3.1613614,101.5366379,4.2,38,012-438 8974,Super/Groceries,Super - Other / unclear,Unclear,15.39
ChIJ38qmQcqtzTERPbFWGGTqmII,Pasaraya Borong Sns Ali,"Lot 1592, Kampung Jawa, Gm 1291, Mukim, Seksyen 36",Shah Alam,3.0266667,101.4796545,4.0,44,03-3374 4873,Super/Groceries,Super - Other / unclear,Unclear,15.23
ChIJzUD04WBHzDERvLj4tj0CJao,Berkat Madinah Sri Gombak,"32, Jalan Prima SG 2, Prima Seri Gombak",Batu Caves,3.2394552,101.6999835,5.0,20,011-1111 9912,Super/Groceries,Super - Other / unclear,Unclear,15.22
ChIJpzBShkIHzTERAGvPQnKiiEE,Roshardy Bajet Rm2,"Jalan Dato Harun, Kampung Teluk Nipah",Pulau Indah,2.9397461,101.3291198,3.9,48,017-658 5672,Super/Groceries,Super - Other / unclear,Unclear,15.18
ChIJMfjudaBHzDERvFoh45MN37w,Indigo Durian Station 榴莲站,"1, Jalan SU 9, Taman Selayang Utama",Batu Caves,3.2366578,101.6450004,4.4,30,013-333 7976,Super/Groceries,Super - Other / unclear,Unclear,15.11
ChIJYQmjKkVTzDERyh092ivjuZM,Klang Fruits Valley,"Jalan Gudang Nanas 1, Kawasan 18",Klang,3.048295,101.4455909,3.9,46,03-3362 3793,Super/Groceries,Super - Other / unclear,Unclear,15.02
ChIJiT0p8u1RzDER65kYGzMvkC8,Eco-Shop Alam Budiman U10,"No 43-G, No 43-1 & No 41, 2 (Storage, No 41-G, No 41-1, No 43, Jalan Pulau Lumut P U10/P, Taman Alam Budiman",Shah Alam,3.1443334,101.4818225,4.6,25,07-283 0123,Super/Groceries,Super - Other / unclear,Unclear,14.99
ChIJu5i51ImvzTERUnxQ1Bnyr_k,Chop Lian Hup,"s-39, Jalan Sekolah, Kampung Sungai Jarom",Jenjarom,2.8790381,101.4936146,4.0,41,03-3191 3340,Super/Groceries,Super - Other / unclear,Unclear,14.95
ChIJ15MNqietzTEReFicFPc1QOw,SC Segar (Runcit & Borong) - Bukit Tinggi 1,"36-00-1, Lorong Batu Nilam 4a, Bandar Bukit Tinggi 1",Klang,3.0077054,101.4385263,4.5,26,011-1088 2615,Super/Groceries,Super - Other / unclear,Unclear,14.83
ChIJ3zA3jQnBzTERiVIwtdlKeDM,Eco-Shop KLIA Residensi,"G-13, 14, Pangsapuri Perkhidmatan Residensi KLIA, Jalan Pusat Niaga KLIA 6",Nilai,2.7697883,101.7633081,4.4,28,07-283 0123,Super/Groceries,Super - Other / unclear,Unclear,14.82
ChIJyeHbZlNJzDERvXr7m0iXJus,Eco-Plus • NU Sentral,"Lot L2.13, Level Two, NU Sentral Shopping Complex, Jalan Tun Sambanthan",Kuala Lumpur,3.1335679,101.6875652,3.1,118,07-283 0123,Super/Groceries,Super - Other / unclear,Unclear,14.82
ChIJ65uKf2arzTERVZzCk4LN3KA,"Morning Market,Taman Chi Liung","27, Jalan Bahagia, Taman Chi Liung",Pelabuhan Klang,3.012926,101.4251084,3.5,66,,Super/Groceries,Super - Other / unclear,Unclear,14.72
ChIJxY3qNTFfzDERnpHnMGj8Bo8,Segi Fresh Ijok,"No. 6, 8, 10, Jalan Ijok Utama 4",Taman Ijok Utama,3.3126731,101.4097747,4.2,32,012-438 8746,Super/Groceries,Super - Other / unclear,Unclear,14.69
ChIJe82CAqexzTERqDtx7dV4OaU,Eco-Shop Tropicana Aman,"No.1, 3 5 & 7 (Grd Flr, Jalan Aman Tiara 6, Bandar Tropicana Aman",Telok Panglima Garang,2.9490116,101.5259606,3.5,64,07-283 0123,Super/Groceries,Super - Other / unclear,Unclear,14.61
ChIJ5bqFeyC7yDERVsmG8vAbmsk,"Farmers Green House, Bandar Kinrara","41g, Jalan BK 5a/2, Bandar Kinrara 5",Puchong,3.0465101,101.6453164,3.9,41,03-8082 4941,Super/Groceries,Super - Other / unclear,Unclear,14.58
ChIJBUwgyIU2zDERkAmdQV97y0I,Pasar Raya Song Fook,"43, Jalan Bunga Tanjung 7, Taman Muda",Cheras,3.1191619,101.7596509,4.2,31,03-4295 3233,Super/Groceries,Super - Other / unclear,Unclear,14.56
ChIJDYHre25GzDERpnLcNumv57Q,SC Wholesale,"11, Jalan 12, Taman Desa Jaya",Kuala Lumpur,3.2165449,101.629643,3.7,48,03-6262 1787,Super/Groceries,Super - Other / unclear,Unclear,14.4
ChIJu2gCCENHzDERreJc5H_Aobo,Eco-Shop Taman Pusat Kepong,"No. 11 & 15 (Grd Flr, Jalan 6/40, Taman Pusat Kepong",Kuala Lumpur,3.2009669,101.6553329,3.9,39,07-283 0123,Super/Groceries,Super - Other / unclear,Unclear,14.39
ChIJNc17V4JTzDERwnmbuz1C46A,Pasaraya Sri Dinar,Kampung Batu Belah,Klang,3.0774477,101.4422296,3.8,41,,Super/Groceries,Super - Other / unclear,Unclear,14.2
ChIJmblz3WI1zDER7RLuvL4hIJE,Saaka Nilai Sg Besi (SNSB),"10, 12, 12A, Jalan Tasik Utama 5, Sungai Besi",Kuala Lumpur,3.0616856,101.7091265,3.9,37,012-783 3432,Super/Groceries,Super - Other / unclear,Unclear,14.19
ChIJHTVGbaHPzTERrvdcvn1aDs0,Ehsan Segi Fresh Setia Mayuri,"No. 32, 1, Jalan Mayuri 1/5A, Setia Mayuri",Semenyih,2.9448882,101.8660937,4.0,33,012-998 6917,Super/Groceries,Super - Other / unclear,Unclear,14.11
ChIJq9mjSwA5zDER46mFh58S7Jg,Eco-Shop Taman Permata,"No 2748 (GF, Mezzanine Floor, 1F) & No 2749 (GF, Mezzanine Floor, 1F, Jalan Changkat Permata, Taman Permata",Kuala Lumpur,3.2068224,101.7510341,4.0,33,07-283 0123,Super/Groceries,Super - Other / unclear,Unclear,14.11
ChIJS_W_fHM4zDEROkbiEeEHZuQ,Madina Kebab,"44, Jalan Jernai, Medan Idaman Business Centre",Kuala Lumpur,3.2123414,101.7126532,3.9,36,012-609 4643,Super/Groceries,Super - Other / unclear,Unclear,14.08
ChIJFZlRLxJrzDERBcYnEOsgasQ,Segi Fresh Antara Gapi,"No. 33A-G, 35-G, 35-LG, 35, 2, Jalan Gapimas 1, Laman Gapimas",Serendah,3.4215071,101.6265185,3.7,43,,Super/Groceries,Super - Other / unclear,Unclear,14.0
ChIJB91XScnnzTERlKWK8W46Iks,DD Fresh Meat Retail Shops ( Seremban2 Branch)天定猪肉便利店 Omega3 pork,"No.96, Jalan S2 F2, Garden Homes",Seremban,2.6848533,101.9087643,4.0,32,012-651 7839,Super/Groceries,Super - Other / unclear,Unclear,13.99
ChIJ51K1sgatzTER7OLY3rhNUn4,Thurga's Cash and Carry,"17, Lorong Batu Nilam 20A, Bandar Bukit Tinggi 2",Klang,2.9973745,101.4370916,4.0,32,011-2685 3622,Super/Groceries,Super - Other / unclear,Unclear,13.99
ChIJL_sB3IJvzDER26Alg1ky7MI,Segi Fresh Bukit Beruntung 2,"29, Jalan Inai 2, Bandar Bukit Beruntung",Rawang,3.4299135,101.5573338,4.1,29,012-438 8526,Super/Groceries,Super - Other / unclear,Unclear,13.94
ChIJY_XfmQyizTER6azSBrvk9bU,KWEE KEE FISHERY,Banting,"Kuala Lumpur, Petaling Jaya, Shah Alam, Klang, Subang Jaya, Cheras, Ampang, Cyberjaya, Putrajaya, Kajang, 68100 Selayang, Damansara",2.7281541,101.4549742,3.6,46,,Super/Groceries,Super - Other / unclear,Unclear,13.86
ChIJtXowo843zDEREv1LtUdwZig,Pasaraya KNC Subang Jaya,"No 20, Jalan Bulan BM, Bandar Pinggiran Subang",Shah Alam,3.163842,101.547244,5.0,15,012-260 5043,Super/Groceries,Super - Other / unclear,Unclear,13.86
ChIJIXj1_8XPzTERkT2vfCIFh0I,Eco-Shop Taman Pelangi Semenyih,"No. 5-G, 5-1, 7-G, 7-1, 9-G & 9, 1, Jalan Tps 1/5, Taman Pelangi Semenyih",Semenyih,2.9291796,101.8570428,4.3,24,07-283 0123,Super/Groceries,Super - Other / unclear,Unclear,13.84
ChIJZzieHDHPzTERqdZ_O1D9yRw,Eco-Shop Tasik Kesuma,"No. 35 & & Lot 37 (GF & 1F, Jalan Kesuma 3/11, Bandar Tasik Kesuma",Beranang,2.9059661,101.8637206,4.4,22,07-283 0123,Super/Groceries,Super - Other / unclear,Unclear,13.8
ChIJC97Y52JHzDERCFQIaW-m5Eg,Agro Bazaar K Shoppe,"No. 7, Jalan SG 3/12, Taman Sri Gombak",Batu Caves,3.2413594,101.7046847,4.0,30,03-6178 6739,Super/Groceries,Super - Other / unclear,Unclear,13.74
ChIJ1coiM6FOzDER9uLGPKztSsM,Hong Yang Oriental Food • Cempaka,"507A, Jalan PJU 1/1, Pju 1",Petaling Jaya,3.1164835,101.5986511,3.8,36,016-205 7498,Super/Groceries,Super - Other / unclear,Unclear,13.72
ChIJ1-QS211ZzDERD4sx9Hqg_eQ,Eco-Shop Alam Suria,"No. 42-1 (Ground Floor), No. 44-1 (Ground Floor), No. 46-1 (Ground Floor), No. 48-1 (Ground Floor), No. 50-1 (Ground Floor, Jalan Dataran Suria",Puncak Alam,3.2349325,101.4124365,4.2,25,07-283 0123,Super/Groceries,Super - Other / unclear,Unclear,13.68
ChIJLzZHmEFTzDERuf7_IDNguSQ,RR Basket Eco sanctuary Rimbayu,"C-G-07, SE RUANG SQUARE, Jalan Eco Sanctuary 8/3, Bandar Rimbayu",Telok Panglima Garang,2.9473696,101.5448442,4.4,21,018-240 6786,Super/Groceries,Super - Other / unclear,Unclear,13.6
ChIJVYMqzrXLzTER_kguaeXrQrs,Pasar Segar NJ,"Lot 1658, Jalan Sungai Ramal Dalam, 1658, Jalan Besar, Kampung Sungai Ramal Dalam",Kajang,2.9719763,101.7574214,4.0,29,03-8920 1820,Super/Groceries,Super - Other / unclear,Unclear,13.6
ChIJoz1NjQ04zDERmKhiqGBMh0Q,Ainee Ehsan Herbs & Beauty,"Lot G22, Jalan Langkawi, Taman Danau Kota, 53100",Kuala Lumpur,3.2066149,101.7175568,4.9,15,012-250 2285,Super/Groceries,Super - Other / unclear,Unclear,13.59
ChIJv2BLL6TPzTERkgqfGRZO-lc,Syabas Cash & Carry,"44, Jalan Besar, Pekan Semenyih",Semenyih,2.9471887,101.8457446,4.2,24,016-206 6585,Super/Groceries,Super - Other / unclear,Unclear,13.52
ChIJ-b4PESZ3zDERZz4sREIITHM,99 Speedmart 1437 Pekan Kerling,"No: 24 & 25 & 26, Jalan Orbit, Pekan Kerling",Kerling,3.5926461,101.6047845,3.6,41,03-3362 6863,,Unknown category,Unclear,13.46
ChIJvWhaR4FbzDEROWVY4k_jfiE,PASARAYA MAJU AHMAD,"21 Lorong Elmina 2, SBCR, Bandar Saujana Utama",Sungai Buloh,3.2002417,101.4824616,4.4,20,014-300 1785,Super/Groceries,Super - Other / unclear,Unclear,13.4
ChIJU4ni6B6rzTERVrGrjLndQbE,Pasar Pagi Flat Chi Leong.,Taman Chi Leong,Pelabuhan Klang,3.0124054,101.4255198,3.7,36,014-714 5177,Super/Groceries,Super - Other / unclear,Unclear,13.36
ChIJdZUSeQCzzTERQZt6E3m7nA8,Eco-Shop Puchong Permai,"No. 20, 20A & 20B (Grd, 1st & 2nd Flr) & No, 21 (1F, Jalan Puchong Permai 2, Taman Puchong Permai",Puchong,3.0094468,101.5996594,3.9,29,07-283 0123,Super/Groceries,Super - Other / unclear,Unclear,13.26
ChIJP5oaQ2OszTERXs4iAEzQfLc,Plastik V Sdn. Bhd.,"Lot 8620, Kampung Air Hitam, 6 1/2 Miles, Jalan Langat",Klang,2.9611885,101.4403562,4.4,19,03-3122 1111,Super/Groceries,Super - Other / unclear,Unclear,13.18
ChIJ-7tm-fA1zDERha-3JZJ4Prg,Agro Bazaar (fka. Pasaraya LAQUE),"35, Jalan Danau Lumayan, Bandar Sri Permaisuri",Kuala Lumpur,3.0996901,101.7150914,4.4,19,03-9174 6968,Super/Groceries,Super - Other / unclear,Unclear,13.18
ChIJocrVoI_pzTER02rrrADJ8GM,Daniya Store,"221, Jalan Pusat Dagangan Sendayan 3/4",Siliau,2.6811594,101.866739,3.4,47,06-781 3967,Super/Groceries,Super - Other / unclear,Unclear,13.16
ChIJ_SckIABPzDERveRG-RSTqso,Pasaraya Borong Matahari Subang Bestari U5,"No. 47-1, 49-1, 51-1, 53-1, 55-1, (Ground Floor), Jalan Zuhrah BH, U5/BH, U5, Seksyen, Taman Subang Murni",Shah Alam,3.1631475,101.5438524,3.6,37,012-986 9656,Super/Groceries,Super - Other / unclear,Unclear,13.1
ChIJyRV9o7HJzTER6_y4d82c7j8,Pasar Segar FJ,"1, Jalan Casa Mekar 1",Kajang,2.9217617,101.7385025,4.1,23,017-624 2988,Super/Groceries,Super - Other / unclear,Unclear,13.03
ChIJbyJpZl7nzTER0RPpvdUEzhE,Eco-Shop Ikon Centrio,"No 199, 200, 201 Jalan S2 B23 Pusat Dagangan Seremban 2 Ikon",Seremban,2.6925445,101.9023924,4.6,16,07-283 0123,Super/Groceries,Super - Other / unclear,Unclear,13.03
ChIJP6Ck__5zzDERAbwNmiCyLcc,Eco-Shop Kuala Kubu,"Lot 13 (Grd & 1st Flr, Jalan Mat Kilau",Kuala Kubu Baru,3.5644001,101.660554,4.2,21,07-283 0123,Super/Groceries,Super - Other / unclear,Unclear,12.98
ChIJL3i5sQ9MzDER8jr0AtoU4fc,Syarikat Rahim Home Delivery & Gas,"12, Jalan SS 5B/4, Taman Kelana Jaya",Petaling Jaya,3.1010056,101.605863,4.3,19,03-7874 7104,Super/Groceries,Super - Other / unclear,Unclear,12.88
ChIJAbzUyCZRzDERQTz_tOMKAR0,中国超市 Setia Alam Shop,"5, Jalan Setia Utama AW U13/AW, Alam Nusantara",Shah Alam,3.1269781,101.4674016,4.7,14,014-221 9958,Super/Groceries,Super - Other / unclear,Unclear,12.73
ChIJ77rQvMo1zDERl4dGwg86gjk,爱吖中国超市 Ai Ya Market Mahkota Cheras,"31G, Jalan Temenggung 19/9, Bandar Mahkota Cheras",Cheras,3.0533909,101.7874405,4.4,17,03-9011 3313,Super/Groceries,Super - Other / unclear,Unclear,12.72
ChIJgc7htK5UzDEReXYRu0qSn8w,Pasaraya Eco,"63, Jalan Teluk Pulai, Taman Teluk Pulai",Klang,3.0422952,101.4285211,4.0,23,,Super/Groceries,Super - Other / unclear,Unclear,12.71
ChIJPYYxD2FHzDERcXQnuvacp3M,"SC Neighbourhood Market, Sri Gombak","13, 15, 17, Jalan SG 1/9, Taman Sri Gombak",Batu Caves,3.238446,101.6987381,4.0,23,012-391 0557,Super/Groceries,Super - Other / unclear,Unclear,12.71
ChIJdVurbH_LzTERABeOpOrhNuw,7-eleven Taman Sentosa Villa (1574),"29, 15, Jalan Sentosa Villa 1/1, Bandar Kajang",Kajang,2.9944357,101.794131,4.8,13,,Super/Groceries,Super - Other / unclear,Unclear,12.67
ChIJ3axe9YbMzTERjETisKUzvSA,Hwa Giap Cash and Carry,"Jalan Indah 1, Taman Kajang Baru",Kajang,2.9966028,101.8064451,3.4,40,,Super/Groceries,Super - Other / unclear,Unclear,12.63
ChIJNTHHS_nJzTERavbw2NU037I,Pasar Raya Impian,"Units G-30 to G-39, 1-29 to 1-39, 2-29 to 2-39 & 3-39, Persiaran Bangi Avenue, Seksyen 2, Taman, Bangi Avenue",Kajang,2.9013079,101.7896505,4.0,22,03-3373 1224,Super/Groceries,Super - Other / unclear,Unclear,12.54
ChIJ3a5hJAxxzDERAGIWUon0NF8,Rempeyek & Pau Gnah,"Unnamed Road, Kampung Jawa",Kerling,3.5837767,101.5918523,4.5,15,013-661 5573,Super/Groceries,Super - Other / unclear,Unclear,12.48
ChIJT31L1cE1zDER2oTIJnOcFXM,DD Fresh Meat Retail Shops ( Mahkota Cheras Branch)天定猪肉便利店 Omega3 pork,"No 39, Jalan Temenggung 9/9, Bandar Mahkota Cheras",Cheras,3.0515623,101.7879823,4.3,17,012-651 7064,Super/Groceries,Super - Other / unclear,Unclear,12.43
ChIJmb-f_1dKzDERlvEeu-tneyo,Shang Wan Hong 上环行,"34, Jalan Hujan Rahmat 2, Taman Overseas Union",Kuala Lumpur,3.0732005,101.6725927,3.6,30,016-251 5851,Super/Groceries,Super - Other / unclear,Unclear,12.36
ChIJcX5cdi7HzTERMYGvmQc97EA,Saaka Nilai Pekan Nilai (SNSB),"Lot 111, Jalan Besar, Pekan Nilai",Nilai,2.8015502,101.7965059,4.0,20,016-618 8599,Super/Groceries,Super - Other / unclear,Unclear,12.18
ChIJhZiY5J1IzDERtWMY90pHwDs,EzyMix Ingredients House,"50, Jalan Lang Kuning, Kepong Baru",Kuala Lumpur,3.1907616,101.6445533,3.3,39,03-6261 7766,Super/Groceries,Super - Other / unclear,Unclear,12.17
ChIJRdxw6wKvzTERTIQOe8FJmGY,Eco-Shop Teluk Panglima Garang,"No. 202, 202A & 206, Jalan Utama 2, Taman Jaya Utama",Telok Panglima Garang,2.9132485,101.4743671,3.8,23,07-283 0123,Super/Groceries,Super - Other / unclear,Unclear,12.08
ChIJyets01NbzDERXJiAxMcLfGo,Eco-Shop Kundang,"Floor & First Floor, Pekan Pangkalan, Jalan Kundang, Kampung Melayu Seri Kundang",Rawang,3.2606734,101.5205704,4.4,14,07-283 0123,Super/Groceries,Super - Other / unclear,Unclear,11.92
ChIJI6_hOXhPzDER8wpKucJMUxY,PASAR SEGAR MJ,"No. 21-G, Jalan Zuhrah BH U5/BH Seksyen U5, Taman Subang Murni",Shah Alam,3.1625799,101.5443182,4.5,13,012-933 1003,Super/Groceries,Super - Other / unclear,Unclear,11.88
ChIJFQmnORzEzTERJqXxXAT5PyY,DD Fresh Meat Retail Shops (Nilai Branch)天定猪肉便利店 Omega3 pork,"Jalan BBN 4/1a, Taman Desa Jasmin",Nilai,2.8108644,101.8017578,4.1,17,012-651 7365,Super/Groceries,Super - Other / unclear,Unclear,11.85
ChIJH0WIUpg3zDERmuKFSPXM9g4,DD Fresh Meat Retail Shops ( Ampang Taman Muda Branch)天定猪肉便利店 Omega3 pork,"79G, Jalan Bunga Tanjung 8b, Taman Muda",Kuala Lumpur,3.1190279,101.760309,4.1,17,012-651 0789,Super/Groceries,Super - Other / unclear,Unclear,11.85
ChIJl92waBdTzDER86hQtj8k_jk,DD Fresh Meat Retail Shop Setia Alam Branch 天定猪肉便利店 Omega3 Pork,"NO 4-1-1 Jalan Setia Prima LU13/L, Setia Alam Section U13",Shah Alam,3.0986336,101.444663,3.7,23,012-651 7504,Super/Groceries,Super - Other / unclear,Unclear,11.76
ChIJvxx1itK1zTERYr6uAyN1tc8,Hong Yang Oriental Food (Serdang),"1-27, Jalan BS 4/1, Taman Bukit Serdang",Seri Kembangan,3.0208703,101.6998681,2.4,132,010-226 2947,Super/Groceries,Super - Other / unclear,Unclear,11.74
ChIJodDH5ElRzDER7r4j7de3aRY,Pasar Raya Meru,"No. 55-60, Jalan Ponak off Jalan Pekan Meru, 41050, Klang",Selangor,3.1359217,101.4400848,3.6,25,03-3392 2228,Super/Groceries,Super - Other / unclear,Unclear,11.73
ChIJmRLCN3mzzTERNUzUYx1RVs8,Pasaraya Akau Sdn. Bhd.,"51-, Jalan Utama 2/1, Taman Perindustrian Puchong Utama, Puchong Batu 14 47100, Maju Jaya",Puchong,2.9983258,101.6098177,3.4,30,03-8052 3100,Super/Groceries,Super - Other / unclear,Unclear,11.68
ChIJwy3Cx1lPzDERlfmKDMhQVxc,Eco-Shop Subang Impian U5,"37-(GF & 1F), 39-(GF & 1F), 41-(GF & 1F, Jalan Uranus AG U5/AG, Taman Subang Impian",Shah Alam,3.1664052,101.533554,3.9,19,07-283 0123,Super/Groceries,Super - Other / unclear,Unclear,11.68
ChIJNYXOHAdFzDERZ8Bq3wkomoM,PASARAYA SOON CHEONG (SC MARINE),Dataran Villa Putra,Sungai Buloh,3.2252424,101.5679665,3.6,24,03-6142 6975,Super/Groceries,Super - Other / unclear,Unclear,11.59
ChIJDR8-3R5VzDERRTjexIFtZfU,Mercury Outboards Fish Market,Jalan Klang Perdana,Klang,3.0797951,101.3586851,3.9,18,,Super/Groceries,Super - Other / unclear,Unclear,11.48
ChIJs5Md6DrnzTER5r3kKCupSFI,Hup Soon - Oakland,"77B, Lorong Haruan 5/3, OAKLAND COMMERCE SQUARE",Seremban,2.7048976,101.919536,4.2,14,010-201 2327,Super/Groceries,Super - Other / unclear,Unclear,11.37
ChIJr1l5Py-1zTERQ3wEKeHFctc,DD Fresh Meat Retail Shop Puchong Branch 天定猪肉便利店 Omega3 Pork,"23, Jalan BPU 5, Bandar Puchong Utama",Puchong,2.9924161,101.6211252,4.1,15,012-709 6388,Super/Groceries,Super - Other / unclear,Unclear,11.37
ChIJB7K6Bv1NzDERLGAh7FUMXyM,YEMEN ARABIC MARKET BUKIT JELUTONG,"G-23A, Radia Commercial, Persiaran Arked, Bukit Jelutong",Shah Alam,3.1013875,101.5353119,4.1,15,03-7859 9699,Super/Groceries,Super - Other / unclear,Unclear,11.37
ChIJZbrSn0G1zTERJ9AztT-sGp4,DD Fresh Meat Retail Shop Seri Kembangan Branch 天定猪肉便利店 Omega3 Pork,"6, Jalan PSK 4, Pusat Perdagangan Seri Kembangan",Seri Kembangan,3.0134325,101.6980049,4.3,13,012-677 8600,Super/Groceries,Super - Other / unclear,Unclear,11.35
ChIJ-UTfd9E1zDERQmIGQB8zCEY,DD Fresh Meat Retail Shop (Batu 9 Branch) 天定猪肉便利店 Omega3 Pork,"No.31, Jalan Orkid 1, Taman Orkid",Cheras,3.0765736,101.76629,3.7,20,012-651 0269,Super/Groceries,Super - Other / unclear,Unclear,11.26
ChIJIaIXNzE4zDERm1udR_zhQhM,PASAR SEGAR WANGSABUDI,"10, Jalan Wangsa Budi 4, Wangsa Melawati",Kuala Lumpur,3.2042877,101.7449193,3.9,16,014-967 4113,Super/Groceries,Super - Other / unclear,Unclear,11.05
ChIJqYFTUDJVzDERJrCq5-v_iUo,Supplier Arnab Terbesar,"LOT 3189, Jalan Besar, Kampung Rantau Panjang",Klang,3.0643795,101.412724,4.3,12,014-210 8548,Super/Groceries,Super - Other / unclear,Unclear,11.03
ChIJ01lkuP81zDERmP81qKsiUAo,Pasaraya Easa,"No.12, 14, 16, Jalan Emas Off Jalan Sungai Besi, Batu 3 1/2, Wilayah Perseketuan",Kuala Lumpur,3.110356,101.7064738,4.6,10,03-7982 5048,Super/Groceries,Super - Other / unclear,Unclear,11.03
ChIJo1O8GtBMzDERUaNLX1VGE_o,Challenger Avenue (M) Sdn.Bhd. (HQ),"No.8, Lot 778, Jalan Subang 4, Subang Light Industrial Park",Subang Jaya,3.0459509,101.5985521,5.0,8,03-5632 2128,Super/Groceries,Super - Other / unclear,Unclear,10.99
ChIJOUnt-IfOzTER6lYZRzVK0YA,Pasaraya Mega Maju Sdn. Bhd.,"No. 12G, 12A-G, 16G & 18G, Jalan Semenyih Sentral 4, Taman Semenyih Sentral",Semenyih,2.94407,101.843466,4.4,11,03-8724 2618,Super/Groceries,Super - Other / unclear,Unclear,10.93
ChIJs6fzKwBrzDERW5ofjKnmdtY,Eco-Shop Antara Gapi,"No. 10 & 11 (Grd & 1st Flr, Jalan Gapimas 1, Laman Gapimas",Serendah,3.4197564,101.6263207,4.7,9,07-283 0123,Super/Groceries,Super - Other / unclear,Unclear,10.82
ChIJrexZxiSzzTERpPdn9VAoUGQ,GUARDIAN,"A-GF-07, GROUND FLOOR, ONE CITY MALL, Jalan USJ 25/1A",Subang Jaya,3.0220785,101.5810037,3.9,15,03-5115 0313,Super/Groceries,Super - Other / unclear,Unclear,10.81
ChIJla2Dp3y5zTEROCrwTPUrMDI,PASAR RAYA AHMAD,"41G & 42G, Jalan Arena, ARENA WARISAN PUTERI",Sepang,2.8274119,101.6927615,4.3,11,03-8706 6181,Super/Groceries,Super - Other / unclear,Unclear,10.69
ChIJkd21UG5dzDERqyfUVBNk-f4,ROYALE JALIL RAWANG BTP,"LOT 7, STAR MARKET, BANDARAN, Bandar Tasik Puteri",Rawang,3.292353,101.4775232,3.4,22,017-449 9812,Super/Groceries,Super - Other / unclear,Unclear,10.66
ChIJhSbAmGg3zDERufXlX4Hiapw,Eco-Shop Pandan Jaya,"No. 22-G & 24-G, Jalan Pandan Jaya 2/2, Pandan Jaya",Kuala Lumpur,3.1346534,101.740033,3.6,18,07-283 0123,Super/Groceries,Super - Other / unclear,Unclear,10.6
ChIJWVYi1Qy3zTER_tvzdGEKdHA,Eco-Shop Tamarind Square,"L3M-03B, Tamarind Square, Persiaran Multimedia",Cyberjaya,2.9196374,101.6362091,4.1,12,07-283 0123,Super/Groceries,Super - Other / unclear,Unclear,10.52
ChIJEfQRyRc1zDERfWqv4NxsG14,AB MALURI OPTOMETRY,"Ground Floor, G14A AEON Big, Persiaran Suarasa 2, Tun Hussein Onn",Cheras,3.0488442,101.758637,5.0,7,011-3766 7787,Super/Groceries,Super - Other / unclear,Unclear,10.4
ChIJU3abpXtTzDERyyvXNaCTrDA,Saaka Nilai Shah Alam (SNSB),"ACG33, Block A, AC7/AC, Pusat Komersial, Jalan Plumbum R7/R, Seksyen 7",Shah Alam,3.0637364,101.4882845,4.3,10,012-783 3342,Super/Groceries,Super - Other / unclear,Unclear,10.31
ChIJX1rM8tpVzDERMCtPncC70jc,Eco-Shop Aman Perdana,"No. 56, 58 (GF) & 60 (GF & 1F, Jalan Aman Perdana 10a/Ku5, Taman Aman Perdana",Klang,3.0937131,101.4090963,3.2,23,07-283 0123,Super/Groceries,Super - Other / unclear,Unclear,10.17
ChIJCdG5KaJdzDERgvtbnMYCAMs,Eco-Shop Tasik Puteri,"Lot 61, Lot 62, Lot 63 & Lot 64 (Ground Floor & First Floor, Block E, Jalan 7A/4, Bandar Tasik Puteri",Rawang,3.2828398,101.472363,4.3,9,07-283 0123,Super/Groceries,Super - Other / unclear,Unclear,9.9
ChIJcUP0mIhVzDERsCxtmpuSVrg,Pasarnita PPK KLang,"Unnamed Road, Kampung Batu Belah",Klang,3.068332,101.4258909,4.5,8,,Super/Groceries,Super - Other / unclear,Unclear,9.89
ChIJtS2-X0NHzDERWeB-pZiUnfA,PBS Pinggiran Sdn. Bhd.,"16-18, Jalan Pinggiran 2/2, Taman Pinggiran",Batu Caves,3.2550389,101.6941425,3.1,23,03-6189 2703,Super/Groceries,Super - Other / unclear,Unclear,9.85
ChIJHT0a6DBLzDER_vZX_yL19qc,Golden Choice Market 美又佳中国超市,"Residensi Bandar Razak, CITY 1, Jalan Razak Mansion, SUNGAI BESI",Kuala Lumpur,3.1078222,101.7065798,4.7,7,010-960 7889,Super/Groceries,Super - Other / unclear,Unclear,9.77
ChIJbxhfh6pSzDER2rDuN-BYuCc,Muhibbah Complex Shah Alam,"Persiaran Sultan, Seksyen 24",Shah Alam,3.037788,101.5242747,3.6,14,,Super/Groceries,Super - Other / unclear,Unclear,9.75
ChIJdarKu33MzTERmrw8cpegeCs,"Taman Jelok Indah, Kajang","39, Jalan Jelok Indah 3, Taman Jelok Indah",Kajang,2.991171,101.8052922,3.6,14,,Super/Groceries,Super - Other / unclear,Unclear,9.75
ChIJMYApqWtKzDEROXr85JxZ80k,Pasaraya TY Sdn. Bhd.,"27, Jalan Kuchai Maju 8, Kuchai Entrepreneurs Park",Kuala Lumpur,3.0896292,101.6874567,3.8,12,016-386 1917,Super/Groceries,Super - Other / unclear,Unclear,9.75
ChIJ8xBJOqY3zDERX0Fs6DvQ6N8,YooUp Yuki,"No 32A-GFloor, Jalan Metro Pudu2, Off, Jalan Yew, Fraser Business Park",Pudo,3.1289876,101.7136916,5.0,6,011-2556 3540,Super/Groceries,Super - Other / unclear,Unclear,9.73
ChIJoZZ_gZRHzDERadt5vyVsLU4,Pasaraya Faisal Gombak,"No. 605, Lot, Gombak, No. 22 & 21, Gombak Warehouse, Batu 4 1/2, Jalan Gombak, Gombak",Kuala Lumpur,3.209323,101.7052023,5.0,6,017-578 6004,Super/Groceries,Super - Other / unclear,Unclear,9.73
ChIJpceRCZOzzTER0Cpz9yiNKPA,KHAN FOOD 4,"12, Jalan Setia 25/65, Taman Sri Muda",Shah Alam,3.0310966,101.5374441,3.9,11,,Super/Groceries,Super - Other / unclear,Unclear,9.69
ChIJQ4irFNpPzDERBjujFp4fBA0,Kompleks Mutiara Pernama Pangkalan Udara Subang,"Unnamed Road, Tentera Udara Diraja Malaysia Subang",Shah Alam,3.1162021,101.5413966,3.9,11,03-3341 0572,Super/Groceries,Super - Other / unclear,Unclear,9.69
ChIJs-WWgb3nzTERAR-0bKiem-U,Oakland Industrial Park,"336, Jalan Haruan 4/2, Oakland Industrial Park",Seremban,2.6984414,101.9204235,4.4,8,,Super/Groceries,Super - Other / unclear,Unclear,9.67
ChIJq8jW9z61zTERFtUOZVbGCOA,Pasar Raya Syed Seri Kembangan,"24-2, Jalan PP 27, Taman Pinggiran Putra",Seri Kembangan,2.9902471,101.6752874,4.0,10,017-936 1882,Super/Groceries,Super - Other / unclear,Unclear,9.59
ChIJcah1Vjk4zDERC0EuvQLUBss,Qila & Leo’s,"No. 2 (GF), Jalan Metro Wangsa, Seksyen 2, Wangsa Maju",Kuala Lumpur,3.2054008,101.7357277,3.3,17,03-4143 1971,Super/Groceries,Super - Other / unclear,Unclear,9.54
ChIJwez8LACzzTERPB3T2hUU87g,SUPER SEVEN PUCHONG,"E1-1, Koi Suites, Jalan Pinggiran Mas, Taman Mas Langat, Jalan Pinggiran Mas, Taman Mas",Puchong,2.9741117,101.5780369,3.0,23,03-8069 1477,Super/Groceries,Super - Other / unclear,Unclear,9.53
ChIJFbUM6_62zTERnxD_8a_Na6Y,Good Day,Cyberjaya,"Kuala Lumpur, Petaling Jaya, Shah Alam, Klang, Subang Jaya, Cheras, Ampang, Cyberjaya, Putrajaya, Kajang, 68100 Selayang, Damansara",2.919692,101.6571758,3.1,20,,Super/Groceries,Super - Other / unclear,Unclear,9.44
ChIJkXMRn8VJzDERGPGSc6BF8kI,M&S Food Nu Sentral,"CC.34, Level CC Nu Sentral Shopping Centre, 201, Jalan Tun Sambanthan",Kuala Lumpur,3.1330712,101.6870347,3.1,20,010-202 6322,Super/Groceries,Super - Other / unclear,Unclear,9.44
ChIJ1fxRut9OzDEROA6iJj37zF8,TFP Retail Sdn. Bhd.,"D-1-5, (Level 1, Sunway Nexis, 1, Jalan PJU 5/1, Kota Damansara",Petaling Jaya,3.1508149,101.5946123,3.3,16,03-6143 1366,Super/Groceries,Super - Other / unclear,Unclear,9.35
ChIJpwwYxpk3zDERxaSs8NWsWvU,PANDA HYPERMARKET,"10, Jalan Excella 3, Taman Ampang Hilir, 55100 Kuala Lumpur",Ampang,3.151192,101.748201,4.8,6,011-1177 7800,Super/Groceries,Super - Other / unclear,Unclear,9.34
ChIJ42FwSlU2zDERHYvUr0QiCzY,Mega 99 Super Store,"7-L1, Jalan Ampang Putra, Taman Putra Sulaiman",Ampang,3.150398,101.7511626,3.6,12,03-4251 7387,Super/Groceries,Super - Other / unclear,Unclear,9.23
ChIJC3G6hcVNzDERmtV0cVgey6g,Ai Ya Market (SS15) 爱吖中国超市,"11A, Jalan SS 15/4, Ss 15",Subang Jaya,3.0752809,101.588886,4.0,9,017-609 0668,Super/Groceries,Super - Other / unclear,Unclear,9.21
ChIJZR_n5oG5zTERRta-dV7d11c,TH CASH & CARRY,"Jalan 1, Pekan Dengkil",Dengkil,2.8567395,101.6800613,4.4,7,012-399 7152,Super/Groceries,Super - Other / unclear,Unclear,9.15
ChIJwfljOvPLzTERfmA0sCMt1bw,Pasaraya Rezeki Zam Zam,"No. 7-G, Jalan Hentian 4, Pusat Perhentian Kajang, Jalan Reko, Selangor",Kajang,2.9722508,101.7921237,4.7,6,012-293 7905,Super/Groceries,Super - Other / unclear,Unclear,9.15
ChIJ46dtaoilzTERRmFjX1LCzL4,Eco-Shop Taman Jugra Cemerlang,"No. 10, No. 12 & No. 14 (Ground Floor & First Floor, Jalan Guru, Taman Jugra Cemerlang",Banting,2.8307322,101.4473257,4.1,8,07-283 0123,Super/Groceries,Super - Other / unclear,Unclear,9.01
ChIJhxv-VJE5zDERCV1N1mlmqWA,Whole Foods Express Wangsa Maju,"No. 19, 1 & 20-1, Jalan Metro Wangsa, Wangsa Maju, 53300 Kuala Lumpur, Wangsa Maju",KL,3.2044851,101.7366231,3.0,19,,Super/Groceries,Super - Other / unclear,Unclear,8.99
ChIJJ0yd-K6yzTERQqWUSt70AyY,Pasaraya Aladdin S/B,"No. 68, Jalan Mesra 25/66, Taman Sri Muda, Seksyen 25, 40400, Shah Alam",Selangor,3.0303319,101.5371431,3.9,9,,Super/Groceries,Super - Other / unclear,Unclear,8.98
ChIJ39ftr7pNzDEReUlFqc5vYKc,ASAEED Arab market بقاله عربية,"Casa tiara serviced apartment, Jalan Kemajuan Subang",Subang Jaya,3.0823579,101.5907581,5.0,5,017-809 6007,Super/Groceries,Super - Other / unclear,Unclear,8.96
ChIJfb52KgA3zDERIrh2xazAjxw,Eco-Shop Datum Jelatek,"Unit No. LG-15, Lower Ground Floor, Datum Jelatek, Shopping Centre, Jalan Jelatek",Kuala Lumpur,3.1672982,101.7362955,5.0,5,07-283 0123,Super/Groceries,Super - Other / unclear,Unclear,8.96
ChIJgRAkZT3DzTERrUEztle5FAo,Agro Bazaar Labu,no 8 bangunan koperasi labu batu 10 labu,seremban,2.7578729,101.8203461,4.3,7,019-371 9202,Super/Groceries,Super - Other / unclear,Unclear,8.94
ChIJcXVowcbdzTERIAlGbI71EQA,Ninso Sikamat,"11, 12, 13 & 14, (Ground Floor & 1st Floor), Jalan Meranti 5, 1, Pusat Perniagaan, Taman Sikamat Utama",Seremban,2.7561679,101.9671527,4.5,6,016-830 1798,Super/Groceries,Super - Other / unclear,Unclear,8.76
ChIJOzHto-K2zTERQg3FQ3s0auw,Pasar Raya Neo Jaya,"57G, Lingkaran Cyber Point Barat, Neo Cyber",Cyberjaya,2.9166842,101.6487948,4.5,6,017-755 2195,Super/Groceries,Super - Other / unclear,Unclear,8.76
ChIJZcVCsRrNzTERvQk8gN6Q5pU,Eco-Shop Mirai Residence,"2, Residensi Meriah, No. 1-10 & 2-10, No. 1-11 & 2-11 & No. 2-12, Blok B, Persiaran Kajang 2",Kajang,2.9629884,101.7966355,3.5,11,07-283 0123,Super/Groceries,Super - Other / unclear,Unclear,8.7
ChIJi05IdrKyzTERCaz4bGd67sI,Rakkathal Cash & Carry,"49, Jalan Makmur 25/64, Taman Sri Muda",Shah Alam,3.032281,101.5365858,3.5,11,011-1244 4567,Super/Groceries,Super - Other / unclear,Unclear,8.7
ChIJjYP7Q4lNzDER9fDl59S8O_Q,Eco-Shop SS 15 Subang,"No. 83-G, 83-1 & No. 85-G, Jalan SS 15/4c",Subang Jaya,3.0775709,101.5885497,3.5,11,07-283 0123,Super/Groceries,Super - Other / unclear,Unclear,8.7
ChIJbbr2R8I1zDERjBY2gxcOkNw,DD Fresh Meat Retail Shops ( Damai Branch)天定猪肉便利店 Omega3 pork,"NO 5, Jalan Damai Perdana 1/9b, Bandar Damai Perdana",Cheras,3.0461715,101.7398374,2.9,19,012-651 7347,Super/Groceries,Super - Other / unclear,Unclear,8.69
ChIJtQfcj8XpzTERSyv8BXj_N7o,Ninso Sendayan,"Sendayan Metropark, 53-1 & 53-2, Jalan Metro Sendayan 1/2, Bandar Sri Sendayan",Seremban,2.6852418,101.8461211,4.8,5,016-830 1798,Super/Groceries,Super - Other / unclear,Unclear,8.6
ChIJN22o9wxLzDERnBgau1ff_aI,Pasar Segar Haji Zul,"75, Jalan PJS 2d/8, Taman Medan",Petaling Jaya,3.077271,101.631617,4.1,7,017-325 0067,Super/Groceries,Super - Other / unclear,Unclear,8.53
ChIJUeK8SI-jzTERrwaJHFBXPRQ,Pasar segar dan runcit mujib,"B123, Kampung Sungai Lang",Banting,2.7949466,101.500866,4.3,6,017-591 2410,Super/Groceries,Super - Other / unclear,Unclear,8.37
ChIJlbT1v1w1zDERYYoF9eyqgrg,Chop Tan Seng Huat,"79, Jalan 4, Kampung Baru",Cheras,3.0720358,101.7693162,4.0,7,012-676 2188,Super/Groceries,Super - Other / unclear,Unclear,8.32
ChIJIXz_99s3zDERfGnBQW1ErEU,Eco-Shop 1 Shamelin Mall,"Lot No. D-G-108, 109 & 110, Level G, 1, Shamelin Mall, 100, Jalan 4/91, Taman Shamelin Perkasa",Kuala Lumpur,3.1225847,101.7403092,4.6,5,07-283 0123,Super/Groceries,Super - Other / unclear,Unclear,8.24
ChIJ5yyhajU4zDERohs8kIw6RrM,Melawati Store,"36, Jalan Bandar 1, Taman Melawati",Kuala Lumpur,3.2087462,101.7509399,4.2,6,03-4107 7307,Super/Groceries,Super - Other / unclear,Unclear,8.17
ChIJrzytEd3FzTER4LBUZvf9h08,Abaseen maju resourses,"71, 62, Jalan Nilai 3/3, Kawasan Perindustrian Nilai 3",Nilai,2.8543135,101.8074728,3.9,7,016-982 5302,Super/Groceries,Super - Other / unclear,Unclear,8.11
ChIJ4-yCbQBLzDERBUHpFaLoTpU,Tmall Campus(Taylor’s),"G-16 & G-18, DK SENZA, JALAN TAYLORS, BANDAR SUNWAY, PJS 7, 47500 SUBANG JAYA, SELANGOR Sunbng jaya",Bandar Sunway,3.0599958,101.6169156,3.9,7,012-280 0913,Super/Groceries,Super - Other / unclear,Unclear,8.11
ChIJY_9Fgo7PzTERmk25GiACbxY,Manys 中国超市,"Eco Majestic, 35-1, Jalan Eco Majestic 10/1C",Semenyih,2.8992325,101.8359586,5.0,4,012-728 8148,Super/Groceries,Super - Other / unclear,Unclear,8.05
ChIJCdnI4OtLzDERHMQcQIpJ1u8,Salak South Roast Pig (Non Halal Room),Jalan Sungai Besi,Kuala Lumpur,3.1063008,101.7037473,5.0,4,,Super/Groceries,Super - Other / unclear,Unclear,8.05
ChIJNwdP3A9HzDERXjfVCHM6tfk,Cili Gemuk,"7, Jalan 12b/38e, Taman Sri SInar, Segambut",Kuala Lumpur,3.190944,101.6493613,5.0,4,014-734 8935,Super/Groceries,Super - Other / unclear,Unclear,8.05
ChIJq3rg_505zDERh1hfQVAxHuk,"Eco-Shop TAR UMT, KL","Lot 4, TAR UMT, Student Centre & SME Centre, Setapak",Kuala Lumpur,3.2152302,101.7288788,5.0,4,07-283 0123,Super/Groceries,Super - Other / unclear,Unclear,8.05
ChIJaTi_49ZJzDERbs8e9ngg6VA,Gerai keropok lekor pemborong,Chow Kit,Kuala Lumpur,3.1656111,101.6994512,5.0,4,019-302 3336,Super/Groceries,Super - Other / unclear,Unclear,8.05
ChIJoeGkEwCZzTERxxB7qEJhxRE,Ehsan Segi Tanjung Sepat,"no 1-3, 5, BizBox, Ehsan Segi, Kampung Batu Laut",Tanjong Sepat,2.675869,101.5149489,4.4,5,,Super/Groceries,Super - Other / unclear,Unclear,7.88
ChIJs5VHvPxHzDERMw3GvhhIl_Q,CK Workshop Car Services Sdn.Bhd.,"21, Jalan Metro Perdana Timur 2, Taman Usahawan Kepong",Kuala Lumpur,3.2140683,101.6455333,4.4,5,012-256 9130,Super/Groceries,Super - Other / unclear,Unclear,7.88
ChIJpZzJluCvzTERvxIfG-n5aNQ,Lin Alat Tulis,Kampung Kebun Baru,Telok Panglima Garang,2.9207379,101.4947932,4.8,4,,Super/Groceries,Super - Other / unclear,Unclear,7.73
ChIJiVnC40a1zTER2SsotVxKli4,Daily Fresh Food Market 日日来新鲜肉类食品,"127, Jalan PUJ 3/3, Taman Puncak Jalil",Seri Kembangan,3.0208873,101.6753079,4.8,4,017-262 3687,Super/Groceries,Super - Other / unclear,Unclear,7.73
ChIJ5y151YvMzTERqeLhpOo20qE,RAMANI CRAB SHOP,"Jalan Kajang Perdana, Taman Kajang Perdana",Kajang,2.994657,101.8158854,4.8,4,011-1075 7560,Super/Groceries,Super - Other / unclear,Unclear,7.73
ChIJBQUxCdRPzDER-NIalGkVyfM,ILLINA KEREPEK HOUSE (IKH),"Jalan Bukit Badak, Kampung Melayu Subang",Shah Alam,3.156724,101.529265,4.8,4,017-209 0376,Super/Groceries,Super - Other / unclear,Unclear,7.73
ChIJ9a4hkJo3zDERUU4127bdn7U,Pasar Raya K.K.,"31, Jalan Setiawangsa 8a, Au 3",Kuala Lumpur,3.1786396,101.7418045,4.8,4,,Super/Groceries,Super - Other / unclear,Unclear,7.73
ChIJtQXZWJfnzTERO53DjrsZGWY,Oriental Outlet 東方百货城,"Near NSK, Medan Perdagangan Oakland",Seremban,2.7025859,101.9217969,3.1,11,,Super/Groceries,Super - Other / unclear,Unclear,7.7
ChIJP_V1TGdNzDER8zFh8cb00N4,DD Fresh Meat Retail Shop Subang USJ14 Branch 天定猪肉便利店 Omega3 Pork,"7, Jalan USJ 14/1l",Subang Jaya,3.0384328,101.5888161,3.2,10,012-651 2289,Super/Groceries,Super - Other / unclear,Unclear,7.67
ChIJYZ_0VY5UzDERPvXtO7rcJxY,Neraca Gemilang,"No 7G, 42100, Jalan Muhibbah KU3, Taman Sungai Pinang",Klang,3.0680082,101.4201857,4.2,5,016-244 0277,Super/Groceries,Super - Other / unclear,Unclear,7.53
ChIJ45Ko13g3zDERgzGn2rmoBu0,7-Eleven,"6, Jalan Lapangan Permai 1, Pudu",Kuala Lumpur,3.1261043,101.7096824,3.0,11,,Super/Groceries,Super - Other / unclear,Unclear,7.45
ChIJjf3MQ_VJzDERe0WJX5WfQMA,Shwe Zin Store Kuala Lumpur,"108, GROUND FLOOR, Jalan Tun H S Lee, City Centre",Kuala Lumpur,3.1463654,101.6967452,3.8,6,03-2026 2311,Super/Groceries,Super - Other / unclear,Unclear,7.39
ChIJP-c86MTFzTERUuDtIYWqHoI,Abasee maju runcit,"Jalan Nilam 3, Nilai Impian",Nilai,2.8492282,101.8108139,4.5,4,016-982 5302,Super/Groceries,Super - Other / unclear,Unclear,7.24
ChIJl91OBzVLzDERG1XstmHiEIw,Yang Fruits PJ Old Town,"81 & 83, Jalan 1/12, Seksyen 1",Petaling Jaya,3.0862797,101.6476672,4.5,4,013-610 8678,Super/Groceries,Super - Other / unclear,Unclear,7.24
ChIJD4rwPM5bzDERw1xC1018bxs,Pasaraya KUM,"7, 22, Jalan Ppaj 2/5",Puncak Alam,3.2394675,101.4460554,4.5,4,019-387 7837,Super/Groceries,Super - Other / unclear,Unclear,7.24
ChIJO8HqWvM3zDERfT_gL3Y-1FE,Eco-Shop Ampang Point,"Ampang Point, Lot S01A, Second Floor, Ampang Point Shopping Centre, Jalan Memanda 3",Ampang,3.15784,101.75099,4.5,4,07-283 0123,Super/Groceries,Super - Other / unclear,Unclear,7.24
ChIJyevcrnNozDERXVI7BGdqhZI,Az Zhafira Tamar Madu,"11, Jalan Kenangasari 2a, Bandar Baru Sungai Buaya",Rawang,3.3734725,101.5327182,4.5,4,019-314 1524,Super/Groceries,Super - Other / unclear,Unclear,7.24
ChIJZQ57uWtTzDERS_Pvbz_b0ec,Sieu Thi,"Jalan Pekan Baru 36, Kawasan 17",Klang,3.0589772,101.4528544,3.7,6,,Super/Groceries,Super - Other / unclear,Unclear,7.2
ChIJj-5ddADJzTER1QK_lcw_bMc,SETSUKO RESOURCES,"8, Jalan 6c/7, Taman Persiaran Bangi",Bandar Baru Bangi,2.9437732,101.764257,5.0,3,,Super/Groceries,Super - Other / unclear,Unclear,6.93
ChIJw8KLGwarzTERXciNTxgpkDs,S. M. Jamal Store,"43, Lorong Cungah",Pelabuhan Klang,3.0014822,101.3993979,5.0,3,012-918 0859,Super/Groceries,Super - Other / unclear,Unclear,6.93
ChIJddTFtdFPzDEROpUbr0ZZCgY,SANTAN SEGAR KOTA DAMANSARA (SEKSYEN 7),"Jalan Nuri 7a, Kota Damansara",Petaling Jaya,3.1731115,101.5761724,5.0,3,018-388 9912,Super/Groceries,Super - Other / unclear,Unclear,6.93
ChIJbS6342M3zDEREONfWnAkbNM,HMB RETAIL SDN. BHD,"19, Jalan Perdana 6/6, Pandan Perdana",Kuala Lumpur,3.1128392,101.7433337,5.0,3,010-701 7685,Super/Groceries,Super - Other / unclear,Unclear,6.93
ChIJjTeTd-w1zDERBBz9rrk7SpY,福兴中国超市 (FUTHRIVING SDN. BHD.),"No 12-G, Jalan Kaskas 3, Taman Cheras",Cheras,3.0998143,101.7417762,5.0,3,018-253 2688,Super/Groceries,Super - Other / unclear,Unclear,6.93
ChIJGzaDRP1GzDERc2jLnkPyqPY,Anlit Marketing,"Block 23, 23-0-9, Jalan 9/2a, Taman Wilayah Selayang",Kuala Lumpur,3.239632,101.660447,5.0,3,03-6137 0369,Super/Groceries,Super - Other / unclear,Unclear,6.93
ChIJIaXB8dppzDER8NR3Bi87z5s,CAHAYA IZWANIZ (ANGGERIK),"SEKSYEN BS7, 1 & 3, Jalan Anggerik 5a, Bukit Sentosa",Rawang,3.4137815,101.5884439,5.0,3,019-832 8019,Super/Groceries,Super - Other / unclear,Unclear,6.93
ChIJDR3Msd01zDERDmm3l15gL5s,Eco-Shop Taman Sutera Kajang,"A4-35 & A4-36, Jalan Sutera 1, 3, Sutera Niaga 8, Taman Sutera",Kajang,3.0105444,101.7675933,4.3,4,07-283 0123,Super/Groceries,Super - Other / unclear,Unclear,6.92
ChIJ17QyeIZfzDERbOpPfztE85g,Mg Cash & carry,"15, Jalan Sejati 1, Simpang Tiga Ijok",Batang Berjuntai,3.314363,101.411814,4.3,4,010-242 9185,Super/Groceries,Super - Other / unclear,Unclear,6.92
ChIJ6Wa6RmDnzTER73Jz9498D0Q,DD Fresh Meat Retail Shop Bukit Kepayang Branch 天定猪肉便利店 Omega3 Pork,"Medan Perdagangan Kepayang, 10, Jalan MPK 1, Taman Bukit Kepayang",Seremban,2.7133118,101.9115558,3.3,7,012-651 3208,Super/Groceries,Super - Other / unclear,Unclear,6.86
ChIJVdT3LfE1zDERoTFKNKqmyoA,Pop 24,"3, Jalan Dwitasik",Dataran Dwitasik,3.0990198,101.7128238,3.8,5,03-9174 6669,Super/Groceries,Super - Other / unclear,Unclear,6.81
ChIJjz7H661NzDERVJf48OSDMJA,KG'SNACKS SUNWAY 小袋鼠零食双威店,"73, Jalan PJS 11/9, Bandar Sunway",Subang Jaya,3.0658125,101.6031262,3.0,8,011-2589 1790,Super/Groceries,Super - Other / unclear,Unclear,6.59
ChIJW-kk-VhvzDERcanoGm7DRG0,Eco-Shop Bandar Bukit Beruntung,"No 41 & 41-A, 43 & 43-A, Jalan Inai 2, Bandar Bukit Beruntung",Rawang,3.4296282,101.5573338,3.0,8,07-283 0123,Super/Groceries,Super - Other / unclear,Unclear,6.59
ChIJXVqsFvBTzDERa7Q4EyaDe-U,RR Basket skypark sujana putra,"Tower 2, Utama, BSP Skypark, S-G-27, Jalan Saujana Putra, Bandar Saujana Putra",Jenjarom,2.9419681,101.5880616,4.7,3,018-240 6786,Super/Groceries,Super - Other / unclear,Unclear,6.52
ChIJU13AzURTzDERUkgtpmSl50E,Awake Fruit Stand,"32, Jalan Batai Laut 5, Taman Intan",Klang,3.0562741,101.4742423,4.7,3,016-609 6636,Super/Groceries,Super - Other / unclear,Unclear,6.52
ChIJM0bfbiRIzDERRusKmN40sEk,TASA Pemborong & Peruncit,"60-3, Wisma Hock Ann, Jalan Haji Hussein, Kuala Lumpur, 50300, Kuala Lumpur",WP Kuala Lumpur,3.1653318,101.6991842,4.7,3,03-2697 9029,Super/Groceries,Super - Other / unclear,Unclear,6.52
ChIJhxOhfP8fzDERIKbnZ4gr898,Eco-Shop Karak,"P37-G, P-38G & P39-G, Ground Floor, 1, Jalan Lama Bentong - Karak",Karak,3.4189043,102.0279717,4.7,3,07-283 0123,Super/Groceries,Super - Other / unclear,Unclear,6.52
ChIJOwfZ_WrPzTERmswHgJ-FYWA,Eco-Shop Setia Ecohill Mall,"Lot No. LG-09-19, Level LG, Kompleks Membeli Belah Dataran Ecohill, Setia EcoHill Mall, Jalan Ecohill 1/2, Setia Ecohill",Semenyih,2.9247473,101.8567871,2.2,18,07-283 0123,Super/Groceries,Super - Other / unclear,Unclear,6.48
ChIJ47wYJYdPzDERpHIGciQullU,myNEWS Tropicana Avenue (G Floor),"LOT 23A, Persiaran Tropicana, Tropicana",Petaling Jaya,3.1362161,101.5950348,3.6,5,016-920 5236,Super/Groceries,Super - Other / unclear,Unclear,6.45
ChIJe9N0s1BPzDER5O8GROCvCdU,DoDo Selection Meat Shop,"35, Jalan Tanjung SD 13/2, Bandar Sri Damansara",Kuala Lumpur,3.1869311,101.60534,3.6,5,03-6734 0866,Super/Groceries,Super - Other / unclear,Unclear,6.45
ChIJmU2a6qXnzTERr7y8VB1FMWg,DD Fresh Meat Retail Shops ( Senawang Branch)天定猪肉便利店 Omega3 pork,"2543, Jalan SJ 2/1, Taman Seremban Jaya",Seremban,2.6826469,101.9725351,4.0,4,012-651 0122,Super/Groceries,Super - Other / unclear,Unclear,6.44
ChIJZRaW5QzFzTERBky6-IzVkmE,PASARAYA JD,"Jalan BBN 6/2b, Desa Cempaka",Nilai,2.802913,101.7681994,4.0,4,018-460 4496,Super/Groceries,Super - Other / unclear,Unclear,6.44
ChIJiYpmo0tXzDER95eEu5ySlnY,Poh shen marketing,"64, Jalan Raja Nala 7, Taman Intan Jaya",Kapar,3.1425226,101.3769869,4.0,4,03-3259 9087,Super/Groceries,Super - Other / unclear,Unclear,6.44
ChIJ_3MJHnVGzDERS7hFYV6m0uk,Pasaraya Segar Ak,"No. 166, Jalan Bukit Desa Utama, Taman Bukit Desa, Kepong, 52100, Kuala Lumpur",WP Kuala Lumpur,3.21298,101.618589,4.0,4,012-306 4988,Super/Groceries,Super - Other / unclear,Unclear,6.44
ChIJRYAHHifKzTERA4eGy1Foq3s,Sambalsedappedas Warehouse,"Jalan Cempaka Biru, Kampung Dato Abu Bakar Baginda",Kajang,2.9570927,101.7370798,3.3,6,017-344 9889,Super/Groceries,Super - Other / unclear,Unclear,6.42
ChIJXSOkLyE1zDERWDK8W-qvrw8,TRD STORE 添润多超市,"马来西亚 Selangor, Cheras, Taman Damai Perdana, Jalan Damai Perdana 1/8b. 3 邮政",编码:,3.0471047,101.7401908,2.9,8,016-830 4537,Super/Groceries,Super - Other / unclear,Unclear,6.37
ChIJ9Zt1OABPzDER2UapFyW034w,Whole Foods Express Ara Damansara,"K-G-07 & K-G-08, Blok K, Ara Jaya, PJU 1A, 2, Jalan PJU 1A/41B, Pusat Dagangan NZX",Petaling Jaya,3.1157057,101.5906237,3.0,7,,Super/Groceries,Super - Other / unclear,Unclear,6.24
ChIJobXaHj5HzDERQEKNWkFkNBo,Eco-Shop Taman Mastiara,"No. 23-1, No. 23-2 (Ground Floor & First Floor) & No. 23-3 (Second Floor, BT 5 1/2, Jalan 6/18a, Taman Mastiara",Wilayah Perseketuan,3.2112311,101.674592,3.0,7,07-283 0123,Super/Groceries,Super - Other / unclear,Unclear,6.24
ChIJsW0sXxg1zDERd1m-NJUJEk8,Noor Cash & Carry,"11, Jalan Damai Perdana 5/1b, Bandar Damai Perdana",Kuala Lumpur,3.0541169,101.7436989,3.8,4,03-9101 4805,Super/Groceries,Super - Other / unclear,Unclear,6.12
ChIJIasPoAVFzDERR3p9ey_VuJg,Pasar Pagi Bukit Rahman Putra 武吉拉曼布特拉早市,"Jalan BRP 6/7, Bukit Rahman Putra",Sungai Buloh,3.2268026,101.5587819,3.8,4,,Super/Groceries,Super - Other / unclear,Unclear,6.12
ChIJld47xIK5zTERNAIEpffPegI,Hasan Vape Taman Langat Murni,Taman Langat Murni,Banting,2.8031258,101.662837,3.4,5,03-2240 0678,Super/Groceries,Super - Other / unclear,Unclear,6.09
ChIJcyW8x9fJzTERQvxVlvFow7I,Eco-Shop Bangi Gateway,"Shopping Complex, Unit 2-13A, Bangi Gateway, Persiaran Pekeliling, Seksyen 15",Bandar Baru Bangi,2.9331933,101.7653562,2.9,7,07-283 0123,Super/Groceries,Super - Other / unclear,Unclear,6.03
ChIJ2b4WMbnLzTERYmmSpevh0Gw,M&S Food IOI City Mall,Ioi Resort,Serdang,2.9704345,101.7134219,4.3,3,,Super/Groceries,Super - Other / unclear,Unclear,5.96
ChIJJYAOCxNHzDERjJO1srw407w,Eco-Shop Metro Prima Kepong,"Blok C-40 & C-40-1, Blok C-42 & C-42-1, Vista Magna Condominium Jalan Prima Metro Prima, Kepong",Kuala Lumpur,3.2138234,101.641739,2.3,12,07-283 0123,Super/Groceries,Super - Other / unclear,Unclear,5.9
ChIJeW1lrrMxzDER_DHVun2hupQ,Eco-Shop Hulu Langat,"No. 01-3A & 01-5 (Ground & First Floor, Residensi Anggerik Wira, Jalan Sungai Tekali",Hulu Langat,3.1122716,101.8294221,3.0,6,07-283 0123,Super/Groceries,Super - Other / unclear,Unclear,5.84
ChIJnw8h-R43zDERd6N6l3-C1Ng,Shang Wan Hong 上環行,"1, Jalan Bunga Tanjung 7, Taman Muda",Kuala Lumpur,3.1204342,101.7596402,3.0,6,,Super/Groceries,Super - Other / unclear,Unclear,5.84
ChIJL5ZsM6s3zDERkUtqlX9i4pE,Alty Seer,"50 - 52, Jalan Sulaiman 1, Taman Putra Sulaiman",Ampang,3.150966,101.748553,3.0,6,03-4270 3244,Super/Groceries,Super - Other / unclear,Unclear,5.84
ChIJjefhc2VRzDER9_d0gWx_7bg,Eco-Shop Setia Taipan,"3-G, 5-G, Jalan Setia Gemilang BG U13/BG, Setia Alam",Shah Alam,3.1284718,101.4670005,3.2,5,07-283 0123,Super/Groceries,Super - Other / unclear,Unclear,5.73
ChIJlemRFhCvzTERoFCKmaZFc3g,BINKO PHONE SHOP,"Jalan Klang Banting, Kampung Sungai Rambai",Jenjarom,2.9073832,101.467094,3.5,4,,Super/Groceries,Super - Other / unclear,Unclear,5.63
ChIJ5dDSicLLzTER_78drD9NLDA,Segi Fresh Taman Impian Ehsan,"No. 41, 43 & 45, Jalan Cengal 4, Taman Impian Ehsan",Balakong,3.0190302,101.7522413,3.5,4,012-358 4033,Super/Groceries,Super - Other / unclear,Unclear,5.63
ChIJwSBcTtlEzDERir_JHIrsYY4,Pasaraya Bb Kim Wah,"B52, Jalan Melati, Taman Masgenuine Square",Rawang,3.2361314,101.5416782,3.5,4,,Super/Groceries,Super - Other / unclear,Unclear,5.63
ChIJFX5sOWT2zDERgFlw2JUzWJs,KARNIVAL,"5-6 & 7, Jalan Muara 2, Sungai Buloh",Jeram,3.2605442,101.3053202,3.5,4,03-3396 0882,Super/Groceries,Super - Other / unclear,Unclear,5.63
ChIJM1SCRfrdzTER-6Rj8UAXbmI,Setor Bismillah,"9, Jalan Gedong Lalang 7, Gedong Lalang",Seremban,2.7241953,101.9711535,4.0,3,,Super/Groceries,Super - Other / unclear,Unclear,5.55
ChIJ9XD7n0NTzDER9gxasExLYxM,Syifa Design PLT,37 Jalan Lengkuas 16/23A Ken Rimba Legian Residences,Shah Alam,3.0556774,101.4883246,4.0,3,016-202 9014,Super/Groceries,Super - Other / unclear,Unclear,5.55
ChIJvRW06VxCzDEReKDnx65oiuk,Multi-store wholesalers,"Jalan Mutiara 1, Rawang Mutiara Business Centre",Rawang,3.32708,101.5801261,4.0,3,,Super/Groceries,Super - Other / unclear,Unclear,5.55
ChIJVxdityi7zTERi81iMSAw-RE,Eco-Shop Bandar Mahkota,"No. 8-G-82, No. 8-G-84, No. 8-G-86 & No. 8-G, 88, Jalan Usahawan 2, Bandar Mahkota Banting",Banting,2.8319715,101.5529274,5.0,2,07-283 0123,Super/Groceries,Super - Other / unclear,Unclear,5.49
ChIJ0aL4zHe3zTER4ScPtXHi9eE,Eco-Shop Plaza Crytalville Cyberjaya,"No. A-G-03, Plaza Crystalville, Lingkaran Cyber Point Timur, Cyber 12",Cyberjaya,2.9186445,101.6513627,5.0,2,07-283 0123,Super/Groceries,Super - Other / unclear,Unclear,5.49
ChIJVUIhYGzJzTERUUlerR2o4-w,中国超市 China Market Southville City,"B-G-27, Savanna Lifestyle Retails, Jalan Southville 2, Southville CIty",Dengkil,2.903198,101.7640737,5.0,2,017-870 2997,Super/Groceries,Super - Other / unclear,Unclear,5.49
ChIJR4rC-garzTERfon84DOvf8E,Al Faredd Store,"11, Jalan Sungai Aur, Kawasan 13",Pelabuhan Klang,3.000355,101.3962149,5.0,2,03-3168 1533,Super/Groceries,Super - Other / unclear,Unclear,5.49
ChIJO84rHs_PzTERnFKfWW_xtqU,SOOSAI MUTTON SHOP NO38,"Jalan Pasar Baru, Pekan Semenyih",Semenyih,2.9451857,101.8460632,5.0,2,012-500 2485,Super/Groceries,Super - Other / unclear,Unclear,5.49
ChIJQX_vTQCzzTERw4H1mW12ibc,Pasar Segar PP MAJU JAYA,"14&16, Jalan Kekwa, Taman Puchong Perdana",Puchong,3.0072794,101.6064968,5.0,2,,Super/Groceries,Super - Other / unclear,Unclear,5.49
ChIJ_0vq-xGrzTERddiqmZbacdw,Kawasan 12,Port Klang,"Kuala Lumpur, Petaling Jaya, Shah Alam, Klang, Subang Jaya, Cheras, Ampang, Cyberjaya, Putrajaya, Kajang, 68100 Selayang, Damansara",3.0021387,101.4116163,5.0,2,,Super/Groceries,Super - Other / unclear,Unclear,5.49
ChIJIeOaGuJVzDERMuKSuHW9WJM,WK Supply,"19868, Persiaran Sungai Keramat, Taman Klang Utama",Klang,3.0822778,101.4099871,5.0,2,012-775 3182,Super/Groceries,Super - Other / unclear,Unclear,5.49
ChIJ35ZRtFhTzDERZi3TA0B-C6A,"SKM Market, (TOL) PKNS Complex Shah Alam","Lot G-22F, Tingkat Bawah, Kompleks Pkns Shah Alam, Persiaran Tasik, Seksyen 14",Shah Alam,3.071725,101.5167797,5.0,2,012-219 4368,Super/Groceries,Super - Other / unclear,Unclear,5.49
ChIJU8KM5WBTzDERCZl4i8FUdFY,Eco-Shop Plaza Akasia,"Plaza Akasia @, Lot L301A, L301B, L301C, L302A, L302B, L302C & L303, LOT 1, Jalan Pinang D 18/D, Seksyen 18",Shah Alam,3.0441917,101.5167884,5.0,2,07-283 0123,Super/Groceries,Super - Other / unclear,Unclear,5.49
ChIJq8vC_I5VzDER2jTe8sBpQw8,Pa,Taman Sementa Utama,Klang,3.0934183,101.3790355,5.0,2,011-2790 7485,Super/Groceries,Super - Other / unclear,Unclear,5.49
ChIJK6ROHwBLzDER9JLb18cPVsI,TMOMO MALAYSIA (PUCHONG),"26A, Jalan TK 1/11a, Taman Kinrara Seksyen 1",Puchong,3.0638364,101.6482819,5.0,2,,Super/Groceries,Super - Other / unclear,Unclear,5.49
ChIJgQVyNolJzDER8WCbjKLxKNo,Kim's Fresh Korean Seaweed,Mid Valley City,Kuala Lumpur,3.1169013,101.6768357,5.0,2,,Super/Groceries,Super - Other / unclear,Unclear,5.49
ChIJMYUrBsJJzDERByZ6-XmpnMc,Mollah Pasar Segar,"No.90-A Jalan Padang Belia, Off, Jalan Run Sambanthan, Brickfields",Kuala Lumpur,3.1328693,101.6893753,5.0,2,016-269 3427,Super/Groceries,Super - Other / unclear,Unclear,5.49
ChIJ8WbpgtX1zDER34zCQegBMIc,STAR BAZAAR - TMN BENDAHARA,"10, Jalan Bendahara 1, Taman Bendahara",Kuala Selangor,3.3223324,101.2660919,5.0,2,011-1102 5366,Super/Groceries,Super - Other / unclear,Unclear,5.49
ChIJn-tHHGHnzTERPSsjwQl9fZw,DD Fresh Meat Retail Shops (Blossom Branch)天定猪肉便利店 Omega3 pork,"1962, Jalan Tok Ungku, TAMAN BUKIT BLOSSOM",Seremban,2.6971423,101.9482075,3.3,4,012-651 7291,Super/Groceries,Super - Other / unclear,Unclear,5.31
ChIJB0ztAsizzTERCLOMpWOFHaU,Klinik Pakar Bolbo 4x4 Puchong,"12GF, Jalan Dagang Mas 1, Taman Mas Sepang",Puchong,2.9753227,101.5797065,3.3,4,019-225 6249,Super/Groceries,Super - Other / unclear,Unclear,5.31
ChIJ9cr8QMXJzTERZRUgtbJ40B8,"Eco-Shop Precint 15, Putrajaya","No 101 & 103 (Ground & First Floor, Jalan Diplomatik, Presint 15",Putrajaya,2.945756,101.7240183,2.4,8,07-283 0123,Super/Groceries,Super - Other / unclear,Unclear,5.27
ChIJ_3vPVABPzDERvmtLJ2Tz_LQ,Whole Foods Extra Desa Subang,"21, 23, 25, Jalan Waruna AR U5/6 Seksyen U5, Taman Desa Subang",Shah Alam,3.172539,101.5375747,1.7,21,,Super/Groceries,Super - Other / unclear,Unclear,5.25
ChIJQZe9zByzzTERB_OIGGqyYZw,Eco-Shop Quayside Mall Kota Kemuning,"2F- 22, Second Floor, Quayside Mall, Kompleks Perniagaan Gamuda, Persiaran Freesia",Telok Panglima Garang,2.9565674,101.5531669,3.7,3,07-283 0123,Super/Groceries,Super - Other / unclear,Unclear,5.13
ChIJlYAzeRbLzTERvPQGHTnBV5Q,Segi Fresh Sutera Kajang,"B1-50-G & B1, 51-G, Jalan Sutera 1/2, Taman Sutera",Kajang,3.0089258,101.7685387,3.7,3,012-674 7230,Super/Groceries,Super - Other / unclear,Unclear,5.13
ChIJdwL3oaVKzDER_eqCUIsN9bA,Super Market 22,Taman Perindustrian Bukit Serdang,Seri Kembangan,3.0445845,101.6986314,3.7,3,,Super/Groceries,Super - Other / unclear,Unclear,5.13
ChIJZVSRPcg3zDERVsGcOXXVuZY,Hock Choon Terrace,"Jalan Ampang, Lorong Nibong, Taman U Thant",Kuala Lumpur,3.1596485,101.7286496,3.7,3,,Super/Groceries,Super - Other / unclear,Unclear,5.13
ChIJEz3pK6xTzDERzmNtUyrDH1A,"Farmers Green House, Taman Eng Ann","No. 24 & 26, G Floor, Lorong Kasawari 4, Taman Eng Ann",Klang,3.0572681,101.4591273,4.5,2,03-3358 3807,Super/Groceries,Super - Other / unclear,Unclear,4.94
ChIJidL0WZZJzDER4MgpFtvv0Gw,Syarikat Seri Kembangan,"K8 Block 1, Seri Pahang Flat, Bukit Bangsar, Kuala Lumpur, 59000, Kuala Lumpur",WP Kuala Lumpur,3.1298533,101.6760327,4.5,2,03-2282 4377,Super/Groceries,Super - Other / unclear,Unclear,4.94
ChIJSdOGNbUVzDERAnw_v_75bRI,Hong Kee Fruits Stall 康记水果,Genting Highlands,"Kuala Lumpur, Petaling Jaya, Shah Alam, Klang, Subang Jaya, Cheras, Ampang, Cyberjaya, Putrajaya, Kajang, 68100 Selayang, Damansara",3.3871366,101.7737338,4.5,2,,Super/Groceries,Super - Other / unclear,Unclear,4.94
ChIJ04Q8ziqzzTERPolbVjmv9Jw,Eco-Shop Kota Kemuning,"No. 26 dan 28, Aras Bawah, W31/W, Jalan Anggerik Vanilla, Kota Kemuning",Shah Alam,3.0062909,101.5373269,2.0,10,07-283 0123,Super/Groceries,Super - Other / unclear,Unclear,4.8
ChIJm5fAf66xzTERL_9OhU-7tRs,Nahda Khaliqa,Jalan Putra Perdana,Taman Putra Perdana,2.938916,101.607922,3.3,3,018-204 9737,Super/Groceries,Super - Other / unclear,Unclear,4.57
ChIJ7XGH3lDNzTER4JKZP9_fW0g,Eco-Shop Taman Jasmin,"No. 8, 10 & 12 (Ground Floor, Jalan Jasmin 4",Kajang,2.9840108,101.8142228,2.3,6,07-283 0123,Super/Groceries,Super - Other / unclear,Unclear,4.48
ChIJR0bQ6Cm5zTERydFesB0VfTg,Roadside fruit stall,Dengkil,"Kuala Lumpur, Petaling Jaya, Shah Alam, Klang, Subang Jaya, Cheras, Ampang, Cyberjaya, Putrajaya, Kajang, 68100 Selayang, Damansara",2.8603379,101.6783357,4.0,2,,Super/Groceries,Super - Other / unclear,Unclear,4.39
ChIJsR8jEGTLzTER8LK2vtiUsJg,Pasar Pagi Kampung Baru Balakong,Kampung Baru Balakong,Seri Kembangan,3.0272786,101.7473932,4.0,2,,Super/Groceries,Super - Other / unclear,Unclear,4.39
ChIJR2rj9GRLzDERR6DEKgzmKqY,3pleRhinos,"B10-G-09 Block 10, Jalan PJS 2B, 1, Desa Mentari 2",Petaling Jaya,3.0834017,101.6280186,4.0,2,,Super/Groceries,Super - Other / unclear,Unclear,4.39
ChIJg99ZCFJLzDERzrCLzTGOsYA,Neo Siam Pavilion Bukit Jalil,"Pavilion, c/o The Food Merchant Lot 1.29.00, Level 1, Bandar, Bukit Jalil",Kuala Lumpur,3.0494233,101.6727677,4.0,2,,Super/Groceries,Super - Other / unclear,Unclear,4.39
ChIJwRG2Ju01zDEROB8iStbfb3Q,FMH Foods Supply,"48, Jalan Temenggung 13/9, Bandar Mahkota Cheras",Cheras,3.0534898,101.7894135,2.1,7,03-9543 8311,Super/Groceries,Super - Other / unclear,Unclear,4.37
ChIJ5QasBq6yzTERvvTYbq9Kygs,Pasaraya Wing Hoe,"41-43, Jalan Mewah 26/63, Taman Sri Muda",Shah Alam,3.0308056,101.535565,3.5,2,03-5121 5727,Super/Groceries,Super - Other / unclear,Unclear,3.85
ChIJp72QFjZRzDER-dBBqRlDMao,Marine Essence,"49, Jalan Ponak, Pekan Meru",Klang,3.13562,101.440374,3.5,2,017-889 8902,Super/Groceries,Super - Other / unclear,Unclear,3.85
ChIJnbJmzTVOzDERiuwEWL8UTKo,Save More Subang Perdana,"Save More, Jalan Dinar F U3/F, Subang Perdana",Shah Alam,3.148884,101.5448069,2.7,3,,Super/Groceries,Super - Other / unclear,Unclear,3.74
ChIJGxvty1ndzTERkrUwQEwcqXg,DD Fresh Meat Retail Shops (Seremban Temiang Branch),"No.73, Jalan Temiang",Seremban,2.7330554,101.9379606,5.0,1,012-651 7335,Super/Groceries,Super - Other / unclear,Unclear,3.47
ChIJxcnTUNKjzTERWMe5iXcuJT0,Kilang Shariff Wahi,Kanchong Darat,Banting,2.7742483,101.4801141,5.0,1,,Super/Groceries,Super - Other / unclear,Unclear,3.47
ChIJoy3MleW7zTERWIILFjTa5Pg,Segi Fresh Olak Lempit,"No. 3, 5 & 7 Jalan Camar 24, Kampung Olak Lempit, Taman Cenderawasih",Banting,2.8337242,101.6034431,5.0,1,012-805 5586,Super/Groceries,Super - Other / unclear,Unclear,3.47
ChIJDZPuRz-5zTERjklpt7UvdqU,Luxuria Lassus,"KIP SENTRAL, No.48-G, Jalan Warisan Sentral 2, Kota Warisan",Sepang,2.8201616,101.6945722,5.0,1,016-474 2532,Super/Groceries,Super - Other / unclear,Unclear,3.47
ChIJi9pJuvXFzTERCdm8Htxrt1Y,Eco-Shop Myra Park,"Myra Park, Kompleks Perniagaan Myra Park, A6, Ground Floor, Myra Park Marketplace, Jalan Nilam 5, Nilai Impian",Nilai,2.8340903,101.8048208,5.0,1,07-283 0123,Super/Groceries,Super - Other / unclear,Unclear,3.47
ChIJZflwOdbJzTER6K7pLTE4ym4,Ateh Santan,"Jalan 6b/6, Seksyen 16",Bandar Baru Bangi,2.9212771,101.7580214,5.0,1,013-329 1007,Super/Groceries,Super - Other / unclear,Unclear,3.47
ChIJR1VlswTPzTERA_9IwcjF0Zk,Koppie koppie,Bandar Rinching Seksyen 6,Semenyih,2.922181,101.8612293,5.0,1,019-619 1547,Super/Groceries,Super - Other / unclear,Unclear,3.47
ChIJz3nAHCTnzTERWpr1saN7y-c,HARDWER seremban 2,Seremban 2,Seremban,2.6924968,101.9047279,5.0,1,,Super/Groceries,Super - Other / unclear,Unclear,3.47
ChIJ64vJvhqxzTERBH5rWQNvGNI,PEMBORONG GEMILANG MAJU,"Gemilang's Grocer, Jalan Flora 1/1, Bandar Rimbayu",Telok Panglima Garang,2.9329748,101.5473189,5.0,1,019-273 5532,Super/Groceries,Super - Other / unclear,Unclear,3.47
ChIJl8G7xim3zTERav5mW3M_UFk,Pasaraya Hammad,"5, Jalan P9e/1, Presint 9",Putrajaya,2.9412435,101.6751829,5.0,1,,Super/Groceries,Super - Other / unclear,Unclear,3.47
ChIJxcuh8g_NzTERDPzf0oRm1cI,KV SNACK TEAM,Kajang Selangor MY,Semenyih,2.9611225,101.82103,5.0,1,011-3336 8846,Super/Groceries,Super - Other / unclear,Unclear,3.47
ChIJjxd8roSrzTER1x_efj6RLgA,WIN WIN SEAFOOD ONLINE 双赢海产,"34, Jalan Berangan",Pelabuhan Klang,3.0045164,101.3984528,5.0,1,012-712 4729,Super/Groceries,Super - Other / unclear,Unclear,3.47
ChIJ3zZYUwOtzTERYEvojLMfUSI,MP CASH & CARRY,"3, Jalan Bendahara 56, Taman Sejati 5",Klang,3.0157603,101.4674289,5.0,1,017-334 5240,Super/Groceries,Super - Other / unclear,Unclear,3.47
ChIJVbXLW1q1zTERuuAHR-76-GQ,Mustered Imported Beverages & Foods,Taman Bukit Serdang,Seri Kembangan,3.0219866,101.6987235,5.0,1,012-623 0046,Super/Groceries,Super - Other / unclear,Unclear,3.47
ChIJSQGIVzG1zTEROzQxCwYp5ww,Eco-Shop Puncak Jalil,"No. G-55 (GF), No.1-55 (1F), No. G-57 (GF) & No.1-57 (1F), Jln PJU 3/9, Tmn Puncak Jalil, Bandar, Putra Permai",Seri Kembangan,3.0186016,101.6781117,5.0,1,07-283 0123,Super/Groceries,Super - Other / unclear,Unclear,3.47
ChIJlY_vd261zTERa9IVZ-q1vVQ,2CO shop,"Seri Kembangan, Selangor Address: A7, A8, A9 (Grd Flr), A10 (& A11 (Grd Flr), Block A, Putra Walk, Jalan PP 25, Taman Pinggiran Putra, Seks 2, Pusat Bandar Putra Permai",Seri Kembangan,2.9919058,101.6754498,5.0,1,,Super/Groceries,Super - Other / unclear,Unclear,3.47
ChIJW8gsyoKszTERub5O6KBvhZs,Yys Pasar Pagi,"No. 19, Lorong Batu Nilam 27, Bandar Bukit Tinggi, Klang, 41200, Klang",Selangor,3.0064536,101.4354186,5.0,1,012-299 1097,Super/Groceries,Super - Other / unclear,Unclear,3.47
ChIJ6cVsUcWtzTERukcUI4HXeAU,Pure nature shop,"21, Lorong Batu Nilam 3b, Bandar Bukit Tinggi 1",Klang,3.010293,101.4348368,5.0,1,012-225 4294,Super/Groceries,Super - Other / unclear,Unclear,3.47
ChIJFesQZ3tTzDERmXBEVKAQ1tQ,Al Sulaiman Pasarmini -Shahalam,"FASA 3C, 8, 7/98A, Jalan Plumbum R7/R, Seksyen 7",Shah Alam,3.0701533,101.4848686,5.0,1,011-6447 0786,Super/Groceries,Super - Other / unclear,Unclear,3.47
ChIJJff0PGRTzDERjqBeAQiihPM,New World Seeds And Oils Sdn. Bhd.,"No. 323, Jalan Kapar, Batu 2",Klang,3.0677796,101.4264036,5.0,1,03-7212 7936,Super/Groceries,Super - Other / unclear,Unclear,3.47
ChIJmzaeEX2zzTERpPeRU-tqDtU,Rumah Herbal Nasa,Taman Sri Muda,Shah Alam,3.0348588,101.5322552,5.0,1,011-2329 5939,Super/Groceries,Super - Other / unclear,Unclear,3.47
ChIJ9Qq7IwA1zDERs4cHZr7r5mw,添润多中国超市 TIAN RUNDUO（Mahkota 皇冠城）,"71, Jalan Temenggung 19/9, Bandar Mahkota Cheras",Cheras,3.0535238,101.7886636,5.0,1,,Super/Groceries,Super - Other / unclear,Unclear,3.47
ChIJTVNPLVA1zDERxpw3zg4Lz40,Kilang Ayam,Taman Connaught,Kuala Lumpur,3.081594,101.736068,5.0,1,,Super/Groceries,Super - Other / unclear,Unclear,3.47
ChIJIbT9YgBLzDERqM864IA-A2w,"Eco-Shop OUG Parklane, PJ","Parklane, No. B2-0-12 (Ground Floor), No. B2-0-13, B2-0-13A, B2-0-15 (Ground Floor), No. B2-01-15 & B2-02-15 (First Floor & Second Floor), Jln 1/152, Off, Jln Klang Lama, Tmn OUG",Kuala Lumpur,3.0681204,101.6566984,5.0,1,07-283 0123,Super/Groceries,Super - Other / unclear,Unclear,3.47
ChIJ-ycihIVLzDERdWmzf2vxMlM,Tuulyn Market - Parklane OUG (Old Klang Road),"Unit B3-0-25, Old Klang Road, OUG Parklane, Jalan 1/152, Taman Perindustrian Oug",Kuala Lumpur,3.069078,101.656591,5.0,1,,Super/Groceries,Super - Other / unclear,Unclear,3.47
ChIJleMzL4lNzDERAbvrzxS_Cj4,"Segi Fresh TTDI Jaya, Shah Alam","Jalan Opera E U2/E, Taman TTDI Jaya",Shah Alam,3.0992589,101.5555489,5.0,1,,Super/Groceries,Super - Other / unclear,Unclear,3.47
ChIJSVFEyXw1zDERQEnbsWu0_m0,Checken Meat Shop,Sungai Besi,Kuala Lumpur,3.0631961,101.7108228,5.0,1,,Super/Groceries,Super - Other / unclear,Unclear,3.47
ChIJ25KkZqhKzDER3y2gmtpFB08,Pasaraya Shop-in,"Jalan Serdang Raya, Taman Serdang Raya",Seri Kembangan,3.0423213,101.7038065,5.0,1,,Super/Groceries,Super - Other / unclear,Unclear,3.47
ChIJp2pXC_Y1zDERcT-VvgDxjeU,Al Sulaiman Desa Tasik,"No, 22 & 24, Jalan 30B/146, Desa Tasik",Kuala Lumpur,3.0718661,101.716633,5.0,1,011-6456 6899,Super/Groceries,Super - Other / unclear,Unclear,3.47
ChIJjURFMphRzDERPykHW87dhGs,BDI FISHERY ikan segar.sayur.barang runcit,"2123, Jalan Meru",Klang,3.1281556,101.4403214,5.0,1,011-3545 5379,Super/Groceries,Super - Other / unclear,Unclear,3.47
ChIJ8zgkp-FZzDERQf-zduviP4A,Western On Wheelss ( Foodtruck ),1 Jalan niaga bestari 9 Puncak Bestari Bandar puncak alam,Kuala Selangor,3.2369075,101.4282258,5.0,1,016-222 7734,Super/Groceries,Super - Other / unclear,Unclear,3.47
ChIJXYeXQtlhyaYRJ67jVzdgHOE,Segi Fresh Saujana Perdana,"B-G-85 & B-G, Saujana Perdana, 87, Jalan Saujana Perdana 8",Sungai Buloh,3.2176885,101.4764713,5.0,1,012-354 5610,Super/Groceries,Super - Other / unclear,Unclear,3.47
ChIJpzawQjw3zDER7NHPQ_SdkHA,The Fresh Village 鼎鲜庄 Taman Pertama Pasar Malam 夜市/Night Market,"Jalan Selar, Taman Pertama",Kuala Lumpur,3.1129485,101.7319725,5.0,1,011-3124 8803,Super/Groceries,Super - Other / unclear,Unclear,3.47
ChIJ_7i5k79JzDERkOprFpIXC6Q,Pemborong Kurma (Aziz),"Unnamed Road, Pekeliling",Kuala Lumpur,3.1761122,101.6975667,5.0,1,03-4024 4100,Super/Groceries,Super - Other / unclear,Unclear,3.47
ChIJ-7fWlL83zDERwHRhbmCAig4,Lucky Star Market 双子星中国超市 럭키스타 마트,"Unit G-05, Star Boulevard KLCC, 1, Jalan Yap Kwan Seng",Kuala Lumpur,3.1610414,101.7117548,5.0,1,011-6422 8988,Super/Groceries,Super - Other / unclear,Unclear,3.47
ChIJrfbudQA3zDERWpUSmhJ3uGw,Jalan ambang Jelatek kampong bahru,Taman Keramat,Kuala Lumpur,3.1680655,101.735632,5.0,1,011-2731 0779,Super/Groceries,Super - Other / unclear,Unclear,3.47
ChIJ0xj_A6lfzDERY1rJVI8jfOg,YB FAMILY,"135, Jalan Desa Mahang 7, Kampung Parit Mahang",Jeram,3.2787506,101.3741006,5.0,1,,Super/Groceries,Super - Other / unclear,Unclear,3.47
ChIJfzyaTLhDzDERIg68ollbEIU,Pasar Segar Enjo,"1-11, Jalan Tun Teja 1, Taman Tun Teja",Rawang,3.2988804,101.59037,5.0,1,,Super/Groceries,Super - Other / unclear,Unclear,3.47
ChIJQV_QWVdCzDERxZ9rnghHuE0,VR Kasturi,"74, Jalan Welman, Pusat Bandar Rawang",Rawang,3.320197,101.5754948,5.0,1,03-6091 4457,Super/Groceries,Super - Other / unclear,Unclear,3.47
ChIJuWgPHHtHzDERX675dmqSzlo,Pasarmini Home Needs,"21, Jalan SG 1/9, Taman Sri Gombak",Batu Caves,3.2383747,101.6985779,5.0,1,03-6185 2852,Super/Groceries,Super - Other / unclear,Unclear,3.47
ChIJJ7bIn_lHzDERI1dAvY46-m0,RK Cash & Carry,"G-09, Residensi Amara, Jalan Raintree Utama, Taman Raintree",Batu Caves,3.2423935,101.6801174,5.0,1,018-383 7316,Super/Groceries,Super - Other / unclear,Unclear,3.47
ChIJkdZbkcFtzDERQVCdzXgW2PE,CAHAYA IZWANIZ (HQ),15 JALAN ZURAH 6C PUSAT PERINDUSTRIAN ZURAH RASA,RAWANG,3.5071635,101.6258162,5.0,1,019-832 8019,Super/Groceries,Super - Other / unclear,Unclear,3.47
ChIJSRzFW7wFzDERNDijpiksEKM,Little S&Y,Taman Bentung Jaya,Bentong,3.5397781,101.9009614,5.0,1,017-694 9992,Super/Groceries,Super - Other / unclear,Unclear,3.47
ChIJFaKvOqYFzDERbtJvbpSQibc,mawadda super shop,"47, Jalan Ah Peng",Bentong,3.5233555,101.9079946,5.0,1,,Super/Groceries,Super - Other / unclear,Unclear,3.47
ChIJ0ckDX52ZzTER0uKNPdlbyk8,Kedai runcit noorziat enterprise,Kampung Jangin,Tanjong Sepat,2.6757578,101.5153573,5.0,1,,,Unknown category,Unclear,3.47
ChIJVWYCKUfnzTERiKJiErW__LI,kilang roti dan kek yuri,"70450, 11-15, Jalan Seroja 18, Taman Yoon Fook",Seremban,2.700506,101.9638688,3.0,2,,Super/Groceries,Super - Other / unclear,Unclear,3.3
ChIJd677NrTdzTERBw7WKotEmoE,Muhammad Wholesale,Taman Bukit Coral,Seremban,2.7531169,101.9539462,3.0,2,017-798 9891,Super/Groceries,Super - Other / unclear,Unclear,3.3
ChIJ73FAdrfJzTEREhdhZAthZrc,Ninso KIPMall Bangi,"LOT NO L2-09-13, 24-26, 32&P-03 (KIPMALL BANGI. 1, JALAN MEDAN BANGI MELALUI, Persiaran Kemajuan, SEKSYEN 6",Bandar Baru Bangi,2.9540594,101.7570079,3.0,2,016-830 1798,Super/Groceries,Super - Other / unclear,Unclear,3.3
ChIJO8ObbyxDzDER1uqlCTphAQ8,FATTY LEONG FISHERY 肥良鱼业,"Pasar Moden, Bandar Country Homes",Rawang,3.3265352,101.5271127,3.0,2,016-374 3388,Super/Groceries,Super - Other / unclear,Unclear,3.3
ChIJu4HXVXByzDERUBztfysIV0k,A J K Chiken Resources Sdn. Bhd.,"No. 2, Jalan Bintang 5, Desa Rening Jaya, Selangor",Kuala Kubu Bahru,3.5152649,101.6473752,3.0,2,016-293 1986,Super/Groceries,Super - Other / unclear,Unclear,3.3
ChIJ-QM_EgBNzDERhz5BEsbRnIw,7-Eleven,"2D, Jalan SS 6/6, Ss 6",Petaling Jaya,3.1057846,101.5981557,2.3,3,,Super/Groceries,Super - Other / unclear,Unclear,3.19
ChIJL2e7BYlHzDERWtWpwBeqPr0,Big Saver Maxim Citylights,"G-62, Maxim Sentul, No 25, Jalan Sentul Pasar",Kuala Lumpur,3.2079744,101.6906754,1.2,11,012-307 5553,Super/Groceries,Super - Other / unclear,Unclear,2.98
ChIJSYIDTgGvzTERxQqdSHPK3G8,Budi Fresh Food,"206, Jalan Utama 12, Taman Jaya Utama",Telok Panglima Garang,2.913304,101.4743883,4.0,1,019-337 4912,Super/Groceries,Super - Other / unclear,Unclear,2.77
ChIJWUH-mx63zTERSCTtkyZpVp4,Alamrani Arab,"37, Jalan 19/1",Cyberjaya,2.9012409,101.6303646,4.0,1,,Super/Groceries,Super - Other / unclear,Unclear,2.77
ChIJs29-MXVNzDEReBy4TEhgqc0,RR Basket subang jaya,"20, Jalan USJ 4/6b",Subang Jaya,3.0511418,101.5761629,4.0,1,018-240 6786,Super/Groceries,Super - Other / unclear,Unclear,2.77
ChIJxz59G_czzDERx5T6aj5rPdQ,Super Ninety Nine Sdn. Bhd. Hulu Langat,"13 & 15G, Jalan Lagenda Suria 1, Taman Lagenda Suria",Hulu Langat,3.0989482,101.8016607,4.0,1,03-9021 5199,Super/Groceries,Super - Other / unclear,Unclear,2.77
ChIJtej_iDROzDERWhSjiI96qQY,Pasar Segar Bintang,"24, Jalan SP 2/4, Taman Subang Perdana",Shah Alam,3.1508913,101.5427417,4.0,1,03-7845 1433,Super/Groceries,Super - Other / unclear,Unclear,2.77
ChIJJyY1f25GzDERMPxa1LyTp5g,Pasar Raya Cemerlang,"15-29, Jalan 12, Taman Desa Jaya",Kuala Lumpur,3.2163356,101.6296462,4.0,1,,Super/Groceries,Super - Other / unclear,Unclear,2.77
ChIJf_WzfU6tzTERrx41UguoYYU,Eat Snacks,"10A, Jalan Serunai 1, Taman Klang Jaya",Klang,3.0090503,101.4416495,2.0,2,010-776 7779,Super/Groceries,Super - Other / unclear,Unclear,2.2
ChIJSYauS1zNzTERQzicdlHRXAM,PROJECT GARAGE MOTOSPORT,"B-13-GA Jalan Prima Saujana 2/B Seksyen 2, Taman, Prima Saujana",Kajang,3.0081115,101.8051264,2.0,2,011-3220 3136,Super/Groceries,Super - Other / unclear,Unclear,2.2
ChIJVdS4MzLrzTER66AUMCPTUH4,"Pekan Sepang, 雪邦雪兰莪",Pekan Sepang,Sepang,2.6901806,101.7513035,3.0,1,,Super/Groceries,Super - Other / unclear,Unclear,2.08
ChIJu0jiTJnKzTER6Ik6qs0CfMA,RS Cash & Carry,"3253, Ground Floor, Jalan 18/37, Taman Sri Serdang",Seri Kembangan,3.009574,101.71267,3.0,1,03-8945 5766,Super/Groceries,Super - Other / unclear,Unclear,2.08
ChIJn5NJ_KxUzDERIeCc2LvExF4,Badurun Traders,"294, Jalan Sungai Bertek, Sembilang, Taman Bertek",Klang,3.0385077,101.4255786,3.0,1,016-222 7046,Super/Groceries,Super - Other / unclear,Unclear,2.08
ChIJRWLzSFhNzDERli-qnzYxG6c,Segar Niaga,"No. 66, Jalan Pelabur A 23/A, Seksyen 23",Shah Alam,3.046567,101.527033,3.0,1,03-5542 1010,Super/Groceries,Super - Other / unclear,Unclear,2.08
ChIJ69TdQZnMzTERDAXjghJhbEQ,Super99 Prima Saujana,"Jalan Prima Saujana 2/C, Prima Saujana",Kajang,3.0089425,101.8053118,3.0,1,03-8734 6199,Super/Groceries,Super - Other / unclear,Unclear,2.08
ChIJna0UmHpFzDERSo0Z8u_TBrs,Pasar Segar Dan Runcit Zaayah,"2058, Jalan 3/2, Fasa 3, Bandar Baru Sungai Buloh, Sungai Buloh, 47000, Sungai Buloh",Selangor,3.2200875,101.5646122,3.0,1,017-205 8959,Super/Groceries,Super - Other / unclear,Unclear,2.08
ChIJuQ-NbL9SzDER4gHhOqQGFsc,iNergy,Seksyen 16,Shah Alam,3.0519399,101.5033547,2.0,1,017-555 6815,Super/Groceries,Super - Other / unclear,Unclear,1.39
ChIJX4LBPEP1zDERgUpr6nwQpgw,裕成鱼行 YokSheng Fishery,"B-00-03 Block B Casa Magna apartment, No 2, Jalan Prima 10, merto prima Kepong",Kuala Lumpur,3.2113216,101.6429779,2.0,1,016-382 6555,Super/Groceries,Super - Other / unclear,Unclear,1.39
ChIJmSjQsK-yzTERq615Qecp8pc,Pasar Raya Sri Musa,"3A, Jalan Hidayat 25/85, Taman Sri Musa",Shah Alam,3.0274715,101.5343793,1.0,1,03-5121 9693,Super/Groceries,Super - Other / unclear,Unclear,0.69
ChIJ269v7DdPzDERfLGiluxSMno,Neh Lah Fresh Market,"23G, Jalan Camar 4/2, Kota Damansara",Petaling Jaya,3.153339,101.5790242,1.0,1,,Super/Groceries,Super - Other / unclear,Unclear,0.69
ChIJyVyYe59bzDERzx-1SbVoQlI,Allio Store,"LOT 1088, 19, Lorong 8, Kampung Merbau Sempak",Sungai Buloh,3.2118167,101.5187905,1.0,1,011-2682 5798,Super/Groceries,Super - Other / unclear,Unclear,0.69
ChIJ5cJ26URpzDERsRHYLsdSjV4,Nanostix bukit beruntung,"Jalan Trompet 2, Bukit Beruntung",Rawang,3.4193265,101.569879,1.0,1,012-606 0815,Super/Groceries,Super - Other / unclear,Unclear,0.69
ChIJ456XyIHnzTERjyFmgnxh7VQ,PickOnly,NO 5945,Seremban,2.6994528,101.9798888,0.0,0,014-604 9509,Super/Groceries,Super - Other / unclear,Unclear,0.0
ChIJjeu7EczgzTERSntXu20IJ8Q,Gedung Big 10 (Seremban) Sdn. Bhd.,"No. 26, 27, & 28, Jalan Kemuning 1, Taman Kemuning",Senawang,2.692531,101.9851532,0.0,0,06-657 1098,Super/Groceries,Super - Other / unclear,Unclear,0.0
ChIJAx8KD4rdzTERWiwDOQm0Dag,Nadeem,Taman Selaseh,Seremban,2.7426794,101.9601553,0.0,0,018-227 8763,Super/Groceries,Super - Other / unclear,Unclear,0.0
ChIJKXkCJybnzTERL7s2UvA44zE,Eco-Shop Kepayang Sentral,"No78, Jalan TBK Besar 4, Kepayang Sentral",Seremban,2.7148345,101.9115074,0.0,0,07-283 0123,Super/Groceries,Super - Other / unclear,Unclear,0.0
ChIJOe0N6I6kzTERVSgrSVOc4Us,Gedung Big 10 (KL) Sdn. Bhd.,"120-121-122, Jalan Sultan Abdul Samad",Banting,2.813435,101.486523,0.0,0,03-3187 3421,Super/Groceries,Super - Other / unclear,Unclear,0.0
ChIJK23oRVS7zTERsOCVP--6YE8,SHABI MARKET,"No. 64, Ground Floor, Jalan Emas 2, Bandar Sungai Emas, 42700 Banting, Selangar, Bandar Sungai Emas",Banting,2.8225412,101.532715,0.0,0,03-3180 1764,Super/Groceries,Super - Other / unclear,Unclear,0.0
ChIJt0Q8NgWvzTERviitKGoBrRQ,Js Aluminium,Taman Indah Jaya,Telok Panglima Garang,2.9097155,101.4683772,0.0,0,,Super/Groceries,Super - Other / unclear,Unclear,0.0
ChIJR7bHWd63zTER1TGPveBLBY4,One23 Cottage,"FR-02-05, Tamarind Suites, Persiaran Multimedia",Cyberjaya,2.9186697,101.6369314,0.0,0,018-355 4425,Super/Groceries,Super - Other / unclear,Unclear,0.0
ChIJuePujWXJzTERgfDjYs0CLxk,Pengedar Shaklee Jenderam/Dengkil,Unnamed Road,Kampung Jenderam Hilir,2.8853458,101.7275884,0.0,0,016-221 1532,Super/Groceries,Super - Other / unclear,Unclear,0.0
ChIJjcz922bPzTERHbCbEXwNqVE,JT Excel Global,"E-06, Level 2 EcoHill Walk Semenyih",Kajang,2.9253605,101.8555389,0.0,0,018-287 8949,Super/Groceries,Super - Other / unclear,Unclear,0.0
ChIJQ_W2HlfnzTERyyPPoALjnmk,SYAHA MEDITECH,"NO 135, TAMAN PERMAI IMPIAN, 1, Jalan Permai Impian 1",Seremban,2.7037209,101.9290797,0.0,0,013-592 2267,Super/Groceries,Super - Other / unclear,Unclear,0.0
ChIJZ9ePiO-vzTER4Zv1LvxPDVA,Homekiosk Product SHOM Klang/Banting,"4L A, Jalan Bunga, Taman Desa Sijangkang",Telok Panglima Garang,2.9428156,101.4598191,0.0,0,017-215 9585,Super/Groceries,Super - Other / unclear,Unclear,0.0
ChIJC3SR7mixzTERR-vDPop8VJ8,Noor Habsah Abdullah (790685-D),"25, Jalan SP 4/29, Bandar Saujana Putra",Jenjarom,2.9447732,101.5891437,0.0,0,019-351 9672,Super/Groceries,Super - Other / unclear,Unclear,0.0
ChIJgWuX9TixzTERQwiP2WoZv_Q,hbsreng online shop,"NO11, JLN SP3 /3",Bandar Saujana Putra,2.9509341,101.5775148,0.0,0,011-1024 3878,Super/Groceries,Super - Other / unclear,Unclear,0.0
ChIJhS7v7BKxzTERkizrA_OyuvU,AdaShops Marketplace Online,"No 11, Jln sp3 /3",Bandar Saujana Putra,2.9509288,101.5775148,0.0,0,011-1024 3878,Super/Groceries,Super - Other / unclear,Unclear,0.0
ChIJY_pW5BfLzTERMNdgKGCoSyE,Khayrat Palestine. Sdn. Bhd,Puteri Palma Condominium | IOI Resort City,Putra Jaya,2.967392,101.7099539,0.0,0,011-3901 5573,Super/Groceries,Super - Other / unclear,Unclear,0.0
ChIJraq6kN_JzTER7hfI9Mzdrgg,JMN TEGUH MAJU,"NO 19 P8, Presint 16",Putrajaya,2.9335068,101.7078523,0.0,0,019-0273 8944,Super/Groceries,Super - Other / unclear,Unclear,0.0
ChIJx1cr8PbJzTER8Lax08Dmzhw,Pusat Aktiviti RUNCIT PAKKP Bangi,"Jalan Medan Pusat Bandar 7, Seksyen 9",Bandar Baru Bangi,2.9620032,101.7529785,0.0,0,,Super/Groceries,Super - Other / unclear,Unclear,0.0
ChIJEYz2ywrJzTERmQQRVhnI2gU,Levant Food Sdn. Bhd.,"127-G, Jalan Tenaga 20, Taman Tenaga",Kajang,2.9576838,101.7891167,0.0,0,018-205 7503,Super/Groceries,Super - Other / unclear,Unclear,0.0
ChIJ2fLgHwDJzTERpOWne-hT6_I,Pasar Segar BBC,"SEBELAH Pasar Segar BBC, 21, Jalan Tropika 2, JALAN UTAMA",Kajang,2.9411628,101.7887767,0.0,0,,Super/Groceries,Super - Other / unclear,Unclear,0.0
ChIJafdy70y1zTER5bWrPiB-Rvc,HARUAN BRO ALI,Lestari Putra,Seri Kembangan,2.9977769,101.64797,0.0,0,,Super/Groceries,Super - Other / unclear,Unclear,0.0
ChIJcVmI1H3OzTERo2qxQG7BYss,The Tasfia Mix Market,"No. 13, Jalan Pasar Baru 2, Pekan Semenyih",Semenyih,2.9470352,101.8457153,0.0,0,016-403 1409,Super/Groceries,Super - Other / unclear,Unclear,0.0
ChIJweCvwwjLzTERfhxWPNiBtE0,AK NASI KANDAR,"Space C06, ST ROSYAM MART SDN BHD, BATU 22, JALAN BERANANG, MUKIM SEMENYIH",Semenyih,2.9368269,101.8531514,0.0,0,011-6210 2629,Super/Groceries,Super - Other / unclear,Unclear,0.0
ChIJAxFFIDrPzTERNQENUWAQdDs,Pemasangan astro wifi kencang,"Lotus Semenyih, Persiaran Taman Pelangi Semenyih, Taman Pelangi Semenyih",Semenyih,2.9365277,101.8618839,0.0,0,011-5970 4753,Super/Groceries,Super - Other / unclear,Unclear,0.0
ChIJyX_o5kLOzTERVNsTEbdwveM,Super 99 • Taman Pelangi Semenyih,"37, Jalan Tps 1/3, Taman Pelangi Semenyih",Semenyih,2.9315815,101.8566567,0.0,0,03-8724 0199,Super/Groceries,Super - Other / unclear,Unclear,0.0
ChIJC-2n50LOzTER8SUIdVy9Brs,Super Ninety Nine Sdn. Bhd. Taman Pelangi Semenyih,"& 37G, Jalan Tps 1/7, Bandar Rinching Seksyen 3, 43500 Semenyih, Selangor, Malaysia, Bandar Rinching Seksyen 3",Semenyih,2.9314808,101.8554161,0.0,0,03-8724 0199,Super/Groceries,Super - Other / unclear,Unclear,0.0
ChIJR5mj06nPzTERmwT9HgNEwvo,Mansion,"29, Jalan 1/2b, Seksyen 1",Semenyih,2.9310341,101.8527019,0.0,0,,Super/Groceries,Super - Other / unclear,Unclear,0.0
ChIJRd1mYuzLzTEREe1fxQLTkYI,Pasaraya Romlah HB Resources,"No KA 8-G, Jalan Setia Balakong 2/2, Taman Setia Balakong",Seri Kembangan,3.014552,101.7511263,0.0,0,013-208 1900,Super/Groceries,Super - Other / unclear,Unclear,0.0
ChIJVQ7tGHytzTERVtndPZjwZAw,GOTHREESIXTY RESOURCES,Taman Bukit Kemuning,Shah Alam,3.0014714,101.5204518,0.0,0,012-434 4407,Super/Groceries,Super - Other / unclear,Unclear,0.0
ChIJpV67NQCzzTER9VPvhpucTj8,"2GGQ+665 Shah Alam, Selangor","2, Jalan Faedah 25/86, Taman Sri Muda",Shah Alam,3.025515,101.538121,0.0,0,,Super/Groceries,Super - Other / unclear,Unclear,0.0
ChIJXQKd0aqzzTERdTxSfMWsByY,Pasar Segar Hj Akmal,"No. 49, Jalan Putra Mahkota 7/4a, Putra Heights",Subang Jaya,2.9936133,101.5707104,0.0,0,013-929 4923,Super/Groceries,Super - Other / unclear,Unclear,0.0
ChIJVb65JjCzzTERBl2848j2LPI,CSM Franchisor Sdn. Bhd.,"No.45, 3, Jalan USJ 21/10, Usj 21",Subang Jaya,3.0291663,101.5820282,0.0,0,03-8023 3208,Super/Groceries,Super - Other / unclear,Unclear,0.0
ChIJL_DoJQfNzTER34gDj9-5Jww,Tm emas motor,"7, Jalan Semenyih Ria 2",Semenyih,2.9874869,101.8694898,0.0,0,019-373 2600,Super/Groceries,Super - Other / unclear,Unclear,0.0
ChIJKSC7aJnKzTER3Fdbsn9Pk68,Super99 Sri Serdang,"3343, Jalan 18/32, Taman Sri Serdang",Seri Kembangan,3.0094361,101.7142054,0.0,0,03-9545 1212,Super/Groceries,Super - Other / unclear,Unclear,0.0
ChIJ1bvxMGyrzTERkeuJCfQNLd4,SepFreeshChickens,"Jalan Papan, Pandamaran",Pelabuhan Klang,3.0001165,101.4192661,0.0,0,011-1640 4005,Super/Groceries,Super - Other / unclear,Unclear,0.0
ChIJrW59Hk2tzTERlA3DgE_Tqhk,Mamo Santan Kelapa,"Unnamed Road, 16, Jalan Sri Sarawak 26, Taman Sri Andalas",Klang,3.0138329,101.4475284,0.0,0,012-601 7268,Super/Groceries,Super - Other / unclear,Unclear,0.0
ChIJ4RyoJFFTzDERclAp1zRlPqc,Sy Daily Fresh Market,"10, Jalan Jasmin 2, Bandar Botanik",Klang,2.986648,101.4428748,0.0,0,016-391 3350,Super/Groceries,Super - Other / unclear,Unclear,0.0
ChIJLVjhtpZTzDERlAQPqHBrin0,MexBlu by MagicBlue,"Ground Floor Komersial, Giant, Pusat Komersial, Blok A, Jalan Plumbum T 7/T, Seksyen 7",Shah Alam,3.0658747,101.4888925,0.0,0,011-3787 3051,Super/Groceries,Super - Other / unclear,Unclear,0.0
ChIJowM0B11bzDERfg7G2uextVs,Ayam Segar Rayyanku SA0523333-T,"C, Jalan Pegaga U12, Seksyen U12, Desa Alam",Shah Alam,3.0773863,101.477728,0.0,0,012-474 7103,Super/Groceries,Super - Other / unclear,Unclear,0.0
ChIJB61nuwdVzDERkFSmVV2b24c,submarket,Batu 4,Klang,3.0700408,101.4112781,0.0,0,,Super/Groceries,Super - Other / unclear,Unclear,0.0
ChIJKU1nPa9SzDERiW8TjAJtbF0,Super Ninty Superstores Sdn. Bhd.,"No. 50, Jalan Pinang C 18/C, Shah Alam, 40000, Shah Alam",Selangor,3.044542,101.517397,0.0,0,03-5542 8199,Super/Groceries,Super - Other / unclear,Unclear,0.0
ChIJhY3ZBQBTzDERJXYinCcedEM,Toha Food Industri,"Jalan Bunga Melati 2/2, Seksyen 2",Shah Alam,3.0672546,101.5104629,0.0,0,,Super/Groceries,Super - Other / unclear,Unclear,0.0
ChIJzXcwzZ7MzTER7g_A89JPTLc,Rizhaza Shoppe,"14, 6, Jalan Prima Saujana 2/G, Prima Saujana",Kajang,3.0095255,101.8036153,0.0,0,019-398 0922,Super/Groceries,Super - Other / unclear,Unclear,0.0
ChIJJ620QkTNzTERg0Vds2idS3g,ALWALEED BAKUL SEGAR,"2, Jalan Jenaris 2c, Taman Jenaris",Kajang,3.0118572,101.8042872,0.0,0,011-1612 4841,Super/Groceries,Super - Other / unclear,Unclear,0.0
ChIJccXLLQA1zDERInYqu-8_xqE,Fresh Bouleard,"Block B Lot 32 seksyen 4, Pekan batu 11 balakong cheras43200",Cheras,3.0181219,101.8140826,0.0,0,,Super/Groceries,Super - Other / unclear,Unclear,0.0
ChIJSa0ciIHLzTERj6vXY1PPEZo,Pasaraya Ocean (Kajang) Sdn. Bhd.,"12-21, Jalan Jelok 3, Bandar Kajang",Kajang,2.9913997,101.7923363,0.0,0,03-8737 3776,Super/Groceries,Super - Other / unclear,Unclear,0.0
ChIJGXNR_oPLzTER7-0_TISlgHY,Pasaraya Bandar Tek,"1, Jalan Semenyih, Bandar Teknologi Kajang",Kajang,2.9871085,101.806928,0.0,0,,Super/Groceries,Super - Other / unclear,Unclear,0.0
ChIJD3XQl4LLzTERqzcoWTbQBi8,Super Ninety Nine Sdn. Bhd.,"No. 12, Jalan Besar",Kajang,2.9925253,101.7880282,0.0,0,03-8739 2198,Super/Groceries,Super - Other / unclear,Unclear,0.0
ChIJY2vgd723zTERltFqOnpwvNY,Eco-Shop Metro Plaza Kajang,"Lot No. S128-S136 (2nd Flr Plaza Metro Kajang, Seksyen, 7, Jalan Tun Abdul Razak, Bandar Kajang",Kajang,2.9912734,101.7889027,0.0,0,07-283 0123,Super/Groceries,Super - Other / unclear,Unclear,0.0
ChIJVXZf4dXNzTERDNYcT5nWdOU,Pembekal Talapia Merah Halalan Toyibban,"48, Jalan Kajang Perdana 3/2, Taman Kajang Perdana",Kajang,2.9907734,101.8186521,0.0,0,011-2097 9769,Super/Groceries,Super - Other / unclear,Unclear,0.0
ChIJ543x9WXMzTERRIf0wmmeHzU,Pasaraya Min Kong,"6, Jalan Jasmin 3, Taman Jasmin",Kajang,2.9833027,101.8138614,0.0,0,03-8733 7768,Super/Groceries,Super - Other / unclear,Unclear,0.0
ChIJVVUVjlpMzDER228b9l34nw8,MatRuncit,"f10, Jalan SS 16/1, Ss 16",Subang Jaya,3.0819745,101.5826425,0.0,0,03-5021 9206,Super/Groceries,Super - Other / unclear,Unclear,0.0
ChIJ39DBAvZNzDERSBNC0cm-dgM,GS EMPIRE (USJ),"S-00-12A, IMPIAN MERIDIAN, Jalan Subang 1, Usj 1",Subang Jaya,3.0621824,101.594836,0.0,0,,Super/Groceries,Super - Other / unclear,Unclear,0.0
ChIJG99wQ9BNzDERJ5YMlFvmxM4,Selangor Open,"L2, Giant USJ, Persiaran Subang Permai",Subang Jaya,3.0578906,101.5982,0.0,0,011-5177 2788,Super/Groceries,Super - Other / unclear,Unclear,0.0
ChIJJ2cGKllMzDERsfp5kuefW5w,A & N Marketing,"17, Jalan SS 15/4c, Ss 15",Subang Jaya,3.0766184,101.5870115,0.0,0,,Super/Groceries,Super - Other / unclear,Unclear,0.0
ChIJqzk4aHVWzDERjyu0nK1gcEE,Syarikat Kwang Hwi,"21, Lorong Dato Kaya Kecil 5, Taman Indah",Kapar,3.1394002,101.368941,0.0,0,03-3259 2776,Super/Groceries,Super - Other / unclear,Unclear,0.0
ChIJ0Sqvx641zDERrXmmeGel50k,,"M1-1-13A, Pangsapuri Wira, Jalan Tun Perak 1, Taman Tun Perak",Cheras,3.0636957,101.7585966,0.0,0,,Super/Groceries,Super - Other / unclear,Unclear,0.0
ChIJoRE1Wwo1zDERkE2doZarsho,Angah Pisang,"Lot 356, 1A, Jalan Cheras, Batu 9 1/2",Cheras,3.0571627,101.7745673,0.0,0,019-395 3711,Super/Groceries,Super - Other / unclear,Unclear,0.0
ChIJp6AsAHFLzDERrWm_uGHfWHU,Ninso Taman Medan,"B4-2, B4-3, B4-4, B4-4-1, B4-5, B4-5-1, B4-6, B4-6-1, B4-7, B4-7-1, Jalan PJS 3, 11B, Taman JKR Delta",Petaling Jaya,3.0747725,101.6371698,0.0,0,016-830 1798,Super/Groceries,Super - Other / unclear,Unclear,0.0
ChIJ1SXVJwBLzDERIbSuuhBUzA0,KK 263KL,"Jalan Kenari 17c, Bandar Puchong Jaya",Puchong,3.0473111,101.6235535,0.0,0,,Super/Groceries,Super - Other / unclear,Unclear,0.0
ChIJT51mJs5TzDERVm9o5ct-Eug,Ru fishery,"20, Jalan Setia Indah Y U13/Y, Setia Alam",Shah Alam,3.0985192,101.4608584,0.0,0,016-675 3375,Super/Groceries,Super - Other / unclear,Unclear,0.0
ChIJhXv18jk1zDERZhqo8Fc0TAw,Pembekal Ikan Segar & Hasil Laut,"23, Jalan Suasa 4, Pekan Sungai Besi",Kuala Lumpur,3.0632359,101.7100783,0.0,0,016-493 8654,Super/Groceries,Super - Other / unclear,Unclear,0.0
ChIJXRfQnGY1zDERtmbG2jh-YSs,Kuala Lumpur,Sungai Besi,Kuala Lumpur,3.057444,101.71787,0.0,0,,Super/Groceries,Super - Other / unclear,Unclear,0.0
ChIJgexkvERLzDER9ILwHxLreGw,许多鱼中国超市第六分店Bukit Jalil,"1-18, Residensi Park Bukit Jalil, Persiaran Jalil Utama, Bandar Bukit Jalil 1-18, Residensi Park Bukit Jalil, Bandar Bukit Jalil",Kuala Lumpur,3.0524898,101.6727937,0.0,0,012-671 0988,Super/Groceries,Super - Other / unclear,Unclear,0.0
ChIJZR4DeABLzDERvxpHLyt1zjY,"No F-13-1, Pusat Bandar, Jalan Jalil Utama 2, Bukit Jalil, 57000 Kuala Lumpur, Wilayah Persekutuan Kuala Lumpur","Jalan Jalil Utama 2, Bukit Jalil",Kuala Lumpur,3.0513805,101.6716396,0.0,0,,Super/Groceries,Super - Other / unclear,Unclear,0.0
ChIJlc6nTaNLzDERpaFaawxyXdM,RR Basket OG Heights kL,"J-G-E, Jalan Awan Cina, OG HEIGHTS",Kuala Lumpur,3.0664418,101.6698743,0.0,0,018-240 6786,Super/Groceries,Super - Other / unclear,Unclear,0.0
ChIJVYiecxRTzDERv2ABvraH1JE,DAG PILLOW BOUTIQUE,"Unnamed Road, Setia Alam",Shah Alam,3.1074065,101.4448493,0.0,0,012-609 0847,Super/Groceries,Super - Other / unclear,Unclear,0.0
ChIJARY5iqZNzDERYl8NybyYCQo,Sabun Cerah Ketiak Marine Essence,"112, Jalan SS 5a/4, Ss 5",Petaling Jaya,3.0955923,101.6024295,0.0,0,012-616 9149,Super/Groceries,Super - Other / unclear,Unclear,0.0
ChIJy5sNZXdLzDERte6YuKRQZY8,X OUTLETS SDN. BHD.,"3, Jalan 51a/227, Seksyen 51a",Petaling Jaya,3.101128,101.6314267,0.0,0,017-207 7607,Super/Groceries,Super - Other / unclear,Unclear,0.0
ChIJ9d2i8DhLzDERuFfRweb8bN8,閹雞黃(sea park)批發代理,Sea Park,Petaling Jaya,3.110249,101.622114,0.0,0,011-2735 1646,Super/Groceries,Super - Other / unclear,Unclear,0.0
ChIJa30yDEhJzDERTwKsIBsmHME,DV Convenient Store,"G12, Jalan SS 20/27, Damansara Intan",Petaling Jaya,3.129897,101.628738,0.0,0,03-7725 3925,Super/Groceries,Super - Other / unclear,Unclear,0.0
ChIJIaYoIgBJzDERJzNLJCMI-Jk,Zaw zaw,"51, Jalan SS 22/11, Damansara Jaya",Petaling Jaya,3.130265,101.6211126,0.0,0,,Super/Groceries,Super - Other / unclear,Unclear,0.0
ChIJBR6Gv_ZRzDERWqeMa9t6eSw,BioRich Shah Alam,Alam Budiman,Shah Alam,3.145439,101.4800659,0.0,0,019-202 8569,Super/Groceries,Super - Other / unclear,Unclear,0.0
ChIJ7U5T_OU1zDER5cT9cQEHPGo,Kopemas Tawau Sabah Berhad (KL),"2-23-G, Jalan Danau Lumayan, Bandar Sri Permaisuri",Kuala Lumpur,3.0997334,101.7154591,0.0,0,,Super/Groceries,Super - Other / unclear,Unclear,0.0
ChIJD5V6ULFLzDER2BUNjXl2-NA,Easy大马生活超市,"29-1, Jalan Kuchai Maju 7, Kuchai Entrepreneurs Park",Kuala Lumpur,3.089565,101.6862931,0.0,0,017-550 9251,Super/Groceries,Super - Other / unclear,Unclear,0.0
ChIJK8kD7ldJzDERqw-X90gqw6Q,Daily Market (Mont Kiara),"B-B2-2, KONDO KIARAVILLE, Changkat Duta Kiara, Mont Kiara",Kuala Lumpur,3.1724557,101.659297,0.0,0,016-212 8828,Super/Groceries,Super - Other / unclear,Unclear,0.0
ChIJJXziAwBJzDERfN99rH8ySl4,Publika Shopping Gallery - Parking East Entrance,"Changkat Hartamas, Hartamas Heights",Kuala Lumpur,3.1716025,101.6679114,0.0,0,03-6211 7877,Super/Groceries,Super - Other / unclear,Unclear,0.0
ChIJ____a-BOzDERBYNeio1RaJ0,Shaklee Kota Damansara & Kepong,Kota Damansara,Petaling Jaya,3.1511013,101.5920953,0.0,0,016-698 4576,Super/Groceries,Super - Other / unclear,Unclear,0.0
ChIJF3kCvkhZzDEREawKAgHk6Kg,savoryscentures,"Puncak Bestari, 1, Jalan Niaga Bestari 9, Puncak Bestari",Puncak Alam,3.2369075,101.4282258,0.0,0,011-3751 4941,Super/Groceries,Super - Other / unclear,Unclear,0.0
ChIJiawHiyxFzDERvBGsX7DdUwQ,AB Lot,Kampung Gombak,Rawang,3.2458933,101.5317245,0.0,0,,Super/Groceries,Super - Other / unclear,Unclear,0.0
ChIJZwybYrpFzDERbRj-45jdGpM,LL STORE DAMANSARA DAMAI,"42, Jalan PJU 10/10d, Damansara Damai",Petaling Jaya,3.199462,101.5910849,0.0,0,,Super/Groceries,Super - Other / unclear,Unclear,0.0
ChIJSZoZUn43zDER_rocSi3S1QA,"KCM Fresh Seafood, Fish & Vegetables Store","15, Jalan Perdana 4/1, Pandan Perdana",Kuala Lumpur,3.1207035,101.7419257,0.0,0,010-248 7268,Super/Groceries,Super - Other / unclear,Unclear,0.0
ChIJNTWLaQA1zDER4aAEcTt-7j4,JALAN DESA AMAN 1,"Jalan Desa Aman 1, Taman Desa Aman",Kuala Lumpur,3.0958317,101.739125,0.0,0,017-697 1778,Super/Groceries,Super - Other / unclear,Unclear,0.0
ChIJY2gc0TQ4zDERRrVpuMR0fKU,BIG BLUE FRESH MEAT,"Giant Hypermarket Ulu Kelang, 7273, Cangkat Permata, 13793;;13796, Jalan Cangkat Permata, Taman Permata",Kuala Lumpur,3.2070327,101.7518688,0.0,0,013-261 3130,Super/Groceries,Super - Other / unclear,Unclear,0.0
ChIJc6CMpiRIzDER4XHUEwZzCcQ,Deen Fancy Store,"GF, Bangunan Hing Yoon, Jalan Raja Laut, Chow Kit",Kuala Lumpur,3.1659893,101.696393,0.0,0,03-2697 0736,Super/Groceries,Super - Other / unclear,Unclear,0.0
ChIJZ0GGbHlJzDERY0P7oy9E6-M,Santan Warisan Bonda,"B174, B175, Chow Kit",Kuala Lumpur,3.1638749,101.6987858,0.0,0,013-302 1406,Super/Groceries,Super - Other / unclear,Unclear,0.0
ChIJ8XamUiRIzDERN8xPFtv_TPI,Hup Seng Heng Economy Market Sdn. Bhd.,"16, Jalan Haji Hussein, Kuala Lumpur, 50300, Kuala Lumpur",WP Kuala Lumpur,3.1637875,101.6989836,0.0,0,03-2698 0959,Super/Groceries,Super - Other / unclear,Unclear,0.0
ChIJgeAcgy5IzDER0GJKeZF7wS0,Syarikat Jackson,"16, Jalan Dang Wangi, Kuala Lumpur, 50100, Kuala Lumpur",WP Kuala Lumpur,3.156663,101.698259,0.0,0,03-2698 7249,Super/Groceries,Super - Other / unclear,Unclear,0.0
ChIJZ6rUqy5IzDER0-8diLoW7Do,GADGET SYNDICATE,"4, Jalan Raja Abdullah, Medan Tuanku",Kuala Lumpur,3.1564865,101.7008025,0.0,0,011-3113 3766,Super/Groceries,Super - Other / unclear,Unclear,0.0
ChIJx8EEoWpJzDERHmH38mzFT7g,Bergstone,Bandar Baru Sentul,Kuala Lumpur,3.1826309,101.698524,0.0,0,,Super/Groceries,Super - Other / unclear,Unclear,0.0
ChIJgfl2RwBJzDERCWSYSXSR5yQ,Kwsn kuala lumpur,"49, Jalan Masjid India, Wilayah Persekutuan",Kuala Lumpur,3.1529084,101.6974179,0.0,0,,Super/Groceries,Super - Other / unclear,Unclear,0.0
ChIJj7YcWvtJzDERyX1V9T7dqL4,Pembekal Ayam Segar Sentul Kuala Lumpur,"Bandar baru Sentul, Sentul",Kuala Lumpur,3.1893371,101.6958017,0.0,0,016-658 4610,Super/Groceries,Super - Other / unclear,Unclear,0.0
ChIJQXm5GQBJzDERpklfk_YVy8w,(potklang,Kuala Lumpur City Centre,Kuala Lumpur,3.1466456,101.6958266,0.0,0,,Super/Groceries,Super - Other / unclear,Unclear,0.0
ChIJV15el7c3zDERE98cSAzQc7U,Park plaza,"Near PARKROYAL 1 jalan Nagasari, off jalan Raja chulan, Jalan Nagasari",Kuala Lumpur,3.1495105,101.7090089,0.0,0,017-975 3476,Super/Groceries,Super - Other / unclear,Unclear,0.0
ChIJ640Ux6k3zDER67nv337jM9E,Super Ninety Nine,"Lot M06, Mezzanine Floor, 53, Jalan Memanda 9, Taman Dato Ahmad Razali",Ampang,3.1574142,101.7510709,0.0,0,03-9021 5199,Super/Groceries,Super - Other / unclear,Unclear,0.0
ChIJV7vf8Rw3zDERf8HvSwO6rss,Healthy Food House,"1541, Persiaran Putra Sulaiman, Taman Putra Sulaiman",Ampang,3.1507925,101.7507783,0.0,0,,Super/Groceries,Super - Other / unclear,Unclear,0.0
ChIJ5ZhASUw2zDERthfFoTQ1Krw,Super Ninety Nine Superstone Sdn. Bhd.,"No. 53-G, Jalan 3/76d, Desa Pandan",Kuala Lumpur,3.147146,101.7385491,0.0,0,03-9200 4199,Super/Groceries,Super - Other / unclear,Unclear,0.0
ChIJteooPJpHzDERFwODwKrw_0I,batu cave sembilan,"Jalan Manggis, Kampung Sungai Kertas",Batu Caves,3.2640474,101.6827649,0.0,0,,Super/Groceries,Super - Other / unclear,Unclear,0.0
ChIJScD14hb1zDER0XINT32Mgug,STAR FRESH - TMN BENDAHARA,"18, Jalan Bendahara 1, Taman Bendahara",Kuala Selangor,3.3225004,101.2659664,0.0,0,012-542 2115,Super/Groceries,Super - Other / unclear,Unclear,0.0
ChIJ2e6u8v3zzDERvd6N2TBwsW4,Keropok wholeseller,"162-142, Taman Pinggiran, Pasir Penambang",Kuala Selangor,3.353553,101.2512092,0.0,0,,Super/Groceries,Super - Other / unclear,Unclear,0.0
ChIJ16eQITNfzDERf_kxE3-YzII,Takogedik quntetscania,Jalan Pingitan,Batang Berjuntai,3.3304201,101.4188354,0.0,0,,Super/Groceries,Super - Other / unclear,Unclear,0.0
ChIJh8Gip8xCzDER0IJ-Dtsbr94,Biscuit & Snack Shop,"2, Jalan Pusat Bch 1/4, Pusat Bandar Country Homes",Rawang,3.3248577,101.5259356,0.0,0,,Super/Groceries,Super - Other / unclear,Unclear,0.0
ChIJbwaDLt1dzDERRnUdfNXN86Y,Sengkuang Calit Empire,"31, Jalan Velox 11, Taman Velox",Rawang,3.3148125,101.523629,0.0,0,017-361 5234,Super/Groceries,Super - Other / unclear,Unclear,0.0
ChIJJdDVq7NDzDERXJhly_3ulL4,99 Market Mini,"48, Jalan 1d, Taman Jati",Rawang,3.3079293,101.5844232,0.0,0,,Super/Groceries,Super - Other / unclear,Unclear,0.0
ChIJARvdjWxGzDERyMylLn6gPmQ,CMS Computer Sdn. Bhd.,"17, Jalan 54, Desa Jaya Kepong",Kuala Lumpur,3.21363,101.6319359,0.0,0,03-6277 7609,Super/Groceries,Super - Other / unclear,Unclear,0.0
ChIJqW2QuXRHzDERh_VtnqWcq38,Parking Pasar Jinjang Utara,"吉隆坡, Jinjang Utara",:,3.2108495,101.6578366,0.0,0,,Super/Groceries,Super - Other / unclear,Unclear,0.0
ChIJWU4tHENHzDEREBsEAwCcSIk,Sayur seikat Rm 2,"1561, Jalan Tebing Timor, Jinjang Utara",Kuala Lumpur,3.2193733,101.6622005,0.0,0,019-350 0679,Super/Groceries,Super - Other / unclear,Unclear,0.0
ChIJ_UUXahFHzDERmfupUuA3oeo,Veera,"114, Jalan Miri, Taman Beringin",Kuala Lumpur,3.2206944,101.6657413,0.0,0,,Super/Groceries,Super - Other / unclear,Unclear,0.0
ChIJv7nJFnxHzDER8E5zRGNs7K4,Trillion Supplies,"153, Jalan 14, Taman Perindustrian Ehsan Jaya",Kuala Lumpur,3.2110367,101.620318,0.0,0,011-3116 9815,Super/Groceries,Super - Other / unclear,Unclear,0.0
ChIJO664zutGzDERAmsvT8v-3qQ,Pasaraya Bagus,"17, Jalan Bukit Idaman 8/1, Taman Bukit Idaman",Batu Caves,3.247757,101.6432204,0.0,0,,Super/Groceries,Super - Other / unclear,Unclear,0.0
ChIJbbOyqoZHzDER7pXM3JZHKAM,Sindi Gombak Ria,"9, Jalan Gombak Ria, Taman Gombak Ria",Batu Caves,3.2254405,101.7016598,0.0,0,018-276 1091,Super/Groceries,Super - Other / unclear,Unclear,0.0
ChIJ34rM1h1HzDERfnvLq3kd2KM,Sijan Mini Shoper,"Jalan Batu Muda 2, Taman Batu Muda",Batu Caves,3.2266134,101.6852098,0.0,0,,Super/Groceries,Super - Other / unclear,Unclear,0.0
ChIJGTqijnc5zDERrNPJ_r9irjE,DURIAN POWER KRISMAN,"2-16, Jalan Jernai 2, Medan Idaman Business Centre",Kuala Lumpur,3.2140717,101.7125167,0.0,0,,Super/Groceries,Super - Other / unclear,Unclear,0.0
ChIJvVgogJs5zDERIkSJWYgSHBk,lydia lydiana,Unnamed Road,Taman Perwira Satu,3.2263925,101.7147943,0.0,0,011-1282 5410,Super/Groceries,Super - Other / unclear,Unclear,0.0
ChIJoy0bxZtHzDERH40csTWC7aA,F71 super chain,"99, Jalan Gombak, Setapak",Kuala Lumpur,3.2037678,101.7026915,0.0,0,011-3323 6530,Super/Groceries,Super - Other / unclear,Unclear,0.0
ChIJe1_iaP2LzDERKRFHcBkZElU,B7 RAJALINGAM RESOURCE,"2078-14 Batu7 jln Rawang kg asahan, Kampong kuntan",Batang Berjuntai,3.3576926,101.3235869,0.0,0,019-772 9481,Super/Groceries,Super - Other / unclear,Unclear,0.0
ChIJFdKxlmRhzDERozPBECF9Elo,Rumah Pam JPS P.Setia,Rumah Pam,Batang Berjuntai,3.3779301,101.4062322,0.0,0,,Super/Groceries,Super - Other / unclear,Unclear,0.0
ChIJwQvpj2tvzDERosI3w8wBitU,CAHAYA IZWANIZ (JALAN INAI),"BB3, 1, Jalan Inai 1, Bukit Beruntung",Rawang,3.4310353,101.5577821,0.0,0,019-832 8019,Super/Groceries,Super - Other / unclear,Unclear,0.0
ChIJpdUqKR1tzDER8PHud_5cYgU,minishopmarket,"486, jalan chuang 6c, Kampung Chuang",Rasa,3.494821,101.630632,0.0,0,011-7226 8665,Super/Groceries,Super - Other / unclear,Unclear,0.0
ChIJE5k-ZZRMzDEREI-WrfvV--E,Mydin Subang Jaya Hypermarket,Persiaran Subang Permai,Subang Jaya,3.0583317,101.5964305,4.3,13609,03-8073 6000,Super/Groceries,Super - National chain,Drop (direct-served),40.93
ChIJMx1HvYs2zDERYfNqQNB-FUU,Lotus's Ampang,"PT 8880, Jalan Pandan Prima, Dataran Pandan Indah",Kuala Lumpur,3.1439057,101.741801,4.1,12424,03-9285 9412,Super/Groceries,Super - National chain,Drop (direct-served),38.65
ChIJLUshPC1IzDERY3kyom5XkA4,Mydin Masjid India,"No: 95&97, Wisma Mydin, Jalan Masjid India, City Centre",Kuala Lumpur,3.1527759,101.6971838,4.2,6105,03-2693 7815,Super/Groceries,Super - National chain,Drop (direct-served),36.61
ChIJYRQsZR5GzDERab04l1oe3II,Lotus's Kepong,"3, Jalan 7A/62A, Bandar Menjalara",Kuala Lumpur,3.1926747,101.6327952,4.0,8633,012-251 3813,Super/Groceries,Super - National chain,Drop (direct-served),36.25
ChIJSfXqLwzKzTERiPOFTxqaRpQ,Lotus's IOI City Mall,"Lot AT-1, Lower Ground Floor IOI City Mall Ioi Resort City",Putrajaya,2.9702863,101.714268,4.2,5279,017-879 1475,Super/Groceries,Super - National chain,Drop (direct-served),36.0
ChIJ6x66ftFJzDERE3gc3NXY7H0,Mydin Sinar Kota,"58, Jalan Tun Perak, City Centre",Kuala Lumpur,3.1465617,101.6985049,4.2,5275,03-2072 7378,Super/Groceries,Super - National chain,Drop (direct-served),36.0
ChIJ3blQioU5zDERzDFugNE--NU,AEON BiG Wangsa Maju,"6 Section 5, Jalan 8/27a, Wangsa Maju",Kuala Lumpur,3.196448,101.7422024,4.4,3417,,Super/Groceries,Super - National chain,Drop (direct-served),35.8
ChIJb4nGYGXLzTERkPVrgDI_ask,Lotus's Kajang,"Lot PT 37820 & 11196, Mukim, Saujana Impian",Kajang,3.0044568,101.786188,4.0,7258,012-275 4051,Super/Groceries,Super - National chain,Drop (direct-served),35.56
ChIJidYO_3ZNzDERZrnMeMKpUd8,Lotus's Shah Alam,"3, Jalan Aerobik 13/43, Seksyen 13",Shah Alam,3.071783,101.5387217,4.0,7181,012-383 1860,Super/Groceries,Super - National chain,Drop (direct-served),35.52
ChIJK2GIro5JzDERVVBLFSfaPFI,ÆON Mid Valley Megamall,"The Boulevard Office Mid Valley City, Unit AT3, Lingkaran Syed Putra, Mid Valley City",Kuala Lumpur,3.1183981,101.6778945,4.2,4612,1-300-80-2366,Super/Groceries,Super - National chain,Drop (direct-served),35.43
ChIJR-uHtZlTzDERk4BgpLZq2sk,Lotus's Setia Alam,"2, Jalan Setia Prima U13, 3, Seksyen U13, Setia Alam",Shah Alam,3.1070577,101.44457,4.0,7017,03-3345 3200,Super/Groceries,Super - National chain,Drop (direct-served),35.42
ChIJ5QamfxpPzDER_U-aPhtEnqI,Giant Kota Damansara,"16, Jalan PJU 5/1, Kota Damansara",Petaling Jaya,3.1564819,101.5964965,4.1,5601,03-6142 2800,Super/Groceries,Super - National chain,Drop (direct-served),35.39
ChIJCyvfE1tMzDERAY-NDmSNO9s,ÆON BiG Subang Jaya,"Jalan Kemajuan Subang, Ss 16",Subang Jaya,3.0827804,101.5875708,4.0,6761,1-300-80-2366,Super/Groceries,Super - National chain,Drop (direct-served),35.28
ChIJY9mDLj1LzDERPLniRVm8zj8,Giant Bandar Kinrara,"Lot 449, Jalan BK 5a/1, Bandar Kinrara 5",Puchong,3.049426,101.646845,4.0,6634,03-8070 0222,Super/Groceries,Super - National chain,Drop (direct-served),35.2
ChIJpxyf2281zDERzFALol3WuLI,Lotus's Cheras,"2, Jalan Midah 2, Taman Midah",Cheras,3.0994431,101.7347189,3.9,8311,012-621 5120,Super/Groceries,Super - National chain,Drop (direct-served),35.2
ChIJH5xmLdE3zDERJbZLVw_y0Aw,Isetan,"201A-C, Jalan Ampang, Kuala Lumpur City Centre",Kuala Lumpur,3.1575813,101.7131746,4.4,2855,,Super/Groceries,Super - Premium chain,Drop (direct-served),35.01
ChIJOzXLK7XgzTERvzOV1IR_vWI,Mydin Mall Senawang,"No. 110, Jalan BPS 7, Taman Senawang Indah",Seremban,2.7009803,101.9798861,4.1,5046,06-675 8867,Super/Groceries,Super - National chain,Drop (direct-served),34.96
ChIJb1u_xELOzTER7O9uwBf6I7Q,Lotus's Semenyih,"jalan TPS, 1 1, 1, Taman Pelangi Semenyih",Semenyih,2.93055,101.8568372,4.0,5998,012-325 8443,Super/Groceries,Super - National chain,Drop (direct-served),34.8
ChIJYYvEUlhLzDERFi5xCc3HGoo,ÆON Supermarket,"Lot G40-W, Ground Floor, Ioi Mall, Batu 9, Jalan Puchong, Bandar Puchong Jaya",Puchong,3.0465506,101.6194823,4.2,3960,1-300-80-2366,Super/Groceries,Super - National chain,Drop (direct-served),34.79
ChIJTUEsjqs5zDER5Lb8-qMy_Wo,AEON Supermarket Wangsa Maju,"Jln R1 Seksyen 1, Wangsa Maju",Kuala Lumpur,3.2015062,101.7334973,4.3,3259,1-300-80-2366,Super/Groceries,Super - National chain,Drop (direct-served),34.78
ChIJn_QIW_u2zTERhh33PrF7L0Y,"Jaya Grocer, D'Pulze Cyberjaya","LG16, Lingkaran Cyber Point Timur, Cyber 12",Cyberjaya,2.9219445,101.6508275,4.3,3113,03-8322 3768,Super/Groceries,Super - Premium chain,Drop (direct-served),34.59
ChIJI3WWQeHJzTERHnhMe4wiwe0,ÆON BiG Putrajaya,"Lower Ground Floor & Ground Floor, Alamanda Putrajaya Shopping Centre, Jalan Alamanda, Presint 1",Putrajaya,2.9408437,101.7118184,4.2,3645,1-300-80-2366,Super/Groceries,Super - National chain,Drop (direct-served),34.45
ChIJQUSVzVdNzDERSaUyO0YaeAo,"ÆON BiG Seksyen 23, Shah Alam","10, Jalan Dividen 23/6, Seksyen 23",Shah Alam,3.0436136,101.5258193,4.1,4384,1-300-80-2366,Super/Groceries,Super - National chain,Drop (direct-served),34.38
ChIJ52Cg-aPGzTERGbY5igeD-YU,Giant Nilai,"PT 6367, Jalan BBN 1/3, Bandar Baru Nilai",Nilai,2.8124417,101.7915346,4.1,4221,06-799 6045,Super/Groceries,Super - National chain,Drop (direct-served),34.23
ChIJr6yIacU3zDERbmZ_dVXtPcY,Jaya Grocer The Intermark Mall,"348, Jalan Tun Razak",Kuala Lumpur,3.1615451,101.7199181,4.3,2756,1-300-88-5427,Super/Groceries,Super - Premium chain,Drop (direct-served),34.06
ChIJi4JMx4SszTERKHeDLYr-pus,Lotus's - Bandar Bukit Tinggi,"KS 6, 3, Jalan Batu Nilam 6, Bandar Bukit Tinggi 1",Klang,3.0059121,101.4408853,3.9,5426,03-3323 1100,Super/Groceries,Super - National chain,Drop (direct-served),33.54
ChIJv7eD94v0zDERVkvUrmaKrnk,Lotus's Kuala Selangor,"No. 2 Jalan Tiara, 1, Jalan Medan Niaga 2",Kuala Selangor,3.3195101,101.2706316,4.0,4300,012-325 8696,Super/Groceries,Super - National chain,Drop (direct-served),33.47
ChIJTefpjixPzDERVobFlpwFxjk,Lotus's Mutiara Damansara,"8, Jalan PJU 7/4, Mutiara Damansara",Petaling Jaya,3.1593906,101.6131896,4.0,4279,012-356 6109,Super/Groceries,Super - National chain,Drop (direct-served),33.45
ChIJzxGuP962zTERVhk1yffi7xA,Village Grocer Tamarind Square,"B-02-03, Tamarind Square, Persiaran Multimedia, Cyber 10",Cyberjaya,2.9196657,101.6363814,4.4,1960,03-2726 2466,Super/Groceries,Super - Premium chain,Drop (direct-served),33.36
ChIJA7KtNUFGzDEREAGSnOR83sc,Aeon Big Kepong Mall,"F2-21 No, Lot, 9, Jalan Metro Perdana, Taman Usahawan Kepong",Kuala Lumpur,3.2146973,101.6437584,3.9,5171,017-366 0360,Super/Groceries,Super - National chain,Drop (direct-served),33.35
ChIJNW4EJnlZzDERBMBBp2ItP34,Lotus's Puncak Alam,"1, Jalan Niaga Bestari 9, Puncak Bestari",Puncak Alam,3.2364578,101.4278817,4.0,4119,03-3392 0036,Super/Groceries,Super - National chain,Drop (direct-served),33.29
ChIJ8ejD1zQ4zDERC4UmWs631yA,Giant Ulu Klang • Ulu Kelang,Taman Permata,Kuala Lumpur,3.2073244,101.7517286,4.1,3247,03-4101 2217,Super/Groceries,Super - National chain,Drop (direct-served),33.15
ChIJZU-J3K9HzDERMGP57vLg9dU,Lotus's Selayang,"No. 1081, Jalan Ipoh, Mukim",Kuala Lumpur,3.2222071,101.6708931,3.9,4847,03-6257 4053,Super/Groceries,Super - National chain,Drop (direct-served),33.1
ChIJVa-XJ9w0zDERCeUG6xkV2To,ÆON BiG Hypermarket Tun Hussein Onn,"Bandar Tun Hussien Onn, Jln, Persiaran Suarasa 2, Tun Hussein Onn",Cheras,3.0487643,101.7585452,3.9,4697,,Super/Groceries,Super - National chain,Drop (direct-served),32.97
ChIJw7G-0vpSzDERfxEP-UeuoNU,Giant Shah Alam Seksyen 7,"Pusat Komersial, Ground Floor Komersial Blok ""A, 2, Jalan Plumbum T 7/T, Seksyen 7",Shah Alam,3.0658747,101.4888925,4.1,3025,03-5510 2675,Super/Groceries,Super - National chain,Drop (direct-served),32.86
ChIJQeg6iDU4zDER7tyAAhhF-80,Village Grocer Melawati Mall,"LG-01 & LG-29, Melawati Mall, Taman Melawati",Kuala Lumpur,3.2116221,101.7489574,4.4,1685,03-4162 2808,Super/Groceries,Super - Premium chain,Drop (direct-served),32.69
ChIJi6aMiqyzzTERE2uPsB9TIqg,Giant Putra Heights,"3, Persiaran Putra Perdana, Putra Heights",Subang Jaya,2.989671,101.5723345,4.0,3520,03-5192 7008,Super/Groceries,Super - National chain,Drop (direct-served),32.67
ChIJP_Jm3QBOzDERrmD5NKI2QjU,"Jaya Grocer, Plaza Jelutong","No 5c, R1, GL2, Persiaran Gerbang Utama, Bukit Jelutong",Shah Alam,3.115514,101.5289621,4.1,2821,03-7734 3242,Super/Groceries,Super - Premium chain,Drop (direct-served),32.58
ChIJp6r6H49JzDERvMM2VUdCqEw,Jaya Grocer The Gardens Mall,"LG-229, The Gardens Mall, Lingkaran Syed Putra, Mid Valley City",Kuala Lumpur,3.1185131,101.6763297,4.3,1940,03-2283 1117,Super/Groceries,Super - Premium chain,Drop (direct-served),32.56
ChIJGa_UJy_nzTERhAwduLefG1M,Lotus's Seremban Jaya,"12264, Jalan Seremban Jaya, Taman Seremban Jaya",Seremban,2.6843703,101.9709753,3.9,4153,06-679 2177,Super/Groceries,Super - National chain,Drop (direct-served),32.49
ChIJhZzyr0VTzDERljlZmJqPnjQ,巴生Mydin Klang,"15, Jalan Pos Baharu, Kawasan 15",Klang,3.0476758,101.4487111,4.1,2739,03-3344 5659,Super/Groceries,Super - National chain,Drop (direct-served),32.45
ChIJH0sD6a2yzTERbo4JmeOppPg,Mydin Mart Sri Muda,"4-20, Jalan Ria 25/62, Taman Sri Muda",Shah Alam,3.0300976,101.5353478,4.1,2722,03-5121 7970,Super/Groceries,Super - National chain,Drop (direct-served),32.43
ChIJ7U5q411IzDER0UPb5l2XdS8,Ben's Independent Grocer Publika,"Publika, UG, Lot 1A, 83-95, Jalan Dutamas 1",Kuala Lumpur,3.171105,101.6643855,4.3,1849,03-2858 5936,Super/Groceries,Super - Premium chain,Drop (direct-served),32.35
ChIJ9bX5sxlMzDER7VR75ruPkYc,Lotus's Paradigm,"Lot LG01, The Paradigm Mall, No. 1, Jalan SS 7/26a",Petaling Jaya,3.104939,101.596187,4.0,3036,03-7491 9223,Super/Groceries,Super - National chain,Drop (direct-served),32.07
ChIJv1f1QstTzDERSPJ3J9wh_5I,"Jaya Grocer, Ardence Labs",Bandar Bukit Raja,"Kuala Lumpur, Petaling Jaya, Shah Alam, Klang, Subang Jaya, Cheras, Ampang, Cyberjaya, Putrajaya, Kajang, 68100 Selayang, Damansara",3.0952768,101.4810291,4.3,1704,03-8605 3649,Super/Groceries,Super - Premium chain,Drop (direct-served),32.0
ChIJCY7cAIROzDER7ftnGiTWw_A,Lotus's Ara Damansara,"2, Jalan PJU 1a/3, Ara Damansara",Petaling Jaya,3.1184919,101.5762519,3.9,3658,012-211 3952,Super/Groceries,Super - National chain,Drop (direct-served),32.0
ChIJiRh3EoGyzTERRvnhYxCC80c,ÆON BiG Bukit Rimau,"2, Jalan Sungai Burung 32/68, Seksyen 32",Shah Alam,2.99953,101.5283741,3.9,3615,1-300-80-2366,Super/Groceries,Super - National chain,Drop (direct-served),31.95
ChIJGSUu3C-zzTERRudZTfhBLvw,"Jaya Grocer, Main Place Mall","GF31, Main Place Mall, Jalan USJ 21/10, Usj 21",Subang Jaya,3.0265929,101.5811551,4.3,1686,03-8011 7245,Super/Groceries,Super - Premium chain,Drop (direct-served),31.95
ChIJ78LzhVpMzDERey9UnSSVPRc,"Jaya Grocer, NU Empire","LG-01, Jalan SS 16/1, Ss 16",Subang Jaya,3.0818382,101.582224,4.3,1676,03-5022 2028,Super/Groceries,Super - Premium chain,Drop (direct-served),31.93
ChIJbTF6ika1zTERZ4oOQxk_dFg,Lotus's Bandar Puteri Bangi,"No. 2 Jalan Laman Puteri 2, Bangi",Kajang,2.8815785,101.7910917,4.1,2292,012-316 2748,Super/Groceries,Super - National chain,Drop (direct-served),31.72
ChIJC7_f5qg3zDER3eQLvUCCTsw,Village Grocer M City Ampang,"R-15-G, M, City Ampang, 326, Jalan Ampang",Kuala Lumpur,3.1592732,101.7465015,4.4,1318,03-4813 1156,Super/Groceries,Super - Premium chain,Drop (direct-served),31.61
ChIJYWIlDbZMzDERxw7XvTwQnUQ,Giant USJ,"Kompleks Membeli Belah Giant USJ 1 No.1, 1, Persiaran Subang Permai",Subang Jaya,3.0582554,101.5948647,3.9,3240,03-8023 2566,Super/Groceries,Super - National chain,Drop (direct-served),31.53
ChIJ3ddb_ixPzDER1XEPpao8BA0,Watsons Lotus’s Mutiara Damansara,"Lot F9, First Floor, Lotus's Mutiara Damansara, 6, Jalan PJU 7/4, Mutiara Damansara",Petaling Jaya,3.1592118,101.6129358,4.0,2601,03-7490 6098,Super/Groceries,Super - National chain,Drop (direct-served),31.46
ChIJURlF0ilMzDERWGf_DryMcUU,Village Grocer Citta Mall,"LG-01, Lower Ground Floor, Citta Mall, No, 1, Jalan PJU 1a/48, Ara Damansara",Petaling Jaya,3.112786,101.5785901,4.3,1494,03-7622 0288,Super/Groceries,Super - Premium chain,Drop (direct-served),31.43
ChIJ0T967yQ5zDERw-RcmBglimg,AEON BiG The Palette Danau Kota,"LOT G3, LOT PT 9834 JALAN LANGKAWI, TMN DANAU KOTA, MUKIM, Setapak",Kuala Lumpur,3.2051239,101.7162202,4.1,2078,1-300-80-2366,Super/Groceries,Super - National chain,Drop (direct-served),31.32
ChIJo8oAjIznzTERPHXJlOjDq2E,Lotus's Seremban 2,"No. 1, Jalan Haruan 2, Taman Bukit Kepayang",Seremban,2.7119966,101.9145585,3.8,3727,012-207 9712,Super/Groceries,Super - National chain,Drop (direct-served),31.25
ChIJ54PaxaNIzDERpL7rPpBaAjk,Village Grocer Plaza Arkadia,"Block A-B1-1 Plaza Arkadia Jalan Intisari Perdana, Desa Parkcity",Kuala Lumpur,3.1857384,101.6344688,4.3,1328,03-6411 1152,Super/Groceries,Super - Premium chain,Drop (direct-served),30.93
ChIJH66CEcg3zDERX_elZbXiQio,Hock Choon Supermarket (by Jaya Grocer),"241 1, Jalan Ampang, Taman U Thant",Kuala Lumpur,3.1600523,101.7285817,4.3,1247,03-2142 0592,Super/Groceries,Super - Premium chain,Drop (direct-served),30.66
ChIJNVOp6oRMzDERmVly4niLrBk,"Jaya Grocer, Sunway Geo Avenue","D-01-01, Blok D, Sunway Geo Avenue Jalan Lagoon Selatan, South Quay, Bandar Sunway",Subang Jaya,3.0652319,101.6089507,4.3,1245,03-5611 9735,Super/Groceries,Super - Premium chain,Drop (direct-served),30.65
ChIJx_jw2byyzTERQRHGBOmIR4k,Giant Kemuning Utama,"LT F07, 1ST FLR GIANT KEMUNING UTAMA 3 JALAN KEMUNING PRIMA E33/E KEMUNING UTAMA, Seksyen 33",Shah Alam,3.0184253,101.5372456,3.9,2576,03-7723 9393,Super/Groceries,Super - National chain,Drop (direct-served),30.63
ChIJ12bx2byyzTERnaK4_4YmpSY,Giant Kemuning Utama,"3 Jalan Kemuning Prima E33/E Kemuning Utama, Seksyen 33",Shah Alam,3.0183287,101.5369482,3.9,2576,03-5121 1792,Super/Groceries,Super - National chain,Drop (direct-served),30.63
ChIJUWyu_Zo3zDERuLmS8OHjxZs,Giant Setiawangsa,"Mukim Setapak 16794 & 16795, Jalan Setiawangsa 8, Setiawangsa",Kuala Lumpur,3.1783936,101.7437964,4.0,2058,03-4252 7394,Super/Groceries,Super - National chain,Drop (direct-served),30.52
ChIJfeRY0vNGzDERJOBzU2eRngw,Mydin Selayang,"No.10, 16, Jalan Su 12, Taman Selayang Utama",Batu Caves,3.2381556,101.6436195,3.9,2478,03-6136 7029,Super/Groceries,Super - National chain,Drop (direct-served),30.48
ChIJt5W9V8dOzDERaItIINSM0e0,"Jaya Grocer, Mutiara Tropicana","No 2G-6G, Jalan Mutiara Tropicana 3 Mutiara Tropicana, Pju 3 Tropicana",Petaling Jaya,3.129428,101.599341,4.3,1167,1-300-88-5427,Super/Groceries,Super - Premium chain,Drop (direct-served),30.37
ChIJKe4rXWxTzDER45Djio1B7GM,Village Grocer Central i-City,"Lot LG-01, Central i-City, I-City, Jalan Multimedia, Seksyen 7",Shah Alam,3.0624082,101.4817408,4.3,1047,03-5524 7727,Super/Groceries,Super - Premium chain,Drop (direct-served),29.9
ChIJoVUjycPnzTERFs8XZQ-ej2w,Mydin Mall Seremban 2,"31156, Persiaran S2 B7, Seremban 2",Seremban,2.6955783,101.9037389,4.2,1227,06-601 7786,Super/Groceries,Super - National chain,Drop (direct-served),29.88
ChIJfcRsaeBOzDERdTmwsbWs7_0,Village Grocer Sunway Giza Mall,"Block D G01 Sunway Giza, 2, Jalan PJU 5/14",Petaling Jaya,3.1504227,101.5919109,4.2,1189,03-6140 9888,Super/Groceries,Super - Premium chain,Drop (direct-served),29.74
ChIJJSrNGmtNzDER94RfPveKenU,Village Grocer Subang Parade,"LG 26 & 26B, Subang Parade, Jalan Kemajuan Subang",Subang Jaya,3.0814893,101.5851028,4.3,998,03-5611 8002,Super/Groceries,Super - Premium chain,Drop (direct-served),29.7
ChIJ58SqbABOzDERAz7Sv_SpoFk,Pasaraya Mydin Bukit Jelutong,"4, Jalan Pelapik C U8/C, Bukit Jelutong",Shah Alam,3.114841,101.5263108,4.0,1656,03-7847 2686,Super/Groceries,Super - National chain,Drop (direct-served),29.65
ChIJKTrA9OBLzDERX41-_SJKesU,"Jaya Grocer, Jaya 33","3, Jalan Professor Khoo Kay Kim, Seksyen 13",Petaling Jaya,3.1103925,101.6369417,4.2,1155,03-7956 1633,Super/Groceries,Super - Premium chain,Drop (direct-served),29.62
ChIJv2-3fzxIzDERxwAUBqZ-Y1I,Mercato Sunway Putra Mall,"LG-1, Lower Ground Floor, Sunway Putra Mall, 100 Putra Place",Kuala Lumpur,3.1662995,101.691751,4.2,1146,03-4040 0628,Super/Groceries,Super - Premium chain,Drop (direct-served),29.59
ChIJtdRadL45zDERMtEThXCTuHY,Lotus's Wangsa Walk Mall,"Unit No G-41, Ground Floor Wangsa Walk Mall, Wangsa Avenue, No 9, Jalan Wangsa Perdana 1, Bandar Wangsa Maju",Kuala Lumpur,3.1994364,101.7429448,4.1,1351,03-8213 0921,Super/Groceries,Super - National chain,Drop (direct-served),29.56
ChIJK0BkaoBJzDERLYaVT-Qqwvw,Village Grocer,"LG1.18, LG1.19, LG1.20, Pusat Beli Belah KL Gateway, 2, Jalan Kerinchi, Kampung Kerinchi",Kuala Lumpur,3.1137366,101.663026,4.3,959,,Super/Groceries,Super - Premium chain,Drop (direct-served),29.53
ChIJ-RoLJRLJzTERVC_iS4LXklM,"Jaya Grocer, Bangi Gateway","Shopping Complex, Bangi Gateway, Seksyen 15",Bandar Baru Bangi,2.9328002,101.7654663,4.2,1110,03-8920 8552,Super/Groceries,Super - Premium chain,Drop (direct-served),29.45
ChIJVbXAYGKrzTERtIbAJpUErGw,Giant Bukit Tinggi,"Lot 83191 & 83192, Persiaran Batu Nilam, Bandar Bukit Tinggi, Pandamaran",Klang,3.0095284,101.433242,4.1,1315,03-3323 5518,Super/Groceries,Super - National chain,Drop (direct-served),29.45
ChIJx1YKilBCzDERT7MxqGA5CeE,Mydin Rawang,"No.1-11, Lot 646, 651, Jalan Bandar Rawang 8, Pusat Bandar Rawang",Rawang,3.3193891,101.5787,4.0,1516,03-6093 7099,Super/Groceries,Super - National chain,Drop (direct-served),29.3
ChIJmwHddlNTzDEReJBikIMMWPE,Village Grocer Sunsuria Forum 7th Avenue,"Shop F-01, Ground Floor, Sunsuria Forum @ 7th Avenue.1 Jalan Setia Dagang AL U13/AL Setia Alam, Seksyen, U13 Shah Alam",Shah Alam,3.1053889,101.4674124,4.4,703,03-5031 2161,Super/Groceries,Super - Premium chain,Drop (direct-served),28.85
ChIJ_TxAHMk1zDER3XsdNYHTD1c,Village Grocer EkoCheras Mall,"M-LG-41, EkoCheras Mall No. 693, Batu, 5, Jalan Cheras",Kuala Lumpur,3.0934504,101.7389603,4.2,958,03-9134 0268,Super/Groceries,Super - Premium chain,Drop (direct-served),28.84
ChIJ_-DJ5o9KzDERtpLe0Db6Ggs,AEON BiG Sri Petaling,"Endah Parade, 1, Jalan 1/149e, Taman Sri Endah",Kuala Lumpur,3.0632851,101.6950878,3.8,1929,1-300-80-2366,Super/Groceries,Super - National chain,Drop (direct-served),28.75
ChIJL7oOSutMzDERp31QiXurLKI,Jaya Grocer Da Men,"LG-01, Easyhome Mall, Persiaran Kewajipan",Subang Jaya,3.0580052,101.5925509,4.2,928,03-8081 8947,Super/Groceries,Super - Premium chain,Drop (direct-served),28.7
ChIJeWbWKBfBzTERqIeG3bAyJNc,Mydin Kota Seriemas,Kota Seriemas,Nilai,2.773855,101.766169,3.9,1565,06-791 5130,Super/Groceries,Super - National chain,Drop (direct-served),28.69
ChIJEYTCBiVIzDERGzWqx4UNckQ,Mydin Chow Kit Emporium,"399, Jalan Tuanku Abdul Rahman, Chow Kit",Kuala Lumpur,3.1635007,101.6979655,4.1,1027,03-2691 5786,Super/Groceries,Super - National chain,Drop (direct-served),28.44
ChIJH6b0bZJFzDERMVsw187zdyc,"Jaya Grocer, Sierramas","Ground Floor, No 1G - 3G, Jalan Sierramas Utama, Sierramas",Sungai Buloh,3.2029568,101.5889148,4.2,864,012-696 0868,Super/Groceries,Super - Premium chain,Drop (direct-served),28.4
ChIJx8anOCzLzTERjLjU_n-vdaA,AEON MaxValu Prime Evo Bangi,"No. G09, Ground Floor Kompleks Evo, Jalan Pusat Bandar 2",Bandar Baru Bangi,2.9629053,101.7556937,4.3,722,1-300-80-2366,Super/Groceries,Super - National chain,Drop (direct-served),28.31
ChIJJ4E-8ylKzDERlXnR9SiJuEk,AEON MaxValu Prime Sphere Bangsar South,"Unit LG-1A, Level LG The Sphere, No. 1, Avenue 1, No. 8, Jalan Kerinchi, Bangsar South",Kuala Lumpur,3.1107125,101.6675485,4.1,958,1-300-80-2366,Super/Groceries,Super - National chain,Drop (direct-served),28.15
ChIJL-KcXXdKzDERO_hu9DCNHmM,Giant Supermarket • Desa Petaling,"Lot No. 1-02, Plaza Salak Park, 2, Jalan 1/125e, Taman Desa Petaling",Kuala Lumpur,3.0828657,101.7024709,3.9,1281,03-9056 5610,Super/Groceries,Super - National chain,Drop (direct-served),27.91
ChIJv_fBxFo3zDER6bh7cB6MXLk,ÆON Style Taman Maluri,"Jalan Jejaka, Maluri",Kuala Lumpur,3.1263876,101.7290876,4.3,658,1-300-80-2366,Super/Groceries,Super - National chain,Drop (direct-served),27.91
ChIJwdPTSRpMzDER3LPKZUntA1w,Giant Kelana Jaya - Dataran Glomac,"2-8, Jalan SS 6/3, Ss 6",Petaling Jaya,3.1053279,101.6000509,3.9,1248,03-7803 2345,Super/Groceries,Super - National chain,Drop (direct-served),27.81
ChIJccOnkDFJzDERsHpBXdUcfuc,Jaya Grocer Sunway 163 Mall,"LG01, 07, 8, Jalan Kiara, Mont Kiara",Kuala Lumpur,3.1666048,101.6517217,4.1,839,03-6419 6935,Super/Groceries,Super - Premium chain,Drop (direct-served),27.61
ChIJSxe7uak3zDERr2_H3Dbgwt0,Giant Ampang Point,"36 Ampang Point Shopping Centre, Jalan Memanda 3, Taman Dato Ahmad Razali",Ampang,3.1582332,101.7508495,4.0,966,03-4252 8719,Super/Groceries,Super - National chain,Drop (direct-served),27.5
ChIJr7BJooHLzTERDi_1Td3QWgE,Mydin Mart Kajang,"7-12, Jalan Jelok 6, Bandar Kajang",Kajang,2.9911036,101.7938702,3.9,1087,03-8734 8488,Super/Groceries,Super - National chain,Drop (direct-served),27.27
ChIJx2TsJjFPzDERSqO1UfY2rRg,"Jaya Grocer, Perdana Shopping Centre","PG08, Ground Floor, Perdana Shopping Centre, PARCEL L A 1 Lower Ground Level, Perdana Shopping Centre, Bandar Damansara Perdana, Jalan PJU 8/1, Damansara Perdana",Petaling Jaya,3.1676698,101.6060803,4.1,764,03-7726 3678,Super/Groceries,Super - Premium chain,Drop (direct-served),27.22
ChIJ75mDNuxIzDERSqRL7y6QH2I,"Jaya Grocer, Verve Mont Kiara","G07-G09, Level G, VERVE® Shops Mont’Kiara, Jalan Kiara 5",Kuala Lumpur,3.167843,101.646694,4.2,616,03-6211 9943,Super/Groceries,Super - Premium chain,Drop (direct-served),26.98
ChIJp6HSWUBJzDERp77lOlpAuGA,"Jaya Grocer, Steppes Mont’ Kiara","G-1-02, Steppes Mont Kiara, 04, Jalan Kiara 3, Mont Kiara",Kuala Lumpur,3.1721861,101.6496043,4.2,616,1-300-88-5427,Super/Groceries,Super - Premium chain,Drop (direct-served),26.98
ChIJE9Tgtn1JzDERUGFRzPOqJTU,ÆON BiG Jaya One,"The School, 100-P2. 00, Block J, No.72A, Jalan Profesor Diraja Ungku Aziz, Jaya One",Petaling Jaya,3.1170828,101.6351273,4.1,648,,Super/Groceries,Super - National chain,Drop (direct-served),26.55
ChIJU83GHTu1zTER0iHNyhOlfOw,Mydin Puncak Jalil,"No. 8, 10, 12, 14, 16, 18, Jalan PUJ 3/2 Taman Puncak Jalil, Bandar, Putra Permai",Seri Kembangan,3.0167219,101.6756286,3.9,884,1-300-30-8786,Super/Groceries,Super - National chain,Drop (direct-served),26.46
ChIJtfEc0CZMzDERCRH3iGFLbVM,Jaya Grocer • Evolve Concept Mall,"Lower Ground Floor, EV-LG-01, Evolve Concept Mall, Jalan PJU 1a/4a, Ara Damansara",Petaling Jaya,3.1095023,101.5858877,4.1,613,03-7610 2939,Super/Groceries,Super - Premium chain,Drop (direct-served),26.32
ChIJGdP0gFlCzDERXyHczY3Yw4o,Giant Rawang,"No. 1, Jalan Bintang, Pusat Bandar Rawang",Rawang,3.322884,101.5758411,3.9,825,03-7723 9393,Super/Groceries,Super - National chain,Drop (direct-served),26.19
ChIJUfzr5Rm1zTERXOgJcdD78LU,"Jaya Grocer, IOI Rio City","Rio, Lot 3, Ground Floor, IOI, Lebuh Puteri, Bandar Puteri Puchong",Puchong,3.02035,101.6236207,4.3,438,03-8603 6594,Super/Groceries,Super - Premium chain,Drop (direct-served),26.16
ChIJsTnHEZY3zDERsbuHAHkmQIU,Village Grocer Avenue K,"Avenue K, C-9 & C-10, Level Concourse, 156, Jalan Ampang",Kuala Lumpur,3.1595213,101.714035,4.1,575,03-2181 8399,Super/Groceries,Super - Premium chain,Drop (direct-served),26.06
ChIJ17EOUeHJzTERn7FdJ2sOt9Y,Cold Storage Alamanda Putrajaya,"Alamanda Shopping Centre, LG, Jalan Alamanda, Presint 1",Putrajaya,2.9379213,101.7115953,4.2,492,03-8881 1188,Super/Groceries,Super - Premium chain,Drop (direct-served),26.04
ChIJ64FNpiFJzDER9jdVkWffGFQ,ÆON MaxValu Prime Desa ParkCity,"Lot No. GF22, Ground Floor The Waterfront@Desa ParkCity, 5, Persiaran Residen, Desa Parkcity",Kuala Lumpur,3.187028,101.627417,4.1,503,1-300-80-2366,Super/Groceries,Super - National chain,Drop (direct-served),25.51
ChIJ5bKi_Yo2zDERA4cc_iWbCRE,Giant Pandan Kapital,"Lot L2/1, 2 & 59 Level 2 (Ground Floor Pusat Beli-belah Pandan Kapital Persiaran MPAJ, Off, Jalan Pandan Utama, Pandan Indah",Kuala Lumpur,3.1287675,101.7537614,3.9,639,03-4297 8151,Super/Groceries,Super - National chain,Drop (direct-served),25.2
ChIJRfhTvg44zDERZ0EvTFmZIYY,Mydin Danau Kota,"6, Lot G22, Platinum Lake Condominium PV12, Jalan Langkawi, 53300, Setapak",Kuala Lumpur,3.2067658,101.7177994,4.0,540,03-4022 0677,Super/Groceries,Super - National chain,Drop (direct-served),25.17
ChIJweWjVXzOzTERcj7-lK9xbig,Mydin Supermarket Semenyih,"1, Jalan Pasar Baru, Pekan Semenyih",Semenyih,2.9461857,101.8466628,3.9,627,03-8724 6937,Super/Groceries,Super - National chain,Drop (direct-served),25.13
ChIJNfaHH76_zTER9uX5iaxil-c,"Jaya Grocer, gatewayKLIA Terminal 2","Kuala Lumpur International Airport, L2-139, Gateway@klia2, Terminal klia2, KLIA2 Arrival Lane",Sepang,2.743721,101.6850007,4.3,322,03-8787 8252,Super/Groceries,Super - Premium chain,Drop (direct-served),24.84
ChIJqTFC50VTzDER4Tx_ZT9-O24,AEON Setia Alam Setia City Mall,"Lot 101 (LG, UG, L1, Setia City Mall, Bandar Seksyen U13, 7, Persiaran Setia Dagang, Setia Alam",Shah Alam,3.1105452,101.4579604,4.2,327,1-300-80-2366,Super/Groceries,Super - National chain,Drop (direct-served),24.33
ChIJDXKxHgCxzTERZKNSM6KfE1U,Lotus's Rimbayu,"2, Jalan Rimbayu 1, Bandar Rimbayu, 42500 Telok Panglima Garang, Bandar Rimbayu",Kuala Langat,2.9484465,101.5499246,4.1,258,012-905 3801,Super/Groceries,Super - National chain,Drop (direct-served),22.78
ChIJd6MrKoy1zTERW7YyMztr1O8,Village Grocer Sierra Fresco,"Lot 5-10, Sierra Fresco Jalan Sierra 10/1, Bandar 16 Sierra Puchong",Selangor,2.9744322,101.6553861,4.5,157,03-5022 0199,Super/Groceries,Super - Premium chain,Drop (direct-served),22.78
ChIJ2bpMN7BJzDERIIssx8gChqU,ÆON Supermarket United Point Mall Segambut,"Lot LG-03, Level LG, United Point, 10, Jalan Lang Emas, Segambut",Kuala Lumpur,3.1906571,101.6535105,3.9,293,03-2700 2558,Super/Groceries,Super - National chain,Drop (direct-served),22.17
ChIJy4nnqArFzTERxumN5XC2Rzg,Village Grocer Myra Park Marketplace,"Myra Park Marketplace, Lot A1, PT3271, Bandar Nilai Utama Nilai",Seremban,2.8349517,101.8054721,4.5,91,,Super/Groceries,Super - Premium chain,Drop (direct-served),20.35
ChIJzR57qeY1zDERVZVJfmHqVFQ,Village Grocer Cheras Leisure Mall,"LG-01, Jalan Manis 2, Taman Segar",Cheras,3.0898855,101.7419704,4.0,157,03-9134 8785,Super/Groceries,Super - Premium chain,Drop (direct-served),20.25
ChIJx92WqPBJzDEROW6tdkEy-Xc,ÆON BiG MidValley Megamall,"Unit AT3, Level LG, Lingkaran Syed Putra, Mid Valley City",Kuala Lumpur,3.1181666,101.677742,3.6,223,1-300-80-2366,Super/Groceries,Super - National chain,Drop (direct-served),19.48
ChIJcfxg03KtzTERNsDqQzASCr8,Mydin Mart Bukit Naga,"7;;9;;11;;13;;15;;17, Jalan B 34/B, Bukit Kemuning, Seksyen 34",Shah Alam,3.0040395,101.5021778,3.8,146,,Super/Groceries,Super - National chain,Drop (direct-served),18.96
ChIJz4miGwBDzDERDGXkO6mxMx4,Jaya Grocer Emerald Central Rawang,Kota Emerald,Rawang,3.3269112,101.5444435,4.3,66,,Super/Groceries,Super - Premium chain,Drop (direct-served),18.08
ChIJYZmP2iatzTERXlpvZNZND3s,Mydin Mart Desa Latania,"12-18, Jalan Nagasari E 36/E, Seksyen 36",Shah Alam,3.0217442,101.4827347,3.9,96,,Super/Groceries,Super - National chain,Drop (direct-served),17.84
ChIJ8atB6aJHzDER__ktZ7inNrY,Village Grocer Kiara Bay,"Lot G-23, The Beat Kiara Bay, Jalan Lingkaran Tengah 2, Kepong Metropolitan Lake-garden",Kuala Lumpur,3.2266334,101.6503646,3.8,101,03-4819 6988,Super/Groceries,Super - Premium chain,Drop (direct-served),17.57
ChIJvYl5-cBLzDER3PupFvFtFH0,Jaya Grocer The Tropika,"G10, Jalan Jalil Perkasa 3, Bukit Jalil",Kuala Lumpur,3.0532386,101.677813,3.5,146,1-300-88-5427,Super/Groceries,Super - Premium chain,Drop (direct-served),17.47
ChIJydcyDwCzzTER8_f4K9tlczA,Jaya Grocer The Glades Putra Heights,"3, Persiaran Putra Perdana, Putra Heights",Subang Jaya,3.0085951,101.5776476,3.9,80,1-300-88-5427,Super/Groceries,Super - Premium chain,Drop (direct-served),17.14
ChIJoSgU-FT8nGoRZ5fdl0ykSUE,Village Grocer (Megah Rise Mall),"B-1-1 & B1, 2, Jalan SS 24/9, Taman Megah",Petaling Jaya,3.1142368,101.6116369,3.6,93,03-6421 9976,Super/Groceries,Super - Premium chain,Drop (direct-served),16.36
ChIJF1dehFhJzDERVQI5HlVCD3k,Village Grocer Hextar World at Empire City,"LG 1-127 to 130, Lower Ground 1, Hextar World at Empire City, 8, Jalan Damansara, PJU 8",Petaling Jaya,3.1688515,101.6158882,4.7,28,,Super/Groceries,Super - Premium chain,Drop (direct-served),15.83
ChIJT_RNHtqzzTERntg_qm3utsI,Village Grocer Gamuda Walk Mall,"G-09 to G-17A, Gamuda Walk Mall, Persiaran Anggerik Vanilla, Kota Kemuning",Shah Alam,3.0005945,101.5335494,3.9,48,,Super/Groceries,Super - Premium chain,Drop (direct-served),15.18
ChIJBfU1EIxNzDERe3o6DgU5efU,Mercato Tropicana Metropark,"LG-A01, Lower Ground Floor, Southplace Shoppes, Tropicana Metropark, Jalan MP2, Tropicana Metropark",Subang Jaya,3.0708007,101.5638397,3.4,73,,Super/Groceries,Super - Premium chain,Drop (direct-served),14.63
ChIJHaFQR5CxzTERO8dZqejvcwg,"Jaya Grocer, Eco Sanctuary","8/3, Sanctuary Mall, Lot G-13A, Persiaran Eco Sanctuary",Eco Santuari,2.9442869,101.5427859,4.1,34,1-300-88-5427,Super/Groceries,Super - Premium chain,Drop (direct-served),14.58
ChIJw-YgEGKzzTERiDeblUl1Prs,Giant Mini Pusat Komersial Koi Puchong,"Pusat Komersial Koi, Jalan Puchong, Taman Perindustrian Pusat Bandar Puchong",Puchong,3.0092075,101.6150917,3.9,41,,Super/Groceries,Super - National chain,Drop (direct-served),14.58
ChIJhx-BmZ9JzDER6QqOPezSm-o,Village Grocer Hartamas Shopping Centre,"Lot G-26, Ground Floor, Hartamas Shopping Centre, 60, Jalan Sri Hartamas 1",Kuala Lumpur,3.1636293,101.6564172,3.5,53,03-6419 9649,Super/Groceries,Super - Premium chain,Drop (direct-served),13.96
ChIJ62Aw2n5NzDERTd44eZMgGOY,Village Grocer Sunway Square Mall,"Level LG 1, Unit No. LG1-05, Sunway Square Mall, Jalan Lagoon Selatan",Subang Jaya,3.065114,101.6052665,3.7,40,03-5650 5141,Super/Groceries,Super - Premium chain,Drop (direct-served),13.74
ChIJBVQUYQDPzTERxkLeOfHIq7k,Aeon Stule Supermarket Setia Ecohill,"Lot No L1-06 & 07, Level 1, Setia EcoHill Mall, Kelab 360, No 1, Persiaran Ecohill Barat",Setia Ecohill,2.9246942,101.8569403,3.7,39,,Super/Groceries,Super - National chain,Drop (direct-served),13.65
ChIJNzofLarPzTEREROOupRigO0,AEON STYLE Supermarket Setia EcoHill Mall,"Lot No L1-06 & 07 Level 1 Setia EcoHill Mall Dataran EcoHill, Jalan Ecohill 1/2, Setia EcoHill",Semenyih,2.9249548,101.8568562,3.7,39,1-300-80-2366,Super/Groceries,Super - National chain,Drop (direct-served),13.65
ChIJBe50HwBJzDERJYvP6ZNhg0c,Jaya Grocer Signature - KLGCC Mall,"GF-07, Level G, KLGCC Mall, 1, Jalan Bukit Kiara 1, Bukit Kiara",Kuala Lumpur,3.1386437,101.6488009,3.5,40,1-300-88-5427,Super/Groceries,Super - Premium chain,Drop (direct-served),13.0
ChIJ39fjDFtNzDER0fo7Plxaarw,Tesco Express Shah Alam,"No 51G, Jalan Nelayan 19/A, Seksyen 19",Shah Alam,3.0486644,101.5336531,4.0,24,1-300-13-1313,Super/Groceries,Super - National chain,Drop (direct-served),12.88
ChIJ04gz-XVJzDER_ypaHxE4AfA,emart24 Desa Sri Hartamas,"72-G, Jalan 27/70a, Desa Sri Hartamas",Kuala Lumpur,3.1636939,101.6506299,4.0,22,,Convenience,Drop - Korean conv chain,Drop (direct-served),12.54
ChIJ5_Lcim_LzTERjV3ZdaH4Rl0,Nagoya Textiles Lotus's Kajang,"Lot No. 20, First Floor, Tesco Hypermarket Saujana Impian, 43000, Kajang",Selangor Darul Ehsan,3.0043717,101.786307,3.5,33,03-8734 8850,Super/Groceries,Super - National chain,Drop (direct-served),12.34
ChIJuURTpK-3zTERX2zrynSD2gw,emart24 Tamarind Square,"B.01, 01, Tamarind Building Road",Cyberjaya,2.9207558,101.6372214,2.2,251,,Convenience,Drop - Korean conv chain,Drop (direct-served),12.16
ChIJdWahq6T1zDERo47w5X-VCRM,emart24 Kuala Selangor,"1, Jalan Bendahara 1/2, Taman Bendahara",Kuala Selangor,3.3203674,101.2686811,3.4,34,,Convenience,Drop - Korean conv chain,Drop (direct-served),12.09
ChIJz4l5ZADJzTERsUKbVuOoxGo,"emart24 Bandar Seri Putra, Bangi","1, Jalan Seri Putra 1/6, Bandar Seri Putra",Kajang,2.8864171,101.7901554,3.0,50,,Convenience,Drop - Korean conv chain,Drop (direct-served),11.8
ChIJ_5C_SMq_zTERR-M2U7f2jOg,emart24 KLIA Terminal 2,"Kuala Lumpur International Airport, KLIA2 Arrival Lane",Sepang,2.7444058,101.6860248,3.5,28,,Convenience,Drop - Korean conv chain,Drop (direct-served),11.79
ChIJNyVSvTc3zDER6SAF67vl0EQ,emart24 Ampang Point,"No. 86G, Ampang Point, Lorong Memanda 1, Taman Dato Ahmad Razali",Ampang,3.1589659,101.7508298,2.5,106,,Convenience,Drop - Korean conv chain,Drop (direct-served),11.68
ChIJAfV7gFazzTERmN9x8WyrkY0,emart24 Kota Kemuning,"GROUND FLOOR, 21-1, Jalan Anggerik Vanilla BE 31/BE, Kota Kemuning",Shah Alam,3.0042762,101.537016,2.7,74,,Convenience,Drop - Korean conv chain,Drop (direct-served),11.66
ChIJk3pc501NzDERpZvMByELTlQ,Jaya Grocer Plaza Shah Alam,"Unit G1, E9/E, 2, Jalan Tengku Ampuan Zabedah A 9/A, Seksyen 9",Shah Alam,3.0849317,101.523534,3.8,19,1-300-88-5427,Super/Groceries,Super - Premium chain,Drop (direct-served),11.38
ChIJF-_V9bc3zDERvBgtiDG9Y28,Hi BOB Lotus's Ampang,"Lotus's Ampang Dataran Pandan Prima, Pandan Indah",Ampang,3.1429881,101.7420006,3.5,24,017-899 3059,Super/Groceries,Super - National chain,Drop (direct-served),11.27
ChIJt3pnJAA3zDERWRQ17A6zDco,Lotus's Datum Jelatek Shopping Centre,"LG.01, Lower Ground Floor, Datum Jelatek Shopping Centre, Jalan Enggang",Kuala Lumpur,3.1678284,101.7362324,2.9,38,1-300-13-1313,Super/Groceries,Super - National chain,Drop (direct-served),10.62
ChIJk1AYKptZzDER7TVNvQ3T830,"emart24 Astana Alam, Puncak Alam","11-G, Pusat Niaga Astana Alam 3 Blok Baiduri Jalan Astana E 13/E, Puncak Alam 42300",Puncak Alam,3.2458048,101.4270221,2.3,100,,Convenience,Drop - Korean conv chain,Drop (direct-served),10.61
ChIJ681wYQBpzDERiqTVwQg9JuM,Mydin Mart Sentosa Square,"1, Jalan Seroja 1B, 4, Seksyen BS6, Bandar Bukit Sentosa",Rawang,3.4172037,101.5780177,4.0,13,,Super/Groceries,Super - National chain,Drop (direct-served),10.56
ChIJGX3ldnitzTERxRRATLbjM14,emart24 KSL Avenue,"No. 3 & 5, Ground Floor KSL Avenue Bandar Diraja Selangor, Jalan Bestari 9/KS09, Bandar Bestari",Klang,2.959923,101.466256,2.7,43,,Convenience,Drop - Korean conv chain,Drop (direct-served),10.22
ChIJByx2rG5RzDERz1xIQMYnsnM,emart24 Temu Elmina East,"No. 67 (Ground Floor Jalan Eserina Y U16/Y Elmina East, 40160 Shah Alam Shah Alam",Selangor,3.1851739,101.526163,3.0,27,,Convenience,Drop - Korean conv chain,Drop (direct-served),10.0
ChIJb1AVu2pTzDERIuaAhveaLdw,emart24 Seksyen 7 Shah Alam,"No. 31, Ground Floor, Jalan Plumbum R7/7, Seksyen 7",Shah Alam,3.0678825,101.4889966,2.0,141,,Convenience,Drop - Korean conv chain,Drop (direct-served),9.91
ChIJH6TgFgC7zTERoZrj9bvLUmI,Mydin Mart Olak Lempit,Banting,"Kuala Lumpur, Petaling Jaya, Shah Alam, Klang, Subang Jaya, Cheras, Ampang, Cyberjaya, Putrajaya, Kajang, 68100 Selayang, Damansara",2.8336654,101.6034693,3.8,12,,Super/Groceries,Super - National chain,Drop (direct-served),9.75
ChIJqcynVThHzDERgXVcTdiZVtQ,Giant Sri Gombak,"Gombak, Lot 185 Bandar Selayang, Jalan SG3/9, Daerah Gombak",Batu Caves,3.2424759,101.7040273,3.3,18,03-7723 9393,Super/Groceries,Super - National chain,Drop (direct-served),9.72
ChIJI8AR0we5zTERmS9nAYs9jtg,emart24 Kota Warisan,"No. G-49, Jalan Warisan Sentral 1 Kota Warisan, Bandar, Baru Salak Tinggi",Sepang,2.8203598,101.6941621,2.2,82,,Convenience,Drop - Korean conv chain,Drop (direct-served),9.72
ChIJX0mMGmU5zDERjXlpvSQwykc,emart24 KL East Mall,"Lot G3-09, Ground Floor 3, KL East Mall 823, Jalan Lingkaran Tengah 2 KL Timur, Kuala Lumpur Timur",Kuala Lumpur,3.223985,101.7312733,2.6,41,,Convenience,Drop - Korean conv chain,Drop (direct-served),9.72
ChIJneS2Dvc3zDEREJg582EAGwk,CU Mart Ampang Point,"28 (GF, Jalan Memanda 7, Taman Dato Ahmad Razali",Ampang,3.1588457,101.7501237,2.1,95,,Convenience,Drop - Korean conv chain,Drop (direct-served),9.59
ChIJ_b5II4tTzDERBcs3qPWbfJ0,emart24 Vista Alam,"B12-LG, Vista Alam Serviced Apartment, 14/1, Jalan Ikhtisas, Seksyen 14",Shah Alam,3.0711511,101.5245417,2.4,48,,Convenience,Drop - Korean conv chain,Drop (direct-served),9.34
ChIJQ7KgvztPzDERJ-A5UZeoJ20,Cuckoo Giant Kota Damansara,"Giant Kompleks, PJU 5, 16, Jalan PJU 5/1, Kota Damansara",Petaling Jaya,3.1561453,101.596223,5.0,5,011-2636 9774,Super/Groceries,Super - National chain,Drop (direct-served),8.96
ChIJ-YUYwdpTzDERiF77qZVKck8,Giant Suria Jaya,"Lot G11 Ground Floor, Suria Jaya, Jalan Padang Jawa, Seksyen 16, Kampung Padang Jawa",Shah Alam,3.05455,101.4911846,4.3,7,03-7723 9393,Super/Groceries,Super - National chain,Drop (direct-served),8.94
ChIJO2nn0xLHzTER_XpAGoBVq90,emart24 USIM,"LOT 6, 7, 8, 9, 10, Souq Tijari, Universiti Sains Islam Malaysia, Bandar Baru Nilai",Nilai,2.8409112,101.7783795,3.1,14,,Convenience,Drop - Korean conv chain,Drop (direct-served),8.39
ChIJyQiMYwDNzTERMDAufkXNWII,CU Mart Kajang,"15, Jalan Mutiara 1, Mutiara Heights",Kajang,3.0113245,101.8127871,2.5,25,,Convenience,Drop - Korean conv chain,Drop (direct-served),8.15
ChIJ3wtLAQBLzDERFb9lJNb_Oy4,CU Mart PJ Seksyen 14,"5, Jalan 14/20, Seksyen 14",Petaling Jaya,3.109451,101.6366499,3.1,11,,Convenience,Drop - Korean conv chain,Drop (direct-served),7.7
ChIJg1FhHACtzTERCc6G7Xup7EM,Lotus's KSL Esplanade Mall,"1, Persiaran Bestari 2, ks09, Bandar Bestari",Klang,2.9578871,101.4664415,3.0,12,,Super/Groceries,Super - National chain,Drop (direct-served),7.69
ChIJoQLJg0_JzTERSzvoWm472Xw,"emart24 Southville City, Dengkil","A-G-38, Savanna Lifestyle Retail, Jalan BBLS 2, Bandar Baru Lembah Selatan",Dengkil,2.9030076,101.7635728,1.9,53,,Convenience,Drop - Korean conv chain,Drop (direct-served),7.58
ChIJDetGHgCzzTERYGLoSSAi6pI,CU Mart Kota Kemuning,"Lot 2-33-2, No 14, Persiaran Anggerik Vanilla, Kota Kemuning",Shah Alam,3.000187,101.53267,4.0,5,,Convenience,Drop - Korean conv chain,Drop (direct-served),7.17
ChIJvQuSvkKxzTERYCdpnERS304,CU Mart Tropicana Aman,"1-1, jalan aman sinaria 2, bandar tropicana aman",Telok Panglima Garang,2.9449762,101.5273415,1.8,45,,Convenience,Drop - Korean conv chain,Drop (direct-served),6.89
ChIJwan25mXLzTERGZhBDw8yGmw,emart24 UPM Serdang,"Lot 2 PPK, Tingkat Bawah, Pusat Perniagaan Koperasi, Universiti Putra Malaysia Berhad",Seri Kembangan,2.9990276,101.7073489,2.0,29,,Convenience,Drop - Korean conv chain,Drop (direct-served),6.8
ChIJoXLWU9OdJgERXaWOHpZLeTk,Jaya Grocer Seri Kembangan (DarkStore),"2, Jalan Equine 1H, Taman Equine",Seri Kembangan,2.9981244,101.6769013,4.7,3,1-300-88-5427,Super/Groceries,Super - Premium chain,Drop (direct-served),6.52
ChIJU6wvZSlTzDERVIMPXUg238c,"emart24 Kiosk I-City, Shah Alam","B-UG-15, Level UG, Jalan Multimedia Seksyen 7, I-city",Shah Alam,3.0653337,101.4806696,3.1,7,,Convenience,Drop - Korean conv chain,Drop (direct-served),6.45
ChIJr199RgDJzTERvkOY37bxJUs,CU Mart5158,"P15, ST, Nadi, 19, 15, Jalan Diplomatik, Presint 15",Putrajaya,2.9449406,101.7214416,1.7,38,,Convenience,Drop - Korean conv chain,Drop (direct-served),6.23
ChIJ_1YMaQBNzDER0toTQIr8mAw,Mydin Mart Subang Angsana,"Blok A-01-03, Pangsapuri Angsana, Persiaran Subang Mewah, USJ1",Subang Jaya,3.0445428,101.6028818,5.0,2,,Super/Groceries,Super - National chain,Drop (direct-served),5.49
ChIJo7e_yBxPzDER1Ng0e0TXxGA,CU Mart Subang Bestari,"19, Jalan Nova U5/N, Subang Bestari",Shah Alam,3.1782279,101.5479639,1.7,21,,Convenience,Drop - Korean conv chain,Drop (direct-served),5.25
ChIJp3o9Ej5RzDERVbw0GuG0FCM,CU Mart,"No. 54 Ground Floor, Jalan Setia Gemilang BM U13/BM, Setia Alam",Shah Alam,3.1276192,101.4685062,1.4,29,,Convenience,Drop - Korean conv chain,Drop (direct-served),4.76
ChIJ9RASDQBTzDEReobyK7_5oYQ,AEON2GO Delivery(Grocery),"40000, Persiaran Setia Alam, Setia Alam",Shah Alam,3.1102616,101.4574317,5.0,1,,Super/Groceries,Super - National chain,Drop (direct-served),3.47
ChIJT71fdwDhzTER1qItB-Al96o,CU mart,"87, Jalan TJ 2/4, Industri Tunku Jaafar 2",Seremban,2.6762642,102.0098621,5.0,1,,Convenience,Drop - Korean conv chain,Drop (direct-served),3.47
ChIJXzckPFBRzDER2tYfYH9ux-Q,CU Mart,"Lebuhraya Koridor Guthrie, Bukit Jelutong",Shah Alam,3.172477,101.5195057,1.8,4,,Convenience,Drop - Korean conv chain,Drop (direct-served),2.9
ChIJkWDEGgCtzTERoNZ6K9LBBJM,CU Mart,"37, Jalan Mohd Tahir, Taman Saujana",Klang,3.0127512,101.4626323,1.5,4,,Convenience,Drop - Korean conv chain,Drop (direct-served),2.41
ChIJYzz8GwCtzTERd3Z-zBl0Gpk,"CU Mart Taman Saujana, Klang","1434, Jalan Sungai Jati, Taman Sentosa",Klang,3.0142523,101.458001,1.5,4,,Convenience,Drop - Korean conv chain,Drop (direct-served),2.41
ChIJcyomPQDhzTERAO8PpWxERKI,Loading Bay Mydin Senawang Hypermarket,"110, Jalan BPS 7, Taman Senawang Indah",Seremban,2.7009813,101.9798827,0.0,0,,Super/Groceries,Super - National chain,Drop (direct-served),0.0
ChIJafBk-97JzTERsldncXr2-_I,Habibi Dubai Food (Lotus's Bangi),Lotus Bandar Puteri Bangi Bangi,Kajang,2.881508,101.7903952,0.0,0,011-6169 8426,Super/Groceries,Super - National chain,Drop (direct-served),0.0
ChIJF3sKg-hTzDERev51ohBW-2Y,Cold Storage Klang Parade,"No. 2112, Klang Parade Mall, Lot G-27, 28, 29 & 30, Ground Floor, KM2, Jalan Meru, Kawasan 17",Klang,3.0638283,101.4536912,0.0,0,03-7723 9393,Super/Groceries,Super - Premium chain,Drop (direct-served),0.0
ChIJTSfrIABNzDERDWtFRQeIKKE,AEON HALL 4 FLOOR,"3GGX+CF, D'kayangan",Shah Alam,3.0766972,101.5483879,0.0,0,,Super/Groceries,Super - National chain,Drop (direct-served),0.0
ChIJYyQlDknLzTERbkN8XOTcDNE,Movon Lotus Kajang,"Persiaran Saujana Impian, Saujana Impian",Kajang,3.0041979,101.7856451,0.0,0,014-354 4375,Super/Groceries,Super - National chain,Drop (direct-served),0.0
ChIJg7L-KQBNzDERYfCGkK-I1fg,Mister Coffee Mercato Metropark Subang,"LG-A01, Tropicana Metropark, Jalan MP2",Subang Jaya,3.0705193,101.5636484,0.0,0,,Super/Groceries,Super - Premium chain,Drop (direct-served),0.0
ChIJJRzQR6JJzDERojZRNh2OVCE,Cold Storage 1 Mont Kiara,"Lot LG-01, Lower Ground Floor, 1 Mont' Kiara, 1, Jalan Kiara, Mont Kiara",Kuala Lumpur,3.1657006,101.6530803,0.0,0,03-7723 9393,Super/Groceries,Super - Premium chain,Drop (direct-served),0.0
ChIJF407MAI1zDER6S2LU7lWcBo,HOT & ROLL LOTUS'S CHERAS,"PROMO P1, LOTUS'S EXTRA CHERAS, 2, Jalan Midah 2, Taman Midah",Kuala Lumpur,3.0995414,101.7347657,0.0,0,03-5888 9189,Super/Groceries,Super - National chain,Drop (direct-served),0.0
ChIJPXwC4zY3zDERkQaopEu9CUw,Mister Coffee (Cold Storage Suria KLCC Mall),"Concourse Level, A2, Menara Berkembar Petronas, Jalan Ampang, Kuala Lumpur City Centre",Kuala Lumpur,3.1577405,101.712167,0.0,0,012-662 2907,Super/Groceries,Super - Premium chain,Drop (direct-served),0.0
ChIJvzAwOADHzTERnNoHFzmmRzI,AL-NAKHEEL ARABIC RESTAURANT & RETAIL,"L1-9A, JALAN BANDAR BELIA 1/4, BANDAR WAWASAN PUTRA NILAI, Putra Point",Nilai,2.821273,101.7947727,4.8,33,011-1116 9670,Super/Groceries,Drop - Restaurant,Drop (not retail),16.93
ChIJy9ulBFPFzTERrkNofF1iQ5o,Myint Myat - Myanmar Mart & Restaurant,"5801 and 5802, Jalan TS 2/7f, Taman Semarak",Nilai,2.8223684,101.8170559,4.1,7,017-280 6497,Convenience,Drop - Restaurant,Drop (not retail),8.53
ChIJg0phsblRzDERbt-SimtDVZw,A&Y Pembekal Makanan Sejuk Beku,"Lot S320, Lorong 4, Kampung Sri Puchong",Puchong,3.0178743,101.5988781,4.5,2,016-642 5233,Super/Groceries,Drop - Restaurant,Drop (not retail),4.94
ChIJKcnm7Q23zTERnpT96Gx6ddY,Desa Mart & Cafe,"LOT G-12, GROUND FLOOR, THIRD AVENUE, SIGNATURE RETAIL, Jalan Teknokrat 3, Cyber 4",Cyberjaya,2.9287671,101.6541702,5.0,1,011-6227 6020,Convenience,Drop - Restaurant,Drop (not retail),3.47
ChIJAZ8dTCRJzDERZ3lNbCLHORs,STOP & SHOP (MART & CAFE) - KL RIVERIA SENTRAL,"LG-9, RIVERIA SENTRAL, 3, Jalan Tun Sambanthan 6, Brickfields",Kuala Lumpur,3.1300433,101.6893176,5.0,1,012-699 3802,Convenience,Drop - Restaurant,Drop (not retail),3.47
ChIJFyNZekjRzTERa1-MybtHhrc,Friendly Mart&Cafe,"Jalan Tasik Senangin 15, 2, Pusat Perniagaan Seksyen 15, Bandar Tasik Senangin",Lenggeng,2.8811557,101.9155767,4.0,1,03-8724 3696,Convenience,Drop - Restaurant,Drop (not retail),2.77
ChIJoadCJhs1zDERvgdxFM-6aEE,Pembekal Restaurant dan Runcit Murah,"Jalan Damai Raya 1, Damai Niaga",Kuala Lumpur,3.0629946,101.7436175,1.0,1,,Super/Groceries,Drop - Restaurant,Drop (not retail),0.69
ChIJH40xYo9azDERA-MPwE6rZ9w,Kongsimakan saujana utama (BCSU1),"no 31G, Jalan Bidara 8, Saujana Utama 3",Sungai Buloh,3.2032345,101.4869002,0.0,0,018-219 1728,Super/Groceries,Drop - Restaurant,Drop (not retail),0.0
ChIJsarYRAAVzDERyvuis3hzuC0,Hilltop Mart Rw Hotel,Highlands Hotel,Genting Highlands,3.4240849,101.7907212,0.0,0,,Convenience,Drop - Hotel,Drop (not retail),0.0
