store_id,store_name,address,city,lat,lng,rating,review_count,phone,tier_class,reckitt_tier,reckitt_score
ChIJs8MH0PVLzDERMV0rPw2JO8M,Caltex Sungai Besi,Lebuhraya Kuala Lumpur - Seremban,Kuala Lumpur,3.0499558,101.7057032,5.0,1664,03-8953 9800,Fuel only,Drop,37.09
ChIJ6VZ3eolIzDERhVc3MY2BxFw,Shell,"417 E1, Km 28.7, Berhampiran Tol Jalan Duta, Jalan Tuanku Abdul Rahman",Kuala Lumpur,3.1635497,101.6984233,4.0,1693,03-6203 6443,Fuel only,Drop,29.74
ChIJzUYQc_22zTERyqEJjYIv1Js,Shell - Cyberjaya,Lingkaran Cyber Point Timur Mukim Dengkil,Cyberjaya,2.917399,101.652279,4.1,893,03-8325 1999,Fuel only,Drop,27.86
ChIJe2s2tpi0zTERGyDPxnui5gs,Petronas Bandar Puteri Puchong,"Lot 5471 & 5473, Lebuh Puteri, Bandar Puteri",Puchong,3.0134371,101.6218624,4.0,580,012-289 0903,Fuel only,Drop,25.46
ChIJQ76aN5xbzDERCl-UqX_11Ls,Shell,Jalan Persiaran Puncak Alam 6,Puncak Alam,3.233653,101.45034,4.1,401,03-5871 0070,Fuel only,Drop,24.59
ChIJE98RVJ5KzDERYAlw4oqx6xI,Shell,"Jalan Teknologi 8, North South Expressway 8",Kuala Lumpur,3.05563,101.704374,4.1,390,017-264 7899,Fuel only,Drop,24.47
ChIJH3rhsvFIzDERdT0BMjJyVf8,Shell,"22, Jalan Sri Hartamas 22, Off, Jalan Bukit Kiara",Kuala Lumpur,3.164073,101.651742,4.0,444,03-6201 5970,Fuel only,Drop,24.39
ChIJzwiRNwRLzDERYyOwZf7WwwM,Shell,"R&r Kinrara L/raya, Lebuhraya Shah Alam Jalan Puchong, Kaw, Shah Alam Expressway",Kuala Lumpur,3.067105,101.653541,4.1,371,03-7783 6330,Fuel only,Drop,24.27
ChIJk6AHv1Y0zDER_sOIfcO9TXo,Shell - Cheras Kajang Highway,"Lot 30672, Lebuhraya Cheras - Kajang",Kajang,3.07584,101.75924,4.0,384,03-9076 8026,Fuel only,Drop,23.81
ChIJg9AMQYCyzTERTmQLc9UJOyI,Shell,"Persiaran Sungai Selangor, Persiaran Sungai Congkak 32/41, Sg Selangor",Shah Alam,2.997302,101.526528,4.0,372,03-5122 6401,Fuel only,Drop,23.69
ChIJGeszvFZRzDERzJ3y5YzsVnU,Shell,"32404, Lot 32460, Jalan Meru",Klang,3.118898,101.44073,4.1,319,03-3393 3293,Fuel only,Drop,23.65
ChIJn6u28TZGzDERs3VPs5fiB4w,Bhpetromart,"1, Jalan Kepong",Kuala Lumpur,3.208119999999999,101.6536,3.8,492,03-6250 6862,Fuel only,Drop,23.56
ChIJrR-wC_BSzDERvCR1NLz2Jco,Shell,"Lebuhraya Persekutuan, Seksyen 1",Shah Alam,3.063155000000001,101.502107,4.1,279,019-215 5585,Fuel only,Drop,23.1
ChIJ7anA9QA1zDER5W97dizahUc,Shell,"Batu 7, Lebuhraya Cheras - Kajang, Taman Bukit Cheras",Kuala Lumpur,3.070765,101.749522,4.0,310,011-2121 7257,Fuel only,Drop,22.96
ChIJfZE3ieNRzDERgTBnSdR61_Y,Shell,"Persiaran Mokhtar Dahari Jalan Ungu B U9/B, Jalan Ungu B U9/27, Mukim, Bandar Bukit Raja",Shah Alam,3.127281,101.519458,4.2,235,03-7831 5433,Fuel only,Drop,22.95
ChIJ0eN578RMzDERS3zZSmvOIZE,7-Eleven Malaysia,"50, Jalan USJ 10/1e",Subang Jaya,3.0477183,101.5835859,4.6,143,03-2114 2209,7-Eleven,Drop,22.86
ChIJi2LlzmixzTERTaKoSoGzQn4,Petronas Bandar Saujana Putra,"Lot 26103, Jalan SP 4/31, Bandar Saujana Putra",Sungai Jarum,2.9446888,101.5877941,3.8,395,03-5162 1667,Fuel only,Drop,22.73
ChIJeSwTVklRzDERHV56Jg8oA3Y,BHPetrol Jalan Meru 2,"Lot 51000, Batu 6, Jalan Meru, Pekan Meru",Klang,3.1301194,101.4396894,4.1,252,03-3392 7932,Fuel only,Drop,22.69
ChIJXT1fgq9HzDERQsqFmzv-ZMk,Shell,"Jalan Sri Batu Caves 2, Lot 10240 13 Km, Jalan Sri",Batu Caves,3.235019,101.689396,3.7,449,03-6178 1934,Fuel only,Drop,22.6
ChIJJY_xycZTzDERMLs6Ypa62_o,Shell Setia Alam,"Persiaran Setia Prima, Lot Pt 12157, Bandar, Setia Alam",Shah Alam,3.098396,101.462544,3.8,332,03-3345 3811,Fuel only,Drop,22.07
ChIJ1fvQOZzGzTERPsL1ILJLwsY,Shell,Persiaran Pusat Bandar 6339 Hsd 78213a,Nilai,2.822834,101.794465,4.1,214,06-799 7754,Fuel only,Drop,22.02
ChIJTfgqRdTLzTERJkcIPQl-x50,Shell,Persiaran Kemajuan,Bandar Baru Bangi,2.957635,101.755989,4.1,211,03-8926 2230,Fuel only,Drop,21.96
ChIJRdZ_lW_JzTERXGu7iZ3Sd44,Shell,"Jalan 6c-8 6c-8 Jalan 6c/2, Lot 2, Jln 6 C/1, Bdr",Bandar Baru Bangi,2.943298,101.76536,4.0,236,03-8926 3112,Fuel only,Drop,21.87
ChIJZV6uglDJzTER-zbYF8ApQpU,Shell,"MUKIM, Bandar Kajang",Kajang,2.947367,101.787062,4.1,180,019-390 9141,Fuel only,Drop,21.31
ChIJx_sCCBpPzDER6HMrz6x5XjE,SHELL NTI DO Kota Damansara,Jalan Kenyalang 11-14 11-14 Pekan Baru Sg Buloh,Petaling Jaya,3.162718,101.586634,4.1,180,03-6151 9855,Fuel only,Drop,21.31
ChIJ8yNapfBrzDERCRKAJDtRfIo,CAFé by 7-Eleven Antara Gapi (2082),"No. 1 (GF, 3, Jalan Gapi 1a, Antara Gapi",Serendah,3.4231142,101.6277352,4.1,180,,7-Eleven,Drop,21.31
ChIJxVWLm3NKzDERrpXjDaejyac,Shell,"Lebuhraya Sungai Besi, Km 13.8",Kuala Lumpur,3.089676,101.70014,4.0,202,012-207 7731,Fuel only,Drop,21.25
ChIJYzfA9OBLzDER8l0dDta4pr0,myNEWS PJ 33 (G Floor),"33, NO, KHOO KAY, UNIT PG-05B, PJ, 3, Jalan Professor Khoo Kay Kim, Seksyen 13",Petaling Jaya,3.1104791,101.6370921,3.7,305,03-7931 2433,MyNEWS,Drop,21.18
ChIJNU8bOUNFzDERyD-2mHrJrXw,CAFé by 7-Eleven Seksyen U19 Shah Alam (2173),"1-23, Jalan U19/A, Taman Seri Buloh",Sungai Buloh,3.2032804,101.5435502,3.9,218,,7-Eleven,Drop,21.02
ChIJp2ca6QC0zTERGy39Ey5cJb8,Shell,"Jalan Puchong, Mukim Dengkil",Puchong,2.959449,101.617637,3.9,207,03-8052 3889,Fuel only,Drop,20.82
ChIJzW-ghn5HzDERWHwQlMEFBkM,Shell,"Park, Jalan 10, Jalan Batu Caves, Greenwood",Batu Caves,3.234704,101.703761,3.9,205,03-6189 5182,Fuel only,Drop,20.78
ChIJxRwa5f2tzTERY_0tl143eh8,FamilyMart KSL Avenue,"No. 1, No. 1, Ground Floor, KSL Avenue Bandar Diraja Selangor MY, Jalan Bestari 9/KS09, Bandar Bestari",Klang,2.9599167,101.4664476,3.6,313,,FamilyMart,Drop,20.7
ChIJl7YnbVg2zDERobv_XNJeESM,"Caltex Taman Cempaka, Ampang","Lot 1860, Jalan Cempaka 8, Taman Cempaka",Ampang,3.1395526,101.7515303,4.0,173,03-9226 7550,Fuel only,Drop,20.64
ChIJA3w9sX-rzTERdlsCTp-hWTU,Shell,"34c, Jalan Batu Nilam 34",Klang,2.998819,101.431866,3.7,261,03-3325 8613,Fuel only,Drop,20.6
ChIJW9osbqdPzDERZZZbXkVLhHs,Shell,"1, Persiaran Sungai Buloh",Petaling Jaya,3.16583,101.569512,4.1,134,03-6141 6769,Fuel only,Drop,20.11
ChIJHXZxK_1OzDERa9LN7LMxZO4,Shell,"Persiaran Surian, Pju 5 Kota Damansara",Petaling Jaya,3.150581,101.58162,4.0,150,03-6156 9255,Fuel only,Drop,20.07
ChIJIaXqphI4zDERv01BJ8JoKSM,Shell,"Jalan Taman Ibu Kota 4 Jalan 1a/6, Tmn, Taman Setapak Indah",Kuala Lumpur,3.209512,101.718648,4.2,116,03-4023 2855,Fuel only,Drop,20.0
ChIJt_qFFdTmzTERRilBbTLKeNU,Petronas Seremban Jaya,"Jalan Seremban Jaya, Taman Seremban Jaya",Seremban,2.6751951,101.9761833,3.8,191,,Fuel only,Drop,19.98
ChIJ5TtBXQZPzDERJyF3Cepg81I,Shell,Jalan Cecawi 6/18a,Petaling Jaya,3.160955,101.57441,3.9,167,03-6140 1548,Fuel only,Drop,19.98
ChIJBRvkUADPzTERQa6gP6fXvr0,Shell Eco Majestic,"Jalan Eco Majestic 3A-2 Hsd 172881, Pt 15490",Beranang,2.907861,101.850678,4.3,103,017-991 1230,Fuel only,Drop,19.97
ChIJjZDbEY9azDERB2kd7mj8wyY,Shell,"Persiaran E1-1, Jalan Bidara 6/1, Daerah Kuala Selangor",Sungai Buloh,3.204632,101.487186,4.0,142,03-6038 1697,Fuel only,Drop,19.85
ChIJG0CvraJOzDERDOuDySNHGcw,Shell,"AH2 Km 15.8, L/Raya Utara Selatan",Petaling Jaya,3.123017,101.593595,3.7,212,03-7880 1889,Fuel only,Drop,19.84
ChIJ-fVBJ6M1zDERIEDF61b9Rik,Shell Taman Connaught,"Jalan Cerdas, Lot 18113, L/raya Timur Barat",Kuala Lumpur,3.081361999999999,101.73272,3.8,183,019-337 4075,Fuel only,Drop,19.82
ChIJZcWaFb24zTER9x7BoaH7lKc,Shell,"29 29, Maju, Laluan Persekutuan, 1, Persiaran Warisan",Sepang,2.816735,101.69425,3.7,206,03-8706 8388,Fuel only,Drop,19.73
ChIJ1fvQOZzGzTERJfgrhs0lNCU,Shell,"Persiaran Pusat Bandar Jalan, Lot 6331, Mukim, Nilai Square Commercial Centre",Nilai,2.824098,101.794681,3.8,175,06-799 5308,Fuel only,Drop,19.65
ChIJ9YXsrHujzTERbok4ivHlFWk,Shell,"Jalan Sultan Alam Shah, Mukim of Kelanang",Banting,2.793505000000001,101.486953,4.2,105,03-3184 0762,Fuel only,Drop,19.59
ChIJnUndtaBKzDERn1qvt-Uh-jA,Shell,"Kuala Lumpur-Seremban Expy E37, Lebuhraya Utara-Selatan, seremban",Kuala Lumpur,3.049392999999999,101.7057977,3.8,172,03-8942 8899,Fuel only,Drop,19.58
ChIJdbFyfU2xzTERRfylY1KCeYo,7 Eleven2229,"68-74, Lingkaran Putra Perdana, Taman Putra Perdana",Puchong,2.9460507,101.6134997,3.9,150,03-2142 1136,7-Eleven,Drop,19.57
ChIJO3glWpn0zDERo3DI6Bk_uzo,Shell,Jalan Seri Temenggong 3,Kuala Selangor,3.329624,101.258908,4.1,110,019-980 8931,Fuel only,Drop,19.31
ChIJRecRpuTPzTERtjcNAVut30I,FamilyMart Eco Majestic,"No. 43, Eco Majestic, 1, Jalan Eco Majestic 10/1A",Semenyih,2.9012783,101.8348185,3.7,183,,FamilyMart,Drop,19.3
ChIJ1zxgsuWszTERPkSCoU6LX_Y,7-Eleven,"86, Jalan Dato Yusuf Shahbudin 30, Taman Sentosa",Klang,3.010361,101.4684717,4.0,123,018-221 5305,7-Eleven,Drop,19.28
ChIJWekSMsFKzDERs4Ki1qO33U0,Shell,"Lebuhraya Bukit Jalil, Bandar Kinrara 2",Kuala Lumpur,3.048642,101.680451,3.8,157,03-8996 6736,Fuel only,Drop,19.24
ChIJK4j-z9ZLzDERTlus2Muh3a4,Shell,"Lot 1, Jalan Gasing",Petaling Jaya,3.108368,101.653519,4.0,121,03-7932 2314,Fuel only,Drop,19.22
ChIJibMJiA9LzDERSd-Pmb80-KY,Shell Taman Kinrara,"Jalan Puchong, Lot 2068, Jalan Puchong Batu 7 1/2",Puchong,3.065382,101.649785,3.8,155,03-8076 7682,Fuel only,Drop,19.19
ChIJjWQEgVeszTERa5J53dLcGyY,Shell,"PT 80564, Persiaran Puteri",Pelabuhan Klang,2.994387,101.468168,3.6,202,03-5167 2233,Fuel only,Drop,19.13
ChIJHY7CpG6zzTERWK9G-YEdSFs,Shell,"16, Jalan Puchong Permai 2, Taman Puchong Permai",Puchong,3.00922,101.599259,3.8,146,03-8061 2991,Fuel only,Drop,18.96
ChIJGSvfb6dPzDERqdg7a215CS8,Shell,"Persiaran Jati, Pusat Bandar Sungai Buloh",Petaling Jaya,3.173383,101.57595,3.8,146,03-6150 2800,Fuel only,Drop,18.96
ChIJFcKKndRGzDERlxF2iOOlIbo,Shell,"Jalan Rawang Bt 16, Jln, Templer Park",Rawang,3.290064,101.633539,3.6,188,03-6091 2619,Fuel only,Drop,18.87
ChIJL6WJ7ldGzDERdPKGlP9-ePI,Shell,Jalan Lingkaran Tengah 2,Kuala Lumpur,3.229754,101.650854,3.7,160,03-6137 8255,Fuel only,Drop,18.8
ChIJq6pqMM_KzTERNxk2IyAo0a0,Shell,"Lot 19086, Jalan Taming Jaya, Taman Taming Jaya",Balakong,3.024986,101.736079,3.7,159,03-8961 3320,Fuel only,Drop,18.78
ChIJAXA61BjWzTERTAYBCPbd23E,Shell,Jalan Seremban,Kuala Klawang,2.934521799999999,102.0662554,4.3,76,06-613 7387,Fuel only,Drop,18.68
ChIJ1w9eoC5LzDERfHHz-yNxwDw,Caltex Ara Damansara,"35, Jalan PJU 1A/42A, Ara Damansara",Petaling Jaya,3.1174741,101.5879831,4.3,76,,Fuel only,Drop,18.68
ChIJJYRqqiRKzDER3029VM8maA4,Shell,"Jalan Klang Lama, 175-1, BT 3 3/4",Kuala Lumpur,3.102162,101.676947,4.0,105,03-7980 0837,Fuel only,Drop,18.65
ChIJT3j3mmTOzTERRsxvWyh23lY,Shell,Jalan Semenyih Beranang,Kajang,2.94209,101.850124,4.1,90,03-8723 4859,Fuel only,Drop,18.49
ChIJM0QI56g0zDERCWaZ8bsjt10,FamilyMart Sungai Long,"16, Jalan SL 1/2, Bandar Sungai Long",Kajang,3.040202700000001,101.7937601,3.9,112,,FamilyMart,Drop,18.44
ChIJvYm9L5RJzDERC6ce6qTqmH4,Shell,"12, Jalan Bangsar",Kuala Lumpur,3.129430600000001,101.6801852,3.8,127,03-2201 5335,Fuel only,Drop,18.44
ChIJPxoi38PBzTERsJqUfWQYnRU,Shell Pekan Salak,"LOT PT 6167, PEKAN SALAK",Sepang,2.797635,101.748143,4.4,65,014-666 1452,Fuel only,Drop,18.43
ChIJ65igqJZSzDERfOw10bFghZc,Shell,Jalan Relau 16/1,Shah Alam,3.0592408,101.5091795,3.8,125,03-5519 2471,Fuel only,Drop,18.38
ChIJLad2QhhKzDERCqS9VhYVT6w,Shell,"Lama, Jalan 2-109e, 2-109e, Old Klang Road, Taman Desa",Kuala Lumpur,3.100705,101.686131,3.6,163,03-7984 7005,Fuel only,Drop,18.36
ChIJgY2ozoivzTERNWEg3WHYnpg,Shell,"5052, Jalan Klang Banting",Jenjarom,2.883436999999999,101.492451,3.9,107,03-3191 7718,Fuel only,Drop,18.26
ChIJVRETuyetzTERKT4oo1pmn1A,Shell,"Jalan Kebun, Batu 3 1/2, Jalan 1, Kampung Jawa",Klang,3.024471999999999,101.481322,3.9,106,012-681 7372,Fuel only,Drop,18.22
ChIJiVcCPQvdzTERSzzogqPjmLU,Shell Jalan Labu,"No.Geran 251795, No. Lot, Jalan Labu",Seremban,2.724861,101.904488,4.3,68,06-762 0175,Fuel only,Drop,18.21
ChIJ9-a9HZzMzTER0cYDm46wcvI,Shell,Pintasan Kajang - Semenyih By Pass Lot No Pt 52586 Hsd 106128 Mukim Of,Kajang,3.007724,101.802705,4.1,83,03-8733 0608,Fuel only,Drop,18.17
ChIJFwOtSPxLzDERvvTSkWHfaBU,Shell,"10, Jalan 21/1, Sea Park",Petaling Jaya,3.109909,101.623192,3.6,154,03-7497 9098,Fuel only,Drop,18.16
ChIJLW6Iz6I0zDERUxU7_JimN1w,Shell,Persiaran Mahkota Cheras 2 2 Bdr,Cheras,3.050408,101.787029,3.9,104,03-9019 9450,Fuel only,Drop,18.15
ChIJ8421ay7MzTER7T5qm746eJc,Shell,Jln Kajang Semenyih,Kajang,2.962031,101.836816,3.6,153,03-8723 8041,Fuel only,Drop,18.13
ChIJJZYpvVJCzDERoqqnuB-H500,Shell,"Jalan Rawang, Jln Ipoh, Perumahan Pkns Batu 17 Rawang",Rawang,3.3116213,101.5809119,3.7,133,03-6092 8069,Fuel only,Drop,18.12
ChIJfV0C7CRrzDER-Meie1YtjL0,Shell Antara Gapi,"1, Mukim, Kampung Pasir Ulu Yam",Serendah,3.418616,101.625758,4.1,82,013-250 6512,Fuel only,Drop,18.12
ChIJkZRQQ0ldzDERmUy06ki5aEc,7-Eleven Saujana Rawang,Saujana Rawang,Rawang,3.3348894,101.5181502,4.0,89,,7-Eleven,Drop,18.0
ChIJD-iUDUldzDERbUNqAT6PJ2E,7-Eleven,"2, Jalan SR 4/1D, Saujana Rawang",Rawang,3.334105,101.5174412,4.0,89,,7-Eleven,Drop,18.0
ChIJVSk4W-SszTERFylLnKMngMw,Shell,"Lot Pt, Jalan Sungai Jati",Klang,3.012537,101.462828,3.8,112,03-3372 4523,Fuel only,Drop,17.96
ChIJn9I8X9JCzDERZlt18IALEfI,Shell,"Jln Rawang - Bestari Jaya, Jalan Sungai Bakau",Rawang,3.31967,101.52782,3.9,99,03-6093 2262,Fuel only,Drop,17.96
ChIJQ3NCo7VVzDER4oIuYW4ivcA,Shell,"Jalan Kapar 3 Lot 3 Jalan Kapar, Kelang",Kapar,3.094416,101.385114,3.8,111,03-3291 9555,Fuel only,Drop,17.93
ChIJadXqAufJzTERfAXZa-Qehcs,7 Eleven2019,"21, Jalan P15 H 3/1, Presint 15",Putrajaya,2.9375761,101.7148724,4.0,86,,7-Eleven,Drop,17.86
ChIJM5zWkQCzzTERJPwcs2WuJEA,7 Eleven,"11, Jalan Putra Mahkota 7/6c, Putra Heights",Subang Jaya,2.9963398,101.5738808,4.1,77,,7-Eleven,Drop,17.86
ChIJffimfANMzDERn5B3lIefoKI,Shell,"Shell, Jalan SS 17/1A, 4, JLN SS 48/10, Kelana Jaya",Subang Jaya,3.108533,101.606559,4.1,77,019-326 2827,Fuel only,Drop,17.86
ChIJ6VsjPSzNzTERcQu6KJ_gnyU,7 Eleven Kajang Perdana,"Jalan Kajang Perdana, Taman Kajang Perdana",Kajang,2.993448600000001,101.8164472,4.0,85,,7-Eleven,Drop,17.82
ChIJLSyWjGdCzDERHQogKcGLrq4,Shell,"1 65 3rd Ml, Laluan Persekutuan 1, Jalan Gombak",Rawang,3.330412,101.579943,4.0,83,03-6093 1222,Fuel only,Drop,17.72
ChIJj5kWJzmzzTER292NYxMgvn4,Shell,"Jalan Subang 10, 10, Jalan Klang",Puchong,3.0209509,101.5948587,3.5,155,019-320 7070,Fuel only,Drop,17.67
ChIJWXsgmPDLzTERudv6x1dZ2Bg,Shell,"Jalan Reko, Jalan Bandar Baru Bangi",Bandar Baru Bangi,2.964385,101.790739,4.2,66,03-8733 6858,Fuel only,Drop,17.66
ChIJCWCpywirzTERtAmsEW6G_p4,7-Eleven jalan batu nilam 34 ( 1021 ),"Lorong Batu Nilam 34, Bandar Bukit Tinggi 2",Klang,2.9987788,101.4304517,4.1,73,03-2114 3021,7-Eleven,Drop,17.65
ChIJ7ZzXzmXMzTERg4YJHikYwdc,Shell,"Jalan Semenyih, Jalan Kajang",Kajang,2.985235,101.813888,3.9,90,03-8734 7088,Fuel only,Drop,17.59
ChIJYb9w2olezDERw-SvGK6lSbE,Shell,"Jalan Kuala Salangor Jln IP 1, Laluan 54, Lot 420, Jalan Permai 1",Kuala Selangor,3.312047,101.418985,3.8,101,010-566 8119,Fuel only,Drop,17.57
ChIJffv4ugZTzDERtQyT_e2esYA,Shell,"Lebuhraya Baru Lembah Klang, Lebuhraya Baru Lembah",Klang,3.070852,101.472557,3.9,87,010-552 4860,Fuel only,Drop,17.46
ChIJ49wL-rKyzTERIN3ERUneBC4,Shell,"25-5, 25-58, Jalan Abadi 25/58, Taman Sri Muda",Shah Alam,3.033233999999999,101.538335,3.8,96,03-5122 1243,Fuel only,Drop,17.38
ChIJq6pq2io2zDERq10PgF7O9cc,FamilyMart Wisma Lim Foo Yong,"Lot G-01, Ground Floor, Wisma Lim Foo Yong, 86, Jalan Raja Chulan",Wilayah Persekutuan,3.150554,101.7089908,3.4,164,,FamilyMart,Drop,17.36
ChIJje5wfGTnzTERg9GqOMsYTaw,Shell Seremban Jaya,"Jalan Seremban Jaya, Pt2443, Pekan",Seremban,2.675135,101.975245,4.2,61,06-675 0277,Fuel only,Drop,17.33
ChIJEXjE5XlTzDER7hkJNyUcsx4,Shell,"Lengkok Sentosa 41, 41, Lengkok Sentosa 45, Kampung Batu Belah",Klang,3.071396,101.444887,3.9,84,013-580 6022,Fuel only,Drop,17.33
ChIJo5WZn5_0zDERZ0ACAXfmr0I,Petronas Kuala Selangor,Taman Pahlawan,Kuala Selangor,3.332888800000001,101.2553728,4.1,64,03-3281 2475,Fuel only,Drop,17.11
ChIJC3du5PfqzTERYDcfmQgPAnc,Shell,Jalan Besar 15,Sepang,2.691474,101.751855,3.8,89,03-3142 1279,Fuel only,Drop,17.1
ChIJU3j7QgfLzTERLzQaCBYzAl0,7-Eleven Jadehills 2067 Franchise,Jade Hills,Seri Kembangan,2.9943644,101.759304,4.3,52,,7-Eleven,Drop,17.07
ChIJVQPhIF9SzDERuGbwmA4_i_s,Shell,"Lot 1756, Jalan Plumbum Z 7/Z, Seksyen 7",Shah Alam,3.066281999999999,101.490889,3.8,87,012-277 0557,Fuel only,Drop,17.01
ChIJzcIjzP_CzTERK7sCsGnDCxc,Shell,Plus Highway North Bound,Lebuhraya Utara-Selatan,2.757292000000001,101.845526,4.0,66,06-791 1109,Fuel only,Drop,16.82
ChIJ5cKRv37dzTERDNnv_ehlmlI,Shell,"Lot 6654 Hsm 888, Seremban - Bukit Nenas Highway, Jalan Sungai Ujong",Seremban,2.722561,101.924351,3.8,82,06-767 0834,Fuel only,Drop,16.79
ChIJ0ZAJAw-rzTERmOIzWrs35eg,Shell,"Persiaran Raja Muda Musa Lot 772/777 Sec, 2, Jalan Watson",Pelabuhan Klang,3.004274,101.402441,4.0,64,03-3168 7936,Fuel only,Drop,16.7
ChIJU8oQ51VGzDERyApJfPbVHhw,Shell,Jalan Lingkaran Tengah 2,Kuala Lumpur,3.229435999999999,101.655885,3.8,80,03-6259 1901,Fuel only,Drop,16.7
ChIJQRU_o39UzDERKDl_7vGZOWo,Shell,"Jalan Haji Sirat, Lot 17534, Mkm Kapar",Klang,3.0773574,101.4323257,3.8,79,03-3343 1198,Fuel only,Drop,16.65
ChIJyYEuOTUFzDERrB3yWNgIHvE,Shell,"KT 26, Jalan Kuala Lumpur, Jalan Ketari",Bentong,3.505262000000001,101.91348,3.6,98,09-222 5055,Fuel only,Drop,16.54
ChIJqR2G5O1GzDERdauzGK3G7Ok,Shell,Jalan Bidara 1 Tmn Bidara Selayang,Batu Caves,3.241266,101.644096,4.1,54,03-6136 4645,Fuel only,Drop,16.43
ChIJM4amPhw2zDERW6L8NNvrvb8,Shell,"176, Jalan Sungai Besi",Kuala Lumpur,3.125769,101.710804,3.6,91,03-9221 3145,Fuel only,Drop,16.28
ChIJ2Tn8-kJWzDER_d-STp23UPM,Shell,"Lot 47, 52, Jalan Besar",Kapar,3.1372885,101.3748653,4.0,55,03-3250 8039,Fuel only,Drop,16.1
ChIJOwrf5s2zzTERpNn0FYSi56A,Shell Kota Kemuning 2,"3A, Persiaran Anggerik Eria",Shah Alam,2.990693,101.531588,4.3,41,012-277 0557,Fuel only,Drop,16.07
ChIJ_7VDYYlIzDER8IsZDlHu2o4,Shell,Lebuhraya Utara - Selatan Plus Highway Jln Duta Kl Bound,Kuala Lumpur,3.176986,101.657637,3.6,84,03-6259 1411,Fuel only,Drop,15.99
ChIJ27k4Y9XmzTERjLs4OLu0PqU,Shell,"5, BT, Jalan Tampin",Seremban,2.678365,101.978591,3.9,59,06-677 1877,Fuel only,Drop,15.97
ChIJg4pF1qHdzTER6zrXROzMsa4,Shell,Jalan Temiang,Seremban,2.737356,101.938143,4.3,40,06-763 5224,Fuel only,Drop,15.97
ChIJGc7ncqn0zDERVh0zes1Jyyo,7 Eleven store 1831 Pasir Penambang Kuala Selangor,"No. 23 & 23A, 1st Floor, Wharf 72, Jalan Peninsula, Peninsula Park, Pasir Penambang",Kuala Selangor,3.3478577,101.255777,4.1,47,,7-Eleven,Drop,15.87
ChIJZ2ggeeW1zTER8-aL_8iXpXc,Shell LDP Puchong South,"LDP, Pt 82150, Km31.5",Puchong,2.980433,101.6471946,3.9,57,03-8957 9922,Fuel only,Drop,15.84
ChIJCYNNL19NzDEReXzkYNhv-04,Shell,"1, Jalan Nelayan 19/C, Seksyen 19",Shah Alam,3.050751,101.53498,3.7,71,03-5878 2039,Fuel only,Drop,15.82
ChIJ4axIukBJzDERj1TDS-Nh9pY,Shell,"17-22, Happy Garden, Jalan 17/22",Petaling Jaya,3.124575,101.636343,3.3,118,03-7956 1231,Fuel only,Drop,15.77
ChIJjdYdJ5tUzDEREpDqXHExQZw,Shell,"230, Lebuhraya Selat Klang",Klang,3.065109,101.4254892,4.0,50,03-3341 2146,Fuel only,Drop,15.73
ChIJuR8e_aRLzDERCHfRVZPp5Ks,Shell,"Taman Petaling Utama, Lebuhraya Baru Pantai, Jalan Klang Lama",Petaling Jaya,3.0812702,101.6469942,3.8,61,03-7782 8235,Fuel only,Drop,15.68
ChIJ6RvxyGXMzTERDkMqJU8mZAU,Shell,"Jalan Semenyih, 1, Batu 16 1-2",Kajang,2.9911088,101.7969238,3.8,60,03-8736 1262,Fuel only,Drop,15.62
ChIJHS3BU5nMzTERjAy-ds9esJo,Shell,Pintasan Kajang - Semenyih By Pass,Kajang,3.007785,101.803941,3.6,74,03-8736 0130,Fuel only,Drop,15.54
ChIJryC0loFOzDERPd9_k36SHYE,myNEWS Oasis Village (G Floor),"LOUNGE 2, GROUND FLOOR, Oasis Village, Ara Damansara, Oasis Square, 2, Jalan PJU 1A/7, Oasis Ara Damansara",Petaling Jaya,3.1148184,101.574914,4.3,36,03-7734 4372,MyNEWS,Drop,15.53
ChIJoSahwGiXzTERRdEjkMiYwcE,Shell,"5, 5 Lot 2921, Kampung Kundang",Tanjong Sepat,2.666983,101.537713,3.7,65,03-3148 2059,Fuel only,Drop,15.5
ChIJocEwpyrnzTERhGKW64x62Ps,SHELL JALAN TAMPIN SEREMBAN,"Shell, Jalan Tampin, Bandar Seremban Selatan",Seremban,2.6786497,101.9796601,3.8,58,06-679 3640,Fuel only,Drop,15.49
ChIJkeSUJnC0zTERGyD-xzVw4dA,Shell,"Shell, Km 30, Lebuhraya Damansara - Puchong, Puchong Selatan",Puchong,2.98251,101.635776,4.0,47,03-8060 3966,Fuel only,Drop,15.48
ChIJVc2GyYzdzTERPZ08w2KFRdg,Shell,"Jalan Ampangan Lot, 3164, Jalan Dato Muda Linggi",Seremban,2.723972,101.957701,3.9,51,06-767 5186,Fuel only,Drop,15.41
ChIJcxW858u7zTERShurQGDwiY8,Shell,"Jalan Klang Banting, Mukim",Banting,2.834786,101.597649,4.0,46,03-3149 1236,Fuel only,Drop,15.4
ChIJ60V3wONHzDERLUDzEPsY2ow,Shell,"Jalan Sentul Lot 22521, Mukim",Kuala Lumpur,3.1945232,101.6911456,4.0,46,03-4042 6408,Fuel only,Drop,15.4
ChIJHalXSWtLzDERcUSPkag-nvs,BHPetrol Taman Bukit Kuchai,"Jalan 9, Taman Bukit Kuchai",Puchong,3.057741,101.6381671,3.8,56,,Fuel only,Drop,15.36
ChIJwRAAeaznzTERiDwFc-FNk7E,Shell,"Rasah, Jalan Rasah Lot 10065 Lot 6834 Mukim, Jalan",Mambau,2.677473999999999,101.926773,4.1,41,06-632 1251,Fuel only,Drop,15.32
ChIJAV6VahbEzTERYVVE-Ktz_Q8,Shell,"Lot, Pt 6338, Persiaran Utama, Bandar Baru Nilai",Nilai,2.810785,101.804126,3.9,49,06-799 8902,Fuel only,Drop,15.26
ChIJ4c7WfQfezTERm4XxWC_aotc,Shell,"Paroi Kem, Jalan Kuala Pilah",Seremban,2.724752,101.980801,3.6,68,06-677 7767,Fuel only,Drop,15.24
ChIJq34DpYdNzDERKaFMHF4LyOc,Shell,"Persiaran Kayangan, Jln 9/20, Sek 9",Shah Alam,3.082514,101.526823,3.6,68,03-5510 6137,Fuel only,Drop,15.24
ChIJZZflOJTdzTERifea0-WOv3Q,7-Eleven,"16, Jalan Desa Manggis 2, Taman Desa Manggis",Seremban,2.7337482,101.9532713,4.1,40,,7-Eleven,Drop,15.23
ChIJx0KflQjnzTERdwlHM_0DiiA,Shell,"Lot 10065, Lot 10065, Jalan Rasah Utama 1, Taman Rasah Jaya",Seremban,2.680558,101.94342,3.9,48,016-321 3199,Fuel only,Drop,15.18
ChIJGf2Qp8jdzTERpHehsO9aToM,7-Eleven Taman Kolej Heights,"No 2 (Gf), Jalan College Heights 1, Taman Kolej, Desa Cendana",Seremban,2.750418100000001,101.9663117,4.2,36,06-760 0184,7-Eleven,Drop,15.17
ChIJwZIv4avGzTERYpTStUPvJQE,Shell,"Jalan Besar Nilai Lot 969 Hsd, Jalan Besar Nilai, Pekan Nilai",Nilai,2.802221,101.79313,3.8,52,06-799 1454,Fuel only,Drop,15.09
ChIJjzDwhZNtzDERxtwLfGzAw6E,Shell,Laluan Persekutuan 1 1 Lot 881 Batang Kali,Rasa,3.493024,101.642162,3.6,65,03-6057 3032,Fuel only,Drop,15.08
ChIJzzZ6GHxTzDERjH9nnqaI3yo,Shell,"Lebuhraya Selat Klang, Kampung Rantau Panjang",Klang,3.0704905,101.4381325,4.1,38,03-3343 0994,Fuel only,Drop,15.02
ChIJ4__cNcBJzDERWKPchrnvWnw,FamilyMart NU Sentral,"GF 40, Ground Floor Level, Nu Sentral, No, 201, Jalan Tun Sambanthan",Kuala Lumpur,3.133026499999999,101.6874136,2.7,258,03-2856 1232,FamilyMart,Drop,15.0
ChIJF2UD0BSxzTERJZx4oN3M4LI,Shell,"PT 47816, HS(D, Persiaran Rimbayu",Kota Kemuning,2.954703,101.548295,4.2,34,012-423 0079,Fuel only,Drop,14.93
ChIJNU9-viaxzTERxnca5W8ZZ3Y,Shell,"PT, Persiaran Rimbayu",Kota Kemuning,2.950447,101.548099,4.3,31,012-670 7602,Fuel only,Drop,14.9
ChIJrbjLPDHJzTERYYQR1tYrZ6s,Shell Bangi Layby (Northbound),Lebuhraya Utara-Selatan,Bandar Baru Bangi,2.945473,101.751738,3.7,55,012-737 5752,Fuel only,Drop,14.89
ChIJGaxCBnZpzDERgi2OCb_pHG4,Shell Bukit Beruntung,"Jalan Bukit Beruntung 1, Lot Pt41304, Jalan Bunga Pakma",Rawang,3.38881,101.55918,3.7,54,03-6021 8894,Fuel only,Drop,14.83
ChIJa_3gk2erzTEREUZa_gOxQXg,Shell,"Jalan Mesra Pt 12367, Jalan Kim Chuan, Taman Chi",Klang,3.015963,101.424369,4.1,36,03-3319 1119,Fuel only,Drop,14.8
ChIJ__8v8T5TzDERZkAWUGR_NhM,Shell,"Jalan Batu Tiga, Persiaran Sultan Ibrahim",Klang,3.052822,101.460455,4.0,39,03-3344 6336,Fuel only,Drop,14.76
ChIJX6lUsu1LzDERYA4MwHLF8CE,Shell,"Jalan 222, 4, Persiaran P.P Narayanan, Section 51A",Petaling Jaya,3.096403,101.629746,3.4,75,03-7956 3121,Fuel only,Drop,14.72
ChIJU6A8315SzDERYpAF54xbwfo,Shell,"7, 29, Persiaran Tun Arshad Ayub, Section 7",Shah Alam,3.077302,101.497515,4.0,38,03-5511 1400,Fuel only,Drop,14.65
ChIJXd0GFCxtzDERI26Vt5KL8is,FamilyMart Caltex Ulu Yam,"Part of Caltex Ulu Yam, PT 545, Mukim, Kampung Batu 30",Batang Kali,3.439029,101.6316941,4.1,34,,Fuel only,Drop,14.58
ChIJJdNQdFxTzDERM3VvqjJEX-w,FamilyMart Berkeley Uptown,"Lot 75, Jalan Delima, Off, Jalan Kapar",Klang,3.0559457,101.4456052,3.1,104,,FamilyMart,Drop,14.43
ChIJuf8IOx1dzDERfgEqfeaK7oU,FamilyMart Bandar Tasik Puteri,"Medan Puteri, 106G, Jalan 7a/2, Bandar Tasik Puteri",Rawang,3.283200599999999,101.4734552,3.1,104,,FamilyMart,Drop,14.43
ChIJA-xBhT44zDERxMZQ0Dqym0U,FamilyMart Desa Setapak,"20, Jalan 14/27b, Desa Setapak",Kuala Lumpur,3.2057454,101.732992,2.7,201,,FamilyMart,Drop,14.33
ChIJz6Ub7J70zDERxgxpRZGfg7s,Shell,"Pt 834 Bt 2, Jalan Klang - Teluk Intan 2 Jalan Melati 3/1, Lot, 1/2, Jalan Klang - Teluk Intan",Kuala Selangor,3.330702999999999,101.256166,3.5,58,03-3289 7497,Fuel only,Drop,14.27
ChIJo4CoAFNMzDERDnubgDdSt7I,Shell,"Lebuhraya Persekutuan, Route 2",Shah Alam,3.08115,101.572718,3.7,46,012-945 0177,Fuel only,Drop,14.25
ChIJ867KLbhzzDERwHEfV4MWKNI,Shell,Road Junction,Kuala Kubu Baru,3.557844999999999,101.641083,4.0,34,018-255 7875,Fuel only,Drop,14.22
ChIJ2yIY0hRtzDERu-I3Of6uy-k,FamilyMart Caltex Batang Kali,"PT9610, Jalan Batang Kali - Genting Highlands, Seksyen 5 Bandar Baru",Batang Kali,3.4524124,101.6638065,3.1,94,,Fuel only,Drop,14.12
ChIJJWGFoYRUzDERaoW2dTneuc8,Shell,"Lot 980, Jalan Kapar",Klang,3.067338,101.427869,4.0,33,03-3345 3235,Fuel only,Drop,14.11
ChIJaUaHzyT1zDERYOJfH8xR8dQ,Caltex Kuala Selangor,"Lot 139, Batu 2, Jalan Klang - Teluk Intan",Kuala Selangor,3.314791,101.2767337,3.8,40,010-669 9139,Fuel only,Drop,14.11
ChIJJ_vpjfRGzDERltwo_WJHUVs,Shell,"B21, Tmn Selayang Utama",Batu Caves,3.2348178,101.6406008,3.9,36,012-510 1913,Fuel only,Drop,14.08
ChIJ8y95qflHzDERS-8jPh3ac5Y,Shell,Jalan Gombak,Kuala Lumpur,3.198397,101.703516,4.0,32,03-4021 0559,Fuel only,Drop,13.99
ChIJI5eEqvrdzTERO7cwM8miQRk,FamilyMart Lobak,"No.13, Jalan PKL 2, Pusat Komersil Lobak",Seremban,2.727342600000001,101.9259137,3.9,35,,FamilyMart,Drop,13.98
ChIJAQCQhg9LzDERh0igd2Y6-LY,Shell,"10km, Jalan Puchong B11 Lot 3127",Kuala Lumpur,3.073895,101.659436,3.8,38,03-7772 7111,Fuel only,Drop,13.92
ChIJ94NvAmitzTERZvZpPKFuus0,Shell Alam Impian Seksyen 35,"Persiaran Tun Teja Lot 128095, Alam Impian, Seksyen 35",Shah Alam,3.015966,101.51302,3.9,34,012-224 6353,Fuel only,Drop,13.87
ChIJiZH3gsZLzDERunb0lQ-OCX8,Shell,"Jalan Selangor, 62, Jalan Yong Shook Lin, Mukim",Petaling Jaya,3.0978307,101.6465588,3.6,46,03-7960 8408,Fuel only,Drop,13.86
ChIJZ8Z4q4lHzDERNjbWXwwR_dI,FamilyMart Kepong,"No.143, (Ground Floor, 1, Jalan Rimbunan Raya, Laman Rimbunan",Kuala Lumpur,3.2123942,101.6476593,2.8,140,,FamilyMart,Drop,13.86
ChIJMUQAWcRMzDER5_HAmIgMq5E,FamilyMart Taipan USJ,"No.33, Jalan USJ 10/1, Taman Perindustrian Uep",Subang Jaya,3.047706,101.584786,2.8,138,,FamilyMart,Drop,13.82
ChIJyWJZcIhKzDERGBPSr-T7PkQ,FamilyMart • Sri Petaling,"75-G, Jalan Radin Bagus, Bandar Baru Sri Petaling",Kuala Lumpur,3.0710907,101.6949001,2.7,165,,FamilyMart,Drop,13.8
ChIJAct4j2lNzDERgnBBtLKKq_A,7-Eleven,"3, Jalan Singa B 20/B, Seksyen 20",Shah Alam,3.0566834,101.5414109,3.5,50,03-5549 2476,7-Eleven,Drop,13.76
ChIJoxrHOYe_zTER3bmaAqQHFyY,FamilyMart KLIA 2 Arrivals,"Terminal KLIA2, Kuala Lumpur International Airport, Arrival Hall, L2-27, 29 & 30, Level 2, gateway@KLIA2, Jalan Klia 2/1",Sepang,2.744088899999999,101.6856391,2.6,196,03-8790 2054,FamilyMart,Drop,13.74
ChIJscq_dXXdzTERGL7iSzmBHjQ,Shell,Jalan Tun Dr. Ismail,Seremban,2.73512,101.93372,3.7,40,06-763 0161,Fuel only,Drop,13.74
ChIJwR6QYl_JzTERNfwEs7mCyiM,7-Eleven - Seksyen 4 Bdr Baru Bangi (0149),"4, Jalan 4/1b, Seksyen 4 Tambahan Bandar Baru Bangi",Bandar Baru Bangi,2.954101,101.778864,4.5,20,,7-Eleven,Drop,13.7
ChIJN28-VD1KzDERmrrf1-Fk3ko,7-Eleven • Taman Desa • Store 0010,"23, Jalan Desa Jaya, Taman Desa",Kuala Lumpur,3.1021777,101.6838832,3.5,49,,7-Eleven,Drop,13.69
ChIJlbDuLECrzTERt4vNzM1RChU,7-Eleven,"146, Persiaran Raja Muda Musa, Kawasan 13",Pelabuhan Klang,3.004549099999999,101.4019087,4.2,25,03-3166 6532,7-Eleven,Drop,13.68
ChIJjSOz8ys2zDERbDb_bDWTvOg,myNEWS Pavilion Kuala Lumpur (B1 Floor),"140 & 142, Jalan Bukit Bintang, Bukit Bintang",Kuala Lumpur,3.1473582,101.7118717,3.9,32,03-2141 7739,MyNEWS,Drop,13.64
ChIJFfLYMw5MzDER5MHic-2AvLw,CAFé by 7-Eleven Kelana Jaya (4),"No. 30, Jalan SS5B/2, Taman Kelana Jaya",Petaling Jaya,3.1005297,101.6053481,3.4,54,,7-Eleven,Drop,13.62
ChIJO3_omo5JzDER3LxVQs3RpLc,FamilyMart Mid Valley,"North Court F-027C, Mid Valley Megamall, Lingkaran Syed Putra",Kuala Lumpur,3.1189765,101.6780026,2.5,231,03-2858 9338,FamilyMart,Drop,13.62
ChIJ-169RwPPzTERide3DFp0XRo,CAFé by 7-Eleven Ecohill Semenyih Selangor (2544),"No 32-1, Ground Floor, Jalan Ecohill 1/5A, Setia Ecohill",Semenyih,2.926285,101.8552907,4.0,29,010-259 8087,7-Eleven,Drop,13.6
ChIJj4Pzu0BJzDER_w5LZ7pq_uI,Shell,Jalan 17/50a,Petaling Jaya,3.131497,101.633715,3.5,47,03-7954 6204,Fuel only,Drop,13.55
ChIJPYnrnVtNzDERQR-oKqcLi-w,CAFé by 7-Eleven Seksyen 19 Shah Alam (160),"41, Jalan Nelayan 19/A, Seksyen 19",Shah Alam,3.0487161,101.5341625,3.3,59,,7-Eleven,Drop,13.51
ChIJbea5UGOxzTERBNjI5CMVQtI,7-Eleven 1575,"22, Jalan SPU 1, Bandar Saujana Putra",Jenjarom,2.9516799,101.5822932,4.0,28,,7-Eleven,Drop,13.47
ChIJrXzAkDyzzTERCDoP-SanUCM,FamilyMart Kota Kemuning,"No29-G, Jalan Anggerik Vanilla X 31/X, Kota Kemuning, Seksyen 31",Shah Alam,3.0048006,101.534572,2.7,143,,FamilyMart,Drop,13.42
ChIJ8WG27WRJzDERvuHL3S3FUMA,Shell,"Lorong Universiti, A 3",Kuala Lumpur,3.119050999999999,101.647859,3.6,40,03-7958 2721,Fuel only,Drop,13.37
ChIJ4zbHCY-1zTERHs4IsHoVfHs,FamilyMart Caltex Lestari Perdana,"Lot 45245, Persiaran Lestari Perdana, Lestari Perdana",Seri Kembangan,2.9941709,101.6632493,2.9,98,,Fuel only,Drop,13.33
ChIJv1nfgwpNzDERE6CHd7tOoqA,Shell,"Lebuhraya Persekutuan, Batu Tiga",Shah Alam,3.0741812,101.5500323,3.4,48,03-5510 2923,Fuel only,Drop,13.23
ChIJmSPZ6GRZzDERsE1yN72Mtm4,CAFé by 7-Eleven Puncak Alam (1812),"Sek 13, Pusat Niaga, 26, Jalan Astana D 13/D, Astana Utama",Puncak Alam,3.2447351,101.4262336,3.6,38,,7-Eleven,Drop,13.19
ChIJnatuO4S5zTERCnyyrMZRu-4,Shell,"Lot 101779, Pintasan Dengkil By Pass, Km48.8",Dengkil,2.86912,101.68728,4.4,19,03-4161 5035,Fuel only,Drop,13.18
ChIJ2cqCcKznzTERutATrO8HQ9w,Shell,"Jalan Rasah, Lot 10065 Pt 1156, Bt 3",Seremban,2.682152,101.92858,3.5,42,06-631 4899,Fuel only,Drop,13.16
ChIJ1ZSHRXHnzTERtozF4fW_c8Y,FamilyMart Rasah Prima,"12-G, Jalan Rasah Prima 1, Pusat Komersial Rasah Prima",Seremban,2.6894147,101.9346114,2.5,188,,FamilyMart,Drop,13.1
ChIJJZePfi_nzTERbYkGF3LyfU8,Shell,"3995, Jalan Senawang, Taman Seremban Jaya",Nilai,2.685977,101.968977,3.8,30,06-678 8395,Fuel only,Drop,13.05
ChIJo0dBko-1zTERWcU6O5Gn420,FamilyMart Olive Hill Business Park,"Ground Floor, Olive Hill Business Park, 50, Jalan BS 1/2, Taman Bukit Serdang",Seri Kembangan,3.013181,101.6972758,2.7,121,,FamilyMart,Drop,12.97
ChIJrf6uJTgFzDER7-heyYKxzQM,Shell,"Jalan Ketari, Jalan Lama Bentong - Karak",Bentong,3.521829,101.911627,3.5,39,09-222 1322,Fuel only,Drop,12.91
ChIJqShabHyxzTERXSoEHGXm9Xc,CAFé by 7-Eleven Bandar Saujana Putra (2445),"No.59 (GF, Jalan SP 1/1, Bandar Saujana Putra",Jenjarom,2.952372199999999,101.5779012,3.4,43,,7-Eleven,Drop,12.87
ChIJ9TC63xxFzDERW2fvuAGKWnE,7-Eleven 0820 Bukit Rahman Putra,"19, Jalan BRP 7/2, Bukit Rahman Putra",Sungai Buloh,3.2291964,101.5576287,3.8,28,010-444 3868,7-Eleven,Drop,12.8
ChIJb66iBUnPzTERbsKPbxlQxTw,FamilyMart Ecohill Taipan,"No.28, -1 (Ground Floor, 5A, Jalan Ecohill 1, Setia Ecohill",Semenyih,2.9262119,101.8549614,2.5,166,,FamilyMart,Drop,12.79
ChIJd-cklxlMzDERJUHAuUgXS04,Shell,"23, Exit 1109 Kelana Jaya",Petaling Jaya,3.104873,101.597528,3.2,52,03-7803 2014,Fuel only,Drop,12.7
ChIJY6HREWNUzDERGMcUb2qrvRM,7-Eleven Klang Utama 2050,"20, Jalan Sungai Puloh 14, Taman Sungai Puloh",Klang,3.0790525,101.4204753,3.6,33,,7-Eleven,Drop,12.69
ChIJqWdJG9tLzDERGoZEppVooSY,FamilyMart Amcorp Mall,"G-02, Ground Floor, PJ Tower, 18, Persiaran Barat",Petaling Jaya,3.104653599999999,101.646639,2.6,130,,FamilyMart,Drop,12.68
ChIJdVurbH_LzTERABeOpOrhNuw,7-eleven Taman Sentosa Villa (1574),"29, 15, Jalan Sentosa Villa 1/1, Bandar Kajang",Kajang,2.9944357,101.794131,4.8,13,,7-Eleven,Drop,12.67
ChIJ28iTKonMzTER3JV_YOL8GsA,7-Eleven TTDI GROVE (2146),"No 6-1, Ground Floor, 1, Jalan TTDI Grove 3/1",Kajang,2.9977838,101.812181,3.5,36,,7-Eleven,Drop,12.64
ChIJnXl9OYLLzTER7y3mXCFYm18,FamilyMart Kajang,"Ground floor, No.26, Jalan Tun Abdul Aziz, Bandar Kajang",Kajang,2.9916111,101.791089,2.7,105,,FamilyMart,Drop,12.59
ChIJhTw2irtLzDERAv4f358SwVc,FamilyMart Bandar Kinrara,"53-G, Jalan BK 5a/2, Bandar Kinrara",Puchong,3.0465138,101.6457375,2.5,153,,FamilyMart,Drop,12.59
ChIJh1FJRjXdzTERG-2xBOe6yDc,FamilyMart Centrepoint Seremban,"G-14, Ground Floor, Centerpoint Seremban, 33, Jalan Dato Siamang Gagap, Betaria Business Centre",Seremban,2.723466,101.9552558,2.7,104,,FamilyMart,Drop,12.57
ChIJ6WmRWA83zDER8M31evmODXI,CAFé by 7-Eleven Ampang Jaya (18),"18, Lorong Kerja Ayer Lama",Ampang Jaya,3.1607742,101.7585684,3.9,24,03-4257 8867,7-Eleven,Drop,12.55
ChIJkSOHUkFLzDEROTABS_JFkBo,Shell,"Lebuhraya Bukit Jalil, Jln Pintasan Puchong, Sungai Besi",Puchong,3.049118,101.633394,3.3,43,03-8075 9840,Fuel only,Drop,12.49
ChIJJ6XWPH5HzDER05RHQEJ8-wE,7 Eleven 0046 Taman Greenwood,"5, Jalan 10, Taman Greenwood",Batu Caves,3.233677,101.706093,4.1,20,03-6189 5828,7-Eleven,Drop,12.48
ChIJE70WF_BIzDERRYstdoO0Y04,FamilyMart,"28, Jalan 24/70a, Desa Sri Hartamas",Kuala Lumpur,3.1628722,101.6507115,2.8,85,,FamilyMart,Drop,12.47
ChIJNTNSgzfLzTERHgqkptxflcg,FamilyMart Bangi Seksyen 9,"No.23, Ground Floor, Jalan Medan Pusat 2d, Seksyen 9",Bandar Baru Bangi,2.963453099999999,101.7527776,2.5,140,,FamilyMart,Drop,12.37
ChIJO3E4UJzLzTERCuP_JR8Nyy4,FamilyMart Seri Kembangan,"11, Jalan 18/33A, Taman Sri Serdang",Seri Kembangan,3.0087466,101.7146049,3.1,53,,FamilyMart,Drop,12.37
ChIJl2ocwRFbzDERsJgwf8Iwr4A,CAFé by 7-Eleven Eco Grandeur (2830),"Eco Grandeur, 10-G, Jalan Eco Grandeur 1/9A",Puncak Alam,3.2328257,101.4504467,4.0,21,,7-Eleven,Drop,12.36
ChIJZz8BGXXMzTERCMC0tBLSs1g,CAFé by 7-Eleven Kajang Utama (1110),"1, Jalan Seksyen 3/9, Taman Kajang Utama",Kajang,2.974914999999999,101.800449,3.5,33,,7-Eleven,Drop,12.34
ChIJETYVgq80zDERGtGjyVau7po,Shell,"1, Jalan Sungai Long, Bandar Sungai Long",Kajang,3.041971,101.789376,3.4,36,03-9074 1861,Fuel only,Drop,12.28
ChIJF-Hbn5yszTERja2Pi0W_bPE,"FamilyMart Bukit Tinggi, Klang","8, Lorong Batu Nilam 4a, Bandar Bukit Tinggi 1",Klang,3.0078898,101.4389899,2.6,111,,FamilyMart,Drop,12.27
ChIJu1XoRnVbzDERcceDtFbDpsM,FamilyMart 0362 Saujana Utama 3,"88G, Jalan Bidara 6/3, Saujana Utama 3",Sungai Buloh,3.2020081,101.4874384,2.6,110,013-436 6574,FamilyMart,Drop,12.24
ChIJTTR0JPzDzTERkcOIevYRe4I,Shell,"Toll road Kg Kering, Lebuhraya Utara-Selatan",Labu,2.755309200000001,101.8524627,3.8,24,013-764 2422,Fuel only,Drop,12.23
ChIJsxY4sIFSzDERdbRN_qlxh1U,myNEWS.com,"Jalan Pembangunan, Seksyen 14",Shah Alam,3.0732798,101.5235188,3.8,24,,MyNEWS,Drop,12.23
ChIJfzAWp1w2zDER90aPlI3AECA,CAFé by 7-Eleven Pandan Jaya KL (62),"15, Jalan Pandan 3/5, Pandan Jaya",Kuala Lumpur,3.1361309,101.741969,3.9,22,,7-Eleven,Drop,12.23
ChIJ8QV3GmA2zDERsuCxN_5naJo,CAFé by 7-Eleven Pandan Indah 2 (325),"No. 12G (GF, 3A, Jalan Pandan Indah 3, Pandan Indah",Kuala Lumpur,3.1229745,101.750933,3.8,24,,7-Eleven,Drop,12.23
ChIJj0J15LgXzDERR5hZpBYAPSo,CAFé by 7-Eleven Colmar Tropicale (2637),"Unnamed Road, Bukit Tinggi",Bentong,3.400595399999999,101.8396602,3.7,26,,7-Eleven,Drop,12.19
ChIJZXqnZInJzTERW5FkqRDy6-w,Shell Jenderam,"Jalan Kajang-Dengkil Lot Pt 11916, Hsm 715, B18",Dengkil,2.888522,101.735473,3.2,44,012-697 0767,Fuel only,Drop,12.18
ChIJwd97bx-xzTERNtIbECC4AxA,FamilyMart Bandar Saujana Putra,"41-G, 1, Jalan SP 1, Bandar Saujana Putra",Jenjarom,2.952196,101.5775553,2.5,129,,FamilyMart,Drop,12.17
ChIJx2Djh3SzzTERNf2aJcbaV6s,CAFé by 7-Eleven Puchong Prima (458),"F-01, 02, Jalan Prima Utama 5/3, Taman Puchong Prima",Puchong,2.9997861,101.5956023,3.3,38,,7-Eleven,Drop,12.09
ChIJmwvMLAnezTERHICkZz7dpb0,CAFé by 7-Eleven Paroi Jaya (767),"No. 422 (GF, Jalan Cenderawasih 2, Taman Paroi Jaya",Seremban,2.7301384,101.9860771,3.8,23,,7-Eleven,Drop,12.08
ChIJlQcG8is2zDERPFjVzpGw4zQ,7-Eleven,"144, Jalan Bukit Bintang, Bukit Bintang",Kuala Lumpur,3.1474735,101.7119496,3.0,55,03-2142 1897,7-Eleven,Drop,12.08
ChIJq_cvvtLLzTERUXXzNTPVEbg,CAFé by 7-Eleven Bandar Baru Bangi (2503),"No.38, Ground Floor, Jalan Medan Pusat 2c, Persiaran Bangi",Bandar Baru Bangi,2.9632346,101.7534205,3.0,54,,7-Eleven,Drop,12.02
ChIJK-H4NXvLzTER4zjdD2grPEg,Family Mart Jade Hills,"36, Jalan Dataran Jade 5, Jade Hills",Kajang,2.9931393,101.7604648,2.7,82,019-698 8014,FamilyMart,Drop,11.93
ChIJ8Sw8fOJTzDERhWRYwRfzYZA,FamilyMart Shah Alam Seksyen 7,"No 17, Jalan Plumbum R7/R, Seksyen 7",Shah Alam,3.067857799999999,101.4894826,2.5,117,011-1653 1481,FamilyMart,Drop,11.93
ChIJD5BdkbzIzTERNGAwcT9bvlk,7-Eleven 1945,"12, Jalan Seri Putra 3/13, Bandar Seri Putra",Kajang,2.8872371,101.779797,3.8,22,,7-Eleven,Drop,11.91
ChIJFWNcnDdLzDERdjY1LaerQQQ,CAFé by 7-Eleven Kinrara Town 5A (2724),"Ground Floor, 45, Jalan BK 5a/2, Bandar Kinrara",Puchong,3.0465366,101.6453676,3.8,22,,7-Eleven,Drop,11.91
ChIJdbsGCGQ4zDERtdnPFi-NYHU,7-Eleven 0367 Jalan Melati Setapak,"2.56, Jalan Melati 12/5, Taman Melati",Kuala Lumpur,3.2249585,101.723353,3.8,22,03-4107 3196,7-Eleven,Drop,11.91
ChIJm7M11q9TzDER7NREcF1Gfn0,FamilyMart Setia Alam • Prima,"22-1, Sek U13, 1, Jalan Setia Prima B U13/B, Setia Alam",Shah Alam,3.0967541,101.4456961,2.7,81,,FamilyMart,Drop,11.9
ChIJE9NRNBhMzDERKJV61u1JE00,FamilyMart Paradigm Mall,"Lot CC-08, Concourse Floor N 0, 1, Jalan SS 7/26a",Petaling Jaya,3.105357699999999,101.5953267,2.5,115,,FamilyMart,Drop,11.88
ChIJzxG-l1qszTER_1gPpnAvSqA,7-Eleven,"23, Lorong Sanggul 1a, Bandar Puteri",Klang,2.9881938,101.4672123,3.9,20,03-5161 0445,7-Eleven,Drop,11.87
ChIJ8zGTRPFMzDER4VQ6CQ8psnI,7-Eleven,"86, Jalan SS 14/1",Subang Jaya,3.0678733,101.5864537,3.6,26,03-5632 1300,7-Eleven,Drop,11.87
ChIJp0oAdPdGzDERnlIL2CW8pAA,7-Eleven 0337 Taman Intan Baiduri,"23, Jalan Intan Baiduri 6/1b, Taman Intan Baiduri",Kuala Lumpur,3.2335413,101.6485551,3.9,20,03-2114 2337,7-Eleven,Drop,11.87
ChIJhyAMqFBbzDERCckOGqnzVM8,7-Eleven 2586 Taman Tasik Biru,"B-1, 14, Jalan Laguna 1, Taman Tasik Biru",Rawang,3.2473067,101.524218,4.1,17,,7-Eleven,Drop,11.85
ChIJrXedKmb1zDERwBaDZ765Fcg,FamilyMart Caltex Kuala Selangor,"Lot 139 Batu 2, Jalan Kuala Selangor, Klang",Kuala Selangor,3.3149175,101.2769927,2.6,94,,Fuel only,Drop,11.84
ChIJt1bCo9U3zDEROktvtldNW3I,7-Eleven,"8, Jalan Perak",Kuala Lumpur,3.153909,101.708493,3.3,35,,7-Eleven,Drop,11.83
ChIJJXigKMhNzDERGuM8yOIppo8,FamilyMart 0420 Radia Commercial,"G-23, Radia Commercial, Persiaran Arked",Shah Alam,3.1014745,101.5356318,2.5,110,,FamilyMart,Drop,11.77
ChIJBRoXM-lgzDERevHOliaN-xo,7-Eleven 0530 Bestari Jaya,"A-2, Jalan Besar, Pekan Batang Berjuntai",Batang Berjuntai,3.3784517,101.4056328,3.8,21,03-3271 6826,7-Eleven,Drop,11.75
ChIJ5S7aBSVIzDERkzVIUXF57cQ,7-Eleven,"396, Jalan Tuanku Abdul Rahman, Chow Kit",Kuala Lumpur,3.1631521,101.6978792,3.0,49,,7-Eleven,Drop,11.74
ChIJ46VwiCNKzDERiu0WlDo9mEs,Shell,"164, Old Klang Road, 2-109e, BT 3 1/4",Kuala Lumpur,3.105625,101.678491,3.3,34,03-7982 3163,Fuel only,Drop,11.73
ChIJTe3j2lRDzDERb0MGlwzXsj8,FamilyMart Rawang,"No. A1-G, Jalan Rawang, Pusat Perniagaan R.E.E.F 2",Rawang,3.3073157,101.5863279,2.3,163,,FamilyMart,Drop,11.73
ChIJCXXxJMPFzTERLwPpLZC448g,CAFé by 7-Eleven Nilai Industry (731),"802, Jalan Nilai 3/4, Kawasan Perindustrian Nilai 3",Nilai,2.853250600000001,101.8049065,3.3,33,,7-Eleven,Drop,11.64
ChIJdX3o17b3zDERnvHhd7IivZM,Shell,"Jalan Kuala Selangor, Lot 16 Section 2, Jalan Kapar, Pekan Jeram",Jeram,3.227403,101.31536,3.3,33,03-3264 0610,Fuel only,Drop,11.64
ChIJ-YMrl69NzDERL92dRJuGJ_Q,FamilyMart Sunway Monash Residences,"Lot L2-02-01A, Sunway Monash Residence, Persiaran Tasik Barat, Sunway South Quay",Subang Jaya,3.063201799999999,101.5996253,3.7,22,,FamilyMart,Drop,11.6
ChIJLdu-_dRFzDERpx7vtsxL5jk,7 Eleven 2590 D'Sara Sentral,"Seksyen U19, R-G-3A, Lot 4629, Ground Floor, Jalan Welfare, Kampung Baru Sungai Buloh, Sungai Buloh Sentral",Shah Alam,3.188561999999999,101.5312217,3.7,22,,7-Eleven,Drop,11.6
ChIJAwnIS6dTzDERskIO-VhUiZc,FamilyMart Alam Avenue,"Unit A-2-G, Jalan Serai Wangi F 16/F, Alam Avenue",Shah Alam,3.0579242,101.4915571,3.6,24,,FamilyMart,Drop,11.59
ChIJtd_f_ay2zTERjRzfGP7rCfc,CAFé by 7-Eleven Putra Perdana Puchong (364),"No. 32-G (GF, Jalan Putra Perdana 1/1, Taman Putra Perdana",Puchong,2.9485472,101.6182918,3.8,20,,7-Eleven,Drop,11.57
ChIJIzkrRo9MzDER0FBJaIErFao,FamilyMart • Bandar Sunway,"17, Jalan PJS 11/9, Bandar Sunway",Petaling Jaya,3.068149,101.603104,2.4,123,,FamilyMart,Drop,11.57
ChIJ14yJhBa_zTERqfStriWVVMU,FamilyMart KLIA2 Domestic Departure,"Public Concourse (Landside), KLIA2, Departure Gate",Sepang,2.7439324,101.6857839,3.0,46,,FamilyMart,Drop,11.55
ChIJB3LmoQ1HzDERUxRLD9GwSUY,myNEWS (Maru Kafe) Laman Seri Harmoni LSH 33,"Lot G-3A, Laman Seri Harmoni (LSH33, 3, Jalan Batu Muda Tambahan 3, Sentul",Kuala Lumpur,3.2090964,101.6919985,4.5,12,,MyNEWS,Drop,11.54
ChIJJct3exytzTER98bS_cXtdF0,7-Eleven,"1, Jalan Kemuning Indah S32/S, Kemuning Utama",Shah Alam,3.0083963,101.5246124,3.9,18,,7-Eleven,Drop,11.48
ChIJKaQoShhNzDERXOP_ejQqOiw,FamilyMart SS15 (2),"63, Jalan SS 15/8a",Subang Jaya,3.074083799999999,101.5899924,2.7,69,,FamilyMart,Drop,11.47
ChIJmdRwn5bKzTERyjYAj-SQIFQ,7 Eleven 442,"No. 12, Jalan Desa Serdang 2, Taman Desa Serdang",Seri Kembangan,3.0100373,101.7236516,3.3,31,03-8944 2203,7-Eleven,Drop,11.44
ChIJMZ8KgJA2zDER9Cm5zWxAIyE,7-Eleven 1286,"No. 13 (GF, Jalan 11, Taman Putra",Ampang,3.1211586,101.7664584,3.6,23,,7-Eleven,Drop,11.44
ChIJAZ1waABtzDERxLjUR99F4Cw,FamilyMart Petron Rasa,"Lot 6518, A portion of Petron Rasa, Batu 33 ½, Jalan Kuala Lumpur, Ipoh",Rasa,3.4961622,101.6402819,3.1,39,,FamilyMart,Drop,11.44
ChIJ5_6lbxC_zTERd2HPkvHyBfQ,7-Eleven 2644 KLIA Level 5,"Kuala Lumpur International Airport - Main Terminal, Kuala Lumpur International Airport",Sepang,2.7538966,101.7055574,3.0,44,,7-Eleven,Drop,11.42
ChIJoV4q5pJRzDERhVj5PUzUhzk,CAFé by 7-Eleven Setia Gemilang Selangor (2042),"No 129 (GF, Jalan Setia Gemilang BG U13/BG, Setia Alam",Shah Alam,3.1259926,101.4719717,4.3,13,,7-Eleven,Drop,11.35
ChIJwYBbAFxHzDERCT4gM1iBqUE,FamilyMart Taman Selayang Utama,"No 3, Jalan SU 10, Taman Selayang Utama",Batu Caves,3.2372061,101.643571,2.4,112,03-6127 1130,FamilyMart,Drop,11.35
ChIJ-yDUx8i3zTERbqt7T5_TOTA,FamilyMart Menara Ikhlas,"Ground Floor, Retail F&B 3, 17, Persiaran Perdana, Presint 3",Wilayah Persekutuan,2.9185102,101.68618,2.2,172,,FamilyMart,Drop,11.34
ChIJGQc0HNzdzTERK5sL7ougqaQ,FamilyMart Sikamat,"No. 9 (Ground Floor), Jalan Seri Pandan 1, Taman, Persiaran Seri Pandan, Kampung Sikamat Lama",Sikamat,2.7476241,101.9715171,3.6,22,,FamilyMart,Drop,11.29
ChIJ3dwqcYlHzDERX-g_hbqqcXM,myNEWS Prima Sri Gombak,"NO. 90-G, Jalan Prima SG 3, Prima Seri Gombak",Batu Caves,3.237512,101.700384,4.4,12,03-6734 0393,MyNEWS,Drop,11.29
ChIJAQAMmkZTzDERisj9XKFkrPo,Shell,"1, 2 Batu 1, Jalan Kapar",Klang,3.054329,101.446239,3.3,29,03-3342 6492,Fuel only,Drop,11.22
ChIJOcllrgK3zTER8xeXriRQZ_8,7 Eleven,"Biz Avenue 2 Neocyber, Block G, No. 50-G, Lingkaran Cyber Point Barat, Cyberjaya, Selangor",Dengkil,2.9156836,101.65026,4.5,11,018-244 2060,7-Eleven,Drop,11.18
ChIJkx9S3Kg3zDERRW_J2YRIl6s,7-Eleven M City Ampang,"326, Jalan Ampang, Kampung Berembang",Kuala Lumpur,3.1589713,101.7478776,4.1,14,,7-Eleven,Drop,11.1
ChIJzaaIosq5zTERaKeoo5E8DVc,FamilyMart Caltex SIP Sepang,"2, Jalan SIP 1A, Suria Industrial Park",Sepang,2.800749,101.6854422,3.7,19,011-5163 5228,Fuel only,Drop,11.08
ChIJ0fdAJie3zTERgw2ystPvrcY,FamilyMart Edusphere Cyberjaya,"Unit D4-G-10, Atelier Centre, Edusphere",Cyberjaya,2.9335269,101.6369303,3.9,16,,FamilyMart,Drop,11.05
ChIJw4tpeIWtzTERNG5PVFsQmL8,7-Eleven,"No 19 (Gf) Jln Sg Damansara B32/B, Berjaya Park, Section 32, 40460 Shah Alam, Selangor, 40460, Shah Alam",Selangor,2.98688,101.516199,3.9,16,03-5740 8710,7-Eleven,Drop,11.05
ChIJQQ5xXj82zDERHyQZnmivCDI,CAFé by 7-Eleven Maluri Kl (17),"211-213, Jalan Perkasa 1 Bangunan Dirikon, 211, Jalan Perkasa 1, Maluri",Kuala Lumpur,3.1302138,101.7322622,3.9,16,,7-Eleven,Drop,11.05
ChIJvVfK1vxHzDERDsYDF4IFwWQ,7-Eleven 0447 Taman Dato Senu,"74, Jalan Dato Senu 4, Taman Dato' Senu",Kuala Lumpur,3.193612,101.6958971,3.6,20,03-4043 9684,7-Eleven,Drop,10.96
ChIJFSZgG5E3zDER75WbcjfD8J4,7-Eleven,"No. 28 (GF, Jalan AU 1a/4a, Taman Keramat",Ampang,3.1773286,101.7378797,3.6,20,03-4257 2643,7-Eleven,Drop,10.96
ChIJS_fESrc3zDER6hEecv-lfXA,FamilyMart Ampang Point,"87 (Ground Floor, Lorong Memanda 1, Ampang Point",Ampang,3.1588749,101.7510603,2.1,181,,FamilyMart,Drop,10.93
ChIJYVPo8sFOzDERWjYodF4WWb8,7-Eleven,"B-0-6, Persiaran Tropicana, Casa Tropikana",Petaling Jaya,3.1374556,101.5946944,3.3,26,03-7883 0915,7-Eleven,Drop,10.88
ChIJYTOdVABbzDERvNo7QnrmCAM,FamilyMart KIP Mall Desa Coalfields,"LG28, KIP Mall, Jalan DC 4/5, Desa Coalfields",Sungai Buloh,3.2358413,101.4896989,3.3,26,,FamilyMart,Drop,10.88
ChIJWxif64NZzDER6udu0LAxCCg,7-Eleven 0679 Bandar Puncak Alam,"32, Lorong Naluri Sukma A8/A",Puncak Alam,3.2294365,101.4269823,3.3,26,,7-Eleven,Drop,10.88
ChIJ97wGffK1zTERdb192QGlf2M,FamilyMart Caltex LDP Batu 14,"Lot 58753, Jalan Puchong Batu 14",Puchong,2.9874949,101.6255337,2.3,112,,Fuel only,Drop,10.87
ChIJgQTxUmZLzDERkYieQ26iCDc,FamilyMart Taman Sri Manja,"No. 33, Ground Floor, Jalan PJS 3/48, Taman Sri Manja",Petaling Jaya,3.0735231,101.64884,2.7,55,,FamilyMart,Drop,10.87
ChIJX0kpW-k3zDERDIQ_VS9PNHM,FamilyMart Caltex Setiawangsa,"12914, Jalan 37/56, Taman Setiawangsa",Wilayah Persekutuan,3.1776301,101.7375995,2.5,75,,Fuel only,Drop,10.83
ChIJJaihFF7LzTERQ9gAZf6tKYI,CAFé by 7-Eleven Saujana Impian Kajang (869),"10, Jalan Impian Perdana 1 Bandar Baru, Saujana Impian",Kajang,3.013999700000001,101.7933773,3.5,21,011-2801 4291,7-Eleven,Drop,10.82
ChIJ2RFXXotpzDERw86k2o2XLOM,CAFé by 7-Eleven Caltex Serendah (3119),"Lot 9, Seksyen 19, Mukim",Daerah Ulu,3.370616,101.610304,3.5,21,,Fuel only,Drop,10.82
ChIJ6TuyRADFzTERaoTjg7UelyQ,SHELL,Jalan Mutiara,Nilai,2.846231,101.814667,3.9,15,019-413 7600,Fuel only,Drop,10.81
ChIJbWyXZJe3zTERPMVZNBbfvtg,CAFé by 7-Eleven Masreca Cyber 10 (3149),"Masreca, No. 32, Ground Floor, Jalan 19/1, 19, Persiaran Rimba Permai, Cyber 10",Cyberjaya,2.901284,101.6300519,3.4,23,,7-Eleven,Drop,10.81
ChIJr8dJNby3zTERqROKEhbZ650,FamilyMart DPulze,"Lot-21B, Dpulze, Lingkaran Cyber Point Timur, Cyber 12",Cyberjaya,2.921891,101.6512754,2.1,171,,FamilyMart,Drop,10.81
ChIJFb744BA1zDER3VPzr_5-pYw,FamilyMart Bandar Damai Perdana,"No. 18, Jalan Damai Perdana 1/9a, Bandar Damai Perdana",Cheras,3.045922,101.7393,2.2,134,,FamilyMart,Drop,10.79
ChIJfQSV6BnezTER1q2kwlM9Qn8,7-Eleven,"GF, No 1426, 2, Jalan Cengal 10/2, Taman Ampangan",Seremban,2.726545299999999,101.9987451,3.6,19,,7-Eleven,Drop,10.78
ChIJ65n_kXPPzTERZmh6yhcJPpg,CAFé by 7-Eleven Eco Majestic 10 (2920),"2920, Jalan Eco Majestic 10/1A",Beranang,2.9015423,101.8352732,2.8,46,,7-Eleven,Drop,10.78
ChIJj_RsIOdMzDERSoxTgbxqsTQ,7-Eleven Cafe USJ 4 025,"20, Jalan USJ 4/1, Usj 4",Subang Jaya,3.056701,101.5772478,3.6,19,03-5637 2130,7-Eleven,Drop,10.78
ChIJcW7JRQJJzDER8-pEARb_NUY,CAFé by 7-Eleven Bukit Damansara (312),"73, Jalan Medan Setia 1",Kuala Lumpur,3.1502412,101.6538421,3.2,28,,7-Eleven,Drop,10.78
ChIJT-uKRX3GzTERUD5FkGgK1_Q,7 Eleven,Nilai,"Kuala Lumpur, Petaling Jaya, Shah Alam, Klang, Subang Jaya, Cheras, Ampang, Cyberjaya, Putrajaya, Kajang, 68100 Selayang, Damansara",2.8374096,101.7873246,3.8,16,,7-Eleven,Drop,10.77
ChIJ0T52w5W_zTERA-EOgTjSOx4,7-Eleven KLIA Terminal 2,"L3-32A, L3-32A, KLIA2 Departure Lane",Kuala Lumpur International Airport,2.744118799999999,101.6857778,2.6,61,,7-Eleven,Drop,10.73
ChIJJf7IgPrnzTERc_kr2G45mYI,FamilyMart • Seremban Gateway,"Ground Floor, Lot No 10 (A, Seremban Gateway, Jalan Sungai Ujong",Seremban,2.7170161,101.9195687,2.2,128,013-947 1702,FamilyMart,Drop,10.69
ChIJ67Qm0lWtzTERL5zeSeKjWOc,FamilyMart Sentosa Klang,"No. 6, Jalan Dato Yusuf Shabuddin 30, Taman Sentosa",Klang,3.0104808,101.4660532,2.6,60,,FamilyMart,Drop,10.69
ChIJo1ieY2RczDERcVbZwI1i-n8,"7-Eleven Bandar Tasik Puteri, Rawang 0511","47-G-A, Jalan 7A/3, Bandar Tasik Puteri",Rawang,3.2847401,101.4727699,3.4,22,03-6034 4232,7-Eleven,Drop,10.66
ChIJ-3Kj6tmzzTERjtbhLKSLEOs,FamilyMart Putra Heights,"19, Jalan Putra Mahkota 7/6c, Pusat Bandar Putra Point",Subang Jaya,2.9963773,101.57355,2.2,125,,FamilyMart,Drop,10.64
ChIJeabGGzdPzDERVzK9CC53B_M,FamilyMart Subang Bestari,"1-G, Jalan Nova U5/N, Subang Bestari Sek U5, Subang Bestari Sek, U5 Shah Alam",Shah Alam,3.178882999999999,101.5477956,2.4,83,,FamilyMart,Drop,10.63
ChIJR-miPmu2zTEROmmtQp8RfQo,CAFé by 7-Eleven Putrajaya (314),"Block C-T.00-U, 08 (GF, Jalan P8c/1, Presint 8",Putrajaya,2.9389855,101.6829368,3.3,24,,7-Eleven,Drop,10.62
ChIJYUHGGAA1zDERECbF2Xgw4dg,"FamilyMart You City Retail, Taman Suntex","No. G-09, Jalan Persiaran You City, Taman Suntex, Pekan Batu 9",Cheras,3.0730771,101.7628325,2.6,58,,FamilyMart,Drop,10.6
ChIJGRmq707JzTER3ubWWUywxys,CAFé by 7-Eleven Villa Tropika Apartment (1824),"Lot 11-G, Villa Tropika Aparment, Jalan Villa Tropika, Taman Villa Tropika",Kajang,2.941031,101.7903066,3.0,33,,7-Eleven,Drop,10.58
ChIJOQzW9wtHzDER2NkjI6ZGE4U,FamilyMart Taman Samudra,"13A-G, Prima Samudera, Jalan 11, Lorong Samudera Utara, Taman Samudra",Batu Caves,3.234084,101.6952502,3.0,33,,FamilyMart,Drop,10.58
ChIJdbogTJDozTERi8At0IW5gDo,7-Eleven,"1776, Jalan Nusari Bayu 7/2, Bandar Sri Sendayan",Seremban,2.6683966,101.8752141,3.9,14,,7-Eleven,Drop,10.56
ChIJNZBVQX01zDERVAJptwcVoE4,7-Eleven,"39 (GF, Jalan 8/146, Bandar Tasik Selatan",Kuala Lumpur,3.0720013,101.7117623,3.9,14,,7-Eleven,Drop,10.56
ChIJSYd_Ow41zDERcwSH2fsu9iU,FamilyMart Lake FIelds,"63A, Jalan Tasik Utama 3, The Trillium, Lake Fields, Sungai Besi",Kuala Lumpur,3.0619769,101.7111153,2.3,97,,FamilyMart,Drop,10.55
ChIJ2ZkoQ-FLzDERJ8Lxglu1dy8,FamilyMart PJ Seksyen 14,"No. 13, Jalan 14/20",Petaling Jaya,3.1095615,101.6363923,2.1,148,,FamilyMart,Drop,10.51
ChIJpUfAPItHzDERTi4yjkcBN9c,FamilyMart Bandar Baru Selayang,"Unit 73G, Ground Floor, Jalan 2/16, Baru Selayang",Batu Caves,3.2563787,101.6560377,3.4,21,,FamilyMart,Drop,10.51
ChIJRZ_hadTPzTERVlEkiGXM2uA,CAFé by 7-Eleven Eco Majestic Selangor (2642),"No 3-1, Ground Floor, Eco Majestic, Jalan Eco Majestic 3A/1",Semenyih,2.9099895,101.8516657,3.0,32,,7-Eleven,Drop,10.49
ChIJV8b7BMTLzTERgQ3FNR2OGPo,CAFé by 7-Eleven Jade Hills (3023),"50-1, Jalan Dataran Jade 6, Jade Hills",Kajang,2.9921693,101.7603503,3.3,23,,7-Eleven,Drop,10.49
ChIJRxGNl4xUzDERqh0sh2iuegQ,CAFé by 7-Eleven Rantau Panjang Klang Selangor (661),"KU-4, No. 24 (GF, Jalan Rantau Panjang, Pekan Rantau Panjang",Klang,3.0698463,101.4120172,3.0,32,012-653 8209,7-Eleven,Drop,10.49
ChIJR_aDKO5TzDERrvawBPZuIRk,CAFé by 7-Eleven Eco Ardence (2902),"Eco Ardence, No. 7, Jalan Eco Ardence D, U12/36D, Seksyen, U12 Shah Alam",Shah Alam,3.088752,101.4780927,3.3,23,,7-Eleven,Drop,10.49
ChIJ2WXPvERHzDERTgfVizPRbdE,7-Eleven Jalan Pinggiran 3/4,"1a, 37-G, 1, Jalan Pinggiran 3/4, Taman Pinggiran",Batu Caves,3.25062,101.6922668,3.5,19,03-6185 3329,7-Eleven,Drop,10.49
ChIJH_C_vDxIzDERuZ6eb3lP2wQ,CAFé by 7-Eleven Jalan Putra KL (574),"No. 70-1 (GF, Jalan Putra",Kuala Lumpur,3.1667185,101.6953397,2.9,36,,7-Eleven,Drop,10.47
ChIJ2cxaHStHzDER-ZvozuWngjw,FamilyMart Pinggiran Batu Caves,"41G, Jalan PGN 1A/1, Taman Pinggiran",Batu Caves,3.250588500000001,101.6924844,2.9,36,,FamilyMart,Drop,10.47
ChIJZWUTXgDJzTERODUNcnk9l_w,FamilyMart Bangi Avenue,"Jalan Bangi Avenue, Bangi Avenue",Kajang,2.9036008,101.7912993,2.2,114,,FamilyMart,Drop,10.44
ChIJ8VIKNLA1zDERH_QGMR0eIHg,FamilyMart Cheras Mahkota,"G-2A, Jalan Temenggung 7/9, Bandar Mahkota Cheras",Cheras,3.0525292,101.7869193,2.2,114,,FamilyMart,Drop,10.44
ChIJvdfbIi5LzDERlwwPXdnl0-g,FamilyMart Taman Kinrara,"Jalan TK 1/11a, Taman Kinrara",Puchong,3.0631722,101.6476315,3.2,25,,FamilyMart,Drop,10.43
ChIJA1fU6v62zTERGgjUUN_5_zU,CAFé by 7-Eleven Cybersquare (2296),"Jalan Teknokrat 6, Cyber 5",Cyberjaya,2.919504899999999,101.65682,3.0,31,,7-Eleven,Drop,10.4
ChIJIfrKZVRbzDERcytQjvWuheM,CAFé by 7-Eleven Bandar Sri Coalfields (3048),"Bandar Seri Coalfields, 18-G, Jalan BSC 2B/2",Sungai Buloh,3.2465863,101.4749928,3.4,20,,7-Eleven,Drop,10.35
ChIJZ9pjyfQ1zDERRTQ4fhR69Oc,Shell,Lebuhraya Hubungan Timur - Barat,Kuala Lumpur,3.092603,101.710857,3.5,18,03-9173 9177,Fuel only,Drop,10.31
ChIJf9PS1nVbzDERb4TEORX--Yg,FamilyMart 0291 Drive-thru Caltex Puncak Alam,"PT 42663, Jalan Persiaran Puncak Alam 6",Puncak Alam,3.230668,101.4508417,1.9,226,,Fuel only,Drop,10.31
ChIJsdKiiiThzTERaY3Qx8giLE4,CAFé by 7-Eleven Taman Tunku Jaafar Seremban (245),"47, Jalan Ttj S/A, Taman Tuanku Jaafar",Seremban,2.670526799999999,101.9966542,3.2,24,06-578 2163,7-Eleven,Drop,10.3
ChIJRw_quD85zDERAj33EYbtPWg,FamilyMart Wangsa Melawati,"33-G, Jalan Wangsa Setia 1, Taman Wangsa Melawati, Wangsa Melawati",Kuala Lumpur,3.2096288,101.7440405,2.4,72,,FamilyMart,Drop,10.3
ChIJF925w8xCzDERC4WtHmNeYoY,"7-Eleven Bandar Country Homes, Rawang","47, Jalan Pusat Bch 1a, Bandar Country Homes",Rawang,3.3243424,101.5260371,3.2,24,03-6733 4295,7-Eleven,Drop,10.3
ChIJk4TZ0LbnzTER3D2SzjLCUmg,7-Eleven,"6, Jalan S2 D38, Seremban 2",Seremban,2.686272,101.9171281,3.9,13,,7-Eleven,Drop,10.29
ChIJZTU67s7EzTER8EV5RSvU_wo,7-Eleven,"No. 2a (Gf), Jalan Utl 6, Bandar Universiti Teknologi Lagenda, 71700, Mantin",Negeri Sembilan,2.8220659,101.8710521,3.8,14,06-758 6550,7-Eleven,Drop,10.29
ChIJHSLQpHjGzTERKWYYDrkPbww,7 Eleven Taman Nilai Impian (1713),"No. 24 (GF), Jalan Dahlia 6/1, Laman Dahlia, Taman, Nilai Impian",Nilai,2.842090599999999,101.7973969,3.8,14,,7-Eleven,Drop,10.29
ChIJhzQYYBrBzTERurNso0msoDY,7-Eleven KLIA Quarters0673,"1, Jalan Pusat Niaga KLIA 2, Taman Memancing Istana Bunian",Nilai,2.7709045,101.7623582,3.7,15,,7-Eleven,Drop,10.26
ChIJOS2KCx3WzTERmAtetSuICYM,CAFé by 7-Eleven Kuala Klawang (1629),"No 86 (GF & 1st Floor, Jalan Dato' Moyang Salleh",Kuala Klawang,2.9393199,102.0700197,3.7,15,03-2142 1136,7-Eleven,Drop,10.26
ChIJNWVKyTc4zDERgqGQ3DlVFI4,CAFé by 7-Eleven Wangsa Melawati KL (138),"1, Jalan Wangsa Setia 1, Taman Wangsa Melawati",Kuala Lumpur,3.209069999999999,101.7434002,3.7,15,,7-Eleven,Drop,10.26
ChIJUf_fSqK5zTER0oGGkdoaDNs,FamilyMart Kota Warisan,"No. G-13 (Ground Floor), Jalan Warisan Sentral 1, KIP Sentral, Kota Warisan",Sepang,2.8182203,101.6941524,2.3,84,,FamilyMart,Drop,10.22
ChIJJRoWlEBGzDER_42UpZnorvo,CAFé by 7-Eleven Metro Kepong (262),"No. 20 (GF, Jalan Prima 8, Metro Kepong",Kuala Lumpur,3.212151,101.642531,3.1,26,03-2114 2262,7-Eleven,Drop,10.22
ChIJvdFwuHNTzDERyX-ebk7GChw,FamilyMart 0237 Caltex Eco Ardence,"Part of Caltex Eco Ardence, PT 39738, Mukim, Bukit Raja",Shah Alam,3.0899597,101.4773989,3.3,21,,Fuel only,Drop,10.2
ChIJsZnY-883zDERw9Ryg_m0pa8,7-Eleven,"218, Jalan Ampang, Kampung Datuk Keramat",Kuala Lumpur,3.160715100000001,101.728195,3.0,29,,7-Eleven,Drop,10.2
ChIJWVt53A5IzDERJFuPReJ_v1Y,CAFé by 7-Eleven Sentul Raya (1024),"No 18 (GF) Jalan 14/48A, Off, Jalan Sentul, Sentul",Kuala Lumpur,3.1851122,101.692082,2.8,37,,7-Eleven,Drop,10.19
ChIJ01wx7s1JzDERrxZrZhvhilg,CAFé by 7-Eleven Bangunan Loke Yew (508),"No. 4 (GF, Jalan Mahkamah Persekutuan",Kuala Lumpur,3.1472887,101.6947764,2.5,57,,7-Eleven,Drop,10.15
ChIJv8FHOONSzDERhumy4eMomMg,CAFé by 7-Eleven i-City (1447),"A-9-G, Jalan Multimedia 7/AH, CityPark, I-City",Shah Alam,3.06463,101.483248,3.1,25,,7-Eleven,Drop,10.1
ChIJMSyFWtFJzDERdfWHN7uOtIo,7-Eleven,"10, Jalan Pudu, City Centre",Kuala Lumpur,3.1462695,101.7005253,3.0,28,03-2078 3970,7-Eleven,Drop,10.1
ChIJDQOGx6g0zDER4KJ-U1drq2o,CAFé by 7-Eleven Sungai Long Kajang Selangor (179),"Jalan Cheras, 45, Jalan SL 1/4, Bandar Sungai Long",Kajang,3.0397826,101.7924503,2.6,47,,7-Eleven,Drop,10.07
ChIJ67oRqC3nzTERI4VvVdNQ5Qk,FamilyMart Seremban Uptown 2,"348, Jalan S2 B8, Uptown Avenue Seremban 2",Seremban,2.6961408,101.9103793,2.5,55,,FamilyMart,Drop,10.06
ChIJe1m4uJ83zDERC9QRh9RCH9s,CAFé by 7-Eleven Taman Sri Keramat (80),"17, Jalan AU 2a/17, Au 2",Kuala Lumpur,3.172065,101.7508792,3.3,20,,7-Eleven,Drop,10.05
ChIJQ5_KjFS3zTERmdgXolzGB-s,FamilyMart Cyberjaya,"Prima 4, Jalan Teknokrat 5",Cyberjaya,2.9213228,101.6565506,2.2,95,,FamilyMart,Drop,10.04
ChIJyXNpxjtHzDERj2jn1_mMRUo,CAFé by 7-Eleven Residensi Sentrum Kepong (2933),"G-6, Residensi Sentrum Kepong 2, Jalan Metro Perdana 6 Taman Kepong, Kepong",Kuala Lumpur,3.2156458,101.643924,3.8,13,,7-Eleven,Drop,10.03
ChIJ34AOuJ-szTERARapVsWg_AI,7-Eleven,"302, Persiaran Pegaga, Taman Bayu Perdana",Klang,3.0169054,101.4319855,3.4,18,03-3324 9475,7-Eleven,Drop,10.01
ChIJiSC8oZ3JzTERruNOkJRqqTs,CAFé by 7-Eleven Sungai Merab Bangi (1065),"15, Jalan 12/1, Seksyen 12",Bandar Baru Bangi,2.941998700000001,101.7506858,3.0,27,,7-Eleven,Drop,10.0
ChIJNQNhgz44zDERH4FxCy2yhY8,7-Eleven store 1211 Desa Setapak,"26, Jalan 14/27b, Desa Setapak",Kuala Lumpur,3.205639,101.7328871,3.6,15,03-4142 2269,7-Eleven,Drop,9.98
ChIJ1fiuzrBUzDER0oeEOCtWaVk,7-Eleven,Kampung Sungai Udang,Klang,3.0446928,101.4172857,4.5,8,,7-Eleven,Drop,9.89
ChIJ-4CUSkRJzDERqfTQU_Ar5O8,myNEWS • Maru Cafe • Taman Sri Hartamas,"31, Jalan Sri Hartamas 7, Taman Sri Hartamas",Kuala Lumpur,3.1577239,101.6498641,4.5,8,,MyNEWS,Drop,9.89
ChIJjWiUE6o3zDER4fgmk5ShPks,CAFé by 7-Eleven Ampang Utama (1348),"C17, Jalan Ampang 6 Utama 11, Taman Ampang Utama",Ampang,3.1543658,101.7512447,3.0,26,,7-Eleven,Drop,9.89
ChIJORjIxqlFzDERAWBUi_Xmsyg,FamilyMart Bandar Baru Sg Buloh,"Jalan 1a/3, Bandar Baru Sungai Buloh",Sungai Buloh,3.211751899999999,101.5642573,2.0,137,,FamilyMart,Drop,9.85
ChIJq1w_kBKjzTER4VzGAC0qmag,CAFé by 7-Eleven Taman Cempaka Banting (1985),Taman Cempaka,Banting,2.800362899999999,101.4934136,3.4,17,,7-Eleven,Drop,9.83
ChIJ7y2tnrvJzTERt6AP6v0ttBA,FamilyMart Seksyen 15 Bandar Baru Bangi,"No.17 GF, Jalan 15/1b, Seksyen 15",Bandar Baru Bangi,2.9335167,101.7684996,2.1,107,,FamilyMart,Drop,9.83
ChIJZ_F-iJSzzTERmN5LawxeDAo,CAFé by 7-Eleven Puchong Perdana (571),"NO.25 (GF, Jalan Perdana 3/4, Taman Puchong Perdana",Puchong,3.0067469,101.6053875,3.4,17,,7-Eleven,Drop,9.83
ChIJV2-M63BRzDERs-bOrTP6oZo,7-Eleven Setia Taipan,"No 129 (GF, Jalan Setia Gemilang BH U13/BH",Shah Alam,3.1258958,101.4719206,3.4,17,03-2142 1136,7-Eleven,Drop,9.83
ChIJqXKFN55ZzDERdjLd9bBCg8A,7-Eleven Puncak Alam Seksyen 10,"No 49-1, Ground Floor, Lorong Az-zaharah B10/B, Seksyen 10",Puncak Alam,3.2327435,101.4146893,4.1,10,,7-Eleven,Drop,9.83
ChIJYROCSCTBzTERTKlaK9P6UqY,FamilyMart Bandar Enstek,"No.26, 1A, Jalan Timur 6, Timur@Enstek",Bandar Baru Enstek,2.7475223,101.7641463,2.2,86,,FamilyMart,Drop,9.82
ChIJY5HazXZRzDERRK8GLEOLUD4,CAFé by 7-Eleven Setia Utama (2910),"32, Jalan Setia Utama AS U13/AS, Setia Alam",Shah Alam,3.1245838,101.4679378,3.0,25,,7-Eleven,Drop,9.77
ChIJH8vw9-w3zDERS15JzM-uO14,FamilyMart Gleneagles KL,"Lots 4 & 4A, Block B, Gleneagles KL",Kuala Lumpur,3.161250899999999,101.740203,2.3,69,,FamilyMart,Drop,9.77
ChIJUbcMhdvGzTERHNWnhlcwxMg,CAFé by 7-Eleven Desa Palma Seremban N9 (598),"Block Cycas, No A1-G-9 (Gf), Desa Palma, Bandar Baru Nilai, 71300, Nilai, Negeri Sembilan, Jalan Desa Palma, Bandar Baru Nilai",Nilai,2.8127529,101.7608063,3.7,13,,7-Eleven,Drop,9.76
ChIJTVYaEAWvzTERt23FuVCc08c,"7-Eleven Taman Jaya Utama, Telok Panglima Garang","40, Jalan Utama 2, Taman Jaya Utama",Telok Panglima Garang,2.9101383,101.4700538,3.6,14,03-3122 0151,7-Eleven,Drop,9.75
ChIJ4U0q1X3OzTERE3MsBtUdKA0,7-Eleven • Bandar Semenyih • Store 562,"17, Jalan Pasar Baru 2, Pekan Semenyih",Semenyih,2.9482827,101.8463504,3.8,12,03-8724 6549,7-Eleven,Drop,9.75
ChIJS3pU6YFNzDERNxRjaGaThMQ,7-Eleven,"16, Jalan Wau C 11/C, Seksyen 11",Shah Alam,3.0755696,101.5294909,3.6,14,03-5511 5125,7-Eleven,Drop,9.75
ChIJESBDJ9xMzDERyqdrjt0zxMg,7-Eleven USJ 4 store1446,"14, Jalan USJ 4/6b, Usj 4",Subang Jaya,3.051198,101.5761719,3.8,12,03-8023 4184,7-Eleven,Drop,9.75
ChIJca7OaIM2zDER5e67SCr_PSg,7-eleven,"69, Jalan Bunga Tanjung 18, Taman Seraya",Ampang,3.115372,101.7618892,3.8,12,03-2144 1807,7-Eleven,Drop,9.75
ChIJlYn2WuFNzDERSXuNi8TDZBo,"7-Eleven Seksyen U8, Bukit Jelutong","29, Jalan G U8/G, U 8",Shah Alam,3.1095609,101.5425589,3.2,20,03-7846 9719,7-Eleven,Drop,9.74
ChIJ_SOcQQFJzDERnKUNQel64YU,myNEWS,"UNIT NO. C-0G-01 & C-0B-01, GF & BASEMENT, AMAN AMAN WALK, 4, Jalan Kiara 2, Mont Kiara",Kuala Lumpur,3.1722932,101.654744,5.0,6,03-6206 3098,MyNEWS,Drop,9.73
ChIJ_RZQdHZTzDERkZqUnqF0Hig,FamilyMart Petron Setia Impian,"Section U13, 2, Persiaran Setia Impian, Bandar Setia Alam",Shah Alam,3.1016046,101.4440589,2.2,82,,FamilyMart,Drop,9.72
ChIJF6DQIaFzzDERoQ2uybJGKxQ,CAFé by 7-Eleven Kuala Kubu Bharu (486),"16, Jalan Abdul Hamid, Pekan Kuala Kubu Bharu",Kuala Kubu Baru,3.5633319,101.6581829,3.3,18,,7-Eleven,Drop,9.72
ChIJ09hs8z7EzTERXekxDxkbRCk,Shell,"Lt Pt 12876, Jalan Pajam - Nilai - Salak",Nilai,2.815494,101.813578,3.5,15,06-799 8006,Fuel only,Drop,9.7
ChIJf1dmPcetzTERb-SE_6F8pP8,FamilyMart Jalan Kebun,"No 25, Jalan Kebun Nanas 7A/KS8",Klang,2.9610008,101.5172183,2.3,67,,FamilyMart,Drop,9.7
ChIJWzZ7QqLLzTERr6wNxOP8T-0,FamilyMart IOI City Mall,"LG-72, Lower Ground Floor, IOI City Tower Two, Lebuh IRC",Ioi Resort,2.9693997,101.7124904,2.0,126,,FamilyMart,Drop,9.69
ChIJs5aoipvNzTERblPGYtic3uU,7 eleven (2558),Semenyih,"Kuala Lumpur, Petaling Jaya, Shah Alam, Klang, Subang Jaya, Cheras, Ampang, Cyberjaya, Putrajaya, Kajang, 68100 Selayang, Damansara",2.9588351,101.8393802,3.9,11,,7-Eleven,Drop,9.69
ChIJAVSieqhRzDERcjdXhAv2cHk,7-Eleven,"Jalan Pulau Lumut P U10/P, Alam Budiman",Shah Alam,3.1445268,101.4815025,3.9,11,,7-Eleven,Drop,9.69
ChIJlcxjAR3bzTER1Xvuv-b96zA,myNEWS (Maru Kafe) Pusat Perniagaan Bunga Raya Mantin,"NO. 2 (GF), JALAN PUSAT PERNIAGAAN BUNGA RAYA 1 PUSAT PERNIAGAAN, Jalan Bunga Raya",Mantin,2.8172854,101.9060791,4.4,8,06-758 4723,MyNEWS,Drop,9.67
ChIJN-0AK_E1zDERHpwMx_WGT8Q,7-Eleven,"No. 22, Jalan Dwitasik, Dataran Dwitasik",Kuala Lumpur,3.099469099999999,101.7126951,4.2,9,03-9171 2410,7-Eleven,Drop,9.67
ChIJpdKTONy2zTER0cjdhYxq0bM,7-Eleven2321,Cyberjaya,"Kuala Lumpur, Petaling Jaya, Shah Alam, Klang, Subang Jaya, Cheras, Ampang, Cyberjaya, Putrajaya, Kajang, 68100 Selayang, Damansara",2.9224783,101.6345396,3.0,24,,7-Eleven,Drop,9.66
ChIJ4Rn6NvzLzTERssoZhjwDJDY,CAFé by 7-Eleven Hentian Kajang (1074),"3, Jalan Hentian 1, Hentian Kajang Phase 3",Kajang,2.9570486,101.7910234,3.0,24,,7-Eleven,Drop,9.66
ChIJ0W6nVIQ2zDERYpGVewZB4zQ,CAFé by 7-Eleven Tmn Muda Cheras Kuala (61),"82, Jalan Bunga Tanjung 10, Taman Muda",Kuala Lumpur,3.118606999999999,101.760263,3.4,16,,7-Eleven,Drop,9.63
ChIJ00PW4rxPzDERCQXKlsZ92QU,FamilyMart Subang Perdana,"U3, No. 47-G, Ground Floor Jalan Dinar U3/G, Seksyen, Taman Subang Perdana",Shah Alam,3.1503148,101.5433068,3.4,16,,FamilyMart,Drop,9.63
ChIJqUjzKIJXzDER_70vEy_Krxo,FamilyMart Kapar,"270, Lorong Dato Kaya Kecil 5, Taman Kapar",Kapar,3.1390434,101.3698473,2.2,78,,FamilyMart,Drop,9.61
ChIJraN3Sng1zDERWpfAH_5VSp4,CAFé by 7-Eleven Bandar Sungai Long II Selangor (3182),"22-G, Jalan SL 1/2, Bandar Sungai Long",Kajang,3.0399178,101.7936438,3.1,21,,7-Eleven,Drop,9.58
ChIJiUfeKz7LzTEReERXPll5c5U,FamilyMart Metropoint Kajang,"Lot G2, Ground Floor, Metro Point Complex, Jalan Jelok 6",Kajang,2.991795,101.7941367,2.2,76,,FamilyMart,Drop,9.56
ChIJcw2Gvp70zDERuOOSSYYpzcg,CAFé by 7-Eleven Bandar Melawati (456),"38, Jalan Melati 3/1, Bandar Melawati",Kuala Selangor,3.330142,101.256827,3.3,17,,7-Eleven,Drop,9.54
ChIJy01L615MzDERqq4E78SVXIE,7-Eleven • Subang Square • Store 877,"96, Jalan SS 15/4b, Ss 15",Subang Jaya,3.077581,101.5890031,3.0,23,03-5632 0548,7-Eleven,Drop,9.53
ChIJP6cAWhZKzDERuqrvSLu3WzY,CAFé by 7-Eleven Taman Danau Desa (564),"No. 15 (GF, Plaza Danau 2, Jalan 2/109f, Taman Danau Desa",Kuala Lumpur,3.0994352,101.6865083,3.0,23,,7-Eleven,Drop,9.53
ChIJp3hdvys2zDERiwvWcB8iX70,7-Eleven,"49, Jalan Sultan Ismail, Bukit Bintang",Kuala Lumpur,3.147571,101.7107849,3.0,23,03-2144 7710,7-Eleven,Drop,9.53
ChIJ6wp-15TLzTERNuVPw7VZ9BA,CAFé by 7-Eleven Taman Sri Serdang (1619),"Jalan 18/35, Taman Sri Serdang",Seri Kembangan,3.008070099999999,101.7136557,3.6,13,,7-Eleven,Drop,9.5
ChIJrVmQTZBJzDERoKPfY9jw2bE,FamilyMart Plaza Damas,"P-8A, Plaza Hartamas, Jalan Sri Hartamas 1",Kuala Lumpur,3.1632903,101.6575135,2.6,37,,FamilyMart,Drop,9.46
ChIJ21h19HKyzTERY5Fj0fDTk6o,CAFé by 7-Eleven Tanjung Rhu (2058),"Jalan Tanjung Rhu 30/165, Kampung Jln Kebun",Shah Alam,2.9785039,101.5344892,2.9,25,,7-Eleven,Drop,9.45
ChIJza_afeNTzDERlk5gYlhTv0c,7-Eleven,"No 7, Ground Floor, AF U13A/AF, Jalan Setia Murni U13/51, Setia Alam",Shah Alam,3.1101454,101.4476958,3.8,11,,7-Eleven,Drop,9.44
ChIJpSIFDOo1zDER1gsu4gQpi9A,7-Eleven,"20, Jalan Midah Besar, Taman Midah",Kuala Lumpur,3.1021363,101.7331392,3.1,20,03-9130 8260,7-Eleven,Drop,9.44
ChIJk7J-tfMFzDERJAuzRrMroqo,FamilyMart Bentong,"P11, Jalan MG1, Pusat Perniagaan Mutiara Gemilang",Bentong,3.5388704,101.9018853,2.1,88,03-7801 2200,FamilyMart,Drop,9.43
ChIJaaNy8YyuzTERnLsfrHHx7iI,CAFé by 7-Eleven Taman Desa Sijangkang (2208),"No 3, Ground Floor, Jalan Desa 48, Taman Desa Sijangkang",Telok Panglima Garang,2.939797099999999,101.4717789,3.2,18,,7-Eleven,Drop,9.42
ChIJD33RQKOyzTERphmmwyWGEVM,CAFé by 7-Eleven Kemuning Utama (1652),"31-G, Jalan Kemuning Prima A33/A, Taman Kemuning Utama",Shah Alam,3.0193976,101.5351577,3.0,22,,7-Eleven,Drop,9.41
ChIJEzN0ZfU2zDERNP9NF5xSxAE,CAFé by 7-Eleven Pandan Indah 1 (159),"7, Jalan Pandan Indah 4/1, Pandan Indah",Kuala Lumpur,3.1327759,101.7530539,3.0,22,,7-Eleven,Drop,9.41
ChIJRaQKar_JzTERXMXCzBr8tOM,FamilyMart Bandar Seri Putra,"12, Ground Floor, Jalan Seri Putra 1/4, Bandar Seri Putra",Bangi,2.885491200000001,101.7907216,2.0,108,,FamilyMart,Drop,9.38
ChIJb1kelKFPzDERwp0jlGAQsMM,FamilyMart Sunway Giza,"Lot G12, Sunway Giza Mall, No.2, Jalan PJU 5/14, PJU 5, Kota Damansara",Petaling Jaya,3.150731299999999,101.5919139,2.0,107,,FamilyMart,Drop,9.36
ChIJOb6nYw-rzTERnU9HrPAg62k,Shell,Persiaran Raja Muda Musa,Klang,3.003556,101.400191,3.9,10,03-3168 6346,Fuel only,Drop,9.35
ChIJ5-JXW1pSzDERBYEF1Y31_kY,7-Eleven,"No. 8 (Gf, Jalan Platinum E 7/E, Seksyen 7",Shah Alam,3.0819446,101.4928883,3.3,16,03-5511 2781,7-Eleven,Drop,9.35
ChIJOWRcR4VKzDERbbtQJ6TtYhI,7-Eleven • Endah Promenade • Store 1497,"Ground Floor, A - G - 7, Endah Promenade, Jalan 1/149, Bandar Baru Sri Petaling",Kuala Lumpur,3.063820900000001,101.696797,3.9,10,,7-Eleven,Drop,9.35
ChIJC408GY0TzDERwsf4pr2Ma1s,myNEWS (Maru Kafe) Ion Delemen (G Floor),"LOT 7C, GROUND FLOOR, TOWER 7, 1, Jalan Ion Delemen",Genting Highlands,3.4340956,101.7868512,3.9,10,016-337 9254,MyNEWS,Drop,9.35
ChIJOTnLnTdTzDERnjjmX-Oj_Jo,CAFé by 7-Eleven Edusentral Seksyen U13 (3140),"AF U13A/AF, No 7 (GF, Persiaran Setia Murni, Setia Alam",Shah Alam,3.1151738,101.4533175,4.8,6,,7-Eleven,Drop,9.34
ChIJjTkQACthzDERpTrWpBp_-2Q,FamilyMart 0129 Caltex Bestari Jaya,"PT 7490, Section 2, Kubang Badak, Jalan Berjuntai",Batang Berjuntai,3.3805128,101.4130686,2.2,68,,Fuel only,Drop,9.32
ChIJtXFWIcznzTERICiSWF00gU0,CAFé by 7-Eleven Garden Home Seremban 2 (384),"Garden Home, 931, Jalan S2 F23, Seremban 2",Seremban,2.6838849,101.9044876,3.0,21,,7-Eleven,Drop,9.27
ChIJpedZKr5KzDERDr8AF96wJX4,7-Eleven,"Arena Green Bukit Jalil, D-0-5, Jalan 1/115a, Bukit Jalil",Kuala Lumpur,3.0525116,101.6877999,3.0,21,03-8996 5112,7-Eleven,Drop,9.27
ChIJVWF0pZ24zTER8ENJyHMkWwM,"7-Eleven, Kota Warisan","Jalan Warisan Megah, Kota Warisan",Sepang,2.824731000000001,101.7050309,3.2,17,03-8706 5579,7-Eleven,Drop,9.25
ChIJqRz9YSZIzDERfnxUtYmZGLI,7-Eleven,"51B, Jalan Raja Alang, Chow Kit",Kuala Lumpur,3.1636205,101.7023063,3.2,17,03-2693 9070,7-Eleven,Drop,9.25
ChIJ_31ffnhbzDERLpZrMavdCnA,CAFé by 7-Eleven Mutiara Kundang Selangor (3197),"5, Jalan Mutiara Kundang 2, Taman Mutiara Kundang",Rawang,3.2570901,101.5201558,3.2,17,,7-Eleven,Drop,9.25
ChIJYzFYUOzfzTER0cG7iGQ17jk,FamilyMart Paroi,"406, Persiaran Rajawali, Taman Paroi Jaya",Seremban,2.730683200000001,101.9853653,2.6,34,,FamilyMart,Drop,9.24
ChIJuZh-jklRzDER6Am0V4TibLk,7-Eleven,"111, Jalan Meru, Pekan Meru",Klang,3.133127500000001,101.4400372,3.5,13,,7-Eleven,Drop,9.24
ChIJ5cw12-1PzDER6rnFqNlciZ0,7-Eleven,"40150, 1-23, Jalan Nova Q U5/Q, Subang Bestari",Shah Alam,3.1811838,101.5423829,3.5,13,,7-Eleven,Drop,9.24
ChIJs9ETwSNIzDERtPZNoEVACn8,7-Eleven,"No. 27, Wisma Sri Muda, Jalan Raja Muda Abdul Aziz, Kampung Baru",Kuala Lumpur,3.1675982,101.7000019,3.5,13,,7-Eleven,Drop,9.24
ChIJNWmuzlBszDERUzHTBKoX_N4,7-Eleven,"51, Jalan Meranti 2b, Bandar Baru",Batang Kali,3.4596289,101.6552368,3.5,13,03-6057 3951,7-Eleven,Drop,9.24
ChIJ88lZHAA3zDERnrMBQ9SD964,CAFé by 7-Eleven Residensi Trofi 1 (3060),"1, Jalan Dua, Chan Sow Lin",Kuala Lumpur,3.1238236,101.710473,2.8,26,,7-Eleven,Drop,9.23
ChIJAfTGaBU3zDERsqE0SABunJs,CAFé by 7-Eleven Datum Jelatek Shopping Centre (3001),"30, Lorong Enggang 1, Taman Keramat",Kuala Lumpur,3.1669159,101.7365306,2.8,26,,7-Eleven,Drop,9.23
ChIJkYcMO6g3zDERTsLF5Q3EuIc,CAFé by 7-Eleven Ampang Point (246),"55, Jalan Memanda 9",Ampang,3.1589114,101.7517598,2.9,23,,7-Eleven,Drop,9.22
ChIJBdCImZZMzDERLb2AnpoA4Vs,7-Eleven,"17, Jalan USJ 1/19",Subang Jaya,3.0576608,101.5998458,4.0,9,03-5631 2995,7-Eleven,Drop,9.21
ChIJEW8w_EYVzDERH60zXoshdHk,FamilyMart Sky Avenue,"Lot T1-03, Level G, SkyAvenue",Genting Highlands,3.4240647,101.7958275,2.1,79,,FamilyMart,Drop,9.2
ChIJO2mvLrPJzTERybeOnsYC29Y,FamilyMart Southville,"Savanna Lifestyle Retail Jalan BBLS 2 Bandar Baru, Lembah Selatan, Bandar Baru, Lembah Selatan",Dengkil,2.903016,101.7622927,2.4,45,,FamilyMart,Drop,9.19
ChIJv3WeCg1MzDER0Plh8gqvnbw,7-Eleven 1364 ss5,"16, Jalan SS 5a/9",Petaling Jaya,3.0955878,101.6056144,3.7,11,03-7873 7782,7-Eleven,Drop,9.19
ChIJ4zIFJ8jNzTERVsYbgsdniDI,FamilyMart Prima Saujana,"B-G, 41, Jalan Prima Saujana 2/1A, Taman Prima Saujana",Kajang,3.0083414,101.8062377,2.0,97,012-348 9439,FamilyMart,Drop,9.17
ChIJp6_-s45JzDEREpxrLpsgIpU,myNEWS (Maru Kafe) Mid Valley Megamall (G Floor),"G(E)-006, GROUND FLOOR, The Boulevard Office Mid Valley City, Lingkaran Syed Putra, Mid Valley City",Kuala Lumpur,3.1174902,101.6766744,2.6,33,03-2201 3967,MyNEWS,Drop,9.17
ChIJoRRX0HnpzTER4J3uCy6fgpA,CAFé by 7-Eleven Tiara Sendayan (2943),"No 21 (GF, Jalan Tiara Sendayan Biz 1, Pusat Komersial Tiara",Sendayan,2.7019475,101.8191262,4.4,7,,7-Eleven,Drop,9.15
ChIJC-9BugzPzTERLqU7XEUN2aU,7-Eleven,"1585, Jalan BM 4/1, Bandar Bukit Mahkota",Kajang,2.881913,101.807385,4.7,6,,7-Eleven,Drop,9.15
ChIJnZlulXqrzTER9wVyPXfcX9U,CAFé by 7-Eleven Bukit Tinggi City (1655),"36, Lorong Batu Nilam 4b, Bandar Bukit Tinggi 1",Klang,3.0071685,101.4356196,3.3,15,,7-Eleven,Drop,9.15
ChIJs8-WNnvLzTERcHkXUd_zCt8,7-Eleven Taman Bunga Kantan,"29g, Jalan Bunga Kantan 1, Taman Bunga Kantan",Kajang,3.0025438,101.7906519,4.4,7,,7-Eleven,Drop,9.15
ChIJj-_tfnRPzDER3bjpgvOW_EY,7-Eleven Jalan Pekaka,"11, Jalan Pekaka 8/2, Kota Damansara",Petaling Jaya,3.1750835,101.5753969,3.3,15,,7-Eleven,Drop,9.15
ChIJq20oesdDzDERf29UFHFt9U4,7-Eleven,"15, Jalan Mawar 1, Taman Mawar",Rawang,3.3007022,101.5913351,4.4,7,03-6092 7393,7-Eleven,Drop,9.15
ChIJc5JYOq7IzTERE4gyKbLRCK4,7-Eleven,"48, Jalan Seri Putra 1/4, Bandar Seri Putra",Kajang,2.884665,101.7900088,3.1,18,03-2114 2512,7-Eleven,Drop,9.13
ChIJT0xgoGJLzDEROQvkvZJepA0,FamilyMart Taylor's Lakeside,"G-6, The Broadwalk, 2, Jalan Taylor's",Subang Jaya,3.0639136,101.6162789,2.3,52,,FamilyMart,Drop,9.13
ChIJn6o8wqlLzDERRrZKcglTwYE,myNEWS (Maru Kafe) PJ Centerstage (G Floor),"UNIT G-03, GROUND FLOOR, PJ CENTRESTAGE, NO. 1, Jalan 13/1, Seksyen 13",Petaling Jaya,3.1112552,101.638982,3.0,20,03-7931 5680,MyNEWS,Drop,9.13
ChIJBdtHJgCxzTERyfkPF_Fb4vM,FamilyMart Tropicana Aman,"43G, Jalan Aman Sinaria 2, Bandar Tropicana Aman, Persiaran Tropicana Aman, Bandar",Telok Panglima Garang,2.9436447,101.5280179,2.8,25,,FamilyMart,Drop,9.12
ChIJ4THlJ8zGzTER0kiFVB0RXdA,CAFé by 7-Eleven Desa Cempaka (260),"11402, Jalan BBN 6/2b, Bandar Baru Nilai",Nilai,2.8025044,101.7674001,3.8,10,,7-Eleven,Drop,9.11
ChIJx7b2QblTzDERE0HTHVw73iA,CAFé by 7-Eleven Vista Alam Sel (2840),"B-LG-16, Vista Alam. 3, Jalan Ikhtisas, 14/1, Presint 4.5, Seksyen 14",Shah Alam,3.0715306,101.5245569,3.8,10,,7-Eleven,Drop,9.11
ChIJs0AXD13dzTERcfnXEuAb0hY,7-Eleven,"26, Jalan Bukit Galena 1, Taman Bukit Galena",Seremban,2.7259049,101.9099944,2.9,22,06-762 1412,7-Eleven,Drop,9.09
ChIJ6wPp0bfPzTERLE_49cL7iig,CAFé by 7-Eleven Bandar Tasik Kesuma (1285),"No. 31 (Gf, Jalan Kesuma 3/11, Bandar Tasik Kesuma",Beranang,2.9059794,101.8643787,2.5,37,,7-Eleven,Drop,9.09
ChIJyTk4K0u5zTERvvyYMg6yFx4,FamilyMart Caltex Dengkil Bypass,"PT 3353, KM48.7, Jalan Pintasan Dengkil-Putrajaya, FT29) Arah Utara",Dengkil,2.8692263,101.6851197,2.1,75,,Fuel only,Drop,9.09
ChIJxwca8GK3zTERCGvBuAo-s0g,CAFé by 7-Eleven Menara PERKESO Putrajaya (3139),"Lot NWR-2, Menara PERKESO Putrajaya, Presint 2",Putrajaya,2.9279193,101.6876373,3.2,16,,7-Eleven,Drop,9.07
ChIJi8hJYH3OzTERyl-DvuZ6oJc,CAFé by 7-Eleven Semenyih Sentral Kajang Selangor (1242),"23 (G, Jalan Semenyih Sentral 3, Taman Semenyih Sentral",Semenyih,2.9449131,101.8436354,3.2,16,03-8723 1795,7-Eleven,Drop,9.07
ChIJqSF-zGBMzDER7rBkFfy9FQU,CAFé by 7-Eleven SJMC Subang Jaya (139),"7 Jalan SS 12/1b Subang Jaya, 7, Jalan SS 12/1b, Ss 12",Petaling Jaya,3.0787652,101.5946905,3.2,16,,7-Eleven,Drop,9.07
ChIJ2xSVvddbzDERhsW3Wso5kV4,FamilyMart 0290 Caltex Bandar Saujana Utama,"78, Jalan SP 2/4, Seri Pristana",Sungai Buloh,3.2058861,101.4717489,2.4,42,,Fuel only,Drop,9.03
ChIJMecP25-szTERIxeAB7ZzBXI,7-Eleven Batu Unjur,"108, Jalan Batu Unjur 1, Taman Bayu Perdana",Klang,3.0148186,101.4353041,4.1,8,03-3324 5910,7-Eleven,Drop,9.01
ChIJ_1xmUYjNzTERNYZ4zkAvl_Q,FamilyMart TTDI Grove,"No. 70, 1, Jalan TTDI Grove 1/1",Kajang,2.9962582,101.8139927,2.6,31,,FamilyMart,Drop,9.01
ChIJvUfjvGxNzDEROVt4k__mRrA,CAFé by 7-Eleven USJ 2 Subang Jaya (3009),"17, Jalan USJ 2/2c",Subang Jaya,3.0571273,101.5909731,2.8,24,,7-Eleven,Drop,9.01
ChIJc15kSbeyzTERrHP-Sysf6H4,7-Eleven,"17, Jalan Sepadu A 25/A, Taman Sri Muda",Shah Alam,3.026274,101.5420432,3.9,9,,7-Eleven,Drop,8.98
ChIJ50FnIxw1zDERHZ0an2drOZs,7-Eleven Jalan Bukit Anggerik,"20, Jalan 34/154, Taman Bukit Anggerik",Cheras,3.058011800000001,101.7485217,3.5,12,,7-Eleven,Drop,8.98
ChIJOURdzoFOzDERcZ_XIVfl3H4,7-Eleven 1679 Oasis Damasara,"Oasis Square, E-G-06, Jalan PJU 1A/7, Ara Damansara",Petaling Jaya,3.1141982,101.57358,3.4,13,,7-Eleven,Drop,8.97
ChIJy_xFEcU1zDERU366A5YdDS0,myNEWS Cheras Business Centre,"66-G JALAN 5/101C, OFF, Jalan Kaskas, JALAN CHERAS",Kuala Lumpur,3.099890599999999,101.7387958,3.4,13,03-9134 0171,MyNEWS,Drop,8.97
ChIJj-K2Jh01zDERqfbBrY-UOns,7-Eleven 0868 Bukit Angsana,"7, Jalan Angsana 1, Taman Bukit Angsana",Cheras,3.06148,101.749819,3.1,17,,7-Eleven,Drop,8.96
ChIJd0zTb9E5zDEREMyz-2fdE0M,7-Eleven store 158,"6, Jalan AU 4/1",Kuala Lumpur,3.1970459,101.7592067,3.1,17,03-4106 0939,7-Eleven,Drop,8.96
ChIJAfNbXrUVzDERHs3BBZZE8ag,CAFé by 7-Eleven Taman Genting Permai (2980),"24, Jalan Permai, 2, Jalan Genting Permai",Genting Highlands,3.3862427,101.7750143,3.6,11,,7-Eleven,Drop,8.95
ChIJx0kIDSuzzTERcn7PVPmf_FE,FamilyMart Puchong Permai,"11G, Jalan Puchong Permai 2, Taman Puchong Permai",Puchong,3.00864,101.5995782,2.1,69,,FamilyMart,Drop,8.92
ChIJbcJoNABDzDERcn01T8T6KM4,FamilyMart R&R Rawang Northbound,"KM440.0, R&R Rawang Northbound, RWGNB-16, PLUS Highway",Rawang,3.3304116,101.5580058,2.4,40,,FamilyMart,Drop,8.91
ChIJow55yPw1zDER8ZTj04cgWvs,7-Eleven,"47, Jalan Sri Permaisuri 8, Bandar Sri Permaisuri",Kuala Lumpur,3.1014467,101.7078381,2.8,23,03-9175 8466,7-Eleven,Drop,8.9
ChIJuwYlBNlJzDERFrAxD04ki7A,FamilyMart 0058 Sunway Putra Mall,"Unit No 1.019B, First Floor, Sunway Putra Mall, 40, Jalan Putra, Chow Kit",Kuala Lumpur,3.1663402,101.6920815,1.9,107,,FamilyMart,Drop,8.9
ChIJ5-Zrf4DpzTERkvncNKe9gqw,FamilyMart Sendayan,"No 21, Ground Floor, Persiaran Metro Park, Bandar Sri Sendayan",Seremban,2.6871906,101.8478979,2.2,56,,FamilyMart,Drop,8.89
ChIJtVA38I-yzTERQWJgBi9pHPk,7-Eleven • Kemuning Vanilla • Store 0636,"12, Jalan Anggerik Vanilla R 31/R, Kota Kemuning",Shah Alam,3.005045,101.5368142,3.7,10,,7-Eleven,Drop,8.87
ChIJCfT6Qjs1zDERi6DTdFMVjyA,CAFé by 7-Eleven Damai Perdana Cheras (311),"No. 16 (GF, Jalan Damai Perdana 1/8a, Bandar Damai Perdana",Cheras,3.047495,101.7397456,3.2,15,,7-Eleven,Drop,8.87
ChIJPSH9827LzTER4kKe_sV81F0,FamilyMart IOI City 2,"Lot LG, 218, Lebuh IRC, Ioi Resort",Putrajaya,2.970539499999999,101.7143333,2.0,81,,FamilyMart,Drop,8.81
ChIJFSsIUIVJzDERC5XR2BGTZcs,CAFé by 7-Eleven Solaris Mont Kiara (2808),"No 11 (GF, Jalan Solaris, Solaris Mont Kiara",Kuala Lumpur,3.174148199999999,101.6596504,2.7,25,,7-Eleven,Drop,8.8
ChIJ__2CDa1DzDERtOqLzCgHW-c,FamilyMart Bandar Country Homes,"No. G-15, Avia Plus, Jalan Desa Utama, Bandar Country Homes",Rawang,3.3238224,101.5266012,2.1,65,,FamilyMart,Drop,8.8
ChIJDz3h7n6zzTERSorVpkmJhX4,"7-Eleven 446, Taman Maju Jaya","17, Jalan Utama 2/1, Taman Maju Jaya",Puchong,2.998366,101.61199,4.0,8,03-8062 6531,7-Eleven,Drop,8.79
ChIJ2aj0BEWxzTERkKFzzY3-AyM,CAFé by 7-Eleven Perdana Industrial Park (2557),"No 2A-1, Ground Floor, Jalan PP 16/2, Taman Putra Perdana",Puchong,2.9442519,101.6019954,3.8,9,,7-Eleven,Drop,8.75
ChIJ_zck0C_PzTERcj_Ddqrmmy8,CAFé by 7-Eleven Setia Mayuri (3031),"No 26-1 (GF, Jalan Mayuri, Jalan 1/5a, Setia Mayuri",Semenyih,2.944912299999999,101.8663421,3.8,9,,7-Eleven,Drop,8.75
ChIJAU2EfpxMzDER2X50whfms78,7-Eleven Malaysia,"No. UG-3 (GF, Pusat Perniagaan Lagoon Perdana, Jalan PJS 9/1A, Bandar Sunway",Petaling Jaya,3.061246,101.6103807,2.6,28,,7-Eleven,Drop,8.75
ChIJwX4uOthLzDER5skFivn0_Xc,7-Eleven,"No. 35, Jalan 11/4, Seksyen 11 Petaling Jaya",Petaling Jaya,3.110887,101.648871,3.8,9,03-2142 1136,7-Eleven,Drop,8.75
ChIJFSl14TFQzDERzJJ7lOkEwT0,7-eleven (Caltex Denai Alam),"Caltex, Persiaran Elektron, Denai Alam",Shah Alam,3.1594316,101.5132149,3.8,9,,Fuel only,Drop,8.75
ChIJe8TNBWVazDERcjPSBFcG5Yc,7-Eleven 2306 Taman Sri Pristana,"Jalan SP 11/1, Seri Pristana",Sungai Buloh,3.2054041,101.4702746,3.4,12,,7-Eleven,Drop,8.72
ChIJHUHvitHLzTERC0YAEz8BsLc,7-Eleven 0485,"203, Jalan 8/1, Seksyen 8",Bandar Baru Bangi,2.9627695,101.7581512,3.5,11,03-8926 7830,7-Eleven,Drop,8.7
ChIJBUvrLXyyzTERPiMfpZeDDq8,7-Eleven,"7, Jalan Anggerik Eria AU 31/Au, Kota Kemuning Seksyen 31",Shah Alam,2.9933255,101.5310878,3.5,11,,7-Eleven,Drop,8.7
ChIJu05I4Zk2zDERlZsbXcPJUAM,CAFé by 7-Eleven Taman Melur (463),"11, Jalan Melur 45, Taman Melur",Ampang,3.1207636,101.7705878,3.5,11,,7-Eleven,Drop,8.7
ChIJBbNm3wNPzDERVv6IIgtfd_E,7-Eleven Jalan Cecawi,"Ground Floor, 57-G, Jalan Cecawi 6/33, Seksyen 6 Kota Damansara",Petaling Jaya,3.1620726,101.5821218,3.5,11,03-6142 2041,7-Eleven,Drop,8.7
ChIJw_b3Q5S_zTERSIl-a71CCKs,"myNEWS Terminal KLIA2 (Gate J, Departure)","TERMINAL KLIA2, LOT NO. S1-1A-A07A, JALAN KLIA2",Sepang,2.7436845,101.6865487,2.9,19,03-8778 5798,MyNEWS,Drop,8.69
ChIJ0S3MlaK5zTERWXjhY7gk1Pw,CAFé by 7-Eleven Taman Saujana KLIA (2898),"No 60 (GF, 1/A, Jalan Saujana KLIA 2/4",Sepang,2.819128500000001,101.6911147,2.9,19,,7-Eleven,Drop,8.69
ChIJ-xo1FTO3zTERAKUe1M5zV6E,CAFé by 7-Eleven Nadayu Squre (2991),"No 11 (GF, Nadayu Square, Nadayu 99, Cyber 9",Cyberjaya,2.9204086,101.6381472,2.7,24,,7-Eleven,Drop,8.69
ChIJ2_awV6g0zDERZjZ_gntn1JI,Shell,"Lot 21146 Lot 21146, Jalan Sungai Long",Kajang,3.0401976,101.7953195,2.5,31,03-9019 3609,Fuel only,Drop,8.66
ChIJCz-YS19RzDERbp8-tkvSmDQ,Shell,"Hsd 321776, Lot Pt 40303",Persiaran Mokhtar Dahari,3.160902,101.475215,2.6,27,03-3392 1551,Fuel only,Drop,8.66
ChIJk6NOA8nKzTERQZThPOdn3fk,7-Eleven • Bukit Belimbing • Store 558,"21, Jalan Harmoni Indah 1, Taman Harmoni Indah",Balakong,3.026025,101.7331178,2.8,21,03-8945 8742,7-Eleven,Drop,8.65
ChIJ1ZTmrhVTzDERNybqwhCtdpc,CAFé by 7-Eleven Eng Ann Klang Selangor (201),"No. 12 (GF, Lorong Kasawari 4b, Taman Eng Ann",Klang,3.0574421,101.4597218,2.8,21,03-3344 5275,7-Eleven,Drop,8.65
ChIJ-Wcd82rOzTERFzheyDBv3H8,CAFé by 7-Eleven Pelangi Semenyih (1326),"18, Jalan Tps 1/2, Taman Pelangi",Semenyih,2.931664099999999,101.8556053,3.6,10,,7-Eleven,Drop,8.63
ChIJvSR_gjNOzDER8jKy7_g2cHY,7-Eleven • Subang Perdana • Store 449,"9, Jalan SP 2/2, Taman Subang Perdana",Shah Alam,3.1505952,101.5414724,3.6,10,03-7846 3816,7-Eleven,Drop,8.63
ChIJy7M7y_UVzDERLqkZ2qu8PLY,FamilyMart Petron Genting Permai,"Lot 21078, Jalan Permai 2, Genting Permai Avenue",Genting Highlands,3.387187,101.7736926,2.7,23,,FamilyMart,Drop,8.58
ChIJVS1MSAC1zTERhC9Jh-JgOvE,FamilyMart Taman Equine,"11-G, Jalan Equine 1A Taman Equine, Bandar, Putra Permai",Seri Kembangan,2.99719,101.67813,2.6,26,,FamilyMart,Drop,8.57
ChIJd1ryFzJLzDERqucSdxAQC38,myNEWS (Maru Kafe) Endah Promenade (G Floor),"A-G-02, ENDAH PROMENADE NO. 5, JALAN 3/149E TAMAN SRI ENDAH, Bandar Baru Sri Petaling",Kuala Lumpur,3.0637911,101.6969965,3.9,8,03-9054 0181,MyNEWS,Drop,8.57
ChIJMyQVsiPhzTERavCrJSQtpPY,CAFé by 7-Eleven Bandar Senawang (3158),"No.4, Jalan, 1, Taman Bandar Senawang",Seremban,2.7019686,102.0082441,3.7,9,,7-Eleven,Drop,8.52
ChIJHVHVsRLHzTERFZLQsXpMWRA,CAFé by 7-Eleven Taman Seroja Sepang Selangor (1310),"No. 35 (GF), Jalan Seroja 4, Taman Seroja, Bandar Baru Salak Tinggi",Sepang,2.8266985,101.730109,3.0,16,03-8706 1186,7-Eleven,Drop,8.5
ChIJQauC3aVRzDERB4gQcvKB-Vs,"FamilyMart 0344 Temu Shop, Elmina East","No.71 (GF), Jalan Eserina Y U16/Y, Elmina East",Shah Alam,3.1849626,101.5266572,2.1,56,,FamilyMart,Drop,8.49
ChIJx_2LbHxMzDERheDgGFZzix8,7 Eleven,"17, Jalan PJS 10/24, Bandar Sunway",Petaling Jaya,3.0778279,101.608497,3.3,12,,7-Eleven,Drop,8.46
ChIJJ7LyEV1CzDER2H7ZI6cCQOk,7-Eleven,"1-1-12(GF), Jalan Mutiara 1, Rawang Mutiara Business Centre",Rawang,3.328903,101.5796542,3.3,12,03-6091 0131,7-Eleven,Drop,8.46
ChIJ3_O6Lv_qzTER3zdezToxZXA,7-Eleven Taman Murni,"No 53, Ground Floor, 43900, Jalan Murni 8, Taman Murni",Sepang,2.6858124,101.7503254,3.4,11,,7-Eleven,Drop,8.45
ChIJGSPgBPLJzTER_IQ1zwAzoZs,7-Eleven Malaysia: Store 1269 - Jalan Diplomatik,"75, Jalan Diplomatik, Presint 15",Putrajaya,2.9452045,101.723945,3.2,13,03-8890 3527,7-Eleven,Drop,8.44
ChIJv-PnLm5NzDEROcwVDWp6dSg,"7-Eleven 1311 Jalan Utas B 15/B, Seksyen 15, Shah Alam","41, Jalan Utas D 15/B, Seksyen 15",Shah Alam,3.0644002,101.5392186,3.2,13,03-5511 1461,7-Eleven,Drop,8.44
ChIJfd2kpCJIzDERa3zwi23jyZU,7-Eleven,"32, Jalan Lumut, Pekeliling",Kuala Lumpur,3.1704787,101.696442,3.2,13,03-4045 2096,7-Eleven,Drop,8.44
ChIJ-yRSYPtRzDERUQSqXVeDNpk,FamilyMart Caltex Setia Alam,"No.2, Jala, Jalan Setia Utama AR U13/AR, Seksyen U13, Setia Alam",Shah Alam,3.1238402,101.4662807,1.8,107,,Fuel only,Drop,8.43
ChIJZ4gF8LbdzTERKfU1jfoFjRg,7-Eleven,"1031, Lorong Sri Pulai 38/3, Taman Sri Pulai",Seremban,2.750154900000001,101.9476235,3.1,14,06-768 7627,7-Eleven,Drop,8.39
ChIJ5-FcckPJzTERC9-v-ioPG3c,myNEWS (Maru Kafe) Savanna Lifestle Retail (G Floor),"SAVANNA LIFESTYLE RETAIL, A-G-18, Jalan BBLS 1, BANDAR BARU LEMBAH SELATAN",Dengkil,2.903712699999999,101.7636346,3.5,10,03-8922 1031,MyNEWS,Drop,8.39
ChIJBVoOQgBOzDER5Djxb-Ibmtc,7-Eleven,"8, Jalan Pelapik A U8/A, Seksyen U8",Shah Alam,3.115259999999999,101.5266664,3.1,14,03-7847 4421,7-Eleven,Drop,8.39
ChIJAc9V2UI2zDER3PYQiXZK_zc,7-Eleven,"6-G, Jalan Pandan 2/5, Pandan Jaya",Kuala Lumpur,3.1334473,101.7399455,3.5,10,03-9281 0129,7-Eleven,Drop,8.39
ChIJSyHEd2dGzDER1v9PFJkyyHs,CAFé by 7-Eleven Taman Daya Kepong (2011),"No 1 (GF, Jalan Daya 6, Taman Daya",Kuala Lumpur,3.2231179,101.6379753,2.8,19,,7-Eleven,Drop,8.39
ChIJsbITf-xHzDERAHHjzhsrBcU,CAFé by 7-Eleven Maxim Citylights (2418),"G-02, Ground Floor, Maxim Citylights Sentul - One-Bedroom Apartment, 25, Jalan Sentul Pasar, Setapak",Kuala Lumpur,3.2070758,101.6906405,2.8,19,,7-Eleven,Drop,8.39
ChIJWdZj1Qu1zTERD7f4ZQaFvQo,CAFé by 7-Eleven Taman Equine (2374),"16, Jalan Equine 1B, Taman Equine",Seri Kembangan,2.9969728,101.6783527,2.9,17,,7-Eleven,Drop,8.38
ChIJm4O_c0dPzDER4aLRJztry5U,FamilyMart Dataran Sunway,"Sunway Giza, 15-1, Jalan PJU 5/12, Dataran Sunway, 19, Jalan PJU 5/12, Kota Damansara",Petaling Jaya,3.1532887,101.5931129,2.6,24,,FamilyMart,Drop,8.37
ChIJyXn_A9JJzDERv8XuZNfQ-iM,myNEWS Pacific Express Hotel (G Floor),"Pacific Express Hotel Central Market, NO.G.02, GROUND FLOOR, Jalan Hang Kasturi",Kuala Lumpur,3.1467924,101.6958401,4.3,6,018-597 2702,MyNEWS,Drop,8.37
ChIJo6f9jwg4zDERcZyubMq1I68,7-Eleven • Taman Teratai Mewah • Store 0326,"57, Jalan 1/23f",Kuala Lumpur,3.2009431,101.7101775,4.3,6,03-4023 0387,7-Eleven,Drop,8.37
ChIJebtKFAbnzTERo5jSdMqP3j8,myNEWS (Maru Kafe) Seremban 2,"NO. 218, GROUND FLOOR, Jalan S2 B10, Uptown Avenue Seremban 2",Seremban,2.694255399999999,101.910211,4.0,7,,MyNEWS,Drop,8.32
ChIJXbnMqe7FzTERsjpQm4BpXVM,FamilyMart Mantin,"15 & 16, Jalan Surian 11, Taman Surian",Mantin,2.835596500000001,101.8675429,1.8,101,,FamilyMart,Drop,8.32
ChIJJ9LuWQAzzDERUdZ48Y2icCE,Familymart Taman Lagenda Suria,"Unit No. 3 & 5, Ground Floor, Jalan Lagenda Suria 1, Taman Lagenda Suria",Hulu Langat,3.0989601,101.8020286,2.4,31,,FamilyMart,Drop,8.32
ChIJs_iWkB9PzDERkR52clheEck,myNEWS,"NO. 2A, GROUND FLOOR, JALAN PJU 5/21, THE STRAND, Kota Damansara",Petaling Jaya,3.154447499999999,101.5920979,4.0,7,03-6143 5182,MyNEWS,Drop,8.32
ChIJTbE4o3RFzDER4YwOwAWv96o,7-Eleven 0238 Bandar Baru Sungai Buloh,"No. 367 (Ground Floor, 366, Jalan 1a/3, Bandar Baru Sungai Buloh",Sungai Buloh,3.2109432,101.565746,4.0,7,03-6140 4092,7-Eleven,Drop,8.32
ChIJ7fFu4RvnzTERPKjp-Igw-Rk,FamilyMart Caltex Seremban 2 City Park,"Lot No. 33692, Geran 175307, Caltex S2, Persiaran S2/1",Seremban,2.688298800000001,101.9125348,2.1,51,,Fuel only,Drop,8.3
ChIJz_O27DKxzTERZzklWxXNHnA,7 Eleven Eco Sanctuary 2582,Persiaran Rimba,"Kuala Lumpur, Petaling Jaya, Shah Alam, Klang, Subang Jaya, Cheras, Ampang, Cyberjaya, Putrajaya, Kajang, 68100 Selayang, Damansara",2.9436745,101.5421852,3.6,9,,7-Eleven,Drop,8.29
ChIJewtbQFtTzDERzis_ZuPZgiA,CAFé by 7-Eleven Jln Pasar Klang Selangor (346),"No. 42 (GF, Jalan Pasar",Klang,3.0498811,101.4440212,3.6,9,,7-Eleven,Drop,8.29
ChIJk8xvxqBLzDER4D2vokxxM44,myNEWS (Maru Kafe) Amcorp Mall (G Floor),"AMCORP MALL, LOT G-29, 18 JALAN, Persiaran Barat, Pjs 52",Petaling Jaya,3.104671,101.646638,3.6,9,03-7931 0884,MyNEWS,Drop,8.29
ChIJgTmEWJhtzDERtRUIuuJ4tvs,7-Eleven,"Pusat Perdagangan Ara, 98-G, Jalan Ara 2, Seksyen 5 Bandar Utama Batang Kali",Batang Kali,3.4529757,101.663658,3.6,9,,7-Eleven,Drop,8.29
ChIJJRnD2erHzTERxIU6awpaJNQ,FamilyMart Pusat Bandar Putra Nilai,"Ground Floor, PT 12167, Jalan BBN 1/1F, Putra Nilai",Nilai,2.814084,101.797268,1.9,75,,FamilyMart,Drop,8.23
ChIJxeXQsqoFzDERrRqTMOJcHSE,FamilyMart Taman Bentong Prima,"P65-G, Jalan Prima 1, Pusat Komersial Bentong Prima",Bentong,3.514814799999999,101.9136332,2.2,41,,FamilyMart,Drop,8.22
ChIJ318jTqpNzDERfzO_yijbnoE,CAFé by 7-Eleven SS15 (2950),"No. 45, First Floor, 45, Jalan SS 15/8a, Ss 15",Subang Jaya,3.074088399999999,101.589438,3.2,12,,7-Eleven,Drop,8.21
ChIJCzpdugo5zDER1GPIX-pFLo8,7-Eleven (Taman Melawati 2),"12, Jalan E 1, Taman Melawati",Kuala Lumpur,3.221649,101.7416485,3.2,12,,7-Eleven,Drop,8.21
ChIJ35RGt7JDzDERhcStaY5e1mM,7-Eleven • Taman Bersatu Rawang • Store 248,"14, Jalan Bersatu 10, Taman Bersatu",Rawang,3.309566999999999,101.583252,3.2,12,03-6091 0433,7-Eleven,Drop,8.21
ChIJ8z0Wzh-3zTERU3cEH1OayDA,myNEWS Opera Clubhouse Symphony Hills (G Floor),"LOT 1, BLOCK 1, OPERA CLUBHOUSE SYMPHONY HILLS, PERSIARAN SIMFONI, CYBER 9 CYBERJAYA",Sepang,2.9157097,101.6409912,3.3,11,03-8686 1908,MyNEWS,Drop,8.2
ChIJzW9HYa9SzDERAKzvgWUHbQU,7-Eleven,"No. 10 (Gf) Jln Pinang, C/18C Seksyen 18, 40000 Shah Alam, Selangor, 40000, Shah Alam",Selangor,3.0449919,101.5173938,3.1,13,03-5541 3523,7-Eleven,Drop,8.18
ChIJxSjq_9U1zDERTVpFML8FTJg,FamilyMart Petron Hulu Langat,"2, Jalan Hulu Langat Jaya 1, Taman Hulu Langat Jaya",Cheras,3.0702663,101.7811153,2.1,48,,FamilyMart,Drop,8.17
ChIJ88jeUztbzDER2cjmrVD4NpI,CAFé by 7-Eleven Utopia Selangor (3173),"No 23 (GF, Eco Grandeur, 3C, Persiaran Eco Grandeur 1",Puncak Alam,3.2279741,101.455597,4.2,6,,7-Eleven,Drop,8.17
ChIJ0fDiNZNMzDER1EUDw6uZHuQ,FamilyMart Summit USJ,"Summit, G-0, Persiaran Kewajipan",Subang Jaya,3.0595321,101.5938698,2.0,58,,FamilyMart,Drop,8.16
ChIJySRiD9ZIzDER-GDAaLLvowI,CAFé by 7-Eleven Taman Tun Dr Ismail Helmi (48),"96, Jalan Burhanuddin Helmi, Taman Tun Dr Ismail",Kuala Lumpur,3.1526542,101.621556,2.4,29,,7-Eleven,Drop,8.16
ChIJpV-TmH-zzTERWq0W8OkmXCg,myNEWS Aurora Residence (G Floor),"A-G-3, GROUND FLOOR AURORA RESIDENCE LAKE SIDE CITY",Puchong,2.995601000000001,101.598954,3.4,10,03-8051 2454,MyNEWS,Drop,8.15
ChIJ-5P5IH_MzTER-o1sqNrdVek,7-Eleven,"43, Jalan Bukit Mewah 11, Taman Bukit Mewah",Kajang,2.989441000000001,101.8006801,3.4,10,03-8733 5420,7-Eleven,Drop,8.15
ChIJr-E04URTzDEROZ-dkweS-Mc,7-Eleven,"29, Jalan Raja Hassan, Kawasan 18",Klang,3.0487734,101.4469908,3.4,10,03-3343 4145,7-Eleven,Drop,8.15
ChIJk9g7e8dWzDER9rNsJI5kC_Y,7-Eleven • Meru Setia • Store 830,"21, Jalan Meru Setia 1, Taman Meru Indah",Klang,3.1358073,101.4185623,3.4,10,03-3392 8110,7-Eleven,Drop,8.15
ChIJ-4jWbexHzDERApRHM8qR_9o,myNEWS 0671 Maxim Citylights (G Floor),"S-G-26, GROUND FLOOR, MAXIM CITYLIGHTS @ SENTUL, Jalan Sentul Pasar, Sentul Pasar",Kuala Lumpur,3.207055999999999,101.6911376,3.4,10,03-4031 0048,MyNEWS,Drop,8.15
ChIJwzAIhH5szDERj9l4Y2Otfx0,7-Eleven,"75, Jalan Besar, Hulu Yam Bharu",Batang Kali,3.432738499999999,101.6579114,3.4,10,03-6075 2719,7-Eleven,Drop,8.15
ChIJY7L5_eBLzDERaugxSozVNUM,7-Eleven,"14A-1, Jalan 14/20, Seksyen 14",Petaling Jaya,3.1098641,101.6357408,3.0,14,03-7955 2736,7-Eleven,Drop,8.12
ChIJCTyRYSNIzDERpCCX6v2cbx8,7-Eleven,"42, Jalan Chow Kit, Chow Kit",Kuala Lumpur,3.166314,101.6964715,3.0,14,03-4041 2085,7-Eleven,Drop,8.12
ChIJM57oSYRazDERbBVKmtk4Gw0,7-Eleven 0649 Saujana Utama 2,"No 3, Jln Jati 3, Saujana Utama 2, Sg Buloh Country Resort, 47000 Sungai Buloh, Selangor, 47000, Sungai Buloh",Selangor,3.200289699999999,101.4864526,3.9,7,03-6038 5154,7-Eleven,Drop,8.11
ChIJM7z4nzvHzTER4dZbKWyCeg8,CAFé by 7-Eleven Medan 88 (622),"26, Jalan ST 1c/4",Sepang,2.8114604,101.7379621,2.7,19,,7-Eleven,Drop,8.09
ChIJc96YsUDJzTERiDNMr0mBCq0,7-Eleven Southville 2571,Kajang,"Kuala Lumpur, Petaling Jaya, Shah Alam, Klang, Subang Jaya, Cheras, Ampang, Cyberjaya, Putrajaya, Kajang, 68100 Selayang, Damansara",2.903698,101.764324,2.8,17,,7-Eleven,Drop,8.09
ChIJDZcueAdLzDERCWRbOgnBlaU,CAFé by 7-Eleven Sri Sentosa (199),"No 1 (GF, Jalan Seri Sentosa 8a, Taman Sri Sentosa",Kuala Lumpur,3.0740871,101.6536431,2.7,19,03-7782 3573,7-Eleven,Drop,8.09
ChIJE2iIhRhFzDERHJGgxwo3tA0,FamilyMart Gamuda Gardens Square,"C-GF-06, Gardens Square, Bandar Gamuda Gardens",Rawang,3.2803774,101.540592,2.7,19,,FamilyMart,Drop,8.09
ChIJzYRB4lLNzTER3mT7dj1ugEE,"FamilyMart Vista Valley, Semenyih","20-G, Jalan Vista Valley 3, Jalan Semenyih, Valley",Semenyih,2.958183,101.8390104,2.1,45,,FamilyMart,Drop,8.04
ChIJ7xFVfahKzDERkCjsIk_cczo,7-Eleven,"2, Jalan SR 7/3, Serdang Raya",Seri Kembangan,3.043062,101.7044559,2.9,15,03-2142 1136,7-Eleven,Drop,8.04
ChIJT2dCNSZMzDERNAuhFG5xrq0,CAFé by 7-Eleven Pusat Dagangan Dana 1 (1314),"D7-6-G, Block D7, Pusat Dagangan Dana, 1, Jalan PJU 1a/46, Pju 1a",Petaling Jaya,3.1110469,101.5830472,2.6,21,03-7845 4532,7-Eleven,Drop,8.04
ChIJO1CJOaZJzDERnKwuTocotzk,myNEWS 163 Retail Park,"8, Jalan Kiara, Mont Kiara",Kuala Lumpur,3.1668993,101.6517115,2.9,15,03-6419 5704,MyNEWS,Drop,8.04
ChIJ9zcx8AAUzDERhY7Km1E8c1o,myNEWS First World Hotel (1 Floor),"First World Hotel genting, LOT NO 1.8, LEVEL 1",Genting Highlands,3.4235245,101.7925377,2.9,15,03-6101 1215,MyNEWS,Drop,8.04
ChIJV8xQRCzHzTERudk9qVTR2HA,FamilyMart Bandar Baru Salak Tinggi,"Medan 88, 2G, Jalan ST 1c/4, Bandar Baru Salak Tinggi",Sepang,2.8114497,101.7372324,1.9,66,,FamilyMart,Drop,7.99
ChIJ-9qy3Ie3zTERzRDV4TCeu0g,myNEWS (Maru Kafe) Tamarind Squre (G Floor),"UNIT D2-03-10, TAMARIND SQUARE, Persiaran Multimedia",Cyberjaya,2.9202164,101.636788,3.1,12,,MyNEWS,Drop,7.95
ChIJ6ZyC7s2zzTERr98EwICTHuA,7 Eleven 1835,"Jalan PP 2/5, Taman Putra Prima",Puchong,2.9791563,101.5913598,3.2,11,03-2142 1136,7-Eleven,Drop,7.95
ChIJJ1fVEO9VzDERWzTpgshbvFo,FamilyMart Rantau Panjang,"Unit Nos. 4 & 6, Ground Floor, Jalan Rantau Panjang, Kampung Rantau Panjang",Klang,3.0705654,101.4122766,3.2,11,,FamilyMart,Drop,7.95
ChIJec4O07dPzDERkx-Q-AxFOGw,7-Eleven,"27 - 1, Jalan J U5/J, Bandar Pinggiran Subang",Shah Alam,3.1600813,101.5478271,3.2,11,03-7847 4207,7-Eleven,Drop,7.95
ChIJcZr6_11IzDERbo10_Hnalnw,7-Eleven 1567 Solaris Dutamas D4,"UNIT D4-G3-7, Block D4, Jalan Dutamas 1, Solaris Dutamas",Kuala Lumpur,3.171530299999999,101.6669652,3.2,11,03-6205 4352,7-Eleven,Drop,7.95
ChIJ30lw68tMzDERuFdwGeNhKvk,7-Eleven • Jalan USJ 14/1K • Store 227,"8, Jalan USJ 14/1k, Usj 14",Subang Jaya,3.0385615,101.5884539,3.0,13,03-5621 1935,7-Eleven,Drop,7.92
ChIJuQjTDF67zTER4Mie59vCOkg,7-Eleven Kg Sungai Manggis Banting 2831,"Lot 18/A, Jalan Dengkil, Kampung Sungai Manggis",Banting,2.8256333,101.5378402,3.6,8,,7-Eleven,Drop,7.91
ChIJj-ulOHxTzDER9SqLYKpp9fs,7-Eleven,"182, Jalan Sungai Putus, Taman Bunga Melor",Klang,3.0704097,101.4410921,3.6,8,,7-Eleven,Drop,7.91
ChIJ08QQlyVPzDERRBGMyV_eHXs,7 Eleven,"No. 6 (GF, Jalan PJU 7/16, Mutiara Damansara",Petaling Jaya,3.1591765,101.6032203,3.6,8,,7-Eleven,Drop,7.91
ChIJ20-2B2dPzDERTzYvQ0uDJrI,myNEWS H20 Residences (G Floor),"G-03A, GROUND FLOOR BLOCK D, H2O RESIDENCES @, NO. 1, Jalan PJU 1a/3, Ara Damansara",Petaling Jaya,3.116208,101.577039,4.4,5,010-228 0776,MyNEWS,Drop,7.88
ChIJjQEb4SBPzDER1pJUK8vzCDs,myNEWS Menara Mitraland (G Floor),"D-G-02, LEVEL G, MENARA MITRALAND, NO, 13A, Jalan PJU 5/1, Pju 5 Kota Damansara",Petaling Jaya,3.15483,101.5972084,4.4,5,03-7611 9655,MyNEWS,Drop,7.88
ChIJQZw-BqdTzDERKzDAPphvkJE,FamilyMart i-City Mall,"Lot LG-39, Sentral i-City Shopping Centre Plot 1, I-City, Persiaran Multimedia, Seksyen 7",Shah Alam,3.0623779,101.4811471,1.8,78,,FamilyMart,Drop,7.87
ChIJ77NnA0G2zTERBMGfPALZpN0,CAFé by 7-Eleven Bazaar 8 Putrajaya KL (2012),"A-5 (GF), Block A, Jalan Seluang P8/7, Presint 8",Putrajaya,2.9324866,101.6810684,2.5,22,,7-Eleven,Drop,7.84
ChIJTzJ7ENDKzTERdypjVnSasNg,7-Eleven • Taming Jaya • Store 330,"Medan Tamin Sari 1, Taman Taming Jaya",Balakong,3.023966,101.7417243,3.4,9,03-8961 8327,7-Eleven,Drop,7.83
ChIJi0bgMyytzTERTnw1FG119pQ,FamilyMart Caltex Bandar Puteri Klang,"No. M, Lot 133826, Lebuh Sanggul 1/KS7, Bandar Puteri",Klang,2.9885734,101.465948,2.3,29,,Fuel only,Drop,7.82
ChIJU3yuelFJzDERGJC-nxTNVvY,CAFé by 7-Eleven SS2 PJ (198),"No 44 (GF, Jalan SS 2/67",Petaling Jaya,3.1198314,101.6220381,2.7,17,,7-Eleven,Drop,7.8
ChIJKdQvbmXJzTER9J3CWhbrWKg,7-Eleven,"10, Jalan 6c/7, Taman Persiaran Bangi",Bandar Baru Bangi,2.9437,101.7640501,4.0,6,03-8926 9040,7-Eleven,Drop,7.78
ChIJneUPhOk0zDERQwurdxEAQTY,7-Eleven S350,"23, Jalan Megah 29, Taman Megah",Cheras,3.054491000000001,101.7690379,4.0,6,03-9075 2584,7-Eleven,Drop,7.78
ChIJwYWjz103zDERE-2IwywttCk,myNEWS (Maru Kafe) 28 Boulevard (G Floor),"28 Boulevard G-13, Jalan Perdana 3/10, Pandan Perdana",Kuala Lumpur,3.118436299999999,101.7444877,4.0,6,,MyNEWS,Drop,7.78
ChIJw0W4oJBHzDERo45xtVAEg-Y,7-Eleven,"1, Jalan 56/10, Taman Koperasi Polis",Kuala Lumpur,3.220358,101.6908971,4.0,6,03-6188 7463,7-Eleven,Drop,7.78
ChIJi5I2bPA5zDERkxkKDdi-CCk,FamilyMart Melati Utama,"37G, Jalan Melati Utama 4, Melati Utama",Kuala Lumpur,3.2237663,101.7303636,1.8,74,,FamilyMart,Drop,7.77
ChIJhZFldTJHzDERDC2AuulowPo,7 Eleven 2821,"15, Jalan 2a/1, Taman Bandar Baru Selayang Fasa 2a",Batu Caves,3.2629479,101.6780122,4.8,4,,7-Eleven,Drop,7.73
ChIJu5zW6OP1zDERLmHiGFQO4wI,FamilyMart Taman Bendahara,"No. G-22A (Ground Floor, Jalan Bendahara 1a, Taman Bendahara",Kuala Selangor,3.3217984,101.2670666,2.5,21,,FamilyMart,Drop,7.73
ChIJicOpMF9SzDER42DSFmo7lGM,7-Eleven,"26, Jalan Zirkon E7/E, Seksyen 7",Shah Alam,3.0765401,101.4970923,3.1,11,03-5519 1737,7-Eleven,Drop,7.7
ChIJF3mWF_tMzDEReuRCif_x6ds,"7-Eleven Jln SS 19/2, Subang Jaya","69, Jalan SS19/6",Subang Jaya,3.0655606,101.5778016,3.1,11,03-5634 3864,7-Eleven,Drop,7.7
ChIJFYVLSAixzTER9sxcPOF3ofA,CAFé by 7-Eleven Bandar Tropicana Aman (2949),"51-G, Jalan Aman Sinaria 2, Bandar Tropicana Aman",Telok Panglima Garang,2.9434337,101.5281984,3.0,12,,7-Eleven,Drop,7.69
ChIJmx9zNR9TzDERTWZK8XsyKBI,7-Eleven,"66, Jalan Batai Laut 3, Taman Intan",Klang,3.0569405,101.4740499,3.5,8,03-3342 3742,7-Eleven,Drop,7.69
ChIJYTcBAQBVzDERW-KTm-aZb3g,CAFé by 7-Eleven Kapar Klang Selangor (313),"9, Jalan Sungai Kapar Indah 3K, Batu 6, Jalan Kapar, Taman Sungai Kapar Indah",Klang,3.094928599999999,101.3839628,3.7,7,,7-Eleven,Drop,7.69
ChIJa1iiUWlJzDERebdvyRj_j6o,CAFé by 7-Eleven Phileo Damansara (1274),"Unit 102 (GF), Block F Pusat Dagangan Phileo Damansara 1. 9, Jalan 16/11, Off, Jalan Damansara",Petaling Jaya,3.127357800000001,101.6437558,2.2,32,,7-Eleven,Drop,7.69
ChIJG3tAECdJzDERbuHTf6-lOM4,7-Eleven,"2, Jalan Telok Pulai, Taman Desa Seputeh",Kuala Lumpur,3.1143285,101.682106,3.7,7,,7-Eleven,Drop,7.69
ChIJVT8QmqDGzTERdO-2XbKRMro,CAFé by 7-Eleven Putra Point Nilai Negeri Sembilan (821),"PT 12170 (GF), Jalan BBN 1/1F Putra Point 2B Bandar Baru Nilai, PT 7438, Jalan BBN 1/2f, Bandar Baru Nilai",Nilai,2.81308,101.7929459,3.2,10,06-799 0526,7-Eleven,Drop,7.67
ChIJexsQPQBPzDERosb9u_eXlWs,FamilyMart Caltex Ara Damansara,"35, Jalan PJU 1A/42A, Ara Damansara",Petaling Jaya,3.117531399999999,101.5880365,3.2,10,,Fuel only,Drop,7.67
ChIJQ6DtW4U2zDERFY350inAXKA,7-Eleven 791,"51, Jalan Bunga Tanjung 9c, Taman Putra",Ampang,3.1208296,101.762825,3.2,10,,7-Eleven,Drop,7.67
ChIJS7UlDrDnzTER75-YTm0qfa8,CAFé by 7-Eleven Caltex Kampung Batu 3 (2912),"Caltex Petrol Station (7-Eleven, PT 25457, Jalan Rasah, Kampung Batu 3",Mambau,2.678201499999999,101.9260739,2.6,18,,Fuel only,Drop,7.66
ChIJt_YrfltMzDER6Xjp45yF2hk,7-Eleven Jalan SS 15/2A • Subang Jaya • Store 1213,"13, Jalan SS 15/2A, Ss 15",Subang Jaya,3.0816222,101.587455,2.6,18,03-5637 8982,7-Eleven,Drop,7.66
ChIJhcBtNxtKzDERu4hZ45KzpVY,7-Eleven,"Jalan Desa Bakti, Taman Desa",Kuala Lumpur,3.1058348,101.6949443,2.6,18,,7-Eleven,Drop,7.66
ChIJJek4lko4zDERvSK2PJXSmWw,CAFé by 7-Eleven Taman Melawati (223),"9180, Jalan Negara, Taman Melawati",Kuala Lumpur,3.2106583,101.7508328,2.1,37,,7-Eleven,Drop,7.64
ChIJC8FnBQHnzTERhZHVkXog0Q8,7-Eleven,"3402, Jalan RJ 6/1, Taman Rasah Jaya",Seremban,2.6798826,101.9466405,3.3,9,06-633 7025,7-Eleven,Drop,7.6
ChIJWSri7hxPzDERGMRWpsadFRw,CAFé by 7-Eleven S5 Kota Damansara (1123),"Pusat Dagangan Seri Utama, No. 9-G (GF, Jalan Sepah Puteri 5/1B, Kota Damansara",Petaling Jaya,3.1560217,101.5835344,3.3,9,03-6148 0956,7-Eleven,Drop,7.6
ChIJ39LP4vM5zDERanRNlgp1i_8,myNEWS,"G-9, pangsapuri khidmat melawati, 2, Jalan Kolam Air, Desa Melawati",Kuala Lumpur,3.2170734,101.7389961,3.3,9,,MyNEWS,Drop,7.6
ChIJS8V2cT5LzDERFk7Zjda3zI4,CAFé by 7-Eleven Bandar Kinrara 2 (1450),"5, Jalan BK 2/11, Bandar Kinrara",Puchong,3.0520943,101.6435736,2.8,14,,7-Eleven,Drop,7.58
ChIJlyef9PdJzDERsaC1uraOf0Q,CAFé by 7-Eleven Plaza Arkadia (2628),"F-G-12, Ground Floor, Perdana, Plaza Arkadia, 3, Jalan Intisari, Desa Parkcity",Kuala Lumpur,3.1865816,101.636015,2.2,30,,7-Eleven,Drop,7.55
ChIJW3Xfw2JHzDERF9GGoNYXLJs,CAFé by 7-Eleven Taman Sri Gombak (1585),"45, Jalan SG 3/10, Taman Sri Gombak",Batu Caves,3.2428092,101.7046419,4.2,5,,7-Eleven,Drop,7.53
ChIJeUMPpbrBzTERBv4BhRACApQ,CAFé by 7-Eleven Bandar Enstek (1840),"No 82 (GF, Jalan Timur 6/1B",Bandar Baru Enstek,2.7482571,101.7642169,2.7,15,,7-Eleven,Drop,7.49
ChIJERjZdwc2zDERg4_3vxvgduc,7-Eleven,"91, Jalan Jelawat 1, Taman Ikan Emas",Kuala Lumpur,3.1127394,101.7153347,3.6,7,03-9172 1089,7-Eleven,Drop,7.49
ChIJ_TvwoGFezDERsDynUdIC6wc,CAFé by 7-Eleven Kampung Baru Ijok (1473),"12, Jalan Kuala Selangor, Ijok",Batang Berjuntai,3.3147709,101.4142603,2.5,19,,7-Eleven,Drop,7.49
ChIJEdX3qYGyzTERl8-vbAJzppQ,7-Eleven,"54, Jalan Sungai Burung Y 32/Y, Bukit Rimau",Shah Alam,2.9988103,101.5276,2.2,29,,7-Eleven,Drop,7.48
ChIJwRU_f1RVzDERYFTtvvZw6Vo,FamilyMart Teluk Pulai,"No. 39, Ground Floor, Jalan Teluk Pulai",Klang,3.042439700000001,101.4279318,1.6,106,,FamilyMart,Drop,7.48
ChIJ3bngugEUzDEREmV5SHkzwG8,CAFé by 7-Eleven Skyavenue Pahang (3188),"Lot No T2C-05a, Level T2C, SkyAvenue Genting Highlands Resort",Genting Highlands,3.423583,101.7959756,2.0,41,,7-Eleven,Drop,7.48
ChIJD-XR9wHEzTERyfPxvs12p04,7-Eleven KTM Nilai,"1, Jalan Terminal Nilai 1, Pekan Nilai",Nilai,2.8021094,101.7989347,3.4,8,06-799 6639,7-Eleven,Drop,7.47
ChIJcah5T1RTzDER00Epdy1mqLo,7-Eleven,"9, Jalan Teluk Pulai, Taman Teluk Pulai",Klang,3.042594100000001,101.4269399,3.1,10,03-3372 3260,7-Eleven,Drop,7.43
ChIJA0Ei84FKzDERHgIPCvWhsqs,7-Eleven,"UNIT 65, 67, Jalan 1c/149, Bandar Baru Sri Petaling",Kuala Lumpur,3.0681723,101.7055159,3.1,10,,7-Eleven,Drop,7.43
ChIJOY9AAKpRzDERIvq4UyjkTEU,FamilyMart 0297 Caltex Persiaran Mokhtar Dahari,"PT29780, Kg, Jalan Bukit Cerakah, Seksyen U15",Petaling Jaya,3.1699504,101.4693042,2.1,33,,Fuel only,Drop,7.41
ChIJCURzQtTnzTERhD0uv71q-is,myNEWS (Maru Kafe) Gerbang Seremban (G Floor),"NO. 2A, GROUND FLOOR, GERBANG SEREMBAN OFF, Jalan Sungai Ujong",Seremban,2.7165001,101.919414,2.8,13,016-336 2157,MyNEWS,Drop,7.39
ChIJm_0FvKe1zTERNOXE8OT4DbQ,"myNEWS (Maru Kafe) Block D, Faculty of Science, UPM","Block D, Faculty of Science, University Putra Malaysia",Seri Kembangan,3.0024974,101.7051115,3.8,6,,MyNEWS,Drop,7.39
ChIJ-eEkbKLLzTERkFfIMVh4iEE,myNEWS (Maru Kafe) Silk Residence(G Floor),"KPG-13 SILK RESIDENCE JALAN SUTERA, Sistem Lingkaran-Lebuhraya Kajang",Cheras,3.0296949,101.758107,2.8,13,03-8964 9784,MyNEWS,Drop,7.39
ChIJqQN-xJfMzTERp9V3GFG0lZQ,7-Eleven,Kajang,"Kuala Lumpur, Petaling Jaya, Shah Alam, Klang, Subang Jaya, Cheras, Ampang, Cyberjaya, Putrajaya, Kajang, 68100 Selayang, Damansara",3.0117305,101.8116092,3.8,6,,7-Eleven,Drop,7.39
ChIJf4OWJCdMzDERHQ43dkMPwpo,7 Eleven,"4, Jalan PJU 1a/4a",Petaling Jaya,3.1114049,101.586339,2.8,13,,7-Eleven,Drop,7.39
ChIJdc5vw-9IzDERRjPOt-X3Kw8,7-Eleven 1273 Desa Sri Hartamas,"28, Jalan 30/70a, Desa Sri Hartamas",Kuala Lumpur,3.1637212,101.6491066,2.8,13,03-6201 2621,7-Eleven,Drop,7.39
ChIJuTjjdSk2zDERGrxJjPwh4NY,7-Eleven,"77, Jalan Bukit Bintang, Bukit Bintang",Kuala Lumpur,3.1454342,101.7097327,2.8,13,03-2141 9901,7-Eleven,Drop,7.39
ChIJ_zM5UwBZzDERhXjALZKOjhk,FamilyMart,"1, Jalan Alam Suria 16/22",Puncak Alam,3.2355838,101.4115961,2.8,13,,FamilyMart,Drop,7.39
ChIJqeUTRPNFzDER8Sc4IKMpXJk,7-Eleven Damansara Damai,"Block J, 3, Jalan PJU 10/2a, Damansara Damai",Petaling Jaya,3.1983439,101.5941784,2.8,13,03-2114 3093,7-Eleven,Drop,7.39
ChIJA7iHIgm3zTER__Vfpk-i5os,CAFé by 7-Eleven Menara Paragon (2543),"No. 13 (GF, Menara Paragon, Persiaran Bestari, Cyber 11",Cyberjaya,2.924390199999999,101.6372392,2.6,16,,7-Eleven,Drop,7.37
ChIJXccm7s81zDERDo96QgruGgU,7-Eleven • Taman Cheras • Store 055,"55, Jalan Kaskas 2, Taman Cheras",Kuala Lumpur,3.1009657,101.7416878,2.6,16,03-9130 6230,7-Eleven,Drop,7.37
ChIJ0R4DNaM3zDERXVV9sRKhTD4,CAFé by 7-Eleven Gleneagles Hospital KL (2963),"Block (Gfround Floor, B & Medical Office, Lot 11, 1st Floor, Block B Gleneagles Hospital Kuala Lumpur No 282, 286 & 288 Block A, Jalan Ampang",Kuala Lumpur,3.1613568,101.7393724,3.2,9,,7-Eleven,Drop,7.37
ChIJBarfIiFdzDERSh8LI5kkpE0,CAFé by 7-Eleven Green Park Rawang (2846),"15, Jalan Hijau 5/1, Bandar Tasik Puteri",Rawang,3.281294899999999,101.465429,3.2,9,,7-Eleven,Drop,7.37
ChIJBfrOSVbmzTERQ-RSv6ZDAwE,7-Eleven,Seremban,"Kuala Lumpur, Petaling Jaya, Shah Alam, Klang, Subang Jaya, Cheras, Ampang, Cyberjaya, Putrajaya, Kajang, 68100 Selayang, Damansara",2.6722856,101.9334089,2.5,18,,7-Eleven,Drop,7.36
ChIJReoc4vbJzTERCfJWdsfHbG8,FamilyMart Alamanda Shopping Centre,"Lot G03-G04, Alamanda Shopping Centre, Jalan Alamanda, Precinct 1",Wilayah Persekutuan,2.9402944,101.7114943,1.7,73,,FamilyMart,Drop,7.32
ChIJE24mehNHzDER0gU50unyKbw,CAFé by 7-Eleven Karya Bayu Metropolitan (2918),"G-05, Karya Bayu Metropolitan, 51, Persiaran Putra Bayu, Kepong",Kuala Lumpur,3.2261735,101.6498637,2.1,31,,7-Eleven,Drop,7.28
ChIJV085eJ2szTERzbAQHuMiMmk,7-Eleven,"63, Jalan Batu Nilam 5",Klang,3.0101266,101.4342022,3.3,8,03-3323 0994,7-Eleven,Drop,7.25
ChIJSySTvP41zDERwn__WD0_ZTg,7-Eleven Store 2410 Taman Seri Taming,"8, Jalan Seri Taming 1e, Taman Seri Taming",Cheras,3.0544225,101.7510055,3.3,8,,7-Eleven,Drop,7.25
ChIJl8L8UFDHzTER82tAp2rXfVk,7-Eleven1946,"41, Jalan Bunga Raya 2",Sepang,2.8060837,101.715744,4.5,4,,7-Eleven,Drop,7.24
ChIJFzDyE5vHzTERo2BVeZMkQRc,7-Eleven Salak Perdana2677,Sepang,"Kuala Lumpur, Petaling Jaya, Shah Alam, Klang, Subang Jaya, Cheras, Ampang, Cyberjaya, Putrajaya, Kajang, 68100 Selayang, Damansara",2.8380998,101.7257518,4.5,4,,7-Eleven,Drop,7.24
ChIJe4i7IHpHzDER5xJ92oUZej8,"7-Eleven 1092 Jln Samudra Utara 2 , Taman Samudra, Batu Caves","592g, Jalan Samudera Utara 2, Taman Samudra",Batu Caves,3.2350444,101.6977373,4.5,4,03-6187 3125,7-Eleven,Drop,7.24
ChIJk2VhflndzTERCAxzkKQrOSY,CAFé by 7-Eleven Taman Coral Height (2055),"No. 232 (GF, Persiaran Bukit Coral 1, Taman Bukit Coral",Seremban,2.7526698,101.9551254,2.3,22,,7-Eleven,Drop,7.21
ChIJ9bzi-161zTERfRzClZkaW-s,7-Eleven 1299,"11, Jalan Perusahaan 1, Taman Serdang Jaya",Seri Kembangan,3.016708,101.7034819,3.7,6,03-2114 3299,7-Eleven,Drop,7.2
ChIJFwDu0d9SzDERQgNBfpeYSkA,7-Eleven,Kawasan Perindustrian Sungai Rasau,Shah Alam,3.0543461,101.4838054,3.7,6,,7-Eleven,Drop,7.2
ChIJIx2pVChTzDERqD23mORWlY4,myNEWS (Maru Kafe) Vista Alam (LG Floor),"B11-LG Vista Alam, Jalan Ikhtisas 14, 1, Seksyen 14",Shah Alam,3.0711365,101.5245234,3.7,6,,MyNEWS,Drop,7.2
ChIJ7RejzypLzDERXQL9pJeH4lg,7-Eleven,"Jalan 4/108a, Salak Selatan",Kuala Lumpur,3.107143299999999,101.7059624,3.7,6,,7-Eleven,Drop,7.2
ChIJ94OdrapFzDERKeKIyg2t3C4,myNEWS (Maru Kafe) 0955 The Village Square Club (G Floor),"VS-G-02, THE VILLAGE SQUARE VALENCIA CLUB, Jalan Elitis Gapura Senja, Valencia",Sungai Buloh,3.2113382,101.5857013,3.7,6,03-6151 8664,MyNEWS,Drop,7.2
ChIJpaP4I8_gzTERN-fIp2DKYs4,CAFé by 7-Eleven Dataran Kemuning (1706),"Ground Floor, 4, Jalan Dataran Kemuning 3, Taman Cendana",Seremban,2.692238999999999,101.9892986,2.4,19,,7-Eleven,Drop,7.19
ChIJ0_Qk2nJLzDER0RjaqNrN4fc,7-Eleven,Taman Kinrara Seksyen 4,Puchong,3.0657303,101.6377049,3.0,10,,7-Eleven,Drop,7.19
ChIJV56IQsQ0zDERN-R4IMBpMII,7-Eleven (363) Taman Cheras Perdana,"18, Lorong CP 4/38, Cheras Perdana",Cheras,3.0460062,101.7674682,2.4,19,03-9074 0940,7-Eleven,Drop,7.19
ChIJa9NSE_evzTER5YK_5j738F0,7-Eleven Store 2286,"62 (GF, Jalan Utama 55, Taman Jaya Utama",Telok Panglima Garang,2.9134265,101.4760204,2.8,12,,7-Eleven,Drop,7.18
ChIJ30bPk_TLzTERQYDShGjl2Nw,CAFé by 7-Eleven Residensi Rimbun (2969),"Lot A-01-08, Residensi Rimbun (Canopy Hills, Jalan Zamrud Utama",Kajang,2.9572315,101.7949781,2.7,13,,7-Eleven,Drop,7.13
ChIJj8R2_FdJzDERG3dv65zSJlc,Bhpetromart,"Bhpetrol, Jalan 19/1b, Seksyen 19",Petaling Jaya,3.1130034,101.6266251,2.7,13,,Fuel only,Drop,7.13
ChIJh1LtVC1IzDERmHbnXpjIVsg,7-Eleven,"21, Jalan Tuanku Abdul Rahman, City Centre",Kuala Lumpur,3.1515505,101.6957451,2.3,21,03-2698 5841,7-Eleven,Drop,7.11
ChIJhz4H_IK1zTERod37Zaviogo,7-Eleven Casa Tropika,"1-G Komercial Casa Tropika, Jalan Bunga Raya, Puchong Batu 14",Puchong,2.9985169,101.6217025,2.2,24,03-2142 1136,7-Eleven,Drop,7.08
ChIJAa_k7IROzDER7kPav9S6iS8,CAFé by 7-Eleven Dataran Ara Damansara (1171),"D-G, 27, Jalan PJU 1a/20b, Dataran Ara Damansara",Petaling Jaya,3.1195287,101.5797015,2.2,24,,7-Eleven,Drop,7.08
ChIJSXJ423o2zDERnVOS0EbdZoo,CAFé by 7-Eleven Pandan Perdana (168),"No. 29 (GF, Jalan Perdana 4/5, Pandan Perdana",Kuala Lumpur,3.1198981,101.7433095,2.5,16,03-9281 0831,7-Eleven,Drop,7.08
ChIJ90uXwT1MzDERMtoSs2WOOL4,CAFé by 7-Eleven Kelana Centre Point (1378),"No 107 (GF), Block A, Kelana Centre Point, 3, Jalan SS 7/19",Petaling Jaya,3.099842800000001,101.5915097,2.4,18,03-7804 4325,7-Eleven,Drop,7.07
ChIJ6wPK9x9PzDERgQVM_O9KzYk,CAFé by 7-Eleven Dataran Sunway PJU 5/12 (2237),"G11-01 Jalan PJU 5/12 Dataran Sunway, Kota Damansara",Petaling Jaya,3.1533073,101.5929396,2.4,18,,7-Eleven,Drop,7.07
ChIJkdmA1JRJzDERyhQwyHINhtY,7-Eleven,"243, Jalan Tun Sambanthan, Brickfields",Kuala Lumpur,3.128740000000001,101.68371,2.6,14,03-2274 4301,7-Eleven,Drop,7.04
ChIJ__rTb1dPzDERYfyzLwvJ-9E,CAFé by 7-Eleven Sri Damansara (757),"No. 6 (GF, Jalan Tanjung SD 13/1, Bandar Sri Damansara",Kuala Lumpur,3.1888428,101.6053326,2.3,20,,7-Eleven,Drop,7.0
ChIJT4058eNRzDERBxjz1C5TA7g,7-Eleven,Sunway Kayangan,Shah Alam,3.1282358,101.5194289,2.9,10,,7-Eleven,Drop,6.95
ChIJn-6MfqROzDERgnBdc3YNRj8,7-Eleven,"GF, 36-1, Jalan PJU 1/3a, Sunway Mas Commercial Center",Petaling Jaya,3.1204161,101.5987787,2.9,10,03-7803 2138,7-Eleven,Drop,6.95
ChIJvZHg3QZPzDERjJ7ZteWCVjM,7-Eleven Kota Damansara Jalan Cecawi,"Podium Block, Plaza Berjaya, No. 12, Jalan Imbi, Kota Damansara",Kuala Lumpur,3.158930999999999,101.573494,2.9,10,03-2142 1136,7-Eleven,Drop,6.95
ChIJOUFB899OzDERth-r6LG-a5s,7-Eleven • Kota Damansara • Store 1563,"10-1, Jalan PJU 5/7, Kota Damansara",Petaling Jaya,3.1523034,101.5943795,2.9,10,03-6140 6457,7-Eleven,Drop,6.95
ChIJGRjrWfTHzTERLYerVW0ug9o,CAFé by 7-Eleven Giverny Walk (3090),"No. 27 (GF, Giverny Walk, 3, Jalan Sunsuria, Bandar Sunsuria",Sepang,2.8390176,101.7059578,2.4,17,,7-Eleven,Drop,6.94
ChIJ9Y4zj2VLzDERpPfkRVVqOoQ,7-Eleven,"15, Jalan Helang 13, Bandar Puchong Jaya",Puchong,3.0606099,101.6268219,2.4,17,03-2114 2523,7-Eleven,Drop,6.94
ChIJey4VfMZMzDER0eda0767mak,"7-Eleven Jalan USJ 9/5Q, UEP Subang Jaya","36-1, Jalan USJ 9/5q",Subang Jaya,3.0467324,101.5878527,2.7,12,03-8023 9482,7-Eleven,Drop,6.93
ChIJR_lXfABJzDERrZqGF0M8-s4,myNEWS Dataran Atwater,"R-G-05, Pusat Perdagangan Dataran Atwater, Jalan Profesor Diraja Ungku Aziz",Petaling Jaya,3.1173784,101.6324367,5.0,3,,MyNEWS,Drop,6.93
ChIJu-q3iHRPzDERJOwfl1DStnY,7-Eleven Malaysia RO24,"14-2, Jalan Pekaka 8/3, Seksyen 8 Kota Damansara",Petaling Jaya,3.174717,101.575173,5.0,3,,7-Eleven,Drop,6.93
ChIJ-7cbNgpPzDERanShBUQjzxI,myNEWS I Residence Shop (G Floor),"SHOP, I RESIDENCE, LOT G-9, I RESID, Persiaran Surian, Kota Damansara",Petaling Jaya,3.1506147,101.582377,5.0,3,03-6145 0525,MyNEWS,Drop,6.93
ChIJKVZlmJnNzTER9yJPbE7fgJ0,myNEWS (Maru Kafe) Eco Majestic Semenyih,"No. 2-1, Jalan Eco Semenyih 10/1B, Eco Majestic Eco Majestic",Semenyih,2.9003719,101.8330094,4.3,4,,MyNEWS,Drop,6.92
ChIJ9YfvAvRTzDERRrOCpDkSDXk,CAFé by 7-Eleven Persiaran Multimedia Selangor (3201),"TWENTY8 @ FINANCE AVENUE, K-G-06, Blok K, No. 3 Persiaran Multimedia I-City, Seksyen 7",Shah Alam,3.0635209,101.4838386,4.3,4,,7-Eleven,Drop,6.92
ChIJQ-pERFc2zDERLf4_2zgZKkI,7-Eleven,"22, Lorong Pandan Pertama 3, Kampung Pandan Dalam",Kuala Lumpur,3.1423118,101.7478757,4.3,4,03-9200 4491,7-Eleven,Drop,6.92
ChIJPX0c1EzpzTERdUr-wnIFB3M,7-Eleven,"191, Jalan Pusat Dagangan Sendayan 3/3",Siliau,2.6808297,101.8680078,3.0,9,,7-Eleven,Drop,6.91
ChIJCzWJjyNQzDERUA8kyl8ZTLU,7-Eleven,"No 3(Gf), Persiaran Metafasa, U16/5, Taman Bukit Subang, 40160 Shah Alam, Selangor, 40160, Shah Alam",Selangor,3.1688756,101.517496,3.0,9,03-7847 2814,7-Eleven,Drop,6.91
ChIJ58Eegq9czDERowREL9lPraQ,7-Eleven 2251 Kampung Baru Kundang,"No 43B, Ground Floor, Jalan Pekan 2, Kundang",Rawang,3.279327,101.5138032,3.0,9,,7-Eleven,Drop,6.91
ChIJbwPglDSzzTERgC7rULkuMF8,7-Eleven The 19 USJ Mall,"G-29, Ground Floor, The 19 USJ Mall, Jalan, Persiaran Kewajipan, Usj 19",Subang Jaya,3.0333366,101.5887429,2.2,22,03-8025 9152,7-Eleven,Drop,6.9
ChIJ14X6mVPozTERdWN1-ESGc8s,CAFé by 7-Eleven Sendayan Metro Park (2399),"LG-41 Jalan Metro Sendayan 1/1 Sendayan Metro Park 71950, Bandar Sri Sendayan",Seremban,2.6858314,101.846746,2.3,19,,7-Eleven,Drop,6.89
ChIJF5-w1hBMzDERNLWmo-LoJ3I,7-Eleven,"Unit E-112 Kelana Park View, No. 1, Jalan SS 6/2, Ss 3",Petaling Jaya,3.101194,101.599515,2.3,19,03-7804 8354,7-Eleven,Drop,6.89
ChIJ7Zvzp-2zzTERMlc9TO0ju4U,CAFé by 7-Eleven Caltex Puchong (1948),"Lot, PT 32427, Persiaran Puchong Perdana, Taman Puchong Permai",Puchong,3.0084145,101.5988723,3.3,7,,Fuel only,Drop,6.86
ChIJLRoMOstHzDERkZK6oePaHow,myNEWS (Maru Kafe) Bandar Baru Selayang,"39, Jalan 2/16, Bandar Baru Selayang",Batu Caves,3.2568336,101.6568832,3.3,7,03-6128 5993,MyNEWS,Drop,6.86
ChIJd_ZdP0lTzDERLWKiDoc-uVU,FamilyMart Setia City Mall,"LG-20A, Setia City Mall, No. 7, Persiaran Setia Dagang Bandar Setia Alam, Seksyen, U13 Shah Alam",Shah Alam,3.108951,101.4613414,1.6,70,,FamilyMart,Drop,6.82
ChIJc_tI2J3dzTER9vQ5dy8iskI,7-Eleven,"KFC, Kfc, 31G, Jalan Tun Dr. Ismail, Bandar Seremban",Seremban,2.7326537,101.936586,3.5,6,06-762 9714,7-Eleven,Drop,6.81
ChIJwaTzxg_OzTERpPOkvT-q0oM,7-Eleven,Block H,SA Building – Yellow Building,2.9442865,101.8757982,3.5,6,,7-Eleven,Drop,6.81
ChIJz8xgUnU2zDERRKy3av2Yhyw,7-Eleven • Taman Pertama • Store 1319,"35, Jalan 2/90, Taman Pertama",Kuala Lumpur,3.1123713,101.7297091,3.1,8,03-9281 5245,7-Eleven,Drop,6.81
ChIJL5grTNtpzDERUsf5-UkdruE,CAFé by 7-Eleven Sari Alamanda (3029),"No: G-11 (Ground Floor6, Jalan Sari Alamanda 2",Serendah,3.3697795,101.5716783,3.1,8,,7-Eleven,Drop,6.81
ChIJsyWRUXAFzDERi74nw2EEgow,7-Eleven,"No P9-1, Pusat Perniagaan Mutiara Gemilang, Jalan Tras, 28700, Bentong, Pahang, Jalan MG 1",Jalan Tras,3.539538799999999,101.9016113,3.8,5,09-223 3312,7-Eleven,Drop,6.81
ChIJr3Sn1iDJzTER5u247lBa8bc,"FamilyMart Caltex Precinct 14, Putajaya","Caltex Precint 14, Lot PT 9029, Presint 14, Bandar Putrajaya, Daerah Putrajaya, Wilayah Persekutuan, Presint 14",Putrajaya,2.952159,101.72964,2.2,21,,Fuel only,Drop,6.8
ChIJu3MKVOVIzDERohmzqTEmcdY,CAFé by 7-Eleven Hartamas (221),"16-g, Jalan 23/70a, Desa Sri Hartamas",Kuala Lumpur,3.1615742,101.6496693,2.0,29,,7-Eleven,Drop,6.8
ChIJHesJkvpSzDERPVWzt1Jnmdk,7-Eleven,"No. 29, Blok Q, UG/27, Jalan Plumbum U 7/U, Seksyen 7",Shah Alam,3.0671318,101.489934,2.3,18,019-205 7483,7-Eleven,Drop,6.77
ChIJTzR1f15JzDERNiZ0qit4YYI,myNEWS (Maru Kafe) Jaya One (G Floor),"D-57-G, THE SUITE, BLOCK D, Jalan Profesor Diraja Ungku Aziz",Petaling Jaya,3.1175568,101.6357978,2.3,18,03-7931 3088,MyNEWS,Drop,6.77
ChIJ1VoacV83zDERasriG4PeeUE,FamilyMart Taman Setiawangsa,"Jalan Setiawangsa 10, Taman Setiawangsa",Kuala Lumpur,3.1780542,101.7424795,2.0,28,,FamilyMart,Drop,6.73
ChIJO1SOT_tIzDERhrc4GeZsBAI,7-Eleven 1940,"12, Jalan Sri Hartamas 8, Taman Sri Hartamas",Kuala Lumpur,3.1576487,101.6505235,2.8,10,,7-Eleven,Drop,6.71
ChIJx0ekmwY3zDERSINFugkG3A4,7-Eleven,"Block A-G-05, Desa Permai, Jalan 16b, Taman Dato Ahmad Razali, Ampang Jaya",Ampang,3.1573323,101.757484,2.7,11,03-4265 0732,7-Eleven,Drop,6.71
ChIJCZpNBF6yzTERVr6JbOIWxxE,7-Eleven,"18, Jalan Anggerik Aranda B 31/B, Kota Kemuning",Shah Alam,2.991298799999999,101.5480628,2.9,9,03-5122 9172,7-Eleven,Drop,6.68
ChIJ_fzpM55LzDERW_glDuj3UsQ,7-Eleven Store 487 • Taman Medan,"39, Jalan Medan 10, Taman Medan",Petaling Jaya,3.074233,101.635336,2.9,9,,7-Eleven,Drop,6.68
ChIJhWTIQDlKzDERkdG0ID22iQA,7-Eleven,"33, Jalan Desa, Taman Desa",Kuala Lumpur,3.0963978,101.6772873,2.9,9,,7-Eleven,Drop,6.68
ChIJPe5O6qcVzDER2agI9WrCKJQ,"myNEWS (Maru Kafe) Sky Avenue, Genting","Resort, T2B-59, Sky Avenue",Genting Highlands,3.424372399999999,101.7959869,2.9,9,,MyNEWS,Drop,6.68
ChIJu8nj2HOvzTEROEV6UXqW_qo,CAFé by 7-Eleven KSL Esplanade (3014),"GH01, Ground Floor, KSL Esplanade Hotel, Bandar Bestari",Klang,2.9576141,101.4673598,2.6,12,,7-Eleven,Drop,6.67
ChIJoSiNm99OzDERG8YUO83CwOQ,CAFé by 7-Eleven Dataran Sunway PJU 5/3 (1044),"19, Jalan PJU 5/3, Dataran Sunway",Petaling Jaya,3.151799199999999,101.5954162,2.3,17,,7-Eleven,Drop,6.65
ChIJ7wuxLNFLzDERZwcREx3Pb-c,CAFé by 7-Eleven Jalan Gasing (42),"127, Jalan Gasing",Petaling Jaya,3.1076352,101.6531987,2.5,13,,7-Eleven,Drop,6.6
ChIJuzgNgCJMzDER3uLmXxl2cC8,7-Eleven,"Block B, G18, Jalan SS 7/26, SS7",Petaling Jaya,3.1059797,101.5931064,3.0,8,03-2142 1136,7-Eleven,Drop,6.59
ChIJN5IVlO1IzDER-pdCicWshUA,CAFé by 7-Eleven Kiara Walk Kiara Designer Suite (1101),"B1-C5, @ Kiara Designer Suite, Kiara Walk, 18, Jalan Kiara 3, Bukit Kiara",Kuala Lumpur,3.1682698,101.6487122,2.1,22,,7-Eleven,Drop,6.58
ChIJH7P7-MDdzTERPdyxXzo8osc,7-Eleven,"472, Jalan Sri Pulai 26, Taman Sri Pulai 2",Seremban,2.7389906,101.9598648,4.7,3,06-761 1715,7-Eleven,Drop,6.52
ChIJe4ZQEW7dzTERJbnQyA3NRco,7-Eleven,Taman Kayu Manis,Seremban,2.7368645,101.9708879,4.7,3,,7-Eleven,Drop,6.52
ChIJU_k8L2GzzTER_paeLqkrAko,myNEWS Gamuda Walk (G Floor),"LOT G-23, GROUND FLOOR, GAMUDA WALK, 45, JALAN ANGGERIK VANILLA, KOTA KEMUNING, Seksyen 21",Shah Alam,3.0007635,101.5337747,2.3,16,03-5131 9075,MyNEWS,Drop,6.52
ChIJOdRCJQ9LzDERNRtDfe5GeqA,7-Eleven,"28, Jalan Kinrara, Taman Kinrara",Puchong,3.0668948,101.6494596,2.3,16,03-8076 3586,7-Eleven,Drop,6.52
ChIJr9R62jc0zDERum9TC-cx8AE,CAFé by 7-Eleven Segar Perdana Kajang Sel (592),"55, 35, Jalan Segar Perdana 3, Taman Segar Perdana",Cheras,3.092145,101.7616858,2.3,16,,7-Eleven,Drop,6.52
ChIJ-fLkRrA5zDERR6XbYKMj6xA,myNEWS (Maru Kafe) KL East Mall (LG Floor),"LOT LG-41, LOWER GROUND FLOOR KL EAST MALL, 823, Jalan Lingkaran Tengah 2, KL TIMUR",KULA LUMPUR,3.225096,101.7296004,2.3,16,03-4162 5421,MyNEWS,Drop,6.52
ChIJCUO-39pJzDERwlZfqJkzN58,7-Eleven,"1, Jalan Sultan Sulaiman, Kampung Attap",Kuala Lumpur,3.139273900000001,101.6968623,2.4,14,03-2272 2746,7-Eleven,Drop,6.5
ChIJg1gXcSxPzDERyw0u4aHE7vM,myNEWS The Curve (G Floor),"LOT G99A, GROUND FLOOR, 6, Jalan PJU 7/3, Mutiara Damansara",Petaling Jaya,3.1577361,101.6114672,2.4,14,03-7710 0428,MyNEWS,Drop,6.5
ChIJw28UVbVtzDER-qfol5RLgjE,7-Eleven,"No. 10(Gf), Jalan Jati Utama 2, Bandar Baru Batangkali, 44300, Batangkali",Selangor,3.4686065,101.6385223,2.4,14,03-6057 1094,7-Eleven,Drop,6.5
ChIJ6R1BRIlKzDERJ-pyDsS5pZo,CAFé by 7-Eleven Jalan Radin Anum Kuala Lumpur (400),"No. 87 (GF, Jalan Radin Tengah, Bandar Baru Sri Petaling",Kuala Lumpur,3.0687565,101.6907506,2.1,21,016-333 2898,7-Eleven,Drop,6.49
ChIJD_LE6MdTzDERqkQkr0calhA,CAFé by 7-Eleven Centralwalk Shah Alam Selangor (2542),"Unit No B-UG-07A, I-Soho (Centralwalk) @ I-City, Jalan Multimedia, Seksyen 7",Shah Alam,3.065307100000001,101.4810046,2.7,10,,7-Eleven,Drop,6.47
ChIJ59ta-nbdzTERybgsKzOYfy0,7-Eleven,"26, Jalan DM2, Taman Saga",Seremban,2.7310633,101.9318467,2.6,11,06-767 8859,7-Eleven,Drop,6.46
ChIJ95-vhm2rzTER4tEGAXLeiy8,"7-Eleven Jalan Pandamaran , Pelabuhan Klang","318, Jalan Besar Pandamaran, Kawasan 12",Pelabuhan Klang,3.0073309,101.4143801,2.6,11,03-3166 8905,7-Eleven,Drop,6.46
ChIJDSBacVg0zDERv7LWnubegTs,7-Eleven • Taman Suntex • Store 410,"22, Jalan Kijang, Taman Suntex",Cheras,3.0717757,101.7666391,2.6,11,03-9074 1185,7-Eleven,Drop,6.46
ChIJK9NEnvdNzDERMUxmP6CMs_Q,7-Eleven,"7, Jalan Serambi U8/24, Bukit Jelutong",Shah Alam,3.1031838,101.5277236,2.6,11,,7-Eleven,Drop,6.46
ChIJxf6OQvfdzTERk_S8Z_P5OA8,CAFé by 7-Eleven Taman Sri Pinang (3030),"19, Jalan Sri Pinang 1, Taman Sri Pinang",Seremban,2.727066,101.8933295,2.8,9,,7-Eleven,Drop,6.45
ChIJeWzHiOM0zDERXW1A91dadqg,"7-Eleven Jln Tun Perak 6, Tmn Tun Perak, Cheras","G12A, Jalan Tun Perak 6, Taman Tun Perak",Kuala Lumpur,3.059135,101.7577912,3.1,7,03-9105 6944,7-Eleven,Drop,6.45
ChIJnRodX2b2zDERR2jgX5Y-Rmk,7-Eleven JLN BESAR JERAM SEL,"249, Jalan Besar, Sungai Buloh",Jeram,3.258022,101.3064833,3.1,7,03-2114 2480,7-Eleven,Drop,6.45
ChIJS8GFZv1FzDERVGulE5lhdPw,myNEWS The Zizz,"P1-2-23-A, P1-2-23-B, The Zizz@Damansara North, 2, Jalan PJU 10/1a, Damansara Damai",Petaling Jaya,3.1981147,101.597483,2.8,9,,MyNEWS,Drop,6.45
ChIJZ6nBkmxGzDER28Su3OGx8Xk,7-Eleven 0583 Taman Desa Jaya Kepong,"7, Jalan 53, Pekan Kepong",Kuala Lumpur,3.213521000000001,101.631506,3.1,7,03-6273 2485,7-Eleven,Drop,6.45
ChIJo0kJdTvnzTERhtaN5ApBHi0,7-Eleven,"195, Persiaran Layang-layang 2, Taman Merpati",Seremban,2.690354699999999,101.9646572,4.0,4,,7-Eleven,Drop,6.44
ChIJpR521EKzzTERzlCxBJS_maQ,7-Eleven (2438) Puchong Prima,"LRT Puchong Prima, Taman Puchong Prima",Puchong,2.9998069,101.5964003,4.0,4,,7-Eleven,Drop,6.44
ChIJw14fV3dHzDERC137OVmVeio,7 Eleven 1608 Prima Samudera,Taman Samudra,Batu Caves,3.2337819,101.6951867,4.0,4,,7-Eleven,Drop,6.44
ChIJm2aCE3sezDERmV-FqB1lKic,7-Eleven 489,"645, Jalan Besar Karak, Kampung Baru Karak",Karak,3.415317999999999,102.0334734,4.0,4,,7-Eleven,Drop,6.44
ChIJhfcVb5nMzTERqeu5KNkO-8Q,CAFé by 7-Eleven Prima Saujana (1034),"No. B-15 (GF), Jalan Prima Saujana 2/A Seksyen 2, Taman, Prima Saujana",Kajang,3.0081332,101.8054612,3.3,6,,7-Eleven,Drop,6.42
ChIJZybFvidPzDERWlehKyBiuT0,7-Eleven,"18, PM, Pelangi Square, B - G, 6, Persiaran Surian, Damansara",Petaling Jaya,3.154032899999999,101.602845,3.3,6,03-7725 7394,7-Eleven,Drop,6.42
ChIJG82DyPLfzTERQ3jIk43YRW4,FamilyMart Taman Ampangan,"Unit 1360, Ground Floor, Lorong Cengal 3/2, Taman Bukit Ampangan",Seremban,2.7261392,101.9995925,2.5,12,,FamilyMart,Drop,6.41
ChIJwzRCjKjdzTERUOTUah8ddSc,FamilyMart Caltex Temiang,"Lot No, 40766, Persiaran Sri Pulai 2",Seremban,2.7481033,101.9430693,1.6,54,,Fuel only,Drop,6.41
ChIJT_qAdERJzDER9Sc2VIjWJXE,myNEWS (Maru Kafe) Bangunan Plaza PPUM,"PUSAT PERUBATAN UNIVERSITI MALAYA PPUM (UTARA, BANGUNAN PLAZA, RUANG NIAGA DI HENTIAN TEKSI PLAZA, Jalan Profesor Diraja Ungku Aziz",Kuala Lumpur,3.11306,101.6515739,2.5,12,,MyNEWS,Drop,6.41
ChIJDWY5AVRJzDER5CsudvHaqUA,7-Eleven,"Ground Floor, 8, Jalan SS 2/61, SS 2",Petaling Jaya,3.1170769,101.621853,2.3,15,,7-Eleven,Drop,6.38
ChIJ4dg_O6o3zDER1dCQfF3mmP4,myNEWS (Maru Kafe) M City Ampang (G Floor),"K - 01 - G & J - 02 - G, M, City Ampang, 326, Jalan Ampang, Kampung Berembang",Kuala Lumpur,3.158855,101.7476289,2.9,8,03-2720 2302,MyNEWS,Drop,6.37
ChIJ8eyQXhpTzDERsQrhXm9IR-k,7-Eleven,"10, Jalan Tiara 2, Bandar Baru Klang",Klang,3.0626629,101.4697137,2.4,13,03-3341 6751,7-Eleven,Drop,6.33
ChIJ3xAvpHfnzTERUaGaTTSRFL0,7-Eleven,"G1 No, 53, Jalan S2 G2, Garden Avenue",Seremban,2.680628699999999,101.902389,2.6,10,,7-Eleven,Drop,6.23
ChIJf44dKKTKzTERhDq0yzN55ak,7-Eleven,"12, Jalan 7/2",Seri Kembangan,3.0205197,101.7124468,3.2,6,03-9100 4021,7-Eleven,Drop,6.23
ChIJE31ER8xNzDERcHXJxEey_i8,myNEWS USJ Sentral 3,"G-2A, G-2A, Jalan Usj Sentral 3, PERSIARAN SUBANG 1",Subang Jaya,3.0572607,101.5949622,2.3,14,03-8011 9565,MyNEWS,Drop,6.23
ChIJhdkhLeQ1zDERO3TrGZ_vgPg,myNEWS (Maru Kafe) Maxim Alam Damai (G Floor),"G-10, MAXIM ALAM DAMAI NO. 43, JALAN 9, TAMAN LEN SENG, CHERAS, 43, Jalan 9, Taman Len Seng",Kuala Lumpur,3.0761072,101.7424364,2.6,10,016-334 9475,MyNEWS,Drop,6.23
ChIJaTc_VkJWzDERr5gGr9mQJ0I,7-Eleven,"Lot 2474, Jalan Besar, Taman Kapar",Kapar,3.1375542,101.3737514,2.6,10,03-3393 6884,7-Eleven,Drop,6.23
ChIJT3lUkQxKzDER7QcPaxaW2vI,7-Eleven,"6, Jalan 7/108c, Taman Sungai Besi",Kuala Lumpur,3.0939247,101.7000555,2.6,10,03-7981 6952,7-Eleven,Drop,6.23
ChIJX9wI3ljzzDERtqU4FHNXp1Q,CAFé by 7-Eleven Jalan Bukit Kuala Selangor (1412),"No 68 (GF & 1st Floor, Jalan Bukit (Jalan Station",Kuala Selangor,3.3408351,101.2496433,2.7,9,03-3281 1191,7-Eleven,Drop,6.22
ChIJh8yx9T_LzTERBKhkBE9LzYQ,CAFé by 7-Eleven MKH Avenue (2491),"A-0-3a 1A, MKH Avenue, Jalan Metro Avenue 2, Bandar Kajang",Kajang,2.992519999999999,101.7920337,2.1,18,,7-Eleven,Drop,6.18
ChIJcSoZUO5KzDERvU9_w5JzqpY,7-Eleven,"5-2A, Jalan Jalil Perkasa 14, Taman Esplanad",Kuala Lumpur,3.0614152,101.6759362,2.4,12,012-217 6031,7-Eleven,Drop,6.16
ChIJaT-15PLBzTERsZC9sxtyeqc,myNEWS (Maru Kafe) Bandar Enstek,"NO. 11, JALAN TIMUR 6/1A TIMUR@ ENSTEK, Bandar Baru Enstek",Nilai,2.747662,101.764303,2.8,8,06-799 5189,MyNEWS,Drop,6.15
ChIJlXjMlXC3zTERU7722nhQxvw,myNEWS Menara Paragon (G Floor),"MENARA PARAGON, NO. GF-12, Persiaran Bestari, Cyber 11",Cyberjaya,2.924355,101.637115,2.8,8,016-336 2576,MyNEWS,Drop,6.15
ChIJgcPJPCnbzTERrOfmIFxJlGI,7-Eleven,"23, Jalan Bukit Belian",Mantin,2.831583299999999,101.8969015,3.8,4,,7-Eleven,Drop,6.12
ChIJa7f-iQJPzDERBaQXSObiKyw,7-Eleven Jalan Camar 4/3 0625,"26, Jalan Camar 4/3, Kota Damansara",Petaling Jaya,3.153714,101.578875,3.8,4,,7-Eleven,Drop,6.12
ChIJPaMBtflPzDER6uZEMctIXX0,myNEWS Giant Kota Damansara (1st Floor),"F-48, 16, Jalan PJU 5/1, Kota Damansara",Petaling Jaya,3.156145,101.596223,3.8,4,03-6143 9015,MyNEWS,Drop,6.12
ChIJbT6OVZC_zTERH5TXIXYwmrk,"myNEWS (Maru Kafe) Gate P, KLIA 2","International Departure, Level (Airside), KLIA 2, S5-1A, A10",Sepang,2.753354400000001,101.7044165,3.4,5,,MyNEWS,Drop,6.09
ChIJ6QRl9TPnzTERugu53IBU_ws,7-Eleven • Taman D'Cattleya • Store 2629,"6, Jalan Cattleya 2, Taman D'Cattleya",Senawang,2.6949738,101.9782747,3.4,5,,7-Eleven,Drop,6.09
ChIJ92XMNQW5zTER29_lmgGw_jU,"7-Eleven Bell Avenue, XMUM","88, Jalan Warisan Megah 1/9, Kota Warisan",Sepang,2.828878,101.7054139,3.4,5,,7-Eleven,Drop,6.09
ChIJ2Zfsj0tTzDERrCYcs8IXzr4,CAFé by 7-Eleven Jalan Serai Wangi Selangor (3194),"Jalan Serai Wangi N 16/N, Seksyen 16",Shah Alam,3.0580074,101.4898401,3.4,5,,7-Eleven,Drop,6.09
ChIJ22K_eOFdzDERpHR2wbAzeI8,CAFé by 7-Eleven Setia Eco Templer (3015),"No 12-G, Jalan 3, 1, Persiaran Setia Eco Templer",Rawang,3.2879285,101.6380781,3.4,5,,7-Eleven,Drop,6.09
ChIJiYxe-npHzDER60cBUGI0if0,7-Eleven 0089 Taman Sri Gombak,"2, Jalan SG 1/8, Taman Sri Gombak",Batu Caves,3.2380324,101.699209,3.4,5,03-6188 0087,7-Eleven,Drop,6.09
ChIJTQxoP4z0zDERj3EzTLopks8,"7-Eleven store 1920 Medan Niaga, Kuala Selangor","No 57, Ground Floor, Medan Niaga, Jalan Medan Niaga 2",Kuala Selangor,3.320592,101.270755,3.4,5,03-2119 1711,7-Eleven,Drop,6.09
ChIJjVwAbWoFzDERrXf7gTRvQo4,CAFé by 7-Eleven Jalan Loke Yew Bentong (2553),"93, Jalan Loke Yew",Bentong,3.5250375,101.9078763,3.4,5,,7-Eleven,Drop,6.09
ChIJLXY98Uk4zDERKvamBInpVPs,CAFé by 7-Eleven Gaya Taman Melawati (2207),"B1-G-2 (GF), Jalan Taman, Lorong Selangor Pusat Komersial Gaya, Taman Melawati",Kuala Lumpur,3.210803,101.7461688,2.1,17,,7-Eleven,Drop,6.07
ChIJH6EVX_C3zTER9ELZ4t4kojA,7 Eleven store 2701,Cyberjaya,"Kuala Lumpur, Petaling Jaya, Shah Alam, Klang, Subang Jaya, Cheras, Ampang, Cyberjaya, Putrajaya, Kajang, 68100 Selayang, Damansara",2.910938899999999,101.6394591,2.9,7,,7-Eleven,Drop,6.03
ChIJ3-zfXL1PzDERovt_BmfiCYo,CAFé by 7-Eleven The Strand 2 Damansara (1673),"No 19 (GF, Pusat Perdagangan, Jalan PJU 5/20e, Pju 5 Kota Damansara",Petaling Jaya,3.1552213,101.5955836,2.9,7,,7-Eleven,Drop,6.03
ChIJs-Mb9EXnzTEReyi5V2P8MGs,CAFé by 7-Eleven Bandar Prima Senawang (3152),"No 47 (GF, Jalan BPS4, Bandar Prima Senawang",Seremban,2.7018984,101.9803937,2.6,9,,7-Eleven,Drop,5.99
ChIJl2QpLsDJzTER_1syTVPpMXc,myNEWS Bangi Avenue (G Floor),"36, TAMAN, Jalan Bangi Avenue 1/8, Bangi Avenue",Kajang,2.899867,101.7919648,2.6,9,018-635 2702,MyNEWS,Drop,5.99
ChIJwXi3OPu2zTERxTbRCG7og98,myNEWS DPULZE (P1 Floor),"P-03A, DPULZE, Lingkaran Cyber Point Timur, Cyber 12",Cyberjaya,2.9225023,101.6509366,2.5,10,03-8688 5918,MyNEWS,Drop,5.99
ChIJv6qDDmyxzTERfEGGy7Mqf6o,7-Eleven2105,Malaysia,"Kuala Lumpur, Petaling Jaya, Shah Alam, Klang, Subang Jaya, Cheras, Ampang, Cyberjaya, Putrajaya, Kajang, 68100 Selayang, Damansara",2.940573,101.5868398,2.5,10,,7-Eleven,Drop,5.99
ChIJSf_Si242zDER7GeLE66hhcE,CAFé by 7-Eleven Taman Shamelin Perkasa (3132),"No. 84G, Jalan 4/91, Taman Shamelin Perkasa Cheras",Kuala Lumpur,3.1235237,101.7368784,2.0,19,,7-Eleven,Drop,5.99
ChIJje3ZbADLzTER3OpdJHlCFDc,7-Eleven - iOi City Mall,"City Putrajaya, Lot G-201 A & B, IOI City Mall 2, Ioi Resort",Serdang,2.9699251,101.7135957,4.3,3,03-8328 8899,7-Eleven,Drop,5.96
ChIJKxiGErfLzTER2kHMMOLH4H8,7-Eleven 2540,"36G, 35, 4, Jalan Medan Pb 2b, Pusat Perindustrian Sungai Chua",Bandar Baru Bangi,2.9592709,101.7551108,4.3,3,,7-Eleven,Drop,5.96
ChIJGTbPCJuszTERJkX9EEQfoqs,7-Eleven,"14A, Jalan Serunai 1, Taman Klang Jaya",Klang,3.0090945,101.4417444,4.3,3,03-3324 3874,7-Eleven,Drop,5.96
ChIJ_fVondfKzTERBwQOsUaBvMc,7 Eleven (554),"10, Jalan PDR 5, Kawasan Perniagaan Desa Ria",Seri Kembangan,3.0238329,101.7495724,4.3,3,03-8961 7052,7-Eleven,Drop,5.96
ChIJz2NEoGM1zDERnr9-q1LxlzQ,myNEWS Medan Niaga Tasik Damai,"NO. 7, GROUND FLOOR, JALAN TASIK UTAMA 3, MEDAN NIAGA TASIK DAMAI, Sungai Besi",Kuala Lumpur,3.0600638,101.7109983,4.3,3,03-9054 3544,MyNEWS,Drop,5.96
ChIJTdbtn2BIzDERfpKV9kZngCc,CAFé by 7-Eleven Solaris Dutamas D2 Kuala Lumpur (1710),"D2-G3-8 (GF), No 1, Solaris Dutamas, Jalan Dutamas 1, Taman Sri Hartamas",Kuala Lumpur,3.171571799999999,101.6654531,4.3,3,,7-Eleven,Drop,5.96
ChIJmReDq_HLzTERaT4Jvd96a3Y,7 Eleven Malaysia: Store 1823,"19, Jalan Reko Sentral 2, Reko Sentral",Kajang,2.966286900000001,101.7893505,2.3,12,,7-Eleven,Drop,5.9
ChIJidZ42Sy3zTERTMGRrCjMbNg,CAFé by 7-Eleven MMU Campus Cyberjaya (3107),"Multimedia University, Lot K4, K5 & K6, Starbees Building",Cyberjaya,2.927699,101.6431616,3.0,6,,7-Eleven,Drop,5.84
ChIJWUamba-0zTERsTzLTlZLg0w,7 Eleven-0433,"0433, Jalan Puteri 7/9, Bandar Puteri",Puchong,3.0255269,101.6234702,3.0,6,03-8062 4035,7-Eleven,Drop,5.84
ChIJZ78jq_tTzDER-otksoycmBY,7-Eleven,"g14, Persiaran Tasik, Seksyen 14",Shah Alam,3.0704492,101.5169693,3.0,6,,7-Eleven,Drop,5.84
ChIJp6xeacFTzDERGHF-16fxRBs,7-Eleven,"3, Jalan Setia Indah X U13/X, Setia Alam",Shah Alam,3.0991511,101.4605008,3.0,6,,7-Eleven,Drop,5.84
ChIJGzSMrJ9OzDERy-tbTvnoBKw,CAFé by 7-Eleven Pusat Dagangan NZX Petaling Jaya (1076),"Unit No. A-G-08, Block A, Jalan PJU 1A/41B, Pusat Dagangan Putra NZX",Petaling Jaya,3.1147193,101.5907199,2.2,13,03-3372 4854,7-Eleven,Drop,5.81
ChIJQfVBSDuzzTEREN8oMUA4odk,myNEWS (Maru Kafe) One City USJ 25 (G Floor),"LOT B-11, GROUND FLOOR, Garden Shoppe One City, Jalan USJ 25/1A, One City",Subang Jaya,3.021418199999999,101.5797093,3.2,5,03-8011 1763,MyNEWS,Drop,5.73
ChIJG-meFOfNzTERKHSL2EuH2lw,CAFé by 7-Eleven Taman Prima Saujana 2 (3055),"5, Jalan Prima Saujana 1/1A, Taman Prima Saujana",Kajang,3.0080038,101.8067307,3.2,5,,7-Eleven,Drop,5.73
ChIJvf7A1_lHzDERJKC0ZiC26uI,myNEWS (Maru Kafe) Sky Awani Commercial Sentul (G Floor),"G-05, Sky Awani Business Commercial, Jalan Sentul Pasar, Sentul",Kuala Lumpur,3.2088856,101.6900219,3.2,5,03-4031 5083,MyNEWS,Drop,5.73
ChIJoSbiyjcFzDERpiZHRUhPAGI,7-Eleven,Taman Bukit Indah,Bentong,3.5118363,101.9132032,3.2,5,,7-Eleven,Drop,5.73
ChIJa89aFfDJzTER_p8dTxDyXpU,CAFé by 7-Eleven Menara Shaftsbury Putrajaya (2745),"No. G-20, Ground Floor, Menara Shaftsbury Putrajaya, Jalan Alamanda, Presint 1",Putrajaya,2.938922800000001,101.7133781,2.3,11,,7-Eleven,Drop,5.72
ChIJIVrl3jPnzTERopP2Krr03JQ,7-Eleven,Taman Sri Mawar,Seremban,2.6918609,101.9749749,2.6,8,06-677 9625,7-Eleven,Drop,5.71
ChIJb3i3gSbLzTERdsORcY3D0S0,CAFé by 7-Eleven Pusat Komersial UNITEN (3137),"Lot 8 (Aras Bawah, Pusat Komersial UNITEN, Kampus Putrajaya, Jalan Ikram-Uniten",Kajang,2.970583699999999,101.7334504,2.6,8,,7-Eleven,Drop,5.71
ChIJL7zq9hRTzDERmYaPdaw0yDk,myNEWS Setia City Mall (2nd Floor),"Lot L2-07, Setia City Mall 7 Persiaran Setia Dagang, Bandar Setia Alam, Seksyen U13, Setia Alam",Klang,3.108951,101.4613414,2.6,8,03-3345 6095,MyNEWS,Drop,5.71
ChIJ91vj5l5MzDERWZJA2je2VnQ,7-Eleven • SS15 Bulatan Jengka • Store 1056,"No A8 (GF, Jalan SS 15/8a",Subang Jaya,3.074078399999999,101.5868969,2.1,14,03-5631 4753,7-Eleven,Drop,5.69
ChIJecdr_aG3zTER-8xsxqrPGJs,CAFé by 7-Eleven Atelier Centre Selangor (3165),"D1-G-06 & 07, Block D1, Atelier Centre Jalan Atelier 1, Edusphere, Cyber 11",Cyberjaya,2.9326438,101.6384494,2.0,16,,7-Eleven,Drop,5.67
ChIJTRygmvFIzDERA1Xd8eIZ5R8,CAFé by 7-Eleven Plaza Mont' Kiara (813),"D-OG-02, BLOCK, D, PLAZA, 2, Jalan Kiara, Mont Kiara",Kuala Lumpur,3.166083,101.6527375,1.8,22,,7-Eleven,Drop,5.64
ChIJ61D7dWerzTERM4a8onQa7Mg,7-Eleven Jalan Batu Unjur,"25, Jalan Batu Unjur, Pandamaran",Pelabuhan Klang,3.0158364,101.4254583,2.7,7,03-3324 6831,7-Eleven,Drop,5.61
ChIJ2U-gfl5JzDERayXUSdqa_xA,7-Eleven,"No 57 LG2 Blok D, 72A, Jalan Profesor Diraja Ungku Aziz, Seksyen 13",Petaling Jaya,3.1172948,101.6357116,2.7,7,03-7960 1025,7-Eleven,Drop,5.61
ChIJQ-r7hzvJzTERfrrGr8T9lnI,CAFé by 7-Eleven Bandar Puteri Bangi (3059),"3, Jalan Puteri 3A/1",Kajang,2.879110899999999,101.7958051,1.9,18,,7-Eleven,Drop,5.59
ChIJRzVQAwzKzTERtfEPQLCqoSo,myNEWS IOI City Mall (LG Floor),"LOT LG 24, LOWER GROUND FLOOR, CITY IOI CITY MALL, Lebuh IRC, Ioi Resort",Serdang,2.9690911,101.7114941,1.9,18,03-8328 0682,MyNEWS,Drop,5.59
ChIJr6iuIcHgzTERXRacNfqt5c4,7-Eleven,"62, Jalan Orkid 2, Taman Senawang Indah",Seremban,2.695284699999999,101.9989235,4.0,3,,7-Eleven,Drop,5.55
ChIJ19L4KVU2zDERlvSEy1TDHi8,7-Eleven,"55, Jalan Ampang Putra, Taman Putra Sulaiman",Ampang,3.1505403,101.7484063,4.0,3,03-4285 3514,7-Eleven,Drop,5.55
ChIJPxVcszWxzTERNtaQ-Zs84p8,7-Eleven Rimbayu 2748,17,Jalan Flora 2/2,2.9338932,101.5492364,2.1,13,,7-Eleven,Drop,5.54
ChIJZ6Wdjf7JzTER5TCzAuND6qM,7-Eleven store 2745,"No G-20, menara shalfsbury putrajaya, Jalan Alamanda, Presint 1",Putrajaya,2.9381186,101.7131663,2.1,13,,7-Eleven,Drop,5.54
ChIJJUu4k5axzTERVzNe23j6Jho,CAFé by 7-Eleven Bandar Saujana Putra (2919),"Utama, S-G-2, BSP21, Jalan Saujana Putra, Bandar Saujana Putra",Jenjarom,2.9436918,101.5881347,1.7,25,,7-Eleven,Drop,5.54
ChIJG0J2rt7GzTER-tbfw4vWP_Y,"7 Eleven Starz Valley, Laman Komersial Areca (2026)","Taman Komersil Areca, Jalan BBN 12/1, Putra NIlai, Bandar Baru Nilai",Nilai,2.8127865,101.7574867,2.4,9,,7-Eleven,Drop,5.53
ChIJxbMYqIC0zTERrJudabtK1Ds,7-Eleven 1519 Bandar Puchong Utama,"66, Jalan BPU 1, Bandar Puchong Utama",Puchong,2.995076999999999,101.6208625,2.4,9,,7-Eleven,Drop,5.53
ChIJ_UcNXqS_zTER5waNLkwiYlY,myNEWS (Maru Kafe) Gateway KLIA Terminal 2 (2nd Floor),KLIA2 Arrival Lane,Sepang,2.7432581,101.685228,2.5,8,03-8787 8483,MyNEWS,Drop,5.49
ChIJAV4OCYfhzTERUVaj98ZhlXc,CAFé by 7-Eleven Seremban Jaya 2 Negeri Sembilan (3204),"510, Jalan SJ 9/1, Taman Seremban Jaya",Seremban,2.671696,101.9818693,2.5,8,,7-Eleven,Drop,5.49
ChIJRcutaADdzTERe09a6XGxxWo,7CAFé by 7-Eleven Sikamat Utama (3379),"No. 3 (GF, Pusat Perniagaan, 1, Jalan Meranti 5, Taman Sikamat Utama",Seremban,2.755693,101.9668391,5.0,2,,7-Eleven,Drop,5.49
ChIJryNlDz_LzTERoMO-9nPCa_Y,myNEWS (Maru Kafe) Silk Sky Balakong (1st Floor),L1-15 SILK SKY JALAN KB 2/15 KAMPUNG BAHARU BALAKONG,Seri Kembangan,3.0272958,101.7506628,5.0,2,03-8964 1423,MyNEWS,Drop,5.49
ChIJz1kThXg1zDERSc3WZQkoQcA,7-Eleven,"21, Jalan 20b/146, Taman Desa Tasek",Kuala Lumpur,3.07205,101.7147701,1.9,17,03-9058 0841,7-Eleven,Drop,5.49
ChIJ6RUIRIs1zDEROJcJyM0vdYY,CAFé by 7-Eleven Medan Niaga Tasik Damai (2331),"Medan Niaga Tasik Damai, No. 5 (GF, Jalan Tasik Utama 3, Sungai Besi",Kuala Lumpur,3.0601268,101.7109768,5.0,2,,7-Eleven,Drop,5.49
ChIJbS_AM_RPzDER3ihvJkvZfq0,FamilyMart Nadayu 801,"K-G-10 Ground, Pangsapuri Nadayu 801, 1, Jalan Zuhrah U5/163, Subang Murni",Shah Alam,3.1636846,101.5462286,5.0,2,,FamilyMart,Drop,5.49
ChIJPzbRKCBPzDERWI7cL5edfAE,7-Eleven The Strand,"The Strand, 39, Jalan PJU 5/21, Kota Damansara",Petaling Jaya,3.1546059,101.5933542,2.5,8,,7-Eleven,Drop,5.49
ChIJhaX-0yJIzDER0qsa0lyTgWw,7-Eleven 0514 Jalan Ipoh III,"No. 82 (GF, Jalan Sultan Azlan Shah",Kuala Lumpur,3.1689633,101.6958438,2.5,8,03-4043 4364,7-Eleven,Drop,5.49
ChIJG1O73vI5zDERV-uxhjEiXGA,CAFé by 7-Eleven Wangsa Melawati 4 Persekutuan (3208),"7, Jalan Wangsa Melawati 4, Wangsa Melawati",Kuala Lumpur,3.2027658,101.7474143,5.0,2,,7-Eleven,Drop,5.49
ChIJ59QgnltCzDERXS1cZ9aYH0g,7-Eleven • Bandar Baru Rawang • Store 394,"69, Jalan Bandar Rawang 2, Pusat Bandar Rawang",Rawang,3.324309,101.577753,2.5,8,03-6092 8158,7-Eleven,Drop,5.49
ChIJ7RrgYABDzDERqESzhrl6jCo,FamilyMart Caltex Anggun City,"A portion of PT, 4384, Persiaran Anggun, Taman Anggun",Rawang,3.318751299999999,101.5405707,1.8,20,,Fuel only,Drop,5.48
ChIJVXY84JJMzDERjbVI-W_S6gg,"7-Eleven Malaysia : Store 1363 - Impian Meridian, USJ 1, Subang Jaya, Selangor","S-00-15 (GF), Impian Meridian, Jalan Subang 1, USJ 1, 47600 Subang Jaya",Selangor,3.0623519,101.5948354,2.2,11,03-5880 6047,7-Eleven,Drop,5.47
ChIJQbYQoU_mzTERGPocgynBdgM,7-Eleven,"No 3 (Gf), Jalan Patin 1, Taman Patin Indah, 70300, Mambau",Negeri Sembilan,2.6707713,101.9208565,2.8,6,06-631 4030,7-Eleven,Drop,5.45
ChIJp38NYVO3zTERYW2hdxQXfsY,myNEWS University of Cyberjaya (UG Floor),"CYBERJAYA UNIVERSITY COLLEGE OF MEDICAL SCIENCES R2-UG TOWER BLOCK, Persiaran Bestari, Cyber 11",Cyberjaya,2.930620999999999,101.6376,2.8,6,,MyNEWS,Drop,5.45
ChIJl2QLXMdLzDERQwAZ6rjMOeY,7-Eleven,"66, Jalan 1/14, Seksyen 1",Petaling Jaya,3.0865053,101.6485804,2.8,6,03-7784 6304,7-Eleven,Drop,5.45
ChIJa8SiidFTzDERtV4Qfam7iks,"myNEWS (Maru Kafe) Trefoil, Setia City (1st Floor)","SEKSYEN U13, RS-1-5 BLOCK C, TREFOIL@SETIA CITY, NO. 2, Jalan Setia Dagang AH U13/AH, Setia Alam",Shah Alam,3.111487,101.460639,2.8,6,,MyNEWS,Drop,5.45
ChIJH10c-UdGzDERZat5D5VbZUc,"7-Eleven Laman Rimbunan, Kepong","No. 46 (GF, Jalan Rimbunan Jaya, Laman Rimbunan",Kuala Lumpur,3.2111574,101.6505348,2.8,6,03-6259 6186,7-Eleven,Drop,5.45
ChIJXWX8MV5DzDER-PAse0viJAY,CAFé by 7-Eleven Avia Plus (3089),"G-19, Avia Plus, Jalan Desa Utama, Bandar Country Homes",Rawang,3.3264478,101.5265925,2.8,6,,7-Eleven,Drop,5.45
ChIJz30PNce3zTERjGrdgIX9IZA,CAFé by 7-Eleven Jalan Tun Abdul Razak (2422),"LG 01, Lower Ground Floor, 1, Jalan Tun Abdul Razak, Presint 3",Putrajaya,2.920335,101.6840625,2.6,7,,7-Eleven,Drop,5.41
ChIJ_0--3KJOzDERhju5aA8dZ44,7-Eleven,"B-G, 16, Jalan PJU 1/45, Aman Suria",Petaling Jaya,3.122161999999999,101.5952026,2.6,7,03-7804 0745,7-Eleven,Drop,5.41
ChIJ--JaYok2zDER51NTtMIb1hk,CAFé by 7-Eleven Taman Lembah Maju Kuala Lumpur (474),"No. 2A (GF, Blok J, Jalan Maju 3/5, Taman Lembah Maju",Kuala Lumpur,3.1247406,101.7558041,1.8,19,03-4295 4920,7-Eleven,Drop,5.39
ChIJL9yZYzhGzDERKsGMEZ29GdQ,7-Eleven 0220 Jalang Ambong Kiri 2 Kepong Baru,"11, Jalan Ambong Kiri 2, Taman Kepong",Kuala Lumpur,3.210269,101.6474085,3.0,5,03-6250 9560,7-Eleven,Drop,5.38
ChIJAVhWh25GzDERGltQ-Lukx0M,7-Eleven 0107 Taman Desa Jaya,"13, Jalan 11, Taman Desa Jaya",Kuala Lumpur,3.21658,101.6300099,3.0,5,,7-Eleven,Drop,5.38
ChIJ_SfA-d5HzDERIxiOVfbUF3E,7-Eleven Selayang Utama,Taman Selayang Utama,Batu Caves,3.237350599999999,101.6436447,3.0,5,03-2114 2603,7-Eleven,Drop,5.38
ChIJK3UW0pxTzDERb_bup86GJ1E,7-Eleven,"15, Jalan Setia Dagang AL U13/AL, Setia Alam",Shah Alam,3.1058715,101.4689716,3.3,4,,7-Eleven,Drop,5.31
ChIJMcTLPgA3zDERxCGctY7_CdY,myNEWS (Maru Kafe) The Campus Ampang,"Ground Floor, Lot G-10, Batu 5, Jalan Kerja Air Lama, Ampang Jaya",Ampang,3.1614794,101.7555947,3.3,4,,MyNEWS,Drop,5.31
ChIJc_pz1eBFzDERS6fGciPMj1Y,7-Eleven 1019 Wangsa Permai,"30, Jalan Wangsa 2/5, Taman Wangsa Permai",Kuala Lumpur,3.2091479,101.6102594,3.3,4,,7-Eleven,Drop,5.31
ChIJm8vg4rQ5zDERYVJfB-oXmKI,7-Eleven Jalan J9 (1926),"53100, 5440-5453, Jalan J 9, Taman Melawati",Kuala Lumpur,3.2124754,101.7544653,3.3,4,,7-Eleven,Drop,5.31
ChIJaS6UFR1HzDERVHF7wmz0_pM,myNEWS 0822 (Maru Kafe) Residence Henge (G Floor),"NO. G-06, RESIDENSI HENGE, 9, Jalan Metro Perdana Barat, TAMAN METROPOLITAN",Kuala Lumpur,3.2207662,101.6416453,2.3,9,03-2728 5301,MyNEWS,Drop,5.3
ChIJocdLdSDLzTER656jKBNiKWU,CAFé by 7-Eleven Tmn Setia Balakong Sel (1753),"No KA33-G, Jalan Setia Balakong 1/1, Taman Setia Balakong",Balakong,3.0145103,101.7524459,2.0,13,,7-Eleven,Drop,5.28
ChIJqTK8fQJTzDERK5XveitmueI,7-Eleven,"18, Jalan Plumbum N7/N, Seksyen 7",Shah Alam,3.0698478,101.4892617,2.2,10,,7-Eleven,Drop,5.28
ChIJo8cbfV9MzDERKtWFh2h0PrI,myNEWS,"51, GROUND FLOOR, 45, Jalan SS 15/8a, Ss 15",Subang Jaya,3.0740707,101.5895076,2.0,13,03-5612 3852,MyNEWS,Drop,5.28
ChIJc3D3ccjKzTERJb65iOEnvHQ,7 Eleven 1126,"5, Jalan Taming Permai 1, Seri Kembangan",Balakong,3.023932,101.731315,2.4,8,,7-Eleven,Drop,5.27
ChIJyWzoSEZJzDER9uDFJDSs3jI,myNEWS (Maru Kafe) Arcoris Plaza (G Floor),"LOT G-3 & G-3A, ARCORIS PLAZA, Jalan Kiara, Mont Kiara",Kuala Lumpur,3.1676922,101.6516339,2.7,6,03-6411 7514,MyNEWS,Drop,5.25
ChIJwen1B2tKzDERKdWGyL2p_LE,CAFé by 7-Eleven Kuchai Maju (1318),"No 29 (GF, Jalan Kuchai Maju 8, Kuchai Lama",Kuala Lumpur,3.089667599999999,101.6875119,1.6,25,,7-Eleven,Drop,5.21
ChIJTyqzufDJzTERtAWGOUlLnf0,CAFé by 7-Eleven Savanna Lifestyle Retail (3044),"A-G-13, Savanna Lifestyle Retail, Jalan BBLS 2, Bandar Baru Lembah Selatan",Dengkil,2.9035522,101.7633995,1.8,17,,7-Eleven,Drop,5.2
ChIJHYI914y_zTERUZVfEHiUVGo,CAFé by 7-Eleven KLIA 2 Sepang (3072),"2, Arrival Level (Airside, Lot No S1-1A-A07A & A07B Domestic Departure, Kuala Lumpur International Airport",Sepang,2.7427086,101.6868038,3.7,3,,7-Eleven,Drop,5.13
ChIJP8lKKzDdzTERmU-5WvzYJmA,myNEWS (Maru Kafe) KPJ Seremban Specialist Hospital (G Floor),"GROUND FLOOR, KPJ SEREMBAN SPECIALIST HOSPITAL, LOT 6129 & 6220, Jalan Toman 1, Kemayan Square",Seremban,2.7185311,101.9219878,3.7,3,,MyNEWS,Drop,5.13
ChIJef6UfADHzTERm7O7pnxDNNk,7 Eleven Youth City,"MENARA B (BEGONIA), JALAN BANDAR BELIA 1/4, BANDAR WAWASAN PUTRA NILAI, Putra Point",Nilai,2.821450800000001,101.7949702,3.7,3,,7-Eleven,Drop,5.13
ChIJtVF3BVFTzDERH3kNTeVBxwM,7-Eleven,"37, Jalan Raya Barat, Kawasan 6",Klang,3.0430452,101.4419664,3.7,3,03-3374 2144,7-Eleven,Drop,5.13
ChIJv4ItvGY1zDERcNVmdaFzF44,7-Eleven • BMC Mall • Store 2775,"Lot G-23, Ground Floor, BMC Mall, Jalan Temenggung 21/9, Bandar Mahkota Cheras, Batu 9",Cheras,3.0548665,101.7873142,3.7,3,,7-Eleven,Drop,5.13
ChIJr4rNAgBLzDERoaPUx6qY_eg,"myNEWS (Maru Kafe) 8th & Stellar, Sri Petaling","G-06, 8th & Stellar, Jalan Naga Emas, Bandar Baru Sri Petaling",Wilayah Persekutuan,3.0720505,101.7013836,3.7,3,,MyNEWS,Drop,5.13
ChIJY5dpBWs1zDERsz5liG_i5p8,7 eleven store 2675,"No A-G-07, Jalan Damai Perdana 6/1F, Bandar Damai Perdana",Cheras,3.0530878,101.7390172,3.7,3,,7-Eleven,Drop,5.13
ChIJxbBWs7hJzDERkwHtgXklmMk,myNEWS Block A Plaza Damas (Ground Floor),"3, PLAZA DAMAS 3, 63, Jalan Sri Hartamas 1, Taman Sri Hartamas",Kuala Lumpur,3.1629385,101.6561856,3.7,3,03-6206 2780,MyNEWS,Drop,5.13
ChIJ1QOCTNlEzDERUNmFYkxAJl0,7-Eleven 1467 Taman MasGenuine Square,"17, Jalan Melati, Taman Masgenuine Square",Rawang,3.2360283,101.5418505,3.7,3,,7-Eleven,Drop,5.13
ChIJ3TKmx2JLzDERRpcuIASiHoI,myNEWS (Maru Kafe) 3 TWO Square,"UNIT C-11-1, GROUND FLOOR 3 TWO SQUARE, NO. 2, Jalan 19/1",Petaling Jaya,3.111352,101.631979,1.8,16,03-7622 9543,MyNEWS,Drop,5.1
ChIJ8zh0uGLdzTERx3c9OESPuhc,7-Eleven,"6, Jalan Toman 2, Kemayan Square",Seremban,2.7183165,101.9228764,2.2,9,06-767 4255,7-Eleven,Drop,5.07
ChIJM6_VAi7MzTERC39U0h9EJTU,CAFé by 7-Eleven Kiara Semenyih (1891),"No 2 (GF, Jalan Kiara 1, Kawasan Perniagaan Kiara",Semenyih,2.9632788,101.8370289,2.2,9,,7-Eleven,Drop,5.07
ChIJIbiSdwI3zDERZaPCm2XlAT4,myNEWS LRT Ampang,"S1, STREET LEVEL, STESEN STAR LRT AMPANG, 5, Jalan Ampang",Ampang,3.1505907,101.7601652,2.2,9,03-4291 0523,MyNEWS,Drop,5.07
ChIJlQwpcQBVzDERZ_JN3Ua5WMU,CAFé by 7-Eleven Kampung Sungai Udang Selangor (3207),"33, Jalan Yadi, Kampung Teluk Kecil",Klang,3.0393137,101.4134828,2.8,5,,7-Eleven,Drop,5.02
ChIJl7uZd1zJzTER_yf87IGEItw,7 Eleven Malaysia Store 502,"28, Jalan 3/7, Bangi Perdana",Bandar Baru Bangi,2.9474511,101.7807213,1.9,13,03-8925 9763,7-Eleven,Drop,5.01
ChIJxSflKJg0zDERu8GASPb1vFU,7 Eleven,"No. 63 (Gf, Jalan Temenggung 21/9, Seksyen 9 Bandar Mahkota Cheras",Cheras,3.0541365,101.7886413,2.4,7,03-9075 4841,7-Eleven,Drop,4.99
ChIJMQEinDxIzDERQQDBDZzZa0Y,myNEWS LRT PWTC,"LOT NO. K1, STESEN LRT PWTC, S15, Jalan Putra, Chow Kit",Kuala Lumpur,3.1666431,101.6935757,2.4,7,016-337 1726,MyNEWS,Drop,4.99
ChIJ39GkSQBJzDERtUtFK_BEwCU,7-Eleven UMMC PPUM,Kuala Lumpur,"Kuala Lumpur, Petaling Jaya, Shah Alam, Klang, Subang Jaya, Cheras, Ampang, Cyberjaya, Putrajaya, Kajang, 68100 Selayang, Damansara",3.1133161,101.652213,4.5,2,,7-Eleven,Drop,4.94
ChIJsx4hZEb1zDERkCcmgscjGfI,myNEWS (Maru Kafe) KPJ Kuala Selangor,"Ground Floor, KPJ Kuala Selangor, Pasir Penambang",Kuala Selangor,3.3438451,101.2575544,4.5,2,,MyNEWS,Drop,4.94
ChIJlxwe1T7EzTEREHb-fiQc2PM,7-Eleven,"20561, Jalan TS 2/1f, Taman Semarak",Nilai,2.8219119,101.817161,1.8,14,06-799 0786,7-Eleven,Drop,4.87
ChIJnZ_ASnS1zTERIC2BFJFvKlQ,Giant Mini • Caltex Taman Universiti Indah,"Caltex Taman Universiti Indah, Taman Universiti Indah",Seri Kembangan,3.0048952,101.6909004,2.5,6,03-7723 9393,Fuel only,Drop,4.86
ChIJmTXYst1TzDERsU8u-RsvtMI,myNEWS (Maru Kafe) Setia City Mall (LG Floor),"LOT LG64, SETIA CITY MALL. 7, PERSIARAN SETIA DAGANG, BANDAR SETIA ALAM, SEKSYEN, U13 Shah Alam",KLANG,3.1094685,101.4602178,2.5,6,1-800-88-1231,MyNEWS,Drop,4.86
ChIJvxeYNyy_zTEREzGlxU_Qjg0,"myNEWS (Maru Kafe) KLIA Terminal 2, Gate Q","S7-1A-A13 & S7-1A-A14 International Departure Level, Airside), KLIA 2",Sepang,2.7377626,101.685929,3.0,4,,MyNEWS,Drop,4.83
ChIJXeGln6DPzTERpl87IrPHao4,7-ELEVEN 3031,"21, Jalan TTS 2/4b, Taman Tasik Semenyih",Semenyih,2.94493,101.86627,3.0,4,,7-Eleven,Drop,4.83
ChIJadXIs9pNzDERIEbZ2nSQcUs,7-Eleven Taman TTDI Jaya,"16, Jalan Opera J U2/J, Taman TTDI Jaya",Shah Alam,3.1040874,101.5578394,3.0,4,03-7845 3148,7-Eleven,Drop,4.83
ChIJz_nvNgBLzDERIE3nSS3rrFA,7-Eleven,"A-1-23, Razak City Residences, Jalan Razak Mansion, Salak Selatan",Kuala Lumpur,3.1080676,101.7054129,3.0,4,,7-Eleven,Drop,4.83
ChIJb46vvuRJzDERH5SYfRbV5Xs,myNEWS (Maru Kafe) Jalan Solaris 3,"No. 7, Jalan Solaris 3, Solaris Mont Kiara",Kuala Lumpur,3.175085999999999,101.6595655,3.0,4,03-6206 3174,MyNEWS,Drop,4.83
ChIJ0wCxkxw3zDER0hSDpOWyfl0,CAFé by 7-Eleven Lorong Mamanda Selangor (2715),"31c, Jalan Memanda 7, Taman Bukit Jaya",Ampang,3.1589408,101.7502001,3.0,4,,7-Eleven,Drop,4.83
ChIJqWLWKAA5zDERGzQO4piJB9c,7 eleven,"Utama, 69-1, Jalan Melati Utama 4, Taman Melati, Wilayah Persekutuan",Kuala Lumpur,3.2220782,101.7289041,3.0,4,,7-Eleven,Drop,4.83
ChIJA8GpCuhTzDERjrnUw9oZ_bk,7-Eleven,"Level 1, Top Glove Tower, Persiaran Setia Dagang, Alam Nusantara",Shah Alam,3.1078475,101.45906,2.3,7,,7-Eleven,Drop,4.78
ChIJN4H23UEFzDERq8FFbb5JFBk,"7-eleven Jalan Ah Peng, Bentong","1, Jalan Ah Peng",Bentong,3.525514,101.906329,2.3,7,09-222 8699,7-Eleven,Drop,4.78
ChIJ7bs4kQfnzTERKk-EZWFhOxo,CAFé by 7-Eleven Pusat Dagangan Seremban 2 (2013),"No. 22 (GF), Jalan S2 B15, Pusat Dagangan Seremban, 2, Seremban 2",Seremban,2.6943349,101.9056389,2.6,5,,7-Eleven,Drop,4.66
ChIJCb1kSk7JzTERs3ZvHavTC0k,7 Eleven Bandar Bukit Mahkota,"2, Persiaran Mahkota 1, Bandar Bukit Mahkota",Kajang,2.88745,101.7961167,2.6,5,,7-Eleven,Drop,4.66
ChIJ1xxKOzLJzTERVbjXBQgwPfE,myNEWS Plaza Bangi Perdana (G Floor),"LOT G-09, PLAZA BANGI PERDANA, JALAN GERBANG WAWASAN 1, BANDAR BARU BANGI",Bangi,2.9319748,101.7646832,2.6,5,016-334 9847,MyNEWS,Drop,4.66
ChIJV085eJ2szTER03Pvd8Yc1W0,7-Eleven,"66, Lorong Batu Nilam 1b, Bandar Bukit Tinggi 1",Pelabuhan Klang,3.008663099999999,101.4396695,2.6,5,03-3323 8340,7-Eleven,Drop,4.66
ChIJGZSB2iezzTERxjlRddExs0U,7-Eleven Puchong Permai,"Persiaran Puchong Permai, Taman Puchong Permai",Puchong,3.008305,101.5988578,2.6,5,,7-Eleven,Drop,4.66
ChIJ50RxOKLMzTER7mrTtu2pXmA,7-Eleven 1811 Puncak Saujana Kajang,Jalan Puncak Saujana 1/1A,Kajang,3.0144243,101.8050584,2.6,5,,7-Eleven,Drop,4.66
ChIJ--QeOgVIzDERmDmtb_GOPV0,7-Eleven 1456 Bandar Baru Sentul,"43-0, Jalan 3/48a, Bandar Baru Sentul",Kuala Lumpur,3.1813526,101.6971434,2.6,5,03-4041 1192,7-Eleven,Drop,4.66
ChIJezOutcDnzTERp-B8jTvWbxw,CAFé by 7-Eleven Uptown Avenue S2 (1868),"222, Jalan S2 B10, Seremban 2",Seremban,2.6941522,101.9107167,2.1,8,,7-Eleven,Drop,4.61
ChIJsWZdssY1zDEREbWkm-0ISsg,7-Eleven • Majestic Maxim • Store 2999,"No. LG-08, LG Floor, Residensi Majestic Maxim, 45, Jalan 9, Taman Bukit Cheras",Kuala Lumpur,3.0766175,101.7423905,2.1,8,,7-Eleven,Drop,4.61
ChIJyfmyCvxLzDER1UfK4ZPXhMo,7-Eleven,"21, Jalan 21/17, Sea Park",Petaling Jaya,3.1095492,101.6223087,2.1,8,03-7874 4669,7-Eleven,Drop,4.61
ChIJ0Yi3Wp5FzDERHAEcoMmOF_M,7-Eleven 1626 Jalan Nautika,"No 23, Pusat Komersial TSB, Sek U20, Sg Buloh, Jalan Nautika A U20/A, Pusat Komersial Tsb",Shah Alam,3.2087426,101.5725021,2.1,8,,7-Eleven,Drop,4.61
ChIJGW4v2fKxzTER_ebSFg1iYVE,CAFé by 7-Eleven Tropicana Aman (3120),"41-G, Jalan Aman Tiara 3, Bandar Tropicana Aman",Telok Panglima Garang,2.9493257,101.5252437,3.3,3,,7-Eleven,Drop,4.57
ChIJByN4tUo4zDERaZhIms1NkQ8,7 Eleven Caltex Melawati,"Caltex Petrol Station, Jalan Bandar Melawati, Taman Melawati",Kuala Lumpur,3.211103899999999,101.7521501,3.3,3,,Fuel only,Drop,4.57
ChIJPUlurHndzTERR0KssAHKSDg,7-Eleven,Taman Sri Kaya,Seremban,2.725874700000001,101.9317068,2.8,4,,7-Eleven,Drop,4.51
ChIJl4aJeTdPzDERWEW7f09MY5w,7-Eleven • Perdana Exclusive Condominiums,"BG-07, Jalan PJU 8/1, Bandar Sri Damansara",Petaling Jaya,3.169585,101.6051721,2.8,4,03-7727 3631,7-Eleven,Drop,4.51
ChIJa_2H64PLzTERtRW0FI7dLq4,"7-Eleven, Jalan Bukit, Kajang (1478)","No. 23 (GF), Jalan S 10-1, Jalan Bukit, 43000 Kajang",Selangor,2.9892122,101.7910844,1.7,13,03-8734 4587,7-Eleven,Drop,4.49
ChIJL1bePAC_zTERXQ2w041yMSM,myNEWS,PMRR+HH,Sepang,2.7414419,101.6914271,2.3,6,,MyNEWS,Drop,4.48
ChIJ6Q7-Nt_AzTERtZVaGt0HAXs,7-Eleven Pekan Salak2201,"No 175, Ground Floor, Jalan Besar, Pekan, Salak",Sepang,2.7828089,101.7507935,2.3,6,,7-Eleven,Drop,4.48
ChIJadXmTQCxzTERETUfLGeSKPA,CAFé by 7-Eleven Amber Quayside Shoppes (3113),"Gamuda Kemuning, Ground Floor Unit 2 (GF-02 Quayside Shoppes @ Twentyfive.7, 25.7, Persiaran Oleander",Telok Panglima Garang,2.9535583,101.5523104,2.3,6,,7-Eleven,Drop,4.48
ChIJfXqlI1hNzDERNbdfiALDjs0,7-Eleven,"27, Jalan Pelabur B 23/B, Seksyen 23",Shah Alam,3.04553,101.5262168,2.3,6,03-5541 0910,7-Eleven,Drop,4.48
ChIJPXZB5GC_zTER2zwpX3Bg1VU,myNEWS Mitsui Outlet Park KLIA (G Floor),"LOT G-47, GROUND FLOOR, MITSUI OUTLET PARK KLIA, PERSIARAN KOMERSIAL, Kuala Lumpur International Airport",Sepang,2.779258999999999,101.676584,1.8,11,03-8660 2831,MyNEWS,Drop,4.47
ChIJy7DqZ8zgzTERwmg_6e4UQJY,7-Eleven,"323, Jalan Berlian, Taman Senawang Jaya",Seremban,2.6917583,101.9841204,4.0,2,,7-Eleven,Drop,4.39
ChIJDYXDJhNbzDER0OquNqYYjS4,"7 Eleven 1701 Jalan Bidara 8, Saujana Utama 3","2, Jalan Bidara 8, Bandar Saujana Utama",Sungai Buloh,3.2032516,101.4865806,2.0,8,,7-Eleven,Drop,4.39
ChIJ670uf_XNzTERF-GD3blmc7I,Familymart Mirai Residence,"Unit 1-9, Level 1, Mirai Residence Retail Shop",Kajang,2.963461499999999,101.7967689,1.3,28,,FamilyMart,Drop,4.38
ChIJDeRq5KBNzDER9o_0h_wFAqM,"7-Eleven Malaysia : Store 1474-Jalan Boling Padang, Shah Alam, Sel","No. 6, Jalan Boling Padang F 13/F, Seksyen 13",Shah Alam,3.076436299999999,101.5514113,2.1,7,03-5510 0685,7-Eleven,Drop,4.37
ChIJVZcpZTZJzDERoga1OeZNQTo,"myNEWS (Maru Kafe) Ibnu Sina KK6, UM","Lot F29, Kolej Kediaman Ibnu Sina (KK6, Universiti Malaya, Persiaran Gagasan",Kuala Lumpur,3.1144932,101.6541449,2.1,7,,MyNEWS,Drop,4.37
ChIJ6VnEw1e0zTERfqr_zW9sx90,7-Eleven Cafe 2579 Lestari Putra,Malaysia,"Kuala Lumpur, Petaling Jaya, Shah Alam, Klang, Subang Jaya, Cheras, Ampang, Cyberjaya, Putrajaya, Kajang, 68100 Selayang, Damansara",2.9938591,101.6515714,2.4,5,,7-Eleven,Drop,4.3
ChIJpZVAx31TzDERue-vYChYuLU,myNEWS (Maru Kafe) CentralWalk i-City (G Floor),"NO. B-UG-07 UPPER GROUND FLOOR LEVEL I-SUITE, CENTRALWALK, I-city",Shah Alam,3.0651656,101.4815735,2.4,5,,MyNEWS,Drop,4.3
ChIJZ8QqhLbnzTERXL2x-CzTYgc,CAFé by 7-Eleven Taman Rasah Jaya Negeri Sembilan (3211),"No 689 (GF, Jalan RJ 1/6, Taman Rasah Jaya",Seremban,2.6818977,101.9398581,2.2,6,,7-Eleven,Drop,4.28
ChIJTTsaEAdJzDERLdu8Rl4p7Zg,myNEWS 0898 (Maru Kafe) Plaza Arkadia (G Floor),"B-G-15 PLAZA ARKADIA JALAN INTISARI PERDANA, Desa Parkcity",Kuala Lumpur,3.186401000000001,101.6349171,2.2,6,03-6261 3569,MyNEWS,Drop,4.28
ChIJH32V8po3zDERYfwRMro1XW0,7-Eleven,"No 17G, Jalan Setiawangsa 8, Taman Setiawangsa",Kuala Lumpur,3.178699599999999,101.741902,2.2,6,03-4251 6286,7-Eleven,Drop,4.28
ChIJL95zEQBDzDERrKJTDMIY0Ho,CAFé by 7-Eleven Gaia Boulevard Gamuda Gardens (3123),"No: 13 (Ground Floor, Gaia Boulevard, Bandar Rawang Gamuda Gardens",Rawang,3.2826229,101.5419226,2.2,6,,7-Eleven,Drop,4.28
ChIJdfMTXNlGzDERrsOA-DZ2mjM,CAFé by 7-Eleven Bandar Baru Selayang (190),"69, Jalan 2/16, Baru Selayang",Batu Caves,3.2564233,101.6561394,1.5,16,,7-Eleven,Drop,4.25
ChIJgQ9jeoxKzDEREnQHy2b87YU,7-Eleven,"63, Jalan 1/149D",Kuala Lumpur,3.0675209,101.6875618,1.5,15,,7-Eleven,Drop,4.16
ChIJcafR_J5IzDER649rGdeS9z8,7-Eleven 1160 Taman Sri Bintang,"7, Jalan 3/36, Taman Sri Bintang",Kuala Lumpur,3.188422,101.6415889,3.0,3,,7-Eleven,Drop,4.16
ChIJGYIg9rbHzTERxRmduM87jEU,CAFé by 7-Eleven Taman Desa Jati Nilai (1379),"Block A10-G (GF), Jalan Jati 9 Taman Desa Jati",Bandar Baru Nilai,2.8374087,101.7874367,2.5,4,,7-Eleven,Drop,4.02
ChIJKyQ3CLlTzDERvKqzG_BGWJM,myNEWS Seksyen U13 Setia Alam,"LOT E-16, NO. 1, SEKSYEN U13, Jalan Setia Dagang AL U13/AL, Setia Alam",Shah Alam,3.105693199999999,101.4690456,2.5,4,03-5031 8978,MyNEWS,Drop,4.02
ChIJc4-qVAxNzDERoFDZSZwLKV0,myNEWS (Maru Kafe) LRT Lembah Subang,"LOT C01 $ C02, CONCOURSE LEVEL LRT LEMBAH SUBANG DI ATAS SEBAHAGIAN LOT 32453 JLN LEMBAH SUBANG, PJU 1A/46, TAMAN PUTRA DAMAI, Ara Damansara",Petaling Jaya,3.112202799999999,101.5912178,2.5,4,,MyNEWS,Drop,4.02
ChIJLUIX-C65zTER1Hwq0R85FCU,CAFé by 7-Eleven Bandar Serenia (3095),"No. 7 (GF), Jalan Aman Serenia, 6, Persiaran Bandar Serenia",Sepang,2.8551861,101.704682,1.8,8,,7-Eleven,Drop,3.96
ChIJacb_KwC_zTERX81hYocB6EU,mynews,"43900, L5, 43900, Selangor",マレーシア,2.7402451,101.6835267,2.2,5,,MyNEWS,Drop,3.94
ChIJMyZHkUw3zDERNhigNVtCFkk,CAFé by 7-Eleven Boulevard Pandan 3/10 (2656),"No. G-15, Ground Floor, 28 Boulevard, Jalan Perdana 3/10, Pandan Perdana",Kuala Lumpur,3.1189708,101.7448144,2.2,5,,7-Eleven,Drop,3.94
ChIJDzdBXSxIzDERT81dm1NafW8,myNEWS Cap Square Centre (G Floor),"Cap Square Centre, LuLu, G27, Persiaran Capsquare, City Centre",Kuala Lumpur,3.1550793,101.6991084,2.0,6,03-2693 7375,MyNEWS,Drop,3.89
ChIJfaDatznPzTERY9WC3Pto0Ws,myNEWS University of Nottingham (Block H1),"THE UNIVERSITY OF NOTTINGHAM MALAYSIA CAMPUS, H1A29, INDOOR CAFETERIA BLOCK H1, B34",Semenyih,2.9442024,101.8757557,3.5,2,,MyNEWS,Drop,3.85
ChIJC6ZcSgBPzDER96laJcDk_5s,CAFé by 7-Eleven Dataran Prima PJ (1476),"No 23-1 (GF, Jalan PJU 1/39",Petaling Jaya,3.1178824,101.5945801,1.6,10,,7-Eleven,Drop,3.84
ChIJi2jKRVK1zTERo_9Iu85PB0U,7-Eleven Store 2329,"17, Jalan PSK 1, Pusat Perdagangan Seri Kembangan",Seri Kembangan,3.0141817,101.6974764,2.7,3,,7-Eleven,Drop,3.74
ChIJeQIzRehTzDERI6Q62HZdHjc,myNEWS (Maru Kafe) Plaza Azalea (G Floor),"G-11 PLAZA AZALEA NO.6, Persiaran Selangor, Seksyen 14",Shah Alam,3.0717808,101.5222979,2.7,3,03-5523 9362,MyNEWS,Drop,3.74
ChIJhY-dVu9NzDEREFo_OVXk0D0,7-Eleven Caltex SS 4D,"5, Jalan SS 4d/10, Ss 4",Petaling Jaya,3.1099066,101.5964875,2.7,3,,Fuel only,Drop,3.74
ChIJe-nI1I5FzDERcQfIzCnEyYA,myNEWS 0870 (Maru Kafe) D'sara Sentral,"Sentral, Lot R-G-6, Dsara Sungai Buloh, Jalan Welfare, Kampung Baru Sungai Buloh",Sungai Buloh,3.1990069,101.5778561,2.7,3,,MyNEWS,Drop,3.74
ChIJCUSw3fZIzDERsoJACKZvjqc,CAFé by 7-Eleven Plaza Damas (2537),"Unit No E 0-14 & E 0-16 (GF, Plaza Damas, Jalan Sri Hartamas, Taman Sri Hartamas",Kuala Lumpur,3.162835,101.6564919,1.5,11,,7-Eleven,Drop,3.73
ChIJHdeVpPo1zDERcBdTlyLQiaA,myNEWS (Maru Kafe) Bandar Sg Long,"NO. 35 (GROUND FLOOR, Jalan SL 1/3, Bandar Sungai Long",Cheras,3.0397349,101.7931288,1.5,10,03-9010 9447,MyNEWS,Drop,3.6
ChIJOQ8eUM3hzTERjlok0UBKxtQ,CAFé by 7-Eleven Taman Nusa Intan (3108),"9, Jalan Nusa Intan 2/1, Taman Nusa Intan",Seremban,2.7085298,102.0201906,2.0,5,,7-Eleven,Drop,3.58
ChIJzTV6r26zzTER4tGUTm1tlag,7-Eleven,"26, Jalan Puchong Permai 2, Taman Puchong Permai",Puchong,3.0096182,101.5993513,2.0,5,03-5885 0813,7-Eleven,Drop,3.58
ChIJj8nPiKZNzDERagFgt_wTQrg,myNEWS Da Men Mall (LG Floor),"LOT NO. LG-08, LOWER GROUND FLOOR, DAMEN, Persiaran Kewajipan, Usj 1",Subang Jaya,3.058457,101.592361,1.7,7,03-8011 4592,MyNEWS,Drop,3.54
ChIJt0DxEhDdzTER3bM6NwhHRMw,7-Eleven,"No 5 (GF, Jalan Seri Pandan 1, Taman Seri Pandan",Sikamat,2.7475077,101.9714305,1.6,8,,7-Eleven,Drop,3.52
ChIJmWoNXgDhzTERvp2-Ni34bfA,7-Eleven,"4-25, Jalan Nusa Intan 1",Seremban,2.7079985,102.0203445,5.0,1,,7-Eleven,Drop,3.47
ChIJH6w-Ub6_zTERiJIHZ6bRALc,myNEWS REDQ (4th Floor),"LEVEL 4, REDQ JALAN PEKELILING 5, ANGAN TERBANG ANTARABANGSA KUALA LUMPUR 2",Sepang,2.7440484,101.6849491,5.0,1,016-337 7102,MyNEWS,Drop,3.47
ChIJsWjKNgDfzTERTdcmaBUn4JA,7-Eleven Taman Warisan Mewah (3313),"WM 1, No.13 Jalan, Jalan Sikamat, Taman Warisan Mewah",Seremban,2.758177799999999,101.9823373,5.0,1,,7-Eleven,Drop,3.47
ChIJZx8v7s3GzTEROvsEiIkSm5c,7 Eleven 1925,"Persiaran Korporat, Bandar Baru Nilai",Nilai,2.8016738,101.7645936,5.0,1,,7-Eleven,Drop,3.47
ChIJTzZYoBfEzTERcgwT4MMyHt4,"7-Eleven Taman Semarak,Nilai (1949)","Jalan Pajam - Nilai - Salak, Bandar Baru Nilai",Nilai,2.8147211,101.8109114,5.0,1,,7-Eleven,Drop,3.47
ChIJrTotXADHzTERlvThSz6F9CI,7 Cafe (7 Eleven),Youth City Residence,Nilai,2.8204167,101.7957682,5.0,1,,7-Eleven,Drop,3.47
ChIJWfw1GPGxzTERL2NFiLP-MtQ,myNEWS (Maru Kafe) Tropicana Aman Recreational Hub,"Lot No. 6 & 7, Ground Floor, Tropicana Aman Recreational Hub. 2 Persiaran Tropicana Aman 1 Bandar Tropicana Aman",Telok Panglima Garang,2.9445301,101.5322954,5.0,1,,MyNEWS,Drop,3.47
ChIJqWJ8JADLzTER2rE9c9_phF4,7 Eleven,XPCM+53,Kajang,2.970589399999999,101.7334514,5.0,1,,7-Eleven,Drop,3.47
ChIJ_wrav1rJzTERC0XIDg_U2zo,7-Eleven,Malaysia,"Kuala Lumpur, Petaling Jaya, Shah Alam, Klang, Subang Jaya, Cheras, Ampang, Cyberjaya, Putrajaya, Kajang, 68100 Selayang, Damansara",2.945478499999999,101.7852739,5.0,1,,7-Eleven,Drop,3.47
ChIJbwp-dMLPzTERBZAC9AjtNd4,CAFé by 7-Eleven Nottingham University (1487),"The University Of Nottingham Malaysia Campus, Block H, SA Building, B34",Semenyih,2.9443812,101.8757812,5.0,1,,7-Eleven,Drop,3.47
ChIJmfZXh5CrzTERI-NPg2HxFnI,7-Eleven Caltex,"Caltex, Taman Perindustrian Pandamaran",Pelabuhan Klang,2.9982666,101.4206337,5.0,1,,Fuel only,Drop,3.47
ChIJcwezRwC1zTER0eLUkvLP-QY,7 ELEVEN800,"Jalan BP 2, Bandar Bukit Puchong",Puchong,2.9895994,101.6298654,5.0,1,,7-Eleven,Drop,3.47
ChIJkao-d8ZTzDEReEBqY_SMVQ0,myNEWS Tesco Shah Alam (G Floor),"LOT G7, GROUND FLOOR, TESCO SHAH ALAM, NO. 2, JALAN SETIA PRIMA SU13/3 SEKSYEN 13, Setia Alam",Shah Alam,3.1070029,101.4446807,5.0,1,03-3343 5184,MyNEWS,Drop,3.47
ChIJt1AeSNlJzDERl0s7vt1g0W0,Bhpetromart,"Bhpetrol, Jalan Maharajalela, City Centre",Kuala Lumpur,3.1372214,101.7025191,5.0,1,,Fuel only,Drop,3.47
ChIJpzdnlF82zDERzNr5p8fakoY,CAFé by 7-Eleven Jalan Pandan Indah (1605),"No 15 (GF, Jalan Pandan Indah 1/23, Pandan Indah",Kuala Lumpur,3.1325642,101.7512347,5.0,1,,7-Eleven,Drop,3.47
ChIJ5e6wBV5IzDERgAhFPwKaylQ,myNEWS (Maru Kafe) Publika Shopping Gallery (UG Floor),"LOT NO. 8, LEVEL UG PUBLIKA SHOPPING GALLERY, NO. 1, Jalan Dutamas 1, Solaris Dutamas",Kuala Lumpur,3.171395699999999,101.6666668,1.2,17,03-6205 3491,MyNEWS,Drop,3.47
ChIJC-ErVfxJzDERZ_yvPP4SwD8,myNEWS (Maru Kafe) Block F Plaza Damas (Ground Floor),"F-0-1, BLOCK F, Plaza Damas, 60, Jalan Sri Hartamas 1",Kuala Lumpur,3.1627292,101.6561896,5.0,1,03-6206 2979,MyNEWS,Drop,3.47
ChIJyULgXABbzDER2_Lx3LU1FeQ,7 Eleven,"5, Jalan Melur 2, Bandar Saujana Utama",Sungai Buloh,3.210569,101.479643,5.0,1,,7-Eleven,Drop,3.47
ChIJ5SmsueM5zDERrVMxysXIyY4,myNEWS Melawati Mall (LG Floor),"LG-02(B), UP2-01, MELAWATI MALL, 355, Jalan Bandar Melawati, PUSAT BANDAR MELAWATI",Kuala Lumpur,3.2105037,101.7484232,5.0,1,03-4101 9392,MyNEWS,Drop,3.47
ChIJjeDHAQBpzDERu_ExDZxN1TU,7 Eleven 0814,"No: 75, Jalan Besar",Serendah,3.3697998,101.6085835,5.0,1,,7-Eleven,Drop,3.47
ChIJa41KjvxDzDERtWqMRip9f2s,myNEWS (Maru Kafe) KPJ Rawang,"Ground Floor (GF, KPJ Rawang, Jalan Rawang, Bandar Baru",Rawang,3.3207945,101.5791387,5.0,1,,MyNEWS,Drop,3.47
ChIJh7nVnm7LzTERUBKAuVoxJdI,7 Eleven (2499),"13, Persiaran Impian Indah, Taman Impian Indah",Seri Kembangan,3.0249804,101.7510226,1.6,7,,7-Eleven,Drop,3.33
ChIJuQMiaAPFzTER4voHIMpBTds,7-Eleven,Nilai,"Kuala Lumpur, Petaling Jaya, Shah Alam, Klang, Subang Jaya, Cheras, Ampang, Cyberjaya, Putrajaya, Kajang, 68100 Selayang, Damansara",2.8429737,101.8291617,1.7,6,,7-Eleven,Drop,3.31
ChIJQ_6o1APJzTERDycdeTBvhTo,CAFé by 7-Eleven Vista Bangi (2939),"No 1-07, Vista Bangi, Jalan TB 1/1",Kajang,2.9456114,101.7854685,1.7,6,,7-Eleven,Drop,3.31
ChIJy0JoRDxLzDER4NwiGfYeYC0,myNEWS Giant Hypermarket Kinrara (G Floor),"Lot G3, Giant Hypermarket Kinrara, Lot 449, Jalan BK5A/1, Bandar Kinrara, Bandar Kinrara 5",Puchong,3.0494929,101.6464674,1.7,6,03-8075 1064,MyNEWS,Drop,3.31
ChIJUQ50AKnnzTERS8cgC09uvLE,CAFé by 7-Eleven Rasah Prima Seremban Negeri Sembilan (2702),"No. 4 (GF, Jalan Rasah Prima 1, Pusat Komersial Rasah Prima",Seremban,2.6894732,101.9344213,3.0,2,,7-Eleven,Drop,3.3
ChIJL05FVgDHzTERqMWd-tMHW2U,7 Eleven Uni Square,"Persiaran Ilmu, Bandar Baru Nilai",Nilai,2.8296363,101.7867271,3.0,2,,7-Eleven,Drop,3.3
ChIJT--10di5zTERPb98ryP8vxU,myNEWS Xiamen University Malaysia,"BLOCK D6, UNIT G01, GROUND FLOOR, XIAMEN UNIVERSITY MALAYSIA, Jalan Sunsuria, BANDAR SUNSURIA",Sepang,2.8341036,101.7065531,3.0,2,,MyNEWS,Drop,3.3
ChIJIy6C6O3LzTERYd17rm7YLpc,myNEWS IOI City Mall (G Floor New Wing),"LOT GE-208, GROUND FLOOR, CITY, IOI CITY MALL NEW WING, Lebuh IRC, Ioi Resort",SEPANG,2.9690592,101.7160063,1.5,8,03-8953 8761,MyNEWS,Drop,3.3
ChIJb-Dtkl9LzDEROgFnIJAf8TQ,Familymart Caltex Sg Besi,"Caltex Sungai Besi, Lot 101528, Kuala Lumpur-Seremban Expressway, Mukim Petaling",Kuala Lumpur,3.0499506,101.705694,3.0,2,,Fuel only,Drop,3.3
ChIJZ4FGaw_5zDERLxf2mW--Q9Q,CAFé by 7-Eleven Jalan Kenari Jeram (3246),"17, Jalan Kenari 1, Taman Kenari",Jeram,3.1919796,101.3144736,3.0,2,,7-Eleven,Drop,3.3
ChIJTVdkFvRNzDERiMYl1dfNQLA,CAFé by 7-Eleven Pacific Place (2190),"E-1-7, Commercial Centre, Jalan PJU 1a/4, Ara Damansara",Petaling Jaya,3.111380099999999,101.5861404,1.5,8,,7-Eleven,Drop,3.3
ChIJz9eTYQBNzDERFPjxH0aFpdI,7 Eleven,"Lot 27731, Jalan SS 4d/18, Ss 4",Petaling Jaya,3.109785899999999,101.5965179,3.0,2,,7-Eleven,Drop,3.3
ChIJX6mxXUW1zTERTMvE8z2Wpc0,myNEWS (Maru Kafe) Axis Business Park,"Ground Floor Block C, Axis Business Park, 10, Jalan Bersatu, 13/4",Petaling Jaya,3.1160615,101.6397076,3.0,2,,MyNEWS,Drop,3.3
ChIJt5BYVaY3zDER3RJk1at5EBY,7-ELEVEN 2799 七十一便利店,"B2-14, arc, Ukay Heights",Ampang,3.1719884,101.7566978,3.0,2,,7-Eleven,Drop,3.3
ChIJRW8cUAA5zDER-0nlqZcxE0g,7-ELEVEN 1304,"9, Jalan Melati Utama 2, Melati Utama",Kuala Lumpur,3.221967000000001,101.7286987,3.0,2,,7-Eleven,Drop,3.3
ChIJOeBK2Me3zTERAqILvOSYuQk,CAFé by 7-Eleven Kenwingston Square Garden (2701),"No. 01-02, Kenwingston Square Garden, Persiaran Bestari, Cyber 9",Cyberjaya,2.9207116,101.6380419,1.8,5,,7-Eleven,Drop,3.23
ChIJrSrQovU2zDER6p0urckdZvQ,myNEWS LRT Cempaka,"STESEN STAR-LRT CEMPAKA, 23, Jalan Pandan Indah, Pandan Indah",Ampang,3.1382768,101.7529654,1.8,5,03-9200 3526,MyNEWS,Drop,3.23
ChIJHVXM93g2zDERGQ7FDDP537U,1288 - 7-Eleven Pandan Safari,"33, Jalan Perdana 6/4, Pandan Perdana",Kuala Lumpur,3.113285,101.7438168,1.8,5,,7-Eleven,Drop,3.23
ChIJO3SZzs5JzDERVU7ygXSLvvs,myNEWS 1 Mont Kiara (LG Floor),"UNIT LG-11, LOWER GROUND FLOOR, ONE, 1, Jalan Kiara, Mont Kiara",Kuala Lumpur,3.1657103,101.6531723,1.8,5,03-6201 0508,MyNEWS,Drop,3.23
ChIJuf6aFy85zDERpPJmoDD7h6w,CAFé by 7-Eleven Melati Utama Setapak (659),"No. 23 (GF, Jalan Melati Utama 4, Melati Utama",Kuala Lumpur,3.2239679,101.730183,1.8,5,,7-Eleven,Drop,3.23
ChIJ005bTAlDzDERJ-gqab2DGUI,myNEWS (Maru Kafe) PLUS R&R Rawang (Northbound),"Rawang Rest and Service Areas, RWGNB-OL05, KM 440, 0, Lebuhraya Utara - Selatan, ARAH UTARA",Rawang,3.330292,101.558172,1.3,11,012-615 8164,MyNEWS,Drop,3.23
ChIJXbCfPjy3zTERYmC2uUPNKTA,myNEWS (Maru Kafe) The Place Cyberjaya (G Floor),"D-GF-05, THE PLACE, Jalan Teknokrat 1/1, CYBER 3",Cyberjaya,2.9371307,101.662141,2.0,4,03-8685 5038,MyNEWS,Drop,3.22
ChIJq2VrlxnLzTERB54qc_c-M7k,myNEWS IOI City Mall (B3 Floor),"Lot B3-1 & 2, Basement 3, IOI City Mall, Lebuh IRC, Ioi Resort",Serdang,2.9694875,101.7114073,2.0,4,03-8940 4941,MyNEWS,Drop,3.22
ChIJ0RUEHYs2zDERVerpWZTIi44,7-Eleven,"21, Jalan Pandan Indah 4/2, Pandan Indah",Kuala Lumpur,3.1294895,101.7552397,2.0,4,,7-Eleven,Drop,3.22
ChIJAe9O7M03zDERst5kdxX5Ek0,myNews,"UNIT G-01, RETAIL 2.2, WILAYAH PERSEKUTUAN, Menara Felda, Platinum Park, 11, Persiaran KLCC, Kuala Lumpur City Centre",Kuala Lumpur,3.1553585,101.7187504,2.0,4,03-2181 4149,MyNEWS,Drop,3.22
ChIJGQt6-0ZbzDERoLJpZcKeHwo,7 Eleven 2836 Bandar Hillpark,"4, Jalan Mapel 7/2",Bandar Saujana Utama,3.2130678,101.4653147,2.0,4,,7-Eleven,Drop,3.22
ChIJDRitG0dDzDERfgPXJXoU54E,myNEWS AEON Anggun Rawang (G Floor),"G 43, KOMPLEKS BELI BELAH AEON ANGGUN RAWANG, NO. 1, Persiaran Anggun, Taman Anggun",Rawang,3.3166649,101.5364814,2.0,4,03-6092 0821,MyNEWS,Drop,3.22
ChIJ_23Vq7znzTERz74JMW6wdjQ,7-Eleven,"28, Jalan Belida 11, Taman Bukit Chedang Fasa 2",Seremban,2.69395,101.9230947,2.3,3,,7-Eleven,Drop,3.19
ChIJQRIQWhG1zTERvWt4nhQR2sE,CAFé by 7-Eleven Residensi Suria Selangor (3223),"A-01-05, Residensi Suria, Jalan Puchong Utama 2, Taman Puchong Utama",Puchong,2.995969499999999,101.6187136,2.3,3,,7-Eleven,Drop,3.19
ChIJI-8Tq-1NzDERNLna9qoJteY,7-Eleven,"7G, Jalan Bazar P U8/P, Bukit Jelutong",Shah Alam,3.096832199999999,101.5387909,2.3,3,,7-Eleven,Drop,3.19
ChIJBwyx99U1zDERWmgKDh8pAdo,CAFé by 7-Eleven Residensi Bandar Razak Block A (3049),"A-G-23A, Residensi Bandar Razak, 1, Jalan Razak Mansion, Sungai Besi",Kuala Lumpur,3.107851,101.7069517,2.3,3,,7-Eleven,Drop,3.19
ChIJDYrJmtVJzDERrOJKRHKK5e0,myNEWS Desa Sri Hartamas,"NO. 68, Jalan 27/70a, Desa Sri Hartamas",Kuala Lumpur,3.1635395,101.6504734,2.3,3,03-6206 3071,MyNEWS,Drop,3.19
ChIJsUtjSwBHzDERycgQsiDrId0,myNEWS (Maru Kafe) Bayu Residensi Seri Temenggung,"Lot 1-19, Tower 1, Bayu Residensi Seri Temenggung near Tower 1 Lobby",Batu Caves,3.2522535,101.6896077,2.3,3,,MyNEWS,Drop,3.19
ChIJcUknFhk2zDERiiuMF78uo68,7-Eleven,"22G, Jalan Metro Pudu 2, Fraser Business Park",Kuala Lumpur,3.1283663,101.7140375,1.2,13,03-9222 0764,7-Eleven,Drop,3.17
ChIJFxcgbHVLzDERaDsUJUTGPBY,7-Eleven • Bandar Kinrara 5 • Store 2724,"Ground Floor, 45, Jalan BK 5a/2, Bandar Kinrara",Puchong,3.0466224,101.6454015,1.5,6,,7-Eleven,Drop,2.92
ChIJjTzRQg5hzDERQHQ-UU_ZTLQ,CAFé by 7-Eleven Bestari Jaya (3019),"8, Jalan Berjuntai 1, Pusat Perniagaan",Batang Berjuntai,3.3788611,101.4104382,1.5,6,,7-Eleven,Drop,2.92
ChIJbzs8DPSxzTERlOgzB7zjCSk,myNEWS (Maru Kafe) R&R Dengkil (Northbound),"KAWASAN REHAT DAN RAWAT, DGLNB-OL 20, KM 23, 5, Lebuhraya Utara-Selatan, ARAH UTARA",Dengkil,2.9088534,101.609955,1.8,4,012-615 8513,MyNEWS,Drop,2.9
ChIJjY8LkRizzTER4O3m-TVZSnc,7-Eleven 0671,"No. 86 (GF, Jalan SS 14/1, Putra Heights",Subang Jaya,3.014065,101.5779447,1.6,5,03-5191 0711,7-Eleven,Drop,2.87
ChIJJSwipr5LzDEREQ5wZQWIKxE,myNEWS Plaza Puchong (G Floor),"Ground Floor, 34, Jalan Puchong Mesra 1, Plaza Puchong",Kuala Lumpur,3.064066,101.6499066,1.6,5,,MyNEWS,Drop,2.87
ChIJB0L8KrqtzTER8P4pzw55Djc,7-Eleven,"13, Jalan Resak 2/KS7, Bandar Botanik",Klang,2.996819599999999,101.4613673,2.0,3,,7-Eleven,Drop,2.77
ChIJ74hh02m1zTERX3t2pOhfGps,CAFé by 7-Eleven Olive Hill Seksyen 1 (3289),"No. 2A-G, Jalan BS 1/3, Pusat Perniagaan Olive Hill, Bukit Serdang, Seksyen 1",Seri Kembangan,3.0137942,101.6969441,4.0,1,,7-Eleven,Drop,2.77
ChIJY4i2awJLzDERxJ1k8fVV6tI,myNEWS PJ8 Service Suite (2nd Floor),"UNIT L-02-02, LEVEL 2, BLOCK D, PJ8, Jalan Barat, Pjs 8",Petaling Jaya,3.101612,101.639865,4.0,1,03-7931 2413,MyNEWS,Drop,2.77
ChIJ9aWcovVLzDERCLFJGLQJGx8,myNEWS (Maru Kafe) Wisma LYL,"G Floor, Wisma LYL, 12, Jalan 51a/223, Seksyen 51a",Petaling Jaya,3.1022464,101.6370216,4.0,1,,MyNEWS,Drop,2.77
ChIJDTCLCNE5zDERHYE2wyn1kr8,myNEWS 1105 IIUM Mahallah Salahuddin Al-Ayubbi,"Al-Ayubbi IIUM, Mahallah Salahuddin, SAL-CF3, Jalan Gombak",Kuala Lumpur,3.2568405,101.7383825,4.0,1,,MyNEWS,Drop,2.77
ChIJk_0tH1BNzDERl6iOLgtQvRs,myNEWS Pacific Place Commercial Center (1st Floor),"D-01-07, BLOCK D, PACIFIC PLACE COMMERCIAL CENTRE, Jalan PJU 1a/4, Ara Damansara",Petaling Jaya,3.1114255,101.5861747,2.5,2,03-7831 4177,MyNEWS,Drop,2.75
ChIJiZ0pLlFJzDERnO2peLOKFDk,Bhpetromart,"Bhpetrol, Jalan SS 2/60, SS 2",Petaling Jaya,3.11828,101.62361,2.5,2,,Fuel only,Drop,2.75
ChIJs4b4n11LzDERlzD1lBReC9M,myNEWS Faber Towers Ground Floor,"Faber Towers, LOT G-OS-6, GF, PODIUM, Jalan Desa Bahagia, Taman Desa",Kuala Lumpur,3.1017533,101.6846773,2.5,2,03-7971 4459,MyNEWS,Drop,2.75
ChIJHZA3YmizzTERtidIgmWoPQg,7-Eleven Puchong Indah,"3, Jalan Indah 3/13, Usj 17",Puchong,3.0125525,101.6034337,1.4,5,016-201 4930,7-Eleven,Drop,2.51
ChIJJclYQcU1zDERyBYrRJUskqo,7-Eleven Store 1031,"64-G, 64-G, Jalan 5/101c, Cheras Business Centre",Kuala Lumpur,3.100258599999999,101.7392566,1.4,5,03-9132 5144,7-Eleven,Drop,2.51
ChIJIbcd3GJNzDERYjrbpOZbWvE,7-Eleven,"No 62-G, Block 3, Ájalan Pahat G15/G, Seksyen 15, á40200 Shah Alam",Áselangor,3.0638293,101.5273491,1.7,3,03-5510 4122,7-Eleven,Drop,2.36
ChIJnaNHYdM5zDERAr3FffWgJZE,7-Eleven,"1368, Jalan Metro Wangsa, Wangsa Maju",Kuala Lumpur,3.2052531,101.7358309,1.7,3,,7-Eleven,Drop,2.36
ChIJxWG45IdNzDERSCtcQlU9IVo,myNEWS LRT Ara Damansara,"Stesen LRT Ara Damansara, Mynews C02 & C03, 1017, Jalan Pemaju U1/15, Hicom Glenmarie Industrial Park",Shah Alam,3.1099914,101.5868749,1.3,4,,MyNEWS,Drop,2.09
ChIJjTf4DSnnzTEREgNzjOYuS7k,7-Eleven 1698,"2528, Jalan SJ 2/1, Taman Seremban Jaya",Seremban,2.6818432,101.9732146,3.0,1,,7-Eleven,Drop,2.08
ChIJMb4u-j6tzTEREMQnyDV7oOY,myNEWS (Maru Kafe) KL Esplanade Mall,"G008, Ground Floor, Esplanade Mall, Bandar Bestari",Klang,2.957668699999999,101.4671513,3.0,1,,MyNEWS,Drop,2.08
ChIJbaeYsFJPzDERpTPsxVMVEnQ,"myNEWS (Maru Kafe) Pangsapuri Nadayu, Shah Alam","K-05, Pangsapuri Nadayu 801, 1, Jalan U5/163, Taman Subang Murni",Shah Alam,3.1640166,101.5470672,1.0,6,,MyNEWS,Drop,1.95
ChIJc8hgWRZDzDERlD4w8WzVYzo,CAFé by 7-Eleven Anggun City Rawang (3104),"City, No 19-1 (GF), Jalan Anggun City 1 Pusat Komersial, Persiaran Anggun, Taman Anggun",Rawang,3.318726799999999,101.5363377,1.0,6,,7-Eleven,Drop,1.95
ChIJtRQWlUndzTER5_nf413SEeI,myNEWS (Maru Kafe) Arena Square Seremban,"Lot No G-3, Arena Square @ Arena Seremban, Jalan Permata 1",Seremban,2.7271611,101.9247945,1.0,5,,MyNEWS,Drop,1.79
ChIJPcgEGCBNzDERAAnYc6EeMBg,myNEWS (Maru Kafe) Suria Jelutong 1 (G Floor),"R8, SURIA JELUTONG 1, JALAN BAZAR U8/99 BUKIT JELUTONG, SEKSYEN, U 8",Shah Alam,3.0980938,101.5390588,1.0,5,03-6261 3569,MyNEWS,Drop,1.79
ChIJk-RH_KfnzTERM9pS5kvrrrI,7-Eleven,"4-G, Jalan Rasah Prima 1, Pusat Komersial Rasah Prima",Seremban,2.6889267,101.9344163,1.5,2,,7-Eleven,Drop,1.65
ChIJXbENFlnHzTERJ0F0OrAD89s,CAFé by 7-Eleven Youth City Residence (3112),"Lot L1-4A & L1-4B, Youth City Residence Jalan Bandar Belia 1/1, Bandar Wawasan Putra Nilai",Nilai,2.8212011,101.7949999,1.0,4,,7-Eleven,Drop,1.61
ChIJE7kfqNxHzDERUKloFYLzoKM,myNEWS Fortune Perdana (G Floor),"No G-6, Fortune Perdana, 1, Jalan Metro Perdana Barat, Taman Usahawan",Kuala Lumpur,3.2179971,101.6441423,1.0,4,03-2728 3605,MyNEWS,Drop,1.61
ChIJiQxCn2nbzTERt6XtVgfJePw,CAFé by 7-Eleven Bandar Tasik Senangin (3266),"No 26 & 27, Jalan Tasik Senangin 15/3 Seksyen 15, Bandar Tasik Senangin",Lenggeng,2.8645265,101.9233964,2.0,1,,7-Eleven,Drop,1.39
ChIJU9XdIQBTzDERdZTWp1UwKMc,7-Eleven,"L1-07 & L1-07S, Central, Plot 1, Jalan Multimedia, I-city",Shah Alam,3.0627238,101.4814203,1.0,3,,7-Eleven,Drop,1.39
ChIJUeoIf51LzDER58_NBaib5iE,myNEWS LRT Kinrara BK5,"DAN, LOT C03, CONCOURSE LEVEL OF LRT KINRARA BK5 DI ATAS LOT 45621 DAN SEBAHAGIAN LEBUHRAYA BUKIT JALIL, Jalan Kinrara 2",Puchong,3.050520999999999,101.644209,1.0,3,,MyNEWS,Drop,1.39
ChIJq0Pa6b00zDERWkLKHIRyhhY,7-Eleven • Bandar Mahkota Cheras • Store 1942,"41, Jalan Mahkota Residence 1, Bandar Mahkota Cheras",Cheras,3.0509405,101.7818297,1.0,3,,7-Eleven,Drop,1.39
ChIJh8ZVrnNLzDERbpaiahC9zJw,"myNEWS (Maru Kafe) Columbia Asia, Bukit Jalil","Lot 149, Columbia Asia Bukit Jalil Hospital, 9, Jalan Jalil Perkasa 7, Bukit Jalil",Kuala Lumpur,3.0584052,101.6875195,1.0,3,,MyNEWS,Drop,1.39
ChIJvcNU68BTzDERfr3KxYYgv1w,myNEWS (Maru Kafe) Ardence Labs (3rd Floor),"ECO ARDENCE, L3A-1, ARDENCE LABS, Persiaran Setia Alam",Shah Alam,3.095498,101.480707,2.0,1,,MyNEWS,Drop,1.39
ChIJlRc8-3o1zDERNJB2ymuzbQg,CAFé by 7-Eleven Desa Tasik Sungai Besi (520),"No. 21 (GF), Jalan 20B/146 Desa Tasik Sungai Besi",Kuala Lumpur,3.1045241,101.7420797,1.0,3,,7-Eleven,Drop,1.39
ChIJBy_W9S_HzTERmOKWcqiYFhw,CAFé by 7-Eleven Pusat Komersial Suriaman (3156),"Biz 1, Pusat Komersial, 1268 (GF, Persiaran Suriaman, Suriaman",Seremban,2.6991527,101.8592942,1.0,2,,7-Eleven,Drop,1.1
ChIJd7PmVADpzTER36qHYNxal5Y,7 eleven,MV7F+73,Siliau,2.663245,101.8727495,1.0,2,,7-Eleven,Drop,1.1
ChIJw1wtPJq5zTERLFvm2g0nDoU,"myNEWS (Maru Kafe) Brix Avenue, Sepang","No.31, Pusat Perdagangan, Jalan KLIA Avenue",Sepang,2.8057463,101.6951063,1.0,2,,MyNEWS,Drop,1.1
ChIJvU76JJGxzTER3Xjr35SVtR0,myNEWS PLUS R&R Dengkil (Southbound),"KAWASAN REHAT DAN RAWAT, DGLNB-OL20, KM 23, 1, Lebuhraya Utara-Selatan, ARAH SELATAN",Dengkil,2.908863599999999,101.6099804,1.0,2,012-615 8049,MyNEWS,Drop,1.1
ChIJGWNeagazzTERiXgOENFDzsY,myNEWS LRT Puchong Prima,"438, Pesiaran Puchong Permai, Taman Puchong Permai",Puchong,2.9998333,101.5967077,1.0,2,,MyNEWS,Drop,1.1
ChIJsblxgxdNzDEReVoFgSpI04k,CAFé by 7-Eleven Elmina Lakeside (3145),"Garcinia, GF-83a, Ground Floor, Elmina Lakeside Mall. 5 & No. 7, Persiaran, Seksyen, U15 Shah Alam",Shah Alam,3.063997,101.5323118,1.0,2,,7-Eleven,Drop,1.1
ChIJV65_K79NzDERxmF56-cYYWY,myNEWS (Maru Kafe) KPJ Selangor Specialist Hospital (G Floor),"KPJ SELANGOR SPECIALIST HOSPITAL SHOP LOT ON GROUND FLOOR OF INPATIENT BLOCK, LOT 1, Jalan Singa 20/1, Seksyen 20",Shah Alam,3.057194899999999,101.5416124,1.0,2,,MyNEWS,Drop,1.1
ChIJW-SNqUpTzDERa1iEgktyISg,MYNEWS LOTUS'S SETIA ALAM,"2, Persiaran Setia Prima, Setia Alam",Shah Alam,3.1072643,101.4452729,1.0,2,,MyNEWS,Drop,1.1
ChIJlZYiEABJzDERbQPGNTm0gEo,7 Eleven 0460 Taman Sri Sinar Segambut,"18, Jalan 8/38a, Taman Sri Sinar",Kuala Lumpur,3.1864924,101.6511974,1.0,2,,7-Eleven,Drop,1.1
ChIJp5w07qbDzTERFptbkh4OOy0,CAFé by 7-Eleven Jalan Besar Nilai Negeri Sembilan (3217),"No 182 (GF, Jalan Besar",Nilai,2.7543879,101.8233932,1.0,1,,7-Eleven,Drop,0.69
ChIJN7AGPwC_zTERtugaS067lCk,7 Eleven,Gate K,KLIA2 Departure Lane,2.7443538,101.685372,1.0,1,,7-Eleven,Drop,0.69
ChIJlXUpVKHnzTERVVIi6qcUibU,CAFé by 7-Eleven Ikon Seremban 2 (3250),"B23, PUSAT PERDAGANGAN, 195-G, Jalan S2 F2, Seremban 2",Seremban,2.6851721,101.9076259,1.0,1,,7-Eleven,Drop,0.69
ChIJM-hNhhvEzTEROEy0F9afTXo,7-Eleven,"Shell, Persiaran Utama, Taman Desa Jasmin",Nilai,2.8100853,101.8038565,1.0,1,,7-Eleven,Drop,0.69
ChIJN_EL7m5NzDERO99cfNJV-Bg,myNEWS Evolve Concept Mall (G Floor),"LOT EV-G-24, GROUND FLOOR, EVOLVE CONCEPT MALL, Jalan PJU 1a/4, Ara Damansara",Petaling Jaya,3.1105231,101.5860622,1.0,1,03-2632 1574,MyNEWS,Drop,0.69
ChIJi-b8M8tLzDERnfUZ-IFv0XU,myNEWS (Maru Kafe) Podium 1 Canco,"Podium 1, Menara Canco, Persiaran Barat, Seksyen 52 Petaling Jaya",Petaling Jaya,3.1036102,101.6426244,1.0,1,,MyNEWS,Drop,0.69
ChIJ5yqSnWZLzDERtA8fNpNlf0o,myNEWS (Maru Kafe) LRT Taman Jaya,"TAMAN JAYA STATION, Persiaran Barat",Petaling Jaya,3.1039741,101.6453265,1.0,1,03-7620 0585,MyNEWS,Drop,0.69
ChIJv4G8oqw1zDER0dzjx-XaDLM,CAFé by 7-Eleven Residensi Bandar Razak Block B (3050),"B-G-26, Residensi Bandar Razak, 1, Jalan Razak Mansion, Sungai Besi",Kuala Lumpur,3.107851,101.7069517,1.0,1,,7-Eleven,Drop,0.69
ChIJ5xvefgA5zDERlSVx81y2t1A,7 ELEVEN Wangsa Melawati,"11a, Jalan Wangsa Melawati 4, Wangsa Melawati",Kuala Lumpur,3.2027689,101.7472514,1.0,1,,7-Eleven,Drop,0.69
ChIJP5gUrCPnzTERUaHASjRbCwA,myNEWS AEON Seremban 2 (1st Floor),"LOT F42, AEON SEREMBAN 2 SHOPPING CENTRE, 112, Persiaran S2 B1, Seremban 2",Seremban,2.700542,101.911708,0.0,0,06-601 5648,MyNEWS,Drop,0.0
ChIJj_AgFADnzTERDvxlus5nH7o,7CAFé by 7-Eleven Forest Heights,"16-G, Jalan Forest Heights 8, Seremban Forest Heights",Seremban,2.6983962,101.9696078,0.0,0,,7-Eleven,Drop,0.0
ChIJqRgLB8PnzTERX7QkhvndhGE,CAFé by 7-Eleven Kepayang Seremban (2439),"Medan Perdagangan Kepayang, No. 4 (GF, Jalan MPK 1, Taman Bukit Kepayang",Seremban,2.7139046,101.911912,0.0,0,,7-Eleven,Drop,0.0
ChIJy2LHNQDdzTERQvSa79__fXw,7CAFé by 7-Eleven Ampangan (0222),"No.19, BANGUNAN UDA, Batu 2, Jalan Seremban - Kuala Pilah, Bandar Baru Ampangan",Seremban,2.7239481,101.9626747,0.0,0,,7-Eleven,Drop,0.0
ChIJ473xZwDRzTERZ2CV9PYTO4g,7 Eleven cafe,"28g, Jalan Tasik Senangin 15/1",Lenggeng,2.8804929,101.9158711,0.0,0,,7-Eleven,Drop,0.0
ChIJuZ2jR1q5zTER09vys1HunAE,CAFé by 7-Eleven Kota Warisan Sepang Selangor (1157),"No 12 (GF, Jalan Warisan Megah 1/4, Kota Warisan",Sepang,2.824731000000001,101.7050309,0.0,0,03-8706 5579,7-Eleven,Drop,0.0
ChIJUzzOhGWzzTERizqYHKBEyGY,7-Eleven Puchong Perdana LRT,Taman Puchong Perdana,Puchong,3.0080285,101.6050937,0.0,0,016-480 2089,7-Eleven,Drop,0.0
ChIJKy5wDgDLzTERJCH6cM8xlMA,7 Eleven,"11-7, Jalan Sutera 1/2",Kajang,3.0099946,101.7670779,0.0,0,,7-Eleven,Drop,0.0
ChIJT-aatkdNzDERHdwFEoASBdg,"myNEWS (Maru Kafe) Unity Square, Shah Alam","Building, Ground Floor, Unity Square, Lot G-02, 12, Persiaran Perusahaan, Seksyen 23",Shah Alam,3.0496093,101.541969,0.0,0,,MyNEWS,Drop,0.0
ChIJiXXta2dNzDERKX6_UtxshMo,myNEWS AEON Shah Alam (G Floor),"LOT G57, AEON MALL, 1, Jalan Akuatik 13/64, Seksyen 13",Shah Alam,3.076448199999999,101.5479065,0.0,0,03-5524 2858,MyNEWS,Drop,0.0
ChIJEYkm-M9NzDERgKpn2xA2YnY,CAFé by 7-Eleven USJ 4 Subang Jaya (251),"No. 20 (GF), Jalan USJ 4/1 USJ 4, UEP",Subang Jaya,3.0575984,101.5780109,0.0,0,,7-Eleven,Drop,0.0
ChIJP3hZM4VLzDERNIcM88CGg4s,FamilyMart Mini Wisma Standard Chartered,"Jalan Teknologi 8, Taman Teknologi Malaysia",Wilayah Persekutuan,3.0550955,101.7032639,0.0,0,,FamilyMart,Drop,0.0
ChIJATmbNABNzDER49pE0bkvm_s,7-Eleven Laman Idaman Bukit Jelutong,"A3-25, Jalan Arca P U8/P, Laman Idaman Bukit Jelutong, Seksyen, U8 Shah Alam",Shah Alam,3.1088056,101.5398771,0.0,0,,7-Eleven,Drop,0.0
ChIJx0S5agBNzDER2fxZ6dG_oVA,Mynews 633 LRT ARA DAMANSARA,Ara Damansara,Petaling Jaya,3.108188,101.586397,0.0,0,,MyNEWS,Drop,0.0
ChIJl8khNOI3zDERDeyCrFKJOLI,FamilyMart Mini 28 BLVD,"28, Jalan Perdana 3/10, Pandan Perdana",Wilayah Persekutuan,3.1181639,101.74381,0.0,0,,FamilyMart,Drop,0.0
ChIJAWAi1O1RzDER-SLa98nYE5Y,CAFé by 7-Eleven Jalan Nova Seksyen U5 (1631),"73, Jalan Nova U5/N, Seksyen U5",Shah Alam,3.176084,101.548481,0.0,0,,7-Eleven,Drop,0.0
ChIJ3cIXZNZJzDERRnTHV9qMD2c,CAFé by 7-Eleven Desa Sri Hartamas (2849),"No. 8 (GF, Jalan 22a/70a, Desa Sri Hartamas",Kuala Lumpur,3.1628431,101.6519827,0.0,0,,7-Eleven,Drop,0.0
ChIJ0Roo4eJJzDERhM9ca1umTAQ,myNEWS (Maru Kafe) KPJ Sentosa KL,"Retail, Ground Floor, KPJ Sentosa KL Specialist Hospital, Kompleks Damai, 36, Jalan Chemur",Kuala Lumpur,3.1708977,101.6972909,0.0,0,,MyNEWS,Drop,0.0
ChIJwYw4clQ3zDERZwhlPDPdo7U,Kerepek Asli Station (Petronas),"PT15911, Jalan Jelatek, Kampung Datuk Keramat",Kuala Lumpur,3.169369999999999,101.735,0.0,0,017-353 3077,Fuel only,Drop,0.0
ChIJB-nIFgBZzDERn8XyvmWjpb8,7 eleven 3336,"21-1 (Ground Floor, Jalan Dataran Suria 15/8, 4, Seksyen 15",Puncak Alam,3.2343694,101.4108551,0.0,0,,7-Eleven,Drop,0.0
ChIJCas6HwBHzDERyYN6QHUzneM,7 eleven 3345,"38, Jalan Bullion Mewah 8, Taman Bullion Mewah",Kuala Lumpur,3.2176854,101.6919103,0.0,0,,7-Eleven,Drop,0.0
ChIJjSB0YQBDzDERflEGt9pjrxw,myNEWS,"21, Jalan KE 7/1, Bandar Country Homes",Rawang,3.3267215,101.5441924,0.0,0,,MyNEWS,Drop,0.0
ChIJ77e6KVMFzDER_6UjsM6JTH8,CAFé by 7-Eleven Jalan Besar Karak (3231),"5 (GF, Jalan Besar",Karak,3.50666,101.91354,0.0,0,,7-Eleven,Drop,0.0
ChIJ2Z1WZWRNzDERz9-GCnKPysM,Salam Point Mart,"I-G-6, Kelana Jaya Parklane Commercial Hub, Jalan SS 7/26",Petaling Jaya,3.1083887,101.5933934,4.9,261,03-3142 2666,Indie mart,Tier 1,27.28
ChIJj-ND4shLzDERZPLbd6Bmu5s,Tanoshi Mart Vegetarian,"10, Jalan Radin Bagus 6, Bandar Baru Sri Petaling",Kuala Lumpur,3.0705658,101.6930212,4.9,226,03-2385 7198,Indie mart,Tier 1,26.58
ChIJ6WU3ZJnKzTERKiI8kJFSX_w,Hero Save Mart Taman Sri Serdang,"2, Jalan 18/32, Taman Sri Serdang",Seri Kembangan,3.0091205,101.7149956,3.9,487,,Indie mart,Tier 1,24.14
ChIJyeLvbWerzTERE6n04deWxUE,Econsave Bayu Perdana - Pasar Ekonomi Mart,"41, Jalan Batu Unjur, Pandamaran",Pelabuhan Klang,3.015753699999999,101.4260798,4.0,299,03-3162 1356,Indie mart,Tier 1,22.82
ChIJJQQoJsmtzTERMctz1KHwyPc,GT Mart Bukit Tinggi 1,"28-G & 30-G, 3 /KS06, Jalan Batu Nilam, Bandar Bukit Tinggi 1",Klang,3.0095761,101.4357871,4.9,103,,Indie mart,Tier 1,22.76
ChIJg3KOKTY4zDERkTAaLi4HqUA,Ansari Mart Wangsa Melawati,"41-G, Jalan Wangsa Setia 1, Wangsa Melawati",Kuala Lumpur,3.2098613,101.7442986,4.5,146,019-318 5870,Indie mart,Tier 1,22.46
ChIJrQuXEwC1zTERdAOXYWUwIeA,Raja Udang Mini Mart • RUMM,"Sultan Alaeddin Suleiman Shah College, Persiaran Kolej",Serdang,2.9941287,101.7065153,5.0,85,011-1332 1720,Mini-mart,Tier 1,22.27
ChIJx8iPA3NXzDERhdmev34puMU,GT Mart Bukit Kapar,"43 & 45, Jalan Bukit Kapar, Pekan Kapar",Kapar,3.1397316,101.3785385,4.8,92,03-3292 8822,Indie mart,Tier 1,21.76
ChIJW9OtiV04zDERNy39MhD5930,Tayba Mart 4,"No. 5 – G, PV7, Jalan Melati Utama 2, TAMAN MELATI UTAMA",Kuala Lumpur,3.2219627,101.7289057,4.5,113,018-402 3000,Indie mart,Tier 1,21.31
ChIJ57bc8R63zTERta8WO0_btkg,99 Speedmart 1524 Desa Pinggiran Putra,"No: 7 & 9, Jalan Pinggiran Putra 4A/4, Jalan Sungai Merab, Desa Pinggiran Putra",Kajang,2.9008136,101.7060008,4.0,199,03-3362 6863,99 Speedmart,Tier 1,21.19
ChIJFbeaYq7LzTER-4zOECverDE,99 Speedmart 1296 Taman Saujana Impian,"Ground Floor, No: 21 & 22, Jalan Impian Makmur 3/B, Taman Saujana Impian",Kajang,3.019048799999999,101.7912631,4.0,193,03-3362 6863,99 Speedmart,Tier 1,21.07
ChIJ3c_sw1rOzTERC2ktibNx2p0,99 Speedmart 2036 Setia Ecohill,"Ground Floor, No: 3 & 5, Jalan Ecohill 1, 5B, Setia Ecohill",Semenyih,2.9254444,101.8538333,4.0,191,03-3362 6863,99 Speedmart,Tier 1,21.03
ChIJJTD5w19ezDERqb01Bh4WSLs,Noza Frozen Mart Kuala Selangor,"17-G, Jalan Seri Temenggung 3, Jalan Taman Temenggung",Kuala Selangor,3.3299975,101.2593807,4.3,129,011-5552 2992,Indie mart,Tier 1,20.93
ChIJFR5Jr5O3zTER7x5duWa1owU,Maiwp Mart P5,"Jalan P5A, Presint 5",Putrajaya,2.8895916,101.6808563,4.3,120,019-624 9442,Indie mart,Tier 1,20.62
ChIJW0fwtQPLzTERT6T918siHuI,"RizqHalalMart , Saujana Impian","5, Jalan Impian Makmur 3/B, Saujana Impian",Kajang,3.0190961,101.7908053,5.0,56,019-277 2592,Indie mart,Tier 1,20.22
ChIJLVPmgVWzzTERGHCgQ-QQaOY,99 Speedmart 1164 Taman Putra Prima,"32, Jalan PP 2/2, Taman Putra Prima",Puchong,2.977318299999999,101.591926,3.8,202,03-3362 6863,99 Speedmart,Tier 1,20.19
ChIJ7TjBM6LHzTER6c9NfmmRxZY,99 Speedmart 1670 (NS) Putra Nilai,"C-8G, Acacia Avenue, Jalan Jati 9, Desa Jati, Putra Nilai",Nilai,2.8358488,101.7875137,4.1,136,03-3362 6863,99 Speedmart,Tier 1,20.17
ChIJ3VtruWStzTERrGVQ6iFXBRo,GT Mart Bandar Puteri Klang,"No. 31 & 33 (Ground Floor, Lorong Sanggul 1a, Bandar Puteri",Klang,2.9882187,101.467377,5.0,53,,Indie mart,Tier 1,19.94
ChIJ4Z77peFLzDER0wBzdUxThYA,BilaBila Mart - Desa Green,"Unit No. 2-G-3A Ground Floor, Desa Green No. 85, Jalan Bakti",Kuala Lumpur,3.1059027,101.6948253,4.5,81,03-2702 3018,Indie mart,Tier 1,19.83
ChIJJ0RoF5StzTERfQqL9_n5Hpo,99 Speedmart 1016 - Bandar Sentosa,"41-43, Jalan Datuk Yusuf Shahbuddin 28, Taman Sentosa",Klang,3.0077635,101.4641333,3.9,149,03-3362 6863,99 Speedmart,Tier 1,19.54
ChIJbZtCTx3WzTERYBNZ3e8IjfI,99 Speedmart 1444 (NS) Kuala Klawang,"No: 4 & 5, Jalan Dato, Mentari",Kuala Klawang,2.9405882,102.070817,3.8,168,03-3362 6863,99 Speedmart,Tier 1,19.49
ChIJDcSkeUKrzTERUuvYecljpRk,99 Speedmart 1309 Bayu Perdana 2,"No: 312 (GF, Jalan Batu Unjur 7, Taman Bayu Perdana",Klang,3.0161211,101.4279984,4.1,113,03-3362 6863,99 Speedmart,Tier 1,19.42
ChIJtf0LuCVpzDEROzdexSzOv9s,99 Speedmart 1521 Bukit Sentosa,"No: 1 & 3, Perniagaan Jalan Seroja, Jalan Seroja 1A, Bukit Sentosa",Rawang,3.41761,101.5774561,4.1,113,,99 Speedmart,Tier 1,19.42
ChIJy7RtJLBVzDERu3HjNeNtjEg,99 Speedmart 1008 Klang Utama 1,"2, Jalan Sungai Puloh 13, Taman Klang Utama",Klang,3.078504100000001,101.4204686,3.8,161,03-3362 6863,99 Speedmart,Tier 1,19.33
ChIJneuOjbdPzDER5bdyoUYVfXg,KK Super Mart,"15-A, Jalan Bulan U5/163, Bandar Pinggiran Subang",Shah Alam,3.1606935,101.5479052,3.6,214,016-330 8519,KK Mart,Tier 1,19.33
ChIJQ3syj1lRzDERqxo7ZUaWY_I,99 Speedmart 2109 Denai Alam 2,"No: 61 (Ground Floor), Jalan Elektron D U16/D, Seksyen U16, Denai Alam",Shah Alam,3.1639827,101.5141464,3.7,177,03-3362 6863,99 Speedmart,Tier 1,19.17
ChIJq1SnApbBzTERoA8yKmy1-5k,Zemart Bandar Baru Enstek,"Lot 28398, Jalan Milenia, Bandar Baru Enstek, Nilai Bandar Baru, Nilai",Seremban,2.7548135,101.760715,4.0,119,06-791 5782,Indie mart,Tier 1,19.15
ChIJTauQBzTJzTERD6-gOKLeWq4,99 Speedmart 1494 Taman Villa Tropika,"0-2G & 0-3G (Ground Floor), Jalan Villa Tropika 1, Taman, Jalan Villa Tropika",Kajang,2.9409469,101.7898053,4.3,83,03-3362 6863,99 Speedmart,Tier 1,19.05
ChIJ2wvApnVLzDER28mjo__qKLw,Pasar Mini,Malaysia,"Kuala Lumpur, Petaling Jaya, Shah Alam, Klang, Subang Jaya, Cheras, Ampang, Cyberjaya, Putrajaya, Kajang, 68100 Selayang, Damansara",3.0718538,101.6354224,4.3,83,,Mini-mart,Tier 1,19.05
ChIJraq1SKLMzTERqMM8sdTol7M,99 Speedmart 1492 Taman Puncak Saujana,"No: 1 (GF, Jalan Puncak Saujana 1/1A, Taman Puncak Saujana",Kajang,3.0145658,101.8054723,4.1,103,03-3362 6863,99 Speedmart,Tier 1,19.04
ChIJha073XA4zDERRAQM-pzVcjc,Pasar Mini Balada (FAMA AgroBazaar Rakyat Gombak Setia),"Lorong Pasar, Gombak Setia",Kuala Lumpur,3.218315499999999,101.7138218,4.8,51,016-351 1107,Mini-mart,Tier 1,18.97
ChIJwUTlhjJHzDER-f9Q3GVHvyY,99 Speedmart 1658 Bandar Baru Selayang 2,"Ground Floor, No: 30 & 32, Jalan 4/2, Taman Bandar Baru Selayang Fasa 2b",Batu Caves,3.267668,101.6730422,3.9,128,03-3362 6863,99 Speedmart,Tier 1,18.95
ChIJM_FmtdEzzDERL5lgXzc5QKc,99 Speedmart Sungai Long 2,"46, Jalan SL 11/9, Bandar Sungai Long",Kajang,3.054163,101.804131,3.8,145,03-3362 6863,99 Speedmart,Tier 1,18.94
ChIJoaXSFATEzTER_u8jIZhupls,99 Speedmart 1434 (NS) Taman Nilai Perdana,"No: 5A & 7A (GF, 5, Jalan Nilai Perdana, Taman Nilai Perdana",Seremban,2.803714,101.8047647,3.9,126,03-3362 6863,99 Speedmart,Tier 1,18.89
ChIJFzEUgq9czDERGNCNMAFLvOA,99 Speedmart 1539 Bandar Baru Kundang,"No: 43-B & 43-C, Jalan Pekan 2, Kampung Baru Kundang",Rawang,3.279318,101.5137695,3.7,163,03-3362 6863,99 Speedmart,Tier 1,18.87
ChIJr00mRZ1SzDERZsm1LH01avQ,AzZainMart Shah Alam,"9-G, Jalan Tukul P15/P, Seksyen 15",Shah Alam,3.064096,101.524043,4.3,79,013-365 3934,Indie mart,Tier 1,18.84
ChIJ2_6N8VDPzTERlesTrwIJ1wI,99 Speedmart 1419 Bandar Bukit Mahkota,"No: 67 & 69, Jalan BM 4/3, Seksyen 4, Bandar Bukit Mahkota",Kajang,2.882212,101.807526,3.9,123,03-3362 6863,99 Speedmart,Tier 1,18.8
ChIJ25ntzBBNzDERtYlb536qkpI,BilaBila Mart - Sunway House Waterfront Residence,"L2, Waterfront Residence, Persiaran Tasik Barat",Subang Jaya,3.062747900000001,101.6001376,4.8,49,,Indie mart,Tier 1,18.78
ChIJgax5d0S1zTERMgrKtnbLeF0,99 Speedmart 1111 Tmn Saujana Puchong 1,"No.29(Ground Floor, Jalan SP 3/9, Taman Saujana Puchong",Puchong,2.989967,101.639847,3.9,122,03-3362 6863,99 Speedmart,Tier 1,18.77
ChIJI5WnddKlzTERnZ8ou4jglnI,99 Speedmart 1624 Taman Chodoi Bestari,"No: 3 & 5 (Ground Floor), Jalan CB2 Taman Chodoi Bestari, Kampung Chodoi",Banting,2.8436253,101.4452474,3.5,210,03-3362 6863,99 Speedmart,Tier 1,18.73
ChIJxXbwWk3JzTERjx1oJmy1QJc,"KK SUPER MART Kajang, Bandar Seri Putra (KSP)","4, 65, Persiaran Seri Putra 1, Bandar Seri Putra",Kajang,2.885489,101.7910855,4.0,101,010-205 2308,KK Mart,Tier 1,18.5
ChIJHxjGBkyxzTERRhFclMvvLHc,99 Speedmart 1766 Putra Perdana (PP3),Taman Putra Perdana,Puchong,2.9413564,101.6105831,3.9,112,,99 Speedmart,Tier 1,18.44
ChIJzYbL0ehbzDER6FedLpYOKu8,99 Speedmart 1871 Sri Pristana,"No: E-1-40 & E-1-41 (Ground Floor), Jalan SP 11/3 Pristana",Subang Business Centre,3.2074475,101.4749633,3.7,143,03-3362 6863,99 Speedmart,Tier 1,18.39
ChIJqTbn1pA0zDER9F3MkVs1N1g,"99 Speedmart Jalan Penggawa, Mahkota Cheras","1, Jalan Penggawa 6/2, Seksyen 2 Bandar Mahkota Cheras",Kajang,3.0576246,101.7840382,4.0,95,,99 Speedmart,Tier 1,18.26
ChIJTRZJro3PzTERgUYmbhU0dJo,99 Speedmart 2230 Eco Majestic,"Ground Floor, No: 23-1, Jalan Eco Majestic 1/2C, 3A/1",Semenyih,2.9095254,101.8512479,4.4,62,03-3362 6863,99 Speedmart,Tier 1,18.23
ChIJBeRaN8JpzDERZ4_8qdc3CnY,99 Speedmart 1337 Bandar Sungai Buaya,"No: 21 & 23 (GF, Jalan Kenangsari 2A, Bandar Baru Sungai Buaya",Rawang,3.3735583,101.5326644,4.0,94,03-3362 6863,99 Speedmart,Tier 1,18.22
ChIJo79mMRw1zDERIFdR9F9eSiA,88 SP Mart,"37 & 39, 37 & 39, Jalan 33/154, Taman Bukit Anggerik",Cheras,3.0582981,101.7491544,4.2,74,03-9101 7051,Indie mart,Tier 1,18.13
ChIJR-jwUx1JzDERIPk3T12QB50,BilaBila Mart - Regalia Suites,"C-3A-3A, Regalia Serviced Apartment. 2, Jalan Anjung Putra, Off, Jalan Sultan Ismail",Kuala Lumpur,3.164599399999999,101.6929303,4.6,50,,Indie mart,Tier 1,18.09
ChIJ-WiZM13FzTERdErRt3W4koY,99 Speedmart 1804 (NS) Taman Beringin Jaya,"No: 8 & 9 (Ground Floor), Jalan Beringin Jaya 1, Taman Beringin Jaya 71700 Mantin",Negeri Sembilan Darul Khusus,2.8650775,101.8683848,3.9,102,03-3362 6863,99 Speedmart,Tier 1,18.08
ChIJ0epydjvHzTERbwjA1G2wnps,99 Speedmart 1297 Bandar Baru Salak Tinggi,"No: 31 & 33, Jalan ST 1C/6, Medan 88, 27, Jalan ST 1c/6, Bandar Baru Salak Tinggi",Sepang,2.8117659,101.7380643,3.8,114,03-3362 6863,99 Speedmart,Tier 1,18.03
ChIJ7csearTdzTERdkeXRUia61E,99 Speedmart Coral Height,"256, Jalan Bkt Coral 11, Taman Bukit Coral",Seremban,2.7532178,101.9540427,3.9,98,,99 Speedmart,Tier 1,17.92
ChIJ2Wzxf1yrzTERQ4PU3TC3qrY,Econsave Telok Gong - Pasar Ekonomi Mart,"Lot 8951, Jalan Telok Gong, Kampung Telok Gong",Pelabuhan Klang,2.9620122,101.3913503,4.0,84,03-3170 3166,Indie mart,Tier 1,17.77
ChIJgx3oSQtNzDERR9Py1149em0,PrestoMart Near U - Subang SS15,"6-G, Jalan SS15/8",Subang Jaya,3.0749243,101.5905661,4.8,39,03-5611 5387,Indie mart,Tier 1,17.71
ChIJTxaEsxC1zTERL37zIHSxfAk,99 Speedmart 2720 Abadi Heights,"12 & 12A (Ground Floor, No:, 2, Lorong Abadi 2, Abadi Heights",Puchong,2.9691283,101.6341809,4.1,74,03-3362 6863,99 Speedmart,Tier 1,17.7
ChIJJfopIfczzDER16A4mJuWydg,99 Speedmart 1307 Taman Lagenda Suria,"No: 2(G, Jalan Lagenda Suria 3, Taman Lagenda Suria",Cheras,3.098801,101.802431,4.2,65,03-3362 6863,99 Speedmart,Tier 1,17.6
ChIJr-enwBs3zDER5eHkJxnJhio,99 Speedmart 2408 Ampang Utama,"Ground Floor, Lot: B1-1 & B2-1, Jalan Ampang Utama 2/2, Taman Ampang Utama",Ampang,3.1554235,101.7523023,4.5,49,03-3362 6863,99 Speedmart,Tier 1,17.6
ChIJL_cC9aPdzTEROZ78aui4uwI,99 Speedmart 1608 (NS) Gedung Lalang,"No 6143/10, 11, 12 Jalan Kuala Pilah, Bt 2 1/2",Gedung 70400,2.726935399999999,101.973413,4.1,69,03-3362 6863,99 Speedmart,Tier 1,17.42
ChIJKwj6GDZvzDERln9KOtSO6iU,99 Speedmart 1571 Bukit Beruntung,"Ground Floor, No: 9 & 11, Jalan Inai 2, Seksyen BB3 Bukit Beruntung",Rawang,3.43044,101.55731,3.8,97,03-3362 6863,99 Speedmart,Tier 1,17.42
ChIJIcLkQTs1zDERVF5wjUrvysQ,99 Speedmart 1078 Damai Perdana,"18 & 20(G, Jalan Damai Perdana 1/8a, Bandar Damai Perdana",Cheras,3.046877400000001,101.7396079,4.2,62,03-3362 6863,99 Speedmart,Tier 1,17.4
ChIJf-2QVoyuzTERbRrdeLWXziU,99 Speedmart 1417 Taman Sijangkang Permai,"No: 8 & 10 (GF, Jalan Permai, Taman Sijangkang Permai",Telok Panglima Garang,2.9405134,101.4712486,3.6,123,03-3362 6863,99 Speedmart,Tier 1,17.35
ChIJ23dnQstazDERaJCIIsP-fM8,99 Speedmart 1741 Aman Putri,"No 1 & 3 (Ground Floor, Dataran Putri, Sek U17, Jalan Aman Damai H U17/H, Aman Putri",Shah Alam,3.216639299999999,101.5233392,3.7,107,03-3362 6863,99 Speedmart,Tier 1,17.32
ChIJcahrJQ31zDER89dFsagWLw0,99 Speedmart 1388 Kuala Selangor 3,"No: 80 & 82 (GF, Jalan Melati 3/1, Bandar Melati",Kuala Selangor,3.3310606,101.2559461,3.7,106,03-3362 6863,99 Speedmart,Tier 1,17.29
ChIJl2-VWauxzTERZZQccyzVVC8,99 Speedmart 2161 Bandar Rimbayu,"No: 37 & 39 (Ground Floor), Jalan Flora 2/2 Bandar Rimbayu (Flora",Telok Panglima Garang,2.9333475,101.5483452,3.6,120,03-3362 6863,99 Speedmart,Tier 1,17.26
ChIJKSiMepajzTERQdaCEaIow_I,99 Speedmart 1454 Taman Damai Morib,"No: 22 & 24 (GF, Jalan Damai",Taman Damai,2.7835463,101.4623854,4.0,73,03-3362 6863,99 Speedmart,Tier 1,17.22
ChIJRSUBozvVzTERs9vv7pLxbwM,99 Speedmart 1509 (NS) Pekan Titi,"No: 282 & 283, Taman Mawar",Titi,2.997352,102.069351,3.8,92,03-3362 6863,99 Speedmart,Tier 1,17.22
ChIJw-iMTBLFzTERJnqBusfmBG0,99 Speedmart 1353 (NS) Perdana College Height,"No: 9 & 10 (GF), Jalan PCH 2 Perdana College Height",Mantin,2.847649,101.841179,3.7,103,03-3362 6863,99 Speedmart,Tier 1,17.18
ChIJd_vPs8HPzTERvU4Acu6jrCQ,99 Speedmart 1730 Semenyih Parklands,"No 26&27 (Ground Floor), Jalan Parklands 1, Semenyih Parklands 1 Semenyih Parklands",Beranang,2.8961027,101.8695836,3.7,101,03-3362 6863,99 Speedmart,Tier 1,17.11
ChIJj_Mxv7HIzTERL0tluemLsJw,99 Speedmart 1395 Bandar Seri Putra,"No: 5 & 6 (GF), Jalan Seri Putra 1/1 Bandar Seri Putra, Bangi",Kajang,2.8866042,101.7905282,4.1,63,03-3362 6863,99 Speedmart,Tier 1,17.05
ChIJRYG9gl5hzDERXM_7La-vx1I,99 Speedmart 1083 Batang Berjuntai,"NO: 26 & 28, Jalan Berjuntai 4",Batang Berjuntai,3.3798238,101.4101187,3.4,149,03-3362 6863,99 Speedmart,Tier 1,17.04
ChIJDU0pgq5UzDERhjWg0pv7gKg,"Econmart Express Sungai Udang, Klang","27-29, Lorong Selamat /ku3, Kampung Sungai Udang",Klang,3.041767300000001,101.4256698,3.6,112,012-267 8123,Indie mart,Tier 1,17.02
ChIJmxohTbBVzDERpnOMvVzcmYI,99 Speedmart 1045 Kampung Sungai Udang,"No. 29 & 31 (Ground Floor), Jalan Udan Putih 21 KS 3, Kampung Sungai Udang",Klang,3.0393045,101.4133736,3.8,87,03-3362 6863,99 Speedmart,Tier 1,17.01
ChIJ6c4b7uDLzTERkuARINPy6GE,99 Speedmart 1150 Taman Impian Ehsan,"No.1, Persiaran Impian, Taman Impian Ehsan",Seri Kembangan,3.0237825,101.7506025,3.9,75,03-3362 6863,99 Speedmart,Tier 1,16.89
ChIJl1CgOwCxzTERkXSopxY5f8w,99 Speedmart 1642 TMN PUTRA PERDANA 2,"Ground Floor, No: 68, Lingkungan Putra Perdana, Taman Putra Perdana",Puchong,2.9461163,101.6134207,4.1,60,03-3362 6863,99 Speedmart,Tier 1,16.85
ChIJFXUtTFRDzDERsyrmZvTetc8,KK Super Mart Rawang • Taman Jati • RTJ,"No:17, Jalan 1b, Taman Jati",Rawang,3.3074813,101.5855229,4.1,60,010-230 8529,KK Mart,Tier 1,16.85
ChIJ_UCRtP-7zTERXUIGYW_peqg,99 Speedmart 1314 Banting Sungai Emas,"No: 28 & 30 & 32 (GF), Jalan Emas 7, Bandar Sungai Emas, Sungai Manggis",Banting,2.8240452,101.5346419,3.8,83,03-3362 6863,99 Speedmart,Tier 1,16.84
ChIJm6oBpuPJzTER1OyQUUIOd-8,Zamrud Grocery,"Kedai Runcit, Residensi Zamrud, Jalan Zamrud 1",Kajang,2.9524341,101.7918467,4.9,30,,Sundry/grocer,Tier 1,16.83
ChIJ_xV1XsWqzTERD3T_YHvPuQ4,99 Speedmart 1139 Sultan Suleiman 2,"No:10, Lingkiran Sultan Abdul Samad 2",Bandar Sultan Suleiman 42200 Pelabuhan Klang Serlangor,3.026805,101.375816,3.8,82,03-3362 6863,99 Speedmart,Tier 1,16.79
ChIJecNhRK7IzTER5HxNFxKqxjA,Madani Halalmart,"27, Jalan Seri Putra 1/2, Bandar Seri Putra",Kajang,2.883703,101.7903699,4.9,29,,Indie mart,Tier 1,16.67
ChIJw_gaA0G2zTERhX1o-uXQsp0,99 Speedmart 1888 Putrajaya Precint 8,"Ground Floor, No: A-06 & A-07, Jalan Seluang P8/7, Presint 8",Putrajaya,2.932583,101.6810203,4.0,62,03-3362 6863,99 Speedmart,Tier 1,16.57
ChIJqTmWxIXgzTERFtAg9Du81sc,99 Speedmart 1736 (NS) Taman Nusa Intan,"No: 1 (Single Storey, Jalan Nusa Intan 2/1, Taman Nusa Intan",Seremban,2.7084722,102.0200556,3.8,77,03-3362 6863,99 Speedmart,Tier 1,16.56
ChIJA0EI6cXdzTERbLFLnHwadGU,99 Speedmart 1341 NS Tan Sri Manickavasagam,"No: 389, Jalan Tan Sri Manickavasagam",Seremban,2.73034,101.930702,3.8,77,03-3362 6863,99 Speedmart,Tier 1,16.56
ChIJZamzn7dVzDERE40Rjn79I6I,99 Speedmart 1228 Taman Sementa Utama,"1, No: 1 & 3 (Ground Floor), Jalan Sementa, Batu 7, Jalan Kapar, Taman Sementa Utama",Klang,3.0936133,101.3784561,3.6,98,03-3362 6863,99 Speedmart,Tier 1,16.54
ChIJtWP80Vc1zDERXNpzq67k-Zw,99 Speedmart 1746 Taman Bukit Anggerik,"No 45 & 47 (Ground Floor), Jalan 33/154, Taman Bukit Anggerik 56000 Cheras",Kuala Lumpur,3.0583333,101.7493056,3.8,75,03-3362 6863,99 Speedmart,Tier 1,16.46
ChIJY3jenOe5zTER8q3v9IeBdQs,99 Speedmart 2150 Taman Seri Delima,"ground floor, No: 14, Jalan Seri Delima 1, Taman Seri Delima",Dengkil,2.8556111,101.6845278,4.2,49,03-3362 6863,99 Speedmart,Tier 1,16.43
ChIJ0QEnuFPozTERQbB_vF5JKBA,99 Speedmart 1685 (NS) Sendayan Metropark,"27 (Ground Floor, Persiaran Metro Sendayan 1, Bandar Sri Sendayan",Metropark,2.686866799999999,101.8474973,3.8,74,03-3362 6863,99 Speedmart,Tier 1,16.41
ChIJ60ovo524zTERgb-XngiU53U,99 Speedmart 1305 Kota Warisan,"No: 36 & 38, 32G, Jalan Warisan Megah 1/4, Kota Warisan",Sepang,2.8247363,101.7058512,3.7,83,03-3362 6863,99 Speedmart,Tier 1,16.39
ChIJwzIIFVLdzTERu_P0oOxNNzs,99 Speedmart 1979 (NS) Taman Sri Pinang,"No: 17 & 18 (Ground Floor), Jalan Sri Pinang 1, Taman Sri Pinang Jalan Labu, 70200 Seremban",Negeri Sembilan Darul,2.7270056,101.8935439,3.8,73,03-3362 6863,99 Speedmart,Tier 1,16.36
ChIJ1TtTMOPLzTER6krBxdmSVfA,99 Speedmart 1855 Bangi Sek 5,"No: 1 (Ground Floor, Jalan 5c/5, Taman Langat Jaya",Bandar Baru Bangi,2.9573333,101.7860556,3.9,65,03-3362 6863,99 Speedmart,Tier 1,16.34
ChIJM9gp3141zDERHGVEglJp20k,99 Speedmart 1374 Alam Damai 2,"No: 2A, Jalan Damai Raya 2, Alam Damai 56000 Cheras",Kuala Lumpur,3.0614471,101.7441074,3.9,65,03-3362 6863,99 Speedmart,Tier 1,16.34
ChIJ1ege8F-rzTER57PsVWVHJoo,STS MINI MARKET,"11, Jalan Sultan Abdul Samad 38, Bandar Sultan Suleiman",Pelabuhan Klang,3.0204326,101.3725253,5.0,25,,Mini-mart,Tier 1,16.29
ChIJ-_qOC15DzDERxFkxz9zVCKk,99 Speedmart 1427 Taman Tun Teja,"No: 27 & 29 (GF, 34, Jalan Tun Teja 1, Taman Tun Teja",Rawang,3.2980519,101.5916039,3.9,63,03-3362 6863,99 Speedmart,Tier 1,16.22
ChIJZcA_G_lrzDERgFnI89lr7d0,KK SUPER MART Hulu Yam Bharu (HYB),"No. 56, Jalan Besar",Jalan Batang Kali - Hulu Yam Bharu,3.4334458,101.6572184,3.7,78,010-230 8553,KK Mart,Tier 1,16.17
ChIJgye26XGrzTERxMLx5QsiizY,Econsave Pandamaran 1 - Pasar Ekonomi Mart,"No.5 & 7, Jalan Ehsan Perdana 7/KS5, Taman Ehsan Jaya",Pelabuhan Klang,3.0068598,101.4179291,3.6,87,03-3162 1356,Indie mart,Tier 1,16.12
ChIJg2eA8CXLzTERnADoVP4M46M,99 Speedmart 1607 Cheras Jaya,"No: 17 & 19, Jalan CJ 3/13-2, Taman Cheras Jaya",Cheras,3.022563899999999,101.75875,3.8,68,03-3362 6863,99 Speedmart,Tier 1,16.09
ChIJfzobKWc3zDERv7prNuBN-AM,Nur Mart Datum Jelatek - بقالة عربية,"L1-16&17, Datum jelatek mall, Jalan Jelatek, Jelatek",Kuala Lumpur,3.1675519,101.7355579,5.0,24,012-376 4451,Indie mart,Tier 1,16.09
ChIJ7UNVj0azzTERu8oGvY5R4ww,99 Speedmart 1930 Taman Denai Puchong,"Ground Floor, No: 11 & 13, Jalan Denai Puchong, Taman Denai",Puchong,3.0213019,101.5982284,4.6,31,03-3362 6863,99 Speedmart,Tier 1,15.94
ChIJC8BiqovLzTERk0J8jD6d7PY,99 Speedmart 1331 Kajang Utama 1,"No: 45 & 47 (GF, 49, Jalan Seksyen 1/19, Taman Kajang Utama",Kajang,2.9760698,101.7949062,3.7,73,03-3362 6863,99 Speedmart,Tier 1,15.93
ChIJjXc6mgfdzTEReyZuu2jF7mE,KEDAI RUNCIT SAFIUDEEN CAWANGAN SEREMBAN,"33, GROUND FLOOR, Jalan Toman 3, Kemayan Square",Seremban,2.7189017,101.9231047,4.8,26,017-749 7787,Kedai runcit,Tier 1,15.82
ChIJh-FIBGyxzTERG3ZIJqENZ6g,99 Speedmart 2046 Perdana Industrial Park,"No: 6 & 8 (Ground Floor), Jalan PP 16/2, Perdana Industrial Park, Taman Putra Perdana",Puchong,2.9442472,101.6019856,3.7,71,03-3362 6863,99 Speedmart,Tier 1,15.82
ChIJM1wo_0rOzTERng1kew-GY9U,99 Speedmart 1523 Taman Pelangi Semenyih,"No: 16 & 18(G, Jalan TPS 2/2, Taman Pelangi Semenyih 2",Semenyih,2.915919,101.8640938,4.2,42,03-3362 6863,99 Speedmart,Tier 1,15.8
ChIJ8aXtQQBPzDERwDYD37dZchY,RisSMart Grocer,"Unit G10, Pusat Perniagaan Cita Rasa, 1B, Persiaran Kwasa Utama",Shah Alam,3.1746952,101.5716509,4.9,24,010-427 0836,Sundry/grocer,Tier 1,15.77
ChIJ9XvhEHxLzDERdJTNDptaYyE,99 Speedmart 1548 Sri Petaling 2,"No: 3, Jalan Pasai 6, Bandar Baru Sri Petaling",Kuala Lumpur,3.069695,101.701057,3.8,61,03-3362 6863,99 Speedmart,Tier 1,15.68
ChIJTfjq-eNRzDERHdJL1oPUaE4,99 Speedmart 1500 Sunway Kayangan,"No: 15 & 17 (Ground Floor), Jalan Ungu B U9/B, Sunway Kayangan",Shah Alam,3.1283069,101.5193466,3.5,87,03-3362 6863,99 Speedmart,Tier 1,15.67
ChIJD9ULMom1zTEROu2KbAcd5Ew,99 Speedmart 1481,"No :, 27 & 29, Jalan BP 3/12, Bandar Bukit Puchong",Puchong,2.990024,101.629936,4.0,48,03-3362 6863,99 Speedmart,Tier 1,15.57
ChIJKbIvkVxNzDER5n5_CyqAp5w,99 Speedmart 1527 Shah Alam Sek19,"No. 2 (Ground Floor, 19/D, Jalan Nelayan 19/D, Seksyen 19",Shah Alam,3.0508491,101.5345344,3.8,59,03-3362 6863,99 Speedmart,Tier 1,15.56
ChIJTaNAfxLdzTEREvUQNCJemjg,99 Speedmart 1989 (NS) Taman Templer,"Ground Floor, No : 16, Jalan Tun Dr. Ismail, Taman Templer",Seremban,2.740173699999999,101.9232702,3.7,64,03-3362 6863,99 Speedmart,Tier 1,15.45
ChIJQbpNmBdJzDERImxRiBc8c_Y,BilaBila Mart - Ryan & Miho,"B-G-05 & B-G-06, Block B, Ryan & Miho Serviced Apartment.74 Jalan Professor Diraja, Jalan Profesor Diraja Ungku Aziz, Seksyen 13",Petaling Jaya,3.1186645,101.6344084,4.8,24,,Indie mart,Tier 1,15.45
ChIJ88MPEmBezDERciYLikahTiw,99 Speedmart 1076 Ijok,"No: 10 & 12, Jalan Ijok Utama 1, Taman Ijok Utama, Ijok",Batang Berjuntai,3.3137916,101.4123792,3.4,90,03-3362 6863,99 Speedmart,Tier 1,15.34
ChIJmcnqW1Y4zDER3HoVWGt9SHU,99 Speedmart 2031 Taman Melawati,"Ground Floor, No: 20 & 21, Jalan H 3",Taman Melawati,3.2278252,101.744721,4.1,40,03-3362 6863,99 Speedmart,Tier 1,15.23
ChIJAX4DhsVPzDER4-6gslVUH6s,Econsave Subang Perdana - Pasar Ekonomi Mart,"U3, GU3/G, Sek, No. 29A, Jalan Dinar F U3/F, Taman Subang Perdana",Shah Alam,3.1489975,101.5443882,3.7,60,03-7831 2880,Indie mart,Tier 1,15.21
ChIJX1UxFvjqzTERUb2gGWO42Bc,99 Speedmart 1369 Pekan Sepang,"Lot 1 & 2, Jalan Besar, Pekan Sepang",Sepang,2.6899047,101.7509608,3.8,53,03-3362 6863,99 Speedmart,Tier 1,15.16
ChIJfekBPEldzDERCj-q-0tlHn0,99 Speedmart 1599 Saujana Rawang,"43 & 45 (Ground Floor, No:, Jalan SR 4/1, Saujana Rawang",Rawang,3.3352542,101.5173352,3.7,59,03-3362 6863,99 Speedmart,Tier 1,15.15
ChIJs0TRGpQ5zDERWyDlTTTujQY,KK SUPER MART Wangsa Setia (WST),"No. 11, Jalan Wangsa Setia 1, Wangsa Melawati",Kuala Lumpur,3.2093116,101.7436745,4.1,39,016-330 8517,KK Mart,Tier 1,15.12
ChIJJe8EdzM1zDERqNoLNgQtQd0,99 Speedmart 1572 Taman Bukit Pandan,"No: 28 (Ground Floor), Jalan BP 1, Jalan Bukit Pandan",Kuala Lumpur,3.1055591,101.7534034,4.2,35,03-3362 6863,99 Speedmart,Tier 1,15.05
ChIJiQ7mLhIHzTERes_ezvqmo98,99 Speedmart 1542 Pulau Indah,"AG-01 Blok A, Pangsapuri Samudera Persiaran Majlis Sultan/ KS 13",Pulau Indah,2.931607999999999,101.315239,4.1,38,03-3362 6863,99 Speedmart,Tier 1,15.02
ChIJy9O0duyrzTERM4_gdoBVvdw,99 Speedmart 1021 Pandamaran Jaya,"NO. 2 & 4, Jalan Lengkok Pandamaran 63",Pelabuhan Klang,3.00415,101.423805,3.7,57,03-3362 6863,99 Speedmart,Tier 1,15.02
ChIJmTouOABJzDERb4rLHz4c6Yk,RisSMart 24 Plaza Damas,"E-0-9 & E-0-11, Plaza Damas, Jalan Sri Hartamas 1, Taman Sri Hartamas",Kuala Lumpur,3.1640714,101.6566422,5.0,19,018-917 6984,Indie mart,Tier 1,14.98
ChIJWbYu73BRzDERCB3-pVLPlao,KEDAI RUNCIT G SETIA JAYA,"125G &, BGU13/BG, 127G, Jalan Setia Gemilang BG U13/BG, Bandar Setia Alam40170",Shah Alam,3.1260515,101.4718665,4.4,29,011-1763 2414,Kedai runcit,Tier 1,14.97
ChIJ5-40Mg9VzDERx1_GsmRCdwE,Econsave Sungai Kapar Indah - Pasar Ekonomi Mart,"No. 1, Ground Floor, Jalan Sungai Kapar Indah 3k, Sungai Kapar Indah",Kapar,3.0947429,101.3837285,3.8,50,03-3290 7750,Indie mart,Tier 1,14.94
ChIJcZZ3-rVVzDERvAZzcua_zsg,99 Speedmart 1033 Kapar Indah,"18 Ground Floor, Jalan Sungai Kapar Indah 3, Sungai Kapar Indah",Klang,3.0955283,101.383528,3.6,62,03-3362 6863,99 Speedmart,Tier 1,14.92
ChIJAXVgZdLGzTERn8Hg_BugSKA,99 Speedmart 1798 (NS) Nilai Cempeka,"No: 13A (Ground Floor), Jalan Cempaka 4/1 Desa Cempaka 2 Putra Nilai",Nilai,2.800855700000001,101.7627255,4.3,31,03-3362 6863,99 Speedmart,Tier 1,14.9
ChIJ79R_52RZzDERT3TxaUrzY5w,99 Speedmart 1529 Pelangi Seri Alam,"No. 19 & 21 (Ground Floor), Jalan Astana C 13/C Pusat Niaga Astana Alam, Seksyen 13 Bandar Puncak Alam",Kuala Selangor,3.2445564,101.4258841,3.7,55,03-3362 6863,99 Speedmart,Tier 1,14.89
ChIJm4lg5BrLzTERls8nmZX-J28,99 Speedmart 2793 Kajang Utama 3,"Ground Floor, No: 15 & 17, Jalan Seksyen 2/13, Taman Kajang Utama",Kajang,2.96972,101.7945941,4.2,33,03-3362 6863,99 Speedmart,Tier 1,14.81
ChIJifDc0gZFzDER6rW_FqGTWEM,99 Speedmart 1387 Dataran Villa Putra,"No: 27 & 29 (GF, Jalan Dataran Villa Putra 1, Dataran Villa Putra",Sungai Buloh,3.2267723,101.5669403,3.4,77,03-3362 6863,99 Speedmart,Tier 1,14.81
ChIJ7Tc6yZfMzTERUy_llqFiK2k,99 Speedmart 1843 Ivory Residence,"No: 10 & 11 (Ground Floor), Mutiara Avenue, Jalan Mutiara 1, Mutiara Heights",Kajang,3.0116307,101.8118591,3.7,53,03-3362 6863,99 Speedmart,Tier 1,14.76
ChIJTSo-E7hTzDERS1Eos4vjSgM,99 Speedmart 1467 Ken Rimba,"KEN Rimba Sales Gallery, No: 40 & 42 (GF, Jalan Lengkuas D16/D",Shah Alam,3.054344099999999,101.4841801,4.2,32,03-3362 6863,99 Speedmart,Tier 1,14.69
ChIJ3bwD9q5bzDERkI-zZUt31dY,RisSMart 24 Eco Granduer,"Eco Grandeur, 6, Jalan Eco Grandeur 1/3B",Puncak Alam,3.2290796,101.4554599,4.4,27,014-712 3930,Indie mart,Tier 1,14.66
ChIJoUtTpMtCzDERv9MGAYQk0B8,Kedai Ubat Dan Barang-Barang Runcit Wei Poh,"Jalan Desa 1/1, Bandar Country Homes",Rawang,3.328177800000001,101.5282283,4.5,25,03-6094 3588,Generic kedai,Tier 1,14.66
ChIJW4iS34XMzTERBD4ZrYAHVpo,Pasar Mini Murni Jaya,"6 & 7, Jalan Indah Satu, Taman Indah, Sungai Jelok, Kajang, 43000, Kajang",Selangor,2.9970399,101.806786,4.0,38,03-8736 1120,Mini-mart,Tier 1,14.65
ChIJr232S8itzTERAEX5I9QlLk8,GT Mart Taman Mewah,"No 53 & No 55, Jln Bendahara 45, Batu 3 2, Jalan Sungai Jati, Taman Mewah Baru",Klang,3.015530899999999,101.474265,4.3,29,,Indie mart,Tier 1,14.63
ChIJP8Bv0Rc1zDERH3ZvUqvfqXY,99 Speedmart 1635 Damai Perdana 2,"No: 1 (Ground Floor, Jalan Damai Perdana 6/1B, Bandar Damai Perdana",Kuala Lumpur,3.05309,101.73864,3.8,46,03-3362 6863,99 Speedmart,Tier 1,14.63
ChIJAcCGRbHdzTER83BsDy7fNFg,99 Speedmart 1513 (NS) Temiang,"No. 430 & 431, Ground Floor, Jalan Temiang",Seremban,2.7351761,101.9382791,3.6,56,03-3362 6863,99 Speedmart,Tier 1,14.55
ChIJtaaWvUKrzTER84Nb-QFLUiY,99 Speedmart 1546 Jalan Kim Chuan,"No: 12, Jalan Cengkeh, Off, Jalan Kim Chuan, Pandamaran",Pelabuhan Klang,3.0176572,101.4213062,3.6,56,03-3362 6863,99 Speedmart,Tier 1,14.55
ChIJXfiqn-7LzTERjYcOqNolCqQ,99 Speedmart 1786 Taman Bunga Kantan,"No 3 & 5 (Ground Floor), Jalan Bunga, Jalan Kantan 1, Taman Bunga Kantan",Kajang,3.0032284,101.7909797,3.8,45,03-3362 6863,99 Speedmart,Tier 1,14.55
ChIJr-jnzWHMzTER3CYC8qHufQU,99 Speedmart 1335 Kajang Perdana,"No: 29 (GF & 1st Floor Perdana Avenue, Jalan Kajang Perdana 3/1, Taman Kajang Perdana",Kajang,2.9922256,101.8175643,3.8,45,03-3362 6863,99 Speedmart,Tier 1,14.55
ChIJ8YilOg0VzDERlU0CiO0MYrQ,BilaBila Mart - AK Antara,"Lot No. Retail 18, Level GF, AK Antara Signature Mall Genting Highlands",Bentong,3.4177275,101.7887487,4.7,21,,Indie mart,Tier 1,14.53
ChIJm3RDTwA3zDERAiX3PddIQTY,RisSmart24 Ampang,"NO.5, OFF, JALAN AMPANG JLN MAMANDA 7/1, TAMAN DATO' AHMAD RAZALI KUALA LUMPUR",Ampang,3.1581041,101.7494478,5.0,17,011-2545 0103,Indie mart,Tier 1,14.45
ChIJSbPICQDHzTEROTGWh9b_3hc,Kedai Serbaneka DRH,"27A, Jalan Kenanga 1/1, Salak perdana business park",Sepang,2.8354965,101.7394039,4.6,22,,Generic kedai,Tier 1,14.42
ChIJS9oy0XFLzDERCMK72bQS4m0,Kedai Serbaneka Kas Kas,"G5, One Petaling Residences Jalan 1C/149, off, Sungai Besi, Taman Castlefield",Kuala Lumpur,3.0681921,101.7055446,4.8,19,016-486 9524,Generic kedai,Tier 1,14.38
ChIJpSj5IG1JzDERCfs8wjXh7-E,BilaBila Mart - Riveria City,"6, Riveria City, LG-10, 5, Jalan Tun Sambanthan, Brickfields",Kuala Lumpur,3.1299852,101.6896491,4.7,20,,Indie mart,Tier 1,14.31
ChIJgeFo7brBzTER7RO179tJ9to,99 Speedmart 1695 (NS) Bandar Enstek,"No: 4 & 5 (Ground Floor, Mercato @, 1A, Jalan Timur 6, timur@enstek",Bandar Baru Enstek,2.7472134,101.764955,3.6,52,03-3362 6863,99 Speedmart,Tier 1,14.29
ChIJhax1ncQ1zDERukqX1bUQ4dE,99 Speedmart 1253 Taman Seri Taming,"No: 16 & 12A, Jln Seri Taming 1F Tmn Seri Taming, Pekan Batu 9",Cheras,3.054088,101.750351,3.7,46,03-3362 6863,99 Speedmart,Tier 1,14.25
ChIJm438KERVzDERvnpNy7KEYcQ,99 Speedmart 1283 Bandar Bukit Raja,"No: 1, Jalan Makyong 5b/Ku5, Bandar Bukit Raja",Klang,3.090369,101.430489,3.4,65,03-3362 6863,99 Speedmart,Tier 1,14.24
ChIJfQG2CwJNzDER7rPeio0Edng,Siva Maju Fresh Mart (Plaza Puchong),"12-G, Jalan Puchong Mesra 1, Plaza Puchong",Kuala Lumpur,3.0643451,101.6503533,3.5,57,010-225 5119,Indie mart,Tier 1,14.21
ChIJjx3b7tFvzDERcO-cwtqYY6s,KING'S GROCERY,"Seksyen BB4, 1, Jalan Kemboja 1b/1, Bandar Bukit Beruntung",Rawang,3.4319595,101.567381,5.0,16,019-847 5561,Sundry/grocer,Tier 1,14.17
ChIJI1Nmb1tTzDERc0LayMiAl28,99 Speedmart 1031 Klang Town,"64 & 66, Jalan Pasar",Klang,3.0503993,101.4434695,3.7,44,03-3362 6863,99 Speedmart,Tier 1,14.08
ChIJ0QzdjJukzTERw1nzuMgo3hg,99 Speedmart 1084 Taman Banting Indah,"No.202, 206, Jalan Morib, Taman Banting Indah",Banting,2.8059564,101.4949514,3.7,42,03-3362 6863,99 Speedmart,Tier 1,13.92
ChIJg1RYXgG1zTERuEc7FoLqUQM,99 Speedmart 1948-lestari perdana,"1-8 & 1-9, Jalan LP 3/4, Lestari Perdana",Seri Kembangan,2.9991536,101.6656847,3.8,38,03-3362 6863,99 Speedmart,Tier 1,13.92
ChIJWVycJgDnzTERUXuX8tPhXZI,CABABAIK MART CAREPLUS MALL,"Lot PT 3962 & 3963, Jalan Haruan 2, Pusat Komersial Oakland",Seremban,2.7084511,101.9203206,5.0,15,,Indie mart,Tier 1,13.86
ChIJNd_k3f3pzTERB7QZU57Rk14,99 Speedmart 2445 (NS) Pusat Dagangan Sendayan,"Ground floor, No: 186, Jalan Pusat Dagangan Sendayan 3/3, Pusat Dagangan Sendayan",Seremban,2.681147,101.8681358,4.2,26,03-3362 6863,99 Speedmart,Tier 1,13.84
ChIJn-0sQ7UVzDERXKYXrP4oz6g,99 Speedmart 1667 (PH) Genting Permai Avenue,"B-G-09, Jln Permai, Genting Permai Avenue, Genting Highland",Bentong,3.3863579,101.7745006,4.7,18,03-3362 6863,99 Speedmart,Tier 1,13.84
ChIJG_FWTHNPzDEROnG4k6wV9to,Pasar Mini Uswah,"4, Jalan Nuri 7b, Seksyen 7 Kota Damansara",Petaling Jaya,3.172916100000001,101.5759254,3.8,37,03-4149 7860,Mini-mart,Tier 1,13.82
ChIJjQZEDBC1zTER_A62sI4IgWo,99 Speedmart 16 Sierra,"Ground Floor, 21, Jalan Sierra 10/1, Bandar 16 Sierra",Puchong,2.9731722,101.6578447,3.6,45,03-3362 6863,99 Speedmart,Tier 1,13.78
ChIJ_3B-uvBrzDERFCeLoFkGOOo,99 Speedmart 1625 Antara Gapi,"No: 20 & 22 (Ground Floor), Jalan Gapi 1A/2 Perniagaan Antara Gapi, Kampung Sungai Chik",Bharu,3.4231069,101.6281146,3.6,45,03-3362 6863,99 Speedmart,Tier 1,13.78
ChIJ-QAWXhJPzDERdTfZWOLd4rU,BilaBila Mart - Maisson,"LOT NO. 01-03A MAISSON BY THE PARK, Jalan PJU 1a/3, Ara Damansara",Petaling Jaya,3.122421,101.5890594,4.3,23,03-7669 7006,Indie mart,Tier 1,13.67
ChIJsU13chhIzDERmGqyJHoIMag,99 Speedmart 1311 Jalan Pangkor,"No: 2 & 4, Jalan Pangkor, Off, Jalan Tun Razak",Kuala Lumpur,3.171834800000001,101.6970481,3.7,39,03-3362 6863,99 Speedmart,Tier 1,13.65
ChIJqeuK_cNLzDERDPSCZyF-cVs,99 Speedmart 1654 Sri Petaling 3,"Ground Floor, No: 116, Jalan Radin Anum 1, Bandar Baru Sri Petaling",Kuala Lumpur,3.0669372,101.6916758,3.4,54,03-3362 6863,99 Speedmart,Tier 1,13.62
ChIJy6sPxJRPzDERwge6c3Ca84s,"KK Super Mart Shah Alam, Subang Bestari (SAB)","No:71, Jalan Nova U5/N, Subang Bestari",Shah Alam,3.176139399999999,101.5484967,3.4,53,016-330 8516,KK Mart,Tier 1,13.56
ChIJy1vTOgpHzDERLKGHWVjp_78,99 Speedmart 1568 Taman Greenwood,"No: 30 (Ground Floor, Jalan 10, Tmn Batu",Batu Caves,3.23368,101.702164,3.7,38,03-3362 6863,99 Speedmart,Tier 1,13.56
ChIJDUH-HJE3zDERgxpP0ciTBvA,KK SUPER MART Taman Keramat Permai (TKP),"No.30, Permai, Jalan AU 1a/4a, Taman Keramat",Kuala Lumpur,3.1773161,101.7378455,3.6,42,03-4266 2972,KK Mart,Tier 1,13.54
ChIJs06_4vu3zTERfYixQLyMkbs,99 Speedmart 1519 Neo Cyber,"No: 101, Biz Avenue II, Lingkaran Cyber Point Barat, Neo Cyber",Cyberjaya,2.9157367,101.6492306,3.3,58,03-3362 6863,99 Speedmart,Tier 1,13.46
ChIJ-b4PESZ3zDERZz4sREIITHM,99 Speedmart 1437 Pekan Kerling,"No: 24 & 25 & 26, Jalan Orbit, Pekan Kerling",Kerling,3.5926461,101.6047845,3.6,41,03-3362 6863,99 Speedmart,Tier 1,13.46
ChIJCWoizDdvzDERDP_mCGDIoyw,99 Speedmart 1533 Taman Bunga Raya,"Apartment Dahlia, No: G-G-01, Jalan Bunga Raya 1, Taman Bunga Raya",Rawang,3.437392,101.548531,4.2,23,03-3362 6863,99 Speedmart,Tier 1,13.35
ChIJcZOC7HQ1zDERWHIN4HhhyCE,AUFi9 Mart,"11, Jalan Pahlawan 4/3, Bandar Mahkota Cheras",Cheras,3.0639719,101.7903267,4.3,21,011-2063 5029,Indie mart,Tier 1,13.29
ChIJxc8IdrCyzTERmIMKXuLQNa4,Kedai Runcit Perniagaan Warisan Ibu,"Jalan Faedah 25/86, Taman Sri Muda",Shah Alam,3.0253304,101.5384485,4.9,14,,Kedai runcit,Tier 1,13.27
ChIJqeoxPwBTzDERa_hm3zJoDMM,FlexiMart,"35, Jalan Plumbum U 7/U, Seksyen 7",Shah Alam,3.067052,101.489795,4.1,24,,Indie mart,Tier 1,13.2
ChIJwd2uME7NzTERwi25ijqk3Bk,99 Speedmart 1265 Bandar Sunway Semenyih,"No: 12A, 1, Jalan Semenyih 3, Bandar Sunway Semenyih",Semenyih,2.969999,101.843178,4.2,22,03-3362 6863,99 Speedmart,Tier 1,13.17
ChIJpeCm3-VJzDERuPzaPzLDc7U,KK Super Mart,"Parcel No.3, City Villa Kuala Lumpur, 69, Jalan Haji Hussein, Chow Kit",Kuala Lumpur,3.1662039,101.6994297,3.8,31,,KK Mart,Tier 1,13.17
ChIJ3wBZGHfdzTEREMtbz9dCOUg,"KK Super Mart Seremban, Lobak (SLB)","No. 378 & 379, Jalan Tan Sri Manikavasagam",Seremban,2.7297198,101.9306545,3.9,28,016-330 8249,KK Mart,Tier 1,13.13
ChIJU9qlKXTNzTER21SwzqkwJ-k,Family 8787 Mart,"Lot 710, Jalan Sungai Lalang, Batu 24 1/2",Semenyih,2.9952492,101.8720737,3.9,28,011-6206 3190,Indie mart,Tier 1,13.13
ChIJKWC_58RMzDER5s0LockhfwE,99 Speedmart 1048 USJ 10,"No.53, Jalan USJ 10/1f",Subang Jaya,3.04753,101.583183,3.3,52,03-3362 6863,99 Speedmart,Tier 1,13.1
ChIJF1FO3q1TzDER8dd7DLfoxok,99 Speedmart 1375 Klang Sentral,"No: 26 & 28 (GF), Jalan Klang Sentral, 3, KU 5, Klang Sentral",Klang,3.1109,101.438194,3.6,37,03-3362 6863,99 Speedmart,Tier 1,13.1
ChIJTXEhNwpHzDERJiWSzPEy78s,99 Speedmart 2538 KL Taman Kepong Indah,"Ground Floor, No: 20 & 22, Jalan 3/1 A, Taman Kepong Indah",Kuala Lumpur,3.2237212,101.6390304,3.5,41,03-3362 6863,99 Speedmart,Tier 1,13.08
ChIJl5LWS4vnzTER5RCJeS5Pf64,99 Speedmart 1514 (NS) Medan Kepayang,"No.16 & 17(G), Jalan MPK 1, Medan Perdagangan Kepayang, Taman Bukit Kepayang",Seremban,2.7144152,101.9122783,3.8,30,03-3362 6863,99 Speedmart,Tier 1,13.05
ChIJJ_2HU12tzTEReOGxB0tyZHQ,99 Speedmart 1452 Alam Impian,"No: 18 (GF), Jalan Tun Teja B 35/B, Alam Impian, Seksyen 35",Shah Alam,3.0161137,101.5136551,3.8,30,03-3362 6863,99 Speedmart,Tier 1,13.05
ChIJyW-LDELNzTERHCfwwcohxqk,99 Speedmart 1510,"No:9 &11, 1, Jalan Semenyih Impian, Taman Semenyih Impian",Semenyih,2.9917033,101.8714628,4.6,16,03-3362 6863,99 Speedmart,Tier 1,13.03
ChIJrUG4SblpzDER6EVL_mceVOw,99 Speedmart 1378 Serendah,"No: 73 & 74, Jalan Besar",Serendah,3.3655929,101.6043028,4.5,17,03-3362 6863,99 Speedmart,Tier 1,13.01
ChIJf7sHH4qvzTERGXN3MCR476A,99 Speedmart 1218 Sungai Jarom,"No: 52 (Ground Floor), Jalan Langsat 5 Kampung Sungai Jarom",Kampung Sungai Jarom,2.879887,101.4965824,3.9,27,03-3362 6863,99 Speedmart,Tier 1,13.0
ChIJUY7vWeeszTERLW_WrQ9ui_w,99 Speedmart 1612 Taman Sejati,"No: 103 & 105 (Ground Floor), Jalan Bendahara, 45, Taman Sejati, Kota Raja",Klang,3.016035,101.4726506,3.6,35,03-3362 6863,99 Speedmart,Tier 1,12.9
ChIJw5XRZA2izTERIJQnj42Eiqk,99 Speedmart 1637 Taman Bahagia Morib,"No: 50 (Ground Floor, Jalan Bahagia 2, Taman Bahagia",Banting,2.732013599999999,101.4542425,3.7,31,03-3362 6863,99 Speedmart,Tier 1,12.82
ChIJv8Qqy3o2zDERemUEIRjTf4g,99 Speedmart 1586 Pandan Perdana 2,"No: 27 & 29, Jalan Perdana 4/6, Pandan Perdana",Kuala Lumpur,3.1213906,101.7425854,3.7,31,03-3362 6863,99 Speedmart,Tier 1,12.82
ChIJaxR0ZlxPzDERUTQSR7ugAMU,"99 Speedmart 1233 Kota Damansara, Sek 4","No: 17 & 19, Jalan Camar 4/2, Seksyen 4 Kota Damansara",Petaling Jaya,3.153473,101.579147,3.5,38,03-3362 6863,99 Speedmart,Tier 1,12.82
ChIJH-q1L3JLzDERjF5GjL40PHo,99 Speedmart 1609 Taman Mawar,"No. 24 & 26, Jalan TK 5/32a, Taman Mawar",Puchong,3.065648899999999,101.6333078,3.8,28,03-3362 6863,99 Speedmart,Tier 1,12.8
ChIJ5TNeibvdzTER_N6US2dn6dw,Mini Market Of Temiang Jaya,Malaysia,"Kuala Lumpur, Petaling Jaya, Shah Alam, Klang, Subang Jaya, Cheras, Ampang, Cyberjaya, Putrajaya, Kajang, 68100 Selayang, Damansara",2.7424644,101.9501293,4.0,23,06-641 0816,Mini-mart,Tier 1,12.71
ChIJ2ZgldrZLzDERzh5oY8HXUM0,99 Speedmart 1077 Puchong Kinrara,"No.4 & 6 & 8 (Ground Floor, 5, Jalan Kinrara 4, Taman Kinrara Seksyen 5",Puchong,3.064594800000001,101.6376907,4.3,18,03-3362 6863,99 Speedmart,Tier 1,12.66
ChIJvfXHNj7LzTERwiiVej2T2GM,99 Speedmart 1286 Taman Balakong Jaya,"No: 10 & 12, Jalan Balakong Jaya 6, Taman Balakong Jaya",Balakong,3.005184,101.737,3.2,51,03-3362 6863,99 Speedmart,Tier 1,12.64
ChIJF9Ee1hg1zDER__F7lZyYOU8,99 Speedmart 1544 Taman Bukit Angsana,"No: 40 (Ground Floor, Jalan Bukit Angsana 2, Taman Bukit Angsana",Kuala Lumpur,3.062525,101.750107,4.2,19,03-3362 6863,99 Speedmart,Tier 1,12.58
ChIJ72i7YABpzDERgel9csfSf5w,Richiamo Mart Bukit Sentosa,Taman Seroja,Rawang,3.417628,101.5777657,4.2,19,,Indie mart,Tier 1,12.58
ChIJZXX8ct22zTERDGQeuIO6K1k,99 Speedmart 1780 Cyberjaya Paragon,"Menara Paragon, No: GF-11 (Ground Floor, Persiaran Bestari, Cyber 11",Cyberjaya,2.9242417,101.6371873,3.5,35,03-3362 6863,99 Speedmart,Tier 1,12.54
ChIJ04gz-XVJzDER_ypaHxE4AfA,emart24 Desa Sri Hartamas,"72-G, Jalan 27/70a, Desa Sri Hartamas",Kuala Lumpur,3.1636939,101.6506299,4.0,22,,Indie mart,Tier 1,12.54
ChIJrzsA1J1HzDER0SpT5JRjtjE,99 Speedmart 2328 Taman Koperasi Polis 2,"Ground Floor, No: 1 & 3, Jalan 13/10, Taman Koperasi Polis Fasa I",Kuala Lumpur,3.2205451,101.6955387,4.0,22,03-3362 6863,99 Speedmart,Tier 1,12.54
ChIJN-W8yyb4zDERX5AXUxXmDNY,99 Speedmart 1094 Sungai Sembilang,"No: 7 & 9 Ground Floor, Taman Kenari, Jalan Kenari 1, Kampung Sungai Sembilang",Jeram,3.19172,101.314537,3.8,26,03-3362 6863,99 Speedmart,Tier 1,12.52
ChIJBWrCF84azDERNwy3EA9JhlM,99 Speedmart 1933 (PH) Taman Anggerik Utama,"No: P9 & P10, Ground Floor, Jalan AU 2, Taman Anggerik Utama",Bentong,3.4977622,101.9230499,3.8,26,03-3362 6863,99 Speedmart,Tier 1,12.52
ChIJk21LA4XOzTERTOpZ_hBcotI,99 Speedmart 1451 Taman Semenyih Indah,"No: 2 (GF, Jalan Semenyih Indah 8, Taman Semenyih Indah",Semenyih,2.9459454,101.8342717,4.1,20,03-3362 6863,99 Speedmart,Tier 1,12.48
ChIJHe-YtKdUzDEROdzbqfR1d0o,99 Speedmart 1414 Jalan Tepi Sungai,"No: 87, Jalan Tepi Sungai",Klang,3.0477102,101.4311799,4.5,15,03-3362 6863,99 Speedmart,Tier 1,12.48
ChIJk8VnLKxLzDERQnKjLljoidE,99 Speedmart 1090 Seri Petaling,"No. 10 & 12, Jalan 1/149D, Bandar Baru Sri Petaling",Kuala Lumpur,3.067613,101.6857553,4.5,15,03-3362 6863,99 Speedmart,Tier 1,12.48
ChIJm9xDLYQ1zDERTzGy-2gvtHw,99 Speedmart 2860 Pangsapuri Azalea,"No: 04-1 (Ground Floor, Pangsapuri Azalea, Persiaran Bukit Sungai Long 1",Kajang,3.0360833,101.7948478,4.4,16,03-3362 6863,99 Speedmart,Tier 1,12.47
ChIJSbDU_iezzTERLuT-XTBT-Pc,99 Speedmart 1206 Kota Kemuning 2,"No.2, Jalan Anggerik Vanilla AD 31/AD, Kota Kemuning, Seksyen 31",Shah Alam,3.0055791,101.5354368,3.7,28,03-3362 6863,99 Speedmart,Tier 1,12.46
ChIJfcW1feVdzDER-1mi3p3My1g,RisSMart 24 Tasik Puteri,"R-G-123A, Tingkat Bawah, Jalan 7A/3, Bandar Tasik Puteri",Rawang,3.2826742,101.4728567,4.6,14,03-4815 7229,Indie mart,Tier 1,12.46
ChIJIRdJZHJpzDERxAdYjt4v9Kg,99 Speedmart,"Perniagaan, No: 3 & 5 (Ground Floor), Jalan Trompet 2, Jalan Terompet, Bukit Beruntung",Rawang,3.4190512,101.5701308,4.6,14,03-3362 6863,99 Speedmart,Tier 1,12.46
ChIJzWHQPo0FzDER2rjnJjfc0Pw,99 Speedmart 1739 (PH) Taman Gemilang,"No: P14A (Ground Floor, Jalan Tras, Taman Gemilang, Batu 1",Bentong,3.5391779,101.9004379,3.4,37,03-3362 6863,99 Speedmart,Tier 1,12.37
ChIJIdkAKYDNzTERb3mYrqRXggM,99 Speedmart 1466 Kajang Utama 2,"No : 11 & 13, Block N, Jln Seksyen 3/12, Tmn, Taman Kajang Utama",Kajang,2.9750412,101.8010052,4.0,21,03-3362 6863,99 Speedmart,Tier 1,12.36
ChIJu77fEmMFzDERd3YMc5efHN4,99 Speedmart 2257 (PH) PP Bentong Prima,"Ground Floor, No: P69, Jalan Prima 1, Pusat Komersial Bentong Prima",Bentong,3.5151389,101.9136667,4.4,15,03-3362 6863,99 Speedmart,Tier 1,12.2
ChIJH7Mqj6BzzDERCM4skp5p3BU,99 Speedmart 1663 Kuala Kubu Bharu,"Ground Floor, No: 47, Jalan Mat Kilau",Kuala Kubu Baru,3.5642639,101.6602585,4.4,15,03-3362 6863,99 Speedmart,Tier 1,12.2
ChIJOevQ7_FTzDERAxfKPfQFR0o,99 Speedmart 1060 Setia Alam 1,"No. 9-1-2 & 7-1-1, Jalan Setia Prima R U13/R, Setia Alam Sek, U13 Shah Alam",Shah Alam,3.1006567,101.4442772,3.7,26,03-3362 6863,99 Speedmart,Tier 1,12.19
ChIJn0b3xlVPzDERz33yigcnmFU,Econsave Seksyen U5 - Pasar Ekonomi Mart,"No 23 & 25 Jalan Zuhrah BH U5/BH, Seksyen U5, Taman Subang Murni",Shah Alam,3.162557300000001,101.5443203,3.7,26,03-5879 1031,Indie mart,Tier 1,12.19
ChIJC71k8FdFzDERQ_2i7rnLs8s,"KK Super Mart Damansara Damai, Apt. Harmoni (DDH)","Blok A, A-G-01, Apartment Harmoni, Jalan PJU 10/4c, Damansara Damai",Petaling Jaya,3.1962427,101.5847264,3.7,26,016-228 1822,KK Mart,Tier 1,12.19
ChIJlYshvKZbzDERbJGIuX0Xu34,99 Speedmart 1726 Seri Coalfields,"Ground Floor, Bandar Seri Coalfields, No 22A & 26, Jalan BSC 2B/2, Presint 2",Sungai Buloh,3.2466389,101.4748333,4.3,16,03-3362 6863,99 Speedmart,Tier 1,12.18
ChIJV4bch-9CzDERi4JnhE50twA,99 Speedmart Kota 2024 Emerald,"No: 1 (Ground Floor, Jalan KE 5/2, Kota Emerald",Rawang,3.3207538,101.5566947,4.0,20,03-3362 6863,99 Speedmart,Tier 1,12.18
ChIJ7z_hT0JWzDERkkhB8QeBdZY,KK SUPER MART Jalan Besar Kapar (JBK),"151, Jalan Besar, Pekan Kapar",Kapar,3.1375681,101.3740867,3.3,39,016-330 8145,KK Mart,Tier 1,12.17
ChIJuURTpK-3zTERX2zrynSD2gw,emart24 Tamarind Square,"B.01, 01, Tamarind Building Road",Cyberjaya,2.920755799999999,101.6372214,2.2,251,,Indie mart,Tier 1,12.16
ChIJq04H0a1NzDERwStxNmtBXk8,KK Super Mart (SAU8),"No2G, Suria Jelutong, 1, Jalan Bazar U8/99, Bukit Jelutong",Shah Alam,3.097778,101.5398533,3.5,31,010-217 6308,KK Mart,Tier 1,12.13
ChIJoWhfI_g1zDER-gNs9u-quCs,99 Speedmart 1315 Bandar Sri Permaisuri 2,"No: 3 & 5(G, Jalan Sri Permaisuri 8, Bandar Sri Permaisuri",Cheras,3.1026157,101.7085899,3.5,31,03-3362 6863,99 Speedmart,Tier 1,12.13
ChIJccLnoPdGzDERqBCz4ZUT7Q8,99 Speedmart 1400 Taman Intan Baiduri,"No: 28 & 30 (GF), Jalan 1/1B Taman Intan Baiduri, Kepong",Kuala Lumpur,3.233174,101.648178,3.5,31,03-3362 6863,99 Speedmart,Tier 1,12.13
ChIJcU97gn6yzTERTCj1GCWB7x8,99 Speedmart 1410 Kota Kemuning 3,"No: 31, Jalan AU 31/AU, Kota Kemuning, Seksyen 31",Shah Alam,2.993439,101.530304,3.6,28,03-3362 6863,99 Speedmart,Tier 1,12.12
ChIJR1Ty9QxJzDER4SDGb-E_4hI,99 Speedmart 1605 Taman Sri Bintang,"No: 25, Jalan 3/36, Bukit Seri Bintang",Kuala Lumpur,3.1882748,101.6420501,3.4,34,03-3362 6863,99 Speedmart,Tier 1,12.09
ChIJdWahq6T1zDERo47w5X-VCRM,emart24 Kuala Selangor,"1, Jalan Bendahara 1/2, Taman Bendahara",Kuala Selangor,3.3203674,101.2686811,3.4,34,,Indie mart,Tier 1,12.09
ChIJUz4ow4JJzDER0YM50XnB-iQ,"KK SUPER MART Vistana Hotel, Jalan Lumut (VJL)","No. 56, Kompleks Damai, Jalan Raja Laut",Kuala Lumpur,3.1710396,101.6957771,3.8,23,010-230 8410,KK Mart,Tier 1,12.08
ChIJv3mtSQ2pzTERZ8RqcseOfNs,Kedai Runcit Sivarajan (Rajah),"Kedai barang runcit Div, 4, Sungai Petani, Ladang Barat",Pulau Carey,2.9044555,101.3519086,4.7,12,,Kedai runcit,Tier 1,12.06
ChIJLyx42SHPzTERTVOAsfPRwwU,99 Speedmart 1327 Bandar Rinching,"Sek 4, No: 30 & 32 & 34, Jalan 4/1, Bandar Rinching Seksyen 1",Semenyih,2.9326925,101.8489648,3.7,25,03-3362 6863,99 Speedmart,Tier 1,12.05
ChIJweedkPFMzDERR9bdsCMjUzg,99 Speedmart 1424 Subang Jaya SS14,"No: 113, Jalan SS 14/1, Subang Jaya",Petaling Jaya,3.066168499999999,101.586401,3.7,25,03-3362 6863,99 Speedmart,Tier 1,12.05
ChIJuZpDn4xUzDEREIkT_Isn904,99 Speedmart 1034 Rantau Panjang,"5559 & 5561, Ground Floor, Jln Rantau Panjang/KU4, Kampung Rantau Panjang, Batu 4",Klang,3.0706328,101.4123158,3.5,30,03-3362 6863,99 Speedmart,Tier 1,12.02
ChIJwbl3bADpzTERh8CzYuFVs64,Vani Rani Grocery,PR29+RC,"Kuala Lumpur, Petaling Jaya, Shah Alam, Klang, Subang Jaya, Cheras, Ampang, Cyberjaya, Putrajaya, Kajang, 68100 Selayang, Damansara",2.702067399999999,101.8185075,5.0,10,011-2111 9800,Sundry/grocer,Tier 1,11.99
ChIJobed2uCtzTER3kkzce_BKHY,Biiggiie Mart- Taman Klang Ria,"38-P, Jalan Tengku Badri Shah 1, Taman Klang Ria",Klang,3.0063989,101.4629425,5.0,10,010-257 4232,Indie mart,Tier 1,11.99
ChIJT-_dsHCvzTERR1CIZRiquL4,99 Speedmart 1087,"No.43, 75 & 77, Jalan Besar, Pekan Telok",Telok Panglima Garang,2.9085851,101.4669023,4.4,14,03-3362 6863,99 Speedmart,Tier 1,11.92
ChIJd8XzxaO1zTER-6vM2KVOoeY,99 Speedmart 2324 Lestari Perdana 2,"Ground Floor, No: 2 & 4, Jalan LP 7/5, Lestari Perdana",Seri Kembangan,3.0068823,101.6668542,4.4,14,03-3362 6863,99 Speedmart,Tier 1,11.92
ChIJ56gHVABLzDERFy49KHIQEBc,MYDIN MART TAMAN KINRARA,"No.14161820 & 22, Jalan TK 4/5, Taman Kinrara Seksyen 4",Puchong,3.0648699,101.6376796,4.3,15,,Indie mart,Tier 1,11.92
ChIJM6_mg3RFzDERokJd4k_tTk8,99 Speedmart 1177 Bandar Baru Sungai Buloh,"No: 2375 & 2376, Jalan 1a/1, Bandar Baru Sungai Buloh",Sungai Buloh,3.2102037,101.5648842,3.3,36,03-3362 6863,99 Speedmart,Tier 1,11.92
ChIJwdBTFBzMzTEReH-5BZ7rq-w,99 Speedmart 1876 Bandar Teknologi Kajang 2,"Ground Floor, No: 6 & 8, Jalan 5/4, Seksyen 5 Bandar Teknologi Kajang",Semenyih,2.9577982,101.813739,3.7,24,03-3362 6863,99 Speedmart,Tier 1,11.91
ChIJBTjWzMFLzDERg6bkxy28A7o,99 Speedmart 2059 Taman Paik Siong,"No: 14444-A & 14444-B (Ground Floor), Jalan Puchong BT 7 1, 2, Taman Paik Siong",Puchong,3.062082299999999,101.6465815,3.5,29,03-3362 6863,99 Speedmart,Tier 1,11.9
ChIJk6snzdtJzDERO855qrFKl4A,BilaBila Mart - Seni Mont Kiara,"LG3-2, Seni, Changkat Duta Kiara, Mont Kiara",Kuala Lumpur,3.1706239,101.6592809,4.5,13,,Indie mart,Tier 1,11.88
ChIJSSRECppHzDERBESW46DP-nc,99 Speedmart 1443 Taman Koperasi Polis,"No: 5 & 7 (GF), Koperasi Business Centre, Jalan 56/10, Taman Koperasi Polis Fasa Ii",Batu Caves,3.2205135,101.6909539,3.6,26,03-3362 6863,99 Speedmart,Tier 1,11.87
ChIJK1mlooyuzTERN6gC0qeivvc,99 Speedmart 1770 Telok Panglima Garang 3,"Ground Floor, No: 107 & 109, Jalan Wira 2, Taman Perwira",Telok Panglima Garang,2.939061,101.4731388,3.0,51,03-3362 6863,99 Speedmart,Tier 1,11.85
ChIJz4l5ZADJzTERsUKbVuOoxGo,"emart24 Bandar Seri Putra, Bangi","1, Jalan Seri Putra 1/6, Bandar Seri Putra",Kajang,2.886417100000001,101.7901554,3.0,50,,Indie mart,Tier 1,11.8
ChIJydTUOe9JzDER-VWfH20vncw,BilaBila Mart - Chambers KL,"Unit 1-03, Residensi Kamar Putra (Chambers Residence, 2A, Jalan Ipoh Kecil",Kuala Lumpur,3.167551,101.69576,4.6,12,,Indie mart,Tier 1,11.8
ChIJ_5C_SMq_zTERR-M2U7f2jOg,emart24 KLIA Terminal 2,"Kuala Lumpur International Airport, KLIA2 Arrival Lane",Sepang,2.7444058,101.6860248,3.5,28,,Indie mart,Tier 1,11.79
ChIJj-eNZ-e2zTERqvvmc6yNZmk,NZ Mart,Cyberjaya,"Kuala Lumpur, Petaling Jaya, Shah Alam, Klang, Subang Jaya, Cheras, Ampang, Cyberjaya, Putrajaya, Kajang, 68100 Selayang, Damansara",2.9225716,101.6391351,3.7,23,03-8319 6786,Indie mart,Tier 1,11.76
ChIJn3eYLcS3zTERxSEBGtdfi3w,99 Speedmart 1247,"T.001-U.01, No:, 1, Jalan P9e/1",Presint 9,2.940834,101.674934,3.7,23,03-3362 6863,99 Speedmart,Tier 1,11.76
ChIJ0VJPyBRGzDER4lBc-vGEJP0,KK SUPER MART Taman Kepong (KTK),"45, Jalan Development, Taman Kepong",Kuala Lumpur,3.2105542,101.6333846,3.6,25,016-709 3308,KK Mart,Tier 1,11.73
ChIJu3lHc52szTERljaVw49neyE,KK SUPER MART Bukit Tinggi (BTG),"32A-0, Lorong Batu Nilam 3c, Bandar Bukit Tinggi 1",Klang,3.008917,101.4352699,3.2,38,016-330 8149,KK Mart,Tier 1,11.72
ChIJs-HJ2HbdzTERamV8OWR18R4,99 Speedmart 2277 (NS) Bandar Baru Ampangan,"No: 2 (Ground Floor, Jalan Ampangan, Bandar Baru Ampangan",Seremban,2.7241497,101.9638203,3.9,19,03-3362 6863,99 Speedmart,Tier 1,11.68
ChIJN_7RTxexzTERRq3f9rAO-nc,99 Speedmart 1370 Taman Saujana Putra,"No: 18 & 20, Jalan SPU 2, Taman Saujana Putra",Jenjarom,2.9517061,101.5822816,3.9,19,03-3362 6863,99 Speedmart,Tier 1,11.68
ChIJNyVSvTc3zDER6SAF67vl0EQ,emart24 Ampang Point,"No. 86G, Ampang Point, Lorong Memanda 1, Taman Dato Ahmad Razali",Ampang,3.1589659,101.7508298,2.5,106,,Indie mart,Tier 1,11.68
ChIJm483ChtbzDERiwbhTtw508Y,99 Speedmart 1258 Desa Coalfields,"No: 60, Block B, Jalan DC 4/3, Desa Coalfields",Sungai Buloh,3.2339979,101.4908899,3.9,19,03-3362 6863,99 Speedmart,Tier 1,11.68
ChIJAfV7gFazzTERmN9x8WyrkY0,emart24 Kota Kemuning,"GROUND FLOOR, 21-1, Jalan Anggerik Vanilla BE 31/BE, Kota Kemuning",Shah Alam,3.004276200000001,101.537016,2.7,74,,Indie mart,Tier 1,11.66
ChIJt_KHUIlTzDERvdJLitzWLPE,RisSMart 24 Seksyen 7,"21, Jalan Plumbum R7/R, Seksyen 7",Shah Alam,3.067987,101.48926,4.2,15,,Indie mart,Tier 1,11.64
ChIJK9PiMEytzTERJl5B3OBXrDU,99 Speedmart 1035 Bandar Puteri,"39, Lorong Sanggul 1a, Bandar Puteri",Klang,2.988229,101.4677899,4.1,16,03-3362 6863,99 Speedmart,Tier 1,11.62
ChIJ1XO6e4GzzTER7HPawdWP_J0,99 Speedmart 2747 Geo Bukit Rimau,"No SH-G-02 & SH-G-03 (Ground Floor Pangsapuri Perkhimatan Knox Wawasan Jalan Sungai Burung 32/68 Bukit Rimau, Seksyen 32",Shah Alam,3.0003234,101.5276999,4.4,13,03-3362 6863,99 Speedmart,Tier 1,11.61
ChIJwaIMcQ3IzTERm4bUtt3TrVM,99 Speedmart 1782 Taman Warisan Putra Kg Jenderam Hilir,"No: 6 (Ground Floor, Jalan Warisan Putra 1, Taman Warisan Putra",Dengkil,2.88527,101.7272423,3.6,24,03-3362 6863,99 Speedmart,Tier 1,11.59
ChIJsceT7_6xzTEReoqZ4ghtkxQ,Friendly Mart Bandar Saujana Putra,"S-G-19, BSP21 Persiaran Bandar Saujana Putra Utama, Bandar Saujana Putra",Jenjarom,2.943783,101.588636,4.5,12,016-909 8411,Indie mart,Tier 1,11.54
ChIJsTWP7dZHzDERh8BGewg4TfQ,99 Speedmart 1456 Metro Prima,"No: 48 (Ground Floor), Vista Magna (BLOCK D), Jalan Prima, OFF, Jalan Kepong",Kuala Lumpur,3.2128421,101.6431988,3.5,26,03-3362 6863,99 Speedmart,Tier 1,11.54
ChIJA-r5sO_LzTEReOIvT04-JWA,KTDI MART,"KTDI MART, Kolej Tun Dr Ismail",Seri Kembangan,2.9928467,101.7076123,5.0,9,010-980 1006,Indie mart,Tier 1,11.51
ChIJl1b3Lf80zDERTl1_QuqIkRs,99 Speedmart 1674 Taman Cheras Mas,"No: 10 & 12 (Ground Floor), Jalan Mas, 6, Jalan Mas 6, Taman Cheras Mas",Cheras,3.0703844,101.7576933,5.0,9,03-3362 6863,99 Speedmart,Tier 1,11.51
ChIJbbBPyulgzDERBOPmTP0F9qQ,Seng Mini Market PLT,"NO. 13, 13A & 15, Jalan Berjuntai 3",Bestari Jaya,3.379045,101.4099893,5.0,9,03-3271 9432,Mini-mart,Tier 1,11.51
ChIJw7fokzITzDERxlEd5bw5YNw,"KK Super Mart Genting, Golden Hills Resort ( GHR )","No.3A117, Golden Hills Resort, Jalan Ion Delemen",Genting Highlands,3.430134,101.7892176,3.9,18,,KK Mart,Tier 1,11.48
ChIJS6LZ67dCzDERlOIJMuaKNNs,99 Speedmart 1496 Bandar Country Homes 2,"No: 37 & 39 (Ground Floor), Jalan Desa 9/6, Bdr, Bandar Country Homes",Rawang,3.3315779,101.5350224,3.7,21,03-3362 6863,99 Speedmart,Tier 1,11.44
ChIJ-bV69xFHzDEROB4eAjFyf6Y,99 Speedmart 1160 Kepong Baru 1,"NO: 17 & 19, Jalan Ambong Kiri 2, Kepong Baru",Kuala Lumpur,3.2101009,101.6473627,3.0,44,03-3362 6863,99 Speedmart,Tier 1,11.42
ChIJq4Lkdjg3zDERSpXDaU0Rlrc,99 Speedmart 1420 Ampang Mulia,"No: 5, Jalan Mulia 4/1, Taman Mulia Jaya",Ampang,3.133114,101.789925,3.5,25,03-3362 6863,99 Speedmart,Tier 1,11.4
ChIJ95nh8ClPzDERqwe5JIjPy9k,99 Speedmart 1037 Subang U5 (1),"15-17, Jalan Uranus AG U5/AG, Section U5",Shah Alam,3.1671329,101.5338165,4.1,15,03-3362 6863,99 Speedmart,Tier 1,11.37
ChIJUy88T0NFzDERXuOma6Ru1A4,99 Speedmart 1606 Taman Sri Buloh,"No: 1 & 3, Jalan U19/1, Taman Sri Buloh, Seksyen, U 19",Shah Alam,3.20311,101.5428999,3.6,22,03-3362 6863,99 Speedmart,Tier 1,11.29
ChIJ577YAlPLzTERDsHtJSwT_zo,99 Speedmart 1482 Taman Saga Emas,"No: 1A & 2A (GF, Jalan Saga Emas 8A, Taman Saga Emas",Kajang,2.997754100000001,101.7977951,3.5,24,03-3362 6863,99 Speedmart,Tier 1,11.27
ChIJeVKyThIHzTERpdSORhSQ0gM,99 Speedmart 2474 Pulau Indah 2,"Ground Floor, Selatan, No:124 & 125, Persiaran Masjid Sultan, Kampung Sungai Pinang",Pulau Indah,2.950496,101.3349768,3.7,20,03-3362 6863,99 Speedmart,Tier 1,11.26
ChIJ8UOb-WE5zDERkIZ81OAVx-c,99 Speedmart 2133 Taman Melawati 2,"Ground Floor, No: 9158 & 9159, Jalan Bandar 4",Taman Melawati,3.2118056,101.7516111,3.6,21,03-3362 6863,99 Speedmart,Tier 1,11.13
ChIJ5QyN05C1zTERoWCiUEbyEcI,99 Speedmart 1157 Bandar Puchong Utama 1,"101, Jalan Bpu 2, Bandar Puchong Utama",Puchong,2.9960126,101.6217577,4.0,15,03-3362 6863,99 Speedmart,Tier 1,11.09
ChIJ4-_yg4lHzDERvsFRASDoSu4,99 Speedmart 1237 Taman Indah Perdana,"2 & 4, Jalan Perdana 5, Taman Indah Perdana",Kuala Lumpur,3.219578,101.637383,4.0,15,03-3362 6863,99 Speedmart,Tier 1,11.09
ChIJZwpLL2zLzTEROL-4rQ0FykA,99 Speedmart 1193 Jalan Taming Permai,"No.1, 2 & 3-2, Jalan Taming Permai 1, Taman Taming Jaya",Seri Kembangan,3.023902,101.731384,3.7,19,03-3362 6863,99 Speedmart,Tier 1,11.08
ChIJ6SrrskFHzDERGVY0t0EjfmM,99 Speedmart 1622 Taman Gombak Permai,"No: 6&7 (Ground Floor), Jalan GP2, Taman Gombak Permai",Batu Caves,3.2518,101.6867904,3.7,19,03-3362 6863,99 Speedmart,Tier 1,11.08
ChIJ-fuaXHcFzDERV_a8oZTCQKE,GM SPEEDMART,"69, Lebuhraya Kuala Lumpur - Gua Musang, Taman Bentung Jaya",Bentong,3.5400971,101.9010899,3.7,19,09-222 9786,Indie mart,Tier 1,11.08
ChIJo_632BLnzTERcvYbRTHiLVs,99 Speedmart 1355 Tmn Bkt Blossom,"No:1003 LOT 13453, Bukit Blossom Rasah",Seremban,2.697814,101.949265,3.9,16,03-3362 6863,99 Speedmart,Tier 1,11.05
ChIJD9Zdlk4VzDEREAmOWYIch-0,BilaBila Mart - Windmill Upon Hills,"L1 Resident Lobby, Windmill Upon Hills, Jalan Genting Permai Genting Highlands",Bentong,3.3849816,101.7764763,4.8,9,,Indie mart,Tier 1,11.05
ChIJoS_0avu2zTERnhHI6oc5hMA,Al Yemen Mini Mart,"CBD Perdana, 4800-0-6, Jalan Perdana, Cyber 12",Cyberjaya,2.9228989,101.6513165,4.3,12,03-4031 9894,Mini-mart,Tier 1,11.03
ChIJES53SZlJzDERwYL1W3yvBjM,BilaBila Mart - Akasa Residence,"NO. 17-1, Kompleks Komersil Akasa, Jalan Akasa, Akasa Cheras Selatan",Seri Kembangan,3.0260177,101.7540061,4.3,12,,Indie mart,Tier 1,11.03
ChIJi1Fj4O1PzDERJk8JKso2h3Q,99 Speedmart 1761 Subang Bestari 2,"No 12 & 14 (Single Storey, Jalan Nova P U5/P, Subang Bestari",Shah Alam,3.1815701,101.5420865,4.3,12,03-3362 6863,99 Speedmart,Tier 1,11.03
ChIJfSGQzGlJzDERl9HuC-jRJIQ,99 Speedmart 1245 Desa Sri Hartamas,"Ground Floor, No: 9 & 11, Jalan 26a/70a, Desa Sri Hartamas",Kuala Lumpur,3.1611653,101.6501899,3.3,27,03-3362 6863,99 Speedmart,Tier 1,11.0
ChIJF_kzf-xHzDER8TAae20uOFQ,99 Speedmart 1865 Maxim Citylights Sentul,"No: S-G-03 (Ground Floor), Maxim Citylights Sentul, No:, 25, Jalan Sentul Pasar, Setapak",Kuala Lumpur,3.2076993,101.6898597,3.2,30,03-3362 6863,99 Speedmart,Tier 1,10.99
ChIJAV-X_tI3zDERAZ7F-vG9KZo,BilaBila Mart - Neu Suites,"A-G-3A, Ground Floor, Tower 1, 3rdNvenue, Jalan Nipah",Kuala Lumpur,3.1621424,101.7373477,3.5,22,,Indie mart,Tier 1,10.97
ChIJy_Y_d3M3zDERU7RgG1u0inw,99 Speedmart 1699 Taman Ampang,"Ground Floor, No: 12 & 14, Jalan 13b, Tmn Ampang",Ampang,3.1568531,101.7583076,3.6,20,03-3362 6863,99 Speedmart,Tier 1,10.96
ChIJ3el2VD9ZzDERQEQCanknS1I,99 Speedmart 1259 Bandar Puncak Alam 2,"No: 27 & 29, Lorong Naluri Sukma B 8/B, Seksyen 8 Bandar Puncak Alam",Kuala Selangor,3.229112,101.426712,3.6,20,03-3362 6863,99 Speedmart,Tier 1,10.96
ChIJnSC7gJ2yzTERjMvLEiay5eg,99 Speedmart 1361 Kemuning Utama,"No: 2 & 4, Jalan Kemuning Indah S32/S, Seksyen 32",Shah Alam,3.0086239,101.5250443,3.1,33,03-3362 6863,99 Speedmart,Tier 1,10.93
ChIJG9Vp2IazzTER6CVRae8do3g,99 Speedmart 1155 Sri Muda 2,"No.2, Jalan D 25/D, Taman Perindustrian Axis, Seksyen 25",Shah Alam,3.0257509,101.5423721,3.7,18,03-3362 6863,99 Speedmart,Tier 1,10.89
ChIJo8gZQ8pHzDER6a8vl8Wi_NY,99 Speedmart 2019 Selayang Heights,"No: A-G-3 & A-G-3A (Ground Floor), Jalan SH 1/1A, Selayang Heights",Batu Caves,3.2662,101.6519422,3.7,18,03-3362 6863,99 Speedmart,Tier 1,10.89
ChIJc0tCJdG3zTERvZbeEdEXFzk,Quick Mart Tamarind,"FR-04-10, Tamarind Suites, Persiaran Multimedia",Cyberjaya,2.9188241,101.6363733,4.0,14,,Indie mart,Tier 1,10.83
ChIJIcVzpEm3zTERdVR5qnuBrj8,99 Speedmart 2356 Masreca 19 Cyberjaya,"No: 46 & 47 (Ground Floor), Jalan 19/1, Masreca, 19, Persiaran Rimba Permai, Cyber 10",Cyberjaya,2.901138699999999,101.6310168,3.4,23,03-3362 6863,99 Speedmart,Tier 1,10.81
ChIJX96vLp9VzDERTxJ-dtrMHFE,99 Speedmart 1566 Taman Pinang Raja,"Ground Floor, No: 4 & 6, Jalan Bakti 11A/KU03, Taman Pinang Raja",Klang,3.064564099999999,101.4242341,3.9,15,03-3362 6863,99 Speedmart,Tier 1,10.81
ChIJAfd1MNSdzjERyz4QDNd3mlU,99 Speedmart 2221 (PH) Kampung Manchis,"No: 13 & 14 (Ground Floor), Jalan Besar Manchis Kampung, Manchis",Bentong,3.2026667,102.1633333,3.9,15,03-3362 6863,99 Speedmart,Tier 1,10.81
ChIJLU0joBmtzTERSd8nSdweWwY,99 Speedmart 1017 Kampung Jawa,"7695-7697, Jalan Teluk Batu 1, Bt.4 1, 2, Jalan Kebun",Klang,3.012322600000001,101.4881231,4.5,10,03-3362 6863,99 Speedmart,Tier 1,10.79
ChIJmWYrLDfLzTER3218LSD7raM,99 Speedmart 2390 Taman Impian Ehsan 2,"Ground Floor, No: 15 & 17, Jalan Cengal 4, Taman Impian Ehsan",Seri Kembangan,3.019403000000001,101.7528758,4.5,10,03-3362 6863,99 Speedmart,Tier 1,10.79
ChIJYyW4jS1BzDERLwUW1186RWM,99 Speedmart 1713 Dataran Amansiara,"Ground Floor, No: 1-1 & 2-1, Jalan Amansiara BP1, Dataran Amansiara",Rawang,3.2736389,101.6505,3.6,19,03-3362 6863,99 Speedmart,Tier 1,10.78
ChIJScRKGQ2tzTERodWBtZge5f8,99 Speedmart 1182 Shah Alam Sek 34,"No.67 & 69 (Ground Floor, Jalan B 34/B, Seksyen 34",Shah Alam,3.0040553,101.5003746,4.2,12,03-3362 6863,99 Speedmart,Tier 1,10.77
ChIJKb5BIVi1zTERhjGsp1Jgxl8,99 Speedmart 1351 Kg Baru Seri Kembangan,"No: 1260, Jalan SK 10/4",Seri Kembangan,3.023138,101.7052536,3.3,25,03-3362 6863,99 Speedmart,Tier 1,10.75
ChIJf4qRsM05zDERB1Mtu-v5WKY,99 Speedmart 1994 Lembah Keramat,"Ground Floor, No : 4 & 6, Jalan AU 5c/14, Hulu Kelang",Ampang,3.201915,101.7561212,3.3,25,03-3362 6863,99 Speedmart,Tier 1,10.75
ChIJ6SRwuf21zTER7UndSd83Lu0,99 Speedmart 2555 Kampung Baru Seri Kembangan 2,"Ground Floor, No : 5 & 7, Jalan Aman SK 13/15A, Kampung Baru Seri Kembangan",Seri Kembangan,3.0251981,101.698978,4.3,11,03-3362 6863,99 Speedmart,Tier 1,10.69
ChIJkXt6QjhNzDERb-9P9Si9KoE,99 Speedmart 1054 Shah Alam Sek 23,"93 Tingkat, No.89 & 91 (Ground Floor, 2, Jalan Pelabur B 23/B, Seksyen 23",Shah Alam,3.047477,101.527344,3.7,17,03-3362 6863,99 Speedmart,Tier 1,10.69
ChIJSQ7TTplLzDERPjewA-mGuV8,"99 Speedmart 1131 PJ, Sec 11","No: 17, Jalan Bukit 11/2, Section 11",Petaling Jaya,3.110555,101.6455,3.7,17,03-3362 6863,99 Speedmart,Tier 1,10.69
ChIJv6DpooRIzDERfUzN9xWQK0Q,99 Speedmart 1787 Taman Sri Sinar 2,"No: 1(Ground Floor, Jalan 20/38a, Taman Sri Sinar",Kuala Lumpur,3.1858964,101.6512016,3.5,20,03-3362 6863,99 Speedmart,Tier 1,10.66
ChIJyWLl6i1KzDER9xv5-BOYkU4,KK Super Mart Pantai Dalam (PD),"No.7, Jalan Pantai Murni 6, Off, Jalan Pantai Murni 2",Kuala Lumpur,3.103721999999999,101.6657542,3.3,24,016-330 8367,KK Mart,Tier 1,10.62
ChIJpRizj2RczDER5LJDAk0Kcz4,99 Speedmart 1390 Bandar Tasik Puteri 2,"67-G-A & 67-G-B & 67, 1-B, Jalan 7A/3, Bandar Tasik Puteri",Rawang,3.284207,101.472839,3.3,24,03-3362 6863,99 Speedmart,Tier 1,10.62
ChIJk1AYKptZzDER7TVNvQ3T830,"emart24 Astana Alam, Puncak Alam","11-G, Pusat Niaga Astana Alam 3 Blok Baiduri Jalan Astana E 13/E, Puncak Alam 42300",Puncak Alam,3.2458048,101.4270221,2.3,100,,Indie mart,Tier 1,10.61
ChIJp-9Zu3PHzTERH6TEQhC2-ek,D1 Mart 1号店,"Starz Valley Nilai, Lk1-G-05, Starz Valley Laman Komersil Areca Putra Nilai",Nilai,2.8117495,101.7575321,4.6,9,012-608 9583,Indie mart,Tier 1,10.59
ChIJ9-AWKIZNzDER9mGzAd0zXPw,BilaBila Mart - AraTre' Residences,"G Floor, AraTre’ Residences, Residensi D15, Mini Market, Jalan PJU 1a/46",Petaling Jaya,3.1121883,101.5833233,4.6,9,03-6414 6893,Indie mart,Tier 1,10.59
ChIJZ033erVzzjERrya2p9H9lcQ,99 Speedmart 2013 (NS) Tanjong Ipoh,"PT 1533 & 1534 (Ground Floor), Pekan",Tanjung Ipoh,2.740726,102.1843261,3.9,14,03-3362 6863,99 Speedmart,Tier 1,10.56
ChIJg7S0TR61zTERwyTEfAZZN_c,99 Speedmart 1727 Pusat Perdagangan Seri Kembangan (PPSK),"Ground Floor, 21, Jalan PSK 1, Pusat Perdagangan Seri Kembangan",Seri Kembangan,3.0144051,101.6974542,3.9,14,03-3362 6863,99 Speedmart,Tier 1,10.56
ChIJYyc6Rb_3zDER9cfwHyNdbDo,99 Speedmart 1696 Taman Selangat Jeram,"17 & 19, Jalan 1, Taman Selangat, Jalan Sasaran, Sungai Buloh",Jeram,3.2611664,101.3096684,3.9,14,03-3362 6863,99 Speedmart,Tier 1,10.56
ChIJn-siOFdTzDERw9_TtMm61-s,99 Speedmart 2944 Jalan Tepi Sungai 2,"No: 227 & 229 (Ground Floor, Jalan Tepi Sungai",Klang,3.0468054,101.4390732,4.8,8,03-3362 6863,99 Speedmart,Tier 1,10.55
ChIJ_QBu6CRdzDERdPIMUlWAjwk,99 Speedmart 1793 M Avenue Rawang,"No: 41(Ground Floor), Jalan MR ¼, Taman M-Residensi 48020",Rawang,3.3198084,101.5097961,4.4,10,03-3362 6863,99 Speedmart,Tier 1,10.55
ChIJ91MjiBdLzDERV4htVJ6_K_4,99 Speedmart 1551 Bandar Kinrara 1,"No: 3 & 5, Jalan BK 1/8, Bandar Kinrara",Puchong,3.055197199999999,101.6499465,3.8,15,03-3362 6863,99 Speedmart,Tier 1,10.54
ChIJZ4sV47npzTERz5ygmZw1CL0,99 Speedmart 1954 (NS) Nusari Biz,"No: 1780 Ground Floor, Nusari Biz, Jalan Nusari Bayu 7/2, Bandar Sri Sendayan",Seremban,2.668676499999999,101.8753091,4.1,12,03-3362 6863,99 Speedmart,Tier 1,10.52
ChIJPTZSdSpVzDERPSTRNLidRsA,99 Speedmart 1412 Batu Belah,"N0: 18 & 20, Jalan Indah 1, OFF, Jalan Sungai Putus",Klang,3.072318399999999,101.430793,3.5,19,03-3362 6863,99 Speedmart,Tier 1,10.49
ChIJVdTa1EzBzTERjDtC9NieHa8,99 Speedmart 1708 (NS) Pusat Niaga KLIA,"C-27 (Ground Floor, Jalan Pusat Niaga Klia 1, Kompleks Perumahan KLIA",Nilai,2.770474699999999,101.7637254,3.7,16,03-3362 6863,99 Speedmart,Tier 1,10.48
ChIJtyTmCXBNzDER5dWAIK7dhGA,99 Speedmart 1393 Kelana Jaya,"No: 5-G1-G2, Jalan PJU 1a/4a",Petaling Jaya,3.110946,101.590294,3.7,16,03-3362 6863,99 Speedmart,Tier 1,10.48
ChIJy1ZLbPdNzDERpTH5H85xeJA,99 Speedmart 1604 Bukit Jelutong 3,"D'Bayu, No: 18, Jalan Serambi U8/24, Bukit Jelutong",Shah Alam,3.1032962,101.5285591,4.2,11,03-3362 6863,99 Speedmart,Tier 1,10.44
ChIJtTUtouZFzDERHzTNSeHsF1Q,KK SUPER MART Kepong Industrial Park (KIP),"3, Persiaran Kip 2, Taman Perindustrian Kip",Kepong,3.2069458,101.6088297,3.1,28,016-330 8246,KK Mart,Tier 1,10.44
ChIJSZyesrBpzDERG1FprOq3t_Y,Pasar Mini 3099,"No.29, JALAN MAWAR 2A/1 PRIMA BERUNTUNG, Bukit Beruntung",Rawang,3.4030177,101.5431613,4.2,11,,Mini-mart,Tier 1,10.44
ChIJ2ejg_QCtzTERTfkAH3kogXw,99 Speedmart 1758 Sentosa Hulubalang,"Ground Floor, Fasa Dinasti, No 243, Jalan Hulubalang 28, Taman Sentosa",Klang,2.9984477,101.4835493,3.6,17,03-3362 6863,99 Speedmart,Tier 1,10.41
ChIJ4_UyC3vnzTER8v2SALoxkbs,JUG MART,"707G, Jalan Merak 16, Taman Thivy Jaya",Seremban,2.6883817,101.9426872,5.0,7,06-631 9706,Indie mart,Tier 1,10.4
ChIJcVTWcrTFzTERUiYVyW4uZDM,Zeal Mart,"10, Jalan Laman Delfina 1/1, Nilai Impian",Nilai,2.8496774,101.801032,5.0,7,011-5371 7071,Indie mart,Tier 1,10.4
ChIJP9lvVQC3zTERN_KIxIthLD0,Mumin Mini Market KKKA Cyberjaya,Kompleks Kediaman Kakitangan Awam,Cyberjaya,2.9041191,101.6422734,5.0,7,017-588 0834,Mini-mart,Tier 1,10.4
ChIJs629cQBRzDERvi0OEClxJyY,CF Value Mart,"15, Jalan Pulau Lumut P U10/P, Alam Budiman",Shah Alam,3.1448593,101.4808719,5.0,7,,Indie mart,Tier 1,10.4
ChIJc7OgSarnzTERBNQHg2-FrMA,99 Speedmart 1653 (NS) Garden Avenue,"Ground Floor, No: 6 & 7, Jalan S2 G2, Garden Avenue Seremban 2",Seremban,2.6790945,101.9026691,3.4,20,03-3362 6863,99 Speedmart,Tier 1,10.35
ChIJn7i4qXaNzDERKZfMgr8EkcM,99 Speedmart 1346 Taman Seri Tiram Utama,"No: 22 & 24 (GF, Jalan Tiram Utama 1, Taman Seri Tiram Utama",Tanjong Karang,3.428230999999999,101.244336,3.3,22,03-3362 6863,99 Speedmart,Tier 1,10.35
ChIJbeJ07matzTERZGR0APKtqaw,99 Speedmart 1917 Taman Sri Sentosa Jaya 1,"No : 1 (Ground Floor), Lorong Bendahara 9/ks 7, Taman Sejati",Klang,3.0113805,101.4684334,4.3,10,03-3362 6863,99 Speedmart,Tier 1,10.31
ChIJ_ddzsu1NzDERs2MuHQA59qE,99 Speedmart 1800 Suria Jelutong,"No: 59 (Ground Floor), Jalan Bazar P U8/P, Bukit Jelutong, Seksyen, U 8",Shah Alam,3.0972352,101.5387344,4.3,10,03-3362 6863,99 Speedmart,Tier 1,10.31
ChIJI29B55A3zDERlt9kBJ92b3U,Ugo Mart Taman Keramat,"Ground Floor, 16, Jalan AU 1a/4c, Taman Keramat Permai",Kuala Lumpur,3.176934,101.7385711,3.5,18,03-4266 8938,Indie mart,Tier 1,10.31
ChIJsyfwWU9FzDERlr_0oNcUH-A,99 Speedmart 2641 The Zizz,"No: P1-1-02 & P1-1-03, The Zizz No 2, Jalan PJU 10/1A, Jalan PJU 10/1, Damansara Damai",Petaling Jaya,3.1981946,101.5960793,4.3,10,03-3362 6863,99 Speedmart,Tier 1,10.31
ChIJxVKGPp1FzDERVkZmhcXkSt4,99 Speedmart 1137 Bukit Rahman Putra,"No: 7 & 9, Jalan BRP 6/12, Bukit Rahman Putra",Shah Alam,3.2273102,101.5573958,3.2,24,03-3362 6863,99 Speedmart,Tier 1,10.3
ChIJKehknGKjzTER2F_YO0HJdxM,Jazco Speedmart,"No. 53 & 55, Jalan Baiduri, Taman Baiduri",Banting,2.8004667,101.4926337,3.8,14,03-3187 2324,Indie mart,Tier 1,10.29
ChIJMzK7rHOyzTERTyuHG_vTnio,99 Speedmart 1448 Kemuning Taipan,"No: 37 & 39, Jalan Sungai Keranji Q 32/Q, Seksyen 32",Shah Alam,2.979254,101.5324554,3.9,13,03-3362 6863,99 Speedmart,Tier 1,10.29
ChIJtQPw1tDLzTEROV_0CuL-23Q,99 Speedmart 1183 Taman Taming Jaya,"No:1, Medan Taming Sari 1, Taman Taming Jaya",Balakong,3.0245953,101.74163,3.8,14,03-3362 6863,99 Speedmart,Tier 1,10.29
ChIJoWYoOJdXzDER1jgYNSjfJOU,99 Speedmart 1036 Pekan Kapar,"86 & 88, Jalan Mokhtar 1, Jalan Kapar",Klang,3.137291400000001,101.372336,3.9,13,03-3362 6863,99 Speedmart,Tier 1,10.29
ChIJv9ItJ8fdzTERikXqxSznORU,99 Speedmart 1706 (NS) Taman Sikamat Jaya,"Ground Floor, No: 513, Tmn, Jalan Sikamat Jaya 1",Seremban,2.7429894,101.9602402,3.7,15,03-3362 6863,99 Speedmart,Tier 1,10.26
ChIJTzmWnMrHzTER6gE6seEsxLs,99 Speedmart 1458 Taman Seroja,"No: 12 & 14 (GF), Jalan Seroja 7, Taman Seroja, 5, Jalan Seroja 2, Bandar Baru Salak Tinggi",Sepang,2.828431,101.730286,3.7,15,03-3362 6863,99 Speedmart,Tier 1,10.26
ChIJP_kX3N7FzTER3XzWBBCSnx4,99 Speedmart 1889 (NS) Suria Nilai 3,"No: 1 (Ground Floor, Jalan Suria 1, Suria Nilai 3",Nilai,2.8519538,101.8013218,3.7,15,03-3362 6863,99 Speedmart,Tier 1,10.26
ChIJlYPCeeqqzTERnr2qnFYm69o,99 Speedmart 1066 Sultan Suleiman 1,"Pusat Perdagangan, No. 107 (G) Lintang Sultan Mohamad 1B, Bandar Sultan Suleiman",Pelabuhan Klang,3.019552,101.370247,4.0,12,03-3362 6863,99 Speedmart,Tier 1,10.26
ChIJGX3ldnitzTERxRRATLbjM14,emart24 KSL Avenue,"No. 3 & 5, Ground Floor KSL Avenue Bandar Diraja Selangor, Jalan Bestari 9/KS09, Bandar Bestari",Klang,2.959923,101.466256,2.7,43,,Indie mart,Tier 1,10.22
ChIJsyqenETpzTERuMfxPdOFo3w,99 Speedmart 2712 (NS) Rasah Kemayan,"Ground Floor, No: 13 & 14, 5, Jalan Rk 5, Rasah Kemayan",Seremban,2.6921357,101.8756778,3.6,16,03-3362 6863,99 Speedmart,Tier 1,10.2
ChIJo2hH9OdPzDERXmDXBQx2M9w,99 Speedmart 1096 NZX Ara Jaya,"No. A-G-3A, A-G-5 & A-1-3A, Block A, Ground & First Floor, Jalan PJU 1A/41B, Pusat Dagangan NZX",Petaling Jaya,3.1144812,101.5907398,3.3,21,03-3362 6863,99 Speedmart,Tier 1,10.2
ChIJUW4BZmxKzDERJklXRfSJjew,KK Super Mart Kuchai Lama (KC),"No. 4, Jalan 3/116B, Off, Jalan Kuchai Lama, Kuchai Entrepreneur's Park",Kuala Lumpur,3.0895149,101.6901062,3.0,29,016-218 3308,KK Mart,Tier 1,10.2
ChIJRap_WeZHzDERBpVNUEBHhTE,99 Speedmart 1460 Fortune Avenue,"D-G-18, Fortune Avenue, Block D, Jalan Metro Perdana 3, Off, Jalan Kepong, Taman Usahawan",Kepong,3.2162181,101.64364,3.6,16,03-3362 6863,99 Speedmart,Tier 1,10.2
ChIJuwF3DourzTERGZEgHzch2nw,99 Speedmart 1518 Kampung Perdamar,"No: 202 & 204(G), Jalan Haji Zainal Abidin Kg Perdamar",Pelabuhan Klang,2.979135799999999,101.4303754,4.1,11,03-3362 6863,99 Speedmart,Tier 1,10.19
ChIJ3Y0Veqi3zTERWVFoKMRUgM8,"ECO FRESH MART 7th Floor, Apex Tower, Cyber Square","Jalan Teknokrat 6, Cyber 5",Cyberjaya,2.9189542,101.657105,4.9,7,019-258 9911,Indie mart,Tier 1,10.19
ChIJSdf0Vw2tzTERhw3bAq4ZSmc,99 Speedmart 3165 Taman Maznah,"No: 391 & 392 (Ground Floor, Jalan Songket, Taman Maznah",Klang,3.02543,101.4748169,4.9,7,03-3362 6863,99 Speedmart,Tier 1,10.19
ChIJaykZz1u1zTERSwIoUrChXR4,Kedai Ubat Weng Soon Hong,"No. 5-1, Pusat Perdagangan Seri Kembangan, Jalan 4/1, Sek. 4, Taman Bukit Serdang",Seri Kembangan,3.02197,101.6989629,4.9,7,03-8941 1770,Generic kedai,Tier 1,10.19
ChIJr9we9MFJzDERWEon5Jl-Rts,Dine Mart,"7G, jalan Thambypillai",BeickfieldsKuala Lumpur,3.12817,101.6858498,4.9,7,016-277 5054,Indie mart,Tier 1,10.19
ChIJ3cjjDHaLzDERJqWNG_7qbbU,99 Speedmart 2452 Taman Desa Utama,"No: 5 & 7 (Ground Floor Jalan Besar Kampung Kuantan, Taman Desa Utama",Batang Berjuntai,3.361682,101.3042967,4.9,7,03-3362 6863,99 Speedmart,Tier 1,10.19
ChIJDYFjomrLzTERc6yYQS8TJNM,99 Speedmart 2987 Taman Sri Serdang,"No : 22G (Ground Floor, Jalan 18/14, Taman Sri Serdang",Seri Kembangan,3.003968299999999,101.7114189,3.5,17,03-3362 6863,99 Speedmart,Tier 1,10.12
ChIJf5ShWXdHzDERiph5rOnFHVg,99 Speedmart 1364 Prima Samudera,"NO: 2 & 3 (GF), PRIMA SAMUDERA JALAN 11, Lorong Samudera Utara",Batu Caves,3.233337600000001,101.6951924,4.6,8,03-3362 6863,99 Speedmart,Tier 1,10.11
ChIJrYBF7GqtzTER3Rwy5oM5H2E,99 Speedmart 1261 Taman Sri Sentosa,"16 & 18 (Ground Floor, No:, Jalan Dato Dagang 31, Taman Sentosa",Klang,2.996554199999999,101.4744531,4.2,10,03-3362 6863,99 Speedmart,Tier 1,10.07
ChIJ1XU_C1znzTER7PJKiY0RUsw,UPTOWN MART,"No. 257, Ground Floor, Jalan S2 B12, Uptown Avenue Seremban 2",Seremban,2.694677299999999,101.9109768,2.5,55,016-658 2836,Indie mart,Tier 1,10.06
ChIJKQoYI4pPzDERWe2RXbB_Y6Y,99 Speedmart 1205 Dataran Ara Damansara,"A-G-7 & A-G-9, Block A, No:, 8, Jalan PJU 1a/20a, Dataran Ara Damansara",Petaling Jaya,3.1197302,101.5800569,3.3,20,03-3362 6863,99 Speedmart,Tier 1,10.05
ChIJx-GAOVFHzDER5JnNy0GTAQ0,"KK SUPER MART Batu Caves, Taman Koperasi Polis (BCK)","No:28, Jalan 59/10, Taman Koperasi Polis Fasa Ii",Batu Caves,3.2201721,101.6911787,3.8,13,010-230 8507,KK Mart,Tier 1,10.03
ChIJ7Xx7Ce81zDERlNfEAtxL7qo,99 Speedmart 1276 Alam Damai 1,"No: 5 & 7, Jalan Damai Niaga, Alam Damai",Kuala Lumpur,3.073795899999999,101.7377041,3.7,14,03-3362 6863,99 Speedmart,Tier 1,10.02
ChIJ1TLxlCjNzTERTK8pw4XcYfE,99 Speedmart 2172 Vista Valley,"Ground Floor, No: 49, Jalan Vista Valley 3, Vista Valley",Semenyih,2.9576707,101.8400922,3.9,12,03-3362 6863,99 Speedmart,Tier 1,10.0
ChIJv1golDmzzTER41uvbQBfIzI,99 Speedmart 2235 Puchong Perdana,"Ground Floor, No: 32 & 34, Jalan Kekwa 2, Taman Puchong Perdana",Puchong,3.0064063,101.6055845,3.0,27,03-3362 6863,99 Speedmart,Tier 1,10.0
ChIJByx2rG5RzDERz1xIQMYnsnM,emart24 Temu Elmina East,"No. 67 (Ground Floor Jalan Eserina Y U16/Y Elmina East, 40160 Shah Alam Shah Alam",Selangor,3.1851739,101.526163,3.0,27,,Indie mart,Tier 1,10.0
ChIJOYwud1lbzDERVR8j_IhgtoQ,99 Speedmart 3587 Taman Mutiara Kundang,"No: 2 & 3 (Ground Floor, Jalan Mutiara Kundang 2, Taman Mutiara Kundang",Rawang,3.2569316,101.5204632,3.9,12,03-3362 6863,99 Speedmart,Tier 1,10.0
ChIJo0e7PBlHzDERCdYh64gzjlw,"KK SUPER MART Kepong, Jalan Ambong Kiri (KAK)","No:3, Jalan Ambong Kiri 2, Kepong Baru",Kuala Lumpur,3.210506,101.6474437,3.9,12,010-230 8605,KK Mart,Tier 1,10.0
ChIJm_5DnHSzzTERYcvPzbqBET8,99 Speedmart 1053 puchong Prima,"5, E01-09 & E01-10, 3, Jalan Puchong Prima 17, Taman Puchong Prima",Puchong,2.9999728,101.5949853,3.6,15,03-3362 6863,99 Speedmart,Tier 1,9.98
ChIJob6ZiT3NzTERFa6w25kDmic,"Econsave Taman Indah, Sungai Jelok - Pasar Ekonomi Mart","10, Jalan Indah 2, Jalan Sungai Jelok, Taman Indah",Kajang,2.9972983,101.8069547,3.6,15,,Indie mart,Tier 1,9.98
ChIJYbaHonVLzDERYRfwlkvEti0,BilaBila Mart - Asia Pacific University (APU),"Level 3, Block J1, Asia Pacific University, Technology Park Malaysia, Bukit Jalil",Kuala Lumpur,3.0555323,101.7002771,3.6,15,,Indie mart,Tier 1,9.98
ChIJiY2JL0TmzTERP9bEDs3FlEw,99 Speedmart 2009 (NS) Pekan Mambau,"No : 43 & 44 (Ground Floor), Jalan Besar, Pekan Mambau",Seremban,2.6664638,101.9181991,4.0,11,03-3362 6863,99 Speedmart,Tier 1,9.94
ChIJCf38KzDLzTER2XllQgj_-5c,KK SUPER MART Cheras Jaya (CJY),"Lot 2, Jalan 7, Kawasan MIEL Cheras Jaya",Cheras,3.0251754,101.7642018,4.0,11,016-330 8304,KK Mart,Tier 1,9.94
ChIJb1AVu2pTzDERIuaAhveaLdw,emart24 Seksyen 7 Shah Alam,"No. 31, Ground Floor, Jalan Plumbum R7/7, Seksyen 7",Shah Alam,3.067882500000001,101.4889966,2.0,141,,Indie mart,Tier 1,9.91
ChIJAQ0Lusq5zTERUEnuty5GPoY,99 Speedmart 3503 Bandar Serenia,"No: 7-1 & 9-1 (Ground Floor, 1/1, Persiaran Aman Serenia, Bandar Serenia",Sepang,2.8602548,101.7026639,4.3,9,03-3362 6863,99 Speedmart,Tier 1,9.9
ChIJaT3tqSdPzDER8R7pzCL4lNE,99 Speedmart 1313 Subang Bestari,"No: 43 & 45 (GF, Jalan Nova U5/N, Subang Bestari",Shah Alam,3.177063099999999,101.5482229,4.3,9,03-3362 6863,99 Speedmart,Tier 1,9.9
ChIJ__0SMoe_zTERmKrURTR-AGY,Eraman Express Mart,Sepang,"Kuala Lumpur, Petaling Jaya, Shah Alam, Klang, Subang Jaya, Cheras, Ampang, Cyberjaya, Putrajaya, Kajang, 68100 Selayang, Damansara",2.7547682,101.7050928,3.2,21,,Indie mart,Tier 1,9.89
ChIJhWXCmWfdzTERwcPJPTM9hEY,99 Speedmart 1596 (NS) Taman Jasper Jaya,"No: 2 & 3 (Ground Floor), Jalan Jasper Jaya 1, Off, Jalan Labu, Taman Jasper Jaya",Seremban,2.7261711,101.9132719,4.5,8,03-3362 6863,99 Speedmart,Tier 1,9.89
ChIJIWJqsG-1zTERxVVwAS-nxT0,99 Speedmart 1284 Taman Universiti Indah,"No: 1 & 3, Jalan Indah 2/4, Taman Universiti Indah",Seri Kembangan,3.005741,101.693359,3.2,21,03-3362 6863,99 Speedmart,Tier 1,9.89
ChIJj6a9UTZNzDER1eM90MggRys,99 Speedmart 2446 USJ 2,"Ground Floor, No: 35 & 37, Jalan USJ 2/2c",Subang Jaya,3.0575137,101.5905869,3.3,19,03-3362 6863,99 Speedmart,Tier 1,9.89
ChIJUbQp5JhXzDERraZEcBAcCI4,99 Speedmart 1012 Bukit Kapar,"39-41, Jalan Bukit Kapar, Pekan Kapar",Kapar,3.1397291,101.3784667,4.5,8,03-3362 6863,99 Speedmart,Tier 1,9.89
ChIJUbOEnCtJzDERqDQSiL17eV0,"99 Speedmart 1303 PJ, Sec 17 (1)","No: 614, Jalan 17/10, Seksyen 17, Taman Gembira",Petaling Jaya,3.122123899999999,101.6353087,3.0,26,03-3362 6863,99 Speedmart,Tier 1,9.89
ChIJMWzKa-hPzDERxXORvkMDcbo,99 Speedmart 1318 Bandar Pinggiran Subang 2,"No: 2 (GF, Jalan Matahari Ab U5/Ab, Bandar Pinggiran Subang",Shah Alam,3.166012,101.541664,4.5,8,03-3362 6863,99 Speedmart,Tier 1,9.89
ChIJa41IaVPnzTER12CFgan48Ps,KK Super Mart Seremban • Rasah Jaya • SRJ,"Dancom Plus Computer, 11, Jalan RJ 6/9, Taman Rasah Jaya",Seremban,2.6814861,101.9430612,3.4,17,010-230 8624,KK Mart,Tier 1,9.83
ChIJowinJkOtzTERVsPXQNTw7Aw,Everyday Fresh Mart,"88, Lorong Sanggul 1e, Bandar Puteri",Klang,2.9857587,101.4671468,4.1,10,013-335 5776,Indie mart,Tier 1,9.83
ChIJ4UHdSxJHzDERXaO2ls4ezd8,99 Speedmart 1646 Amara Boulevard,"No: 02-G, Residensi Amara, Jalan Raintree Utama",Batu Caves,3.2425277,101.6800239,3.4,17,03-3362 6863,99 Speedmart,Tier 1,9.83
ChIJBWK-9IROzDERxlAaaDlIzBI,MM Mart,"I-G-6, Jalan PJU 1a/20f, Dataran Ara Damansara",Petaling Jaya,3.119593899999999,101.5791114,4.7,7,03-7734 5299,Indie mart,Tier 1,9.77
ChIJQTrLV3NHzDERnQuccn3mOdk,Bismi Best Mart,"12, Jalan 4/2, Taman Bandar Baru Selayang Fasa 2b",Batu Caves,3.2672144,101.6734256,4.7,7,,Indie mart,Tier 1,9.77
ChIJEbARm94VzDERqO4lhojPa2A,99 Speedmart 2772 (PH) Taman Gohtong Jaya,"Ground Floor, No: 16A & 17A, Jalan Jati 1, Taman Gohtong Jaya",Genting Highlands,3.3969916,101.769354,4.7,7,03-3362 6863,99 Speedmart,Tier 1,9.77
ChIJ5Yjaohs1zDER5sDd47AM6Og,99 Speedmart 1404 Taman Len Sen,"No: 78 & 80, Jalan 1, Taman Len Seng",Kuala Lumpur,3.074274,101.7450252,3.7,13,03-3362 6863,99 Speedmart,Tier 1,9.76
ChIJ65NFdUevzTERKIOYsuBouoo,99 Speedmart 1598 Telok Panglima Garang 2,"Ground Floor, No: 9 & 11, Jalan Dendang 6, Taman Telok",Telok Panglima Garang,2.9027605,101.4679457,3.6,14,03-3362 6863,99 Speedmart,Tier 1,9.75
ChIJK5b0fK6zzTERHSyNqyy_Ckw,99 Speedmart 1019 Kota Kemuning 1,"No.29, Jalan C, 31/C Kota Kemuning, Seksyen 31",Shah Alam,2.991016300000001,101.5467997,3.8,12,03-3362 6863,99 Speedmart,Tier 1,9.75
ChIJJ9B0HFi1zTERSfbqhnNXvLU,Kedai Barang2 Jahitan Jia Mol,"C1, Jalan SK 10/3",Seri Kembangan,3.0223293,101.7050216,3.8,12,018-669 9178,Generic kedai,Tier 1,9.75
ChIJ8aavLqw1zDERNC_kJtxRF7s,99 Speedmart 2115 Kampung Cheras Baru,"Ground floor, No: 14 & 16, Jalan 18, Kampung Cheras Baru",Kuala Lumpur,3.1059283,101.7455283,3.6,14,03-3362 6863,99 Speedmart,Tier 1,9.75
ChIJ84l5u0RZzDERSOTg00CsM7o,Imans Best Mart,"20 & 22, Jalan Astana B 13/B, Pusat Niaga Astana",Puncak Alam,3.2440959,101.4256509,3.8,12,010-544 7861,Indie mart,Tier 1,9.75
ChIJPcLqRR05zDERnHf9koQr8D8,99 Speedmart 1191 Taman Melati Utama,"No.11-G & 15-G, Jalan Melati Utama 2, Taman Melati Utama",Kuala Lumpur,3.2222089,101.7288036,3.2,20,03-3362 6863,99 Speedmart,Tier 1,9.74
ChIJTUauLHzOzTERzKAiW92IcvE,Pasar Mini Zaim & Zafir,"Jalan Pasar Baru 2, Pekan Semenyih",Semenyih,2.9481667,101.8464132,5.0,6,,Mini-mart,Tier 1,9.73
ChIJ-yuWNqjLzTERaZbVur5EO74,Goodness Mart Jade Square,"22-1, Jalan Dataran Jade 2, Jade Square",Kajang,2.9935416,101.7596828,5.0,6,011-2328 8233,Indie mart,Tier 1,9.73
ChIJxeVwoWZVzDERRwaqfoXoBDo,Zali Mart,"1, Jalan Kunci Air, Kampung Rantau Panjang",Klang,3.0580215,101.4011483,5.0,6,017-283 7801,Indie mart,Tier 1,9.73
ChIJ8xaXxthDzDERIUqB00nFedA,Blue Forest Grocer,"Setia Eco, No. 6G, 7G & 7-1, Jalan Set 3/1 The Grove, Templer Park",Rawang,3.288397,101.6383518,5.0,6,012-838 0380,Sundry/grocer,Tier 1,9.73
ChIJI8AR0we5zTERmS9nAYs9jtg,emart24 Kota Warisan,"No. G-49, Jalan Warisan Sentral 1 Kota Warisan, Bandar, Baru Salak Tinggi",Sepang,2.8203598,101.6941621,2.2,82,,Indie mart,Tier 1,9.72
ChIJX0mMGmU5zDERjXlpvSQwykc,emart24 KL East Mall,"Lot G3-09, Ground Floor 3, KL East Mall 823, Jalan Lingkaran Tengah 2 KL Timur, Kuala Lumpur Timur",Kuala Lumpur,3.223985,101.7312733,2.6,41,,Indie mart,Tier 1,9.72
ChIJ1dDl0VW1zTER-2Z-u1Qs-zw,99 Speedmart 1343 Puchong Bdr Puteri 2,"No: 31, Jalan Puteri 7/7, Bandar Puteri",Puchong,3.026274,101.6240402,3.5,15,03-3362 6863,99 Speedmart,Tier 1,9.7
ChIJt0hGDpg0zDERsCfojbFiszE,KK SUPER MART Bandar Mahkota Cheras (BMC),"53, Jalan Temengung 9/9, Seksyen 9, Bandar Mahkota Cheras, Batu 9 1/2, Jalan Cheras",Kajang,3.0510366,101.7880941,2.8,31,016-330 8159,KK Mart,Tier 1,9.7
ChIJOd3P-_JCzDERiZB2InCokDE,99 Speedmart 1488 Taman Garing Permai,"No: 25 & 26 (GF, Jalan GP Utama, Taman Garing Permai",Rawang,3.3284131,101.5612717,3.5,15,03-3362 6863,99 Speedmart,Tier 1,9.7
ChIJDfHgIcrJzTERo6tsNuWDtHE,Richiamo Mart Bangi,"LOT G-08, PLAZA BANGI PERDANA, Jalan Gerbang Wawasan 1, Seksyen 15",Bandar Baru Bangi,2.9317616,101.7648811,3.9,11,03-8912 2420,Indie mart,Tier 1,9.69
ChIJoahi-xSxzTER92Ec_CfezXw,99 Speedmart 3619 Pusat Perniagaan Maya,No: B-01-03 & B-01-03A (Ground Floor Pusat Perniagaan Maya Jalan Cove Sentral 1 Bandar Gamuda Cove,Banting,2.893329399999999,101.6112179,4.4,8,03-3362 6863,99 Speedmart,Tier 1,9.67
ChIJ3zEzydezzTERjetxs44CF64,ALSANIMART,Jalan Haji Abu Bakar,Shah Alam,2.9625244,101.5389121,4.4,8,016-681 6813,Indie mart,Tier 1,9.67
ChIJ1XUUDPHLzTERpeevNcUlwss,"KK SUPER MART Reko, Kajang (RKJ)","4-G, Jalan Reko Sentral 6, Reko Sentral",Kajang,2.9674964,101.7895491,4.2,9,016-330 8472,KK Mart,Tier 1,9.67
ChIJS8qfXDtDzDERIlOKneH70X8,99 Speedmart 1921 Rawang 2,"Ground Floor, No : 97 & 98, Jalan Welman",Rawang,3.3220511,101.5745155,4.2,9,03-3362 6863,99 Speedmart,Tier 1,9.67
ChIJIQvOwottzDERMa8ACSOW9ok,99 Speedmart 2775 Taman Keruing,"79 & 81 (Ground Floor, No:, Jalan Keruing 2A/2A, Taman Keruing",Rasa,3.4954438,101.6275378,4.2,9,03-3362 6863,99 Speedmart,Tier 1,9.67
ChIJN8_sJVSzzTERNu2MlnWLFJ4,99 Speedmart 1075 Puchong Indah,"No.23 & 25(Ground Floor, Jalan Indah 3/1, Taman Puchong Indah",Puchong,3.0132146,101.6034273,3.4,16,03-3362 6863,99 Speedmart,Tier 1,9.63
ChIJNdaSyS9VzDEROgXla7ValpU,99 Speedmart 2416 Rantau Panjang 2,"Ground Floor, No: 2A-B & 4A-B, Jalan Sungai Nibong 14A/KU4, Kampung Rantau Panjang",Klang,3.0686389,101.4166667,3.4,16,03-3362 6863,99 Speedmart,Tier 1,9.63
ChIJl3OIhXdKzDER8QdRS_NsvHI,KK SUPER MART Desa Petaling (DP),"33 & 35, Jalan 3/125d, Desa Petaling",Kuala Lumpur,3.0829806,101.7048791,2.5,46,016-330 8137,KK Mart,Tier 1,9.63
ChIJ14t9vj9LzDER9DFCfeDgIPI,99 Speedmart 1368 PJ Section 14,"No: 17, Jalan 14/20, Seksyen 14",Petaling Jaya,3.1096804,101.6362408,3.4,16,03-3362 6863,99 Speedmart,Tier 1,9.63
ChIJ5-jU_6E3zDEROrcZRqgf3Vk,99 Speedmart 2366 Taman Keramat,"No: 9 (Ground Floor), Jalan AU 2A/17, Taman Keramat, Hulu Kelang",Ampang,3.1718688,101.7510052,3.4,16,03-3362 6863,99 Speedmart,Tier 1,9.63
ChIJOQndUHpHzDERh7p9dD6B9H0,99 Speedmart 1610 Taman Sri Gombak 4,"Ground Floor, No: 52, Jalan SG 1/5, Taman Sri Gombak",Batu Caves,3.237286,101.6976962,3.4,16,03-3362 6863,99 Speedmart,Tier 1,9.63
ChIJfUgc1V4wzDERFAISUdC1B80,99 Speedmart 1626 Taman Impian Warisan,"Ground Floor, A-G-04, 05 & 06, Jalan Impian Warisan 3, Taman Impian Warisan",Hulu Langat,3.16463,101.8466963,3.2,19,03-3362 6863,99 Speedmart,Tier 1,9.59
ChIJneS2Dvc3zDEREJg582EAGwk,CU Mart Ampang Point,"28 (GF, Jalan Memanda 7, Taman Dato Ahmad Razali",Ampang,3.1588457,101.7501237,2.1,95,,Indie mart,Tier 1,9.59
ChIJj5p_f5VDzDERUAO9wQgnULI,99 Speedmart 1396 Taman Rawang Mutiara,"No: C6 & C7, Jalan Rawang Mutiara 2, Taman Rawang Mutiara 48000 Rawang",Selangor Darul Khusus,3.3273149,101.5796164,4.0,10,03-3362 6863,99 Speedmart,Tier 1,9.59
ChIJJTQZStWlzjERfNLfvL74DAI,99 Speedmart 2047 (PH) Lanchang,"No: 11 & 13 (Ground Floor), Jalan Lanchang Indah, Taman Lanchang Indah",Lanchang,3.499611099999999,102.1902222,4.0,10,03-3362 6863,99 Speedmart,Tier 1,9.59
ChIJebdqEAu5zTER5QnwhY6NMTA,99 Speedmart 2307 Taman Saujana KLIA,"Ground Floor, No: 12A & 16, Jalan Saujana KLIA 1/B, Taman Saujana KLIA",Sepang,2.8191355,101.6893071,3.1,21,03-3362 6863,99 Speedmart,Tier 1,9.58
ChIJabDkP4pIzDERkSIaflgV3lY,KK Super Mart Solaris Mont Kiara (SMK),"No3, Block A Jalan Solaris Mont Kiara, Solaris Mont Kiara",Kuala Lumpur,3.1744525,101.6596478,3.1,21,016-249 8308,KK Mart,Tier 1,9.58
ChIJpWalFUXPzTERoEMy0yWAp1g,Rinching Mart,"741A, DEPAN BALAIRAYA, Kampung Rinching Hilir",Kajang,2.9016644,101.8121552,4.6,7,019-904 0721,Indie mart,Tier 1,9.57
ChIJHaSTiz61zTERKc9Mv1jUXwc,99 Speedmart 3211 Taman Myra Meranti,"No: 11 & 12 (Ground Floor, Jalan MM 1, Taman Myra Meranti",Puchong,2.9677032,101.6422256,4.6,7,03-3362 6863,99 Speedmart,Tier 1,9.57
ChIJ0dbCZ-NCzDERErhl3Bj1Vpg,Uma Rani Grocers,"10, Jalan KE 5/1, Kota Emerald",Rawang,3.3203659,101.556789,4.6,7,03-6736 1002,Sundry/grocer,Tier 1,9.57
ChIJL1gWDlrpzTER-jhXh3bUl1E,99 Speedmart 2450 (NS) Suriaman Biz,No: 1265 & 1266 (Ground Floor Jalan Suriaman Biz 1,Bandar Sri Sendayan,2.6998051,101.858321,3.6,13,03-3362 6863,99 Speedmart,Tier 1,9.5
ChIJk591MgGvzTERdG2-UQc8Ntc,99 Speedmart 1742 Taman Jaya Utama,"No 54 & 56 (Ground Floor, Jalan Utama 55, Taman Jaya Utama",Telok Panglima Garang,2.9135,101.4758611,3.6,13,03-3362 6863,99 Speedmart,Tier 1,9.5
ChIJB7NI9oQ0zDERwKfn_aeuT2o,99 Speedmart 1453 Bandar Mahkota Cheras 2,"Sek 3, Bdr, No: 1(Ground Floor, Jalan Pahlawan 4/3, Bandar Mahkota Cheras",Kajang,3.064258,101.7903133,3.6,13,03-3362 6863,99 Speedmart,Tier 1,9.5
ChIJzZ88VaPnzTERAj_LYUrFe_M,99 Speedmart 1682 (NS) Bukit Chedang,"Ground Floor, No: 20 & 22, Jalan Belida 11, Taman Bukit Chedang",Seremban,2.6939507,101.9233119,3.7,12,03-3362 6863,99 Speedmart,Tier 1,9.49
ChIJE0HO0DytzTERRzFkhcTQTQQ,GT Mart Taman Sentosa,"No. 6 & 8, Lorong Dato Yusof Shahbudin 29B, Taman Sentosa",Klang,3.0093732,101.4655831,3.7,12,03-3292 8822,Indie mart,Tier 1,9.49
ChIJsevD4pvKzTERmAo7z4masLo,KK Supermart Sri Serdang SSD,"28 G, Jalan 18/34, Taman Sri Serdang",Seri Kembangan,3.0085279,101.7130859,3.7,12,016-330 8115,KK Mart,Tier 1,9.49
ChIJbYrP1fHJzTERZDIHO2kdjDU,99 Speedmart 1996 Putrajaya Precint 15,"No : 2 & 4 (Ground Floor P15, Jalan Diplomatik, Presint 15",Putrajaya,2.9451413,101.7213626,3.1,20,03-3362 6863,99 Speedmart,Tier 1,9.44
ChIJbdS7dm6zzTERW6Iq7w_oMWc,99 Speedmart 1147 Taman Sri Kemuning,"No.2, Jalan Sungai Pelubung, 32/R, Taman Sri Kemuning, Seksyen 32",Shah Alam,3.0163753,101.5298322,4.1,9,03-3362 6863,99 Speedmart,Tier 1,9.44
ChIJ6aHZDOVLzDERcsztom4ZuB0,99 Speedmart 2605 - Taman Kinrara,"No: 72 & 74 (Ground Floor Jalan TK 1/1, Batu 7, Jalan Puchong, Taman Kinrara",Puchong,3.066714100000001,101.6502318,4.1,9,03-3362 6863,99 Speedmart,Tier 1,9.44
ChIJX7hNU4pRzDERzpiu3BGAEVI,99 Speedmart 1007 Pekan Meru 1,"9366-9368, Jalan Besar, Pekan Meru",Klang,3.1325121,101.4402082,4.1,9,03-3362 6863,99 Speedmart,Tier 1,9.44
ChIJjwD-RsFTzDERuiWSS-ZYBps,99 Speedmart 1413 Setia Alam 2,"No: 27 & 29 (GF, Jalan Setia Indah X U13/X, Bandar Setia Alam",Shah Alam,3.0988051,101.4614873,3.1,20,03-3362 6863,99 Speedmart,Tier 1,9.44
ChIJ03mj16dRzDER4XrJSHuU3J8,99 Speedmart 1701 Alam Budiman,"No: 42 & 44 (Ground Floor), Jalan Q U 10/Q, Seksyen, U10 Shah Alam",Shah Alam,3.1439634,101.4816976,3.0,22,03-3362 6863,99 Speedmart,Tier 1,9.41
ChIJ9Xi8epe4zTERrsFrWtnKNyk,99 Speedmart 1927 Kota Warisan 2 KIP Sentral Sepang,"Ground Floor, KIP Sentral, No :131, Jalan Warisan Sentral 2, Kota Warisan",Sepang,2.821038,101.6948369,2.7,31,03-3362 6863,99 Speedmart,Tier 1,9.36
ChIJZ9HXFuStzTERt7PbyliRlHs,99 Speedmart 2165 Taman Setia Klang,"Ground Floor, No: 7 & 9, Lorong Setia 1a, Taman Johan Setia",Klang,2.9788954,101.4824017,3.3,16,03-3362 6863,99 Speedmart,Tier 1,9.35
ChIJZ91yYfXPzTERdnLc_tuZY1s,99 Speedmart 1280 Bandar Tasik Kesuma,"No: 20, Jalan Kesuma 3/3, Bandar Tasik Kesuma",Beranang,2.9067017,101.8647323,3.9,10,03-3362 6863,99 Speedmart,Tier 1,9.35
ChIJB2u10ZHLzTERD_gi_d5D0kU,"99 Speedmart 1306 Bangi, Sek 8","No: 36, Jalan Medan Pusat 2c",Bandar Baru Bangi,2.9633054,101.7536014,3.9,10,03-3362 6863,99 Speedmart,Tier 1,9.35
ChIJy_RGo_JtzDERWdtXX7NG9UA,99 Speedmart 1581 Taman Rasa Indah,"Ground Floor, No: 11 & 13, Jalan Damar 1, Taman Rasa Indah",Rasa,3.4984735,101.6372213,3.3,16,03-3362 6863,99 Speedmart,Tier 1,9.35
ChIJ_b5II4tTzDERBcs3qPWbfJ0,emart24 Vista Alam,"B12-LG, Vista Alam Serviced Apartment, 14/1, Jalan Ikhtisas, Seksyen 14",Shah Alam,3.0711511,101.5245417,2.4,48,,Indie mart,Tier 1,9.34
ChIJw8WunSBDzDERebeBfGcr5xk,99 Speedmart 3653 Dataran Suria,"No: 31-1 & 33-1 (Ground Floor, Jalan Dataran Suria 15/8/4, Seksyen 15",Puncak Alam,3.2354055,101.4115638,4.8,6,03-3362 6863,99 Speedmart,Tier 1,9.34
ChIJ4xCQywWxzTERYq8xFy9xBaM,99 Speedmart 2067 BSP 21,"No: S-G-03 & S-G-04 (Ground Floor), BSP, 21, Jalan SP 8/6, Bandar Saujana Putra",Jenjarom,2.9435267,101.5882459,3.1,19,03-3362 6863,99 Speedmart,Tier 1,9.29
ChIJLYbZQAfLzTERV5PoYj5E3Ps,99 Speedmart 1578 Jade Hills,"No: 10 (Ground Floor), Jalan Jade Hills Utama 1/1, Commerce Village, Jade Hills",Kajang,2.9946233,101.7591519,3.1,19,03-3362 6863,99 Speedmart,Tier 1,9.29
ChIJp0bNxeXhzTER5qAZfQHfb7E,99 Speedmart 1666 (NS) Senawang Jaya,"Ground Floor, No: 19 & 20, Jalan MSJ 1, Medan Perniagaan Senawang Jaya",Seremban,2.688089999999999,101.98673,3.0,21,03-3362 6863,99 Speedmart,Tier 1,9.27
ChIJO2ZfvW6zzTERyi4MB8aj1xM,KK Super Mart Puchong Permai (PPE),"22 & 23, Jalan Puchong Permai 2, Taman Puchong Permai",Puchong,3.0095618,101.5994778,3.0,21,016-330 8071,KK Mart,Tier 1,9.27
ChIJG1C9obVDzDER1DnI2uQX-D4,99 Speedmart 1244 Bandar Country Homes,"Ground Floor, No: 26 & 28, Jalan Pusat Bch 1/3, Bandar Country Homes",Rawang,3.3250824,101.5250827,3.2,17,03-3362 6863,99 Speedmart,Tier 1,9.25
ChIJvxl5kiPJzTERQesNeFbuySs,99 Speedmart 2305 Taman Bangi Permai,"Ground Floor, No: 10 & 11, Jalan Permai 1, Taman Bangi Permai",Kajang,2.9009456,101.7813818,3.5,13,03-3362 6863,99 Speedmart,Tier 1,9.24
ChIJZ4aIELTLzTER_4PtwEbsTRk,99 Speedmart 1411 Taman Sri Kenari,"B1-01-02, Jalan Sri Kenari 12, Taman Sri Kenari, Sungai Chua",Kajang,2.992731499999999,101.7684204,3.5,13,03-3362 6863,99 Speedmart,Tier 1,9.24
ChIJyYr2XZVPzDERYRPFk0QO310,"99 Speedmart 1200 Jln Cecawi 6/33, Kota Damansara","No: 1 & 3, Jalan Cecawi 6/33, Seksyen 6 Kota Damansara",Petaling Jaya,3.161383,101.5813532,3.5,13,03-3362 6863,99 Speedmart,Tier 1,9.24
ChIJARTKbiu5zTER5F_7-1NZPBk,99 Speedmart 1457 Taman Langat Utama,"No : 149 & 151, Jln LU 2/2, Tmn Langat Utama, Kampung Bukit Changgang",Banting,2.800433,101.656563,3.6,12,03-3362 6863,99 Speedmart,Tier 1,9.23
ChIJDVSECnI5zDER1GEARLJDtI0,99 Speedmart 3137 Taman Melawati 3,"No: 24 (Ground Floor, Jalan E 1, Taman Melawati",Kuala Lumpur,3.2218516,101.740802,3.6,12,03-3362 6863,99 Speedmart,Tier 1,9.23
ChIJa13rmzrPzTERQZj3diN8Gvw,"KK SUPER MART Bangi, Seksyen 4 (BS4)","No. 18, Jalan BM 4/1 Bandar Bukit Mahkota Seksyen 4 43000",Bangi,2.8809302,101.8084853,3.4,14,010-235 6308,KK Mart,Tier 1,9.21
ChIJQX-zSqe2zTER05MVQ8y1iU4,Desa Meranti Mini Mart,Kampung Pulau Meranti,Puchong,2.9544938,101.6328323,4.0,9,019-690 8318,Mini-mart,Tier 1,9.21
ChIJkyF6jbqyzTERfLHgIZWI3ZI,99 Speedmart 1693 Sri Muda 3,"Ground Floor, TMN Sri Muda, No: 23, Jalan Dermawan 25/89, Seksyen 25",Shah Alam,3.0243926,101.5382175,4.0,9,03-3362 6863,99 Speedmart,Tier 1,9.21
ChIJIZGy70pJzDERaYxeL0s03fw,Hungry People Online Food Mart,"No. 14G, Jalan SS 21/39, Damansara Utama",Petaling Jaya,2.9948076,101.5151628,4.0,9,016-476 0668,Indie mart,Tier 1,9.21
ChIJox6ZtKRLzDERhbGQrIyh510,99 Speedmart 3122 PPA1M Bukit Jalil,"No: G-01 (Ground Floor, PPA1M Bukit Jalil, Lebuhraya Bukit Jalil, Bukit Jalil",Kuala Lumpur,3.0546343,101.6963077,4.0,9,03-3362 6863,99 Speedmart,Tier 1,9.21
ChIJqTtalrhWzDERzkbmp_Dyevg,99 Speedmart 1124 Taman Meru Indah,"No: 39A, Jalan Meru Indah 1, Taman Meru Indah",Kapar,3.1357987,101.4178242,3.4,14,03-3362 6863,99 Speedmart,Tier 1,9.21
ChIJzwNWvdtPzDERXaoCKroozcM,99 Speedmart 1299 Subang Permai,"No: 1, Jalan Alfa F U6/F, Pusat Perdagangan Subang Permai",Shah Alam,3.139048,101.526154,4.0,9,03-3362 6863,99 Speedmart,Tier 1,9.21
ChIJ9fU2Okr5zDERwaFUDWMNKYQ,99 Speedmart 1497 Jalan Kapar Batu 13,"No: 58 (Ground Floor), Lorong Sungai Serdang Permai 1, Jalan Kapar Batu 13, Taman Sungai Serdang Permai",Kapar,3.1554615,101.3321972,4.0,9,03-3362 6863,99 Speedmart,Tier 1,9.21
ChIJWT3LyKk3zDERm9f1UF-Kymk,KK SUPER MART Ampang Point Mamanda (APM),"53, Jalan Memanda 9, Ampang Point",Ampang,3.1590114,101.7517407,3.4,14,016-330 8057,KK Mart,Tier 1,9.21
ChIJA56IaiutzTERgTdpaAEzDNs,99 Speedmart 2241 Bandar Botanik 5,"Ground Floor, No 12 & 14, Jalan Resak 1/KS7, Bandar Botanik",Klang,2.996435599999999,101.4612753,3.7,11,03-3362 6863,99 Speedmart,Tier 1,9.19
ChIJR_yTRmbLzTERmz0BSAcR2j8,"99 Speedmart 3662 Residence Mirai, Kajang 2","2, Residensi Meriah, No: 1-26 (Ground Floor Blok D, Persiaran Kajang 2",Kajang,2.9620316,101.7970703,4.7,6,03-3362 6863,99 Speedmart,Tier 1,9.15
ChIJD4lMG5JRzDERV-8zEmTv-AU,99 Speedmart 1295 Taman Desa Permai,"22 & 26 (Ground Floor, No:, 2, Jalan Meranti Putih, Taman Desa Permai",Klang,3.147948999999999,101.4380906,3.3,15,03-3362 6863,99 Speedmart,Tier 1,9.15
ChIJRS0yx69DzDERBaDgvLEBtdY,99 Speedmart 2321 Taman Desa Mas,"Ground Floor, No: 36, Jalan DM 5/1, Taman Desa Mas",Rawang,3.3386694,101.526456,3.3,15,03-3362 6863,99 Speedmart,Tier 1,9.15
ChIJX_mgsp7hzTERLgbljwHykNw,99 Speedmart 1992 (NS) Taman Seremban Jaya 3,"Ground Floor, No : 529, Jalan SJ 9/1, Taman Seremban Jaya",Seremban,2.6706596,101.9826606,3.8,10,03-3362 6863,99 Speedmart,Tier 1,9.11
ChIJz985hrXLzTER-w1hq19A0rU,99 Speedmart 1263 Pusat Hentian Kajang,"No: 17 & 19, Jalan Hentian 3, Off, Jalan TB 1/1, Pusat Hentian Kajang",Kajang,2.957789399999999,101.7916078,3.8,10,03-3362 6863,99 Speedmart,Tier 1,9.11
ChIJJRt4rtVDzDERIjDGTQD97Qk,99 Speedmart 3140 Gaia Boulevard,"No: 13A & 15 (Ground Floor, Gaia Boulevard, Bandar Rawang Gamuda Gardens",Rawang,3.2826189,101.5419368,3.8,10,03-3362 6863,99 Speedmart,Tier 1,9.11
ChIJ3c7sl3THzTERKp4Fsh8utj0,99 Speedmart 2384 Taman Salak Perdana,"No: 70 & 72 (Ground Floor), Jalan Belian 1, Taman, Jalan Salak Perdana, Bandar Baru Salak Tinggi",Sepang,2.8378232,101.7257595,4.1,8,03-3362 6863,99 Speedmart,Tier 1,9.01
ChIJMbN0ponJzTERjvZ3pfIZp4c,99 Speedmart 2554 Bangi Sek 3 (2),No: 24 & 26 (Ground Floor Jalan 3/7 Bangi Perdana Sek 3 Bandar Baru Bangi,Bangi,2.947346899999999,101.7805423,4.1,8,03-3362 6863,99 Speedmart,Tier 1,9.01
ChIJoYRlyuY3zDERvkfB3_gtQKQ,"KK Super Mart Ampang, Hulu Kelang (AHK)","No. 53G, Jalan Awan, Kampung Kuala Ampang",Ampang,3.165892,101.7489112,4.1,8,,KK Mart,Tier 1,9.01
ChIJteF3JxtVzDERO3EoU1UDfEY,99 Speedmart 1042 Teluk Pulai,"61 & 63, Jalan Teluk Pulai, Kawasan 7",Klang,3.0422917,101.4285205,3.0,19,03-3362 6863,99 Speedmart,Tier 1,8.99
ChIJXTnbA-fPzTERhmQGAfTpdCg,ECONSAVE Mart Bandar Tasik Kesuma,Bandar Sri Kesuma,Semenyih,2.9061782,101.8647273,3.9,9,,Indie mart,Tier 1,8.98
ChIJGUBeOFKrzTERNhNwf8i2si8,99 Speedmart 1195 Port Klang 2,"38 & 40, Jalan Sungai Aur",Pelabuhan Klang,2.9995115,101.3966361,3.9,9,03-3362 6863,99 Speedmart,Tier 1,8.98
ChIJi_-1MAFJzDER4iztV37zvTU,99 Speedmart 3453 PJ Midtown,"No: LG-16 (Ground Floor, PJ Midtown, Jalan Kemajuan, Seksyen 13",Petaling Jaya,3.1137753,101.6398976,3.9,9,03-3362 6863,99 Speedmart,Tier 1,8.98
ChIJz5PMCiJHzDERdGpLIfhLMPU,99 Speedmart 1340 Taman Sri Batu Caves,"No: 108 & 110 (GF, Jalan Sbc 3, Taman Sri Batu Caves",Batu Caves,3.2346876,101.6877199,3.9,9,03-3362 6863,99 Speedmart,Tier 1,8.98
ChIJVXgtXE_ozTER5ZCZEApfLac,Break-Time Mart,"Persiaran Metro Sendayan 1, Bandar Sri Sendayan, Kampong Felda Sendayan",Siliau,2.6933665,101.8545492,5.0,5,,Indie mart,Tier 1,8.96
ChIJq6qqqm7dzTEREB5Xw9vCIK4,Saigon New Mart,"39, Jalan MPK 4",Seremban,2.7138701,101.9124771,5.0,5,013-523 4566,Indie mart,Tier 1,8.96
ChIJyZflVmq5zTERS6AA8u9CW2w,99 Speedmart 2610 Taman Ambar,"No: 27 (Ground Floor, Jalan Ambar 1, Taman Ambar",Dengkil,2.8494223,101.6499789,3.1,17,03-3362 6863,99 Speedmart,Tier 1,8.96
ChIJ6TuxNpOvzTERLrRBprgiomo,AZ Zain Mart,"19, Jalan Pahlawan 1, Taman Pahlawan",Telok Panglima Garang,2.9127507,101.4795125,5.0,5,,Indie mart,Tier 1,8.96
ChIJWamlj863zTER59eQGF6pvu8,Eco Fresh Mart Cristal Residence,Jalan Fauna 1,Cyberjaya,2.9185356,101.6465645,5.0,5,011-5000 9911,Indie mart,Tier 1,8.96
ChIJIQnaxVi1zTERct_C-ThZZYk,99 Speedmart 3048,"No : 37 (Ground Floor, Jalan SP 3/1, Taman Saujana Puchong",Puchong,2.9925369,101.6381612,5.0,5,03-3362 6863,99 Speedmart,Tier 1,8.96
ChIJf_IVMgBLzDERsE0IrlPPjzw,I Smart Grocer,"NO 5, JALAN PRIMA 7/2, Taman Puchong Prima",Puchong,2.9990842,101.596659,5.0,5,017-719 1306,Sundry/grocer,Tier 1,8.96
ChIJxz9MAV21zTERNspTDNGk84M,QQ Mart,"38, Jalan PSK 10, Pusat Perdagangan Seri Kembangan",Seri Kembangan,3.0159804,101.6979954,5.0,5,,Indie mart,Tier 1,8.96
ChIJNQpVT1q1zTERY8JkhxODkL0,KK Supermart Bukit Serdang BSD,"20-1, Jalan BS 4/1, Taman Bukit Serdang",Seri Kembangan,3.0211669,101.699601,3.1,17,016-330 8087,KK Mart,Tier 1,8.96
ChIJN9pIb27LzTERCrMgjzT7I_w,RS7 MART,"Lot1, Ground Floor, Residensi Sutera 7, Taman Sutera",Kajang,3.0094304,101.7674821,5.0,5,018-242 2959,Indie mart,Tier 1,8.96
ChIJ2WbuDN1TzDERouOe30zplG8,Fanaboy Mart (KEDAI RM2 KEATAS),"21, Jalan Harmoni 1A/KU3, Kristal Klang Commercial Centre",Klang,3.069507300000001,101.4342416,5.0,5,017-258 7553,Generic kedai,Tier 1,8.96
ChIJvzOVV5JTzDEROPqXe4BAEeI,99 Speedmart 2837 Taman Intan,"77 & 79 (Ground Floor, No:, Jalan Batai Laut 3, Taman Intan",Klang,3.0571713,101.4740252,5.0,5,03-3362 6863,99 Speedmart,Tier 1,8.96
ChIJjf0_yiw1zDERoJdPfusEqxU,99 Speedmart 1270 Taman Tun Perak,"No: 1-1(G, Jalan Tun Perak 1, Taman Tun Perak",Cheras,3.0623367,101.7587208,2.9,21,03-3362 6863,99 Speedmart,Tier 1,8.96
ChIJjUsWJX5FzDERbPcQsl8Hkjk,AGROBEST SPEED MART,"U20, 2366-2367, Jalan 1A/3 Seksyen, Bandar Baru Sungai Buloh",Shah Alam,3.2107872,101.5654664,5.0,5,016-332 4807,Indie mart,Tier 1,8.96
ChIJnfBhTe1HzDERsOm0GIJKpRI,"99 Speedmart 1174 Permata Magna, Kepong","No:17 & 19(G), Permata Magna, Jalan Metro 2, Off, Jalan Kepong",Kuala Lumpur,3.21294,101.636932,3.1,17,03-3362 6863,99 Speedmart,Tier 1,8.96
ChIJGbwKawI1zDERlyeInZ6kyAw,"KK SUPER MART Cheras, Taman Rasa Sayang (CRS)","a3, 1-12, Jalan Prima 1, Taman Rasa Sayang",Cheras,3.0730362,101.7587669,3.6,11,016-330 8003,KK Mart,Tier 1,8.95
ChIJZcmUGQ_LzTER9dJNfse6Axg,99 Speedmart 3293 Dataran Jade 2 (1),"No: 5 & 6 (Ground Floor Jalan Dataran Jade 2, 1, Dataran Jade 2, Jade Hills",Kajang,2.9980859,101.7488417,4.3,7,03-3362 6863,99 Speedmart,Tier 1,8.94
ChIJ18FI73w1zDERNoxxrj_Dm-E,KK SUPER MART Pekan Sungai Besi (PSB),"15, Jalan Pejabat Pos, Pekan Sungai Besi",Kuala Lumpur,3.0643844,101.7104462,4.3,7,016-330 8307,KK Mart,Tier 1,8.94
ChIJqSvzbMdWzDERIeU0r7_ear0,KK Super Mart Jalan Meru Setia • JMS,"11, Jalan Meru Setia 1, Taman Sri Saujana, Off Persiaran Hamzah Alang, Meru Setia",Klang,3.135897700000001,101.4188733,3.3,14,016-330 8004,KK Mart,Tier 1,8.94
ChIJdYTVCtFJzDERK9kKU3zreOQ,KK Super Mart (JCL2),"27, Jalan Tun Tan Cheng Lock, City Centre",Kuala Lumpur,3.145279200000001,101.698367,3.3,14,016-330 8257,KK Mart,Tier 1,8.94
ChIJYxlh2D1tzDERPzA5d-N3vz8,"KK SUPER MART Batang Kali, Jalan Meranti (BKM)","49G, Jalan Meranti 2b, Seksyen 3 Bandar Utama Batang Kali",Batang Kali,3.459535,101.655177,3.3,14,,KK Mart,Tier 1,8.94
ChIJUwZ6xjBPzDERNbervLjVKxY,KK Super Mart Damansara Perdana (DPN),"1 - 1, Jalan PJU 8/5F, Bandar Damansara Perdana, Perdana Business Centre",Petaling Jaya,3.1665293,101.606186,2.7,26,016-330 8068,KK Mart,Tier 1,8.9
ChIJPUHg5R_JzTERb5t9mjZfJxQ,99 Speedmart 2473 Bangi Sek 1,"No: 4 & 5 Ground Floor Jalan Seksyen 1/4, Seksyen 1 Bandar Baru Bangi",Bandar Baru Bangi,2.9439521,101.7693077,3.7,10,03-3362 6863,99 Speedmart,Tier 1,8.87
ChIJ9Ztt6Zi1zTER9-uR80MtA8A,99 Speedmart 1114 Taman Wawasan Puchong,"No.40, 42 & 44, Jalan Wawasan 5/2, Pusat Bandar Puchong",Puchong,3.0253561,101.6282784,3.7,10,03-3362 6863,99 Speedmart,Tier 1,8.87
ChIJLdK3zhI3zDERKQOX2CmeQ1M,99 Speedmart 1673 Pandan Perdana 3,"Ground Floor, No: 20 & 22, Jalan Perdana 2/3A, Pandan Perdana",Kuala Lumpur,3.1158112,101.7397093,3.2,15,03-3362 6863,99 Speedmart,Tier 1,8.87
ChIJ3_Nhg0VHzDERkk2iGG7tahg,99 Speedmart 1209 Bandar Baru Selayang,"NO. 4 & 6, Jalan 2/8, Bandar Baru Selayang, 8a, Jalan 2/8, Dataran Templer",Batu Caves,3.255923699999999,101.6565046,2.9,20,03-3362 6863,99 Speedmart,Tier 1,8.83
ChIJ26xhH6fFzTER7kybWbQHRwY,99 Speedmart 2925 (NS) Taman Surian,"No: 11 & 12 (Ground Floor, Jalan Surian 11, Taman Surian",Mantin,2.8355536,101.8676388,4.0,8,03-3362 6863,99 Speedmart,Tier 1,8.79
ChIJ0xBHnunKzTERNE13yejj-8o,KK SUPER MART Taman Putra Budiman (TPB),"22, Jalan Budiman 2/2, Taman Putra Budiman",Seri Kembangan,3.0110639,101.7364856,4.0,8,010-666 3308,KK Mart,Tier 1,8.79
ChIJLz-muZW_zTERHR5ltELRxHo,"KK SUPER MART KLIA Terminal 2, Gateway (GWY2)","Unit L2M-20 & L2M-21, Level 2M, Gateway @ KLIA 2, Terminal KLIA 2, KL International Airport, Jalan KLIA 2/1, KLIA",Sepang,2.7430049,101.6861262,3.1,16,016-330 8219,KK Mart,Tier 1,8.78
ChIJV7VwTtTHzTERM3_DcAvM6A8,Econsave Taman Seroja - Pasar Ekonomi Mart,"5 & No 7, Jalan Seroja 6, Taman Seroja",Sepang,2.828226,101.730498,4.5,6,,Indie mart,Tier 1,8.76
ChIJp9xUnrzIzTERkRNoAUYZ9gQ,99 Speedmart 2103 Bandar Seri Putra 2,"Ground Floor, No: 9 & 10, 11, Jalan Seri Putra 3, Bandar Seri Putra",Kajang,2.886955,101.7807725,4.5,6,03-3362 6863,99 Speedmart,Tier 1,8.76
ChIJ13GC4vYzzDERxboeFutOm10,KK SUPER MART Hulu Langat (HLG14),"17, Jalan Lagenda Suria 1, Taman Lagenda Suria",Hulu Langat,3.098659,101.801795,4.5,6,016-330 8244,KK Mart,Tier 1,8.76
ChIJLYZYq7XJzTER-PlsL7OgQY4,"KK SUPER MART Kajang, Villa Tropika (KVT)","No.10 Ground Floor, Jalan Villa Tropika 1, Taman, Jalan Villa Tropika",Kajang,2.941045,101.7902919,3.8,9,,KK Mart,Tier 1,8.75
ChIJod4mX2LLzTER2O-FV_jr9Ew,99 Speedmart,"B-G-18, B-G-19 & B-G-20, Blok B, Jalan Cheras Prima 3, Taman Cheras Prima",Kajang,3.0123115,101.766772,3.8,9,03-3362 6863,99 Speedmart,Tier 1,8.75
ChIJ0-szan5RzDERmr0mWQ36K7g,99 Speedmart 2531 Taman Desa Bukit Delima,"Ground Floor, No: 1 & 3, Jalan 6, Taman Desa Bukit Delima",Kapar,3.169261300000001,101.4354336,3.8,9,03-3362 6863,99 Speedmart,Tier 1,8.75
ChIJNbfcF9lGzDERFLo2KGwwy3E,KK Super Mart Bandar Baru Selayang (BBS),"12G, Jalan 2/12, Dataran Templer",Batu Caves,3.2566145,101.6577693,2.5,32,016-330 8051,KK Mart,Tier 1,8.74
ChIJkUb7Jxw1zDERPH9wHISRXb4,KK SUPER MART Taman Dahlia (TBA),"91, Jalan 34/154, Taman Dahlia",Cheras,3.0575078,101.74876,3.4,12,016-330 8195,KK Mart,Tier 1,8.72
ChIJJwxTA8RHzDER-0luPXF27_Y,99 Speedmart 1257 Taman Fadason,"No: 92 & 92A (Ground Floor), Jalan 2/17, Off, Jalan Besar Kepong, Taman Fadason",Kuala Lumpur,3.2157537,101.6531524,3.4,12,03-3362 6863,99 Speedmart,Tier 1,8.72
ChIJKViqORzEzTERoodDd9mRX2Q,99 Speedmart 1423 (NS) Desa Jasmin,"PT 7527 (GF, Jalan BBN 4/1a, Taman Desa Jasmin",Nilai,2.8111861,101.8017944,3.5,11,03-3362 6863,99 Speedmart,Tier 1,8.7
ChIJT5YYaYY3zDERNo2vrxHASAI,99 Speedmart 2481 Taman Keramat Permai,"No: 2 (Ground Floor, Jalan AU 1a/4c, Taman Keramat Permai",Kuala Lumpur,3.1770014,101.7380389,3.5,11,03-3362 6863,99 Speedmart,Tier 1,8.7
ChIJH0VEWaVdzDER_gINF_Q3LXE,99 Speedmart 1322 Bandar Tasik Puteri 1,"No: 7 & 9 (GF), Jalan Hijau 5/1 Bandar Tasik Puteri, Kampung Baru Kundang",Rawang,3.281319899999999,101.4651075,3.5,11,03-3362 6863,99 Speedmart,Tier 1,8.7
ChIJzwrqhaI0zDERi80Whp_rfKc,99 Speedmart 1106 Bandar Mahkota Cheras 1,"No.21, Jalan Temenggung 5/9, Seksyen 9 Bandar Mahkota Cheras",Cheras,3.0515167,101.7889509,2.9,19,03-3362 6863,99 Speedmart,Tier 1,8.69
ChIJiXpzK3GxzTERE7Xd4SNSeUI,99 Speedmart 2389 Bandar Tropicana Aman 1,"Ground Floor, No: 22A & 26, Jalan Aman Sinaria 9, Bandar Tropicana Aman",Telok Panglima Garang,2.9427074,101.528598,3.2,14,03-3362 6863,99 Speedmart,Tier 1,8.67
ChIJD_8szcJPzDERFIKoP87xS64,99 Speedmart 1134 Kota Damansara,"No: 32, Jalan Pekaka 8/4, Seksyen 8 Kota Damansara",Petaling Jaya,3.175617,101.575249,2.6,27,03-3362 6863,99 Speedmart,Tier 1,8.66
ChIJV-DcTPU2zDERBqEArHlw9qw,KK SUPER MART Pandan Perdana (PPD),"16, Jalan Perdana 4/8, Pandan Perdana",Kuala Lumpur,3.1208634,101.7430742,3.6,10,016-202 3631,KK Mart,Tier 1,8.63
ChIJh017IRZhzDERlr0agkpAWAI,99 Speedmart 2809 Taman Sri Cahaya,"Ground Floor, No: 26 & 27, Jalan 1, Taman Seri Cahaya",Batang Berjuntai,3.377653999999999,101.3969893,3.6,10,03-3362 6863,99 Speedmart,Tier 1,8.63
ChIJU6xVQqZtzDERO8ArstZxheY,99 Speedmart 2812 Batang Kali 3,"Perniagaan Jalan Ara, No: 48 (Ground Floor, Jalan Ara 2",Batang Kali,3.4566801,101.6609642,3.6,10,03-3362 6863,99 Speedmart,Tier 1,8.63
ChIJ7_W-lZXdzTER37fGjiE3GYA,99 Speedmart 1692 (NS) Galla Industrial Park,"Ground Floor, No: 35 & 36, Jalan Mutiara Galla 11, Galla Industrial Park",Seremban,2.7368057,101.8997169,4.8,5,03-3362 6863,99 Speedmart,Tier 1,8.6
ChIJBz1JPnO3zTERaHE9Ae9R6pA,Hello Mart Cyberjaya,"FR 02 02, Tamarind Suites, Tamarind Square",Cyberjaya,2.9187051,101.6371784,3.1,15,,Indie mart,Tier 1,8.6
ChIJ-bAGbn3OzTERM73BAIJnV4s,99 Speedmart 1274 Semenyih Sentral,"Ground Floor, No: 19 & 21, Jalan Semenyih Sentral 1, Taman Semenyih Sentral",Semenyih,2.9453365,101.8436364,3.1,15,03-3362 6863,99 Speedmart,Tier 1,8.6
ChIJ29WKJrxTzDERKbLPqoN5CW4,GT Mart Ken Rimba,"D-60, KEN RIMBA, 1, Jalan Lengkuas D16/D, Seksyen 16",Shah Alam,3.0543545,101.4836769,4.8,5,03-3292 8822,Indie mart,Tier 1,8.6
ChIJ07bMQtRJzDERKCjUvjZ_9IY,99 Speedmart 2191 Taman Seputeh,"Ground Floor, No: 62-2 & 62-3, Jalan Bukit Raja, Taman Seputeh",Kuala Lumpur,3.1200164,101.6798345,3.1,15,03-3362 6863,99 Speedmart,Tier 1,8.6
ChIJCZY4jYJHzDERvyZrD8e8wCM,99 Speedmart 1560 Pusat Perdagangan Selaseh,"No: 7 & 8, Jalan PSS 2, Pusat Perdagangan Selaseh",Batu Caves,3.229120099999999,101.6977401,4.8,5,03-3362 6863,99 Speedmart,Tier 1,8.6
ChIJk4f1v1lNzDERWFRdCvxx6yM,99 Speedmart 1095 Subang Jaya SS15,"No: 3 & 5, Jalan SS 15/8a",Subang Jaya,3.0740503,101.5881119,2.5,30,03-3362 6863,99 Speedmart,Tier 1,8.58
ChIJeZEB6hnezTERzk3GGfwNf28,99 Speedmart 1432 (NS) Taman Ampangan,"No: 1431 & 1432 (GF, Lorong Cengal 10/2, Taman Ampangan",Seremban,2.7264521,101.9991836,3.9,8,03-3362 6863,99 Speedmart,Tier 1,8.57
ChIJBRWW6G_JzTERiMy3DuQJzPU,Gmart,Taman Persiaran Bangi,Bandar Baru Bangi,2.9433666,101.7643353,3.9,8,,Indie mart,Tier 1,8.57
ChIJwRQzRwBRzDERZhSA5rnK0Zo,Asiamart Setia Alam Taipan,"Jalan Setia Gemilang BG U13/BG, Setia Alam",Shah Alam,3.1280586,101.4687454,2.6,26,,Indie mart,Tier 1,8.57
ChIJJY5KSAAVzDERCNP62JFuOL4,Mountain Mart 24hours,"Lot No. 2, Level 15th, Resorts World, Entrance to the staff dormitory, enter from the entrance next to the Grand Hotel",Genting Highlands,3.4245496,101.7923698,3.9,8,,Indie mart,Tier 1,8.57
ChIJ-aeINDdFzDERcV8KWLGYAEY,99 Speedmart 1229 MasGenuine Square,"No: 15 & 16, Jalan Melati, Taman Masgenuine Square",Kuang,3.2360308,101.5418684,2.9,18,03-3362 6863,99 Speedmart,Tier 1,8.54
ChIJy9ulBFPFzTERrkNofF1iQ5o,Myint Myat - Myanmar Mart & Restaurant,"5801 and 5802, Jalan TS 2/7f, Taman Semarak",Nilai,2.8223684,101.8170559,4.1,7,017-280 6497,Indie mart,Tier 1,8.53
ChIJ9SKp9rK5zTERnAoGMTxJNls,99 Speedmart 3244 Kota Warisan 3,"Arena arisan Puteri, No: AX03 & AX03A (Ground Floor, Arena Xchange, Jalan, Kota Warisan",Sepang,2.8243564,101.6923068,4.1,7,03-3362 6863,99 Speedmart,Tier 1,8.53
ChIJAxvZN9nLzTERt8Mer2KIuoc,99 Speedmart 1493 Setia Balakong,"No : 34, Jln Setia Balakong 1/1, Tmn, Taman Setia Balakong",Kuala Lumpur,3.014567,101.7525067,4.1,7,03-3362 6863,99 Speedmart,Tier 1,8.53
ChIJbfkAnvDnzTERHCun1dbV5Ug,99 Speedmart 2219 (NS) Taman Layang-Layang,"Ground Floor, No: 281 & 282, Jalan Layang-layang 9/1, Taman Layang-layang",Rahang,2.693750000000001,101.9590556,3.7,9,03-3362 6863,99 Speedmart,Tier 1,8.52
ChIJN-Pc8uWszTER8zEdaDOalOg,KK Supermart Taman Sri Sentosa (TSS),"88, Lorong Dato Yusuf Shahbudin 30, Taman Melawati, Off Jalan Sungai Jati",Klang,3.0102459,101.4684674,3.3,12,016-330 8240,KK Mart,Tier 1,8.46
ChIJAAAAAAAAAAARhZW34Yye75s,KK Super Mart Metro Prima Kepong (MPK),"20, Jalan Prima, Vista Magna Block B, Metro Prima Kepong",Kepong,3.213504,101.6426659,3.3,12,016-330 8267,KK Mart,Tier 1,8.46
ChIJY8HCPMizzTER1ZcufhEik0s,99 Speedmart 1421 Taman Mas Puchong,"91-G-GF, Spring Court, 2, Lingkaran Dagang Mas, Taman Mas Sepang",Puchong,2.975174,101.580116,3.4,11,03-3362 6863,99 Speedmart,Tier 1,8.45
ChIJHwNc91ZTzDERzRIDXDoc3MU,99 Speedmart 1740 Taman Melawis,"No 7 & 9(Ground Floor, Jalan Emas, Taman Melawis",Klang,3.0430641,101.436933,3.4,11,03-3362 6863,99 Speedmart,Tier 1,8.45
ChIJ5-kNXEUxzDERUhwkyP_tzLI,99 Speedmart 1587 Pinggiran Delima,"No: 7 & 8. Jalan Pinggiran Delima 2/5 Tmn Pinggiran Delima, Batu 14 Hulu Langat",Hulu Langat,3.121454999999999,101.8098572,3.4,11,03-3362 6863,99 Speedmart,Tier 1,8.45
ChIJSSG-o_TJzTERywI9xMbYrXw,99 Speedmart 2168 Savanna Lifestyle Retail,"Savanna Lifestyle Retail, No: B-G-21 & 22 (Ground Floor, Jalan BBLS 1, Bandar Baru Lembah Selatan",Dengkil,2.9027778,101.7643333,3.2,13,03-3362 6863,99 Speedmart,Tier 1,8.44
ChIJDWAuFo2xzTERc_c6xpKbC24,99 Speedmart 2980 Bandar Tropicana Aman 2,"No: 52A & 56 (Ground Floor, Jalan Aman Tiara 7, Bandar Tropicana Aman",Telok Panglima Garang,2.9499596,101.5262496,3.2,13,03-3362 6863,99 Speedmart,Tier 1,8.44
ChIJL1xJlC2tzTERQQ3lkg6Qpd4,99 Speedmart 1159 Bandar Putera,"No:1, Jalan Kebun Nenas, 1A, KS 7, Bandar Putera",Klang,2.9964004,101.4908346,3.2,13,03-3362 6863,99 Speedmart,Tier 1,8.44
ChIJpywmkStLzDERiK9KBcdveho,99 Speedmart 1515 Taman Danau Desa,"No: 1, Jalan 5/109, Plaza Danau 2, Tmn, Taman Danau Desa",Kuala Lumpur,3.0996165,101.6869087,2.5,28,03-3362 6863,99 Speedmart,Tier 1,8.42
ChIJO2nn0xLHzTER_XpAGoBVq90,emart24 USIM,"LOT 6, 7, 8, 9, 10, Souq Tijari, Universiti Sains Islam Malaysia, Bandar Baru Nilai",Nilai,2.8409112,101.7783795,3.1,14,,Indie mart,Tier 1,8.39
ChIJ88K6pZy3zTERsRGh4LAOpVc,99 Speedmart 1116 Taman Putra Perdana,"No.2, Jalan Putra Perdana 2/3, Taman Putra Perdana",Puchong,2.946742999999999,101.617989,3.1,14,03-3362 6863,99 Speedmart,Tier 1,8.39
ChIJL7kczuHLzTER17WPvtd4sk4,99 Speedmart 1771 Bangi Sekyen 4 (2),"No 18 & 20 ground floor, Jalan 4/1b, Seksyen 4 Tambahan Bandar Baru Bangi",Bandar Baru Bangi,2.9547788,101.7783351,3.5,10,03-3362 6863,99 Speedmart,Tier 1,8.39
ChIJGwDvIw1PzDERDT1bY3KtvHU,99 Speedmart 1538 Kota Damansara Sek 5,"5, 35 (Ground Floor), Jalan Sepah Puteri, 113, Pusat Dagangan Seri Utama, Pju 5 Kota Damansara",Petaling Jaya,3.155131,101.582932,3.1,14,03-3362 6863,99 Speedmart,Tier 1,8.39
ChIJ61QZ4UpJzDERbwUWbPgEAes,KK SUPER MART Tuanku Abdul Rahman (TAR),"No.501, Jalan Tuanku Abdul Rahman, Chow Kit",Kuala Lumpur,3.1664564,101.6985943,3.1,14,,KK Mart,Tier 1,8.39
ChIJCW8KunRbzDERFvGT7P0RZ3c,99 Speedmart 1291 Saujana Utama,"No: 23 & 25, Jalan Bidara 9/3, Saujana Utama 3",Sungai Buloh,3.202236,101.484444,3.5,10,03-3362 6863,99 Speedmart,Tier 1,8.39
ChIJe6_eIQDPzTER3AMbBmODXCY,Emart 24 Eco Majestic,Jalan Eco Majestic 10,Beranang,2.8988965,101.8332554,2.2,44,,Indie mart,Tier 1,8.37
ChIJ_SmI-VXzzDERO5-UZH1kBug,99 Speedmart 1039 Pasir Penambang,"202 & 203 Pekan, Pasir Penambang",Kuala Selangor,3.349209099999999,101.2519882,4.3,6,03-3362 6863,99 Speedmart,Tier 1,8.37
ChIJH0SvzDJdzDEReYLhbBPI7Ow,99 Speedmart 3683 Taman Velox,"No: 17 & 18 (Ground Floor, Jalan Velox 4, Taman Velox",Rawang,3.3175279,101.5224204,4.3,6,03-3362 6863,99 Speedmart,Tier 1,8.37
ChIJk9yRNAnezTERpTpbQx_Qmto,99 Speedmart 2089 (NS) Taman Paroi Jaya,"Ground Floor, No: 394 & 395, Persiaran Rajawali, Taman Paroi Jaya",Seremban,2.7306214,101.9860701,3.8,8,03-3362 6863,99 Speedmart,Tier 1,8.35
ChIJV7rvk5LPzTERsvbkxqpao1g,ECONSAVE Mart Eco Majestic,"25, Jalan Eco Majestic 3A/1",Beranang,2.9092416,101.8510901,3.8,8,03-8727 3028,Indie mart,Tier 1,8.35
ChIJueRniumzzTERi_fJ7N5HQNM,99 Speedmart 2673 Kota Kemuning 5,"No: 41 (Ground Floor Jalan BB 31/BB Kota Kemuning, Seksyen 31",Shah Alam,2.9855237,101.5401506,3.8,8,03-3362 6863,99 Speedmart,Tier 1,8.35
ChIJo3NPDGWzzTERCIBWy3be-5Y,Jimart Puchong Perdana,"17, Jalan Kekwa 1, Taman Puchong Perdana",Puchong,3.007103799999999,101.6061772,3.8,8,013-336 3999,Indie mart,Tier 1,8.35
ChIJS4IOt6o5zDERZR2hpLqaZwQ,"KK SUPER MART Taman Melawati, Jalan Negara (MJN)","No. 54-G, Jalan Negara, Taman Melawati",Kuala Lumpur,3.2104496,101.7508024,3.0,15,016-330 8364,KK Mart,Tier 1,8.32
ChIJt75qsAJPzDERbQ5ahc1lRCo,Pasar Mini My Aladdin (M) Sdn.Bhd.,"No. 18, Jalan Camar 4/3, Kota Damansara",Petaling Jaya,3.153841,101.579045,3.6,9,03-6143 3747,Mini-mart,Tier 1,8.29
ChIJVeThRXVCzDERw3OPJZ3eBxs,99 Speedmart 1629 Seri Pagi,"Ground Floor, No: 19 & 21, Jalan Seri Pagi 1, Kampung Sungai Choh",Rawang,3.3489093,101.5922315,3.6,9,03-3362 6863,99 Speedmart,Tier 1,8.29
ChIJ58ki887gzTERp4vgbXHGVUI,HPA Mart Senawang,"No. 19 & 19A, Ground Floor & First Floor, Jalan Cempaka 28, Pusat Perniagaan Cempaka, 70450, Senawang",Negeri Sembilan,2.6908459,101.9874954,4.6,5,06-677 5161,Indie mart,Tier 1,8.24
ChIJCUt9fWerzTERuekQJ7iAHhY,Kedai Runcit Dua Saudara,"Jalan Batu Unjur, Taman Bayu Perdana",Klang,3.0169145,101.4260401,4.6,5,,Kedai runcit,Tier 1,8.24
ChIJ87uqfWnLzTEREE-wUrr7w1A,99 Speedmart 2404 SIlk Sky Residensi,"No: 01-03A & 01-05 (Ground Floor), Silk Sky Residensi, Jalan KB 2/15 Kampung Baharu Balakong",Seri Kembangan,3.0277276,101.7505264,4.6,5,03-3362 6863,99 Speedmart,Tier 1,8.24
ChIJd0vmW4e_zTERmXfcfcUPHcY,Xpress Mart,Kuala Lumpur International Airport,Sepang,2.7538032,101.7069089,2.9,16,,Indie mart,Tier 1,8.22
ChIJpw1nt9w3zDER0GxQd9A_OJI,99 Speedmart 1277 Pandan Perdana,"Ground Floor, No: 70 & 72, Jalan Perdana 6/8, Pandan Perdana",Kuala Lumpur,3.1128056,101.7423539,2.9,16,03-3362 6863,99 Speedmart,Tier 1,8.22
ChIJG8UhuZo3zDERGeBWWl_tdbM,99 Speedmart 1846 Taman Setiawangsa,"8-1 Ground Floor, No:, 1, Jalan Jelatek, Taman Setiawangsa",Kuala Lumpur,3.1794861,101.7419868,2.9,16,03-3362 6863,99 Speedmart,Tier 1,8.22
ChIJYXzhdkW7zTERSko7F5KtVDk,99 Speedmart 2830 Bandar Mahkota Banting,"Ground Floor, No: 8-G-92 & 8-G-94, Jalan Usahawan 2, Bandar Mahkota Banting",Banting,2.8319239,101.553009,3.2,12,03-3362 6863,99 Speedmart,Tier 1,8.21
ChIJ21Wvgs7PzTERA7--m4OrE_M,99 Speedmart 2687 Eco Majestic 2,"Ground Floor, Restoran Mashyur, No: 2A & 6, Jalan Eco Majestic 9/1B",Semenyih,2.901446500000001,101.8371484,3.2,12,03-3362 6863,99 Speedmart,Tier 1,8.21
ChIJv_xCR_zLzTERZxpi9V_zhU8,"KK SUPER MART Kajang, Pusat Hentian (KPH)","10, Jalan Hentian 1, Pusat Hentian Kajang",Kajang,2.9572528,101.7906165,3.2,12,016-330 8316,KK Mart,Tier 1,8.21
ChIJwyy_2XLOzTERMNGQVzRDE6I,99 Speedmart 1733 Taman Tasik Semenyih,"Ground Floor, No: 3 & 5, 5, Jalan TTS 2, Taman Tasik Semenyih",Semenyih,2.9456876,101.8655938,3.2,12,03-3362 6863,99 Speedmart,Tier 1,8.21
ChIJdRqzIZdTzDER9RqQ3BvKXbQ,"99 Speedmart 1128 Jalan Kapar, Klang","No. 14 & 16, Jalan Kapar",Klang,3.050602800000001,101.4484791,3.2,12,03-3362 6863,99 Speedmart,Tier 1,8.21
ChIJKZ0wOYVKzDERg8Df1APlWTg,KK Supermart Endah Promenande (EPM),"A-G-5, Endah Promenade, Jalan 3/149E, Taman Sri Endah, Sri Petaling",Kuala Lumpur,3.063839,101.6971031,3.2,12,016-330 8286,KK Mart,Tier 1,8.21
ChIJKdGMFWLnzTERNT_Pu285ZEk,99 Speedmart 1377 (NS) Taman Thivy Jaya,"No: 721 & 722, Jalan Merak 16, Taman Thivy Jaya",Seremban Jaya,2.689306699999999,101.942337,3.3,11,03-3362 6863,99 Speedmart,Tier 1,8.2
ChIJkWLRyNA1zDERdU0_jMqHtso,ECONSAVE Mart Bandar Sungai Long,"1, Jalan SL 1/12, Bandar Sungai Long",Kajang,3.0416461,101.7913526,3.3,11,03-9010 9948,Indie mart,Tier 1,8.2
ChIJoVYRoRZFzDERRzwrQvAyyZY,KK Super Mart Wangsa Permai (WPM),"No. 26, Jalan Wangsa 2/5 Taman Wangsa Permai, Wangsa Permai",Kuala Lumpur,3.209094,101.6103371,3.3,11,010-220 8341,KK Mart,Tier 1,8.2
ChIJD0_SOwTLzTERTGKQPFReadk,99 Speedmart 1288 Taman Seri Serdang,"No: 3360 & 3361, Jalan 18/31, Taman Sri Serdang",Seri Kembangan,3.0098903,101.7137694,3.1,13,03-3362 6863,99 Speedmart,Tier 1,8.18
ChIJGfenJRhJzDERZcRG2zUjYq0,99 Speedmart 2330 KL Chow Kit,"Ground Floor, No: 47 & 48, Jalan Chow Kit",Kuala Lumpur,3.166502099999999,101.6965254,3.1,13,03-3362 6863,99 Speedmart,Tier 1,8.18
ChIJnx7p5nTfzTERujOSboedpmk,"KK SUPER MART Seremban, Paroi Jaya (SPJ)","389, Persiaran Rajawali, Taman Paroi Jaya",Seremban,2.7305986,101.9863859,4.2,6,016-330 8429,KK Mart,Tier 1,8.17
ChIJXVXDUEdfzDERr3QWI_wgmFw,ECONSAVE Mart Ijok Permai,"32, Jalan Ijok Permai, 1, Pusat Niaga Ijok Permai, Ijok",Kuala Selangor,3.3101855,101.4215843,4.2,6,,Indie mart,Tier 1,8.17
ChIJv6kjckJHzDERMLXKdfXLYxw,KK SUPER MART Pinggiran Batu Caves (PBC),"5-G, Jalan PGN 1A/1, Taman Pinggiran",Batu Caves,3.250619,101.6915443,4.2,6,016-330 8374,KK Mart,Tier 1,8.17
ChIJUTEXGpm3zTERtejHMMPnmDs,99 Speedmart 2699 Taman Jenderam Damai,"Ground Floor, No: 1 & 2, Jalan JD 1, Taman Jenderam Damai",Dengkil,2.878629,101.7002339,3.4,10,03-3362 6863,99 Speedmart,Tier 1,8.15
ChIJhWiOxPO1zTERGjhXiG3gc_8,99 Speedmart 2166 Taman Lestari Putra,"1B, No: 31 & 32 (Ground Floor, Taman, Jalan LEP 1/5, Lestari Putra",Seri Kembangan,2.9940219,101.6514351,3.4,10,03-3362 6863,99 Speedmart,Tier 1,8.15
ChIJyQiMYwDNzTERMDAufkXNWII,CU Mart Kajang,"15, Jalan Mutiara 1, Mutiara Heights",Kajang,3.0113245,101.8127871,2.5,25,,Indie mart,Tier 1,8.15
ChIJX2aRd4mrzTERORfu-oiE40Y,99 Speedmart 3595 Telok Gong 2,"No: 3 & 5 (Ground Floor Jalan Ikan Jenahak 20, Jalan Telok Gong",Pelabuhan Klang,2.9636487,101.3906848,3.9,7,03-3362 6863,99 Speedmart,Tier 1,8.11
ChIJJSLc41nLzTERZAA4apyrSdA,STOP & SHOP MART - Kajang MKH Boulevard,"G-11, MKH Boulevard, Jalan Changkat, Bandar Kajang",Kajang,2.9902018,101.7925434,3.9,7,012-485 3802,Indie mart,Tier 1,8.11
ChIJrXSYPPfnzTER6MxJlxz6vrE,99 Speedmart 3581 (NS) Taman Yoon Fook,"No: 2 (Ground Floor, Jalan Seroja 4, Taman Yoon Fook",Seremban,2.7014354,101.962875,5.0,4,03-3362 6863,99 Speedmart,Tier 1,8.05
ChIJmR-lcoznzTERLoSNMpOS9Ts,99 Speedmart 3477 (NS) Taman Dusun Setia,"No: 26 & 27 (Ground Floor Jalan Melati 2, Jalan Dato Muda Linggi, Taman Dusun Setia",Seremban,2.7151522,101.961231,5.0,4,03-3362 6863,99 Speedmart,Tier 1,8.05
ChIJgV9qTB1LzDERKSoVh5Zp1cI,99 Speedmart 3846 Taman Ruby,"No: 23-G & 25-G (Ground Floor, Jalan Ruby 12, Taman Ruby",Dengkil,2.8609484,101.6403197,5.0,4,03-3362 6863,99 Speedmart,Tier 1,8.05
ChIJzUE3FQCxzTER7sysJIyHNsw,Al-Kahf Fresh Mart,"A-1-07, pusat perniagaan maya, jalan cove sentral 1, bandar gamuda cove 42700 banting",Cyberjaya,2.8943061,101.6125716,5.0,4,,Indie mart,Tier 1,8.05
ChIJH0bQxyC5zTER6aKpIUEHpc4,99 Speedmart 3718 Taman Baiduri Dengkil,"No: 1 (Ground Floor, Jalan Baiduri 8, Taman Baiduri",Dengkil,2.860707999999999,101.6821841,5.0,4,03-3362 6863,99 Speedmart,Tier 1,8.05
ChIJ35RcMgCxzTERXoqDzZ-SzqI,PASAR MINI SIANTAN,"Dengkil Daerah Sepang, Tapak Perkuburan islam, Taman Putra Perdana Di atas, Lot 45975, Mukim",Puchong,2.9465473,101.6221592,5.0,4,,Mini-mart,Tier 1,8.05
ChIJ82SKw-W1zTERpwlmZsBzx_I,Kedai RM2 Murah Jimat Saujana Puchong,"62A-G, Jalan SP 3/5, Taman Saujana Puchong",Puchong,2.9917756,101.6385287,5.0,4,03-8051 5516,Generic kedai,Tier 1,8.05
ChIJMeZ1l8vLzTERfNCdSOBr0ZY,BilaBila Mart - Menara Simfoni,"TADIKA 1, LEVEL 11, MENARA SIMFONI, JALAN SIMFONI 2 BALAKONG",Seri Kembangan,3.025830399999999,101.753023,5.0,4,,Indie mart,Tier 1,8.05
ChIJh0Qb4XFTzDEROVvmM9Wee20,Hot Spot Mart,"AAG-14, Pusat Komersil Seksyen 7, Jalan Plumbum Aa 7/Aa, Seksyen 7",Shah Alam,3.064577399999999,101.4889912,5.0,4,011-2112 7362,Indie mart,Tier 1,8.05
ChIJK25XGfJNzDERe8E3FwVikdY,KK Super Mart SA15,"58-G, Jalan Pahat G 15/G, Seksyen 15",Shah Alam,3.0638218,101.5273468,5.0,4,,KK Mart,Tier 1,8.05
ChIJpdtfQd1NzDERDsyd_JN-MmY,Pasar Mini Ole,"G11 Medan Selera, Jalan Gembala 19/9, Seksyen 19",Shah Alam,3.0551922,101.5264515,5.0,4,,Mini-mart,Tier 1,8.05
ChIJe0gY5XBRzDERLwsRNokGy3M,"KK SUPER MART Setia Alam, Jalan Setia Gemilang (SAG)","89-G, Jalan Setia Gemilang BG U13/BG, Setia Alam",Shah Alam,3.1267455,101.4708652,2.5,24,016-508 3308,KK Mart,Tier 1,8.05
ChIJM8ZWGw5XzDERsdR5H4YyUX4,Kedai Runcit Atirah Lavender Enterprises (Jalan Iskandar),Kampung Bukit Kapar,Kapar,3.1602732,101.4093742,5.0,4,,Kedai runcit,Tier 1,8.05
ChIJD6FV3qJNzDER97pQzXxq9u4,BilaBila Mart - The Arcuz,"Residensi Idaman Awan ( The Arcuz Kelana Jaya), G-01, Jalan PJU 1A/4F, Jalan SS7/26",Petaling Jaya,3.109169000000001,101.592706,5.0,4,,Indie mart,Tier 1,8.05
ChIJ67zvYJb0zDER3Dx9hluf7Us,Pasar Mini Ramli,"3, Jalan Bentara 6, Taman Bentara",Kuala Selangor,3.3317724,101.2681909,5.0,4,,Mini-mart,Tier 1,8.05
ChIJfyzHu1q1zTEROICgRqVZa9U,99 Speedmart 1281 Taman Bukit Serdang 1,"No: 7 & 9, Serdang Square, Jalan BS 5/26a, Taman Bukit Serdang",Seri Kembangan,3.022755,101.696487,2.6,21,03-3362 6863,99 Speedmart,Tier 1,8.04
ChIJtVHjJtY3zDERrJohvdJe7n0,99 Speedmart 1189 Dataran Mestika,"Dataran Mestika, 45 & 47, Jalan Mawar 15, Taman Mastika",Cheras,3.1133732,101.7556082,2.9,15,03-3362 6863,99 Speedmart,Tier 1,8.04
ChIJcRnmF6ZFzDER53fw_HfRT8Q,99 Speedmart 2331 D'sara Sentral,"No: R-G-28 & R-G-29 (Ground Floor), D'Sara Sentral Jalan Welfare, Seksyen U19",Kampung Baru Sungai Buloh,3.1987562,101.577156,2.9,15,03-3362 6863,99 Speedmart,Tier 1,8.04
ChIJO6xY6hirzTERxftFTtwN56I,99 Speedmart 1089 Bayu Tinggi,"KS 6, No.48 & 50, Jalan Bayu Tinggi 8, Batu Unjur",Klang,3.0123693,101.4291852,3.1,12,03-3362 6863,99 Speedmart,Tier 1,7.95
ChIJn9yBU-hVzDERn2UkhJXOS4Y,99 Speedmart 2755 Taman Aman Perdana 1,"Ground Floor, No: 52 & 54, Jalan Aman Perdana 10a/Ku5, Taman Aman Perdana",Klang,3.093707499999999,101.4089792,3.2,11,03-3362 6863,99 Speedmart,Tier 1,7.95
ChIJYXEINFBNzDEROTw8Wd1wees,99 Speedmart 1059 Subang Jaya SS19,"55, Jalan SS19/6",Subang Jaya,3.06567,101.5781726,2.8,16,03-3362 6863,99 Speedmart,Tier 1,7.93
ChIJr0CWYsG3zTER45ZkhHfn1pc,99 Speedmart 2911 Taman Putra Perdana 4,"2911, 4, Jalan Putra Perdana 3/1, Taman Putra Perdana",Puchong,2.9426518,101.6204862,3.6,8,03-3362 6863,99 Speedmart,Tier 1,7.91
ChIJr2mT3ZSxzTERX9MrXgh_khE,99 Speedmart 2748 Eco Santuari,No 60 & 62 (Ground Floor Jalan Eco Santuari 8/2B Eco Santuari,Telok Panglima Garang,2.9455922,101.5429534,3.6,8,03-3362 6863,99 Speedmart,Tier 1,7.91
ChIJPaFsQHyxzTERDvKVQ_TNXMg,99 Speedmart 1792 Taman Saujana Putra 2,"Ground Floor, No: 24 & 26, Jalan SP 1/2, Bandar Saujana Putra",Jenjarom,2.9525311,101.5769123,3.6,8,03-3362 6863,99 Speedmart,Tier 1,7.91
ChIJ4Vf-vdfLzTERaV2UQHlpYzU,"KK SUPER MART Cheras, Taming Jaya (CTJ)","No. 25-G, Pusat Perniagaan, 1 Jalan, Medan Taming Sari 3, Taman Taming Jaya",Seri Kembangan,3.023535700000001,101.7411339,3.6,8,,KK Mart,Tier 1,7.91
ChIJq4zzWjQ1zDER0UjTYiMQFmc,99 Speedmart 2380 Taman Langat Ceria,"Ground Floor, No: 15 & 17, Jalan Langat Ceria 4, Taman Langat Ceria",Hulu Langat,3.0809915,101.7867922,3.6,8,03-3362 6863,99 Speedmart,Tier 1,7.91
ChIJVVVVlTo4zDEREkJml_WCPw8,KK SUPER MART Wangsa Maju 2 (WM2),"9, Jalan Metro Wangsa, Seksyen 2 Wangsa Maju",Kuala Lumpur,3.205009,101.7360967,3.6,8,016-330 8072,KK Mart,Tier 1,7.91
ChIJU1OLsQdDzDERBvarETPlcvM,99 Speedmart 1082 Rawang,"55, Jalan Bandar Rawang 3",Rawang,3.3240095,101.5781997,3.3,10,03-3362 6863,99 Speedmart,Tier 1,7.91
ChIJo_9HTUvnzTERW-0IOtu-SSI,99 Speedmart 3656 (NS) Taman Nyior Hijau,"No: 14 & 15 (Ground Floor, Jalan Nyior Hijau 2, Taman Nyior Hijau",Seremban,2.7121475,101.9556481,4.4,5,03-3362 6863,99 Speedmart,Tier 1,7.88
ChIJX7OvhqdVzDERF1aPFprICkM,GT Mart Klang Utama 2,"18, Lorong Sungai Keramat 19, Taman Klang Utama, Klang Utama",Klang,3.084237099999999,101.420525,4.4,5,,Indie mart,Tier 1,7.88
ChIJ41TtuGI2zDERHkbyKlL0_w8,KK SUPER MART Pandan Indah (PI33),"1G, Jalan Pandan Indah 3/3A, Pandan Indah",Kuala Lumpur,3.1222062,101.7509934,3.4,9,016-330 8256,KK Mart,Tier 1,7.83
ChIJa0gU8881zDERru83Y17zLjg,KK SUPER MART Yulek (YLK),"27, Jalan Kaskas 2, Taman Cheras",Kuala Lumpur,3.1007391,101.741621,2.7,17,016-330 8006,KK Mart,Tier 1,7.8
ChIJC8yuR2hGzDERDqu19JZiNl0,KK SUPER MART Kepong Perdana (KPD),"15, Jalan Perdana 5, Taman Indah Perdana, Kepong",Kuala Lumpur,3.219441,101.6369395,2.7,17,016-330 8294,KK Mart,Tier 1,7.8
ChIJp-Tg8hhIzDERgCO2ZiKi87U,KK SUPER MART Jalan Pahang (JPH),"126, Jalan Pahang, Titiwangsa Sentral",Kuala Lumpur,3.1724473,101.6987868,4.0,6,016-330 8361,KK Mart,Tier 1,7.78
ChIJR8PJpHjGzTERmCDtoZn7WVI,99 Speedmart 1446 (NS) Nilai Impian,"No: 3 & 4 (GF, Jalan Dahlia 6/1, Nilai Impian",Nilai,2.84231,101.797302,2.8,15,03-3362 6863,99 Speedmart,Tier 1,7.76
ChIJ1b92W4LLzTERl3kGjLOu0Rg,99 Speedmart 1966 Bandar Kajang 2,"Ground Floor, No: 9 & 10, Jalan Tun Abdul Aziz",Kajang,2.9916389,101.7900278,2.8,15,03-3362 6863,99 Speedmart,Tier 1,7.76
ChIJrc-goCKtzTERJ39JAtYguVw,99 Speedmart 3774 Bukit Rimau,"No: 7 & 9 (Ground Floor, 1, Lintang Bukit Rimau, Seksyen 32",Shah Alam,3.0014418,101.520482,4.8,4,03-3362 6863,99 Speedmart,Tier 1,7.73
ChIJhX7FRYtTzDERhrqlHNT8EcU,99 Speedmart 2515 Jalan Kapar BT 2,"No: 312 & 314 (Ground Floor, Jalan Kapar, Batu 2 1/2",Klang,3.064572699999999,101.4373452,4.8,4,03-3362 6863,99 Speedmart,Tier 1,7.73
ChIJJSXkE0RHzDERMpLlIt4_Ihk,KH MART,"Ground Floor, 15 & 16, Jalan SG 1/8, Taman Sri Gombak",Batu Caves,3.2380683,101.69732,4.8,4,,Indie mart,Tier 1,7.73
ChIJH9tOgYpDzDER9X21F0j2Wh0,"KK SUPER MART Rawang, Pusat Bandar Rawang(RPB)","41G, Jalan Bandar Rawang 2, Pusat Bandar Rawang",Rawang,3.3237543,101.5770057,2.5,21,010-367 5308,KK Mart,Tier 1,7.73
ChIJJYkeW8RMzDERVnU3VRDsYGk,"KK Super Mart Subang Jaya, Taipan (STP)","25-G, Jalan USJ 10/1, Usj 2",Subang Jaya,3.0477127,101.5850722,3.1,11,016-330 8642,KK Mart,Tier 1,7.7
ChIJ3wtLAQBLzDERFb9lJNb_Oy4,CU Mart PJ Seksyen 14,"5, Jalan 14/20, Seksyen 14",Petaling Jaya,3.109451,101.6366499,3.1,11,,Indie mart,Tier 1,7.7
ChIJ5SYwqws5zDERmzLNTMc5eG8,99 Speedmart 2626 Taman Permata,"2725 & 2726 (Ground Floor, No:, Jalan Permata 4, Taman Permata",Ampang,3.2064277,101.7507511,3.1,11,03-3362 6863,99 Speedmart,Tier 1,7.7
ChIJ009TvGjHzTERCqMEwomYcxk,99 Speedmart 2778 (NS) Tiara Sendayan,No: 13 (Ground Floor Jalan Tiara Sendayan Biz 1 Pusat Komersial Tiara Sendayan,Labu,2.7019786,101.8189544,3.5,8,03-3362 6863,99 Speedmart,Tier 1,7.69
ChIJ5Sqh-MTnzTERcB0FhZBGW7g,99 Speedmart 2051 (NS) Pusat Dagangan Seremban 2,"Ground Floor, Pusat Dagangan, No: 185 & 186, Jalan S2 B22, Seremban 2",Seremban,2.6918846,101.9034609,3.0,12,03-3362 6863,99 Speedmart,Tier 1,7.69
ChIJJV4WQm7FzTERaSDgo-cz820,99 Speedmart 3387 (NS) Taman Bukit Citra,"No: 28 (Ground Floor, Jalan Bukit Citra 10/1, Taman Bukit Citra",Nilai,2.8564643,101.8362246,3.5,8,03-3362 6863,99 Speedmart,Tier 1,7.69
ChIJXeiW25rPzTERbdNE-UaZHeU,99 Speedmart 1703 Bandar Rinching 2,"Ground Floor, No: 8 & 10, Jalan 5/12, Seksyen 5 Bandar Rinching",Semenyih,2.9252348,101.8597517,3.5,8,03-3362 6863,99 Speedmart,Tier 1,7.69
ChIJ31hZ3HjNzTER8sa8iPDApYk,99 Speedmart 2298 Taman Sri Tanjung,"Ground Floor, No: 4 & 6, Jalan Sri Tanjung 17, Taman Sri Tanjung",Semenyih,2.9581933,101.8502698,3.5,8,03-3362 6863,99 Speedmart,Tier 1,7.69
ChIJ3SU6wN6rzTER2Tj3SOdrsik,99 Speedmart 1356 Pekan Pandamaran,"No: 316-B, Lorong Amarasegera, Pandamaran",Pelabuhan Klang,3.007973999999999,101.4138561,3.0,12,03-3362 6863,99 Speedmart,Tier 1,7.69
ChIJZ--QvbzNzTERIeEp71nthCw,"KK SUPER MART Kajang, Puncak Saujana(KPS)","7-G, Jalan Puncak Saujana 1/1A, Taman Puncak Saujana",Kajang,3.0144461,101.8053042,3.5,8,,KK Mart,Tier 1,7.69
ChIJVf4YgLXNzTER1DfGaOyXOe4,99 Speedmart 3356 Taman Bukit Palma,"No: 2A & 6 (Ground Floor, Jalan Palma 3/3A, Taman Bukit Palma",Kajang,3.0224968,101.8077486,3.7,7,03-3362 6863,99 Speedmart,Tier 1,7.69
ChIJJRuQAapVzDER19mO6pdMitg,"KK Super mart Klang, Jalan Kapar ( KJK )","4, Jalan Kapar",Klang,3.0503309,101.4485813,3.7,7,,KK Mart,Tier 1,7.69
ChIJ0RR5hElRzDERdVjJ-eL9Mak,99 Speedmart 1380 Pekan Meru 2,"No: 17 & 19 (GF, Jalan Jelutong 1/KU8, Pekan Meru",Klang,3.1359498,101.4416732,3.5,8,03-3362 6863,99 Speedmart,Tier 1,7.69
ChIJ26yHskNPzDERqdPEzrR2t-g,"KK SUPER MART Shah Alam, Seksyen U5 2 (SU52)","No.1-G, Jalan Pluto Az U5/Az, Bandar Pinggiran Subang",Shah Alam,3.163240899999999,101.5364761,3.7,7,,KK Mart,Tier 1,7.69
ChIJR7O7YJJHzDERSHMog58Oi3o,99 Speedmart 3666 Laman Damai Kepong,"No: B-0-5 & B-0-6 (Ground Floor Laman Damai Kepong Jalan Kuang Bertam, 9, Jalan 18",Kuala Lumpur,3.2101676,101.6377272,3.7,7,03-3362 6863,99 Speedmart,Tier 1,7.69
ChIJk6s_AT25zTERp9Mux2gIX-Q,99 Speedmart 2767 Jasper Square,"No: 39 & 41 (Ground Floor Jalan Sunsuria 1B/3 Jasper Square Bandar, Persiaran Sunsuria",Sepang,2.8390198,101.7010947,3.2,10,03-3362 6863,99 Speedmart,Tier 1,7.67
ChIJe8cOl9lLzDER3VtA2Sojye0,99 Speedmart 1334 Zest Point,"ZP-G-1, Jalan, Lebuhraya Bukit Jalil",Puchong,3.0527184,101.6530685,3.2,10,03-3362 6863,99 Speedmart,Tier 1,7.67
ChIJ85JWovOtzTERBG7NbGOYY8o,99 Speedmart 1175 Pusat Bandar Latania,"Pusat Bandar Latania, No: 6 & 8, Jalan Nagasari E 36/E, Seksyen 36",Shah Alam,3.0219271,101.4826186,2.9,13,03-3362 6863,99 Speedmart,Tier 1,7.65
ChIJ0-bfkNqzzTERTjRf5zFHJaw,99 Speedmart 1564 Puchong KOI,"No: 7, Jalan Puchong Batu 13 1/2 Pusat Kommercial KOI",Puchong,3.009182199999999,101.6151275,2.7,16,03-3362 6863,99 Speedmart,Tier 1,7.65
ChIJy8J488FJzDERqpCprwmLwBA,KK Super Mart,"13, Jalan Tun Sambanthan 4, Brickfields",Kuala Lumpur,3.1329431,101.6893679,2.1,37,016-488 3308,KK Mart,Tier 1,7.64
ChIJWaNt7I-yzTERBxKgA3QNeUw,KK Super Mart Kota Kemuning (KK31),"22, Jalan Anggerik Vanilla R31/R, Kota Kamuning, Sekysen 31",Shah Alam,3.004914399999999,101.5371264,2.5,20,016-330 8162,KK Mart,Tier 1,7.61
ChIJp3PonH_MzTER4a4_-6qx0vE,99 Speedmart 1324 Taman Bukit Mewah 1,"No: 31 & 33, Jalan Bukit Mewah 10a, Taman Bukit Mewah",Kajang,2.9908752,101.7988542,3.3,9,03-3362 6863,99 Speedmart,Tier 1,7.6
ChIJ0RisYSdLzDERUTJit4JPamc,99 Speedmart 3667 Bandar Kinrara 3,"No: 6 & 8 (Ground Floor, Jalan BK 3/2, Bandar Kinrara",Puchong,3.0532785,101.6382941,3.3,9,03-3362 6863,99 Speedmart,Tier 1,7.6
ChIJYSdcMCVIzDERoZ9Rv_wLq_w,KK SUPER MART Jalan Raja Laut (JRL),"296, Jalan Raja Laut, Chow Kit",Kuala Lumpur,3.1630949,101.6961188,3.3,9,03-2691 3308,KK Mart,Tier 1,7.6
ChIJw50pyVv3zDER7X6wWm1n8Jo,99 Speedmart 1051 Sasaran 1,"3 & 4, Jalan Muara 2",Jeram,3.260643600000001,101.3052391,3.3,9,03-3362 6863,99 Speedmart,Tier 1,7.6
ChIJsQD3bblHzDERxgiaHFszZlQ,99 Speedmart 1462 Pinggiran Batu Caves 2,"No: 40 (GF, Jalan Pinggiran 2/2, Taman Pinggiran",Batu Caves,3.2558174,101.6941822,3.3,9,03-3362 6863,99 Speedmart,Tier 1,7.6
ChIJoQLJg0_JzTERSzvoWm472Xw,"emart24 Southville City, Dengkil","A-G-38, Savanna Lifestyle Retail, Jalan BBLS 2, Bandar Baru Lembah Selatan",Dengkil,2.9030076,101.7635728,1.9,53,,Indie mart,Tier 1,7.58
ChIJuySeP9HnzTER54mvlRABPbk,CT Norhaliza Petromart,"Jalan Tampin, Negeri Sembilan",Seremban,2.6787147,101.9796945,4.2,5,,Indie mart,Tier 1,7.53
ChIJ7X4fSJndzTERcvSkMIOzk0k,"KK SUPER MART Seremban, Jalan Temiang (SJT)","74G, Jalan Temiang",Seremban,2.7329278,101.9378311,4.2,5,010-276 6308,KK Mart,Tier 1,7.53
ChIJFdd5g87JzTERKHTbx9y5vmY,Express Mart Putrajaya,Presint 15,"Kuala Lumpur, Petaling Jaya, Shah Alam, Klang, Subang Jaya, Cheras, Ampang, Cyberjaya, Putrajaya, Kajang, 68100 Selayang, Damansara",2.9416115,101.7166527,4.2,5,019-396 5238,Indie mart,Tier 1,7.53
ChIJC687cyixzTERz9RnHh6nMPM,PP ONE MINI MARKET,"Jalan Putra Perdana 5h, Taman Putra Perdana",Puchong,2.9413867,101.6105399,4.2,5,03-8319 4955,Mini-mart,Tier 1,7.53
ChIJrUh4gV_JzTERh3qFMjTiY3Q,99 Speedmart 2566 Bangi Sek 16,No: 5 & 7 (Ground Floor Jalan 6B/6 Bandar Baru Bangi,Bangi,2.9392709,101.7670293,4.2,5,03-3362 6863,99 Speedmart,Tier 1,7.53
ChIJsdO8pT_LzTEREWIn2RmIUkg,99 Speedmart 3630 Kawasan Perniagaan Desa Ria Cheras,"No: 65-G & 67-G (Ground Floor, Blok A, Jalan PDR 5, Kawasan Perniagaan Desa Ria",Cheras,3.024506999999999,101.7461758,4.2,5,03-3362 6863,99 Speedmart,Tier 1,7.53
ChIJoUdOHj5JzDER8HD2aUpdw48,BellyDeli Grocer,"G-05, Societe Suites, Jalan 19/70a, Desa Sri Hartamas",Kuala Lumpur,3.1615946,101.6487849,4.2,5,011-1435 3601,Sundry/grocer,Tier 1,7.53
ChIJ7e_hrF45zDER0H-GHeN7lM8,Ehsan Mart Taman Melawati,"No. 5445-G, Jalan J9, Taman Melawati",Kuala Lumpur,3.2123496,101.7543528,4.2,5,,Indie mart,Tier 1,7.53
ChIJ-8u8noG3zTEREWbKILh8wlM,99 Speedmart 3332 Taman Putra Perdana 5,"6A (Ground Floor, No: GM-2A, GM-4A & GM, Jalan Putra Perdana 5c/1, Taman Putra Perdana",Puchong,2.9448337,101.6162238,3.6,7,03-3362 6863,99 Speedmart,Tier 1,7.49
ChIJxWRvw5nNzTER0A2VYX3SQf4,ECONSAVE Mart Kajang,"22, Jalan Damai Mewah 1, Taman Damai Mewah",Kajang,2.9868854,101.8097754,3.6,7,,Indie mart,Tier 1,7.49
ChIJG76E7sdNzDERW_NGv7Bxu-0,Cottage Grocer Alam Sanjung,"G-02, Alam Sanjung, Jalan Budiman 22/3, Seksyen 22 Alam Sanjung",Shah Alam,3.0687897,101.5534652,3.6,7,011-3956 9502,Sundry/grocer,Tier 1,7.49
ChIJ81qg36ZLzDERTCqEOnWp7-c,99 Speedmart Razak City Residences,"No: B-G-25 (Ground Floor, Razak City Residensi, Jalan Sungai Besi",Kuala Lumpur,3.1080379,101.7056059,2.7,15,03-3362 6863,99 Speedmart,Tier 1,7.49
ChIJQfOc0Bs5zDERfk5ea2lnfak,99 Speedmart 2600 Wangsa Maju 2,"No: B-0-3 & B-0-4 (Ground Floor Vista Wira, 2, Jalan 4/27a, Seksyen 2 Wangsa Maju",Kuala Lumpur,3.2104645,101.7322761,3.6,7,03-3362 6863,99 Speedmart,Tier 1,7.49
ChIJTemVR_bBzTERoJetLX_xCVw,99 Speedmart 1433 Taman Salak Baiduri,"No: 1, Jalan Baiduri 1, Taman Salak Baiduri, Kampung Salak Tinggi",Sepang,2.790107599999999,101.7489645,3.4,8,03-3362 6863,99 Speedmart,Tier 1,7.47
ChIJbfx0PO5TzDEReg3akWqvaEg,99 Speedmart 1498 Setia Alam 3,"No: 3 & 5, Jalan Setia Murni AF UB/AF, Bandar Setia Alam, Seksyen, U13 Shah Alam",Shah Alam,3.1104237,101.4477198,3.4,8,03-3362 6863,99 Speedmart,Tier 1,7.47
ChIJa7tcPDY4zDERZdcBKeH53dw,99 Speedmart 1580 Wangsa Setia,"No: 44 & 46, Jalan Wangsa Setia 4, Wangsa Melawati",Kuala Lumpur,3.2091513,101.7449898,3.0,11,03-3362 6863,99 Speedmart,Tier 1,7.45
ChIJi2rDBgBTzDERaGJQha15xKc,KK Super Mart Alam Avenue (SF16),"A-3A-G, JALAN SERAI WANGI F 16/F, Persiaran Selangor, Alam Avenue",Shah Alam,3.0577844,101.4914477,2.9,12,,KK Mart,Tier 1,7.44
ChIJAAAAAAAAAAARTCiq8uWQTLQ,KK SUPER MART Pelangi Square (PSQ),"A-G-15, Pelangi Square Business Centre, PJU 6, Persiaran Surian",Petaling Jaya,3.154195199999999,101.6031152,2.9,12,016-330 8062,KK Mart,Tier 1,7.44
ChIJjVUG1MZHzDERorf3OZVmSLo,99 Speedmart 1107 Pinggiran Batu Caves 1,"NO: 29, 31 & 33, Jalan PGN 1A/1, Taman Pinggiran",Batu Caves,3.2506344,101.6922039,3.1,10,03-3362 6863,99 Speedmart,Tier 1,7.43
ChIJG3bF1ejdzTERbOax_RotI3w,"KK SUPER MART Seremban, Taman Bukit Coral (SBC)","No.233G, Persiaran Bukit Coral 1, Taman Bukit Coral",Seremban,2.7525521,101.9553155,2.8,13,011-7039 0545,KK Mart,Tier 1,7.39
ChIJDUZl0_5NzDERdQyPwnpGqLY,99 Speedmart 2813 Shah Alam Sek 11,"Ground Floor, No: 11A & 15, Jalan Wau A 11/A, Seksyen 11",Shah Alam,3.0754211,101.5290004,3.8,6,03-3362 6863,99 Speedmart,Tier 1,7.39
ChIJCzJ5bmg1zDERwg66RaDMeS8,99 Speedmart 2489 Bandar Tun Hussein Onn 2,"Ground Floor, No: 9 & 10, Jalan Suasana 2/7a, Tun Hussein Onn",Cheras,3.050316899999999,101.7646037,2.8,13,03-3362 6863,99 Speedmart,Tier 1,7.39
ChIJ3dlrCypJzDERYmvnmv0EKHQ,99 Speedmart 2970 Jalan Raja Bot,"No: 50 & 52 (Ground Floor, Jalan Raja Bot",Kuala Lumpur,3.1656857,101.7007637,3.8,6,03-3362 6863,99 Speedmart,Tier 1,7.39
ChIJ____P_hGzDERfb-PRrpCxYM,Perniagaan Kedai Runcit Dan Ubat Fook Sung,"No. 25, Lorong 6B, Taman Intan Baiduri",Kuala Lumpur,3.2335512,101.6485102,3.8,6,03-6136 6200,Kedai runcit,Tier 1,7.39
ChIJefAv4H9fzDER08dAASv6AxM,Kedai Ubat Dan Pasaraya Ijok Wei Poh,"23 & 23A, Jalan Sejati 1, Taman Sejati",Bukit Rotan,3.314308399999999,101.4116401,3.8,6,03-3279 3323,Generic kedai,Tier 1,7.39
ChIJJx9wOXT1zDERCWVzRojzSoY,99 Speedmart 1279 Kuala Selangor 2,"No: 71 & 73 (Gound Floor, Jalan Medan Niaga 2",Kuala Selangor,3.3211133,101.2711682,3.8,6,03-3362 6863,99 Speedmart,Tier 1,7.39
ChIJqzDHaQHnzTERNglMLh1-ZOw,99 Speedmart 1638 (NS) Rasah Jaya 1,"Ground Floor, No: 665 & 666, Jalan RJ 1/15, Taman Rasah Jaya",Seremban,2.682552,101.9394996,3.2,9,03-3362 6863,99 Speedmart,Tier 1,7.37
ChIJ8-6YRKHGzTERafMKxI4tCco,KK SUPER MART Bandar Baru Nilai (BN2),"PT7440, Jalan BBN 1/2F, Pusat Bandar Putra Point, Bandar Baru Nilai",Nilai,2.8130103,101.7931068,3.2,9,016-330 8245,KK Mart,Tier 1,7.37
ChIJ94xNx3_MzTERS3a3L8IKbbs,KK SUPER MART Sungai Jelok (SJL),"17-1, Jalan Pusat Perniagaan 1, Pusat Perniagaan Sungai Jelok",Kajang,2.9920277,101.7996788,3.2,9,016-330 8474,KK Mart,Tier 1,7.37
ChIJwRBbid1TzDER2aF6w5YL3tg,99 Speedmart 1372 Shah Alam Sek 24,"No: 1, Jalan Kangkung Puteri 24/7, Seksyen 24",Shah Alam,3.042902900000001,101.5229563,2.6,16,03-3362 6863,99 Speedmart,Tier 1,7.37
ChIJTZeEOjlNzDERO24y8blQePE,99 Speedmart 2615 Grand Subang SS13,"No: G-02 (Ground Floor Grand Subang, Jalan SS 13/3, Ss 13",Subang Jaya,3.0702356,101.5968491,3.2,9,03-3362 6863,99 Speedmart,Tier 1,7.37
ChIJweopi6I0zDER6y4CEVY0yf4,PASAR MINI AL AJAAS,"37, Jalan Temenggung 3/9, Bandar Mahkota Cheras",Kajang,3.0508956,101.7893181,3.2,9,03-9011 9661,Mini-mart,Tier 1,7.37
ChIJu_vvzqg0zDERsL9yFoUXTsQ,KK SUPER MART Sungai Long (SLG),"43, Jalan SL 1/4, Bandar Sungai Long",Kajang,3.0397601,101.7926235,2.6,16,016-330 8350,KK Mart,Tier 1,7.37
ChIJde8M8lY1zDERaxRQAN6r3KM,"KK Super Mart Cheras, Tun Perak ( CPR )","9, Jalan Tun Perak 6, Taman Tun Perak",Cheras,3.0588479,101.7580378,3.2,9,,KK Mart,Tier 1,7.37
ChIJLyYTN-hHzDER81z_lgbGygk,99 Speedmart 1934 Laman Rimbunan,"Ground Floor, No: 106 & 108, 106-1, Jalan Rimbunan Raya, Laman Rimbunan",Kuala Lumpur,3.2123196,101.6484969,3.2,9,03-3362 6863,99 Speedmart,Tier 1,7.37
ChIJ_0UMm99NzDERGQbZoQVL_Eg,99 Speedmart 1144 Shah Alam Sek 20,"No.12 & 14, Jalan Singa D 20/D, Seksyen 20",Shah Alam,3.05517,101.542023,2.5,18,03-3362 6863,99 Speedmart,Tier 1,7.36
ChIJNzsjm_pSzDERF3lwF6_EL0o,99 Speedmart 1080 Shah Alam Sek 7 (1),"No: QG 43 & QG 45, Jalan Plumbum U 7/U, Seksyen 7",Shah Alam,3.0671082,101.4901879,2.2,27,03-3362 6863,99 Speedmart,Tier 1,7.33
ChIJBZwYnWJJzDERq6aiqnw2CFw,"KK Super Mart Petaling Jaya, Jalan Bukit (PBK)","No. 31, Jalan Bukit 11/2, Pjs 11, Pjs 11",Petaling Jaya,3.1105395,101.6454695,2.3,23,016-512 3308,KK Mart,Tier 1,7.31
ChIJlRIQASTnzTERAoaqQfeQv9o,"KK SUPER MART Seremban, Taman Seremban Jaya (SSRJ)","No: 3961-G, Jalan SJ 8/4, Taman Seremban Jaya",Seremban,2.6746569,101.9780749,3.3,8,,KK Mart,Tier 1,7.25
ChIJPzfjwQxLzDERSLJQZueV1zM,99 Speedmart 2592 Endah Promenade,"No: A-G-3 & A-G-3A (Ground Floor Endah Promenade Jalan 3/149E Taman Sri Endah, Bandar Baru Sri Petaling",Kuala Lumpur,3.0638762,101.6972533,3.3,8,03-3362 6863,99 Speedmart,Tier 1,7.25
ChIJ32CdSIRdzDER8ZF3UccxGYQ,"KK Super Mart Rawang, Kundang (RKD)","Lot 43E, Jalan Kbk 5, Kampung Baru Kundang",Rawang,3.2793397,101.5138267,3.3,8,,KK Mart,Tier 1,7.25
ChIJl2fp4w7nzTERC25uHTyvkHI,99 Speedmart 3288 (NS) Taman Bukit Emas,"No: 26 & 27 (Ground Floor Jalan Bukit Emas, 2, Jalan Tampin, Taman Bukit Emas",Seremban,2.6891331,101.969595,4.5,4,03-3362 6863,99 Speedmart,Tier 1,7.24
ChIJkWOHBKjFzTER_DuRvyNiKFU,Embun Halal Mart,"579, Jalan TM 1, Taman Mulia",Mantin,2.8452972,101.8432046,4.5,4,019-392 7000,Indie mart,Tier 1,7.24
ChIJJVKPRsnnzTERYhBGamNwGAg,99 Speedmart 1347 (NS) Garden Homes,"No: 118 & 119 (GF, Jalan S2 F2, Garden Homes Seremban 2",Seremban,2.6851231,101.907326,2.9,11,03-3362 6863,99 Speedmart,Tier 1,7.21
ChIJJ0pR0kSjzTER3meKSg0hSww,99 Speedmart 1047 Kampung Sungai Lang,"No.40-42, Jalan Bersatu Dua, Taman Bersatu, 34, Jalan Bersatu 1, Kampung Sungai Lang",Banting,2.790245,101.5102694,2.9,11,03-3362 6863,99 Speedmart,Tier 1,7.21
ChIJX4sT_C3dzTERd7-wZDgIiCU,99 Speedmart 1403 (NS) Taman Sri Pulai,"3, No: 1057 & 1058 (GF, Lorong Sri Pulai 38/2, Taman Sri Pulai",Seremban,2.7487084,101.9482421,3.7,6,03-3362 6863,99 Speedmart,Tier 1,7.2
ChIJuSgvlr3JzTERcOBePkwJIJQ,99 Speedmart 2924 Vista Bangi,"No: 1-12 & 1-13 (Ground Floor Vista Bangi, Batu 18 3/4, Jalan TB 1/1",Cheras,2.9456474,101.7855223,3.7,6,03-3362 6863,99 Speedmart,Tier 1,7.2
ChIJofW4BW7NzTER8QJQ4ABUSsc,99 Speedmart 3031 Taman Bukit Mewah 3,"No : G-1 (Ground Floor Mewah 9 Residence, Jalan Bukit Mewah 9/1, Taman Bukit Mewah",Semenyih,2.9754609,101.8102137,3.7,6,03-3362 6863,99 Speedmart,Tier 1,7.2
ChIJMdTrzyjPzTERANKxHFNgTuA,99 Speedmart 2351 • Taman Pelangi Semenyih 2,"Ground Floor, No: 27 & 29, Jalan Tps 1/6, Taman Pelangi Semenyih",Semenyih,2.9314441,101.8575346,3.7,6,03-3362 6863,99 Speedmart,Tier 1,7.2
ChIJH14h18xDzDERhrao_7yfqFQ,99 Speedmart 2725 Setia Eco Templer,"3 & 3A, Jalan 3, 1, Persiaran Setia Eco Templer",Rawang,3.288527299999999,101.6384967,3.7,6,03-3362 6863,99 Speedmart,Tier 1,7.2
ChIJdS4AuJW_zTERkFlnszKnMY0,"KK SUPER MART KLIA2, Gateway (GWY)","Unit L1-09 & L1-10, Level 1, Gateway @ KLIA 2, Terminal KLIA 2, KL International Airport, Jalan KLIA 2/1, KLIA",Sepang,2.744088899999999,101.6856391,2.4,19,016-330 8447,KK Mart,Tier 1,7.19
ChIJvyx0N-LhzTER8lKkHDM-10Y,"KK SUPER MART Seremban, Taman Senawang Jaya (SSNJ)","324-G, Jalan Berlian, Taman Senawang Jaya",Seremban,2.6917608,101.984123,3.0,10,,KK Mart,Tier 1,7.19
ChIJ8SnS6eq3zTERfW0TOz_oYcE,ECONSAVE Mart Menara Paragon,"Menara Paragon, GF-13A, Persiaran Bestari, Cyber 11",Cyberjaya,2.9244813,101.6371878,3.0,10,,Indie mart,Tier 1,7.19
ChIJi-eBco9azDERCCaN2jfDHKw,"KK Super Mart Sungai Buloh, Saujana Utama 3 (SSU)","28, Jalan Bidara 6/3, Saujana Utama 3",Sungai Buloh,3.2041835,101.4871636,3.0,10,03-6039 6239,KK Mart,Tier 1,7.19
ChIJHcXPxwjPzTERJFzJmkiE74U,"KK SUPER MART SEMENYIH, BANDAR TASIK KESUMA (STK)","19, Jalan Kesuma 3/2, Bandar Tasik Kesuma",Beranang,2.9067017,101.8651339,2.8,12,,KK Mart,Tier 1,7.18
ChIJI0WSZHRPzDERlRtQrBeo5T0,"KK SUPER MART Kota Damansara, Jalan Pekaka (KDP)","4-1, Jalan Pekaka 8/4, Seksyen 8, Kota Damansara",Petaling Jaya,3.1758102,101.5761197,2.8,12,016-327 3308,KK Mart,Tier 1,7.18
ChIJER_OL8fgzTERqRdAhQHu-FU,99 Speedmart 1690 (NS) Taman Widuri Indah,"No 97 & 98 (Ground Floor, Jalan Widuri Indah 5, Taman Widuri Indah",Senawang,2.6960907,101.9968137,4.0,5,03-3362 6863,99 Speedmart,Tier 1,7.17
ChIJfRsNRjrnzTERTRthmjsquu4,99 Speedmart 1768 (NS) Taman Seremban Jaya 2,"Ground Floor, PT 2511, Jalan SJ 2/1, Taman Seremban Jaya",Seremban,2.682290699999999,101.9728561,4.0,5,03-3362 6863,99 Speedmart,Tier 1,7.17
ChIJqcQ9JiakzTERk1G3wDaNipc,Pasar Mini Dua Tiga Tiga Satu,Kampung Kathong,Banting,2.8301702,101.4375274,4.0,5,,Mini-mart,Tier 1,7.17
ChIJ-6lU89jJzTER3oPlKSBy-YU,"KK SUPER MART Bangi, Seksyen 4 2(BS42)","No: 6, Jalan 4/1b, Seksyen 4 Tambahan Bandar Baru Bangi",Bandar Baru Bangi,2.9541205,101.7788307,4.0,5,011-2823 4517,KK Mart,Tier 1,7.17
ChIJDetGHgCzzTERYGLoSSAi6pI,CU Mart Kota Kemuning,"Lot 2-33-2, No 14, Persiaran Anggerik Vanilla, Kota Kemuning",Shah Alam,3.000187000000001,101.53267,4.0,5,,Indie mart,Tier 1,7.17
ChIJ56Oag8NJzDERmYJjqf4smdc,BilaBila Mart - Setia Bakti,"69, Jalan Setia Bakti, Bukit Damansara",Kuala Lumpur,3.1552544,101.6561266,4.0,5,,Indie mart,Tier 1,7.17
ChIJQd9GNstFzDERZob-OhFpMd0,99 Speedmart 3624 Saujana Utama 2,"No: 1 & 3 (Ground Floor, Jalan Melur 2, Taman Saujana Utama",Sungai Buloh,3.210516100000001,101.4796938,4.0,5,03-3362 6863,99 Speedmart,Tier 1,7.17
ChIJX7yNejZFzDER-GMznhZYDEo,99 Speedmart 2690 Bandar Baru Sungai Buloh 2,"No: 572 & 573 (Ground Floor Jalan 1B/7, Seksyen U20, Bandar Baru Sungai Buloh",Shah Alam,3.2161629,101.5658374,4.0,5,03-3362 6863,99 Speedmart,Tier 1,7.17
ChIJteHMvyfLzTERKmamoc43-rM,Econsave Hentian Kajang - Pasar Ekonomi Mart,"No 16G, Jalan Hentian 1, Off, Jalan TB 1/1, Pusat Hentian Kajang",Kajang,2.957384100000001,101.7904081,3.1,9,03-8740 2130,Indie mart,Tier 1,7.14
ChIJmSrvRGxRzDER0tOf8wwvJrc,99 Speedmart 2250 Setia Alam 6,"No: 16 & 18 (Ground Floor), Jalan Setia Utama AS, U13/AS Setia Alam, 40170 Shah Alam, Selangor Darul, Setia Alam",Shah Alam,3.124260399999999,101.467448,3.1,9,03-3362 6863,99 Speedmart,Tier 1,7.14
ChIJnUvqyhtPzDERjc6CFLrNL60,99 Speedmart 3075 Elmina East 2,"AB U16/AB, No: 3 & 5 (Ground Floor, Persiaran Eserina, Elmina East",Shah Alam,3.1849575,101.5272708,3.1,9,03-3362 6863,99 Speedmart,Tier 1,7.14
ChIJM_aFyj5PzDERSJ8Cw6Nk3jI,99 Speedmart 2203 Subang Perdana 2,"No : 25 & 27 (Ground Floor), Jalan SP 2/2, Taman Subang Perdana 2, Seksyen U3",Shah Alam,3.150521699999999,101.5424234,3.1,9,03-3362 6863,99 Speedmart,Tier 1,7.14
ChIJjaYwPPxLzDERd5pVmkSofPU,KK SUPER MART Sea Park (SEA),"15, Jalan 21/17, Sea Park",Petaling Jaya,3.109438,101.6224693,2.7,13,016-330 8407,KK Mart,Tier 1,7.13
ChIJDxxZz33OzTERC4apudyL1Zo,KK SUPER MART Taman Semenyih (TSM),"3, Jalan Semenyih Impian 7, Taman Semenyih Impian",Semenyih,2.9553614,101.8444422,3.4,7,016-330 8470,KK Mart,Tier 1,7.07
ChIJNR5sqM7IzTERY96bUoD4_74,99 Speedmart 1611 Taman Bangi Avenue,"No: 22 & 24A (Ground Floor), Jalan Bangi Avenue, 1/8, Taman, Bangi Avenue",Kajang,2.9003281,101.7920608,2.6,14,03-3362 6863,99 Speedmart,Tier 1,7.04
ChIJkXUcn3y1zTERCf374fEihh8,KK SUPER MART Seri Kembangan Universiti Indah(SKUI),"No.3, Jalan Indah 2/10, Taman Universiti Indah",Seri Kembangan,3.0053967,101.6910775,2.8,11,011-3126 5308,KK Mart,Tier 1,6.96
ChIJ2SKSlKDGzTER6Wu-oARBxrU,KK SUPER MART Bandar Baru Nilai (BN1),"PT12171, Jalan BBN 1/1F, Pusat Bandar Putra Point, Bandar Baru Nilai",Nilai,2.813875399999999,101.7972075,2.9,10,016-330 8242,KK Mart,Tier 1,6.95
ChIJa6Cge_nLzTERIDIt-AaWriM,99 Speedmart 1130 Taman Putra Budiman,"No.9, 11 & 13, Jalan Budiman 2/3 Putra Square, Taman Putra Budiman",Balakong,3.010733,101.736549,2.9,10,03-3362 6863,99 Speedmart,Tier 1,6.95
ChIJ5S2qADtIzDERyXCHlyHY1W0,JOM KE 3M Mini Market Meraya Regalia Apartment,"Jalan Anjung Putra, Off jalan Tun Sultan Ismail",50250,3.164099,101.6926071,2.9,10,03-2722 6869,Mini-mart,Tier 1,6.95
ChIJfSmAC35MzDERyGsEZhRw6ls,KK Super Mart Bandar Sunway (BS),"38, Jalan PJS 11/28a, Bandar Sunway",Petaling Jaya,3.0732284,101.6097612,2.4,17,016-330 8152,KK Mart,Tier 1,6.94
ChIJ01H8uolKzDER5e9_R6YawxU,KK Super Mart Sri Petaling (SPR),"163-G, Jalan Radin Bagus, Bandar Baru Sri Petaling",Kuala Lumpur,3.0710794,101.6917343,2.4,17,016-330 8496,KK Mart,Tier 1,6.94
ChIJEwLJkOYLzjERHPMVdghw8WQ,Kedai Runcit Gan Hiap Seng,Kampung Tanjung Beringin,Seri Menanti,2.6985428,102.161708,5.0,3,,Kedai runcit,Tier 1,6.93
ChIJBZdOky_nzTERm6aswXN5mPI,99 Speedmart 3695 (NS) Taman Negeri,"No: 2122 & 2123 (Ground Floor, Lorong Belatek 1/2, Taman Negeri",Seremban,2.6818461,101.9290705,5.0,3,03-3362 6863,99 Speedmart,Tier 1,6.93
ChIJH_D0SSu5zTERYamucn8B0eg,99 Speedmart 3297 Pusat Perdagangan Gemilang,"No: 53 (Ground Floor, Jalan Gemilang 1, Pusat Perdagangan Gemilang",Sepang,2.8079752,101.6984146,5.0,3,03-3362 6863,99 Speedmart,Tier 1,6.93
ChIJEchsTandzTER2dnzZZ1cCto,Richiamo Mart KPJ Seremban,"Lot 2, New Lobby of KPJ, Seremban Specialist Hospital, Lot 6219 & 6220, Jalan Toman 1, Kemayan Square",Seremban,2.7186092,101.9217919,5.0,3,06-651 7004,Indie mart,Tier 1,6.93
ChIJM58gbsXdzTERPoZFHfSrPFg,KEDAI RUNCIT FAUZAN,"MEDAN SELERA AMPANGAN, 68, Jalan Kuala Pilah, Bandar Baru Ampangan",Seremban,2.724365799999999,101.9623074,5.0,3,017-648 9112,Kedai runcit,Tier 1,6.93
ChIJGZ3nnizDzTERKc5Y61zG1WY,99 Speedmart 3688 (NS) Taman Bakti YNS,"No: 4 & 5 (Ground Floor, Jalan Bakti YNS 5/1, Taman Bakti YNS",Labu,2.782888499999999,101.8050642,5.0,3,03-3362 6863,99 Speedmart,Tier 1,6.93
ChIJ7RwrfgDFzTERqPsdJ4QLi8U,TIKTIK MART,"31, 5, Jalan Nilai Perdana, Taman Nilai Perdana",Nilai,2.8030968,101.8053494,5.0,3,,Indie mart,Tier 1,6.93
ChIJe7evJADJzTERHiIcIWUJR1U,99 Speedmart 3626 Bandar Bukit Mahkota 2,"No. 46 & 48, Tingkat Bawah, Seksyen 2, Jalan BM 2/1, Bandar Bukit Mahkota",Kajang,2.8877186,101.7958564,5.0,3,03-3362 6863,99 Speedmart,Tier 1,6.93
ChIJt5rkKADJzTERFGz9XGVzYYA,99 Speedmart 3527 Putrajaya Presint 15 (2),"LG-1 (Ground Floor, 1, Jalan P15 H, Presint 15",Putrajaya,2.9378128,101.7150105,5.0,3,03-3362 6863,99 Speedmart,Tier 1,6.93
ChIJK4f7rFtLzDERIs6nSdT1vOM,99 Speedmart 2992 One Petaling,"No : G-01 (Ground Floor Pangsapuri 1 Petaling, Off, Jalan 1c/149, Sungai Besi",Kuala Lumpur,3.0679519,101.705303,5.0,3,03-3362 6863,99 Speedmart,Tier 1,6.93
ChIJR1S9JGM1zDERYqRPr9xF_14,"KK SUPER MART Sungai Besi, Lake Fields (SBL)","52A, Jalan Tasik Utama 5, Sungai Besi",Kuala Lumpur,3.0620475,101.7104277,2.7,12,016-528 3308,KK Mart,Tier 1,6.93
ChIJG_E72xc1zDERr7kcFAh1Xfo,Kedai Serbaneka Bagus,"A-G-08, Damai Hillpark, Jalan Damai Perdana 6/1F, Bandar Damai Perdana",Balakong,3.0532201,101.7390913,5.0,3,,Generic kedai,Tier 1,6.93
ChIJXUDmLeQ1zDER109Y3u5pWlc,Connaught China Mart Sdn. Bhd. 中国便利店 (中国超市),"B-G-1, Medan Connaught, Jalan 3/144a",cheras,3.0763426,101.7444821,5.0,3,03-9107 8892,Indie mart,Tier 1,6.93
ChIJRWn2ONVTzDERNPq6vtfn5Xc,"KK Super Mart Shah Alam , Seksyen U13(2) ( S132 )","AF U13/AF, Seksyen U13, 17, Persiaran Setia Murni",Shah Alam,3.1099472,101.4476551,5.0,3,,KK Mart,Tier 1,6.93
ChIJoYRyDjZJzDERbtUjSkbx3vs,DPR SPEEDMART,Section 13,Petaling Jaya,3.1139696,101.6396338,5.0,3,,Indie mart,Tier 1,6.93
ChIJXazIDwA3zDER9cWWooXrnnE,Pasaraya 9 Grocer Pandan Perdana,"Jalan Perdana 4/8, Pandan Perdana",Kuala Lumpur,3.1208115,101.7432827,5.0,3,,Sundry/grocer,Tier 1,6.93
ChIJHaqcEABPzDER_x4KmhvhFHg,GT Mart Subang U5,"No. 36, Jalan D U5/D, Bandar Pinggiran Subang",Shah Alam,3.1789264,101.5380403,5.0,3,,Indie mart,Tier 1,6.93
ChIJYU8SDYBPzDER2ZPEjdgURkk,99 Speedmart 3740 Taman Subang Murni,"No: 41 & 43 (Ground Floor Jalan Zuhrah BH U5/BH Seksyen U5, Taman Subang Murni",Shah Alam,3.1627476,101.5437919,5.0,3,03-3362 6863,99 Speedmart,Tier 1,6.93
ChIJQ4sY4ThJzDERMOmtDQ54MpE,Vintage Mart Bistari Condominium,"Gerai 1, Bistari Condominium, Jalan 1/64D, Off, Jalan Putra",Kuala Lumpur,3.1681098,101.6934381,5.0,3,011-8888 0692,Indie mart,Tier 1,6.93
ChIJ09BnymE3zDERpgDKaDkRVzc,Pasar Mini AA Basheer,Setiawangsa,Kuala Lumpur,3.1823431,101.7533504,5.0,3,019-253 7400,Mini-mart,Tier 1,6.93
ChIJzykSacpbzDERk0I5p1Wjp-I,99 Speedmart 3862 Saujana Perdana,"No: B-G-51 & B-G-53 (Ground Floor, 8, Jalan Saujana Perdana 10, Saujana Perdana",Sungai Buloh,3.2173165,101.476482,5.0,3,03-3362 6863,99 Speedmart,Tier 1,6.93
ChIJVUIv14VazDERVEAWyKx7ZYs,Central Mart Saujana Utama- (Trendcell Sdn. Bhd.) JGSU,"2, Jalan Bidara 8",Sungai Buloh,3.2025808,101.4867827,5.0,3,03-7981 7589,Indie mart,Tier 1,6.93
ChIJAy3jTDJbzDER02WjF2KaPhc,99 Speedmart 3338 Elmina West,"No: 5 & 6 (Ground Floor Jalan Casuarina, Elmina West, 56, Seksyen, U17 Shah Alam",Shah Alam,3.2083675,101.4969437,5.0,3,03-3362 6863,99 Speedmart,Tier 1,6.93
ChIJg9fnXLNdzDERKnfu0I5PPx4,"KK Super Mart Rawang , Bandar Tasik Puteri ( RTP)","No.66-G-A & 66-G-B, Jalan 7a/2, Bandar Tasik Puteri",Rawang,3.2838787,101.4733329,2.5,15,011-1675 9308,KK Mart,Tier 1,6.93
ChIJRbdJmiM5zDERbP4QGLFOa74,K.S.E Mart (Mahallah Halimah Mart),"53100, Jalan Imam Malik",Kuala Lumpur,3.2588933,101.7345364,5.0,3,,Indie mart,Tier 1,6.93
ChIJ-6z13iBHzDER3f6Kg7r_L48,SD Fresh Mart,"No.47, Jalan SG 10/4, Taman Sri Gombak",Batu Caves,3.2493702,101.6961956,5.0,3,011-6348 4795,Indie mart,Tier 1,6.93
ChIJWUXRia0FzDERVsbFdE6kK4M,99 Speedmart 3334 (PH) Pusat Perniagaan Ketari,"No: TB-P1 & TB-P2 (Ground Floor, Pusat Perniagaan Ketari",Bentong,3.5206906,101.9128083,5.0,3,03-3362 6863,99 Speedmart,Tier 1,6.93
ChIJfa3NyZHnzTEROKmFCIXxFgA,FRESH MART,"1609, Jalan Rasah",Seremban,2.689645199999999,101.9341283,4.3,4,011-3633 3526,Indie mart,Tier 1,6.92
ChIJCRxFzWGtzTERC04w7UYiPX0,99 Speedmart 3249 Taman Sentosa Perdana 2,"No: 42 (Ground Floor, Jalan Temenggung 1/KS7, Taman Sentosa Perdana 2",Klang,3.0091178,101.4782867,4.3,4,03-3362 6863,99 Speedmart,Tier 1,6.92
ChIJ58stw6g0zDER3bUiYhNhcro,99 Speedmart 1079 Sungai Long 1,"No.15 & 17, Jalan SL 1/3, Bandar Sungai Long",Kajang,3.0403664,101.7933729,2.1,26,03-3362 6863,99 Speedmart,Tier 1,6.92
ChIJ478lWxLnzTERq3qhvHgo9PM,"KK SUPER MART Seremban, Garden Homes (SGH)","No. 7, Jalan S2 F1, Garden Homes",Seremban,2.685025,101.9060158,2.2,22,016-220 8125,KK Mart,Tier 1,6.9
ChIJvQuSvkKxzTERYCdpnERS304,CU Mart Tropicana Aman,"1-1, jalan aman sinaria 2, bandar tropicana aman",Telok Panglima Garang,2.9449762,101.5273415,1.8,45,,Indie mart,Tier 1,6.89
ChIJFTWNdO61zTERuJgilrhQ8ww,KK Super Mart Bandar Puteri (2) (BPT2),"No: 38, 1, Jalan Puteri 7/10, Bandar Puteri",Puchong,3.025139499999999,101.6235365,2.3,19,,KK Mart,Tier 1,6.89
ChIJ-XKMgDKrzTERhetQuFK__D0,Econsave Bandar Bukit Tinggi 2 - Pasar Ekonomi Mart,"No.4 & 6, Lorong Batu Nilam 34B, Bandar Bukit Tinggi 2",Klang,2.999720200000001,101.431855,3.3,7,,Indie mart,Tier 1,6.86
ChIJkTlLktfKzTERVOZSkAjpGik,KK Super Mart Taman Impian Ehsan (BIE),"3, Persiaran Impian, Taman Impian Ehsan",Seri Kembangan,3.023818599999999,101.7507063,3.3,7,016-330 8604,KK Mart,Tier 1,6.86
ChIJdemTUeVIzDER53_7c25KVdI,KK Super Mart Seri Hartamas (SH),"10, Jalan 23/70a, Desa Sri Hartamas",Kuala Lumpur,3.161499,101.649492,2.6,13,016-330 8305,KK Mart,Tier 1,6.86
ChIJRexw1DoVzDERsgIX3IA1Kuk,"KK Super Mart Genting, Jalan Permai (GPM)","Ground Floor, Lot PT21074, Jalan Permai 2",Genting Highlands,3.387106,101.7746772,3.3,7,010-768 5308,KK Mart,Tier 1,6.86
ChIJF8XTBayyzTERsv48qY-6zhA,A & P Mini Market,"18, Jalan Bersatu 25/9, Taman Sri Muda Shah Alam, 40000",Selangor,3.0306976,101.5309988,3.8,5,03-5124 8849,Mini-mart,Tier 1,6.81
ChIJfYwk_l61zTER7wIhtOQ4nWo,I Borong Mart Taman Jinma,"18, Jalan Perusahaan 2, Kawasan Perusahaan",Seri Kembangan,3.0164384,101.7039981,3.1,8,010-377 4494,Indie mart,Tier 1,6.81
ChIJ8X-bnwZPzDERQvmCYC0lMWA,99 Speedmart 1058 Bukit Jelutong,"No: 15 & 17 (Ground Floor Jalan Pelapik B U8/B Bukit Jelutong, Seksyen, U 8",Shah Alam,3.1145953,101.5266912,3.8,5,03-3362 6863,99 Speedmart,Tier 1,6.81
ChIJJWnjaApFzDERPLBiyL3Dztk,"KK Super Mart Rawang, Gaia Boulevard ( RGB )","GB-Gf-08, Gaia Boulevard, Bandar Gamuda Gardens",Rawang,3.2829425,101.5421246,3.5,6,,KK Mart,Tier 1,6.81
ChIJLwAjX4M5zDERy1dsdYrZeFI,99 Speedmart 2453 Nadayu 63,"No : G-7 & G-8 (Ground Floor), Nadayu 63 Jalan Nadayu Melawati 8 Taman Nadayu",Ampang,3.222448,101.752482,3.8,5,03-3362 6863,99 Speedmart,Tier 1,6.81
ChIJwan25mXLzTERGZhBDw8yGmw,emart24 UPM Serdang,"Lot 2 PPK, Tingkat Bawah, Pusat Perniagaan Koperasi, Universiti Putra Malaysia Berhad",Seri Kembangan,2.9990276,101.7073489,2.0,29,,Indie mart,Tier 1,6.8
ChIJZyEhIDe5zTERdfAoaRHRaV4,"KK SUPER MART Sepang, Kota Warisan (SKW)","KIP Sentral, No. 23, Jalan Warisan Sentral 1, Kota Warisan",Sepang,2.8186433,101.6941461,2.3,18,010-220 8625,KK Mart,Tier 1,6.77
ChIJ3wTHmUqjzTERGieD0P_sFDA,99 Speedmart 1582 Taman Cempaka Banting,"No: 61 (Ground Floor, Jalan Cempaka Harum 1, Tmn Cempaka",Banting,2.8002435,101.4933372,2.8,10,03-3362 6863,99 Speedmart,Tier 1,6.71
ChIJVTE0gz3RzTERHKPOL2UJYEM,99 Speedmart 3194 (NS) Bandar Tasik Senangin,"No: 13, 14 & 15 (Ground Floor, Jalan Tasik Senangin 15/2, Bandar Tasik Senangin",Lenggeng,2.8809777,101.9155179,2.8,10,03-3362 6863,99 Speedmart,Tier 1,6.71
ChIJq6qqqnaxzTER5G_2VFQSeak,KK Super Mart Saujana Putra (SPT),"32, Saujana Business Park, Jalan SPU 1, Bandar Saujana Putra",Jenjarom,2.9520117,101.5816978,2.7,11,016-330 8247,KK Mart,Tier 1,6.71
ChIJl7q797NLzDER8rSE9_BIfws,99 Speedmart 2286 Taman Desa,"No: 32A & 33A (Ground Floor, Faber Plaza, Jalan Desa Bakti, Taman Desa",Kuala Lumpur,3.1026944,101.6845,2.8,10,03-3362 6863,99 Speedmart,Tier 1,6.71
ChIJWxm53-VPzDERU_A2-5-qnYM,99 Speedmart 1098 Bandar Pinggiran Subang 1,"No: 19, Jalan Bulan BV U5/BV, Bandar Pinggiran Subang",Shah Alam,3.1604798,101.5479109,2.7,11,03-3362 6863,99 Speedmart,Tier 1,6.71
ChIJgz_ZmSJFzDERZmrdnoFVfV4,KK SUPER MART Bandar Baru Sungai Buloh (SBB2),"No. 371, Jalan 1a/3, Bandar Baru Sungai Buloh",Sungai Buloh,3.2111216,101.5655332,2.7,11,,KK Mart,Tier 1,6.71
ChIJv1F8Q_NFzDERfA8dP3n7PBQ,KK Super Mart Damansara Damai DDM,"J-009, Jalan PJU 10/2a, Damansara Damai",Petaling Jaya,3.198033999999999,101.5940399,2.8,10,016-330 8050,KK Mart,Tier 1,6.71
ChIJcf7Bg25HzDERRUkkoFiIjU4,99 Speedmart 1422 Taman Desa Jaya,"No: 2-1 & 3-1 (GF), Desa Jaya Commercial Centre, Jalan 16, Taman Desa Jaya",Kuala Lumpur,3.2162535,101.6291461,2.8,10,03-3362 6863,99 Speedmart,Tier 1,6.71
ChIJpWoJca1TzDERimX0O0W4dOw,99 Speedmart 1290 Alam Avenue,"No: B-3A & B-5 (Ground Floor), Jalan Serai Wangi G 16/G Alam Avenue, Seksyen 16",Shah Alam,3.0573042,101.4912709,2.9,9,03-3362 6863,99 Speedmart,Tier 1,6.68
ChIJo01hhO9tzDERQGWM52qfOh8,99 Speedmart 1441 Hulu Yam Baru,"No: 6 & 7 (GF), Jalan Besar, Seksyen 1",Baru,3.4319712,101.6584113,2.9,9,03-3362 6863,99 Speedmart,Tier 1,6.68
ChIJVciSC-BOzDERwXArT73rwew,99 Speedmart 1061 Dataran Sunway,"No. 8 & 10, Jalan PJU 5/10",Petaling Jaya,3.151633,101.592873,2.1,23,03-3362 6863,99 Speedmart,Tier 1,6.67
ChIJ8RlByZ9OzDERkU0XmYXd_mo,KK Super Mart Pusat Dagangan NZX (NZX),"A-G-02, Block A, 2, Jalan PJU 1A/41B, Pusat Dagangan NZX, Ara Jaya, PJU 1A",Petaling Jaya,3.1142945,101.5907112,2.5,13,016-330 8425,KK Mart,Tier 1,6.6
ChIJeUoDNB9MzDER31nr1Zqm9eU,"KK Super Mart Kelana Jaya, Parklane (KJ7)","C-G-3, Pusat Komersil Parklane, 21, Jalan SS 7/26",Petaling Jaya,3.108331499999999,101.5947465,2.5,13,016-330 8415,KK Mart,Tier 1,6.6
ChIJuUL48JHHzTERoeux3FqHFjs,99 Speedmart 2909 (PK) Salak Perdana Business Park,"Ground floor, No: 5 & 7, Jalan Kenanga 1/4, Salak Perdana",Sepang,2.836315099999999,101.7387102,3.0,8,03-3362 6863,99 Speedmart,Tier 1,6.59
ChIJQT9KCzi4zTERXbjJAPK1wjw,99 Speedmart 1672 Taman Bintang Mas,"No: 5 (Ground Floor, Jalan Bintang Mas/1, Tmn Bintang Mas",Dengkil,2.8574501,101.674138,3.0,8,03-3362 6863,99 Speedmart,Tier 1,6.59
ChIJSX2_7kK3zTERjlhJr_5kgYw,BilaBila Mart - SplashMania Waterpark,"Lot No.3, Splash Mania Water Theme Park, Gamuda Cove, Persiaran Cove Sentral, Bandar Gamuda Cove",Dengkil,2.8890236,101.6169522,3.0,8,,Indie mart,Tier 1,6.59
ChIJGcCylIFNzDER-GQtOI9G-N4,KK SUPER MART Shah Alam 11 (SA11),"11C, No. 4, Jalan Wau C 11/C, Seksyen 11",Shah Alam,3.075784999999999,101.5293837,3.0,8,014-253 7952,KK Mart,Tier 1,6.59
ChIJnyWwCO9pzDERxpsLDD-Cp14,99 Speedmart,"g7, 9, Jalan Sari Alamanda 5",Rawang,3.3699525,101.5716961,3.0,8,,99 Speedmart,Tier 1,6.59
ChIJzRm9xcFJzDER1-IkD5C2fz8,KK SUPER MART Brickfields (BF),"112, Jalan Tun Sambanthan, Brickfields",Kuala Lumpur,3.1326947,101.6876214,2.1,22,016-330 8315,KK Mart,Tier 1,6.58
ChIJLTKhLw-vzTERj2d4ow_ZnMo,Kedai Runcit Batu8 Sijangkang,"1250, Jalan Batu 8, Kampung Sijangkang",Telok Panglima Garang,2.9400157,101.4700282,4.7,3,,Kedai runcit,Tier 1,6.52
ChIJZZDBAWs2zDERRUiNaf8cJGc,99 Speedmart 1072 Taman Maluri,"Ground Floor, No.289 & 291, Jalan Mahkota, Maluri",Kuala Lumpur,3.128807,101.732147,2.3,16,03-3362 6863,99 Speedmart,Tier 1,6.52
ChIJx5WU8xxHzDER3aE5mcncHBE,Pasar Mini Selvaraj,"16, Jalan 3/8, Baru Selayang",Batu Caves,3.2527114,101.6501132,4.7,3,03-6137 6859,Mini-mart,Tier 1,6.52
ChIJ5-T-bS84zDER96cY9nzw5Lw,KK SUPER MART Wangsa Maju (WM),"Link @ Shop Office, 31, Jalan Wangsa Delima 13, Wangsa Maju",Kuala Lumpur,3.197091599999999,101.7420339,2.3,16,016-330 8215,KK Mart,Tier 1,6.52
ChIJ6V6q2A9LzDERkFz6rrookwQ,KK SUPER MART Taman Kinrara (KRR),"30A, Jalan TK 1/11a, Taman Kinrara Seksyen 1",Puchong,3.0635873,101.6480663,2.4,14,016-330 8056,KK Mart,Tier 1,6.5
ChIJ2_WqaplJzDERSE1X8f0iAvE,99 Speedmart 3295 Plaza Mont Kiara,"No: Lot E/0G/09 (Ground Floor, Plaza Mont Kiara, 2, Jalan Kiara, Mont Kiara",Kuala Lumpur,3.1658129,101.6510419,2.4,14,,99 Speedmart,Tier 1,6.5
ChIJUZhdtypPzDER5XtTYOhGbzo,KK Super Mart (KDC),"No: 28-G, Jalan Camar 4/3, Seksyen 4, Kota Damansara",Petaling Jaya,3.153691,101.578774,2.1,21,010-230 8262,KK Mart,Tier 1,6.49
ChIJqRiMGAOxzTERVjvSgtpsHvE,"KK SUPER MART Puchong, Taman Putra Perdana(PPP)","G71, Pangsapuri Alpha Arena, Jalan, Lingkaran Putra Perdana, Taman Putra Perdana",Puchong,2.9460112,101.6135751,2.7,10,,KK Mart,Tier 1,6.47
ChIJ1YHGONdZzDER3BZpPBlak5M,99 Speedmart 1231 Bandar Puncak Alam 1,"Ground Floor, No: 41 & 43, Lorong Az-zaharah B10/B, Seksyen 10 Bandar Baru Puncak Alam",Puncak Alam,3.2327055,101.4145623,2.7,10,03-3362 6863,99 Speedmart,Tier 1,6.47
ChIJAAAAAAAAAAARoao7dc8rnOo,KK SUPER MART Setiawangsa (STW),"16G, Jalan Setiawangsa 8, Taman Setiawangsa",Kuala Lumpur,3.1786865,101.7418122,2.6,11,016-330 8018,KK Mart,Tier 1,6.46
ChIJWRW7qh_ezTERsUwg_ZxHxMA,99 Speedmart 1401 (NS) Taman Tasik Jaya,"Senawang Business Centre, No: 2 & 4 (GF, Lorong Bunga Raya 6/1, Taman Tasik Jaya",Seremban,2.719918,102.000366,3.6,5,03-3362 6863,99 Speedmart,Tier 1,6.45
ChIJc9MzQCWvzTERGQ0w4b6rlVc,KK Super Mart Telok Panglima Garang (TPG),"42, Jalan Utama 2, Taman Jaya Utama",Telok Panglima Garang,2.9101481,101.4700686,3.1,7,,KK Mart,Tier 1,6.45
ChIJVZ7pVrDPzTERlLlPMDQeW-0,"KK Super Mart Semenyih, Eco Semenyih ( SEM )","Eco Majestic, 9, Jalan Eco Majestic 3A/1",Semenyih,2.9099115,101.8515608,3.1,7,,KK Mart,Tier 1,6.45
ChIJ17_qG9XRzTERbs3bx64NNTo,99 Speedmart 2508 (NS) Broga,"No: Lot 2805 & 2806 (Ground Floor Jalan Besar Broga Pekan, Broga",Lenggeng,2.9357782,101.9113208,3.1,7,03-3362 6863,99 Speedmart,Tier 1,6.45
ChIJ426kqyu1zTER5xojZlG4944,99 Speedmart 2335 KP Seri Kembangan 2,"Ground Floor, No: 1 & 3, Jalan Perusahaan 3, Kawasan Perusahaan Beranang",Seri Kembangan,3.016972199999999,101.70425,3.6,5,03-3362 6863,99 Speedmart,Tier 1,6.45
ChIJCSqybtG1zTERyzHWgkBsfZ4,Econsave • Taman Equine 1 Pasar Ekonomi Mart,"2, Jalan Equine 1D, Taman Equine",Seri Kembangan,2.9970482,101.6788292,3.6,5,03-8940 4062,Indie mart,Tier 1,6.45
ChIJU6wvZSlTzDERVIMPXUg238c,"emart24 Kiosk I-City, Shah Alam","B-UG-15, Level UG, Jalan Multimedia Seksyen 7, I-city",Shah Alam,3.0653337,101.4806696,3.1,7,,Indie mart,Tier 1,6.45
ChIJI0KPjC1LzDERiXWuu9uvS14,"KK Super Mart Puchong, Taman Mawar (PTM)","36G, Jalan TK 5/32a, Taman Mawar",Puchong,3.0652084,101.6323958,3.6,5,,KK Mart,Tier 1,6.45
ChIJB__ZIQ41zDEREii9kn_m2QY,99 Speedmart 2624 Taman Bukit Permai,"No: 19 (Ground Floor, Medan Bukit Permai 2, Taman Bukit Permai",Ampang,3.1104566,101.7569599,3.6,5,03-3362 6863,99 Speedmart,Tier 1,6.45
ChIJPd_nzm9FzDERghfn1LtgVeI,99 Speedmart 1026 Wangsa Permai,"SSG6 & SSG7, Jalan Wangsa Utama, Sri Saujana",Kepong,3.2100194,101.6105378,3.1,7,03-3362 6863,99 Speedmart,Tier 1,6.45
ChIJV1Ok2sFDzDERckT6MJ26etM,99 Speedmart 1486 Taman Bukit Rawang Jaya,"No: 3 & 5 (GF, Jalan 2/13, Taman Bukit Rawang Jaya",Rawang,3.333702,101.58754,2.8,9,03-3362 6863,99 Speedmart,Tier 1,6.45
ChIJT0tH2ObBzTER1-kRyM-sAdk,"KK SUPER MART Seremban, Bandar Enstek (SBET)","No. 41G, Timur @ Enstek, 1A, Jalan Timur 6",Bandar Baru Enstek,2.7475128,101.7653168,4.0,4,,KK Mart,Tier 1,6.44
ChIJcziC_Ja7zTERsRu4_DAYRPM,Aidilfreshmart (2) Kg. oLak Lempit,"RHJV+Q4, 39, Kampung Olak Lempit",Banting,2.8318889,101.592722,4.0,4,,Indie mart,Tier 1,6.44
ChIJkWfHJavJzTERnmTpxP-7Dts,99 Speedmart 1426 Taman Impian Putra,"No: 1 (GF, Jalan Impian Putra 1/4, Taman Impian Putra",Kajang,2.893431,101.771263,4.0,4,03-3362 6863,99 Speedmart,Tier 1,6.44
ChIJWVf7r5jPzTERH15X_ONRaHU,99 Speedmart 3063 Kajang Hillpark,"No : 22 Ground Floor, Eugenia D.E, Jalan Hillpark 6/1",Semenyih,2.949704,101.8127089,4.0,4,03-3362 6863,99 Speedmart,Tier 1,6.44
ChIJM1enBwCzzTERbojYkieBkcY,99 Speedmart 3508 Kota Kemuning 6,"No: 16 & 18 (Ground Floor, Jalan Anggerik Aranda BG 31/BG, Kota Kemuning",Shah Alam,3.0045017,101.5448844,4.0,4,03-3362 6863,99 Speedmart,Tier 1,6.44
ChIJuwoo7y1RzDERZvKuzAZJ_-0,KK Super Mart (SU16),"No. 1 Pusat Perdagangan Tempatan No. 5, Jalan Metafasa U 16, 5, Seksyen, U16 Shah Alam",Shah Alam,3.1688757,101.5174936,4.0,4,,KK Mart,Tier 1,6.44
ChIJYfw4xL9PzDERfNDnDaVDn00,99 Speedmart 2537 Taman Industri Sungai Buloh,"No: 69 (Ground Floor, 67(GF, Jalan TSB 10A, Taman Industri Sungai Buloh",Petaling Jaya,3.1662659,101.5700534,4.0,4,03-3362 6863,99 Speedmart,Tier 1,6.44
ChIJ7_K0ADFHzDERAAQY2BiHqGo,Pasar Raya Well-Mart GB4,"No 27, Ground Floor, Jalan 56/10, Taman Koperasi Polis",Batu Caves,3.220922299999999,101.6908965,4.0,4,03-6179 0088,Indie mart,Tier 1,6.44
ChIJn73djjthzDERyxIhU76Gr8s,99 Speedmart 3351 Taman Aman Suria,"No: 8 & 10 (Ground Floor, 3, Jalan Aman Suria, Taman Aman Suria",Batang Berjuntai,3.3805191,101.4134998,4.0,4,03-3362 6863,99 Speedmart,Tier 1,6.44
ChIJiW-ankn1zDERsdoNL88-C_M,ECONSAVE Mart Taman Rhu Permai,"No.6 & No.8 (Ground Floor, Jalan RHU 1, Taman Rhu Permai",Kuala Selangor,3.3165598,101.2752836,4.0,4,016-239 0904,Indie mart,Tier 1,6.44
ChIJ6QOH7b3zzDER11XOsVTnALk,99 Speedmart 1099 Kuala Selangor 1,"Ground Floor, No: 7 & 9, Jalan Raja Abdullah",Kuala Selangor,3.34079,101.250237,3.3,6,03-3362 6863,99 Speedmart,Tier 1,6.42
ChIJu7oBC5izzTERUzWFuQJAj3E,Econsave Puchong Indah - Pasar Ekonomi Mart,"31, Jalan Indah 3/13, Taman Puchong Indah",Puchong,3.0133643,101.6034125,2.5,12,03-8066 2445,Indie mart,Tier 1,6.41
ChIJP219qlhMzDEROCeYIc2n2MM,KK Super Mart Subang Jaya • SJ,"13, Jalan SS 15/8a, Ss 15",Subang Jaya,3.0740498,101.5871679,2.5,12,016-330 8127,KK Mart,Tier 1,6.41
ChIJH_ElqWc1zDERLayvp6lih2c,99 Speedmart 2358 Bandar Mahkota Cheras 3,"No: 75 (Ground Floor), Jalan Mahkota Residence, 1, Persiaran Mahkota Residence, Bandar Mahkota Cheras",Cheras,3.050949,101.7828529,2.3,15,03-3362 6863,99 Speedmart,Tier 1,6.38
ChIJXZZwtkTnzTER-aoUbFehG48,99 Speedmart 3263 (NS) Oakland Commerce Square,"No: 19 & 20 (Ground Floor, Lorong Haruan 5/1, Oakland Commerce Square",Seremban,2.7062388,101.9185391,2.9,8,03-3362 6863,99 Speedmart,Tier 1,6.37
ChIJMYJusOuszTER9M2gmVMDFkA,99 Speedmart 1102 Sungai Jati,"No.35, 37 & 39, Jalan Mohd Tahir 8, Off, Jalan Sungai Jati",Klang,3.0135437,101.4600079,2.9,8,03-3362 6863,99 Speedmart,Tier 1,6.37
ChIJXdBLmGbOzTERFnlvm89FdBg,KK SUPER MART Kajang (KJ),Kajang,"Kuala Lumpur, Petaling Jaya, Shah Alam, Klang, Subang Jaya, Cheras, Ampang, Cyberjaya, Putrajaya, Kajang, 68100 Selayang, Damansara",2.9927553,101.7898652,2.9,8,016-330 8156,KK Mart,Tier 1,6.37
ChIJX6ywa_FpzDER08RNZk8Efe8,99 Speedmart 1963 Taman Bukit Sentosa,"No: 35 & 37 (Single Storey, Jalan Telipot 2a, Taman Bukit Sentosa 3",Rawang,3.4087812,101.5931485,2.9,8,03-3362 6863,99 Speedmart,Tier 1,6.37
ChIJ_xI0HNJNzDERC9ftQbdS-0g,"KK SUPER MART USJ2, Subang Jaya (USJ2)","No . 5A, No. 5, Jalan USJ 2/2c, Usj 2",Subang Jaya,3.0571256,101.5906412,2.2,17,016-220 8709,KK Mart,Tier 1,6.36
ChIJzZnTlIZNzDERnf0gVyZ4slc,"KK SUPER MART Subang Perdana, Goodyear Court 2 (SGC2)","N-00-001, Subang Perdana GoodYear Court, 2, Jalan USJ 6/1, Usj 6",Subang Jaya,3.0533431,101.5916437,2.4,13,010-230 8694,KK Mart,Tier 1,6.33
ChIJK4eytTnNzTERSx4vqVZI5bE,99 Speedmart 1336 Taman Bukit Cantik,"No: 16 (GF), Jalan Satu, Taman Cantik, Taman Sungai Jelok",Kajang,2.9919139,101.8026737,3.0,7,03-3362 6863,99 Speedmart,Tier 1,6.24
ChIJmc4b9eVPzDERnYcocMWuY9E,99 Speedmart 1220 Subang U5 (2),"No: 1 & 1A, Jalan Utarid U5/B, PS), Seksyen U5",Shah Alam,3.178926,101.536118,3.0,7,03-3362 6863,99 Speedmart,Tier 1,6.24
ChIJn-9SXdsVzDERbBJpevNF0jQ,KK Super Mart Genting Gohtong Jaya (GGJ),"43, Jalan Jati 1, Taman Gohtong Jaya",Genting Highlands,3.3950921,101.7688001,3.0,7,,KK Mart,Tier 1,6.24
ChIJ6yLU8GfnzTER1xBI1kT8WOs,99 Speedmart 1383 (NS) Taman Seremban Jaya,"No: 13811, 13812 & 13813 (GF, Jalan SJ 8/2, Taman Seremban Jaya",Seremban,2.6754276,101.9773712,3.2,6,03-3362 6863,99 Speedmart,Tier 1,6.23
ChIJr199RgDJzTERvkOY37bxJUs,CU Mart5158,"P15, ST, Nadi, 19, 15, Jalan Diplomatik, Presint 15",Putrajaya,2.9449406,101.7214416,1.7,38,,Indie mart,Tier 1,6.23
ChIJnX9HRaCxzTERQikAU7jB024,99 Speedmart 1813 BSP Skypark,"S-G-07 & S-G-08, Persiaran Saujana Putra Utama, Bandar Saujana Putra",Jenjarom,2.941557,101.587367,3.2,6,03-3362 6863,99 Speedmart,Tier 1,6.23
ChIJ0Ybd_lNTzDERiMQIJs6Bxr4,99 Speedmart 1088 Bandar Bukit Raja 1,"No.1 & 3, Jalan Zapin 1, Bandar Bukit Raja",Klang,3.0783758,101.4406813,2.6,10,03-3362 6863,99 Speedmart,Tier 1,6.23
ChIJ8SikufE1zDERjm-LygNdTMw,99 Speedmart 3465 Taman Desa Cheras,"No: 10 & 12 (Ground Floor, Jalan 4/154d, Taman Desa Cheras",Kuala Lumpur,3.059573,101.7377338,2.6,10,03-3362 6863,99 Speedmart,Tier 1,6.23
ChIJnTl3h4U2zDERxQ6XHnzQqI4,"KK SUPER MART Ampang, Taman Muda (ATM)","57, Jalan Bunga Tanjung 6a, Taman Muda",Cheras,3.1210169,101.7603659,2.6,10,016-297 3308,KK Mart,Tier 1,6.23
ChIJU_zH3PBLzDERW9i5ROA21k4,99 Speedmart 1065 Sri Manja,"No.11 & 13, Jalan PJS 3/48, Taman Sri Manja",Petaling Jaya,3.073115,101.648079,2.7,9,03-3362 6863,99 Speedmart,Tier 1,6.22
ChIJNevFuyNbzDER-mb42uDNp-w,99 Speedmart 3171 Pusat Perdagangan HillPark,"35 & 37, Jalan Hillpark 11/10, Pusat Perdagangan Hillpark",Puncak Alam,3.2117831,101.4553664,2.7,9,03-3362 6863,99 Speedmart,Tier 1,6.22
ChIJ19n_8pCtzTERzhFsRGzG8nA,99 Speedmart 2628 Jalan Kebun Nenas,"No: 29 & 31 (Ground Floor Jalan Kebun Nenas, 7A, KS 8, Bandar Putera 2",Klang,2.9608579,101.5173011,2.5,11,03-3362 6863,99 Speedmart,Tier 1,6.21
ChIJ62UuMXmtzTER8EUL69i0wNg,99 Speedmart 1109 Bukit Tinggi 1,"No.35 & 37(Ground Floor, Jalan Batu Nilam 4, Bandar Bukit Tinggi 1",Klang,3.0076017,101.4355629,2.5,11,03-3362 6863,99 Speedmart,Tier 1,6.21
ChIJ3dNIH76zzTERyuUYh-TgBmY,99 Speedmart 1282 Taman Puchong Permai,"No: 1 (Ground Floor, Jalan Puchong Permai 2, Taman Puchong Permai",Puchong,3.0082513,101.5994928,2.5,11,03-3362 6863,99 Speedmart,Tier 1,6.21
ChIJR9yR-BdNzDERiVT0TGxhM04,99 Speedmart 1636 Taman Subang Mas,"H-01-16 (Ground Floor, Jalan SM2, Taman Subang Mas",Subang Jaya,3.055152399999999,101.5586805,2.4,12,03-3362 6863,99 Speedmart,Tier 1,6.16
ChIJR55LhYxKzDER9ub-3FVydVo,KK Super Mart Sri Petaling • SP,"26, Jalan 1/149D, Bandar Baru Sri Petaling",Kuala Lumpur,3.0674789,101.6861661,2.4,12,016-330 8355,KK Mart,Tier 1,6.16
ChIJ7fN27XqtzTERw9yeHPxF2rw,Econsave Jalan Kebun Nenas - Pasar Ekonomi Mart,"No.133, 135, Jalan Kebun Nenas 7A/KS8, Bandar Putera 2",Klang,2.9578884,101.5190242,2.8,8,,Indie mart,Tier 1,6.15
ChIJ22qOIBzFzTERxMSQOyTyR_M,99 Speedmart 3380 (NS) PP Tropika Mantin,"No: 10 & 11 (Ground Floor, Jalan Pusat Perdagangan Tropika 1, Pusat Perdagangan Tropika",Mantin,2.8298499,101.8730688,3.8,4,03-3362 6863,99 Speedmart,Tier 1,6.12
ChIJ0y7DiM2vzTERW15yf_Zt-u0,99 Speedmart 2695 Taman Desa Jarum,"Ground floor, No: 54 & 56, Jalan Bayam 1, Taman Desa Jarum",Jenjarom,2.8805732,101.4931386,3.8,4,03-3362 6863,99 Speedmart,Tier 1,6.12
ChIJhW_EC0ZRzDEREaaz0jBB1fE,"KK Super Mart Shah Alam, Seksyen U16(2) (S162)","47G, Jalan Elektron U16/D, Denai Alam",Shah Alam,3.1630817,101.5129154,3.8,4,,KK Mart,Tier 1,6.12
ChIJAWYmkkFDzDERu4hBq1PJfO0,99 Speedmart 1517 Rawang Perdana,"No: 31 & 33, Jalan RP 4/4",Rawang,3.317435,101.595406,3.8,4,03-3362 6863,99 Speedmart,Tier 1,6.12
ChIJL5BVHSMFzDERVV6EJ_NBUjY,IK Speedmart,"NO 10, 11, Jalan Prima 1, TAMAN BENTONG PRIMA",Bentong,3.5155618,101.913737,3.8,4,,Indie mart,Tier 1,6.12
ChIJ6ePEdJttzDERgrjvjh5TJTI,99 Speedmart 2705 Taman Emas,No: 23 & 25 (Ground Floor Jalan Emas 2 Taman Emas Hulu Yam,Hulu Yam Lama,3.4526788,101.6350388,3.8,4,03-3362 6863,99 Speedmart,Tier 1,6.12
ChIJq2eJgiLLzTERch0nmg6GnlU,"KK Super Mart Kajang, Meriah Residence (KMR)","Lot 1-5 GF, Mirai residence, Persiaran Kajang 2",Kajang,2.964048699999999,101.79671,3.4,5,,KK Mart,Tier 1,6.09
ChIJkaIA53GrzTERPAeshmf9VGQ,99 Speedmart 1664 Jalan Ehsan Pandamaran,"No: 17 & 19 (Ground Floor), Jalan Ehsan Perdana 7/KS 5, Off Jalan Pandamaran Pelabuhan Klang",Klang,3.0065825,101.4181081,3.4,5,03-3362 6863,99 Speedmart,Tier 1,6.09
ChIJac0BO3FHzDERhjhZJReow3A,99 Speedmart 1549 Sunway Batu Caves,"No: G-08, Jalan SM 4, Taman Sunway Batu Caves",Batu Caves,3.2360376,101.6918448,3.4,5,03-3362 6863,99 Speedmart,Tier 1,6.09
ChIJl-IMSJu0zTERlzvCc7pKGrk,99 Speedmart 2056 Puchong Hartamas,"No: S8 & S9 & S10 (Ground Floor), Pangsapuri Seri Pulai, Jalan PH 4, Taman Puchong Hartamas 2",Puchong,3.0054502,101.6229183,2.9,7,03-3362 6863,99 Speedmart,Tier 1,6.03
ChIJ8-RB5u9LzDERflhQRIH-DWw,99 Speedmart 3628 Taman Kinrara Sek 2,"No: 9 & 11 (Ground Floor, Jalan TK 2/1c, Taman Kinrara Seksyen 2",Puchong,3.0690671,101.6435012,2.9,7,03-3362 6863,99 Speedmart,Tier 1,6.03
ChIJzwv8EgDJzTERsc6oayhWAO8,"KK SUPER MART Putrajaya, Presint 15 (2) (P152)","No.1A GF, 1, Jalan P15 H, Presint 15",Putrajaya,2.9377765,101.7151997,2.6,9,,KK Mart,Tier 1,5.99
ChIJryjg1n3OzTERjMfbf8QKTC0,KK Super Mart Jalan Besar Semenyih (JBS),"Lot, 25, Section 4, Jalan Besar",Semenyih,2.947618,101.8457535,2.5,10,016-330 8471,KK Mart,Tier 1,5.99
ChIJ4zQL571NzDERBql_7QCNT1g,99 Speedmart 1621 USJ 1 (2),"Ground Floor, No: 41 & 43, Jalan USJ 1/19, Taman Subang Permai",Petaling Jaya,3.0576412,101.6003403,2.6,9,03-3362 6863,99 Speedmart,Tier 1,5.99
ChIJAAAAAAAAAAARbQPpwMTxpJY,KK SUPER MART Desa Pandan (DPD),"8, Jalan 1/76d, Desa Pandan",Kuala Lumpur,3.1469856,101.7370295,2.0,19,016-330 8047,KK Mart,Tier 1,5.99
ChIJjS2hN52jzTERJJZgDClEeRY,99 Speedmart 2664 Taman Sepakat,"Ground Floor, No: 2 & 6, Jalan Sepakat, Taman Sepakat",Banting,2.7947855,101.4420644,4.3,3,03-3362 6863,99 Speedmart,Tier 1,5.96
ChIJ958RIwCpzTERn3xeLv65BRA,GK MART,"Lot 5756-B1, Jalan Imam Haji Omar, Kampung Sungai Pinang",Pulau Indah,2.9541263,101.3467599,4.3,3,,Indie mart,Tier 1,5.96
ChIJZzlQp9vJzTERw8kkSItBM2c,Rizky Mart,Kampung Sungai Merab Luar,Kajang,2.9426365,101.7434326,4.3,3,,Indie mart,Tier 1,5.96
ChIJxe2gKrjNzTER7tKNAnM3o4U,Econsave Kiara Semenyih - Pasar Ekonomi Mart,"8, Jalan Kiara 1",Semenyih,2.9627899,101.8373173,4.3,3,,Indie mart,Tier 1,5.96
ChIJj_kbq5ytzTERyi9Op8jCxAM,99 Speedmart 1112 Taman Sentosa Perdana,"KS 7, No. 2(G), Jalan Temenggung 15, Off, Jalan Sungai Jati, Taman Sentosa Perdana",Klang,3.005519199999999,101.4833411,4.3,3,03-3362 6863,99 Speedmart,Tier 1,5.96
ChIJ8cuJohu3zTER3TR9krreLDw,"KK Super Mart Cyberjaya, Cambridge Tower ( CCT )","CT-G-03A, Cambridge Tower Garden, Plaza Garden Plaza, Persiaran Harmoni, Garden Residence",Cyberjaya,2.9493937,101.665236,2.1,16,,KK Mart,Tier 1,5.95
ChIJI12dwsS7zTER1KjyjSEX0kA,99 Speedmart 3421 Taman Manggis Jaya,"No: 12 & 14 (Ground Floor Jalan MJ 2 Taman Manggis Jaya, Kampung Sungai Manggis",Banting,2.8311125,101.5327994,3.0,6,03-3362 6863,99 Speedmart,Tier 1,5.84
ChIJm1tLRqbJzTERcRU4hTaDYJg,Econsave Bangi- Awani - Pasar Ekonomi Mart,"13-G, Jalan Awani Bangi 1/1, Taman Awani Bangi",Kajang,2.8983252,101.7780617,3.0,6,,Indie mart,Tier 1,5.84
ChIJEdwnzvzLzTERkHUom9to89k,BilaBila Mart - Canopy Hills,"A-01-05, Residensi Rimbun (Canopy Hills, Jalan Zamrud Utama",Kajang,2.9575706,101.7949977,3.0,6,,Indie mart,Tier 1,5.84
ChIJIzjoDOpNzDER4oRumI3_fwM,KK Super Mart Subang Permai (SBP),"No. 5, Jalan USJ 1/19, Taman Subang Permai",Subang Jaya,3.0576569,101.5992353,3.0,6,03-5892 3803,KK Mart,Tier 1,5.84
ChIJO453EY9PzDERQM8ILCj53-g,BilaBila Mart - H2O Residence,"G-01, Ground Floor, H2O Residence @, 1, Jalan PJU 1a/3, Ara Damansara",Petaling Jaya,3.1156688,101.5773849,3.0,6,,Indie mart,Tier 1,5.84
ChIJMXFO9AEFzDERepLKlCmgBGo,"KK SUPER MART PAHANG, BENTONG JALAN CHUI YIN(PBCY)","29, Jalan Chui Yin",Bentong,3.5235939,101.9067136,3.0,6,,KK Mart,Tier 1,5.84
ChIJBZeNalSrzTERTHfFlJUSX0U,99 Speedmart 1063 Bukit Tinggi 2,"No.15 & 17, Lorong Batu Nilam 34c, Bandar Bukit Tinggi 1",Klang,2.9992614,101.4314552,2.1,15,03-3362 6863,99 Speedmart,Tier 1,5.82
ChIJ6YZdw_pMzDERb8FmSBNeATI,"KK Super Mart Subang Jaya, SS19 (SS19)","36, Jalan SS19/6, Ss 19",Subang Jaya,3.065175199999999,101.5778744,2.2,13,016-330 8230,KK Mart,Tier 1,5.81
ChIJ3y_mjoJOzDERbrYTtktW1xk,KK Super Mart Ara Damansara (ARD),"E-1-2, Commercial Centre, Jalan PJU 1a/4, Ara Damansara",Petaling Jaya,3.111504,101.5859132,1.7,29,016-298 3308,KK Mart,Tier 1,5.78
ChIJp8dC6rBHzDERX6oU291wZB0,"KK SUPER MART Residensi Sky Awani, Sentul Perdana (SPS)","SkyAwani Residence Sentul, G-13A, Residensi, No. 27, Jalan Sentul Pasar, Sentul Pasar",Kuala Lumpur,3.2086578,101.6900134,2.4,10,010-248 6308,KK Mart,Tier 1,5.75
ChIJqSBpTundzTERI3dT2wghlcE,99 Speedmart 1506 (NS) Pekan Sikamat,"No: 2 &3(Ground Floor), Jalan Seri Pandan 1 Taman Seri Pandan",Kampung Sikamat Lama,2.747551,101.9714683,3.2,5,03-3362 6863,99 Speedmart,Tier 1,5.73
ChIJ0wPkcTetzTERrEXoQ-V4bT8,99 Speedmart 3073 Taman Bunga Raya Klang,"No: PT 14562 (Ground Floor, Jalan Raja Nong 1, Taman Bunga Raya",Klang,3.021249899999999,101.4666611,3.2,5,03-3362 6863,99 Speedmart,Tier 1,5.73
ChIJiWhzcQ5VzDERx1pdPLwTUhw,99 Speedmart 2949 Taman Aman Perdana 2,"No: 16 & 18 (Ground Floor Jalan Aman Perdana 1A/KU 5 Taman, Jalan Haji Abdul Manan, Aman Perdana",Klang,3.1114431,101.4096075,3.2,5,03-3362 6863,99 Speedmart,Tier 1,5.73
ChIJPZqugRNFzDEReBL5o8RvcaE,99 Speedmart 2347 Taman Perindustrian KIP,"30 & 31 Ground Floor, No:, Jalan KIP 1, Taman Perindustrian Kip",Kuala Lumpur,3.206816299999999,101.6066774,2.3,11,03-3362 6863,99 Speedmart,Tier 1,5.72
ChIJh3ykx6_LzTERpdUYy7uWEbI,"KK SUPER MART Kajang, MetroPoint (KMP)","No. G3A, Metropoint Complex, Jalan Jelok Ria 8",Kajang,2.9918191,101.7938685,2.6,8,016-330 8196,KK Mart,Tier 1,5.71
ChIJh09Az2TMzTERhm7scIwTCDs,99 Speedmart 1298 Taman Damai Mewah,"Ground Floor, No: 3A & 5, 1A, Jalan Damai Mewah, Taman Damai Mewah",Kajang,2.9868584,101.8085347,2.6,8,03-3362 6863,99 Speedmart,Tier 1,5.71
ChIJ5fJlOQznzTERrNWptkKR3mM,"KK SUPER MART Seremban, Taman Bukit Kepayang(STBK)","2, Jalan MPK 1, Taman Bukit Kepayang",Seremban,2.7130444,101.9115772,1.9,19,,KK Mart,Tier 1,5.69
ChIJgTck6bc1zDERmWh7zjJ7WAE,99 Speedmart 2417 Bandar Tun Hussein Onn 1,"No: 1 (Ground Floor, Jalan Suadamai 1/3, Tun Hussein Onn",Cheras,3.0553056,101.7581111,2.2,12,03-3362 6863,99 Speedmart,Tier 1,5.64
ChIJ1QCfcCS5zTERez6kp8XJSPk,"KK Super Mart Sepang, KLIA Avenue (SKA)","9, Jalan KLIA Avenue, PUSAT DAGANGAN KLIA AVENUE",Sepang,2.8074961,101.6950996,3.5,4,,KK Mart,Tier 1,5.63
ChIJLVjPoWOlzTERVTdGUB3YH3g,ECONSAVE Mart Banting 2,"No. 109, Jalan Toman, Taman Sri Putra",Banting,2.8133392,101.4858517,3.5,4,,Indie mart,Tier 1,5.63
ChIJ07RqQAC5zTERCb10fBMMm00,Bila Bila Mart,Sepang,"Kuala Lumpur, Petaling Jaya, Shah Alam, Klang, Subang Jaya, Cheras, Ampang, Cyberjaya, Putrajaya, Kajang, 68100 Selayang, Damansara",2.8390966,101.6986987,3.5,4,,Indie mart,Tier 1,5.63
ChIJ6fKQRQBTzDERIKOB572p7t4,KK Super Mart,"J-31-G, Jalan Multimedia, Seksyen 7",Shah Alam,3.0654484,101.4843543,3.5,4,,KK Mart,Tier 1,5.63
ChIJd6wH0xlVzDERX1OYrgDdHqs,ECONSAVE Mart Taman Sementa Utama 1,"No. 11 & 15, Jalan Sementa Utama 1, Batu 7, Jalan Kapar, Taman Sementa Utama",Klang,3.0933627,101.3782253,3.5,4,03-3291 9453,Indie mart,Tier 1,5.63
ChIJe8_9BxszzDERdq26oUTlkmg,99 Speedmart 1409 Taman Perkasa,"No: 16 & 17 (GF, 2, Jalan Perkasa 1",Taman Perkasa,3.103121199999999,101.7992305,3.5,4,03-3362 6863,99 Speedmart,Tier 1,5.63
ChIJL5wUvINZzDERH5iyfIq8Tts,BNS Mini Market,"4, Lorong Naluri Sukma A8/A",Puncak Alam,3.2299662,101.4262828,3.5,4,018-988 9343,Mini-mart,Tier 1,5.63
ChIJ1et_A0lGzDER3wC39s9t_kE,"KK SUPER MART Kepong, Taman Fadason (KFD)","50, Jalan 2/17, Off, Jalan Kepong, Taman Fadason",Kuala Lumpur,3.2139978,101.653,3.5,4,010-212 3308,KK Mart,Tier 1,5.63
ChIJyV3_M-lgzDERDxEOGoMAbhY,Pasar Mini Saveway,"6, Jalan Rawang, Pekan Batang Berjuntai",Batang Berjuntai,3.3784755,101.4058108,3.5,4,03-3281 4100,Mini-mart,Tier 1,5.63
ChIJL-a-xuvjzTERsc1rGnwPlNM,99 Speedmart 3330 (NS) Youth City,No: L1-21 (Ground Floor Jalan Bandar Belia 1/2 Bandar Wawasan Putra Nilai,Nilai,2.8205292,101.7959622,2.7,7,03-3362 6863,99 Speedmart,Tier 1,5.61
ChIJt4UmB9vLzTERBQbdGdchQZ8,"KK SUPER MART Reko, Kajang ( RKJ2)","No.3A Saville @ Kajang, Jalan TB 1/1",Kajang,2.9721457,101.7895394,2.7,7,,KK Mart,Tier 1,5.61
ChIJY_I1AJ5TzDERzvCshG69m-A,"KK Super Mart Shah Alam, Seksyen U13 ( SU13 )","VB-G-03, Seksyen U13, No.1, Jalan Setia Murni U13/51, Setia Alam",Shah Alam,3.1154704,101.4532525,2.7,7,,KK Mart,Tier 1,5.61
ChIJ5YKqH2pNzDERppGxR-5_-2k,"KK Super Mart Shah Alam, Seksyen 20 (SA20)","17, Jalan Singa C 20/C, Seksyen 20",Shah Alam,3.055911899999999,101.5420337,1.9,18,016-270 3308,KK Mart,Tier 1,5.59
ChIJreT8X9y2zTERMtR5DR4tjX4,Kinsly Grocery,"Mutiara Ville, Block D, Level 7A, Persiaran Sepang",Cyberjaya,2.9238039,101.6342784,4.0,3,,Sundry/grocer,Tier 1,5.55
ChIJ9wNrlFJLzDERLAzadN0YyCM,99 Speedmart 3745 Bandar Kinrara 5,"No: 18 & 20 (Ground Floor, Jalan BK 5A/2A, Bandar Kinrara",Puchong,3.047014799999999,101.6448656,4.0,3,03-3362 6863,99 Speedmart,Tier 1,5.55
ChIJ-ZPHJGI3zDER5LcP2EtamBU,99 Speedmart 2525 The Arc,No :B2-16 (Ground Floor ARC @ Ampang Ukay Persiaran Ampang Ukay,Ampang,3.1721509,101.756668,2.0,15,03-3362 6863,99 Speedmart,Tier 1,5.55
ChIJrR0Xt8BNzDERHoInq5F1XBU,99 Speedmart 1194 Shah Alam Sek 15,"No.32-G & 34-G, Jalan Pahat G 15/G, Seksyen 15",Shah Alam,3.0637665,101.5263798,2.4,9,03-3362 6863,99 Speedmart,Tier 1,5.53
ChIJy70RHwDdzTEROWoL04a_Od4,MF Freshmart,"No.1, 6, Jalan Utam Singh, Bandar Seremban",Seremban,2.7290841,101.9374746,5.0,2,,Indie mart,Tier 1,5.49
ChIJpWh614-kzTERtpMu344kLXA,99 Speedmart 1232 Taman Mulia Banting,"No: 39 & 41, Jalan Mulia, Taman Mulia",Banting,2.8121767,101.4905562,2.5,8,03-3362 6863,99 Speedmart,Tier 1,5.49
ChIJ8c0UYzXPzTERB6zoBYknSPA,Econsave Pelangi Semenyih 2 - Pasar Ekonomi Mart,"19 & 21, Jalan TPS 2/2, Taman Pelangi Semenyih 2",Semenyih,2.9162597,101.8642627,5.0,2,,Indie mart,Tier 1,5.49
ChIJa-QOapC3zTER0RrDoAPDV94,Eco Fresh Mart Solstice,"Menara Solstice, 2, Persiaran Bestari, Cyber 11",Cyberjaya,2.9247824,101.6362496,5.0,2,017-280 9911,Indie mart,Tier 1,5.49
ChIJBxRi_Xm1zTERLAVA4A2CAQs,Kedai Runcit Pulau Meranti,"Jalan Meranti 6, Kampung Pulau Meranti",Puchong,2.966296599999999,101.6431662,5.0,2,011-6235 6612,Kedai runcit,Tier 1,5.49
ChIJwd7yePUBzTERmNno7XB8Cz4,Kedai Ubat Len Min,19k Jalan Besar Pulau ketam,Klang,3.0210263,101.2528615,5.0,2,03-3110 5260,Generic kedai,Tier 1,5.49
ChIJo7UscKexzTER7Uph9j9u49c,Rajab Mini Mart,"S-G-01, BSP21, Jalan Bandar Saujana Putra, Bandar Saujana Putra",Jenjarom,2.943609099999999,101.5900234,5.0,2,011-7007 0012,Mini-mart,Tier 1,5.49
ChIJKZlSVQDJzTERLQrgly81UNI,Ummi Mart,"8, Jalan 1/4, Seksyen 1",Bandar Baru Bangi,2.9439252,101.7696431,5.0,2,012-297 3664,Indie mart,Tier 1,5.49
ChIJISe4ZyDPzTERmtJlHZa03FA,99 Speedmart 3787 Taman Universiti Bangi,No: 61 & 63 (Ground Floor Jalan Universiti Bangi 1 Taman Universiti Bangi,Kajang,2.9360606,101.8017584,5.0,2,03-3362 6863,99 Speedmart,Tier 1,5.49
ChIJQ8wTI3zNzTER_67b1KuvNDg,99 Speedmart 3821 Taman Tenera Semenyih,"No: 4-G & 6-G (Ground Floor, Jalan Tenera Semenyih 1/1, Taman Tenera",Semenyih,2.9491071,101.8529509,5.0,2,03-3362 6863,99 Speedmart,Tier 1,5.49
ChIJzXu9DAitzTERwcVONjQK338,Walk In Speed Mart,"37, Jalan Kebun Nenas 1a/Ks7, Bandar Putera",Klang,2.9977963,101.4912655,5.0,2,03-5161 8311,Indie mart,Tier 1,5.49
ChIJXzpdExG1zTERRtlAIPa0chY,Pasar Mini Mahathir,"12, Jalan Mutiara 1/1, Taman Mutiara Indah",Puchong,2.989844,101.63493,5.0,2,016-929 8075,Mini-mart,Tier 1,5.49
ChIJEYj1hIG1zTERMsm2nFB2pJE,KK Super Mart Puchong Utama (2) ( PCU2 ),"78, Jalan BPU 1, Bandar Puchong Utama",Puchong,2.9954291,101.6209443,5.0,2,,KK Mart,Tier 1,5.49
ChIJS47j6zm1zTERvCd3vapmyr4,Kaliber Mart,"Perkarangan Masjid Baitul Amin, Jalan Wawasan 5/3, Pusat Bandar Puchong",Puchong,3.0273507,101.6263654,5.0,2,012-679 2364,Indie mart,Tier 1,5.49
ChIJ1--uTHFTzDERuwLWfBf3pD8,Kedai Runcit Mek Melor,"No2, Jalan Padang Jawa, Seksyen 17",Shah Alam,3.0534312,101.4891428,5.0,2,012-331 3324,Kedai runcit,Tier 1,5.49
ChIJ33ZK7yFLzDERRQNjdt-wqu8,99 Speedmart 1213 Taman Kinrara Sek 3,"No: 24 & 25, Jalan Ks 3a, Taman Kinrara Seksyen 3",Puchong,3.0602173,101.6422046,2.5,8,03-3362 6863,99 Speedmart,Tier 1,5.49
ChIJ17b2pqJLzDERQ3pJ8xJv1UQ,KK SUPER MART Sri Manja (SM),"1, Jalan PJS 3/48, Taman Sri Manja",Petaling Jaya,3.0729118,101.6476422,1.9,17,016-330 8317,KK Mart,Tier 1,5.49
ChIJAR-mIABNzDER1Ly5oXUDgtQ,99 Speedmart 3631 Mayang Avenue,"No: A-1-06 (Ground Floor Blok A, Mayang Avenue, Jalan SS 25/35, Taman Mayang",Petaling Jaya,3.1131395,101.5951731,5.0,2,03-3362 6863,99 Speedmart,Tier 1,5.49
ChIJuzu6HXZNzDERVCwoOaaXDpI,BilaBila Mart - Saujana Villa,"CONDO SAUJANA RESORT, Saujana Villa, UNIT NO. 5-00-1, SEKSYEN U2",Shah Alam,3.106906,101.5807205,5.0,2,03-7859 7094,Indie mart,Tier 1,5.49
ChIJKWcL9NdPzDERG6O5oc-ly0I,99 Speedmart 3859 Aman Suria Damansara,"No: B-G-22 & B-G-22A (Ground Floor, Aman Suria Damansara, Jalan PJU 1/43",Petaling Jaya,3.1224716,101.595269,5.0,2,03-3362 6863,99 Speedmart,Tier 1,5.49
ChIJmSbLQsdJzDERtuRmuQZcmXo,(PM1) Kedai Koperasi Kolej Kediaman Tun Syed Zahiruddin (KK9),Seksyen 16,Kuala Lumpur,3.1209645,101.6456433,5.0,2,,Generic kedai,Tier 1,5.49
ChIJJ5Ap67dPzDERpeoNs994L8g,Kedai Runcit Anuar Bin Abdullah,"No. 29-G, Jalan Bulan JU5/J, Seksyen U5, Bandar Pinggiran Subang (Subang 2), Selangor",Shah Alam,3.1600905,101.5479092,5.0,2,03-7859 1253,Kedai runcit,Tier 1,5.49
ChIJQUs4ENJPzDERVemPBWzDn6g,Pasar Mini Hijas,"42-G, Jalan Dinar F U3/F, Taman Subang Perdana",Shah Alam,3.1494126,101.5446963,5.0,2,010-702 2983,Mini-mart,Tier 1,5.49
ChIJqSD2uF4wzDERXOeumb7Tpfg,syarikat perniagaan soon huat（Kedai Runcit Panjang）,"33, Jalan Besar",Pekan Batu 18,3.1652235,101.8479392,5.0,2,,Kedai runcit,Tier 1,5.49
ChIJISvZi3xJzDER_8Iw57urtBo,BilaBila Mart - 28 Mont' Kiara,"B-G-2, 28, 32, Jalan Kiara, Mont Kiara",Kuala Lumpur,3.1736923,101.6524364,5.0,2,,Indie mart,Tier 1,5.49
ChIJvU9CDBZTzDEROhA4LjjDNWc,KK Super Mart Bandar Puncak Alam (4) ( BPA4 ),"No.36, Lorong Naluri Sukma A 8/A, Seksyen 8",Bandar Puncak Alam,3.2293142,101.4270929,5.0,2,,KK Mart,Tier 1,5.49
ChIJlXK8uwlZzDER2E5vUBVZZ98,Kedai runcit usaha baru,Kampung Parit Omar,Jeram,3.2710333,101.3537975,5.0,2,,Kedai runcit,Tier 1,5.49
ChIJLxrU4fhFzDERs5CxhzPRcQU,SEGERA SERVE (MINI MART),"R-G-25, D, Sara Sentral, Kampung Selamat",Shah Alam,3.1992098,101.5778815,5.0,2,018-911 4391,Mini-mart,Tier 1,5.49
ChIJg_lj2Y5FzDER9uLwAbqcCRg,SEGERA SERVE (MINI MART) D’SARA,"R-G-25, D, Sara Sentral, Kampung Selamat",Shah Alam,3.1990645,101.577886,5.0,2,018-911 4391,Mini-mart,Tier 1,5.49
ChIJD77r5DVHzDERQJmsg8bSQCY,KK Super Mart Kepong Baru (2) ( KBR2 ),"Off, 3 Jalan 3/33A, Batu 7, Jalan Kepong, Kepong Baru",Kuala Lumpur,3.2121207,101.645318,5.0,2,,KK Mart,Tier 1,5.49
ChIJ51u2DABHzDERP50BnaGZBx8,SP SHEN YANG MINI MART,"11, Jalan Ambong Kiri 1, Kepong Baru",Kuala Lumpur,3.2104471,101.6469404,5.0,2,012-238 1541,Mini-mart,Tier 1,5.49
ChIJndqZdphHzDER2aee6ygxKqQ,KK Super Mart Pinggiran Batu Caves (2) (PBC2),"34, Jalan Pinggiran 2/2, Taman Pinggiran",Batu Caves,3.255697,101.6941353,5.0,2,,KK Mart,Tier 1,5.49
ChIJyYZB5ZZhzDERoHT9W5KZP2A,Pasar Mini Sri Cahaya,"No. 18, Jalan 1, Taman Seri Cahaya",Batang Berjuntai,3.3775787,101.3965141,5.0,2,,Mini-mart,Tier 1,5.49
ChIJuTVwhk31zDERHw_ccRgW0pI,99 Speedmart 3764 Bandar Baru Kuala Selangor,"No: 28 & 30 (Ground Floor, Lorong Teratai 2/12, Bandar Baru",Kuala Selangor,3.322540499999999,101.2608038,5.0,2,03-3362 6863,99 Speedmart,Tier 1,5.49
ChIJ3RC5pWppzDER_-I1Qy6S8_U,Kedai Runcit Maju Makmur,"No. 1, Jalan Telipot 2A, Serksyen BS 9, Bukit Sentosa 3, Selangor",Rawang,3.408899,101.593856,5.0,2,019-669 8060,Kedai runcit,Tier 1,5.49
ChIJdWXtpD5DzDERbPax6Dmk0fA,99 Speedmart 2774 B&G Komersial Sentral,"Ground Floor, No: 25 & 27, Blok B, Jalan BG 2, B&G Komersial Sentral",Rawang,3.3109753,101.5796608,5.0,2,03-3362 6863,99 Speedmart,Tier 1,5.49
ChIJFaFNuLptzDERQDZcc5KqVUE,Pasaraya JTR Jaya Mini Market,Taman Rasa Jaya,Rasa,3.4974044,101.6333219,5.0,2,017-252 5180,Mini-mart,Tier 1,5.49
ChIJPyDXBYIbzDERfXFf6cwoIxA,99 Speedmart 3095 (PH) Taman Kolej,"No: P1 & P2 (Ground Floor, Jalan Kolej 1, Taman Kolej",Bentong,3.486638699999999,101.9160726,5.0,2,03-3362 6863,99 Speedmart,Tier 1,5.49
ChIJ_fp3buBTzDEROv6265vKXXE,"KK Super Mart Shah Alam, Ken Rimba (SAKR)",B-25 (1 Ken Rimba Commercial Centre,Shah Alam,3.0555968,101.4843021,2.8,6,,KK Mart,Tier 1,5.45
ChIJ05CdsjDnzTERXzlLmcbdrIA,"KK SUPER MART Seremban 2, Pusat Dagangan (SDG)","Pusat Dagangan, 20, Jalan S2 B15, Seremban 2",Seremban,2.6929952,101.9054291,1.6,29,010-230 8375,KK Mart,Tier 1,5.44
ChIJI9Tp9TROzDERAqUlErQ8H0c,KK Super Mart (SAU3),"52G, Jalan Dinar F U3/F, Subang Perdana, Sekysen U3",Shah Alam,3.1506823,101.5434519,2.0,14,016-780 3308,KK Mart,Tier 1,5.42
ChIJGZSGoc7GzTER37XiOT5_Z5g,"KK SUPER MART Nilai, Desa Cempaka (NDC)","PT 11407, Jalan BBN 6/2B, Desa Cempaka, Bandar Baru Nilai",Nilai,2.8023497,101.7669656,1.7,23,016-330 8141,KK Mart,Tier 1,5.4
ChIJCS_i4182zDERAMEMffXQiyQ,KK Super Mart Pandan Indah (PID),"12, Jalan Pandan Indah 1/23a, Pandan Indah",Kuala Lumpur,3.133213899999999,101.7522184,2.1,12,016-330 8450,KK Mart,Tier 1,5.39
ChIJJbv3cPfnzTERCTpkB0oIdxM,"KK Super Mart Seremban, Senawang, Taman Merpati (SSTM)",5-G Lorong TM 1/1 Taman Merpati Senawang,Seremban,2.6906388,101.9660604,3.0,5,,KK Mart,Tier 1,5.38
ChIJA1P82bbLzTERb0L5tfUc9j0,"KK SUPER MART Pusat Bandar, Bangi (BPB)","23, Jalan Medan Pusat Bandar 4A, Seksyen 9",Bangi,2.9585293,101.755701,1.9,16,016-330 8453,KK Mart,Tier 1,5.38
ChIJj7s3eoSzzTERg5JvX7Y3oPo,ECONSAVE Mart Kota Kemuning,"1, Jalan Anggerik Eria, AU31/AU, Kota Kemuning, Seksyen 31",Shah Alam,2.993366300000001,101.5314258,3.0,5,,Indie mart,Tier 1,5.38
ChIJqccdDmKzzTERmGqtCNHWO3M,KK Super Mart KOI,"Pusat Komersial KOI, No.11, Jalan, Jalan, Jalan Puchong, Batu 13",Puchong,3.0090853,101.6153622,1.9,16,016-621 3308,KK Mart,Tier 1,5.38
ChIJL0u1mMk2zDERGh_1w3Uy3_Q,"KK SUPER MART Ampang, Taman Mulia Jaya (AMJ)","Lot 3 Persiaran Saujana & Ulu Klang, Taman Mulia Jaya",Ampang Jaya,3.1331827,101.7890247,3.3,4,010-292 3308,KK Mart,Tier 1,5.31
ChIJ77MNtrlZzDERu3RdUUpaDAc,99 Speedmart 2919 PP Puncak Alam Jaya,"Pusat Perdagangan, No: 50 (Ground Floor Jalan Puncak Alam Jaya 14, Jalan Persiaran Puncak Alam 6",Puncak Alam,3.2407014,101.432777,3.3,4,03-3362 6863,99 Speedmart,Tier 1,5.31
ChIJx07mEVpLzDER8x6FZnAKnnA,KK SUPER MART Residensi Bandar Razak (RBR),"A-G-27, Residensi Bandar Razak, 1, Jalan Razak Mansion",Sungai Besi,3.1071886,101.705717,2.2,10,,KK Mart,Tier 1,5.28
ChIJd-Hl1ItTzDER335vhhCgld4,99 Speedmart 2936 Bandar Baru Klang 3,"22A & 26, Lorong Tiara 1b, Bandar Baru Klang",Klang,3.0633987,101.4693068,2.4,8,03-3362 6863,99 Speedmart,Tier 1,5.27
ChIJmyqt4kzJzTER8UnstozPDXc,99 Speedmart 2560 Taman Desa Sentosa,"No: 2 (Ground Floor, Medan 9, Taman Desa Sentosa",Bandar Baru Bangi,2.9098792,101.7488937,2.7,6,03-3362 6863,99 Speedmart,Tier 1,5.25
ChIJo7e_yBxPzDER1Ng0e0TXxGA,CU Mart Subang Bestari,"19, Jalan Nova U5/N, Subang Bestari",Shah Alam,3.1782279,101.5479639,1.7,21,,Indie mart,Tier 1,5.25
ChIJE_VNFcvhzTER93l9TjXHRaU,99 Speedmart 2580 (NS) Tuanku Jaafar 2,"No 35 & 37 (Ground Floor, Jalan Ttj S/A, Taman Tuanku Jaafar",Seremban,2.6709194,101.9963285,3.7,3,03-3362 6863,99 Speedmart,Tier 1,5.13
ChIJ36wQKbR1zjERy3efZbt9en8,99 Speedmart 3536 (NS) Taman Sri Terachi,"No: 1 & 2 (Ground Floor, Taman Sri, Terachi",Tanjung Ipoh,2.7436573,102.1555921,3.7,3,03-3362 6863,99 Speedmart,Tier 1,5.13
ChIJPx5vBuXJzTERKBlaGc2tKAg,99 Speedmart 2989 Bandar Puteri Bangi,"No :5 & 7 (Ground Floor, Jalan Puteri 3A/1",Kajang,2.8790758,101.7958826,3.7,3,03-3362 6863,99 Speedmart,Tier 1,5.13
ChIJn0asaHe5zTERcRr4rCarZc4,"KK SUPER MART Sepang, Kota Warisan (SKW2)","No.6, Jalan Warisan Megah 1/4, Kota Warisan",Sepang,2.8247104,101.7048338,2.0,12,,KK Mart,Tier 1,5.13
ChIJi1T19JqxzTERAUPPeaNlNH8,"KK Super Mart Puchong, Taman Putra Perdana (3) (PPP3)","Perdana Industrial Park, Jalan PP 16/2, Taman Putra Perdana",Puchong,2.944760899999999,101.6018563,3.7,3,,KK Mart,Tier 1,5.13
ChIJz6gj6pHJzTERbOdO63U73NQ,Mini Market Azam jaya,"17, Jalan Bistari, Taman Universiti",Kajang,2.9407614,101.7880883,3.7,3,,Mini-mart,Tier 1,5.13
ChIJGbmfaACzzTERC7U2rFsaQiI,"KK Super Mart Subang Jaya, Putra Heights (2) (SPH2)","‎, 35, Jalan Putra Mahkota 7/6c, Seksyen 7, Putra Heights",Subang Jaya,2.9963596,101.57303,3.7,3,,KK Mart,Tier 1,5.13
ChIJYyT1yJJVzDER6eErbLsRQXs,99 Speedmart 2948 Teluk Pulai 2,"No: 1 & 3 (Ground Floor, Jalan Udang Kara 20A, Taman Teluk Pulai",Klang,3.043269500000001,101.4172848,3.7,3,03-3362 6863,99 Speedmart,Tier 1,5.13
ChIJBdOFF3RLzDER7e6UJzeFrds,KK Super Mart Taman Kinrara (3) (KRR3),"C-01-06, Jalan PPK 1 Pusat Perniagaan Kinrara, Taman Kinrara Seksyen 3",Puchong,3.0603605,101.6402977,3.7,3,,KK Mart,Tier 1,5.13
ChIJl97YtKk1zDER7sQXuig0iT0,KK SUPER MART Taman Len Seng (LSG),"61, Jalan 2, Taman Len Seng",Kuala Lumpur,3.0736511,101.7439043,3.7,3,03-9544 1704,KK Mart,Tier 1,5.13
ChIJfaNuqsk2zDERKhqOd5c9Exo,Wai Soon Mini Market,"No. 4G dan 6G, Jalan Mulia 3/1, Taman Mulia Jaya",Ampang,3.132958799999999,101.789627,3.7,3,03-4296 9861,Mini-mart,Tier 1,5.13
ChIJRdYDKQBPzDERxJlJjuiUFgM,Kedai Runcit Salvia,"6, PJU 5, Jalan Kenyalang 11/3b, Seksyen 11 Kota Damansara",Petaling Jaya,3.1589596,101.5954357,3.7,3,011-3338 7890,Kedai runcit,Tier 1,5.13
ChIJBQ5D_aBPzDERY5T06tdnILs,99 Speedmart 3709 Mutiara Damansara 2,"No: 16 & 18 (Ground Floor, Jalan PJU 7/16b",Petaling Jaya,3.160609099999999,101.6030723,3.7,3,03-3362 6863,99 Speedmart,Tier 1,5.13
ChIJdRKOwWJPzDERvbWtKk8Q9uk,Gen Mart Kota Damansara,"B-5-G, Jalan PJU 5/13, Kota Damansara",Petaling Jaya,3.1511415,101.5922579,3.7,3,,Indie mart,Tier 1,5.13
ChIJ6fUSrcJFzDERoxzvcZRICgs,Kedai Runcit Kawanku,"19, Jalan Wangsa 3/5, Taman Wangsa Permai",Kuala Lumpur,3.2115303,101.6096897,3.7,3,,Kedai runcit,Tier 1,5.13
ChIJe2JyFz5HzDERGXIy82ThcNw,KK Super Mart Bandar Baru Selayang (2) (BBS2),"No.11G, Jalan 2A/1, fasa 2A Bandar baru Selayang",Batu Caves,3.2630272,101.6781244,3.7,3,,KK Mart,Tier 1,5.13
ChIJTaZ-QP9rzDER-srytiwadss,99 Speedmart 3627 Taman Tasik Teratai,"No: 9 & 11 (Ground Floor, Jalan Teratai 1, Taman Tasik Teratai",Serendah,3.4034404,101.6293383,3.7,3,03-3362 6863,99 Speedmart,Tier 1,5.13
ChIJNdPRFOBOzDER7l2gWJy3OlI,"KK Super Mart Kota Damansara, Sunway Giza (KDG)","A-7-G, Block A, Sunway Giza, Jalan PJU 5/14, Kota Damansara",Petaling Jaya,3.1514293,101.5915257,1.7,19,016-330 8253,KK Mart,Tier 1,5.09
ChIJA8XG7Ns0zDERJ4GYpDfbW9o,KK SUPER MART Tun Hussein Onn (THO),"32, Jalan Suarasa 8/4, Tun Hussein Onn",Cheras,3.046705599999999,101.7596381,2.3,8,016-330 8420,KK Mart,Tier 1,5.05
ChIJQ94v-vlZzDERSYCLLtm6syY,KK SUPER MART BANDAR PUNCAK ALAM(BPA),"Astana Alam 3 Pangsapuri Blok Permata, 21, Jalan Astana D 13/D",Puncak Alam,3.2449659,101.4262908,2.3,8,,KK Mart,Tier 1,5.05
ChIJg5yV7kNGzDERLp4kcauLgFI,Pasar Raya Well-Mart KP5,"B-G-2A, Jalan Metro Perdana 2, Taman Usahawan Kepong",Kuala Lumpur,3.216966,101.6431877,2.3,8,,Indie mart,Tier 1,5.05
ChIJJ5Hbz4yzzTERD5Zfa9rP_28,KK Super Mart SKP,"A-GF-01, Ground Floor, Sky Park @ One City, Jalan USJ 25/1",Selangor,3.021921,101.5798749,2.1,10,010-230 8095,KK Mart,Tier 1,5.04
ChIJ1_ED8Fq1zTERaqSb0CopZfo,"KK Super Mart Puchong, Saujana Puchong (PSN)","No.16, Jalan SP 3/11, Taman Saujana Puchong",Puchong,2.9894638,101.6387267,2.8,5,,KK Mart,Tier 1,5.02
ChIJ96DWKjxHzDERCmQ4rHkigw8,99 Speedmart 3011 Taman Greenwood Indah,"No : 1 & 3 (Ground Floor, Jalan 2, Taman Greenwood Indah",Batu Caves,3.2243187,101.7002603,2.8,5,03-3362 6863,99 Speedmart,Tier 1,5.02
ChIJsTDqva5UzDERCqwVVuzXWeU,KK SUPER MART Teluk Pulai (TPL),"129, Jalan Teluk Pulai, Taman Teluk Pulai",Klang,3.041729199999999,101.4282857,2.4,7,016-330 8199,KK Mart,Tier 1,4.99
ChIJ77gJ4TVHzDER-an1Lwp05lE,99 Speedmart 2852 Kawasan Perindustrian Batu Caves Utara,No: 2 & 3 (Ground Floor Jalan BCU 1 Kawasan Perindustrian Batu Caves Utara,Batu Caves,3.265348899999999,101.6807044,2.4,7,03-3362 6863,99 Speedmart,Tier 1,4.99
ChIJBwB2IinnzTERTnvNrDMqjCo,Pasar Mini Lavin,"2795, Jalan SJ 3/1a, Taman Seremban Jaya",Seremban,2.6821913,101.9722791,4.5,2,,Mini-mart,Tier 1,4.94
ChIJEylS1sndzTERpBBqqOOQytE,99 Speedmart 3504 (NS) Taman Temiang Jaya,"No: 49 & 50 (Ground Floor, 1, Lorong Muafakat 1, Taman Temiang Jaya",Seremban,2.7419175,101.9499451,4.5,2,03-3362 6863,99 Speedmart,Tier 1,4.94
ChIJ9xzNMF6nzTERxmE8VWiDjY0,99 Speedmart 2903 Taman Jugra Indah,"No: 15 & 17 (Ground Floor Jalan JI 2 Taman Jugra Indah Kampung, Permatang Pasir",Banting,2.8370553,101.4292799,4.5,2,03-3362 6863,99 Speedmart,Tier 1,4.94
ChIJd5PFNinbzTERcxHtwrwPhMY,U Fatt Mini Market,"1, Jalan Taman Desa 1, Kampung Baharu Mantin",Mantin,2.8309224,101.8971038,4.5,2,,Mini-mart,Tier 1,4.94
ChIJye7uwuXBzTERxQdLVFgx-N0,99 Speedmart 3605 Taman Desa Merpati,"No: 24 & 26 (Ground Floor, Jalan Merpati 2, Taman Desa Merpati",Sepang,2.7792237,101.7518063,4.5,2,03-3362 6863,99 Speedmart,Tier 1,4.94
ChIJN8UDGD-vzTERLVGtJ92UNos,99 Speedmart Telok Panglima Garang 4,"No: 11 & 15 (Ground Floor, Jalan Pandan, Taman Dato Hormat",Telok Panglima Garang,2.9071021,101.4625919,4.5,2,03-3362 6863,99 Speedmart,Tier 1,4.94
ChIJYRYvEt3FzTERUi5vvjaSaqI,NOOR SUPER MINI MARKET,"61, Jalan Nilai 3/3, Kawasan Perindustrian Nilai 3",Nilai,2.8545193,101.8074507,4.5,2,013-234 1352,Mini-mart,Tier 1,4.94
ChIJ-b1yIVPRzTERg_UyNyLJpq8,99 Speedmart 3681 (NS) Taman Arowana,"No: 12 & 13 (Ground Floor, Jalan Arowana 1, Taman Arowana",Lenggeng,2.8865605,101.929947,4.5,2,03-3362 6863,99 Speedmart,Tier 1,4.94
ChIJ0za-PQCvzTERyKD0rW9UINw,838 Fresh Mart,"Jalan Mawar Kiri, Taman Desa Sijangkang",Telok Panglima Garang,2.9479583,101.4565982,4.5,2,011-5669 1931,Indie mart,Tier 1,4.94
ChIJx2o_BADPzTERPg65Rm5dFKk,Richiamo Mart GMI Bangi,RICHIAMO MART GMI GERMAN MALAYSIAN INSTUTE,Kajang,2.934348200000001,101.79814,4.5,2,011-5661 7163,Indie mart,Tier 1,4.94
ChIJGauQT6zNzTERd1y1drYaeSk,99 Speedmart 2451 Taman Ttdi Glove,"16 & 18 Ground Floor, No :, 20, Jalan TTDI Grove 1/1",Kajang,2.9974799,101.8125457,4.5,2,03-3362 6863,99 Speedmart,Tier 1,4.94
ChIJ3_v2PgBLzDERXQ0ySofoUa4,Eco Mart Vierra Residence,"Bukit Jalil, Ground Floor, Block B, Vierra Residence, 6, Jalan Mas",Bandar Kinrara 1,3.057449099999999,101.6490316,4.5,2,,Indie mart,Tier 1,4.94
ChIJhym_f6k1zDERa7yiDxZHLjc,"KK SUPER MART Cheras, Bandar Damai Perdana (2) (CDP2)","No. 5-00, Jalan Damai Perdana 6/1F Taman Damai Perdana, Bandar Damai Perdana",Cheras,3.053541300000001,101.7387659,4.5,2,,KK Mart,Tier 1,4.94
ChIJCX8bxek1zDERJJ51vpJtcg0,99 Speedmart 1483 Taman Sri Cheras,"No: 3A, 3B, 3C & 3D (G), Block C, Jln 8, Rumah Pangsa, Taman Seri Cheras",Cheras,3.057786199999999,101.7659948,4.5,2,03-3362 6863,99 Speedmart,Tier 1,4.94
ChIJRZvaG1FPzDER2VaWzZAJkU0,99 Speedmart 3857 Taipan Damansara,"No: F-G-06 & F-G-08 (Ground Floor Blok F, Jalan PJU 1A/3N Taipan Damansara, PJU 1A, Ara Damansara",Petaling Jaya,3.1208219,101.5900477,4.5,2,03-3362 6863,99 Speedmart,Tier 1,4.94
ChIJFXQKNoM3zDERe1aGpnjY-2c,Arfan Mini Market,"Jalan 27/56, Taman Setiawangsa",Kuala Lumpur,3.1807098,101.7481871,4.5,2,,Mini-mart,Tier 1,4.94
ChIJVQcgpS_3zDERxNSAUkxHWYU,99 Speedmart 1772 Sasaran 2,"237, Jalan Besar, Sungai Buloh",Jeram,3.2564611,101.3076276,4.5,2,03-3362 6863,99 Speedmart,Tier 1,4.94
ChIJl5rVVdJGzDERXtkAN0xz8MI,Barakah Mart,"Persiaran Selayang Heights, Selayang Heights",Batu Caves,3.267705299999999,101.6523412,4.5,2,012-346 7120,Indie mart,Tier 1,4.94
ChIJidSergtFzDER9CGB_DFKVf8,Kedai Runcit Janna,"554, Jalan 1b/2, Bandar Baru Sungai Buloh",Sungai Buloh,3.2148645,101.5669544,4.5,2,,Kedai runcit,Tier 1,4.94
ChIJQ9_uQ0kFzDERk1QuzaW8SLU,K Grocery Bentong,"41b, Jalan Chui Yin",Bentong,3.5243341,101.9064173,4.5,2,016-954 4370,Sundry/grocer,Tier 1,4.94
ChIJVciN1TqzzTERZdCC-rWPJH0,KK Super Mart PKP koi prima,"C-1-13A, KOI PRIMA, Jalan Pinggiran Mas 1, Taman Mas Sepang",Puchong,2.975082,101.5773863,1.9,12,,KK Mart,Tier 1,4.87
ChIJw0p8XuNSzDERkeIWlWtz2IM,I-City Park - KK Mart,"J-33-G, Block J, No.6, Persiaran Multimedia, I-City, Sekysen 7",Shah Alam,3.0646067,101.4833995,1.9,12,016-330 8036,KK Mart,Tier 1,4.87
ChIJp_2bp9RLzDERgSTVjP1pqhI,"KK SUPER MART Seksyen 14, Petaling Jaya (S142)","4A (GF, Jalan 14/20",Petaling Jaya,3.1093799,101.6362855,1.8,14,016-330 8637,KK Mart,Tier 1,4.87
ChIJxXP7u8-rzTER3p8p5EOTXtc,"KK Super Mart Klang, Taman Bayu Perdana (KBP)","Jalan Batu Unjur 7, Taman Bayu Perdana",Klang,3.0160448,101.4281319,2.5,6,,KK Mart,Tier 1,4.86
ChIJuZ2w1tRPzDER1zdpO-SIC6U,99 Speedmart 3292 Kota Damansara Sek 6 (1),"No: 17 (Ground Floor, Jalan Cecawi 6/19a, Kota Damansara",Petaling Jaya,3.1587033,101.573459,2.5,6,03-3362 6863,99 Speedmart,Tier 1,4.86
ChIJi3xbBkhGzDERYNe0ulyDDO8,KK SUPER MART Kepong Laman Rimbunan (KLR),"60, Jalan Rimbunan Raya, Laman Rimbunan",Kepong,3.2115456,101.6500852,2.1,9,016-698 3308,KK Mart,Tier 1,4.84
ChIJd9reXTy3zTER_d_z_Xbl6mw,TEKUN Mart MMU Cyberjaya,"Multimedia University - MMU Cyberjaya, Hostel Building 3, Wing C MMU Hostel",Cyberjaya,2.9252567,101.6437504,3.0,4,,Indie mart,Tier 1,4.83
ChIJ02uqyT3PzTERMhlVwwjEios,"KK Super Mart Semenyih, Setia Mayuri ( SMY )","5A, No.23A, Jalan Mayuri 1, Setia Mayuri",Semenyih,2.9449098,101.8664452,3.0,4,,KK Mart,Tier 1,4.83
ChIJf-jBhr6rzTERrDDxi786WUQ,"KK Super Mart Klang , Pelabuhan Klang 2 ( KPK2)","No.433-G, Jalan Besar Pandamaran",Pelabuhan Klang,3.0072002,101.4148721,3.0,4,,KK Mart,Tier 1,4.83
ChIJla3MEcStzTERD0TcuNFVSjs,99 Speedmart 2197 Sentosa 2,"No: 12 (Ground Floor), Rawspace Business Park Lorong Dato Yusuf Shahbudin, 44F, KS 07, Taman Sentosa",Klang,3.0082186,101.4719636,3.0,4,03-3362 6863,99 Speedmart,Tier 1,4.83
ChIJ1-BDzSnLzTEREWfEFtVc9lU,Econsave Taman Cheras Prima - Pasar Ekonomi Mart,"A-G-6 & A-G-7, Blok A, Jalan Cheras Prima 3, Taman Cheras Prima",Kajang,3.0123532,101.7666799,3.0,4,016-715 9481,Indie mart,Tier 1,4.83
ChIJp2FGloHLzTERRMo1IMY_KHc,"KK SUPER MART Kajang, Plaza Citra (KPC)","Plaza Citra, 12, Jalan Citra",Kajang,2.996819,101.7870185,2.3,7,016-330 8258,KK Mart,Tier 1,4.78
ChIJ3z5pyFZRzDERAC4iAK_vYJE,99 Speedmart 1925 Taman Meru Selatan,"No: 7 & 9 (Ground Floor), Jalan Muafakat 1, Off, Jalan Meru, Taman Meru Selatan",Klang,3.1184132,101.440689,2.3,7,03-3362 6863,99 Speedmart,Tier 1,4.78
ChIJp3o9Ej5RzDERVbw0GuG0FCM,CU Mart,"No. 54 Ground Floor, Jalan Setia Gemilang BM U13/BM, Setia Alam",Shah Alam,3.1276192,101.4685062,1.4,29,,Indie mart,Tier 1,4.76
ChIJn54i0rvJzTERGp5oF2jFmXY,"KK Super Mart Kajang, Bandar Bukit Mahkota (KMK)","18 Jalan BM 2/1 Seksyen 2, Bandar Bukit Mahkota",Kajang,2.8872498,101.7963355,2.6,5,,KK Mart,Tier 1,4.66
ChIJsafxA9G3zTER3lnMygFMpAk,"KK Super Mart Puchong, Taman Putra Perdana (2) (PPP2)","28, Jalan Putra Perdana 2/3, Taman Putra Perdana",Puchong,2.9466851,101.6188722,2.6,5,,KK Mart,Tier 1,4.66
ChIJldX_cPyvzTERVFkNXwz1KKk,KK Super Mart Telok Panglima Garang (2) ( TPG2 ),"No.39-G, Jalan Aman Sinaria 2, Bandar Tropicana Aman",Telok Panglima Garang,2.9438225,101.5279209,2.6,5,,KK Mart,Tier 1,4.66
ChIJqe6DcQbLzTERNrFJdxjaYVg,"KK Super Mart Balakong, Jalan Simfoni (BSF)",6G Jalan Simfoni 1 Balakong,Seri Kembangan,3.0265447,101.7527559,2.6,5,,KK Mart,Tier 1,4.66
ChIJWZ616ANJzDERShuoxVf0fH0,"KK Super Mart Sri Hartamas, Plaza Damas (2) SHD2","BLOK B2-13A, Plaza Damas, 3, Jalan, Taman Sri Hartamas",Kuala Lumpur,3.1629339,101.656287,2.6,5,,KK Mart,Tier 1,4.66
ChIJdzUe6Le3zTERiznmw4n1r4o,"KK Super Mart Putrajaya, Presint 8 (2) (PP82)","C-21, Jalan Seluang P8/7, Presint 8",Putrajaya,2.9322056,101.6807767,1.8,12,016-330 8732,KK Mart,Tier 1,4.62
ChIJq1oblLzJzTERX_l3unsYmfs,KK SUPER MART Bandar Baru Bangi (BBB),"No: 16, Jalan 6c/7, Taman Persiaran Bangi",Bandar Baru Bangi,2.9437069,101.7640229,2.1,8,,KK Mart,Tier 1,4.61
ChIJj_hjEwg1zDERcYp9cSxmjfY,KK SUPER MART Bandar Mahkota Cheras 2 (BMC2),"No. 45-G, 1, Jalan Mahkota Residence 2, Bandar Mahkota Cheras",Cheras,3.050977,101.7819072,2.0,9,,KK Mart,Tier 1,4.61
ChIJDX7hjh13zDERZM74AjhJog8,99 Speedmart 2990 Bandar Hillpark,"No: 17 & 19 (Ground Floor, Jalan Pinang 4/1, Bandar Hillpark",Bandar Puncak Alam,3.2118368,101.4686718,2.1,8,03-3362 6863,99 Speedmart,Tier 1,4.61
ChIJ4ei-feznzTERSRE8-Q_Q6WE,"KK SUPER MART Seremban, Komersial Universiti(SPKU)","No.2-G, Jalan KU2 Pusat Komersial Universiti, Seremban 3",Seremban,2.672518,101.9332868,1.7,14,,KK Mart,Tier 1,4.6
ChIJH3WowLO1zTERMKIJ_DK5R3A,"KK Super Mart Puchong, Abadi Heights ( PAH )","6, Jalan Abadi 2/2, Abadi Heights",Puchong,2.9691347,101.6340208,3.3,3,,KK Mart,Tier 1,4.57
ChIJIxHuqZc1zDER5Pg4AzrC-hU,SH QUICK MART,"NO 1, LOT KEDAI, RESIDENSI SUTERA 7, Taman Sutera",Kajang,3.0094269,101.7674844,3.3,3,017-211 3176,Indie mart,Tier 1,4.57
ChIJxUFi-XdLzDER3RV5RcDFcwg,99 Speedmart 3116 Taman Perindustrian Kinrara,"No : 19 & 21 (Ground Floor Jalan TPK 2/8, Seksyen 2, Taman Perindustrian Kinrara",Puchong,3.0482793,101.6377438,3.3,3,03-3362 6863,99 Speedmart,Tier 1,4.57
ChIJNxb95XAxzDERC1a5zd0TWQA,99 Speedmart 3239 Residensi Anggerik Wira,"No: 01-01 (Ground Floor, Residensi Anggerik Wira, Jalan Sungai Tekali",Hulu Langat,3.1122556,101.8290212,3.3,3,03-3362 6863,99 Speedmart,Tier 1,4.57
ChIJbzOyflpLzDER6dwC-Esl3ck,KK Super Mart Desa Jaya (TDJ),"No.28A, Jalan Desa Jaya, Taman Desa",Kuala Lumpur,3.1020905,101.6841113,3.3,3,,KK Mart,Tier 1,4.57
ChIJAAAAAAAAAAARwKiNcIIwBgo,KK Super Mart Taman Berkeley (BKL),"7, Lorong Bangau, Taman Berkeley",Klang,3.0583286,101.4628993,1.9,10,016-330 8066,KK Mart,Tier 1,4.56
ChIJUa00K2yrzTERYlpWPRNVrDc,99 Speedmart 1046 Pandamaran,"No. 153 & 155, Jalan Chan Ah Choo, Pandamaran",Pelabuhan Klang,3.010281,101.4183744,2.8,4,03-3362 6863,99 Speedmart,Tier 1,4.51
ChIJ3w2SIwCzzTER_D0umU4Co5s,DST Mart,"B1-G-08, Pangsapuri Aranda, Jalan Anggerik Aranda 31/1, Sekyen 31, Kota Kemuning",Shah Alam,3.0068255,101.5460134,2.8,4,,Indie mart,Tier 1,4.51
ChIJJei4dAFpzDERWmEFyUk1Ucs,99 Speedmart 3466 Desa Kiambang,"No: 6 & 8 (Ground Floor, Jalan Kiambang 1b, Taman Desa Kiambang",Serendah,3.363245399999999,101.5947472,2.8,4,03-3362 6863,99 Speedmart,Tier 1,4.51
ChIJ_Vq2zkvHzTER3Nvh1tkSKwY,99 Speedmart 3560 (NS) Desa Palma,"No: A-G-03 & A-G-03A (Ground Floor, Blok Areca, Desa Palma, Putra Nilai",Nilai,2.8127393,101.7597114,2.3,6,03-3362 6863,99 Speedmart,Tier 1,4.48
ChIJ7_0tP3itzTER-oJxFUM7TJw,99 Speedmart 3570 Sentosa 3,"No: 6 & 8 (Ground Floor, Jalan Dato Yusuf Shahbudin 29c, Taman Sentosa",Klang,3.009300499999999,101.4669207,2.3,6,03-3362 6863,99 Speedmart,Tier 1,4.48
ChIJ0cdFtPujzTERKJul_MeXqvI,Kedai Runcit,"10, Jalan Sepakat, Taman Sepakat",Banting,2.7945196,101.4426468,4.0,2,,Kedai runcit,Tier 1,4.39
ChIJhag71ye_zTERZgJfLy-9RK4,99 Speedmart 3531 Bandar Seri Ehsan,"No: 18 & 20 (Ground Floor, Jalan Bse 4/46, Bandar Seri Ehsan",Banting,2.770013800000001,101.6309341,4.0,2,03-3362 6863,99 Speedmart,Tier 1,4.39
ChIJXyNvgCDFzTER6-EvL7aUW2A,99 Speedmart 3161 (NS) PP Laman Galla,"No: G-04 & G-05 (Ground Floor, Jalan Perniagaan Laman Galla, Pusat Perniagaan Laman Galla",Nilai,2.8430923,101.8291782,4.0,2,03-3362 6863,99 Speedmart,Tier 1,4.39
ChIJYbGDgKhRzDER2Y8MZ3YTrKY,Refresh Mart,Malaysia,"Kuala Lumpur, Petaling Jaya, Shah Alam, Klang, Subang Jaya, Cheras, Ampang, Cyberjaya, Putrajaya, Kajang, 68100 Selayang, Damansara",3.1441972,101.4821564,4.0,2,,Indie mart,Tier 1,4.39
ChIJ7-pQNRZJzDERwibp0JOe2ow,"KK Super Mart Petaling Jaya , Jaya One ( PJO )","B-23-P1, Bangunan Jaya One, Jalan Profesor Diraja Ungku Aziz, Seksyen 13",Petaling Jaya,3.1184199,101.6360453,2.0,8,,KK Mart,Tier 1,4.39
ChIJ3eACGRRPzDERJWr_LJSXO68,"KK SUPER MART Shah Alam, Seksyen U5 (5)(SU55)","U5, B (PS, No. 15G, Jalan Utarid U5/B, SEKSYEN U5",Shah Alam,3.178464200000001,101.536111,4.0,2,,KK Mart,Tier 1,4.39
ChIJaWkvFBRIzDERzVEwcVvsAsM,Jom Ke 3M Mini Market Meraya HQ,"43, Jalan Pinggir, Jalan Ipoh",Kuala Lumpur,3.1751896,101.6886386,4.0,2,03-4051 3222,Mini-mart,Tier 1,4.39
ChIJY7QuCAY3zDERikXTPE84agc,Rainbow Dream World Mini Mart,Taman Dato Ahmad Razali,Ampang,3.1598534,101.7580583,4.0,2,,Mini-mart,Tier 1,4.39
ChIJTwltE9lGzDERsiQvFiX_zl8,Kedai LG Permai Maju,"43, Jalan 2/16, Dataran Templer",Batu Caves,3.2568129,101.6568138,4.0,2,019-275 6833,Generic kedai,Tier 1,4.39
ChIJWyNjZTmezjERSfWu8n617qE,Kam Long Mini mart,"181, 9, Kampung Telemong Indah",Karak,3.291443300000001,102.0897219,4.0,2,,Mini-mart,Tier 1,4.39
ChIJF9_q0ghHzDERs3FPVnXKL74,99 Speedmart 1362 Jalan Development,"No: 42 (GF, Jalan Development",Pekan Kepong,3.2104421,101.6330733,4.0,2,03-3362 6863,99 Speedmart,Tier 1,4.39
ChIJW4J0OmFezDERuSp7I-2bqlQ,Pasar Mini Kien Fatt,"Jalan 5, Simpang Tiga Ijok",Bukit Rotan,3.316675,101.41514,4.0,2,03-3279 1694,Mini-mart,Tier 1,4.39
ChIJ30QS6O6lzjERd9lVhODHReo,Kedai runcit isamuddin azhar enterprise,"1, No. 32, Jalan Dato' Syed Abdullah, Taman Lanchang Indah",Lanchang,3.5006517,102.183975,4.0,2,,Kedai runcit,Tier 1,4.39
ChIJZaqNO5RSzDERePJLDlJjdzQ,"KK Super Mart Shah Alam, Seksyen 16 (SA16)","18, Jalan Niaga 16/3a, Seksyen 16",Shah Alam,3.058457299999999,101.5066931,1.9,9,016-330 8452,KK Mart,Tier 1,4.37
ChIJi21I8j9NzDERGf__CMFeQWU,99 Speedmart 1620 Subang Goodyear Court,"O-00-03, Block O Goodyear Court 2, Jalan USJ 6/1 Off Jalan Kewajipan USJ, Usj 6",Subang Jaya,3.0531359,101.5912862,2.1,7,03-3362 6863,99 Speedmart,Tier 1,4.37
ChIJKbNZXXdHzDERb-r1OQmVRpA,"KK SUPER MART Batu Caves, Samudera (BCS)","13-G, Jalan Samudera Utara 11, Taman Samudera",Batu Caves,3.2339595,101.6951622,1.9,9,016-330 8341,KK Mart,Tier 1,4.37
ChIJWZpmwmrfzTER2LBvzPougEs,"KK Super Mart Seremban, Taman Ampangan (STAP)","1350-G, Jalan Cengal Tiga, Taman Bukit Ampangan",Seremban,2.7261636,101.9997622,2.4,5,,KK Mart,Tier 1,4.3
ChIJVaEekC3JzTER5-GLNpmAZmQ,"KK Super Mart Kajang, Bandar Seri Putra (2) ( KSP 2)","NO, 3, Jalan Seri Putra 3/10",Kajang,2.8864075,101.7807381,2.4,5,,KK Mart,Tier 1,4.3
ChIJ6xih1w7PzTERx-g8_5RBKEA,99 Speedmart 3169 Setia Ecohill 2,"No : 6 & 8 (Ground Floor, Jalan Ecohill 1/6A, Setia Ecohill",Semenyih,2.9234794,101.8556098,2.4,5,03-3362 6863,99 Speedmart,Tier 1,4.3
ChIJ931lc3tTzDER-C-AKKwsal0,KK Super Mart Klang Jalan Raja Hassan (KRH),"No. 27, Jalan Raja Hassan",Klang,3.048871000000001,101.4469216,2.4,5,,KK Mart,Tier 1,4.3
ChIJu4v5Qiu_zTERahAM1zy0_fo,"KK Super Mart Sepang, Horizon Square ( SHS )","No.5-G, Horizon Square, Jalan HVO 2, Bandar Sunsuria",Sepang,2.839588,101.6981086,1.3,26,,KK Mart,Tier 1,4.28
ChIJaQBlwke3zTER7INULkNGnqk,"KK Super Mart Cyberjaya, Cybersquare ( CSQ )","A-G-12, Block A, Jalan Teknokrat 6, CyberSquare, Cyber 5",Cyberjaya,2.9195977,101.6573804,2.2,6,,KK Mart,Tier 1,4.28
ChIJIQ3YJILLzTER3Vvg3jbjqS4,99 Speedmart 3837 Taman Sutera Niaga 8,"No: A2-17 & A2-18 (Ground Floor, Sutera Niaga 8, Jalan Sutera 1/2, Taman Sutera",Kajang,3.0100797,101.7679291,2.2,6,03-3362 6863,99 Speedmart,Tier 1,4.28
ChIJObZ95slLzDERHx2KBysPI5g,"KK SUPER MART Kinrara, Taman Kinrara 2(KRR2)","B-G-19, Block B, Kompleks Suria Kinrara, Persiaran Kinrara, Taman Kinrara Seksyen 3",Puchong,3.0620366,101.6423787,2.2,6,,KK Mart,Tier 1,4.28
ChIJv9n88em3zTERJZ_Pq77PG7I,"KK Super Mart Cyberjaya, Biz Avenue 2 (CBA)","G-G-52 Biz Avenue 2 Neocyber Blok G Biz Avenue 2, Neocyber Lingkaran, Cyberjaya",Dengkil,2.9156778,101.6501479,1.4,20,,KK Mart,Tier 1,4.26
ChIJj4kDCADbzTERHGKSD6j87kQ,KK Super Mart Mantin (2) (MTN2),"No.4-G, Jalan Tasik Senangin 15/2, Bandar Tasik Senangin",Mantin,2.881122,101.9155151,3.0,3,,KK Mart,Tier 1,4.16
ChIJ9QDGetLLzTER2EEIKU1nvH4,Cempaka Tasek Mini Market,"No. 197, Jalan 8/1, Seksyen 8",Bandar Baru Bangi,2.962759,101.7580309,3.0,3,012-375 0606,Mini-mart,Tier 1,4.16
ChIJeVjN41ytzTERTAshKsFVidc,ECONSAVE Mart Taman Seri Indah,"2, Lorong Bendahara 38, Taman Sri Indah",Klang,3.0084531,101.4754521,3.0,3,03-5162 3380,Indie mart,Tier 1,4.16
ChIJFT62gW5VzDERpqPfN_X5zNM,99 Speedmart 2808 Klang Utama 3,"No: 19 (Ground Floor, Jalan Sungai Keramat 20, Taman Klang Utama",Klang,3.0841897,101.4207836,3.0,3,03-3362 6863,99 Speedmart,Tier 1,4.16
ChIJKWeal95PzDERVcgCmdjJqfI,KK Super Mart (SAU6) (0548 ),"2, Jalan Alfa A U6/A, Pusat Perdagangan Subang Permai",Shah Alam,3.1393286,101.5275891,2.0,7,,KK Mart,Tier 1,4.16
ChIJjXmIQG-lzTERU1iuyEz-IXs,99 Speedmart 2927 Taman Delima Kuala Selangor,"No: 1 (Ground Floor, Jalan Delima 1, Taman Delima",Kuala Selangor,3.3648183,101.2452316,3.0,3,03-3362 6863,99 Speedmart,Tier 1,4.16
ChIJt3UkY_XJzTERRTrc_cIKFHk,"KK Super Mart Kajang, Taman Awani Bangi (KAB)","23G, Jalan Awani Bangi 1/1, Taman Awani Bangi",Kajang,2.8987866,101.7784713,1.6,12,,KK Mart,Tier 1,4.1
ChIJ45P8QOrNzTER--xXsZjhEbc,"KK Super Mart Kajang, Kajang Perdana (KKP)","No. G-8, Perdana Avenue, Jalan Kajang Perdana 3/1, Taman Kajang Perdana",Kajang,2.993351499999999,101.8165559,2.5,4,,KK Mart,Tier 1,4.02
ChIJNzsttc-3zTER0RG8OmAUNMw,"KK Super Mart Cyberjaya , Kanvas ( CKV)","G-6, Kanvas, Jalan Teknokrat 6, Cyber 5",Cyberjaya,2.9135165,101.6550219,1.2,26,,KK Mart,Tier 1,3.96
ChIJU0eKnA1PzDERTSMMM1OBfQ4,KK Super Mart (SU53),"No: 9A, Jalan Uranus AG U5/AG, Seksyen U5",Shah Alam,3.1674054,101.5338142,1.5,13,,KK Mart,Tier 1,3.96
ChIJha5jBTM3zDERlxn4_x7WQzs,KK Super Mart M-City Ampang • AMC,"R-09-G, M-City Ampang, 326, Jalan Ampang",Kuala Lumpur,3.158988099999999,101.7471979,1.8,8,,KK Mart,Tier 1,3.96
ChIJAzCo8ZCzzTER5tM-nf0gSxE,KK Super Mart Puchong Indah • PCI,"G-5, Jalan Indah 3/2, Taman Puchong Indah",Puchong,3.0125774,101.6040903,1.9,7,,KK Mart,Tier 1,3.95
ChIJDX5LgZ01zDERS2MQX9LNXAo,"KK Super Mart Cheras, Taman Bukit Permai (CBP)","No. 12G, Medan Bukit Permai 1, Taman Bukit Permai",Cheras,3.1107655,101.756678,2.2,5,,KK Mart,Tier 1,3.94
ChIJo8fnVjHHzTERP7Y8nsHNaK0,99 Speedmart 2301 (NS) Pekan Nilai,"Ground Floor, No: 184 & 185, Jalan Besar Nilai, Pekan Nilai",Nilai,2.8018063,101.793365,2.0,6,03-3362 6863,99 Speedmart,Tier 1,3.89
ChIJ15oWY5hTzDER65gojZH-YbY,99 Speedmart 2447 Sunsuria Forum,"No : A-G-01 (Ground Floor Sunsuria Forum Jalan Setia Dagang AL U13/A1 Seksyen, U13 Shah Alam",Shah Alam,3.1060377,101.4688906,2.0,6,03-3362 6863,99 Speedmart,Tier 1,3.89
ChIJ_WTOwT-lzTERuO8J1OvbyqM,"KK Super Mart Banting, Taman Baiduri ( BBD)","61-G, Jalan Baiduri, Taman Baiduri",Banting,2.800622799999999,101.4927185,3.5,2,011-2330 6898,KK Mart,Tier 1,3.85
ChIJG1zA9VlLzDERBwWmRtWl5w0,"KK Super Mart Salak Selatan, Jalan Besar (SSJB)","178 & 180, Jalan Besar, Salak Selatan",Kuala Lumpur,3.1013523,101.7056784,3.5,2,,KK Mart,Tier 1,3.85
ChIJgdxMv0hZzDERDFr2u_NcMKI,Baloy Member Mart Puncak Alam,"12a, Jalan Astana B 13/B",Puncak Alam,3.2443472,101.4253381,3.5,2,019-226 7998,Indie mart,Tier 1,3.85
ChIJX2xJe21rzDERSQxKQeM8ijo,Kedai Runcit Chik E-na,"Jalan Besar Kampong Pasir, Kampung Pasir",Batang Kali,3.4274466,101.6593571,3.5,2,017-611 3347,Kedai runcit,Tier 1,3.85
ChIJU3hhXd5fzDERmPm0l60exmg,KK Super Mart Bestari Jaya ( BJY ),"21, Jalan Sejati 1, Taman Sejati",Batang Berjuntai,3.314318300000001,101.4116811,2.7,3,,KK Mart,Tier 1,3.74
ChIJe0pChIbnzTERrHMipCEE178,99 Speedmart 1980 (NS) Taman Sri Mawar,"Ground Floor, No: 19 & 21, Lorong Sri Mawar 12/1, Taman Sri Mawar",Senawang,2.6917881,101.9749984,2.3,4,03-3362 6863,99 Speedmart,Tier 1,3.7
ChIJ4XFGyQG3zTERLDoaSyiDWD8,Sydney Grocery Enterprise,"Tower I, Sydney Grocery Level7A, Mutiara Ville, Persiaran Sepang, Cyber 11",Cyberjaya,2.923756999999999,101.6335438,2.3,4,03-8689 7785,Sundry/grocer,Tier 1,3.7
ChIJi8rTph5NzDERF1QeoymXGf4,"KK Super Mart Shah Alam, Seksyen 23 (SA23)","No: 61, Jalan Pelabur B 23/B, Seksyen 23",Shah Alam,3.0466789,101.5265943,1.6,9,,KK Mart,Tier 1,3.68
ChIJR9GREv23zTERT_U3-EH9KE8,"KK Super Mart Cyberjaya, Cyberia Smart Homes ( CCS )","Ground Floor Unit 007, Commercial units, Cyberia SmartHomes Roundabout",Cyberjaya,2.9224607,101.6395879,2.0,5,,KK Mart,Tier 1,3.58
ChIJt1y9mbbLzTER-QGkvI7iGp4,"KK Super Mart Balakong, Taman Setia Balakong (BSB)","No. KA 15G, Jalan Setia Balakong 2/1, Taman Setia Balakong",Balakong,3.0143266,101.751418,1.7,7,,KK Mart,Tier 1,3.54
ChIJG_t1wjmtzTERaThBes7prmY,"KK Super Mart Klang, KSL Avenue ( KKA )","Lot 7 & 9, Ground Floor, KSL Avenue, 2, Jalan Langat KS9, Bandar Bestari",Klang,2.9598871,101.46619,1.8,6,,KK Mart,Tier 1,3.5
ChIJ0ckDX52ZzTER0uKNPdlbyk8,Kedai runcit noorziat enterprise,Kampung Jangin,Tanjong Sepat,2.6757578,101.5153573,5.0,1,,Kedai runcit,Tier 1,3.47
ChIJ9YA-XubnzTER0z36x_NoeEw,DTiara Mart,"Pusat Komersial, 9-G, Jalan Tiara Sendayan Biz 1, Tiara Sendayan",Sendayan,2.7018588,101.8185433,5.0,1,010-204 3786,Indie mart,Tier 1,3.47
ChIJT71fdwDhzTER1qItB-Al96o,CU mart,"87, Jalan TJ 2/4, Industri Tunku Jaafar 2",Seremban,2.6762642,102.0098621,5.0,1,,Indie mart,Tier 1,3.47
ChIJUeVGlCTpzTERnltiuFmXwfI,99 Speedmart 3827 (NS) Pusat Komersial Bayu,No: 16-G & 17-G (Ground Floor Jalan Pusat Komersial Bayu Pusat Komersial Bayu,Bandar Sri Sendayan,2.6688445,101.8527044,5.0,1,03-3362 6863,99 Speedmart,Tier 1,3.47
ChIJezgQqGLDzTERaq_cc1Nnjrc,99 Speedmart 3420 (NS) Taman Pekan Labu,"No: 88 & 89 (Ground Floor, Taman Pekan Labu Batu 10",Labu,2.753334,101.8228011,5.0,1,03-3362 6863,99 Speedmart,Tier 1,3.47
ChIJRyJdzxnezTERbMFo0p720Dg,Kedai Xing Hua Since 1993,"1363, Lorong Cengal 3/2, Taman Ampangan",Seremban,2.7260621,101.9988497,5.0,1,06-677 3195,Generic kedai,Tier 1,3.47
ChIJe0WT_lzfzTERnwL5gkjmSzE,99 Speedmart 3802 (NS) Taman Panchor Jaya,"No: 1433 (Ground Floor, Jalan Semarak 4, Taman Panchor Jaya",Seremban,2.7356755,101.9939473,5.0,1,03-3362 6863,99 Speedmart,Tier 1,3.47
ChIJG4JAt0TnzTERd4CKv3mBgLc,99 Speedmart 3451 (NS) Garden Homes 2,"No: 157 & 158 (Ground Floor, 2, Jalan S2 E8, Garden Homes",Seremban,2.6831793,101.9132573,5.0,1,03-3362 6863,99 Speedmart,Tier 1,3.47
ChIJMy2uPITnzTER_2ilwGQlSOU,MAHADEV MART,"104, Jalan S2 G2, Garden Avenue",Seremban,2.6765055,101.9026189,5.0,1,012-339 3510,Indie mart,Tier 1,3.47
ChIJ63pKWwDdzTER7NVb44feAbg,Sanmart Kwong Loong Fatt,"A7, Kampung Baru Rahang",Seremban,2.6966574,101.9647542,5.0,1,,Indie mart,Tier 1,3.47
ChIJDTAJGAK5zTER8sxTWZFSUjs,ECONSAVE Mart Taman Langat Utama,"No 91 (Ground Floor, Bukit Changgang, Jalan LU 2/2, Taman Langat Utama",Banting,2.8015781,101.6552784,5.0,1,,Indie mart,Tier 1,3.47
ChIJ09GTLwC_zTERT88tTGTJS28,Roswel Mart KLIA,"No.36 Block B, Jalan 1/60, Kuala Lumpur International Airport",Sepang,2.7679197,101.6970515,5.0,1,,Indie mart,Tier 1,3.47
ChIJ42GOlwLdzTERUOY7uVfosqI,UU Speedmart (Seremban),"70200, Jalan Tun Dr. Ismail, Bandar Seremban",Seremban,2.7336457,101.9359159,5.0,1,018-271 4416,Indie mart,Tier 1,3.47
ChIJ0WC4PgDdzTERpBkk_gvuDLk,Mondo Smart Store Royale Chulan Seremban,"Jalan Dato A.S Dawood, Taman Tasek Seremban",Seremban,2.7209685,101.9446412,5.0,1,,Indie mart,Tier 1,3.47
ChIJ2_PBlzO3zTERtWL4sbcmFyo,ECONSAVE Mart Bandar Mahkota Banting,"No 1-G-17 & 1-G, 19, Jalan Usahawan 2, Bandar Mahkota Banting",Banting,2.8320252,101.5531229,5.0,1,,Indie mart,Tier 1,3.47
ChIJ6wxy9ri7zTERLjrTtd5xQrA,99 Speedmart 3715 Taman Cenderawasih,"No: 6 & 8 (Ground Floor Jalan Camar 22 Taman Cenderawasih, Olak Lempit",Banting,2.8336878,101.6033585,5.0,1,03-3362 6863,99 Speedmart,Tier 1,3.47
ChIJv3luPjujzTERlegqx35BPOk,Kedai runcit,"3969jalan gembira, Kampung Kanchong Darat",Banting,2.791009400000001,101.4807944,5.0,1,018-251 8840,Kedai runcit,Tier 1,3.47
ChIJB2UaIXbBzTERRfVh9xvCVK0,99 Speedmart 3770 (NS) Taman Desa Cempaka 2,No: PT 10656 & PT 10657 (Ground Floor Jalan BBN 7B/1D Desa Cempaka Putra Nilai,Nilai,2.788571399999999,101.757701,5.0,1,03-3362 6863,99 Speedmart,Tier 1,3.47
ChIJj_yAXimvzTERBLj-xuGRn90,Kedai runcit Salam enterprise,"Jalan Rajawali, Kampung Batu 9 Kebun Baru",Telok Panglima Garang,2.9160048,101.4886723,5.0,1,018-958 6735,Kedai runcit,Tier 1,3.47
ChIJNXuvS0nJzTERzjNibNyEehA,KEDAI SERBANEKA,Kampung Jenderam Hilir,Dengkil,2.8852991,101.7269563,5.0,1,013-315 9759,Generic kedai,Tier 1,3.47
ChIJE00xz5mpzTERziIZuRtanjw,99 Speedmart 3697 Pulau Indah 3,No: 5 & 6 (Ground Floor Jalan Samudera 10/8C Seksyen 10 Pulau Indah,Pelabuhan Klang,2.9382799,101.3532416,5.0,1,03-3362 6863,99 Speedmart,Tier 1,3.47
ChIJkwQsxsHPzTERBI5pQM79198,Kedai Runcit Furaqi,Kampung Batu Lima Bangi,Kajang,2.899266899999999,101.8019413,5.0,1,,Kedai runcit,Tier 1,3.47
ChIJSZQtSr3PzTERX0Jh_tFQjCI,Mini Market Rayyan,"No. 67, Eco Majestic, 1, Jalan Eco Majestic 9/1A",Semenyih,2.902096900000001,101.8396858,5.0,1,014-928 6044,Mini-mart,Tier 1,3.47
ChIJ12RVJQDPzTERUI7Gb3ZQ6CA,DM MART,"8-1 & 10-1, Jalan Eco Majestic 10/1F",Semenyih,2.8972417,101.8357327,5.0,1,,Indie mart,Tier 1,3.47
ChIJO1KX4FDPzTER0h7yy2K8Jok,"KK Super Mart Semenyih, Eco Majestic (2) ( SEM2)","Eco Majestic, Jalan Eco Majestic 10/1A",Semenyih,2.9010716,101.834094,5.0,1,,KK Mart,Tier 1,3.47
ChIJv1QGRFXPzTERgRxkP1WthL8,Kedai Runcit Amanda Beranang,"16, Jalan Besar, Kampung Sesapan Bukit Rembau",Beranang,2.8769413,101.8727186,5.0,1,014-695 1269,Kedai runcit,Tier 1,3.47
ChIJv47gTwG3zTERGpj2REodmW4,BilaBila Mart - University of Cyberjaya (UoC),"UG, Tower Block, University of Cyberjaya (UoC, Persiaran Bestari, Cyber 11",Cyberjaya,2.9308264,101.6368617,5.0,1,,Indie mart,Tier 1,3.47
ChIJKcnm7Q23zTERnpT96Gx6ddY,Desa Mart & Cafe,"LOT G-12, GROUND FLOOR, THIRD AVENUE, SIGNATURE RETAIL, Jalan Teknokrat 3, Cyber 4",Cyberjaya,2.9287671,101.6541702,5.0,1,011-6227 6020,Indie mart,Tier 1,3.47
ChIJwcE-wN-xzTERWZap_NiyXmo,99 Speedmart 3142 Pusat Perniagaan Amber,"No: GF-32 & GF-33 (Ground Floor, Gamuda Kemuning, Pusat Perniagaan Amber, 25.7, Persiaran Oleander",Telok Panglima Garang,2.9531699,101.5524307,5.0,1,03-3362 6863,99 Speedmart,Tier 1,3.47
ChIJiUaJaf-3zTER7E-zzDRbN0M,Hydra Mart Malaysia,"Retail 1, Block C, Flora Rosa Residence, Jalan P11j, Presint 11",Putrajaya,2.9542333,101.6762912,5.0,1,019-408 0121,Indie mart,Tier 1,3.47
ChIJxa2omPTVzTERGhwAA4JlnTc,99 Speedmart 2857 (NS) Taman Pekan Baru,No: 21 & 22 (Ground Floor Taman Pekan Baru,Titi,2.976853100000001,102.0620346,5.0,1,03-3362 6863,99 Speedmart,Tier 1,3.47
ChIJ2ZrHFgCrzTERAA5dqWNy4aE,Kedai Runcit Pak Belalang,"43AB, Jalan Beringin, Kawasan 13",Pelabuhan Klang,3.0008327,101.3978263,5.0,1,,Kedai runcit,Tier 1,3.47
ChIJ-Z1kQO2xzTER5p1s2lx_T_4,Absolute Unix Mart BSP21,Bandar Saujana Putra,Jenjarom,2.9434919,101.58957,5.0,1,016-600 2294,Indie mart,Tier 1,3.47
ChIJ_7E4VMCxzTERWYncbhGThfo,KK Super Mart Saujana Putra (3) ( SPT3),"14, Jalan SP 8/1, Lebuhraya Utara-Selatan Linkaran Tengah, Bandar Saujana Putra",Jenjarom,2.9406107,101.5869835,5.0,1,,KK Mart,Tier 1,3.47
ChIJx9yQnB-zzTEROjlMrI1rnfo,MIXED MINI MART,"45-AG, BLOK A, PANGSAPURI JATI, PANGSAPURI JATI, Jalan Dagang Mas 2, Taman Mas Sepang",Puchong,2.9735306,101.5811639,5.0,1,,Mini-mart,Tier 1,3.47
ChIJMRvR35PJzTER7nP8um5RoAY,"Pasar Mini Arrais (Seksyen 12, Bandar Baru Bangi)","7, Jalan 12/1, Seksyen 12",Bandar Baru Bangi,2.9419802,101.7509317,5.0,1,,Mini-mart,Tier 1,3.47
ChIJb7RXMbvJzTERdCKdzDmM3ts,MADEENA MINI MART,"5, Jalan 1/9g, Seksyen 1",Bandar Baru Bangi,2.9466926,101.7677884,5.0,1,011-6068 9959,Mini-mart,Tier 1,3.47
ChIJ2yPj1ObLzTERqSAYAjJ88jY,"KK Super Mart Residence Jed, Kajang ( RJK )","Shop -11 ( L1-11) < Resicence Jeb Jalan Zamrub Utama, Persiaran Kajang 2",Kajang,2.957964699999999,101.7944649,5.0,1,,KK Mart,Tier 1,3.47
ChIJTwVJamWrzTERG7YH-SJDrKc,Pasar Mini Noorul Mohammad Suhail,"5, Jalan Pandamaran Jaya 9, Kampung Sijangkang",Pelabuhan Klang,3.0083307,101.4239095,5.0,1,011-1172 7809,Mini-mart,Tier 1,3.47
ChIJf-QX1_arzTER6OrGNGy8vI8,Kedai Tiong Kang,"11, Jalan Cengkeh, Taman Bayu Emas",Pelabuhan Klang,3.0177106,101.4209098,5.0,1,,Generic kedai,Tier 1,3.47
ChIJpck19lWtzTER3xfYigue2ow,AG Speedmart,"2, JALAN NAGASARI 36/A DESA LATANIA, Seksyen 36",Klang,3.0214337,101.4821504,5.0,1,010-369 8624,Indie mart,Tier 1,3.47
ChIJY9ZMhmKtzTERDgioABWbhdI,Kswaree Mart,"17, Jalan Kemuning Indah S32/S, Kemuning Utama",Shah Alam,3.008180000000001,101.524212,5.0,1,,Indie mart,Tier 1,3.47
ChIJ2_Q_0X2yzTERlFq7m0ilE5M,Vag Mini Mart,"No. 12, Jalan Anggerik Eria At 31/At, Kota Kemuning",Shah Alam,2.9937642,101.5309577,5.0,1,03-5171 5530,Mini-mart,Tier 1,3.47
ChIJIWSYS7eyzTERm7rsxpo30s4,Happy Speed Mart,"Jalan Sepadu B 25/B, Taman Perindustrian Axis",Shah Alam,3.026350499999999,101.5420693,5.0,1,,Indie mart,Tier 1,3.47
ChIJz-auPri1zTERKVegrUo-jpo,Sesame Mart Hillcrest Heights,"A-1-3, Hillcrest Heights, Jalan Puchong Utama 1, Taman Puchong Utama",Puchong,3.0036126,101.6177753,5.0,1,,Indie mart,Tier 1,3.47
ChIJKed1xxO1zTERVmP-tRSjVVw,"KK Super Mart Seri Kembangan, Taman Lestari Perdana (2) ( SKL2 )","30-G, Jalan LP 7/5, Lestari Perdana",Seri Kembangan,3.007979299999999,101.6672287,5.0,1,,KK Mart,Tier 1,3.47
ChIJ1QMbLH-zzTER91TEHl-sek0,KK Super Mart Pusat Perdagangan Puchong Prima ( PPM ),"Pusat Perdagangan, E-01-08, Block E, Jalan Prima 5/3, Taman, Taman Puchong Prima",Puchong,2.9999603,101.5950506,5.0,1,,KK Mart,Tier 1,3.47
ChIJkboKvoqzzTERmGC-dBxQ_bU,"KK Super Mart Subang Jaya, Putra Heights (3) ( SPH3 )","seksyen 3, 3, Jalan Putra Bistari 2/1p, Putra Heights",Subang Jaya,3.0141745,101.5779546,5.0,1,,KK Mart,Tier 1,3.47
ChIJqwucDa5VzDERgf72WfTvTfk,Kedai Runcit Sementa Jaya,"60, Jalan Sementa Jaya 1, Taman Sementa Jaya",Klang,3.0850047,101.382177,5.0,1,,Kedai runcit,Tier 1,3.47
ChIJ83EDtLXLzTER89wIvz0r2UQ,Evo Mart,"3368, Jalan 18/31, Taman Sri Serdang",Seri Kembangan,3.0098863,101.7142723,5.0,1,012-324 6908,Indie mart,Tier 1,3.47
ChIJkyUNNQDLzTERDcA-dE9HMhk,Mydin Mart Sutera Kajang,Bukit Angkat,Cheras,3.00792,101.7691867,5.0,1,,Indie mart,Tier 1,3.47
ChIJFa-VagDLzTERdV4GUz8xXVA,KK SUPER MART Taman Desa Serdang (DSD),"25, Jalan Desa Serdang 1, Taman Desa Serdang",Balakong,3.00937,101.7235426,5.0,1,,KK Mart,Tier 1,3.47
ChIJ0Y_ubjLLzTERmCGv62uuQpA,"KK Super Mart Kajang, Taman Sentosa Villa ( KSV )","No.15G, Jalan Sentosa Villa 1/1, Taman Sentosa Villa",Kajang,2.9946639,101.7940444,5.0,1,,KK Mart,Tier 1,3.47
ChIJQeilDH81zDERRibi4hm4ICk,"KK Super Mart Cheras , Taman Bukit Palma ( CPM )","No.12, Jalan Palma 3/3A, Taman Bukit Palma",Cheras,3.022612,101.807796,5.0,1,,KK Mart,Tier 1,3.47
ChIJ6ZO7cPLNzTER8RC-Le5oyEw,Msk Mini Mart,"1b, Jalan Bukit Mewah 11, Taman Bukit Mewah",Kajang,2.9903923,101.7995766,5.0,1,,Mini-mart,Tier 1,3.47
ChIJ_8py_VvLzTERtORb8YCX_2Q,MKV Grocer,"G-1, MKH Boulevard, Jalan Bukit Kajang",Kajang,2.9902112,101.7933775,5.0,1,011-5361 0727,Sundry/grocer,Tier 1,3.47
ChIJMRYnaXVTzDERNcuI4MotBws,"KK Super Mart Klang, Taman Intan ( KTI )","No.58 Jalan Batai Laut 3, Off, Jalan Batu Tiga Lama, Taman Intan",Klang,3.056855699999999,101.4737753,5.0,1,,KK Mart,Tier 1,3.47
ChIJk6eAMeVSzDER7-m8RZTVr9g,Kedai Runcit,"Pusat Komersial, Yg-5, Jalan Plumbum Y 7/Y, Seksyen 7",Shah Alam,3.0650431,101.4898759,5.0,1,,Kedai runcit,Tier 1,3.47
ChIJwZ0bnLlTzDERN1VmGqNL-vo,"KK Super Mart Klang, Bandar Baru Klang (KBB)","3G, Jalan Tiara 2B, Bandar Baru Klang",Klang,3.0631996,101.4686931,5.0,1,,KK Mart,Tier 1,3.47
ChIJ8Rja16xNzDERI2TP2blO4aY,19mart - Seksyen 15,"Dataran Otomobil, 29G, Jalan Pahat H 15/H, Seksyen 15",Shah Alam,3.0641828,101.5261828,5.0,1,03-5523 6651,Indie mart,Tier 1,3.47
ChIJsxGBO4VKzDERljDjRb-mR3Q,Walking In Mart & Laundry,"A-G-2, Endah Promenade, 5, Jalan 3/149e, Bandar Baru Sri Petaling",Kuala Lumpur,3.063815,101.6973499,5.0,1,03-9054 1195,Indie mart,Tier 1,3.47
ChIJPd-yxHhLzDERQiLYZc7AoC8,"KK Super Mart Sri Petaling, Radin (2) ( SPR2 )","No.38 Ground Floor, Jalan Radin Anum 1, Bandar Baru Sri Petaling",Kuala Lumpur,3.067086999999999,101.6943987,5.0,1,,KK Mart,Tier 1,3.47
ChIJdfEjVgA1zDERpCyUmi248rw,Zahra mart grocer,"Persiaran Bestari, Alam Damai",Kuala Lumpur,3.0580358,101.7425942,5.0,1,017-378 9069,Sundry/grocer,Tier 1,3.47
ChIJ03o58VM1zDERq8r7gk5KwKw,"KK Super Mart Cheras, Alam Damai (2) ( CAD2 )","No.88, Damai Cirles, 42744, Jalan Damai Raya 2, Alam Damai",Cheras,3.0659162,101.7436615,5.0,1,,KK Mart,Tier 1,3.47
ChIJhTc8CHdXzDERTZI5OJjfNIo,99 Speedmart 3168 Taman Perepat Permai,"No : 4 & 6 (Ground Floor, Jalan 5C/KU15, Taman Perepat Permai",Kapar,3.117547499999999,101.3647648,5.0,1,03-3362 6863,99 Speedmart,Tier 1,3.47
ChIJeVLGmClXzDERMxKEcgW7IKI,Hing Wang Mini Market,Taman Intan 5,Kapar,3.1320835,101.3814789,5.0,1,,Mini-mart,Tier 1,3.47
ChIJd5pMSF1WzDERV6hpXKGLts4,Kedai Runcit New Chin Seng,"No. 25, Jalan Khoo Kek Kheng, Off Persiaran Hamzah Alang, Taman Kapar",Kapar,3.1364343,101.3776755,5.0,1,03-3250 1386,Kedai runcit,Tier 1,3.47
ChIJf3-hQjJXzDER7t26LbzULMc,KP SPEEDMART 24 Hours,"90, Jalan Raja Mokhtar 1, Kampung Perepat",Kapar,3.1371952,101.3723114,5.0,1,011-5671 7489,Indie mart,Tier 1,3.47
ChIJq-_McERNzDERQ0wXyhs9RBY,V Jash Mini Mart,"G-07, Metia Residence, 5, Persiaran Sukan",Shah Alam,3.0912693,101.544834,5.0,1,03-5524 0834,Mini-mart,Tier 1,3.47
ChIJNbJQYgBXzDERoaA_hsIQuGk,Kedai Runcit G Setia Jaya,"Lot 2758, jalan durian, off, Jalan Dusun, Kampung Bukit Kapar",Kapar,3.1565157,101.4209617,5.0,1,,Kedai runcit,Tier 1,3.47
ChIJ_R8wIwBRzDERajQzsdQzbPU,RK MINI MART (Kedai Runcit),"6, Lorong Meranti Putih/KU10",Klang,3.1456843,101.4384607,5.0,1,,Kedai runcit,Tier 1,3.47
ChIJ1dSqFpNNzDER-w79yzQV_sU,Quicker Mart Pacific Place,"D-01-06, Block D, Pacific Place Commercial Centre, Jalan PJU 1a/4, Ara Damansara",Petaling Jaya,3.1103923,101.5862964,5.0,1,010-444 5260,Indie mart,Tier 1,3.47
ChIJM9p5dfQ1zDERiocvt5lO0mw,Kedai Mesra,"Petronas, Pt4282, Jalan Sri Permaisuri, Bandar Sri Permaisuri",Kuala Lumpur,3.0957767,101.7127394,5.0,1,,Generic kedai,Tier 1,3.47
ChIJAZ8dTCRJzDERZ3lNbCLHORs,STOP & SHOP (MART & CAFE) - KL RIVERIA SENTRAL,"LG-9, RIVERIA SENTRAL, 3, Jalan Tun Sambanthan 6, Brickfields",Kuala Lumpur,3.1300433,101.6893176,5.0,1,012-699 3802,Indie mart,Tier 1,3.47
ChIJf1VOBc1PzDER7zZXYLzP2CY,Pasar Mini Jaya Timur,"5, Jalan SP 1/2, Taman Subang Perdana",Shah Alam,3.1551046,101.5383144,5.0,1,03-7845 4757,Mini-mart,Tier 1,3.47
ChIJ08siqcBJzDERMnUOGeKx_-I,Cahaya Mart,"Cahaya Mart, Residensi Cahaya Jalan Cahaya, Off, Jalan Datuk Sulaiman",Kuala Lumpur,3.1597416,101.6286055,5.0,1,010-364 7100,Indie mart,Tier 1,3.47
ChIJKe1buW5JzDERTNZI1-JYnPA,BilaBila Mart - Kiara Ville,"B-B2-02, KIARAVILLE, 2, Changkat Duta Kiara, Mont Kiara",Kuala Lumpur,3.173366900000001,101.6594495,5.0,1,,Indie mart,Tier 1,3.47
ChIJaaPxQxxFzDERfCBGvHBY2Sk,KK Super Mart Shah Alam Section U20 (2) ( S202 ),"39, Jalan BRP 6/12 Bukit Rahman Putra, Seksyen, U20",Shah Alam,3.2278289,101.5586303,5.0,1,,KK Mart,Tier 1,3.47
ChIJ49o8XyRIzDERbSDZIQNCq3Y,Kedai Serbaneka Fatin Star Resources,Malaysia,"Kuala Lumpur, Petaling Jaya, Shah Alam, Klang, Subang Jaya, Cheras, Ampang, Cyberjaya, Putrajaya, Kajang, 68100 Selayang, Damansara",3.1647551,101.6984224,5.0,1,,Generic kedai,Tier 1,3.47
ChIJXcZg4L9bzDERmOFCtkDeS_0,"KK Super Mart Sungai Buloh, Seri Pristana ( SBSP )","B-1, 10, Jalan SP 11/1, Seri Pristana",Sungai Buloh,3.2057356,101.4711231,5.0,1,,KK Mart,Tier 1,3.47
ChIJL-1fenlfzDER2gQEY-cRhdQ,Kedai runcit zulkefli,Kampung Desa Mahang,Jeram,3.2849895,101.376267,5.0,1,,Kedai runcit,Tier 1,3.47
ChIJGVA8IgBZzDER_OSLuHHoe6E,pasar mini aafiyah,"5003, Jalan Rizab Derahman",Jeram,3.2587293,101.3705834,5.0,1,,Mini-mart,Tier 1,3.47
ChIJh7NBXwBDzDEREB1ytwMjFwk,Pasar Mini Berkat Rezeki,"14, Jalan Tun Teja 1, Taman Tun Teja",Rawang,3.2985474,101.59089,5.0,1,,Mini-mart,Tier 1,3.47
ChIJK2y0d9VFzDER0__IGFI4zxg,"KK Super Mart Residence, Dsara Sentral ( RDS )","R-G-7 Dsara Sentral Jalan Welfare Kampung Baru Sungai Buloh, Seksyen, U19",Shah Alam,3.199212,101.5779302,5.0,1,,KK Mart,Tier 1,3.47
ChIJfdOYJolFzDER0xfeHij7yJY,Daily Convenience Mart,"Jalan PJU 10/4c, Damansara Damai",Petaling Jaya,3.1962552,101.584672,5.0,1,,Indie mart,Tier 1,3.47
ChIJAZVpbwBFzDERmw7oEIeT9Ec,CF Value Mart (Damansara Damai),"A-006, Blok A, Apartment Harmoni, Jalan PJU 10/4c, Damansara Damai",Petaling Jaya,3.1960904,101.58473,5.0,1,,Indie mart,Tier 1,3.47
ChIJgdbbrCtHzDERQzp5i1MJuwM,99 Speedmart 3328 Residensi Perdana,"No: G-3A (Ground Floor, Residensi Perdana, Jalan Metro Perdana Barat",Kepong,3.218342,101.6439439,5.0,1,03-3362 6863,99 Speedmart,Tier 1,3.47
ChIJn8VkxWNHzDERVBHfJfnaiR4,IDAWAN KBM MART,"27, Jalan 31/10a, Taman Perindustrian Iks",Batu Caves,3.2206295,101.6886468,5.0,1,013-626 3634,Indie mart,Tier 1,3.47
ChIJ7yRZinRHzDERZ50AQF5l3ds,Lucky Fresh Mart,"No. 80, Jalan Sbc 3, Taman Sri Batu Caves",Batu Caves,3.234686399999999,101.6876786,5.0,1,016-235 3147,Indie mart,Tier 1,3.47
ChIJMTyPB6_1zDER0ADZiqbpx-s,S-Mart,Bukit Rotan,"Kuala Lumpur, Petaling Jaya, Shah Alam, Klang, Subang Jaya, Cheras, Ampang, Cyberjaya, Putrajaya, Kajang, 68100 Selayang, Damansara",3.3064902,101.3072152,5.0,1,,Indie mart,Tier 1,3.47
ChIJLcqRnkJHzDERJ0gL9MYmuEw,Kedai Serbaneka Manja Ku,"16, Jalan Pinggiran 1/1, Pinggiran Batu Cavses, 68100, Batu Caves",Selangor,3.250212599999999,101.6937215,5.0,1,016-383 9718,Generic kedai,Tier 1,3.47
ChIJGS8JUBs5zDERaXRSnmc4Y_c,Kedai Runcit Md Noor (muslim),"9, Jalan AU 5d/8, Taman Lembah Keramat",Kuala Lumpur,3.2021253,101.7514141,5.0,1,,Kedai runcit,Tier 1,3.47
ChIJXwZoxUxhzDER28R0phHVScA,Kedai runcit mini pak din,"9C7C+FH, Kampung Jaya Setia",Batang Berjuntai,3.3637164,101.421421,5.0,1,,Kedai runcit,Tier 1,3.47
ChIJRfkHPZJDzDERsQS0ArgFFDM,99 Speedmart 3498 Jati Rawang 1,"No: 7 & 9 (Ground Floor, Jalan 1b, Taman Jati",Rawang,3.307343,101.585732,5.0,1,03-3362 6863,99 Speedmart,Tier 1,3.47
ChIJp2Es9JlDzDER4DZesv30gAE,"KK Super Mart Rawang, Taman Desa Mas ( RDM)","18, Jalan DM 5/1, Taman Desa Mas",Rawang,3.3387892,101.5267733,5.0,1,,KK Mart,Tier 1,3.47
ChIJn2TDqrJvzDERVHjhncpWVE8,Pasar Mini Anandur,Taman Bunga Raya,Rawang,3.4435208,101.5551454,5.0,1,,Mini-mart,Tier 1,3.47
ChIJawS5vrdpzDEROuuAeXHKrlE,Econsave Bukit Sentosa Rawang 1- Pasar Ekonomi Mart,"13, Jalan Seroja 1b, Bukit Sentosa",Rawang,3.4172865,101.5778059,5.0,1,,Indie mart,Tier 1,3.47
ChIJBwf1oKgbzDERPRl8y2Pdb-M,99 Speedmart 3539 (PH) Taman Medang Lestari,"No: P1 (Ground Floor, Lestari, Jalan Medang Lestari, Taman Medang",Bentong,3.489619,101.9410241,5.0,1,03-3362 6863,99 Speedmart,Tier 1,3.47
ChIJbcGMuoJzzDER1_djAtgUzME,99 Speedmart 3053 Pusat Perniagaan Jalan Tanjak,"Pusat Perniagaan, No: 3 & 4 (Ground Floor, Jalan Tanjak",Kuala Kubu Baru,3.5462033,101.6610969,5.0,1,03-3362 6863,99 Speedmart,Tier 1,3.47
ChIJHxnJYnIFzDERs82bzvkWzvg,99 Speedmart 3794 (PH) Pusat Perniagaan BH,"No: P06-1 (Ground Floor, Jalan BH 2, Pusat Perniagaan BH",Bentong,3.527252900000001,101.9007829,5.0,1,03-3362 6863,99 Speedmart,Tier 1,3.47
ChIJFbgxFgAVzDERkEKt70tQihk,Hilltop Mart Genting Grand,Genting Highlands,"Kuala Lumpur, Petaling Jaya, Shah Alam, Klang, Subang Jaya, Cheras, Ampang, Cyberjaya, Putrajaya, Kajang, 68100 Selayang, Damansara",3.423978,101.7932011,5.0,1,,Indie mart,Tier 1,3.47
ChIJnW0AdTK3zTERNwYLNf8ZN6k,"KK Super Mart Cyberjaya, Menara Paragon ( CMP)",GF-15 Menara Paragon Persiaran Bestari Cyber 11 Cyberjaya,Sepang,2.924588899999999,101.6372658,1.3,13,,KK Mart,Tier 1,3.43
ChIJ-TvUHS1PzDERIFYKe4mZouM,"KK Super Mart Kota Damansara, Seksyen 6 ( KDS6 )","Seksyen 6, Jalan Cecawi 6/33, Kota Damansara",Petaling Jaya,3.1621272,101.581705,1.3,13,,KK Mart,Tier 1,3.43
ChIJsY6u5aurzTERNFV4zpxGRbU,KK Super Mart Bukit Tinggi (2) (BTG 2),"3, Lorong Batu Nilam 34c, Bandar Bukit Tinggi 2",Klang,2.9992531,101.431832,1.6,7,,KK Mart,Tier 1,3.33
ChIJJZbnMvKtzTERAQvHW29MNJM,"KK Super Mart Klang, Taman Raja Nong ( KRN )","KS2, 13, Jalan Raja Nong 1, Taman Raja Nong",Klang,3.0273107,101.4657868,1.6,7,,KK Mart,Tier 1,3.33
ChIJQVGXLOZTzDERvRkxL_mUrIc,KK SUPER MART I-CITY2 ( ICT2),"B-UG-08, 09 & 10 UPPER GRROUD FLOOR LEVEL I-SUITE CENTRALWALK, I-city",Shah Alam,3.0645889,101.4805521,1.6,7,,KK Mart,Tier 1,3.33
ChIJQX2Jj2DBzTERwF8sDlOxJ_8,"KK Super Mart Nilai, Kompleks Kuarters KLIA (NKKK)","No. A, Kompleks Kuarters KLIA, 6, Jalan Pusat Niaga KLIA 2",Nilai,2.7708707,101.7626448,1.7,6,,KK Mart,Tier 1,3.31
ChIJEduXz8HHzTERK57R3FIhKA8,99 Speedmart 1442 (NS) Taman Desa Cempaka,"No: 4 (GF), Jalan BBN 6/3A Taman Desa Cempaka Bandar Baru Nilai",Nilai,2.8036838,101.7717109,1.7,6,03-3362 6863,99 Speedmart,Tier 1,3.31
ChIJ4Vq5CXtHzDER7Kt15ehKKEc,"KK SUPER MART Batu Caves, Sri Gombak (BCG)","5, Jalan SG 1/6, Taman Sri Gombak",Batu Caves,3.237644,101.69908,1.7,6,010-241 3308,KK Mart,Tier 1,3.31
ChIJbUnOZ0xDzDERoff_h5i-RIU,99 Speedmart 3248 Residensi Avia Plus,"No: G-3 & G-3A (Ground Floor, Residensi Avia Plus, Jalan Desa Utama, Bandar Country Homes",Rawang,3.3245234,101.5265891,1.7,6,03-3362 6863,99 Speedmart,Tier 1,3.31
ChIJt2-pkhjnzTERzfNPqJaiqUU,"KK Super Mart Seremban, Pusat Komersial Bukit Blossom ( SPKB)","53 PT 8992, Jalan PKBB3, Pusat Komersial Bukit Blossom",Seremban,2.700112,101.9520811,3.0,2,,KK Mart,Tier 1,3.3
ChIJcWLAtwbnzTERhQgG6KLyi9Y,KK Super Mart - Taman Rasah Jaya (2),"686, Jalan RJ 1/6, Taman Rasah Jaya",Seremban,2.6819396,101.939763,3.0,2,,KK Mart,Tier 1,3.3
ChIJpXrA2lfdzTERN0Nqv0f_PJk,"KK SUPER MART Seremban, Kemayan Square (SKS)","66-G, Jalan Toman 4, Kemayan Square",Seremban,2.7193324,101.9235539,1.5,8,010-230 8964,KK Mart,Tier 1,3.3
ChIJ5z4kNrrHzTERrXf2yUQCnH8,Econsave Salak Tinggi - Pasar Ekonomi Mart,"No 35 & 37, Jalan ST1C, 6, Medan 88, Bandar Baru Salak Tinggi",Sepang,2.8118352,101.7382089,3.0,2,,Indie mart,Tier 1,3.3
ChIJ-a5fvPnFzTERD0WEmrOuB3s,"KK SUPER MART Seremban, Terminal Nilai 1(STN1)","No. 3, Jalan Terminal Nilai 1, Nilai Sentral",Seremban,2.8020338,101.7987016,3.0,2,,KK Mart,Tier 1,3.3
ChIJkXsuCPV3zDERYK83a-wNdqY,"KK Super Mart Nilai, Bandar Wawasan ( NBWW )","No.L1-7A & 7B, Jalan Bandar Belia 1/1 Bandar Wawasan Putra Nilai",Nilai,2.8208257,101.7951696,3.0,2,,KK Mart,Tier 1,3.3
ChIJf7tpMgAHzTERDCth6M648P8,99 Speedmart 3513 Taman Perindustrian Pulau Indah,"No: 16 & 18 (Ground Floor, 8/4, Jalan Perigi Nanas 8/9, Taman Perindustrian Pulau Indah",Pelabuhan Klang,2.951498599999999,101.3123746,3.0,2,03-3362 6863,99 Speedmart,Tier 1,3.3
ChIJv85i3_CtzTERax-zeD0Gyng,99 Speedmart 3151 Pusat Perniagaan Bestari,"No: 83 & 85 (Ground Floor, Taman Perindustrian Air Hitam Phase 1 & 2, Pusat Perniagaan Bestari, Jalan Permata 1, KS09",Klang,2.9634311,101.4651628,3.0,2,03-3362 6863,99 Speedmart,Tier 1,3.3
ChIJh_s5B9TJzTER0x37IcSusmg,"KK Super Mart Kajang, Bandar Puteri Bangi (KPB)","5, Jalan Puteri 3A/7",Kajang,2.8782433,101.7948743,3.0,2,,KK Mart,Tier 1,3.3
ChIJXdaEE_-5zTERd0HeTgSpSto,BilaBila Mart - Horizon Suites,"G-15, HORIZON SUITE, JALAN HORIZON, BANDAR SUNSURIA",Sepang,2.8396516,101.6992429,3.0,2,,Indie mart,Tier 1,3.3
ChIJtZegTg-_zTERHvZ5AnxOzXA,"KK Super Mart Sepang, Salak Tinggi ( SST )","Space 1, Salak Tinggi & Ride Jalan, KLIA, salak Tinggi",Sepang,2.8254459,101.7131545,3.0,2,,KK Mart,Tier 1,3.3
ChIJb6OjTL23zTERPHF1tFjvYnQ,"KK Super Mart Cyberjaya, Atelier Centre (CAC)","D4-G-15, Blok D4, Atelier Centre, Jalan Atelier 2 Edusphere, Cyber 11",Cyberjaya,2.9336209,101.6371182,3.0,2,,KK Mart,Tier 1,3.3
ChIJjzqfzCfKzTERtvtsYFF7UAM,Pasar Mini Mohd Azli Samsi,"No. 1, Lot 2973, Jalan Cempaka Biru, Kampung Dato Abu Bakar Baginda",Kajang,2.9568604,101.7374536,3.0,2,03-8926 6093,Mini-mart,Tier 1,3.3
ChIJya-Qhi3LzTERUQ9x0VeuIxo,KK Super Mart Bandar Baru Bangi (4) ( BBB4 ),"44, Jalan 4/11, Seksyen 4 Tambahan Bandar Baru Bangi",Bandar Baru Bangi,2.9651366,101.7815792,3.0,2,,KK Mart,Tier 1,3.3
ChIJKQC2f2qzzTERHw5v64cUf6M,Kk supermart g superstore (PCP),"13, Batu 12 3/4, Jalan Perdana 3/4, Taman Puchong Perdana",Puchong,3.0067505,101.6050277,1.5,8,,KK Mart,Tier 1,3.3
ChIJLXE1A8i1zTERdsSD1Oiz9zc,YGY Mini Market 和平杂货店,"Pangsapuri Seri Pagi, C1 01 01 Block C1, seksyen 4, Taman Bukit Serdang",Seri Kembangan,3.019403200000001,101.7001813,3.0,2,011-3311 6659,Mini-mart,Tier 1,3.3
ChIJjRXNxlq1zTERYiGHL3GWYSU,OK Supermart,"13, Jalan BS 5/26a, Taman Bukit Serdang",Seri Kembangan,3.0222592,101.6965052,3.0,2,,Indie mart,Tier 1,3.3
ChIJ19gp8D7LzTERbFD2HR7OgXs,99 Speedmart 3739 Desa Karunmas,"No: 2 (Ground Floor, Jalan Karunmas 12, Desa Karun Mas",Cheras,3.004806,101.757781,3.0,2,03-3362 6863,99 Speedmart,Tier 1,3.3
ChIJcWnOX-pUzDERLMwU5MLzsFU,Kedai Santan & Runcit,"Lot 1080, Jalan Rantau Panjang, Kg Rantau Panjang",Klang,3.057610099999999,101.4082269,3.0,2,012-699 2492,Generic kedai,Tier 1,3.3
ChIJQUz4QvpLzDERXssKCu8l7rg,123 Express Mart (Suria Kinrara),"Block-B-G-17, Kompleks Suria Kinrara, Persiaran Kinrara Seksyen 3, Taman Kinrara",Puchong,3.0642629,101.6413836,3.0,2,016-643 6055,Indie mart,Tier 1,3.3
ChIJUdU7uKI1zDERZuuwUtHPaIY,KK Super Mart Bandar Mahkota Cheras (3)( BMC3),"Seksyen 9, 13-G, Jalan Temenggung 21/9, Bandar Mahkota Cheras",Cheras,3.0540174,101.7869651,3.0,2,,KK Mart,Tier 1,3.3
ChIJIQWqsYJKzDERhWkezBKYbUs,Kedai Runcit Kassim,"E-G-1 Pangsapuri Permai, 57100, Jalan Landai Permai, Sungai Besi",Kuala Lumpur,3.0633184,101.7059424,3.0,2,,Kedai runcit,Tier 1,3.3
ChIJjS-4gqU1zDER2JsdGFzDIqo,KK Super Mart Taman Bukit Angsana (TBA2),"33, Jalan Angsana 1, Taman Bukit Angsana",Cheras,3.062306,101.7497945,3.0,2,,KK Mart,Tier 1,3.3
ChIJ8-THUShLzDERCCcU7xBWJRc,KK Super Mart Residensi Bandar Razak (2) ( RBR2),"B-G-1, 1, Jalan Razak Mansion, Sungai Besi",Kuala Lumpur,3.1081297,101.7053388,3.0,2,,KK Mart,Tier 1,3.3
ChIJQxfYezxIzDERAWO4aTIiw0E,Wan Mart,"Lot 5-25, 5th Floor, 100, Jalan Putra, Chow Kit",Kuala Lumpur,3.1665639,101.6921168,3.0,2,016-318 8495,Indie mart,Tier 1,3.3
ChIJxQXtVTxbzDERgj2RzeloI-Q,"KK Super Mart Sungai Buloh, Desa Coalfields ( SCF )","No.38, Blok D, Jalan DC 4/5, Desa Coalfields",Sungai Buloh,3.2346167,101.4892424,3.0,2,,KK Mart,Tier 1,3.3
ChIJsfyoVsJDzDERFXtnYKTfzUI,99 Speedmart 3793 Caledonia Avenue,"No: 41 (Ground Floor, Jalan Caledonia 1C/1",Batang Berjuntai,3.290189,101.4405771,3.0,2,03-3362 6863,99 Speedmart,Tier 1,3.3
ChIJqak4PGZFzDERlDI15gUaZ8k,99 Speedmart 2524 Saujana Damansara,"No: 1 & 3 (Ground Floor Jalan PJU 10/10B, PJU 10, Saujana Damansara",Petaling Jaya,3.1983168,101.5908436,3.0,2,03-3362 6863,99 Speedmart,Tier 1,3.3
ChIJ37xl2nFHzDERvToLsf1AvwQ,99 speedmart 1691 Taman Selaseh Indah,Taman Selaseh Fasa I,Batu Caves,3.2264715,101.6979073,3.0,2,,99 Speedmart,Tier 1,3.3
ChIJGcgITgBHzDER_GqCvQW3fY0,99 Speedmart 3376 Taman Sri Gombak 5,"No: 46 (Ground Floor, Jalan SG 9/25, Taman Sri Gombak",Selayang,3.2499365,101.6989976,3.0,2,03-3362 6863,99 Speedmart,Tier 1,3.3
ChIJsd3L3jgVzDERtejJUVcSf0o,BilaBila Mart - SCAPES Hotel,"Meeting Room 2, SCAPES Hotel, Jalan Jaya Permai, Midhills",Genting Highlands,3.3873643,101.7842386,3.0,2,,Indie mart,Tier 1,3.3
ChIJ9yPfapyxzTERnlVaB0C1KwE,KK SUPER MART Saujana Putra (2) (SPT2),"Utama, BSP21, S-G-20, Jalan Saujana Putra, Bandar Saujana Putra",Jenjarom,2.9438121,101.5885542,1.8,5,,KK Mart,Tier 1,3.23
ChIJacMrSE_FzTERSmfF99O3nx4,"KK Super Mart Kajang, Mutiara Avenue ( KMA )","No.17, Jalan Mutiara 1A, Mutiara Avenue",Kajang,3.0109925,101.8126323,1.8,5,,KK Mart,Tier 1,3.23
ChIJ2cSB2yRNzDERo2OKveWz5ao,KK Super Mart USJ 8 (USJ8),"D1-00-06, Subang Perdana Goodyear Court 4, Persiaran Kewajipan, Usj 8",Subang Jaya,3.0473541,101.5902865,1.8,5,,KK Mart,Tier 1,3.23
ChIJkzwybc9PzDERFzrzYAg9Akg,KK Super Mart Petaling Jaya PJU 1 ( PJU 1),"No.J- G, 17, Jalan PJU 1/43",Petaling Jaya,3.12063,101.5947572,1.8,5,,KK Mart,Tier 1,3.23
ChIJAAAAAAAAAAARiLqmJPM8bbE,KK SUPER MART Jinjang Selatan (JJS),"15, Jalan 8/32, Taman Jinjang Baru",Kuala Lumpur,3.2074581,101.6581035,1.8,5,016-330 8370,KK Mart,Tier 1,3.23
ChIJ8_1AUOjLzTERv-kaFijwjfI,"KK Super Mart Kajang, Taman Saujana Impian (KSJ)","No.15 Jalan Impian Murni, 1/5, Taman, Saujana Impian",Kajang,3.0157089,101.7926521,1.4,9,,KK Mart,Tier 1,3.22
ChIJTzczTgJTzDERCFyV2e04RTs,Econsave Alam Avenue 2 - Pasar Ekonomi Mart,"B-15-G Jalan Serai Wangi K/16K, Alam Avenue, 3, Seksyen 16",Shah Alam,3.0578221,101.4901724,1.4,9,,Indie mart,Tier 1,3.22
ChIJ6Qp3s_dVzDERRtwq9FhDQiA,"KK Super Mart Klang, Bandar Bukit Raja (2) ( KRJ2)","No.38 Ground Floor, Jalan Makyong 5D/KU5, Bandar Bukit Raja",Klang,3.0900424,101.4324916,2.0,4,,KK Mart,Tier 1,3.22
ChIJK5x1yN83zDERPpvb_zmrwYA,99 Speedmart 1477 Taman Muda Jalan Bunga Cempaka,"No :, 43 & 45, Jalan Bunga Cempaka 6a, Taman Muda",Kuala Lumpur,3.1175977,101.753981,2.0,4,03-3362 6863,99 Speedmart,Tier 1,3.22
ChIJe3cBlQrdzTERg2RTHzqjrBY,99 Speedmart 1916 (NS) Taman College Heights,"No: 44 (Single Storey), Jalan College Heights 1/1, Kampung Sikamat Lama, Taman College Heights",Seremban,2.748526699999999,101.9676355,2.3,3,03-3362 6863,99 Speedmart,Tier 1,3.19
ChIJscsBU6KlzTERHM6_eE9hODQ,"KK SUPER MART Banting, Taman Sri Putra (BTP)","No: 18, Jalan Toman 1, Taman Sri Putra",Banting,2.811443,101.4892446,2.3,3,,KK Mart,Tier 1,3.19
ChIJ2foa8TTJzTERrc8ynWe-4Lw,99 Speedmart 3277 Taman Desa Damai,"No: 10 & 12 (Ground Floor, Jalan Damai 2, Taman Desa Damai",Kajang,2.9328474,101.7522868,2.3,3,03-3362 6863,99 Speedmart,Tier 1,3.19
ChIJMwibH4vLzTERjL2BI7nQmqo,KK Super Mart Bandar Baru Bangi (2) (BBB2),"8, Jalan 5c/11, Seksyen 5",Bandar Baru Bangi,2.957028,101.7854882,2.3,3,,KK Mart,Tier 1,3.19
ChIJlwgqig2zzTERTpDGD741itc,AZIZZ MART,"Lot 232-g, Jalan Jurutera, Kg pulas luar",Puchong,3.0057015,101.5878557,2.3,3,014-243 5855,Indie mart,Tier 1,3.19
ChIJr54fL-a1zTERzDuLoaF7o-Y,"KK Mart Seri Kembangan, Pusat Perdagangan ( SKPD)","5, Jalan PSK 9, Pusat Perdagangan Seri Kembangan",Seri Kembangan,3.015593,101.697236,2.3,3,,KK Mart,Tier 1,3.19
ChIJvYjSV3hPzDERyh4kJQrdZSM,99 Speedmart 3120 Bandar Pinggiran Subang 4,"No : 22 & 24 (Ground Floor, Jalan Bulan Bm U5/Bm, Bandar Pinggiran Subang",Shah Alam,3.1636288,101.5473888,2.3,3,03-3362 6863,99 Speedmart,Tier 1,3.19
ChIJQ8h7IQBhzDERRj-NUh4BX1I,Asiamart Bestari Jaya,"11, Jalan Besar, Pekan Batang Berjuntai",Batang Berjuntai,3.3784257,101.4057868,2.3,3,,Indie mart,Tier 1,3.19
ChIJyQLESYsVzDERb4oFK7Xa5eI,KK Super Mart Genting Permai Avenue ( GPA ),"P18, Jalan Permai 1/1, Genting Permai Avenue",Genting Highlands,3.3863716,101.775083,2.3,3,,KK Mart,Tier 1,3.19
ChIJ73zUqnxdzDER-41g51lX_nw,"KK Super Mart Rawang, Saujana (RSJ)","Jalan SR 4/1A, Saujana Rawang",Rawang,3.3353443,101.5179958,2.3,3,,KK Mart,Tier 1,3.19
ChIJj6cZv6FpzDERAFZw8P9K0g0,99 Speedmart 3591 Bukit Sentosa 3,"No: 27 & 29 (Ground Floor, Seksyen BS7, Jalan Anggerik 5a, Bukit Sentosa",Rawang,3.413041,101.5887202,2.3,3,03-3362 6863,99 Speedmart,Tier 1,3.19
ChIJL7BJkcMVzDEReb3iFXu3--E,KK Mart First World Complex,Genting Highland Resort,Genting Highlands,3.4235071,101.7939901,2.3,3,,KK Mart,Tier 1,3.19
ChIJgc6cF4JLzDERsp6ZFVq-Z3I,99 Speedmart 2494 Sri Petaling 4,"Ground Floor, No :81, Jalan Radin Bagus, Bandar Sri Petaling",Kuala Lumpur,3.071091600000001,101.6945685,1.1,16,03-3362 6863,99 Speedmart,Tier 1,3.12
ChIJgS8AxaSrzTERLYzI9_GQSpc,"KK Super Mart Klang , Taman Bayu Perdana ( 2) KBP2","8, Jalan Bayu Tinggi 5, KS6 Batu undur",Klang,3.0137362,101.4313553,1.4,8,,KK Mart,Tier 1,3.08
ChIJ7Vq09cm5zTERJadJV5ynMlY,"KK Super Mart Sepang, Bell Avenue ( SBA)","R-G-23A, Bell Avenue, Jalan Sunsuria, Bandar Sunsuria",Sepang,2.8288806,101.7055573,1.3,9,,KK Mart,Tier 1,2.99
ChIJyXI3ryXJzTERlYsAlTClm68,"KK SUPER MART Bangi, Seksyen 15 (BS15)","No.25, Jalan 15/1b, Seksyen 15",Bandar Baru Bangi,2.9337556,101.7683611,1.3,9,,KK Mart,Tier 1,2.99
ChIJkRzv4_dNzDERDMUuRE4wGNo,MAK FRESHMART,Ss 15,Subang Jaya,3.0736583,101.5874171,1.8,4,,Indie mart,Tier 1,2.9
ChIJXzckPFBRzDER2tYfYH9ux-Q,CU Mart,"Lebuhraya Koridor Guthrie, Bukit Jelutong",Shah Alam,3.172477,101.5195057,1.8,4,,Indie mart,Tier 1,2.9
ChIJxfG-HNbHzTERkLm4cKtI6jM,"KK Super Mart Sepang, Bunga Raya (SBR)","11G, Jalan Bunga Raya 2, Taman Bunga Raya",Sepang,2.806050299999999,101.7151562,1.6,5,,KK Mart,Tier 1,2.87
ChIJ8UkpqxlNzDERKhSBHNA4Yac,99 Speedmart 3493 USJ 9 (2),"No: 21 (Ground Floor, Jalan USJ 9/5P",Subang Jaya,3.0464092,101.5869755,1.6,5,03-3362 6863,99 Speedmart,Tier 1,2.87
ChIJHaTINhZIzDER7uYUZpkMoBs,KK SUPER MART Jalan Ipoh (JIP2),"214, Jalan Ipoh",Kuala Lumpur,3.1721031,101.6920784,1.6,5,016-711 3308,KK Mart,Tier 1,2.87
ChIJg8HJNCqjzTERP1Abrdk52PU,99 Speedmart 3224 Taman Seri Bayu,"No: 10 & 12 (Ground Floor, Jalan Raja Borhan 2, Taman Seri Bayu",Banting,2.7538505,101.4447934,4.0,1,03-3362 6863,99 Speedmart,Tier 1,2.77
ChIJP1kb6xznzTERqUe9rnIMpoA,99 Speedmart 2145 (NS) Taman Rasah Jaya 2,"Ground Floor, No: 3392 & 3393, Jalan RJ 6/1, Taman Rasah Jaya",Seremban,2.6798939,101.9472716,2.0,3,03-3362 6863,99 Speedmart,Tier 1,2.77
ChIJFyNZekjRzTERa1-MybtHhrc,Friendly Mart&Cafe,"Jalan Tasik Senangin 15, 2, Pusat Perniagaan Seksyen 15, Bandar Tasik Senangin",Lenggeng,2.881155699999999,101.9155767,4.0,1,03-8724 3696,Indie mart,Tier 1,2.77
ChIJZ2VgKca3zTERLjiyfuJ0R9o,BilaBila Mart - City University Cyberjaya,"3500, Jalan Teknokrat 3, Cyber 4",Cyberjaya,2.9227677,101.6539357,4.0,1,,Indie mart,Tier 1,2.77
ChIJ9TkwqS6zzTERiqssgYRXxv4,PASAR MINI SK KOTA KEMUNING,"8g, Jalan Anggerik Aranda D 31/D, Kota Kemuning",Shah Alam,2.990684299999999,101.5475902,4.0,1,012-987 2383,Mini-mart,Tier 1,2.77
ChIJbX-1amWzzTERnbnNnkZWnVg,Pasar Mini RG,"36, Jalan Kekwa 2, Taman Puchong Perdana",Puchong Perdana,3.0063957,101.6056912,4.0,1,012-387 0760,Mini-mart,Tier 1,2.77
ChIJc94H5ZJMzDERyHUJYVsJik4,Ramla Mini Mart,Subang Jaya,"Kuala Lumpur, Petaling Jaya, Shah Alam, Klang, Subang Jaya, Cheras, Ampang, Cyberjaya, Putrajaya, Kajang, 68100 Selayang, Damansara",3.0621202,101.5949877,4.0,1,010-660 9556,Mini-mart,Tier 1,2.77
ChIJUb4HQTBNzDERJEy3I_DUfKQ,KK Super Mart USJ 9 (2) (UJ92),"Jalan USJ 9/5P, Usj 2",Subang Jaya,3.045940600000001,101.5869639,4.0,1,,KK Mart,Tier 1,2.77
ChIJlwvx1AlLzDERop8r9jkR284,Pasar Mini Pak Din,"11, Jalan PJS 3/46, Taman Sri Manja",Petaling Jaya,3.0739859,101.6474559,4.0,1,013-394 7113,Mini-mart,Tier 1,2.77
ChIJy6dGL75KzDER683FpTwPOy0,Al NIHAL FRESH MART,"BLOCK C, Arena Green Apartment",Kuala Lumpur,3.0519916,101.6872787,4.0,1,018-260 9784,Indie mart,Tier 1,2.77
ChIJLTw4rK01zDERYhpZd-E_Tnk,"KK Super Mart Cheras, Bandar Damai Cheras ( CDC )","7, Jalan Damai Perdana 5/1b, Bandar Damai",Cheras,3.054398899999999,101.74371,4.0,1,,KK Mart,Tier 1,2.77
ChIJ0QTc9Y1XzDERP10pIIUeqA0,99 Speedmart 1129 Jalan Besar Pekan Kapar,"No. 258 & 260, Jalan Besar / KU 13, Pekan Kapar",Kapar,3.138908400000001,101.3702088,2.0,3,03-3362 6863,99 Speedmart,Tier 1,2.77
ChIJxUn3lw5PzDERlYY17Sr3W_A,KK Super Mart Ara Damansara (2) ( ARD2),"81, Jalan PJU 1A/42, Permata, Ara Damansara",Petaling Jaya,3.1178971,101.5889397,4.0,1,,KK Mart,Tier 1,2.77
ChIJ7Rwc5EZFzDERRuDbP18uQq0,"KK SUPER MART Shah Alam, Section U20 (SU20)","No. 65-G, Jalan Nautika AU 20/A Section U20, Pusat Komersil TSB Sungai Buloh",Shah Alam,3.2088375,101.5708875,2.0,3,016-220 8352,KK Mart,Tier 1,2.77
ChIJX96oJ7BHzDER2bnaMQK960M,Sunan Mart,"60, Lorong Sungai Mulia 5, Kampung Sungai Mulia",Kuala Lumpur,3.2149274,101.7029664,4.0,1,012-359 9034,Indie mart,Tier 1,2.77
ChIJ1etglx5fzDERoDkotfzk-iM,99 Speedmart 3038 Pusat Niaga Ijok Permai,"No: 28 (Ground Floor Jalan Ijok Permai, 1, Pusat Niaga Ijok Permai",Batang Berjuntai,3.3103949,101.4213645,4.0,1,03-3362 6863,99 Speedmart,Tier 1,2.77
ChIJS6BSM2JpzDERgBIWYc5HNk4,99 Speedmart 2703 Prima Beruntung,"Perniagaan Jalan Mawar, No: 29 (Ground Floor, Jalan Mawar 2A, Prima Beruntung",Rawang,3.402941899999999,101.5426994,2.0,3,03-3362 6863,99 Speedmart,Tier 1,2.77
ChIJs0D3RrBDzDER8bv1gxTu1VU,99 Speedmart 3657 Rawang Perdana 2,"No: 47 & 48 (Ground Floor, Jalan RP 13/2, Taman Rawang Perdana",Rawang,3.3293091,101.5884664,2.0,3,03-3362 6863,99 Speedmart,Tier 1,2.77
ChIJp0xNVqpPzDERpHZ0SNXM3zM,KK Super Mart Dataran Ara Damansara ( DAD ),"C-G, 19, Jalan PJU 1a/20b, Dataran Ara Damansara",Petaling Jaya,3.1200012,101.5791892,1.2,9,,KK Mart,Tier 1,2.76
ChIJ6zIkqiSzzTERJtDW4OlEcY4,360 MINI MART SDN BHD,"The Place, Jalan USJ 25/1A, One City",Subang Jaya,3.0220799,101.5803323,2.5,2,018-777 3360,Mini-mart,Tier 1,2.75
ChIJkWDEGgCtzTERoNZ6K9LBBJM,CU Mart,"37, Jalan Mohd Tahir, Taman Saujana",Klang,3.0127512,101.4626323,1.5,4,,Indie mart,Tier 1,2.41
ChIJYzz8GwCtzTERd3Z-zBl0Gpk,"CU Mart Taman Saujana, Klang","1434, Jalan Sungai Jati, Taman Sentosa",Klang,3.0142523,101.458001,1.5,4,,Indie mart,Tier 1,2.41
ChIJ_x00YuvdzTERuqN_F2AeM8M,99 Speedmart 3687 (NS) Pusat Komersil Lobak,"No: 1 (Ground Floor, Jalan Pusat Komersil Lobak 1, Pusat Komersil Lobak",Seremban,2.7343878,101.9341544,1.7,3,03-3362 6863,99 Speedmart,Tier 1,2.36
ChIJFfWOvYjdzTERyuyemH8clf4,99 Speedmart 1643 (NS) Coral Height,"Ground Floor, No: 199, 199, Persiaran Bukit Coral 1, Taman Bukit Coral",Seremban,2.7536211,101.953055,1.7,3,03-3362 6863,99 Speedmart,Tier 1,2.36
ChIJU1SkimBNzDERWKH--O862uQ,99 Speedmart 1507 Bukit Jelutong 2,"No: 37 & 39, Jalan G U8/G Bukit Jelutong, Seksyen, U 8",Shah Alam,3.109588,101.542351,1.7,3,03-3362 6863,99 Speedmart,Tier 1,2.36
ChIJycVzHSe5zTERSfq9-fwojWU,"KK Super Mart Sepang, Jasper Square (SJS)","Jasper Square, 12-G, Jalan Sunsuria 1b/2, Bandar Sunsuria",Sepang,2.8390498,101.7004062,1.0,9,,KK Mart,Tier 1,2.3
ChIJnzc-YXnLzTERMaP2PKPlC9Y,KK Super Mart Bandar Baru Bangi (3) (BBB3),"189, Jalan 8/1, Seksyen 8",Bandar Baru Bangi,2.96274,101.757944,1.0,8,,KK Mart,Tier 1,2.2
ChIJWwNZzDxNzDERZ81TuyxVETM,9 Teen Mart Seksyen 19,"44-66, Jalan Nelayan 19/B, Seksyen 19",Shah Alam,3.049205800000001,101.5333785,2.0,2,,Indie mart,Tier 1,2.2
ChIJQeDY99tHzDER1ogj6hoXoCM,99 speedmart 1300 Taman Daya,"No: 42 & 44 (Ground Floor Jalan Daya 7 Taman Daya, Kepong",Kuala Lumpur,3.2229881,101.6379235,2.0,2,03-3362 6863,99 Speedmart,Tier 1,2.2
ChIJm5Ht-JD1zDERy6uf95XMN2k,"KK Super Mart Kuala Selangor, Taman Bendahara ( TBD )","4, Jalan Bendahara 1, Taman Bendahara",Kuala Selangor,3.3221611,101.2662398,2.0,2,,KK Mart,Tier 1,2.2
ChIJZSMJntTmzTERuSCSdhrqO2k,Mini Mart • Cool Plus Enterprise,"6034, Jalan SJ 5/1, Taman Seremban Jaya",Seremban,2.673813999999999,101.9786955,3.0,1,,Mini-mart,Tier 1,2.08
ChIJbbSxT0OrzTERh7WTYPIJdnE,Mart,"Caltex, Taman Bayu Perdana",Klang,3.015569699999999,101.4326132,3.0,1,,Indie mart,Tier 1,2.08
ChIJg5AHr7-1zTER-0FvhVABAjw,"KK Super Mart Seri Kembangan, Kampung Baru ( SKK )","Plot 9, Jalan Aman SK 13/15A, Kampung Baru Seri Kembangan",Seri Kembangan,3.0252629,101.6990534,3.0,1,,KK Mart,Tier 1,2.08
ChIJO9OJTnPLzTEROuppbBQwMfQ,"KK Super Mart Balakong, Taman Harmoni Indah ( BHI )","20-G, Jalan Harmoni Indah 1, Taman Harmoni Indah",Balakong,3.0262909,101.7331946,3.0,1,,KK Mart,Tier 1,2.08
ChIJhYqbzhJNzDERcQd-Xs67qFM,Pasar Mini Maria,"20G, Jalan Pahat H 15/H, Seksyen 15",Shah Alam,3.064473,101.525655,3.0,1,,Mini-mart,Tier 1,2.08
ChIJDSVdjS5LzDERdKKtMewwI5I,Kedai Serbaneka Zayyar Store,"31B, Jalan TK 1/11a, Taman Kinrara Seksyen 1",Puchong,3.063616300000001,101.6480779,3.0,1,,Generic kedai,Tier 1,2.08
ChIJWZLM-uRPzDER0qRM28WosHs,Econsave NZX Ara Jaya - Pasar Ekonomi Mart,"No 1-G, Jalan PJU 1A/41B, Pusat Dagangan NZX",Petaling Jaya,3.1139383,101.5907665,3.0,1,,Indie mart,Tier 1,2.08
ChIJRSCwc4M2zDER-nl8yWe_jbY,Weng Soon Mini Market,"No 51, Jalan Bunga Tanjung 18, Taman Seraya",Ampang,3.115256,101.7614249,3.0,1,014-636 1400,Mini-mart,Tier 1,2.08
ChIJy7oIk7n1zDERrDB793SduUs,99 Speedmart 3880 Taman Laksamana,"No: 27 & 29 (Ground Floor, Jalan 1, Taman Laksamana",Kuala Selangor,3.328197099999999,101.2636648,3.0,1,03-3362 6863,99 Speedmart,Tier 1,2.08
ChIJkfiW7wxTzDERBJ-n8OFDL8k,"KK Super Mart Shah Alam, Seksyen 16 (3) (S163)","Lot G-04, Suria Jaya, Jalan Padang Jawa, Seksyen 16",Shah Alam,3.0542798,101.4911192,1.0,6,,KK Mart,Tier 1,1.95
ChIJYX_EpQZRzDERKN15XjGVWII,99 Speedmart 3407 Edusentral,"No: VE-G-02 & VE-G-03 (Ground Floor Jalan Setia Murni U13/51 Setia Alam, Seksyen, U13",Shah Alam,3.1151865,101.453867,1.3,3,03-3362 6863,99 Speedmart,Tier 1,1.8
ChIJdRoBh4ofzDERRN7tygAYDPo,"KK Super Mart Pahang, Karak, , Karak Avenue ( PKKA )","P2, 1, Jalan Lama Bentong - Karak",Karak,3.421135099999999,102.0268641,1.3,3,,KK Mart,Tier 1,1.8
ChIJXR2bbY3HzTERU4TFqjdo7uo,"KK Super Mart Nilai, Pekan Nilai ( NPKN )","No.72, Pekan Nilai",Nilai,2.8014565,101.7958042,1.0,5,,KK Mart,Tier 1,1.79
ChIJCYlYeJO1zTERDRvCq-doGWk,KK Super Mart • Residence Le Pavilion • RLP,"C-G-17, Le-Pavilion, Jalan Puteri 7/13, Bandar Puteri",Puchong,3.0218419,101.6243183,1.0,5,,KK Mart,Tier 1,1.79
ChIJKfFKwjlPzDERT5WafbaoQ8M,"KK Super Mart Shah Alam, Seksyen U5 (6) ( SU56 )","9-G, Jalan Matahari Aa U5/Aa, Seksyen U5 ( Panasuria",Shah Alam,3.1664658,101.5417278,1.0,5,,KK Mart,Tier 1,1.79
ChIJdQ8JCabPzTERqCz34_UFr04,"KK Super Mart Semenyih, Ecohill( SSE )","No.32A-1 Ground Floor, Jalan Ecohill 1/5A, Setia Ecohill",Semenyih,2.926297,101.8553514,1.0,4,,KK Mart,Tier 1,1.61
ChIJH3AY6LBTzDERTjSva8Crr1I,99 Speedmart 3596 Huni Square,"No: D-G-3, D-G-3A & D-G-5 (Ground Floor, Eco Ardence Huni Square, 8, Persiaran Setia Damai, Seksyen U13",Shah Alam,3.095155799999999,101.4759845,1.0,4,03-3362 6863,99 Speedmart,Tier 1,1.61
ChIJeXWMQYVIzDERRHQSRLaElAI,Jom KE 3m Mini Market Meraya Scenaria Condominium,"Jalan 6/38a, Taman Sri Sinar",Kuala Lumpur,3.1824564,101.6512301,1.0,4,03-6263 2766,Mini-mart,Tier 1,1.61
ChIJJYj8r6y_zTER4lzeuqEb-vA,KK Super Mart Suria Industrial Park ( SIP ),"No.3G, Jalan SIP, Suria Industrial Park",Sepang,2.7985569,101.6831183,1.0,3,,KK Mart,Tier 1,1.39
ChIJzfUv1ojHzTERDkZs_ZTa89M,"KK Super Mart Nilai, Melati Square Putra Nilai ( NMSP)","46, Jalan Melati Square, Melati Square Putra Nilai",Nilai,2.812831,101.761818,2.0,1,,KK Mart,Tier 1,1.39
ChIJu6-nZD_JzTERF7iQNBwwZSQ,Pasaraya SMart,"B-G-19, Blok B, Jalan Gerbang Wawasan 1, Bangi Gateway, Seksyen 15",Bandar Baru Bangi,2.932143299999999,101.7656301,2.0,1,03-8912 9818,Indie mart,Tier 1,1.39
ChIJ_WkoPACtzTERM8cfWv517RU,99 Speedmart 3578 Bandar Puteri 2,"No: 2 (Ground Floor, Lorong Pending 4a, Bandar Puteri",Klang,2.9939826,101.4683559,1.0,3,03-3362 6863,99 Speedmart,Tier 1,1.39
ChIJC1MjPABRzDER8Bo6S30e_kw,99 Speedmart 3555 Setia Alam 7,"Precint 15, Setia Alam, No: 43 (Ground Floor, Jalan Setia Gemilang BG U13/BG, Seksyen U13",Shah Alam,3.1282473,101.4681791,1.0,3,03-3362 6863,99 Speedmart,Tier 1,1.39
ChIJSTHLQaE3zDERvH5KwWHd_W0,"KK Super Mart Ampang, Pusat Dagangan Syadani ( ADS)","No.5G, Pusat Dagangan Syadani, Jalan PDS 1 Kuala Lumpur MY, Off, Jalan AU3/1",Ampang,3.1823897,101.7577077,2.0,1,,KK Mart,Tier 1,1.39
ChIJhaz4InddzDERqrkQupj5EtM,"KK Super Mart Rawang, M Residensi (RMR)","Taman M Residensi, 39G, Jalan MR 1/4",Rawang,3.3198067,101.5098352,1.0,3,,KK Mart,Tier 1,1.39
ChIJc2RPDeRzzDERF_DaMJ6U0hc,KK Super Mart Kuala Kubu Baharu (KKB),"8, Jalan Dato Muda Jaafar",Kuala Kubu Baru,3.5638,101.6588553,1.0,3,,KK Mart,Tier 1,1.39
ChIJ0XmNdF-3zTERd9po2YLke4I,"KK Super Mart Banting, Bandar Mahkota Banting ( BBM )","No.1-G-11, Jalan Usahawan 2, Bandar Mahkota Banting",Banting,2.8320689,101.5530964,1.0,2,,KK Mart,Tier 1,1.1
ChIJsVoy7p-tzTER_cfhnkkb_qM,"KK Super Mart Klang, Jalan Kebun Nenas( KKN )","83-G, Jalan Kebun Nenas 7A/KS8, Bandar Putera 2",Klang,2.9593043,101.5183123,1.0,2,,KK Mart,Tier 1,1.1
ChIJ0UVZ1Mq1zTERwnMBYfe4fm4,KK Super Mart Residensi Suria ( RSR ),"A-01-03, Residensi Suria, Jalan Puchong Utama 2, Taman Puchong Utama",Puchong,2.9959528,101.6186129,1.0,2,,KK Mart,Tier 1,1.1
ChIJYaj2W8pVzDERvApeVCJDSOM,KK Super Mart Klang Utama ( KUT ),"8G, Lorong Sungai Puloh 13a, Taman Klang Utama",Klang,3.0786954,101.4204416,1.0,2,,KK Mart,Tier 1,1.1
ChIJB4MgNe1LzDERwL0rUJQsIBM,Kinrara Mini Market,"66a, Jalan TK 1/1, Taman Kinrara",Puchong,3.0669037,101.6501068,1.0,2,,Mini-mart,Tier 1,1.1
ChIJn7pv5RE1zDERbN1ZjBffovo,KK Super Mart Residensi Majestic Maxim (RMM),"S-LG-03A, Residensi Majestic Maxim, 45, Jalan 9, Taman Bukit Cheras",Kuala Lumpur,3.0765884,101.7422802,1.0,2,,KK Mart,Tier 1,1.1
ChIJcwd4BCBVzDERSsakQlaQmEw,"KK Super Mart Klang, Aman Perdana ( KAM)","No.65 Ground Floor, Jalan Aman Perdana 10C/KU5, Taman Aman Perdana",Klang,3.093322799999999,101.4091569,1.0,2,,KK Mart,Tier 1,1.1
ChIJd64r9MFPzDEREYOIrkxXHJ8,99 Speedmart 3068 Bandar Pinggiran Subang 3,"No: 30 (Ground Floor, Jalan Pluto Ay U5/Ay, Bandar Pinggiran Subang",Shah Alam,3.1621061,101.5364362,1.0,2,03-3362 6863,99 Speedmart,Tier 1,1.1
ChIJl5h_oLZHzDERsCkSj5hTr6w,88 World Mart,"A-G-13, Fortune Avenue, Jalan Metro Perdana 1, Taman Usahawan Kepong",Kuala Lumpur,3.2178761,101.6441332,1.0,2,03-6179 5100,Indie mart,Tier 1,1.1
ChIJdetcrVNHzDERfzxN3BlASQg,"KK Super Mart Batu Caves, Taman Sunway (BTS)","No. 33G, Jalan SM2, Taman Sunway Batu Caves",Batu Caves,3.2364691,101.691178,1.0,2,,KK Mart,Tier 1,1.1
ChIJ1fY6-NdHzDERSuuR8kbErSg,"KK SUPER MART Batu Caves, Taman Pinggiran(BCP)","No.26, Jalan Pinggiran 2/2, Taman Pinggiran",Batu Caves,3.2553521,101.6942714,1.0,2,,KK Mart,Tier 1,1.1
ChIJB_CWPYRDzDERk8B8QO8xGqU,99 Speedmart 3672 Taman Bukit Rawang Putra,"No: 46 & 47 (Ground Floor, Taman, Jalan BRP 5, Bukit Rawang Putra",Rawang,3.3223056,101.5821247,1.0,2,03-3362 6863,99 Speedmart,Tier 1,1.1
ChIJa-4UQVrBzTERVLuOQArWZlg,"KK Super Mart Sepang, Southern Common Amenities Faclities ( SSC )","Unit No.2, Lot C1, Ground Floor, Block 1, Southern Common Amenities Faclities, Jalan Klia S3, Kuala Lumpur International Airport",KLIA,2.7339129,101.7215374,1.0,1,,KK Mart,Tier 1,0.69
ChIJCcSklN3JzTERAZ66PHb29OI,"KK Super Mart Seremban, Pusat Perniagaan Merak ( SPPM )","No.16G, Jalan Pusat PerNiagaan Merak, Pusat Perniagaan Merak",Seremban,2.678980399999999,101.9267807,1.0,1,,KK Mart,Tier 1,0.69
ChIJv6pWpIHnzTERKwlodeFDZvc,99 Speedmart 3423 (NS) Taman Bukit Chedang 2,"No: 405 (Ground Floor, Lorong Kenanga 2, Taman Bukit Chedang",Seremban,2.6956437,101.9297023,1.0,1,03-3362 6863,99 Speedmart,Tier 1,0.69
ChIJ3fD4brDnzTERWy0EhmstSkI,"KK Super Mart Seremban, Rasah Prima ( SRPM )","9G, Jalan Rasah Prima 1, Pusat komersial Rasah Prima",Seremban,2.6892321,101.9344067,1.0,1,,KK Mart,Tier 1,0.69
ChIJmZ9rAdDhzTERfIad-hvA8mM,99 Speedmart 3904 (NS) Senawang Jaya 2,"No: 328 & 329 (Ground Floor, Jalan Berlian, Taman Senawang Jaya",Seremban,2.6915467,101.9839256,1.0,1,03-3362 6863,99 Speedmart,Tier 1,0.69
ChIJk0b8GxzdzTERK1MkSkgmflw,99 Speedmart 3378 (NS) Kemayan Square,"No: 122 & 123 (Ground Floor, Jalan Toman 6, Kemayan Square",Seremban,2.7181856,101.9238966,1.0,1,03-3362 6863,99 Speedmart,Tier 1,0.69
ChIJ3-ftYAHJzTERDyeAiQAP790,"KK Super Mart Dengkil, Savanna Lifestyle Retail ( DSL )","No.B-G, Savanna Lifestyle Retail, 25, Jalan BBLS 2, Bandar Baru Lembah Selatan",Dengkil,2.903255999999999,101.7641797,1.0,1,,KK Mart,Tier 1,0.69
ChIJa3nG6LHIzTERq0-mtLnmIP0,Mini Market Ilah Daya,"No. 10, Jalan Seri Putra 1/5, Bandar Seri Putra, Bangi, Selangor",Kajang,2.8859141,101.7904919,1.0,1,010-522 9967,Mini-mart,Tier 1,0.69
ChIJqZsu-3_OzTERB-kB6gwET3o,Kedai Ubat Toon Choon Thong,"119, Jalan Besar Kampung Baru, Kampung Baru Semenyih",Semenyih,2.9528435,101.8439241,1.0,1,,Generic kedai,Tier 1,0.69
ChIJA48Y3nPNzTER8KMYa02BRSk,"KK Super Mart Semenyih, Vista Valley ( SVV )","10, Jalan Vista Valley 1, Taman Vista Valley",Semenyih,2.9585646,101.8397757,1.0,1,,KK Mart,Tier 1,0.69
ChIJe0gGESfNzTERT_jz0qXbX1g,99 Speedmart 3807 Kawasan Perindustrian Sri Haneco,"No: 39 & 41 (Ground Floor, Jalan Sri Haneco 1/2, Kawasan Perindustrian Sri Haneco",Semenyih,2.9734845,101.8659001,1.0,1,03-3362 6863,99 Speedmart,Tier 1,0.69
ChIJTShE53zNzTERkLeERVSrBYs,"KK Super Mart Semenyih, Jalan Kiara ( SJK )","10-G, Jalan Kiara 1, Kawasan Perniagaan Kiara",Semenyih,2.962709499999999,101.837379,1.0,1,,KK Mart,Tier 1,0.69
ChIJISvEQ5etzTERauPedadwt4g,Niru mini market,"1, Jalan Bendahara 37A, Taman Sentosa Perdana",Shah Alam,3.0095963,101.4833709,1.0,1,,Mini-mart,Tier 1,0.69
ChIJzwIBJbmtzTERTAfa2tPJCAk,99 Speedmart 3771 Sentosa 4,"No: 27 & 29 (Ground Floor, Jalan Hulubalang 26, Taman Sentosa",Klang,3.0020019,101.4703736,1.0,1,03-3362 6863,99 Speedmart,Tier 1,0.69
ChIJf4N6C_GtzTERp7Zx0Wg9Xts,PVR mini market,"29, Jalan Dato Dagang 23, Taman Sentosa",Klang,2.998380099999999,101.4709634,1.0,1,,Mini-mart,Tier 1,0.69
ChIJCZioiU-tzTERA6-ci3g0V1Y,"KK Super Mart Klang, Bandar Puteri ( KPT )","21, Lorong Sanggul 1a, Bandar Puteri",Klang,2.9882976,101.4671457,1.0,1,,KK Mart,Tier 1,0.69
ChIJO9QWbtyzzTERfXv3AP0Ldv8,Kedai runcit,Kampung Tengah,Puchong,3.010800199999999,101.5865664,1.0,1,,Kedai runcit,Tier 1,0.69
ChIJHSS3SGNTzDERsLO8WhGWz1Q,果然便利 ChinaMart,"3, Jalan Setia Prima Q U13/Q, Setia Alam",Shah Alam,3.1000951,101.4441254,1.0,1,013-359 0530,Indie mart,Tier 1,0.69
ChIJz64_495RzDERjswANkh3NLY,99 Speedmart 3673 Seria 88,"No: 38 (Ground Floor, Seksyen U13, Jalan Setia Perdana BF U13/BF",Shah Alam,3.1240869,101.4696538,1.0,1,03-3362 6863,99 Speedmart,Tier 1,0.69
ChIJ0yjOvq1NzDEREa0Zu_twDXM,Sawaddimart Bukit Jelutong,"43, Jalan Opera K U2/K",Shah Alam,3.103115599999999,101.5580919,1.0,1,011-1076 4827,Indie mart,Tier 1,0.69
ChIJ21nyoVhRzDERRuyppsHuiWo,"KK Super Mart Shah Alam, Taman Budiman ( SBD )","57G, Jalan Pulau Lumut P U10/P, Taman Alam Budiman",Shah Alam,3.144129999999999,101.482248,1.0,1,,KK Mart,Tier 1,0.69
ChIJ3V8SN0NNzDER9P21q2fk7qE,BilaBila Mart - Dana 13,"Commercial Centre, Level G.1, Menara Dana 13, Dana 1, Jalan PJU 1a/46",Petaling Jaya,3.111132,101.5824716,1.0,1,,Indie mart,Tier 1,0.69
ChIJIRVfeME3zDERiin1LarJ-aE,KK Super Mart Ampang Jaya ( AJY ),"10, 1, Jalan Kolam Air Lama, Ampang Jaya",Ampang,3.1609233,101.7588049,1.0,1,,KK Mart,Tier 1,0.69
ChIJy-GZnqhZzDERUXLMYlzJtLc,KK Super Mart Bandar Puncak Alam (2) ( BPA2 ),"4, No.13-1 Ground Floor, Seksyen 15, Jalan Dataran Suria 15/8",Puncak Alam,3.234869699999999,101.4111704,1.0,1,,KK Mart,Tier 1,0.69
ChIJd9eB0cdDzDERG4_R3xSVdhc,"KK Super Mart Rawang, Taman Tun Teja (RTT)","7, Jalan Tun Teja 1, Taman Tun Teja",Rawang,3.298883,101.5903821,1.0,1,,KK Mart,Tier 1,0.69
ChIJ08BetphDzDERyWxWSH1pMF8,"KK Super Mart Rawang, Setia Eco templer ( RSE )","No.13, Jalan 3, 1, Persiaran Setia Eco Templer",Rawang,3.2884038,101.63837,1.0,1,,KK Mart,Tier 1,0.69
ChIJgxaAM4FfzDEREJlZSVDWp4M,Econsave Ijok 2 - Pasar Ekonomi Mart,"No. 307A & 307B (Ground Floor, Kg Baru Ijok",Kuala Selangor,3.316508,101.4164529,1.0,1,,Indie mart,Tier 1,0.69
ChIJZ8jPdaVrzDERVx2AR-NYh_4,KK Super Mart Serendah ( SRD ),"Perniagaan 19, Jalan Gapi 1a/3, Antara Gapi",Serendah,3.4236171,101.6276445,1.0,1,,KK Mart,Tier 1,0.69
ChIJWfG-vaqXzTERMZjjo6v3Ty4,Kedai Runcit Hj Painan,"Jalan Sekolah, Kampung Tanjung Sepat Darat",Tanjong Sepat,2.6740621,101.559195,0.0,0,019-331 8905,Kedai runcit,Tier 1,0.0
ChIJze0abhjrzTERKb4g8BeGR0M,HME Mart,"No. 3227, Jalan Balai Raya, Kg.Hulu Chuchuh",Sungai Pelek,2.678050599999999,101.6849886,0.0,0,019-301 7956,Indie mart,Tier 1,0.0
ChIJx1cVJwDrzTERuQAql72iMp4,99 Speedmart 3519 (NS) Taman Jimah Indah,"No: PT 830 (Ground Floor, Tanah Merah Site A, Jalan Teratai 3, Taman Jimah Indah",Port Dickson,2.6786595,101.7595233,0.0,0,03-3362 6863,99 Speedmart,Tier 1,0.0
ChIJj0cJmI7pzTERHXWxpv9Upb8,Kedai runcit shumeida enterprise,"No 75 jln tiara Sendayan, pusat perniagaan nada bidara, Taman Gadong Jaya",Labu,2.6999759,101.8246732,0.0,0,,Kedai runcit,Tier 1,0.0
ChIJLbFpTibhzTERrh6gtrJRgA0,99 Speedmat 3838 (NS) Taman Bandar Senawang,"No: 23-G & 25-G (Ground Floor, Jalan Coco Drive 2, Taman Bandar Senawang",Seremban,2.6931935,102.0007769,0.0,0,03-3362 6863,99 Speedmart,Tier 1,0.0
ChIJAb_9RQCjzTERf8LNvgeXWXs,Hong Guan Morib - Kedai Runcit & Gas,"1570A, Batu 27 1/2, Morib",Banting,2.7553778,101.4447676,0.0,0,,Kedai runcit,Tier 1,0.0
ChIJIaeHJoWjzTER_N25k22V9wY,MOZI KEDAI RM2,"NO 95, Jalan Harmoni, Taman Harmoni",Banting,2.73161,101.4538192,0.0,0,011-1668 6064,Generic kedai,Tier 1,0.0
ChIJrZHvGgC_zTERyB8Syg-e7r4,Oscar Xpress Mart,"Kuala Lumpur International Airport - Main Terminal, Kuala Lumpur International Airport",Sepang,2.7548038,101.7044423,0.0,0,,Indie mart,Tier 1,0.0
ChIJs2V2JeN1zjERo7xLrquoHCE,Kedai Azri Risqi,"Skim Pengairan Terachi, Batu 17, Jalan Kuala Pilah, Terachi",Tanjung Ipoh,2.7451173,102.1432849,0.0,0,,Generic kedai,Tier 1,0.0
ChIJfZSSDXjnzTER8SQm3munRnA,URBAN MART,"Jalan S2 B5, Seremban 2",Seremban,2.6924324,101.911525,0.0,0,012-285 0372,Indie mart,Tier 1,0.0
ChIJYYqhJqrnzTERreQm6qbHH1o,99 Speedmart 3898 (NS) Taman Arowana Impian,"No: 11 & 12 (Ground Floor, Jalan Arowana 2, Taman Arowana Impian",Seremban,2.6755765,101.9065731,0.0,0,03-3362 6863,99 Speedmart,Tier 1,0.0
ChIJUaUNEVLmzTEROPKmom01qfE,Kedai Runcit K.M.,"No. 85, Kampung Batu 3",Seremban,2.6787304,101.925116,0.0,0,019-214 9333,Kedai runcit,Tier 1,0.0
ChIJF0Z94qTnzTERKmsntPqnsEg,99 Speedmart 3881 (NS) BIZ Avenue,"No: 38 (Ground Floor, Jalan S2 B18, Biz Avenue Seremban 2",Seremban,2.6981802,101.912418,0.0,0,03-3362 6863,99 Speedmart,Tier 1,0.0
ChIJe3kzEgDnzTER_n956WEq9sw,RR86 MART,"Kompleks Pasar Awam, Taman, Taman Seremban Jaya",Seremban,2.6754961,101.9740727,0.0,0,,Indie mart,Tier 1,0.0
ChIJ6wF56arnzTERTd9e6ro3xiE,99 Speedmart 3840 (NS) Taman Sejahtera,"No: 841 & 842 (Ground Floor, Jalan Tuanku Antah, Taman Sejahtera",Seremban,2.7002324,101.9595219,0.0,0,03-3362 6863,99 Speedmart,Tier 1,0.0
ChIJObJteA3nzTERwyKlDISva9s,Electra Mart Seremban,"3003, Jalan Tok Ungku, Taman Punca Emas",Seremban,2.6918213,101.9437902,0.0,0,06-632 9329,Indie mart,Tier 1,0.0
ChIJ-emWQ1q5zTERVFUQYW9DZpY,Kedai serbaneka,"17, Jalan Murni 1/2, Taman Langat Murni",Banting,2.8030188,101.6617627,0.0,0,019-344 6112,Generic kedai,Tier 1,0.0
ChIJjfsaJQC5zTERjmqiH03tPMM,PASAR MINI KLIA,"SURIA INDUSTRIAL PARK, 38, Jalan SIP 1",Sepang,2.8003983,101.6845915,0.0,0,,Mini-mart,Tier 1,0.0
ChIJcUOzBgC5zTERjwZFNnqlX-Q,AZAH AZIZ SUPERMART,Jalan SIP 1,Sepang,2.8005005,101.6846446,0.0,0,,Indie mart,Tier 1,0.0
ChIJPdUmDgDBzTERL20euCWJft0,Kedai Acheh Kelapa Muda,Kampung Baharu Labu Lanjut,Sepang,2.7898696,101.7145975,0.0,0,,Generic kedai,Tier 1,0.0
ChIJj0lpRKrdzTERhmmjAhLQUYo,VKY C MART,"282-G, Jalan Bukit Intan 7, Taman Bukit Intan",Seremban,2.7260232,101.9155063,0.0,0,016-249 9950,Indie mart,Tier 1,0.0
ChIJJwxGTBvdzTERZlrYTf4HoPc,99 Speedmart 3382 (NS) Pusat Perniagaan Templer,"No: A-1-G (Ground Floor, Jalan PPT 1, Pusat Perniagaan Templer",Seremban,2.7356099,101.931532,0.0,0,03-3362 6863,99 Speedmart,Tier 1,0.0
ChIJV6QOtMzdzTERz7T7tyGomGc,Jolly Holli Mart,"NO 20, MILLENNIUM SQUARE, Jalan Tan Sri Manickavasagam",Seremban,2.7303468,101.9315057,0.0,0,011-1185 5678,Indie mart,Tier 1,0.0
ChIJ5XpAknXnzTER7e7IwE9Bf0k,99 Speedmart 3824 (NS) Pusat Komersial Maju Cemerlang,"No: 6 & 7 (Ground Floor, Jalan Maju Cemerlang 5, Pusat Komersial Maju Cemerlang",Seremban,2.7320301,101.8869384,0.0,0,03-3362 6863,99 Speedmart,Tier 1,0.0
ChIJuzH9DWbdzTERIYnt0vw2s3Y,Mari Mart Seremban,"Lot G-01 Tingkat Bawah, UTC Negeri Sembilan, Jalan Kuala Pilah, Angsana Seremban",Seremban,2.723197300000001,101.962148,0.0,0,06-764 7713,Indie mart,Tier 1,0.0
ChIJS8nmVQDdzTERBM_uXgZsWno,Kedai Runcit Seng Yap,"876, Jalan Makmur 4, Taman Makmur",Lunas,2.7434792,101.9504314,0.0,0,,Kedai runcit,Tier 1,0.0
ChIJUeXwDAClzTEROgg1bGgT6ao,KEDAI RUNCIT MUHAMMAD,"lot 291, Kampung Sungai Buaya",Banting,2.8447426,101.4449103,0.0,0,,Kedai runcit,Tier 1,0.0
ChIJzRsIZue7zTERBLOG2E6ZXyk,AKS Mini Mart,"NO16, JALAN MJ48, TAMAN MANGGIS JAYA, Kampung Sungai Manggis",Banting,2.8239394,101.5322445,0.0,0,016-279 1010,Mini-mart,Tier 1,0.0
ChIJD8NyyhO7zTER_lvG7lmE-MU,Kedai runcit nasir popai,"Jalan Damai, Kampung Sungai Lempit",Banting,2.832047299999999,101.5902607,0.0,0,,Kedai runcit,Tier 1,0.0
ChIJW6cxZQC7zTERRZtGuef9Bug,Kedai runcit raissul enterprise,"RHMC+9R, Kampung Sungai Lempit",Banting,2.8333573,101.5720303,0.0,0,,Kedai runcit,Tier 1,0.0
ChIJGZ9iM0m7zTERBSoy2mHmoWs,Kedai Runcit Wak Tori,Kampung Olak Lempit,Banting,2.832722,101.5659882,0.0,0,,Kedai runcit,Tier 1,0.0
ChIJy5DBTQCjzTERzhyjKhc4Sys,Kedai runcit raisya,"Jalan Gembira, Kanchong Darat",Banting,2.7938607,101.4829716,0.0,0,,Kedai runcit,Tier 1,0.0
ChIJzW8MW1ajzTERoysxWz0j_yc,Kedai runcit ammar,Kanchong Darat,Banting,2.7864249,101.4820936,0.0,0,,Kedai runcit,Tier 1,0.0
ChIJM3xUegCjzTER7YgsX3Q4rCI,Ang Huat Mini Market,"31, Jalan Baiduri, Taman Baiduri",Banting,2.7997109,101.4923114,0.0,0,,Mini-mart,Tier 1,0.0
ChIJkTcfeQC5zTERDJoRJU2emhk,Kedai runcit syifa aisyah,"Jalan Berlian Kanan, Kampung Bukit Changgang",Banting,2.8249862,101.6266733,0.0,0,0823-6716-9143,Kedai runcit,Tier 1,0.0
ChIJi64S-cDHzTERb7QAhpmZ-lI,Pasar Mini Nurmarsya Enterprise,"5, Jalan BBN 11/1, Bandar Baru Nilai",Nilai,2.8272152,101.7645399,0.0,0,017-443 5797,Mini-mart,Tier 1,0.0
ChIJi3f5pObHzTERylIE4_dVrCI,Kedai Viral BBST,"29, Jalan Seroja 3, Bandar Baru Salak Tinggi",Sepang,2.8284631,101.7311128,0.0,0,,Generic kedai,Tier 1,0.0
ChIJhZPGNwDFzTERLo8yyYAg25Y,TESKOKO MINI MARKET,"581, Jalan TM 1, Taman Mulia",Mantin,2.8453502,101.843087,0.0,0,,Mini-mart,Tier 1,0.0
ChIJU6CF92rbzTER6t2f49NURm0,99 Speedmart 3192 (NS) Taman Bukit Berlian,"No: 18 & 19 (Ground Floor, Jalan Bukit Berlian, Taman Bukit Berlian",Mantin,2.8315039,101.8967841,0.0,0,03-3362 6863,99 Speedmart,Tier 1,0.0
ChIJudQ4UgDHzTERJudFfWUnc3I,IK EASY MART,"Lot 1010, Jalan Haji Jumani, Kampung Giching",Sepang,2.802611,101.73372,0.0,0,,Indie mart,Tier 1,0.0
ChIJCQTfYwDHzTERZzKXb8KapO0,Crossroads Mini Mart,Nilai,"Kuala Lumpur, Petaling Jaya, Shah Alam, Klang, Subang Jaya, Cheras, Ampang, Cyberjaya, Putrajaya, Kajang, 68100 Selayang, Damansara",2.8103646,101.7584721,0.0,0,,Mini-mart,Tier 1,0.0
ChIJnaLOxBTHzTERscQX7z1jP5g,MF Hussain Mart,"A-G, 08, Jalan BBN 12/1, Desa Palma",Nilai,2.8127499,101.7601289,0.0,0,06-791 3866,Indie mart,Tier 1,0.0
ChIJsQqNbwrFzTER_aFRw096kKw,Jii-Mart Nilai Perdana,"9A, 5, Jalan Nilai Perdana, Taman Nilai Perdana",Nilai,2.8027643,101.8057835,0.0,0,,Indie mart,Tier 1,0.0
ChIJ8eeHoXXDzTERTh3-6cAJTiI,99 Speedmart 3860 (NS) Pekan Nilai 2,"No: 187 & 188 (Ground Floor, Jalan Besar, Pekan Nilai",Nilai,2.801659,101.7950647,0.0,0,03-3362 6863,99 Speedmart,Tier 1,0.0
ChIJtR-4CwCxzTER2PizW7dYu7w,One sabena mini market,"Lot 7, batu 3, Jalan Enggang, Kampung Seri Cheeding",Banting,2.885668,101.5490038,0.0,0,,Mini-mart,Tier 1,0.0
ChIJG8JDWqSvzTERATWXc-3F0UI,SIMUK MINI MARKET,Jalan Bandar Lama,Telok Panglima Garang,2.8930947,101.4580842,0.0,0,011-3336 6388,Mini-mart,Tier 1,0.0
ChIJ0-rDWQC3zTERqqYoJj8PXmM,CERR Mart cawangan Desa Pinggiran Putra,"Jalan Pinggiran Putra 4A, Desa Pingggiran Putra",Kajang,2.9010335,101.7054113,0.0,0,03-8928 0331,Indie mart,Tier 1,0.0
ChIJJdGqVQDJzTERxIBplw2ofMA,Kedai Runcit D kelapa,Sepang,"Kuala Lumpur, Petaling Jaya, Shah Alam, Klang, Subang Jaya, Cheras, Ampang, Cyberjaya, Putrajaya, Kajang, 68100 Selayang, Damansara",2.8854848,101.7092678,0.0,0,014-867 5970,Kedai runcit,Tier 1,0.0
ChIJC0PWUQC3zTERt7eoL_zz90Y,KOPRIMART - Koperasi Imigresen Malaysia Berhad,"Tingkat 1, Blok 2G4, Persiaran Perdana, Presint 2",Putrajaya,2.9195169,101.687929,0.0,0,,Indie mart,Tier 1,0.0
ChIJd4InBwDJzTERQJU5atTkkCQ,Houzmart,"37, Jalan BBLS 2, Bandar Baru Lembah Selatan",Dengkil,2.901718,101.7644283,0.0,0,,Indie mart,Tier 1,0.0
ChIJL_LvBEzIzTER__JRwZenKL0,grocery wati (kamal bin ahmad),"Persiaran Desa Saujana, Taman Desa Saujana",Kajang,2.9109752,101.731948,0.0,0,,Sundry/grocer,Tier 1,0.0
ChIJqwgaUQ7JzTERzU372fqFpfs,Kedai runcit hidayah,"1962, Jalan Sentosa, Kampung Teras Jernang",Bandar Baru Bangi,2.921230599999999,101.7579802,0.0,0,,Kedai runcit,Tier 1,0.0
ChIJA10j7NHFzTERjdAsFl_Q0BQ,99 Speedmart 3796 (NS) Nilai Inland Port,"No: 44 & 45 (Ground Floor, Jalan Nilai 7/3, Nilai Inland Port",Nilai,2.847757699999999,101.8151531,0.0,0,03-3362 6863,99 Speedmart,Tier 1,0.0
ChIJh7HPoQ3HzTERLGngRfDyV7A,"KK Super Mart Nilai , Acacia Avenue ( NACC )","B-7, Acacia Avenue, Jalan Jati 9, Taman Desa Jati",Nilai,2.836596700000001,101.7875261,0.0,0,,KK Mart,Tier 1,0.0
ChIJDWX4HA7FzTER34GV4vaRZ9U,99 Speedmart 3708 (NS) Taman Desaria,"No: 4 & 5 (Ground Floor, Jalan P/Am 5, Taman Desaria",Nilai,2.8641036,101.7976572,0.0,0,03-3362 6863,99 Speedmart,Tier 1,0.0
ChIJl3suB0IHzTERHoAFm7yN_zk,Kedai Runcit Subahan,Perumahan Kastam Pulau Indah,Pulau Indah,2.9315855,101.3059475,0.0,0,,Kedai runcit,Tier 1,0.0
ChIJ6alkfnyrzTERFqNN-Hg3AcU,Econsave Telok Gong 2 - Pasar Ekonomi Mart,"2, Jalan Ikan Jenahak 20, Kampung Telok Gong",Pelabuhan Klang,2.9632606,101.3912316,0.0,0,,Indie mart,Tier 1,0.0
ChIJB6lGLADPzTERMAfvEALHYsc,KEDAI MEK KELATE RINCHING HILIR,Kampung Rinching Hilir,Kajang,2.9017147,101.8121693,0.0,0,,Generic kedai,Tier 1,0.0
ChIJhwieYLvIzTER3ExYOM7tt0M,Kedai Runcit Sri Baiduri,"11, Jalan Seri Putra 3/10, Bandar Seri Putra",Kajang,2.8867815,101.7810844,0.0,0,016-975 5417,Kedai runcit,Tier 1,0.0
ChIJfZMoqe_PzTERX4n90AQYNAM,99 Speedmart 3892 Bandar Tasik Kesuma 2,"No: 12 & 12A (Ground Floor, Jalan Kesuma 2/6A, Bandar Tasik Kesuma",Beranang,2.9048365,101.8566961,0.0,0,03-3362 6863,99 Speedmart,Tier 1,0.0
ChIJafu8dADPzTERu0IwJlGbqvQ,Kedai runcit muzhar,"2, Jalan TPS 2/2, Taman Pelangi Semenyih 2",Semenyih,2.9155909,101.864188,0.0,0,,Kedai runcit,Tier 1,0.0
ChIJE5aDY825zTERRhQuZmS_VDw,LL WIN MART Dengkil,Lot 175 taman,Dengkil,2.8566105,101.6800759,0.0,0,012-664 2889,Indie mart,Tier 1,0.0
ChIJuWTELSi5zTER2MNzJSODbeQ,Ik Easy Minimarket,"Lot 2759, Batu 30, Jalan Kg Semarang",Dengkil,2.8664742,101.6930986,0.0,0,,Mini-mart,Tier 1,0.0
ChIJQzHh2za5zTERTDWBVyGPsCU,Warisan Mart,"37, Jalan Warisan Megah 1/5, Kota Warisan",Sepang,2.825123,101.7059385,0.0,0,014-855 7672,Indie mart,Tier 1,0.0
ChIJLWjdawC3zTERpvOEjI_l4Ns,Eco Fresh Mart Eclipse,"Eclipse Residences, Persiaran Multimedia, Cyber 11",Cyberjaya,2.9237346,101.6361814,0.0,0,,Indie mart,Tier 1,0.0
ChIJOahQZdi3zTERkciUtYlCpV0,99 Speedmart 3906 Setia Eco Glades,"No: 48-1 & 50-1 (Ground Floor Jalan Setia Eco Glades, 1, Setia Eco Glades, Cyber 1",Cyberjaya,2.9354339,101.6365606,0.0,0,03-3362 6863,99 Speedmart,Tier 1,0.0
ChIJASHlBOS3zTERiJ1ELfmWJD8,Afwaja Mart,"D1-G-09, Atelier Centre, Jalan Atelier 1, Edusphere",Cyberjaya,2.932688,101.6383722,0.0,0,013-959 2044,Indie mart,Tier 1,0.0
ChIJj2Jv1ZW1zTERzgk92SIwNSU,DESARIA MART,"PK-0-04, PLAZA DESARIA, 1, Jalan Desaria, Kampung Pulau Meranti",Puchong,2.9775445,101.6395431,0.0,0,,Indie mart,Tier 1,0.0
ChIJBWIhfJSzzTERupVlxU8Vx5Q,Kedai runcit bentera enterprise,"Lorong Universiti, Kampung Jln Kebun",Shah Alam,2.9649526,101.5282849,0.0,0,,Kedai runcit,Tier 1,0.0
ChIJBSJzPv2tzTERys2ReIqTMsk,Kedai Runcit Fahrian maju,Kampung Jln Kebun,Shah Alam,2.9651297,101.520715,0.0,0,,Kedai runcit,Tier 1,0.0
ChIJW93wK_mtzTER7RIFxAiq2dI,Sj fresh mart,"Jalan Mughni, Kampung Jln Kebun",Shah Alam,2.9698176,101.518644,0.0,0,,Indie mart,Tier 1,0.0
ChIJu9f5egCzzTER-DsZNXcbSnM,kedai mini lombong perak 2,"2, Jalan Lombong Perak 29/19, Kampung Lombong",Shah Alam,2.9676246,101.5532017,0.0,0,,Generic kedai,Tier 1,0.0
ChIJh7lRT_OtzTERbxZ8PvAwyR0,Kedai runcit Darul ulum enterprise,"Jalan Kampung Batu 7, Kampung Jln Kebun",Shah Alam,2.9721812,101.5159109,0.0,0,,Kedai runcit,Tier 1,0.0
ChIJk4xmnnXJzTERr3GjAWY9XJ0,MMG MART,"L02-07, Menara Shaftbury Putrajaya, Jalan Alamanda, Presint 1",Putrajaya,2.9416662,101.7122777,0.0,0,010-650 1812,Indie mart,Tier 1,0.0
ChIJWceMcKCxzTERSZoiH9MJwco,Eco Mart - E'Island,"SHOP 1, 2, 3, E’ISLAND LAKE HAVEN RESIDENCE, JALAN PUTRA PERDANA 14, TAMAN PUTRA PERDANA, 47100 PUCHONG, SELANGOR PUCHONG",SELANGOR,2.9535515,101.5977083,0.0,0,011-1082 3979,Indie mart,Tier 1,0.0
ChIJ3WdZ1iWxzTER9pKUe92UCac,MK EXPRESS MART,"Perdana Industrial Park, 10-1, Jalan PP 16/2",Puchong,2.9444173,101.6019699,0.0,0,03-8322 5045,Indie mart,Tier 1,0.0
ChIJuRoUKwCzzTERPRCENugw6qg,Kedai Runcit Hani Madu,"57, Lingkaran Dagang Mas, Taman Mas",Puchong,2.9743334,101.5804026,0.0,0,,Kedai runcit,Tier 1,0.0
ChIJ7zR-5ZTIzTER05kHT28Ot50,Pasar Mini N & Z,"No. 16, Jalan Sri Putra 1/4, 43650, Bandar Sri Putra Bangi",Selangor,2.954121999999999,101.758797,0.0,0,03-8925 1499,Mini-mart,Tier 1,0.0
ChIJ88buJwDNzTERPo3yZMsVsCM,Pasar Mini Ikhlas,"6-5, Jalan Harmoni 14, Taman Harmoni",Semenyih,2.9554188,101.8094069,0.0,0,,Mini-mart,Tier 1,0.0
ChIJV5cHq9HJzTER3go8Ty3IQKE,As mart,"B-G-SB01 BLOK B, PANGSAPURI GREEN VILLA, Jalan Kampung Sg Tangkas, PERSIARAN CEMERLANG",Kajang,2.9408702,101.7958563,0.0,0,011-6952 7254,Indie mart,Tier 1,0.0
ChIJfTpN7k7JzTERj7i5DMbTcGQ,Kedai Runcit Syifa,Jalan Villa Tropika 1,Kajang,2.9410453,101.7904064,0.0,0,014-937 4489,Kedai runcit,Tier 1,0.0
ChIJ36Hyg4_JzTERgdTIisTJFh4,Kedai runcit aceh sg tangks,Kampung Sungai Tangkas,Kajang,2.940961600000001,101.788149,0.0,0,,Kedai runcit,Tier 1,0.0
ChIJk6zaoezLzTEROaw6pT3-DCA,adika mart,"7, Jalan Reko Sentral 6, Reko Sentral",Kajang,2.9672529,101.789562,0.0,0,013-588 8932,Indie mart,Tier 1,0.0
ChIJldccEMvJzTERK3c9KwGpoos,Kedai runcit metro one tukang baiki atap bocor,Kampung Sungai Tangkas,Kajang,2.9405909,101.7873967,0.0,0,,Kedai runcit,Tier 1,0.0
ChIJ14YLsgDNzTERFwhtINSbDKA,"KK Super Mart Kajang, Taman Kajang Utama ( KKU )","No.7, Block N, P/Pangsa, Jalan Seksyen 3/12, Taman Kajang Utama",Kajang,2.9750266,101.800796,0.0,0,,KK Mart,Tier 1,0.0
ChIJI9q_DG3NzTERjgERsbwwmEk,Kedai Runcit Al Nasma,"21, Jalan Seksyen 3/12, Taman Kajang Utama",Kajang,2.975086,101.8012804,0.0,0,,Kedai runcit,Tier 1,0.0
ChIJ16P9Ns_LzTERAy0FNpYwQks,Kedai Mesra,"Petronas, Lot 7 & 9, Jalan 4/1, Seksyen 4 Tambahan Bandar Baru Bangi",Bangi,2.9575917,101.7791767,0.0,0,,Generic kedai,Tier 1,0.0
ChIJ43bkN1PPzTERZC2oZzlhIrA,Mael Mart,"25-G, Jalan Besar, Pekan Semenyih",Semenyih,2.9461709,101.8455406,0.0,0,017-235 6194,Indie mart,Tier 1,0.0
ChIJDSNr8SrMzTERODXAat7AMjY,Sundry shop,"273, Jalan Sembilan, Kampung Baru Semenyih",Semenyih,2.9550761,101.8411652,0.0,0,,Sundry/grocer,Tier 1,0.0
ChIJe_ZF-ULOzTERDA0aFOBc5dg,Mahaletchumy Cash & Carry Mini Mart,"No. 51-G, Jalan Tps 1/6, Taman Pelangi Semenyih",Semenyih,2.9316061,101.8575159,0.0,0,012-259 4847,Mini-mart,Tier 1,0.0
ChIJ_6-F7lvOzTER2xe0Ryz5zrg,Kedai HALAL MART,"25, Jalan 2/9c, Seksyen 2",Semenyih,2.9280999,101.8502904,0.0,0,,Generic kedai,Tier 1,0.0
ChIJx5AoQMWrzTERuQFl4LK2zWY,Econsave Pandamaran 2 - Pasar Ekonomi Mart,"No.12, 14, & 16, Jalan Pandamaran Jaya 63, Pandamaran",Klang,3.0045113,101.4237686,0.0,0,,Indie mart,Tier 1,0.0
ChIJUygtDn-rzTERaDHJkG4HTGY,Am Pm Speedmart,Malaysia,"Kuala Lumpur, Petaling Jaya, Shah Alam, Klang, Subang Jaya, Cheras, Ampang, Cyberjaya, Putrajaya, Kajang, 68100 Selayang, Damansara",2.998773099999999,101.4303999,0.0,0,,Indie mart,Tier 1,0.0
ChIJH1RtTWerzTERqOCaSJGXMOI,Kedai Serbaneka Savemart,"Jalan Batu Unjur 7, Taman Bayu Perdana",Pelabuhan Klang,3.0160638,101.4281048,0.0,0,,Generic kedai,Tier 1,0.0
ChIJH4k623itzTERczn-Nc5ZljM,Niru Mini Mart SPX Self Collection Point (18548),"7, Jalan Temenggung 37A/KS7",Klang,3.0094508,101.4832874,0.0,0,,Mini-mart,Tier 1,0.0
ChIJ1SIkyaqtzTERSiako0QkCkY,INCOMING MART,"43, Jalan Laksamana 5, Taman Sentosa",Klang,3.0067459,101.4720174,0.0,0,016-267 2929,Indie mart,Tier 1,0.0
ChIJQ4h8CQCtzTER4wPxCC550Dc,99 Speedmart 3882 Jalan Penghulu Abu Bakar,"19, Lorong Raja Nong 18a, Taman Menara Maju",Klang,3.0169133,101.4626835,0.0,0,,99 Speedmart,Tier 1,0.0
ChIJnU9hyZqyzTERke5p02GNIjM,Jiranmart,"Jalan Anggerik Vanilla Ab 31/Ab, Kampung Batu Tujuh",Shah Alam,3.006123300000001,101.534504,0.0,0,011-2656 2626,Indie mart,Tier 1,0.0
ChIJnT-WMACzzTEREXdlq2fR8kY,Kedai Runcit tepi jalan,"Jalan Bukit Kemuning, Mutiara Bukit Kemuning",Shah Alam,3.0168924,101.5301292,0.0,0,,Kedai runcit,Tier 1,0.0
ChIJmR2K2J-yzTERF9XN3qMcnVU,Kedai Serbaneka Your Mart,Malaysia,"Kuala Lumpur, Petaling Jaya, Shah Alam, Klang, Subang Jaya, Cheras, Ampang, Cyberjaya, Putrajaya, Kajang, 68100 Selayang, Damansara",3.0140023,101.5248917,0.0,0,,Generic kedai,Tier 1,0.0
ChIJD3iW8catzTERRv6rDNvsopA,PADU FRESH MART,"NO. 3 - A1, LOT 1313, Jalan Padu 25/127",Shah Alam,3.0205741,101.526849,0.0,0,,Indie mart,Tier 1,0.0
ChIJ6zVTeE-tzTERrb568VtWjIs,Shaggy minimart,Jalan Bukit Rimau,Shah Alam,2.997373,101.518953,0.0,0,010-220 6737,Indie mart,Tier 1,0.0
ChIJBT-27q2yzTERc2fpvojZY2I,Kedai Serbaneka F & Y,"32, Jalan Ria 25/62, Taman Sri Muda",Shah Alam,3.0312104,101.5351493,0.0,0,012-683 7944,Generic kedai,Tier 1,0.0
ChIJJwLDiDS1zTERfJnZpnLgKno,Eco Mart - Prestige,"hop 1, Prestige Residence, 1, Persiaran Lestari Perdana, Lestari Perdana",Seri Kembangan,3.001345299999999,101.6682276,0.0,0,011-1081 3969,Indie mart,Tier 1,0.0
ChIJd_Jd13KzzTERs3PkAT_weQY,Fm Mini Market,"Jalan Bistari, Kampung Sri Aman Bistari",Puchong,3.0029673,101.5936848,0.0,0,,Mini-mart,Tier 1,0.0
ChIJCecASACzzTER9Uqtg1oQ4dA,Kedai Runcit Kampung Ku,"42, Jalan Istiqamah, Kampung Seri Andalas",Puchong,3.0085768,101.5952736,0.0,0,,Kedai runcit,Tier 1,0.0
ChIJxzXv7CezzTERXyRIHB58VNU,Pasar mini asyraf aidah enterprise,"85a, Jalan Kempas, Kampung Tengah",Puchong,3.0159862,101.587647,0.0,0,011-3395 2240,Mini-mart,Tier 1,0.0
ChIJq193M2yzzTERGjOwdIQ0cOY,Kedai Serbaneka Shood,"Pesiaran Puchong Permai, Taman Puchong Permai",Puchong,3.0077147,101.5976927,0.0,0,,Generic kedai,Tier 1,0.0
ChIJ8QEYVQCzzTERXXlABYITm_8,Soon huat freshmart,Putra Heights,Subang Jaya,3.005805,101.5777559,0.0,0,,Indie mart,Tier 1,0.0
ChIJXTYqbwCzzTERXgoaI6U11Bg,Kedai Runcit Sulaiman,"485, Jalan Berkat, Kampung Seri Aman Hilir",Puchong,2.995118699999999,101.5850421,0.0,0,,Kedai runcit,Tier 1,0.0
ChIJw_NMvqizzTERRfUgu4MDrXQ,Kedai runcit sudimampir,"76, Jalan Kempas, Kampung Tengah",Puchong,3.0187267,101.5864657,0.0,0,,Kedai runcit,Tier 1,0.0
ChIJu8vxVx6zzTERIyV4t4Mf5Xo,Kedai runcit fuziah lubis,"13, Jalan Klang Batu, Kampung Sri Langkas",Puchong,3.0202362,101.5925246,0.0,0,,Kedai runcit,Tier 1,0.0
ChIJfds4awCzzTERkIow7OxbAA8,Kedai Runcit Abidin Zaenal,"13, Jalan Klang Batu, Kampung Sri Langkas",Puchong,3.0202556,101.5925359,0.0,0,,Kedai runcit,Tier 1,0.0
ChIJe1SxJgCzzTER5wluaEAK6CU,Kedai Saudara Jaya,"11, Jalan Indah 3/13, Taman Puchong Indah",Puchong,3.0126902,101.6034327,0.0,0,,Generic kedai,Tier 1,0.0
ChIJNeU1vyhVzDERQT9FHm2loJg,Kedai runcit,"Lot 2279, Jalan Haji Omar, Kampung Rantau Panjang",Klang,3.0525819,101.3956999,0.0,0,,Kedai runcit,Tier 1,0.0
ChIJfxLhFZy1zTERmI9mtwnhLSY,Nano Mart Olive Hill,"21, Jalan BS 1/3, Pusat Perdagangan Seri Kembangan",Seri Kembangan,3.0138975,101.6956965,0.0,0,011-1689 3918,Indie mart,Tier 1,0.0
ChIJNXnrsQe1zTERVoatcpgmP6o,838 SY Fresh Mart,"Jalan PSK 9, Pusat Perdagangan Seri Kembangan",Seri Kembangan,3.0161297,101.6989414,0.0,0,,Indie mart,Tier 1,0.0
ChIJXVShusm1zTERsNVZU_mQDyA,Kedai runcit GM Kumar,"Jalan 3/5, Serdang Jaya",Seri Kembangan,3.0139473,101.7057252,0.0,0,011-6088 7870,Kedai runcit,Tier 1,0.0
ChIJK-WNdn0JyzERf9D4ksa0DTo,Full Basket Mini Mart,"NO 12-1, JALAN BS 4/1, SEKSYEN 4, Taman Bukit Serdang",Seri Kembangan,3.0211009,101.6996684,0.0,0,016-939 8163,Mini-mart,Tier 1,0.0
ChIJkycJLN7LzTERhbTHqL1VkgU,Toong Yik mini market,"S137, Jalan 4/1, Taman Serdang Jaya",Seri Kembangan,3.0180707,101.7066403,0.0,0,014-328 4468,Mini-mart,Tier 1,0.0
ChIJORHCO1y1zTERJAGQPkSYq-s,KK Super Mart Taman Equine (3)( TEQ3 ),"26g, Jalan Equine 1B, Taman Equine",Seri Kembangan,2.9973283,101.6786423,0.0,0,,KK Mart,Tier 1,0.0
ChIJTxJC_sDLzTERXYr9ubp70ZY,Econsave Setia Balakong - Pasar Ekonomi Mart,"KA 41-G & 42-G, Jalan Setia Balakong 1/2, Taman Setia Balakong",Kajang,3.014204700000001,101.7527498,0.0,0,,Indie mart,Tier 1,0.0
ChIJOcG0pSDLzTERaPX1ww9YfmI,Santan Segar Kedai Runcit,"21, Jalan Cengal 4, Taman Impian Ehsan, Balakong",Seri Kembangan,3.0192512,101.7528773,0.0,0,03-8962 6244,Kedai runcit,Tier 1,0.0
ChIJQ6PxJ6LLzTER-xcdyBsy5ws,"KK Super Mart Serdang,Jalan Perusahaan ( SDP)","23, Jalan Perusahaan 1",Seri Kembangan,3.0209179,101.7419371,0.0,0,,KK Mart,Tier 1,0.0
ChIJEys_bQDLzTERaBQ7pOJD3Gk,Kedai Serbaneka Norliah,"39, Jalan PDR 5, Pusat Perniagaan Desa Ria",Seri Kembangan,3.024258,101.7470046,0.0,0,,Generic kedai,Tier 1,0.0
ChIJexyaH5vLzTERJZZ0vuNvWAI,Econsave Taman Sutera Kajang - Pasar Ekonomi Mart,"A1-10 & A1, Sutera Niaga 8, 11, Jalan Sutera 1/2, Taman Sutera",Kajang,3.009982399999999,101.7674277,0.0,0,,Indie mart,Tier 1,0.0
ChIJXUopBOrNzTERGdE5xassciw,Kedai Rm 2 Murah Jimat,"16, Jalan Sentosa 2, Taman Juasseh Sentosa",Juasseh,2.99417,101.807458,0.0,0,010-662 7214,Generic kedai,Tier 1,0.0
ChIJ94xNx3_MzTERDBMO1jg4xX8,MJ Sixty Nine Mini Mart,"No. 13, 1, Jalan Pusat Perniagaan 2, Pusat Perniagaan Sungai Jelok",Kajang,2.99194,101.799758,0.0,0,012-206 5991,Mini-mart,Tier 1,0.0
ChIJtxvFc9FTzDERz9fysl9dq1A,KEDAI RUNCIT HARAPAN BUNDA,"272, jalan sungai bertek, taman bertek",Klang,3.0491027,101.4351387,0.0,0,016-315 7793,Kedai runcit,Tier 1,0.0
ChIJhf3duEJTzDERqveK7SflSxo,Bh Petromart,Malaysia,"Kuala Lumpur, Petaling Jaya, Shah Alam, Klang, Subang Jaya, Cheras, Ampang, Cyberjaya, Putrajaya, Kajang, 68100 Selayang, Damansara",3.0547716,101.4462497,0.0,0,,Indie mart,Tier 1,0.0
ChIJe3pION5SzDERrdjT5uTq6u4,Am : Pm Speedmart,Malaysia,"Kuala Lumpur, Petaling Jaya, Shah Alam, Klang, Subang Jaya, Cheras, Ampang, Cyberjaya, Putrajaya, Kajang, 68100 Selayang, Damansara",3.0543769,101.4829976,0.0,0,,Indie mart,Tier 1,0.0
ChIJIyhdrRhTzDERITqNdM1KSJI,Huatmart,"10, Jalan Batai Laut 5, Taman Intan",Klang,3.0561134,101.4735791,0.0,0,,Indie mart,Tier 1,0.0
ChIJY9447fpSzDERnm8kmXJf_8Y,Kedai Serbaneka Anggerik,"Pg-17, Jalan Plumbum U 7/U, Seksyen 7",Shah Alam,3.0671556,101.4892291,0.0,0,012-208 8989,Generic kedai,Tier 1,0.0
ChIJq6qqqmNNzDERjtVUU-scGjQ,Pasar Mini Rasul,"Kompleks Automobil, No. 20G Blok 7, Jalan Pahat H15/H, Seksyen 15, Selangor",Shah Alam,3.062357,101.5276472,0.0,0,016-498 9200,Mini-mart,Tier 1,0.0
ChIJZb-dFQNNzDERNx8oPwYwGvY,REZEKII SPEED MART,"13-56-G, Jalan Pahat J 15/J, Seksyen 15",Shah Alam,3.0649932,101.5268057,0.0,0,,Indie mart,Tier 1,0.0
ChIJe7wwc0NNzDERcD6FXbK5r6k,Mini Market Pak Teh,"5, Jalan Singa G20/J, Seksyen 20",Shah Alam,3.051150499999999,101.5385528,0.0,0,012-236 6952,Mini-mart,Tier 1,0.0
ChIJleKtkVpNzDERgOLeHJvN5wE,19mart - Seksyen 19,"62G, Jalan Nelayan 19/B, Seksyen 19",Shah Alam,3.0491738,101.5336472,0.0,0,03-5545 6569,Indie mart,Tier 1,0.0
ChIJ5_k4kYZSzDERmQEQ-erDRbE,Azfa Mart,"Kompleks Pkns Shah Alam, G37, Persiaran Tasik, Seksyen 14",Shah Alam,3.070679999999999,101.51729,0.0,0,03-5519 0221,Indie mart,Tier 1,0.0
ChIJc5JBAPFTzDERN-i7QkpjKck,Ustaz Nasaruddin Mart,"Kompleks Pkns Shah Alam, 11, Persiaran Sultan, Seksyen 14",Shah Alam,3.0717903,101.5170377,0.0,0,,Indie mart,Tier 1,0.0
ChIJIRBGHlRTzDER2c5ib6qYmO8,Umaramart,"No 5 tingkat Bawah, Bangunan Darul Ehsan",Shah Alam,3.0746361,101.5179238,0.0,0,019-644 6136,Indie mart,Tier 1,0.0
ChIJycq7faJTzDER_ofrJuyqD1g,Al-Azhariah Mart,"Jalan Kepau 18/4, Seksyen 18",Shah Alam,3.0451953,101.5190517,0.0,0,,Indie mart,Tier 1,0.0
ChIJKYidWxJLzDER4dZJGeOAmsQ,RC Smart Mart,"Block B-G-17, Kompleks Suria Kinrara, 1, Jalan Kinrara, Taman Kinrara Seksyen 3",Puchong,3.0619617,101.6420314,0.0,0,016-267 8222,Indie mart,Tier 1,0.0
ChIJvcsX1Q9LzDERvnyZOCPkeWs,Pasar Mini All & Isra Enterprise - Mini Market,"Jalan TK 1/11, Taman Kinrara Seksyen 1",Puchong,3.063612699999999,101.6471609,0.0,0,,Mini-mart,Tier 1,0.0
ChIJzzbBWRFLzDERGgbd9bSdC9E,KK Super Mart Taman Kinrara (4) (KRR4),"No.54, Jalan Kinrara 4/5, Taman Kinrara",Puchong,3.0659501,101.6376897,0.0,0,,KK Mart,Tier 1,0.0
ChIJC6PSaQRLzDERosddUSxGL3w,GetGoValueMart Kinrara Mas,"Bukit Jalil, A-03-2A Kinrara Mas Condominium, Jalan Mas 1, Kinrara Mas",Bukit Jalil,3.0607911,101.6495424,0.0,0,012-282 3462,Indie mart,Tier 1,0.0
ChIJzVbOCfdLzDERRETtNRNXXrc,Eco Mart - Aman Bukit Jalil,"Shop 3A and 2A, B-M-01, Residensi Aman, Bukit Jalil",Kuala Lumpur,3.0587179,101.691192,0.0,0,011-5558 3949,Indie mart,Tier 1,0.0
ChIJpY810243zDERO4iG3k-TAM4,"KK Super Mart Sungai Besi, Jalan 1C ( SB1C)","No.11-G, Jalan 1C/146, Off, Jalan Sungai Besi",Kuala Lumpur,3.0684034,101.7052336,0.0,0,,KK Mart,Tier 1,0.0
ChIJzWpCMwA1zDERvrH4yQYkHT8,GROCERVILLE,"6, Jalan Sayang 5, Taman Rasa Sayang",Cheras,3.0722738,101.7566093,0.0,0,,Sundry/grocer,Tier 1,0.0
ChIJmUwRvts0zDERP5jCYG4T7gE,Kedai Komunity Save More,"Jalan Suarasa 8/4, Town Park 1 Bandar Tun Hussein Onn",Cheras,3.0462337,101.7598547,0.0,0,,Generic kedai,Tier 1,0.0
ChIJIWZt92dXzDERP483fB-ZKqM,PASAR MINI ARENA ENTERPRISE,"86, Jalan Besar, Pekan Kapar",KLANG,3.1381618,101.3721829,0.0,0,,Mini-mart,Tier 1,0.0
ChIJwUHXTslTzDERtC4V78X-KLw,Ar-Rohmah Halal Mart,"21, Jalan Klang Sentral 10/KU5, Taman Klang Sentral",Klang,3.1116154,101.4413695,0.0,0,019-280 8680,Indie mart,Tier 1,0.0
ChIJ3UTrZwBXzDERvswoS3Zs3QY,Pasar Mini Sri Meenas • Sri Meenas Enterprise,"29a, Jalan Meru Setia 1, Taman Meru Indah",Kapar,3.135871099999999,101.4181725,0.0,0,010-360 6165,Mini-mart,Tier 1,0.0
ChIJHyS0n_JTzDER1UlnqegCwAU,Pasar Mini Song Shu,"12-1-1, 12-1-1, Jalan Setia Prima G U13/G, Setia Alam",Shah Alam,3.0967198,101.4452718,0.0,0,012-239 3788,Mini-mart,Tier 1,0.0
ChIJM9HICchPzDERq9uCYoA8Mkw,LWI MART ONLINE SHOP,"42, JALAN PULAU ANGSA U10/29 TAMAN PUNCAK PERDANA SHAH ALAM",SELANGOR,3.1275474,101.4947713,0.0,0,018-666 5528,Indie mart,Tier 1,0.0
ChIJ4bdP87tNzDERsjBIeUT71EA,"KK Mart Shah Alam, Seksyen U8 (2) ( SU82 )","No.15 Ground Floor, Jalan Arca P U8/P, Bukit Jelutong, Seksyen, U8 Shah Alam",Shah Alam,3.1089031,101.5395103,0.0,0,,KK Mart,Tier 1,0.0
ChIJCynGGXpNzDER1GSWWRxN408,Econsave Bukit Jelutong - Pasar Ekonomi Mart,"No A3-35 & A3-37, Jalan Arca P U8/P, Laman Idaman Bukit Jelutong, Seksyen, U8 Shah Alam",Shah Alam,3.1087795,101.540238,0.0,0,,Indie mart,Tier 1,0.0
ChIJo-rjuDYxzDER6ZWb9cX7Wpk,KaF Fresh Mart,"3, Jalan Pinggiran Delima 2/5, Taman Pinggiran Delima",Hulu Langat,3.1216829,101.8096173,0.0,0,019-776 9520,Indie mart,Tier 1,0.0
ChIJa9DXtx03zDERo3ftBGRYDkM,Eco Mart - Brezza,"Brezza One Residency, SHOP 2 & SHOP 3, RESIDENSI BAYU 1, Jalan Bayu Utama, BUKIT AMPANG PERMAI",Ampang,3.122300999999999,101.7838295,0.0,0,011-5507 1521,Indie mart,Tier 1,0.0
ChIJPUxNtTEzzDERs7zKcSA-iFc,KK Super Mart Residence Anggerik Wira ( RAW ),"No.01-07, Residence Anggerik Wira, Jalan Sungai Tekali",Hulu Langat,3.1121244,101.8278966,0.0,0,,KK Mart,Tier 1,0.0
ChIJYeHpCQAxzDERsX1YDi1g1zE,Oldskool Camper Mini Mart Malaysia,"Jalan Kampung Sungai Semungkis, Sungai Semungkis",Hulu Langat,3.1300633,101.8227034,0.0,0,,Mini-mart,Tier 1,0.0
ChIJ95doUMVXzDERUvGFnjVfXAA,Kedai Nenek Siti,"Lot 4088 Jalan Bahagia, Kg. Bukit, Kapar, 42200, Klang, Kampung Bukit Kapar",Kapar,3.1682264,101.4305696,0.0,0,,Generic kedai,Tier 1,0.0
ChIJP1BoeQBXzDERSj_WBX44VMI,KEDAI RUNCIT G SETIA JAYA,"Lot 3771, Jalan Iskandar, Kampung Bukit Kapar",Kapar,3.1616561,101.4312895,0.0,0,011-1763 2414,Kedai runcit,Tier 1,0.0
ChIJF_zOYHdNzDEReVurV98s-eU,EasyGrocer,"DG23A, Medalla @ Oasis corporate park, 2, Jalan PJU 1a/2, Oasis Damansara, Ara Damansara",Petaling Jaya,3.1128233,101.5770132,0.0,0,017-261 2038,Sundry/grocer,Tier 1,0.0
ChIJQwXY2t9LzDERKC3WKiM5gRY,I-Pmart Life Style Sdn. Bhd.,"Plaza 33 Level 20, No. 20-1, Jalan Kemajuan Section 13, Selangor",Petaling Jaya,3.1102539,101.6384383,0.0,0,03-7931 8389,Indie mart,Tier 1,0.0
ChIJBQT7wN1LzDERYpycVpQhTdY,Ge Mart,"Blok 6-G-01, Jalan Utara, Pjs 52",Petaling Jaya,3.1066903,101.6401723,0.0,0,03-7932 5350,Indie mart,Tier 1,0.0
ChIJ9Woy6uFLzDERyl8nO1jimb8,Komastaa Mart,"Jalan 14/20, Seksyen 14",Petaling Jaya,3.112016199999999,101.634261,0.0,0,013-486 9201,Indie mart,Tier 1,0.0
ChIJI26XNnA3zDEReJtN1CwRJAE,Eco Mart • One Residences,"Level 7, No.128, One Residences, Jalan Sungai Besi, Chan Sow Lin",Kuala Lumpur,3.1172425,101.7072124,0.0,0,011-1051 4055,Indie mart,Tier 1,0.0
ChIJhSPmYIc2zDERoAxplDtIxGM,Shuang He Mini Market,"No. 3, Grd floor, Jalan Bunga Cempaka 6a, Taman Muda",Kuala Lumpur,3.1175839,101.7528418,0.0,0,03-4297 4562,Mini-mart,Tier 1,0.0
ChIJL1xXKgA3zDERZ9A1SjVTv1I,Kedai Ubat & Runcit Young Sheng Sdn Bhd,"NO 11, Ground Floor, Jalan Bunga Cempaka, Taman Muda, 56100, Kuala Lumpur, Taman Muda",Ampang Jaya,3.117815,101.7530649,0.0,0,,Generic kedai,Tier 1,0.0
ChIJTzN8jww1zDERZzMFlJjeric,99 Speedmart 3847 Taman Cheras Utama,"No: 1 (Ground Floor, Jalan 7/95b, Taman Cheras Utama",Kuala Lumpur,3.1045026,101.7499743,0.0,0,03-3362 6863,99 Speedmart,Tier 1,0.0
ChIJX8edD0ZPzDEREF4ARyCeFZI,Econsave Taman Subang Impian - Pasar Ekonomi Mart,"27G, Jalan Uranus AG U5/AG, Seksyen U5",Shah Alam,3.166648100000001,101.5339165,0.0,0,,Indie mart,Tier 1,0.0
ChIJl0bRpgNRzDER8ZOfy2fnQ7Q,"KK Super Mart Shah Alam, Seksyen U5(7) ( SU57 )","No.7-1, Jalan Zuhrah BH U5/BH, Seksyen U5",Shah Alam,3.1632295,101.5443201,0.0,0,,KK Mart,Tier 1,0.0
ChIJNdDAdwBPzDER3KL5xnAMlxc,CF VALUE MART KEDAI DUA RINGGIT,"6 JALAN PEKAKA 8/4 SESKYEN 8, Kota Damansara",Petaling Jaya,3.175974,101.5759789,0.0,0,017-769 1877,Generic kedai,Tier 1,0.0
ChIJOyoMeQBPzDER03E97ge_8us,CF Value Mart (KD4),"20, Jalan Camar 4/2, Kota Damansara",Petaling Jaya,3.1532029,101.5791144,0.0,0,,Indie mart,Tier 1,0.0
ChIJvbddTRyFzjER-9nXzoy8Fgs,Azlimi harun (Junction mini mart),Simpang Pelangai,Bentong,3.1752184,102.1939019,0.0,0,,Mini-mart,Tier 1,0.0
ChIJkweyFAD3zDERhmUkOARVm4I,Kedai runcit cut hassan Enterprise,"21, Jalan Simpang Tiga Jeram",Jeram,3.2254013,101.3156369,0.0,0,,Kedai runcit,Tier 1,0.0
ChIJTbcqnt9FzDERY6Y04C80LxI,"KK Super Mart Rawang, Masgenuine Square ( RMG )","No.10, Kg Damai, Taman Masgenuine Square",Rawang,3.2348691,101.5425186,0.0,0,,KK Mart,Tier 1,0.0
ChIJt6iALq9bzDERaE0mWINn12U,Kedai Serbaneka Jim Tiga,"Lot 1347-F, Jalan Besar",Kampung Kubu Gajah,3.2066004,101.5150654,0.0,0,017-303 8398,Generic kedai,Tier 1,0.0
ChIJ7S8FpSJIzDERyqjQ52QejgU,Kedai Serbaneka Convenience Store,"40, Jalan Lumut, Titiwangsa Sentral",Kuala Lumpur,3.1706,101.6963064,0.0,0,,Generic kedai,Tier 1,0.0
ChIJo6XwYT1IzDERpb8CsPbQuFs,Pasar Mini Mahmod,"149, Jalan Sultan Azlan Shah",Kuala Lumpur,3.1709555,101.6938559,0.0,0,03-4043 3029,Mini-mart,Tier 1,0.0
ChIJ18PejBg3zDERCifoY6y3yQ0,Kedai Runcit Mursal Enterprise,"166, Jalan Enggang, Taman Keramat",Kuala Lumpur,3.1696118,101.7456318,0.0,0,,Kedai runcit,Tier 1,0.0
ChIJQRbz9zw3zDERt7UxHh_GWws,BilaBila Mart - The Elements,"G-5, GROUND FLOOR PODIUM, NO. 5, JALAN BEMBAN, OFF, JALAN AMPANG",Kuala Lumpur,3.1617636,101.7482193,0.0,0,,Indie mart,Tier 1,0.0
ChIJvfnrLTk3zDER45jQAppADAk,KEDAI RUNCIT AGAM JAYA,"7a, Jalan AU 2b, Taman Keramat",Kuala Lumpur,3.173969699999999,101.7457343,0.0,0,,Kedai runcit,Tier 1,0.0
ChIJfRNd4jY3zDERFDpSCRWefOU,STIC MART,"B3-3A, BLOCK B, Jalan Selaman 1, DATARAN PALMA",Ampang,3.155090699999999,101.7506278,0.0,0,011-2821 1695,Indie mart,Tier 1,0.0
ChIJ2Tw3vQY3zDERBFC3zjsanjA,Double 7 Mini Market,"Block B - G - 2, Jalan 13d, Desa Permai",Ampang,3.1570071,101.7572941,0.0,0,,Mini-mart,Tier 1,0.0
ChIJ_S2XM_ZbzDERW3HersuRi3Y,Kedai Serbaneka Jimat,"25g, Jalan Bidara 10, Saujana Utama 3",Sungai Buloh,3.200809699999999,101.4854496,0.0,0,,Generic kedai,Tier 1,0.0
ChIJra7CP71bzDER3miNpWGxxfY,"KK Super Mart Sungai Buloh, Bandar Seri Coalfields ( SBSC )","10, Jalan BSC 2B/2 Presint 2 Bandar seri Coalfields",Sungai Buloh,3.2465502,101.4753341,0.0,0,,KK Mart,Tier 1,0.0
ChIJuUDFSYpZzDER2BtyDAru-yw,KK Super Mart Bandar Puncak Alam (3) ( BPA 3 ),"23, Jalan Dataran Suria 15/7/1, Seksyen 15",Puncak Alam,3.233828,101.4148012,0.0,0,,KK Mart,Tier 1,0.0
ChIJRcPfFABZzDER52hq-a13bmM,MHZ niaga mini mart,"19, Jalan Astana A 13/A",Puncak Alam,3.2438824,101.4252565,0.0,0,,Mini-mart,Tier 1,0.0
ChIJ1RYUuplZzDERNTSp6JHr0us,Kedai Runcit Simpang Y,"Jalan Sekolah, Kampung Bukit Kapar",Kapar,3.2062346,101.4073763,0.0,0,,Kedai runcit,Tier 1,0.0
ChIJ-0V6OwA7zDERBR8v3xF4Nmo,Kedai runcit sinar,"Perumahan Jab Hutan, Kampung Padang",Hulu Langat,3.1958484,101.8558989,0.0,0,,Kedai runcit,Tier 1,0.0
ChIJn8MSKfD3zDERYeyNos6jrqQ,Lia altab enterprise mini mart,78CQ+JH,Jeram,3.271542799999999,101.3389605,0.0,0,,Mini-mart,Tier 1,0.0
ChIJnSGgnkxDzDERRFtmbAkc_gM,Yaalz Mart,"Unit No, 37-G, Jalan 3/1, Setia Eco Templer",Rawang,3.2878801,101.6388626,0.0,0,011-7030 6690,Indie mart,Tier 1,0.0
ChIJT0pk4VdFzDERlNPQhPG2JiM,99 Speedmart 3719 Pusat Komersial LGSB,"No: 6 & 7 (Ground Floor, Jalan LGSB 1/3, Pusat Komersial LGSB",Sungai Buloh,3.2117734,101.5765463,0.0,0,03-3362 6863,99 Speedmart,Tier 1,0.0
ChIJ5XMNfexFzDERbX4CoXIn6XQ,Bumi Mas Mini Market,"Jalan D/A 1, Kampung Desa Aman",Sungai Buloh,3.206343200000001,101.5960049,0.0,0,,Mini-mart,Tier 1,0.0
ChIJ3RjRXlpFzDERrgmj9sNGAAs,Kedai Runcit Muara Indah,"Vista Shop, B005, Jalan PJU 10/3d, Damansara Damai",Petaling Jaya,3.1988401,101.5934044,0.0,0,018-284 0500,Kedai runcit,Tier 1,0.0
ChIJzyX29klPzDERS8IntpFeuAk,KK Super Mart Damansara Damai (2) (DDM2),"B, PJU10, Apartment Lestari, B-LG1-03A, Blok B, No.1, Jalan PJU 10/18, Damansara Damai",Petaling Jaya,3.1965569,101.596062,0.0,0,,KK Mart,Tier 1,0.0
ChIJn2Ebf-E5zDER9LNkUyga520,Stop & Shop Mart (Mahallah Hafsah Mart),"Universiti Islam Antarabangsa Malaysia, Mahallah Hafsah",Jalan Imam Malik,3.2548129,101.7342318,0.0,0,016-311 2154,Indie mart,Tier 1,0.0
ChIJ15wJbgBHzDERFg1BfKo9nEQ,JOM KE 3M Mini Market Meraya Residensi Metro Kepong,"G-05, Residensi Metro Kepong, 5, Jalan Metro Perdana Barat, Taman Metropolitan Kepong",Kuala Lumpur,3.2193732,101.6429575,0.0,0,03-4810 0745,Mini-mart,Tier 1,0.0
ChIJmdzFqAdHzDERfkg9Njdchog,KK SUPER MART Kepong Perdana (2) (KPD2),"PPR Pekan Kepong Setia, Jalan Silang, Taman Indah Perdana",Kuala Lumpur,3.2180944,101.6378698,0.0,0,011-2836 1572,KK Mart,Tier 1,0.0
ChIJjRQauUZGzDERnveXtdE4_SA,St Sun Mart,"No. 5, Jalan Metro Perdana Timur 3, Wilayah Persekutuan",Kuala Lumpur,3.2149129,101.6452459,0.0,0,019-360 7772,Indie mart,Tier 1,0.0
ChIJJVRdmPxHzDERMztTT-lz9jg,Eco Mart - M Luna,"KIOSK 2, GROUND FLOOR, BLOCK B, RESEDENSI M LUNA, NO888, JALAN LINGKARANG TENGAH 2, Kepong",KEPONG,3.2276646,101.6513482,0.0,0,011-5589 1521,Indie mart,Tier 1,0.0
ChIJTQCpOu9HzDER4xgtnhCNUAE,KK Super Mart Residensi Alam Vista Aman ( RAV ),"Kiara, G- 06, Residensi Alam Vista Aman (AVA, Jalan Benteng Utara, Kiara Bayu",Kuala Lumpur,3.2245593,101.6536047,0.0,0,,KK Mart,Tier 1,0.0
ChIJ_1IdEHRHzDERgwJYjESWCQ4,Triple A Success Mart,"No. 140, Jalan Sbc 3, Taman Sri Batu Caves",Batu Caves,3.2348547,101.6891913,0.0,0,03-6178 7860,Indie mart,Tier 1,0.0
ChIJdR2kgLVAzDER9IvqvIUPPxs,sri jayamalini super grocery,"no106, Jalan Sbc 3, Taman Sri Batu Caves",Kuala Lumpur,3.234501,101.688151,0.0,0,03-6187 4246,Sundry/grocer,Tier 1,0.0
ChIJBU7PFnFHzDERTuepPG8k6g4,CSR Mini Market,"48, Jalan SM 3, Taman Sunway",Batu Caves,3.236752900000001,101.6916426,0.0,0,016-366 7996,Mini-mart,Tier 1,0.0
ChIJqzkXJgBHzDERLqtCp75einw,Alfamart Batu Caves,"7M7R+9V, LOT 46355, Jalan Nenas",Batu Caves,3.2630662,101.6912611,0.0,0,,Indie mart,Tier 1,0.0
ChIJxXySOwBHzDERi_SgzHFuhM4,Alfamart BCU,"No: 2 & 3 (Ground Floor, Jalan BCU 1, Kawasan Perindustrian Batu Caves Utara",Batu Caves,3.2653556,101.6807946,0.0,0,,Indie mart,Tier 1,0.0
ChIJi7RmWklHzDERxdfQCFFCrMg,Kedai Runcit Muzhar,"17, Jalan 2a/1, Taman Bandar Baru Selayang Fasa 2a",Batu Caves,3.2629911,101.6780674,0.0,0,03-6177 3011,Kedai runcit,Tier 1,0.0
ChIJgd38mo05zDERqWZDiPUiebI,KK Super Mart Taman Permata ( TPM ),"2756, Jalan Changkat Permata, Taman Permata",Kuala Lumpur,3.206743100000001,101.7513383,0.0,0,,KK Mart,Tier 1,0.0
ChIJqW20GMg5zDERX8bTvfTlPfI,Eco Mart - M Adora,"SHOPLOT 1, M Adora Residensi, 7, Jalan Wangsa Melawati 1, Wangsa Maju",Kuala Lumpur,3.2042328,101.7459415,0.0,0,011-5587 1521,Indie mart,Tier 1,0.0
ChIJdaqZBoo5zDERykUWtD46UH0,RIYAS MINI MARKET,"14, Jalan Au5D/1",Kuala Lumpur,3.2032482,101.7502927,0.0,0,016-667 7128,Mini-mart,Tier 1,0.0
ChIJmyA5osA5zDERpwVATiwXcSs,99 Speedmart 3886 Tar UMT,"Lot 3 (Ground Floor, Tunku Abdul Rahman University of Management and Technology (TAR UMT), Jalan Genting Kelang, Setapak",Kuala Lumpur,3.2153967,101.7290312,0.0,0,03-3362 6863,99 Speedmart,Tier 1,0.0
ChIJlVLRUUJhzDER8LC-al2gtoQ,Kedai Baru Raman,"Jalan Rawang - Bestari Jaya, Kampung Sungai Darah",Batang Berjuntai,3.3853329,101.4296157,0.0,0,03-3271 9754,Generic kedai,Tier 1,0.0
ChIJcShktVNhzDERh1qIUW3Z44I,Kedai runcit Teja,"Jalan Gemilang, Kampung Jaya Setia",Batang Berjuntai,3.363545,101.42019,0.0,0,,Kedai runcit,Tier 1,0.0
ChIJixqFZpr0zDERg7ERSXIfS3o,AB Mini Market,"21, Jalan Telaga Tujuh 2, Taman Telaga Tujuh",Kuala Selangor,3.3271089,101.2621107,0.0,0,03-3289 2171,Mini-mart,Tier 1,0.0
ChIJfQ2RsIf1zDERReR3eyQ2EGo,PASAR MINI TAMAN PADUKA,"36, Jalan 1, Taman Paduka",Kuala Selangor,3.3244066,101.2639551,0.0,0,013-305 7276,Mini-mart,Tier 1,0.0
ChIJmfVtI5f1zDERXbW5DHZhbcU,Chennai Grocer (Ksel) Sdn Bhd,"18, Jalan Bendahara 1, Taman Bendahara",Kuala Selangor,3.3225004,101.2659664,0.0,0,011-5427 2115,Sundry/grocer,Tier 1,0.0
ChIJzz8OkA3zzDERaGm5alDK1ac,"KK Super Mart Kuala Selangor, Raja Jalil ( KSRJ )","No.15, Lot PT 2, Jalan Raja Jalil Pekan",Kuala Selangor,3.3400362,101.249434,0.0,0,,KK Mart,Tier 1,0.0
ChIJQUXBNABpzDER2YxzEo8fqIw,Jamal freshmart 2,"9HPG+Q9, Bukit Sentosa",Rawang,3.3868872,101.5758732,0.0,0,,Indie mart,Tier 1,0.0
ChIJm11dT-IVzDERUDwqDBRW9tg,"KK Super Mart Genting Permai, Vista Residences ( GPVR )","P-G-12, Vista Residences, Genting Permai Avenue",Genting Highlands,3.3874107,101.7725749,0.0,0,,KK Mart,Tier 1,0.0
ChIJuUuI61lCzDERZdegBzs2mhg,Kedai Serbaneka AV Ravi,"39, 23, Jalan Welman, Pusat Bandar Rawang",Rawang,3.3204666,101.5761427,0.0,0,,Generic kedai,Tier 1,0.0
ChIJGS1Vu1BCzDER4eyg9ODiA-A,Chill One Stop Mart,"Jalan Bandar Rawang 12, Pusat Bandar Rawang",Rawang,3.319627199999999,101.576852,0.0,0,,Indie mart,Tier 1,0.0
ChIJbbb9-OZDzDERfepPDzZfaMM,Kedai Ban San,"77, JALAN TENGAH, Kampung Sungai Terentang",Rawang,3.3094302,101.5867863,0.0,0,,Generic kedai,Tier 1,0.0
ChIJmWlVRnddzDERA2pRsKtMYSA,23 MART,"M-Avenue@M-Residence, 27, Jalan MR 1/4",Rawang,3.3194503,101.509527,0.0,0,019-459 2301,Indie mart,Tier 1,0.0
ChIJC4eAyipvzDER7_UPARn3Iy4,"KK Super Mart Rawang, Apartment Dahlia ( RAD )","No.G-G, Apartment Dahlia, 13A, Jalan Bunga Raya 1, Taman Bunga Raya",Rawang,3.4376773,101.5490767,0.0,0,,KK Mart,Tier 1,0.0
ChIJ3717LrcFzDERYgs6w8IvRxI,"KK Super Mart Pahang, Karak, Jalan Besar ( PKRB )","No.68, Jalan Besar",Karak,3.4150254,102.0337546,0.0,0,,KK Mart,Tier 1,0.0
ChIJdRqLd7ttzDERwMnpMrnSkD4,99 Speedmart 3659 Pekan Baru Batang Kali,"No: 3 & 5 (Ground Floor, Jalan Jati Utama 2, Pekan Baru",Batang Kali,3.4684924,101.638484,0.0,0,03-3362 6863,99 Speedmart,Tier 1,0.0
ChIJvTPzSvUbzDERRMSyiHyl3W4,Kedai runcit Ariel enterprise,Taman Chegar Medang,Bentong,3.4915744,101.9375652,0.0,0,,Kedai runcit,Tier 1,0.0
ChIJWQYk3jsFzDERtIMFximNGGU,99 Speedmart 3852 (PH) Jalan Ah Peng,"No: 79 (Ground Floor, Jalan Ah Peng",Bentong,3.524593,101.9066912,0.0,0,,99 Speedmart,Tier 1,0.0
ChIJhWFjZWQFzDERAjT_WnxGfF4,Ainayu mini market,Mempaga 1,Bentong,3.5398741,101.9664468,0.0,0,,Mini-mart,Tier 1,0.0
ChIJ_dhU8LKpzjERHzTewXKgOlk,Kedai Runcit Nurul Wahida Johan,"Kedai Mara, 41, Jln Lakum, Lakum",Lanchang,3.531965,102.078331,0.0,0,017-225 8289,Kedai runcit,Tier 1,0.0
ChIJV9-ZRyipzjERW6OyndqPs_0,K.A.K.MINIMART,"86B, JALAN BOLOK HILIR, Kampung Cempaka",Lanchang,3.5307973,102.1605704,0.0,0,014-212 7860,Indie mart,Tier 1,0.0
ChIJR5lJxbKpzjERir-ZYR2_p6o,Kedai runcit lancang Jaya ent,Kampung Cempaka Kiri,Lanchang,3.531882899999999,102.1586764,0.0,0,,Kedai runcit,Tier 1,0.0
ChIJ6w1arFNrzDER4OTl5zcUc0Q,Pasar Mini Murah Meriah,"1, Jalan Kaloi 1a, Taman Desa Karoi",Batang Kali,3.4263646,101.662336,0.0,0,,Mini-mart,Tier 1,0.0
ChIJsarYRAAVzDERyvuis3hzuC0,Hilltop Mart Rw Hotel,Highlands Hotel,Genting Highlands,3.4240849,101.7907212,0.0,0,,Indie mart,Tier 1,0.0
ChIJedBOx63LzTERtDBJjGIdBKA,Mesra,"Petronas Persiaran Jaya, Lot PT 28768 HS(M) 21664, Bandar Baru Bangi Industrial Zon 1, Sungai Ramal Dalam, Kajang",Bandar Baru Bangi,2.9724935,101.7505703,5.0,310,,Petronas Mesra / Shell Select,Tier 2,28.7
ChIJ1e-4r91HzDERdrMsvDt9zwQ,Mesra,"Petronas, 6600, Jalan Batu Caves, Taman Sunway Batu Caves",Batu Caves,3.2360049,101.6874247,4.0,72,1-300-88-8181,Petronas Mesra / Shell Select,Tier 2,17.16
ChIJ6wOo9145zDERaRP1vy7PbGk,Mesra,"Petronas, Jalan 2/27a, Taman Wangsa Melawati",Kuala Lumpur,3.2119963,101.7442751,4.5,36,1-300-22-8888,Petronas Mesra / Shell Select,Tier 2,16.25
ChIJT7fBr7zLzTERUYq_mwvdTnY,NMB TRADING SDN BHD,"G18, Saville kajang, 146, Jalan Langat 6, Taman Sri Langat",Kajang,2.971612,101.7886096,4.5,21,011-3794 1012,Indie enterprise,Tier 2,13.91
ChIJ8bxzHABLzDERbm4RWJPHsEE,ESA TRADING HQ,"Persiaran Kinrara, Taman Kinrara Seksyen 3",Puchong,3.0620997,101.6425151,5.0,15,019-613 6556,Indie enterprise,Tier 2,13.86
ChIJQdNQxdZLzDERNaZFyVysauY,Shell Select,Malaysia,"Kuala Lumpur, Petaling Jaya, Shah Alam, Klang, Subang Jaya, Cheras, Ampang, Cyberjaya, Putrajaya, Kajang, 68100 Selayang, Damansara",3.1083054,101.6535039,3.6,46,,Shell Select,Tier 2,13.86
ChIJJ0ips5ZDzDEROya0R8pLuHE,WCS Frozen Food Trading,"7, Jalan Batu 18, Kampung Dato Lee Kim Sai",Rawang,3.3147887,101.5778619,4.4,20,03-6093 6193,Indie enterprise,Tier 2,13.4
ChIJq1gcJQ3nzTERL4M6r_41KZs,Mesra,"PETRONAS - Taman Marida (HANIDA HADI ENTERPRISE), Taman Marida",Seremban,2.696251,101.9782984,4.3,12,,Petronas Mesra / Shell Select,Tier 2,11.03
ChIJD9_0siJHzDERkhCw51ZlFPs,AIE Mart (Al Idrusi Enterprise),"KIOSK NO. 5, TKT 8, RESIDENSI KEPONGMAS, 7, Jalan Metro Perdana Barat, TMN METROPOLITAN KEPONG",Kuala Lumpur,3.2198812,101.6423241,5.0,8,03-6243 4243,Indie enterprise,Tier 2,10.99
ChIJjVgCOY42zDERVTnY6Xbts_U,SHELL SELECT,"Jalan Mewah Utara, Taman Pandan Mewah",Ampang,3.124477999999999,101.762338,3.3,22,,Shell Select,Tier 2,10.35
ChIJ_RmyV5GzzTERlXGTkSOG2Bs,Jing Beng Trading (Puchong Prima),"block a, 01, 09, Jalan Prima 5/2, Taman Puchong Prima",Puchong,3.000991,101.5966719,4.5,6,016-902 7002,Indie enterprise,Tier 2,8.76
ChIJE3tl6NrFzTERaG7VJ3q7xHM,EYZA ROS ENTERPRISE,"71700, Unnamed Road",Mantin,2.8241583,101.8687223,3.9,8,017-718 1576,Indie enterprise,Tier 2,8.57
ChIJsVdfREMHzTERxOjYEjKtM24,AB AQSHA Enterprise,"AB AQSHA MINI MART, 1, Jalan Perigi Nanas 8/3 Pulau Indah",Pelabuhan Klang,2.9507258,101.3120038,5.0,4,014-775 9577,Indie enterprise,Tier 2,8.05
ChIJAUNSEXhPzDERehCSoaUkNlc,Mesra,"Petronas NKVE, New Klang Valley Expressway, Taman Putra Damai",Petaling Jaya,3.119169700000001,101.5928177,5.0,3,03-2300 0448,Petronas Mesra / Shell Select,Tier 2,6.93
ChIJ4ySl_kZGzDER3oVVhJQXV68,SN Family Trading,"45, Jalan Metro Perdana Timur 2, Taman Usahawan Kepong",Kuala Lumpur,3.2134212,101.6467324,5.0,3,03-6250 4528,Indie enterprise,Tier 2,6.93
ChIJHSzRLVmjzTERzDKmlnQUDZM,GRK TRADING pemborong ikan bilis/masin fresh pangkor,"14, Jalan Sepakat, Taman Sepakat",Banting,2.7945278,101.4423383,5.0,2,,Indie enterprise,Tier 2,5.49
ChIJJyNX1szJzTERGPUiuUU1mYw,Famous Fresh & Frozen Supply Trading,"8, Jalan 6c/7, Taman Persiaran Bangi",Bandar Baru Bangi,2.94383,101.7642082,5.0,2,,Indie enterprise,Tier 2,5.49
ChIJC8Ze2EO1zTERG9EYYw3zy3s,Mesra,"Petronas, Lot 5471 & 5473, Lebuh Puteri, Bandar Puteri",Puchong,3.0134298,101.6218819,5.0,2,03-8061 4535,Petronas Mesra / Shell Select,Tier 2,5.49
ChIJ03xAcwlNzDERqWFajrOe0Uw,SMK ACE TRADING,"18, Jalan Jubli Perak 22/1, Seksyen 22",Shah Alam,3.071289,101.555386,5.0,2,011-2623 2410,Indie enterprise,Tier 2,5.49
ChIJA2lvggRMzDERLTwV8PVO6B0,Mesra,"Petronas, 2, Jalan SS 4b/10, Ss 4",Petaling Jaya,3.1080769,101.6067565,5.0,2,1-300-22-8888,Petronas Mesra / Shell Select,Tier 2,5.49
ChIJtw5FiMdPzDERGhZp9Qxt1kk,XY Top Trading,"8, Jalan Bulan BN U5/BN, Bandar Pinggiran Subang",Shah Alam,3.1647509,101.5474191,5.0,2,,Indie enterprise,Tier 2,5.49
ChIJ99Xr_E8bzDERRNdW7ZbK7fc,Mesra,Petronas Bentong R&R,Bentong,3.4431367,101.8939146,5.0,2,1-300-22-8888,Petronas Mesra / Shell Select,Tier 2,5.49
ChIJMXBDF-xPzDER-gpjVt4cuLI,Shell Select - Shell NKVE,"Shell, Damansara Lagenda",Petaling Jaya,3.123279,101.593629,2.6,7,,Shell Select,Tier 2,5.41
ChIJJXnmseo3zDERZAcLx9xUSp4,FVC FRESH ENTERPRISE,"21g, Jalan Perdana 4/1, Pandan Perdana",Kuala Lumpur,3.1207827,101.7420352,3.7,3,018-220 8678,Indie enterprise,Tier 2,5.13
ChIJDzoKET6zzTER6CxmatWsU3A,"Ming Kuang Trading (Fresh fruits, vegetables and frozen foods)","12, Jalan PP 2/3, Taman Putra Prima",Puchong,2.976458399999999,101.5911831,2.8,5,016-328 2441,Indie enterprise,Tier 2,5.02
ChIJX0bj18c5zDERhZlJTY5JF4k,Mesra-Warith Iman Enterprise,"Petronas, Lot 279, Jalan Ulu Kelang, Kampung Pasir",Ampang,3.2030877,101.7588726,2.8,5,1-300-88-8181,Indie enterprise,Tier 2,5.02
ChIJg3MGgrGlzTERigJW9dbNCjs,Mesra,"Petronas, Lot 2883, Jalan Sultan Alam Shah, Taman Baiduri",Banting,2.801159,101.4928537,4.5,2,1-300-22-8888,Petronas Mesra / Shell Select,Tier 2,4.94
ChIJ7_VfOdfEzTERK69QA9jIwGk,Fahaliff Enterprise,Mantin,"Kuala Lumpur, Petaling Jaya, Shah Alam, Klang, Subang Jaya, Cheras, Ampang, Cyberjaya, Putrajaya, Kajang, 68100 Selayang, Damansara",2.8324532,101.8797225,4.5,2,,Indie enterprise,Tier 2,4.94
ChIJP9WPf8ZLzDER74TOX3E-z8A,Mesra,"Petronas - Jalan Selangor, 15, Jalan Selangor, Pjs 6",Petaling Jaya,3.0978349,101.6472317,4.5,2,1-300-88-8181,Petronas Mesra / Shell Select,Tier 2,4.94
ChIJ79R3JCVIzDERtarx9mCkBls,Cher Trading,"31B2, Lorong Haji Taib 2, Chow Kit",Kuala Lumpur,3.163278,101.6965417,4.5,2,,Indie enterprise,Tier 2,4.94
ChIJeyhH7IZDzDERfb0aHW0Z1no,Select,"Shell Sentral ZZA Filling Station, Jalan Rawang - Bestari Jaya Jalan Sg Bakau, Jalan Rawang - Kuala Selangor, Sungai Bakau",Rawang,3.3195727,101.5278004,4.5,2,,Petronas Mesra / Shell Select,Tier 2,4.94
ChIJwUxQiefdzTERD68_iEzjrKA,PUSAT PERABOT SS FARHAN ENTERPRISE,"17, Jalan Kayu Manis 3, Taman Kayu Manis",Seremban,2.7369956,101.971023,3.3,3,017-659 3911,Indie enterprise,Tier 2,4.57
ChIJhyhKDbHFzTERDkLkGJFaopU,Mesra,Malaysia,"Kuala Lumpur, Petaling Jaya, Shah Alam, Klang, Subang Jaya, Cheras, Ampang, Cyberjaya, Putrajaya, Kajang, 68100 Selayang, Damansara",2.842322000000001,101.8286742,4.0,2,,Petronas Mesra / Shell Select,Tier 2,4.39
ChIJVx-wc3_LzTERNJi34oOTDxQ,Mesra,"Petronas, Lot, PT 55687, Persiaran Kemajuan, Seksyen 9",Bandar Baru Bangi,2.9610826,101.7511302,4.0,2,018-325 9842,Petronas Mesra / Shell Select,Tier 2,4.39
ChIJKRPuP8DpzTERzlDE6oVYEXs,Mesra,Malaysia,"Kuala Lumpur, Petaling Jaya, Shah Alam, Klang, Subang Jaya, Cheras, Ampang, Cyberjaya, Putrajaya, Kajang, 68100 Selayang, Damansara",2.700926299999999,101.8221315,5.0,1,,Petronas Mesra / Shell Select,Tier 2,3.47
ChIJb3fCdgDHzTERx282S0J2slE,A k Danish enterprise,"2, Jalan Kenanga 1/6, Bandar Baru Salak Tinggi",Sepang,2.8345873,101.7390123,5.0,1,,Indie enterprise,Tier 2,3.47
ChIJPVY0CgAHzTERDftS_UAkq6U,Sofiah Sadiq Enterprise 2,Kampung Perigi Nenas,Pulau Indah,2.9327163,101.3153802,5.0,1,,Indie enterprise,Tier 2,3.47
ChIJpbvtefUBzTERkI82QZugEZI,Kim Chin Guan Enterprise,"34K, Jalan Besar",Pulau Ketam,3.0208338,101.2531328,5.0,1,016-616 1713,Indie enterprise,Tier 2,3.47
ChIJA4vNCACzzTERHUjYMGvAc1Q,Tanisha Enterprise,"35-AG, Lingkaran Dagang Mas, Taman Mas Sepang",Puchong,2.9737129,101.5814577,5.0,1,,Indie enterprise,Tier 2,3.47
ChIJZ0-UEfzLzTERKXG-wFFkv2E,Double A Star Enterprise,"2-12, Jalan Hentian 3, Taman Tenaga",Kajang,2.9579899,101.7912041,5.0,1,,Indie enterprise,Tier 2,3.47
ChIJQSiHcFutzTER8wIQUKEA3VE,Sri rane enterprise,"No 16.lintang, Jalan Dato Dagang, Taman Sentosa",Klang,3.0033378,101.4626544,5.0,1,,Indie enterprise,Tier 2,3.47
ChIJHZpXPz6tzTERoS71jkqCezY,GSY KVAN TRADING,"16, Lorong Sanggul 1b, Bandar Puteri",Pelabuhan Klang,2.9878624,101.4669944,5.0,1,,Indie enterprise,Tier 2,3.47
ChIJxz_s56GyzTERGmaKnh2a4BI,Huang's Trading Co.,"Lot 1278, Batu, 8, Jalan Bukit Kemuning",Shah Alam,3.0162022,101.5291078,5.0,1,,Indie enterprise,Tier 2,3.47
ChIJ7eiDtVqzzTERm62965eHlHg,Amsyar Jaya Enterprise,"Lot 13D, Jalan Andalas, Kampung Seri Andalas",Puchong,3.005924799999999,101.5913322,5.0,1,,Indie enterprise,Tier 2,3.47
ChIJ17jLdm5XzDERPeGP9vZ40b4,Raaja Enterprise,"191, Jalan Raja Mokhtar 4, Kampung Perepat",Kapar,3.1369176,101.3721153,5.0,1,017-242 7119,Indie enterprise,Tier 2,3.47
ChIJdYy8fgBPzDERhaBh8FplVTU,Amin Rs Enterprise বাংলা দোকান,"Lot 3761, Jalan 2D, Kampung Subang Baru",Shah Alam,3.1381509,101.5298104,5.0,1,011-1795 9883,Indie enterprise,Tier 2,3.47
ChIJi7v5KgBPzDERAyG0DCCVZY0,MF market enterprise,"6, Jalan Matahari Aa U5/Aa, Taman Subang Damai",Shah Alam,3.166656799999999,101.5416886,5.0,1,,Indie enterprise,Tier 2,3.47
ChIJKVUmoR5PzDER7-NQ2c2H0T8,Johar Mansyur Enterprise,"SEK U5, 1G, Jalan Matahari Aa U5/Aa, Bandar Pinggiran Subang",Shah Alam,3.1664406,101.5417053,5.0,1,013-680 0318,Indie enterprise,Tier 2,3.47
ChIJY5JBaNc2zDERS_Y9EprECZc,Lembah Permai Trading,"B-G-08, Blok 2, Jalan Permai 8, Desa Lembah Permai, Lembah Jaya Utara",Ampang,3.1473613,101.787746,5.0,1,011-1187 5611,Indie enterprise,Tier 2,3.47
ChIJIdUCg7A3zDERsIb5iwE96ek,Mesra,"Petronas Warisan Jelatek Enterprise, Lot 883, Jalan Jelatek Hulu, Wilayah Persekutuan, Kampung Datuk Keramat",Kelang,3.1729692,101.7346928,5.0,1,,Petronas Mesra / Shell Select,Tier 2,3.47
ChIJIyzX_5FZzDERIHr8HRG2GW0,Mesra,"Petronas, Lot Pt 1937, Persiaran Puncak Alam 1",Puncak Alam,3.2318804,101.4272441,5.0,1,1-300-88-8181,Petronas Mesra / Shell Select,Tier 2,3.47
ChIJSVYlDQBfzDERHV1NQ2Zs8lA,Kedai Tijarah albarakah enterprise,"3, Jalan Desa Mahang 1, Kampung Desa Mahang",Jeram,3.2806644,101.3732187,5.0,1,,Indie enterprise,Tier 2,3.47
ChIJ2_2-WFk5zDERxcREQ2g1v4c,UZT TRADING SDN. BHD. (FORMERLY UZT PV7 ENTERPRISE),"NO 19-01, PV7, Jalan Melati Utama 2, TAMAN MELATI UTAMA",Kuala Lumpur,3.2225076,101.7287335,5.0,1,,Indie enterprise,Tier 2,3.47
ChIJBTcJfgD1zDERZOkbGZjFG_U,DSS ACE ENTERPRISE,"6, Lorong Teratai 2/12, Bandar Baru",Kuala Selangor,3.323030199999999,101.2613326,5.0,1,,Indie enterprise,Tier 2,3.47
ChIJr7CVdQBtzDERtHe83Rzy874,Little Gift House Enterprise,"3, Jalan Kuala Kali, Taman Rasa Jaya",Rasa,3.4964454,101.6328179,5.0,1,,Indie enterprise,Tier 2,3.47
ChIJczdyoTBTzDERtsZtGnY57rc,MValue Trading Sdn Bhd,"Suite 41-4 Setia Avenue, 2, Jalan Setia Prima S U13/S, Setia Alam",Shah Alam,3.106852899999999,101.4459595,1.6,7,03-5031 7712,Indie enterprise,Tier 2,3.33
ChIJLyukLIjhzTERbef2cpel2LY,Mesra,"Petronas, Lot 726, Jalan Kuala Pilah, 727, Jalan Seremban",Seremban,2.7171212,102.0112726,3.0,2,,Petronas Mesra / Shell Select,Tier 2,3.3
ChIJHxh3FABPzDERmJg3cHvBNRU,Rahmi Enterprise 1,"Jalan Teratai, Kampung Paya Jaras Hilir",Shah Alam,3.1885077,101.5305507,3.0,2,,Indie enterprise,Tier 2,3.3
ChIJMZD_LbNbzDER8534-vHOs_w,Mesra,"Petronas Pt38368, Jalan Sungai Buloh, Bandar Saujana Utama",Shah Alam,3.201145799999999,101.4809912,3.0,2,1-300-22-8888,Petronas Mesra / Shell Select,Tier 2,3.3
ChIJqdgMKuc0zDERCcpD9yeIxOQ,Wan Warid Trading,"No. 8, Jalan Suadamai 1/2, Tun Hussein Onn",Cheras,3.0549857,101.7585915,2.3,3,019-363 8040,Indie enterprise,Tier 2,3.19
ChIJRYWpUgCzzTERRtp8G3tlQDI,Sadam KLST Puchong Enterprise,"111, Jalan Taqwa, Kampung Sri Langkas",Puchong,3.0078803,101.5956412,4.0,1,,Indie enterprise,Tier 2,2.77
ChIJe8Zc8qrLzTERkNlHJHWjn9Q,Mesra,"Petronas, Lebuhraya Cheras - Kajang",Cheras,3.0110536,101.7749059,4.0,1,1-300-22-8888,Petronas Mesra / Shell Select,Tier 2,2.77
ChIJ2cryHlRRzDERHg4GR5Perdg,Figorezza Enterprise,"31, Jalan Muafakat 1, Taman Meru Selatan",Klang,3.1184769,101.4400206,4.0,1,012-390 2699,Indie enterprise,Tier 2,2.77
ChIJtV8K_eSszTERaorY-xKrIvM,Pel Enterprise,"8, Jalan Dato Yusuf Shahbudin 29, Taman Sentosa",Klang,3.0092371,101.4651735,3.0,1,012-369 3376,Indie enterprise,Tier 2,2.08
ChIJMdZv8EtJzDERF1U_OEJ-bTY,Mesra,"Petronas, 8269, Jalan SS 22/41",Petaling Jaya,3.1282208,101.6207067,3.0,1,1-300-22-8888,Petronas Mesra / Shell Select,Tier 2,2.08
ChIJe2-dkXc2zDERQZrP1-EDsYM,Soon Kat Trading,"Jalan Perdana 2/7, Pandan Perdana",Kuala Lumpur,3.1131981,101.7401076,3.0,1,,Indie enterprise,Tier 2,2.08
ChIJ6QZgeQBJzDERBB6vonKezZs,MOON WAZOBIA ENTERPRISE AFRICAN SHOP,"Jalan Haji Hussein, Chow Kit",Kuala Lumpur,3.1647617,101.6987633,3.0,1,019-640 4923,Indie enterprise,Tier 2,2.08
ChIJU9JBcIJFzDERYe2SnkXC59M,Mesra,"Petronas SG Buloh Layby, KM453 SG Buloh Layby (KL Bound) Plus NSE",Sungai Buloh,3.2244589,101.5770182,3.0,1,,Petronas Mesra / Shell Select,Tier 2,2.08
ChIJG5kAeMM5zDERqfve8tnnsFY,Mesra,"Petronas, Jalan Gombak, Taman Setapak",Kuala Lumpur,3.2126036,101.7085768,3.0,1,1-300-22-8888,Petronas Mesra / Shell Select,Tier 2,2.08
ChIJmwvZy4vnzTERrMH4AonIzqk,Select,"Shell Exelstat Enterprise, Jalan Senawang, Taman Seremban Jaya",Nilai,2.6860361,101.9690677,2.0,1,,Petronas Mesra / Shell Select,Tier 2,1.39
ChIJX_SM9ANTzDERXd3BanTSyzo,Select,"Shell Usaha Murni Enterprise, Persiaran Kayangan, Lot 1756, Jalan Plumbum Z 7/Z, Seksyen 7",Shah Alam,3.066354,101.4910389,2.0,1,,Petronas Mesra / Shell Select,Tier 2,1.39
ChIJ1QMMKuc0zDERjWF6JBiH6B0,Ilah Daya Doa Enterprise,"34, Jalan Suadamai 1/2, Tun Hussein Onn",Cheras,3.054947899999999,101.7583647,2.0,1,013-586 9822,Indie enterprise,Tier 2,1.39
ChIJV8nIWALnzTERGhOoUe4VVAI,Shell Select,"Jalan Rasah Utama 1, Taman Rasah Jaya",Seremban,2.680481399999999,101.9432344,1.0,1,,Shell Select,Tier 2,0.69
ChIJcwufJy27zTER9MqS2KU03KU,Mesra,"Petronas Olak Lempit Banting, No. Lot PT 4024, HSM 5694, Mukim, Olak Lempit",Banting,2.8332362,101.606759,1.0,1,03-3149 3500,Petronas Mesra / Shell Select,Tier 2,0.69
ChIJCZNOG5nJzTERSyPI_7h-hTo,Select,"Shell Suhaz Maju Enterprise, Jalan 6c-8 Jalan 6c/2, Lot 2 Jln 6, C 1, Jalan Bandar Baru Bangi, Taman Persiaran Bangi",Bandar Baru Bangi,2.9433721,101.7653653,1.0,1,,Petronas Mesra / Shell Select,Tier 2,0.69
ChIJNYnAOGfOzTERz2N6i1IT7bQ,LJR ENTERPRISE.,"14, Jalan 4/15, Seksyen 4",Semenyih,2.9353336,101.8517608,1.0,1,,Indie enterprise,Tier 2,0.69
ChIJ8dw25p-yzTERyDPv4b33NHQ,Ezymart Enterprise,"No. 17, Lot 1247, Batu 7 1/2, Jalan Bukit Kemuning, Seksyen 34",Shah Alam,3.0147099,101.5254167,1.0,1,010-266 6842,Indie enterprise,Tier 2,0.69
ChIJz-09n5CzzTERGwAmHvBn0u0,Shell Select Puchong Permai,"16, Jalan Puchong Permai 2, Taman Puchong Permai",Puchong,3.0091495,101.5993389,1.0,1,,Shell Select,Tier 2,0.69
ChIJjVOEo2PtzTERh_rmsf54Jw0,Perniagaan Johan Stor,"16, Jalan Seri Merbau, 3, Taman Sri Merbau",Sungai Pelek,2.6848466,101.7471712,0.0,0,012-298 5181,Indie enterprise,Tier 2,0.0
ChIJcZL5MQDhzTEREaoCESrd3Cw,Runcit Kita-Kita Enterprise,"3, Link, Kawasan industri, No 17, Jalan tj 3/2, Senawang, Taman Tuanku Jaafar",Seremban,2.662070899999999,102.0075105,0.0,0,011-3967 3216,Indie enterprise,Tier 2,0.0
ChIJx2zp_3PDzTERCUjFpwuHpcU,Mesra,"Petronas R&R Seremban (N), No.299",Seremban,2.757415699999999,101.8444942,0.0,0,1-300-22-8888,Petronas Mesra / Shell Select,Tier 2,0.0
ChIJP-3b_ufBzTERh2ubgohnSF0,Skybento Enterprise,Jalan Cta 1a,Sepang,2.7579476,101.7091492,0.0,0,014-598 9198,Indie enterprise,Tier 2,0.0
ChIJAyKjv6znzTERZ7sTEFxBDMI,Mesra,Malaysia,"Kuala Lumpur, Petaling Jaya, Shah Alam, Klang, Subang Jaya, Cheras, Ampang, Cyberjaya, Putrajaya, Kajang, 68100 Selayang, Damansara",2.6802804,101.9275733,0.0,0,,Petronas Mesra / Shell Select,Tier 2,0.0
ChIJ_bjaVlnnzTERz60mNATW77s,Select,"Shell, Jalan Rasah Lot 6834 Mukim Rasah Jalan, Taman Kok Ann",Mambau,2.677423999999999,101.9269101,0.0,0,06-632 1251,Petronas Mesra / Shell Select,Tier 2,0.0
ChIJQQSTEpq5zTERz9rHpEpDJ_U,Mesra,"Petronas, Jalan Perak Kanan, Kampung Labohan Dagang",Banting,2.815079899999999,101.640361,0.0,0,,Petronas Mesra / Shell Select,Tier 2,0.0
ChIJUWqGqczHzTERzJsLprgjPIM,Mesra,"Petronas, Lot PT 10621, HS(D) 4429, Bandar Baru Salak Tinggi",Sepang,2.8059173,101.7166365,0.0,0,03-8076 9090,Petronas Mesra / Shell Select,Tier 2,0.0
ChIJ0YKg5PHdzTERC9GWmpfieTI,Mesra,"Petronas Jalan Lobak, 300, Jalan Permata 1, Taman Permata",Seremban,2.7281203,101.9295436,0.0,0,,Petronas Mesra / Shell Select,Tier 2,0.0
ChIJ5cxx15zdzTERqAQPjonT3oA,Ban Hong Hang Trading,"No 9, Jalan Kong Sang",Seremban,2.7282686,101.937,0.0,0,06-761 4105,Indie enterprise,Tier 2,0.0
ChIJr6p5CQDdzTERquWEoV1zIe8,Dek aisyah enterprise,Taman Sikamat,Seremban,2.7429047,101.9602356,0.0,0,,Indie enterprise,Tier 2,0.0
ChIJTUBAmPLdzTERjtt1Ar4xpJA,Mesra,Malaysia,"Kuala Lumpur, Petaling Jaya, Shah Alam, Klang, Subang Jaya, Cheras, Ampang, Cyberjaya, Putrajaya, Kajang, 68100 Selayang, Damansara",2.7264497,101.9592581,0.0,0,,Petronas Mesra / Shell Select,Tier 2,0.0
ChIJH4aBzbG7zTERuHRP8ckH5WI,Select,"Shell Olak Lempit, Laluan Persekutuan 31 Mukim 42700",Banting,2.8347571,101.59757,0.0,0,,Petronas Mesra / Shell Select,Tier 2,0.0
ChIJUyeAWbCjzTERRllfOlT-GKs,Kedai runcit mesra sekampung,"Jalan Durian, Kampung Sungai Lang Baru",Banting,2.7892107,101.487574,0.0,0,,Petronas Mesra / Shell Select,Tier 2,0.0
ChIJq6qqqhajzTERQdoBInucUhw,Perniagaan Redan,"No. 4, Jalan Redan, Kanchong Darat",Banting,2.7834556,101.4849597,0.0,0,016-288 7684,Indie enterprise,Tier 2,0.0
ChIJrRR684_bzTERVti7NRdcPWw,Ekhza Enterprise,"6G, Jalan Tasik Senangin 15/2, Banda Tasik Senangin",Mantin,2.8645265,101.9233964,0.0,0,011-1666 9791,Indie enterprise,Tier 2,0.0
ChIJm3WRUwDHzTERXMX_IiTu0X8,Yuu Seng Trading,"7, Medan 23, Bandar Baru Salak Tinggi",Sepang,2.8106467,101.7385331,0.0,0,,Indie enterprise,Tier 2,0.0
ChIJj7pFOQDJzTEReaoJvwZVJoY,Hijrah Berkat 2 Enterprise,"452, RKT Limau Manis 1, Desa Pingggiran Putra",Kajang,2.911666299999999,101.7102897,0.0,0,,Indie enterprise,Tier 2,0.0
ChIJI8GbyXPFzTERbDR8enm--nw,Mesra,"PETRONAS Nilai Impian, Jalan Mutiara",Nilai,2.8444662,101.8146405,0.0,0,,Petronas Mesra / Shell Select,Tier 2,0.0
ChIJLVGcXgAHzTERDMft1qfZHqA,BabyLiza Enterprise,Kampung Perigi Nenas,Pulau Indah,2.930536,101.3069369,0.0,0,,Indie enterprise,Tier 2,0.0
ChIJvVRm6furzTERwJhUW18jgpQ,Faruddin maju enterprise,"LOT NO 8927, B8, Jalan Telok Gong, Kampung Telok Gong",Pelabuhan Klang,2.9629268,101.3906911,0.0,0,,Indie enterprise,Tier 2,0.0
ChIJhQyINm24zTER848kH4YX8uU,Mesra,Malaysia,"Kuala Lumpur, Petaling Jaya, Shah Alam, Klang, Subang Jaya, Cheras, Ampang, Cyberjaya, Putrajaya, Kajang, 68100 Selayang, Damansara",2.8567959,101.6938375,0.0,0,,Petronas Mesra / Shell Select,Tier 2,0.0
ChIJV-hlC1m5zTERruXe1Bz5Iak,N&KAO ENTERPRISE,"Prima Apartment, Persiaran Warisan",Sepang,2.8232254,101.6976868,0.0,0,011-1002 4619,Indie enterprise,Tier 2,0.0
ChIJnfbGLGOzzTERktqx7VIB4oQ,hasrat bina enterprise,"35, Jalan Lombong Perak 29/19, Kampung Lombong",Shah Alam,2.9666983,101.5544076,0.0,0,,Indie enterprise,Tier 2,0.0
ChIJZ6LW8si3zTERmGxwJMkin8E,Highbury Plus Enterprise,"12E2-12, Jalan P9c/1, Presint 9",Putrajaya,2.939787,101.679761,0.0,0,,Indie enterprise,Tier 2,0.0
ChIJZ5bT6XKrzTERX4OAZjIb5Q4,ES MUTIARA JAYA ENTERPRISE,"6, Jalan Sultan Abdul Samad 33 BANDAR SULTAN SULEIMAN Pasarpuri",Pelabuhan Klang,3.0281033,101.3766783,0.0,0,010-715 0608,Indie enterprise,Tier 2,0.0
ChIJqbMWBPrJzTERm9QOwxTpca8,P WANA ENTERPRISE SDN BHD,"LOT G-303, KOMPLEKS DIAMOND, Jalan Medan Bangi, BANGI BUSINESS PARK",Bandar Baru Bangi,2.953431799999999,101.7580479,0.0,0,03-8210 1274,Indie enterprise,Tier 2,0.0
ChIJJ6mo_y7JzTERU1lW_aw50ag,D & D Rideen Enterprise,"Lot 9121, Kampung Sungai Merab Luar",Kajang,2.9379174,101.7487705,0.0,0,,Indie enterprise,Tier 2,0.0
ChIJZZ9TU1HLzTERAatVphJ6OkU,Pasar Segar Richqi Enterprise,"6044 Jalan Imam, Kampung Sungai Ramal Dalam",Kajang,2.9674979,101.7574156,0.0,0,,Indie enterprise,Tier 2,0.0
ChIJO-I9JYvLzTERamQqFs53oHE,Wira Kurnia Enterprise,"No. 1, Jalan Maju 1, Taman Kekwa Bukit Siput, Johor",Segamat,2.974284,101.794485,0.0,0,07-943 2363,Indie enterprise,Tier 2,0.0
ChIJH2iSrIzLzTERefQHkAALnRc,Urus Kon Enterprise,"No. 11, Jalan Seksyen 1/26, Taman Kajang Utama",Kajang,2.9742602,101.7912927,0.0,0,03-8736 8769,Indie enterprise,Tier 2,0.0
ChIJo6-Uoj3PzTERSp8YD44iSO8,Heedhanya Enterprise,"16-G, Jalan Semenyih Sentral 2, Taman Semenyih Sentral",Semenyih,2.94433,101.8426905,0.0,0,03-8725 5004,Indie enterprise,Tier 2,0.0
ChIJ9SIdzAHPzTER5YR_LiWYT3Q,NG GRAND RETAIL ENTERPRISE,"NO 4 (GROUND FLOOR, ONLY JALAN 4, 1, Persiaran Bandar Rinching",Semenyih,2.9328929,101.8480694,0.0,0,017-815 3172,Indie enterprise,Tier 2,0.0
ChIJU0GkfQCrzTERQvw_u03ywWc,MUDA JAYA Enterprise,"11, Jalan Batu Nilam, Bandar Bukit Tinggi 2",Klang,2.9987907,101.4302605,0.0,0,,Indie enterprise,Tier 2,0.0
ChIJTQfK21-rzTERgc1oe4rWI2g,Sri Bayu Berjaya Enterprise,"300, Persiaran Pegaga, Taman Bayu Perdana",Klang,3.0171027,101.4319557,0.0,0,,Indie enterprise,Tier 2,0.0
ChIJveM-lwetzTER1YLNuw6Pu4s,Select,"Shell, Pt36957, Jalan Sungai Jati, Taman Saujana",Klang,3.012513,101.4627297,0.0,0,,Petronas Mesra / Shell Select,Tier 2,0.0
ChIJRXesAJCzzTEREpkQRCd5SMQ,ENERSKY ENTERPRISE,"18, Jalan Anggerik Aranda B 31/B, Kota Kemuning",Shah Alam,2.991298799999999,101.5480628,0.0,0,012-325 2324,Indie enterprise,Tier 2,0.0
ChIJLW6wm6K1zTERjXJAAKc22N4,Hujan Wang Enterprise,"24, Jalan BP 3/12, Bandar Bukit Puchong",Puchong,2.9895203,101.6298256,0.0,0,,Indie enterprise,Tier 2,0.0
ChIJVbxHAbCzzTERMn-b1tahhc0,Perniagaan Faizol Akhman,"Persiaran Puchong Permai, Taman Puchong Permai",Puchong,3.0073201,101.5975052,0.0,0,013-375 1852,Indie enterprise,Tier 2,0.0
ChIJO61wsCmzzTERzWsQYjvQ0yM,Petronas Mesra Puchong Prima,"5/3, Jalan Prima 3/7, Taman Puchong Prima",Puchong,3.001281,101.5964633,0.0,0,,Petronas Mesra / Shell Select,Tier 2,0.0
ChIJyX10o9bNzTERdjcyjQ-Pep8,subiksha enterprise,"Villa 1/1, Villa, 5G, Jalan Sentosa, Taman Sentosa",Kajang,2.9927701,101.804539,0.0,0,012-920 9040,Indie enterprise,Tier 2,0.0
ChIJg_LY-pdVzDER5_z0slV9LQI,Select,"Shell, Mkm Lot, 17534, Jalan Haji Sirat, Kampung Batu Belah",Klang,3.0774339,101.4323278,0.0,0,,Petronas Mesra / Shell Select,Tier 2,0.0
ChIJn36nO-NTzDERSOS_8I2RCVQ,Waajibaa Trading,"194B, 1, Jalan Sentosa 53, Taman Bunga Melor",Klang,3.0707292,101.4421035,0.0,0,,Indie enterprise,Tier 2,0.0
ChIJpan7X0NTzDERsx1z7L_Hu-A,Aziss Warisan Enterprise,"No. 52, Tingkat Bawah, Lorong Gopeng Off Jalan Goh Hock Huat, Selangor",Klang,3.0509613,101.4466808,0.0,0,016-234 2307,Indie enterprise,Tier 2,0.0
ChIJD_eGCMdTzDER328hEjb1lw8,Mesra,"Petronas 95, Jalan Batu Tiga Lama, Kawasan 16",Klang,3.0528953,101.4696609,0.0,0,1-300-22-8888,Petronas Mesra / Shell Select,Tier 2,0.0
ChIJG3VoKG9NzDERSU5qpgKWNTw,HHazel Enterprise,"B2 Level 5, TTDI Adina Apartment, Seksyen 13",Shah Alam,3.070986,101.5396356,0.0,0,017-259 3542,Indie enterprise,Tier 2,0.0
ChIJqfJdiyJLzDERyfLKTWFSPXs,Mesra,Malaysia,"Kuala Lumpur, Petaling Jaya, Shah Alam, Klang, Subang Jaya, Cheras, Ampang, Cyberjaya, Putrajaya, Kajang, 68100 Selayang, Damansara",3.052470599999999,101.6524296,0.0,0,,Petronas Mesra / Shell Select,Tier 2,0.0
ChIJG5IzVEFLzDER3GPnvmagjT4,Shell Select,Malaysia,"Kuala Lumpur, Petaling Jaya, Shah Alam, Klang, Subang Jaya, Cheras, Ampang, Cyberjaya, Putrajaya, Kajang, 68100 Selayang, Damansara",3.0491769,101.6330367,0.0,0,,Shell Select,Tier 2,0.0
ChIJM8B8CdNLzDER7-ogwJRudbU,Mesra,"Stesen Minyak Petronas, lot 37331, Jalan Kinrara 5, Bandar Kinrara",Puchong,3.0459908,101.6421863,0.0,0,03-8076 1184,Petronas Mesra / Shell Select,Tier 2,0.0
ChIJOcDJNxw1zDERpoFu-GNG5PI,Perniagaan Chui Kiang,"No. 1, Jalan 33, Taman Bukit Anggerik, Cheras, Wilayah Persekutuan",Kuala Lumpur,3.0586261,101.7489755,0.0,0,03-9101 7377,Indie enterprise,Tier 2,0.0
ChIJSeQj3fM1zDERz7FjOZEdCus,Hawa Hamizi Enterprise,"Blok B, Jalan Seri Cheras 6, Taman Seri Cheras",Cheras,3.057657499999999,101.7640153,0.0,0,,Indie enterprise,Tier 2,0.0
ChIJfYaOb41VzDERDmbr1dnGkls,Firdaus GRC Enterprise,493W+RC,Kapar,3.104607,101.396093,0.0,0,017-419 2164,Indie enterprise,Tier 2,0.0
ChIJ3ayzYQBRzDER-oSHT6oz9fE,AXIS ENTERPRISE,"17, Jalan Mahang 2, Taman Meru",Klang,3.128754099999999,101.441072,0.0,0,018-668 1824,Indie enterprise,Tier 2,0.0
ChIJdQMnxBxRzDERTyyQ2NAI8qs,Mesra,"Lot 2114, Batu 6, Jalan Meru, Meru",Klang,3.131459800000001,101.4395437,0.0,0,03-3392 1006,Petronas Mesra / Shell Select,Tier 2,0.0
ChIJjXv6UadOzDERbbFuY_XBbcI,Perniagaan Marnwo,"Taman Plaza, 5, Jalan SS 25/23, Taman Mayang",Petaling Jaya,3.1137737,101.5991012,0.0,0,,Indie enterprise,Tier 2,0.0
ChIJh_rLB2tJzDERlJa0V7LYDfQ,Mesra,"Petronas, Lebuhraya SPRINT, Bukit Kiara",Petaling Jaya,3.130066499999999,101.6418845,0.0,0,,Petronas Mesra / Shell Select,Tier 2,0.0
ChIJkR0vwPU3zDERDuGLzNXMX4I,SM Murah Enterprise,"Jalan Mawar 17, Taman Mastika",Cheras,3.113401199999999,101.7560537,0.0,0,011-2343 4159,Indie enterprise,Tier 2,0.0
ChIJY5JBaNc2zDERvu_NfvKzLA4,RO KKN ECO Enterprise,"B2- Desa Lembah Permai, G-29, Jalan Permai 10, Kampung Tasik Permai",Ampang Jaya,3.1467724,101.7877372,0.0,0,011-3658 6387,Indie enterprise,Tier 2,0.0
ChIJgR3WUKgxzDERqnjemqQEKhk,Irwanshah Enterprise,Kampung Masjid,Hulu Langat,3.1676111,101.877692,0.0,0,,Indie enterprise,Tier 2,0.0
ChIJr3N_VqdPzDERHpBW-4QNSXo,F Alam Enterprise,"31, Jalan TSB 10A, Taman Industri",Sungai Buloh,3.167339,101.5700681,0.0,0,03-6143 3996,Indie enterprise,Tier 2,0.0
ChIJT1anH0OFzjERxT1uzryFz3A,JATI PELANGAI ENTERPRISE (FROZEN),Simpang Pelangai,Bentong,3.1751749,102.1940253,0.0,0,013-998 3211,Indie enterprise,Tier 2,0.0
ChIJ57EY555IzDERbFdh4qmQGvY,Pelita Enterprise,"7, Jalan Seri Bintang 3, Taman Sri Bintang",Kuala Lumpur,3.1875534,101.6423589,0.0,0,03-6272 1151,Indie enterprise,Tier 2,0.0
ChIJRzm-TYNIzDER3Q6ca6SgMfc,Bismi Jaya Enterprise,"No. 16, Jalan 8/38A, Taman Sri Sinar Segambut, Wilayah Persekutuan",Kuala Lumpur,3.1864124,101.6513309,0.0,0,012-868 6721,Indie enterprise,Tier 2,0.0
ChIJAxC_eoxFzDERWPYzdaj6AlM,NHAM EXPERT TRADING,"Lot 2391-c1, jalan besar, Jalan Kuang, Kuang",Rawang,3.2325878,101.5368555,0.0,0,011-3304 3782,Indie enterprise,Tier 2,0.0
ChIJ55CjMQBFzDERS5ghWZN_UNQ,SR QUIKMART ENTERPRISE,"Rotary Square, Jalan Medan Tuanku, Chow Kit",Kuala Lumpur,3.2053836,101.544361,0.0,0,,Indie enterprise,Tier 2,0.0
ChIJLw28Dr1bzDERkzE2MIgbKOY,Mesra,"Petronas Mi Mesra, Kampung Merbau Indah",Sungai Buloh,3.2241234,101.4962923,0.0,0,,Petronas Mesra / Shell Select,Tier 2,0.0
ChIJ3bcucCBazDERU_C4iWzAk1U,Mazcob Enterprise,"39, Lorong Mahkota Impian 2/16, Seksyen 2 Bandar Baru Puncak Alam",Kuala Selangor,3.2159366,101.4341031,0.0,0,019-663 3506,Indie enterprise,Tier 2,0.0
ChIJu3EMzCL3zDERzUtL8KIkwJE,Mesra,"Lot 5174, Jalan Besar, Sungai Buloh",Jeram,3.2547373,101.3093714,0.0,0,03-3264 7795,Petronas Mesra / Shell Select,Tier 2,0.0
ChIJJ1jqsFNFzDERsHdlqwncRqs,CAYEEN enterprise,"18, Jalan KIP 1, Taman Perindustrian Kip",Kuala Lumpur,3.2061124,101.6069195,0.0,0,,Indie enterprise,Tier 2,0.0
ChIJZaFELgBHzDERJJJgylamFuA,Azudin Kraf Enterprise,Taman Selasih Fasa II,Batu Caves,3.2296501,101.6961551,0.0,0,,Indie enterprise,Tier 2,0.0
ChIJf1B2Bu5HzDER0B7hbdpy7EI,Select,"Shell, Jalan 10, Jalan Batu Caves, Taman Greenwood",Batu Caves,3.2347503,101.703754,0.0,0,03-6189 5182,Petronas Mesra / Shell Select,Tier 2,0.0
ChIJxR8JzXY5zDERtEvgK9d1qQw,Ella Zurina Enterprise,"5, Kampung Kerdas",Kuala Lumpur,3.225772799999999,101.7105147,0.0,0,,Indie enterprise,Tier 2,0.0
ChIJZ2usDwBHzDERho5PEHWTefM,DAISY DELIGHT ENTERPRISE,"30, Jalan Sbc 3, Taman Sri Batu Caves",Batu Caves,3.2346408,101.685411,0.0,0,,Indie enterprise,Tier 2,0.0
ChIJdXC1xslHzDERyF-kpfy-yyI,Niro Enterprise,"362, Lorong Nakhoda 7, Kampung Nakhoda",Batu Caves,3.2541004,101.680603,0.0,0,,Indie enterprise,Tier 2,0.0
ChIJh73Li8FgzDERG1JNyIne4s8,Kedai Ubat & Perniagaan Teo Ann,"74, Jalan Besar",Batang Berjuntai,3.3766669,101.4129929,0.0,0,03-3271 9208,Indie enterprise,Tier 2,0.0
ChIJrWSgnqT1zDERDvaL9gIlywE,Mesra,"Petronas Kuala Selangor, Lot 629, Bt 1, Jalan Besar Kuala Selangor, Taman Pahlawan",Kuala Selangor,3.3329013,101.2553181,0.0,0,,Petronas Mesra / Shell Select,Tier 2,0.0
ChIJhwzlB_tDzDER2zySmggCVEY,Mesra,"Petronas Zaharin Emas Enterprise, Lot PT 10295, HS(M) 5549, Taman Bersatu, Batu 17 1, 2, Jalan Rawang, Taman Bersatu",Rawang,3.3088594,101.5838898,0.0,0,1-300-22-8888,Petronas Mesra / Shell Select,Tier 2,0.0
ChIJh6_zLwBDzDER23qqhax8UfA,Terobozz Indomartt Enterprise,"13, 1/3, jalan, Pusat Bandar Country Homes",Rawang,3.3256869,101.5248909,0.0,0,,Indie enterprise,Tier 2,0.0
ChIJgyci3dgFzDERsCHLQjNuKck,Mesra,"Petronas, Jalan Tras, Taman Bentung Jaya",Bentong,3.538557199999999,101.9019078,0.0,0,,Petronas Mesra / Shell Select,Tier 2,0.0
ChIJ-dyWfgCpzjER9MaDpDpyueo,ADZEELAND ENTERPRISE,G4MF+5C,Lanchang,3.5329779,102.1235683,0.0,0,,Indie enterprise,Tier 2,0.0
ChIJmbxkZQOpzjERZ8-ZERAf7LY,Jaihan enterprise,"347, Jalan Felda Bukit Damar, Felda Bukit Damar",Lanchang,3.542669,102.114024,0.0,0,,Indie enterprise,Tier 2,0.0
ChIJox6t00NWzDERy5UOmVxolTE,KK Dawood Book Store,"KS/1, Pusat Perniagaan Raya Barat, 66-G, Jalan Raya Barat",Klang,3.0428542,101.4424279,4.9,1320,,Other,Unclear (review),35.21
ChIJz-u-I8_nzTERSfqH7Luae3I,PETRON MAMBAU NORTHBOUND,"PT 27595, JALAN RASAH MAMBAU",Seremban,2.6755319,101.9251809,5.0,1000,019-927 3158,Other,Unclear (review),34.54
ChIJwc8YOgBPzDERTrjUP6CwphA,Sunway nexis,"16, Jalan PJU 5/1, Kota Damansara",Petaling Jaya,3.156145299999999,101.596223,4.0,2116,,Other,Unclear (review),30.63
ChIJ514jvZytzTERdph0Pil8nqA,iFruits Market (Bukit Tinggi Klang Branch),"12, Jalan Batu Nilam 3, Bandar Bukit Tinggi 1",Klang,3.009662399999999,101.4365961,4.8,582,012-533 7677,Other,Unclear (review),30.57
ChIJnfqjn9jHzTERJZBKvLJgOE4,"Imanee Cove Cafe (Restaurant, Western, Waffle, Coffee)","2 Jalan BBN 6/3A, Desa Cempaka Putra Nilai",Nilai,2.8038149,101.7715603,4.5,554,011-1018 7442,Other,Unclear (review),28.44
ChIJvUAcDQCzzTERKxW5AWXeif4,Jajan Viral Taman Sri Muda,"12, Jalan Mewah 25/63, Taman Sri Muda",Shah Alam,3.0308074,101.5360767,4.7,311,016-212 8629,Other,Unclear (review),26.99
ChIJi0pLbEc1zDERZqFByFb6N4o,iFruits Market (Sungai Long Branch),"No. 42 & 42A, Jalan SL 1/2, Bandar Sungai Long",Kajang,3.039128500000001,101.7933172,4.7,311,012-920 7677,Other,Unclear (review),26.99
ChIJwU3Mn31NzDERrCBGk90BUmw,iFruits Market (USJ 10 Branch),"1, Jalan USJ 10/1d, USJ 10",Subang Jaya,3.0479105,101.5842694,4.7,305,012-639 7677,Other,Unclear (review),26.9
ChIJFaxkUag3zDERbLle5qLSCK4,Happy Pharmacy (Ampang Point),"NO. 12, GROUND FLOOR, Jalan Memanda 5, Taman Dato Ahmad Razali",Ampang,3.158562,101.750029,4.9,212,03-4266 1226,Other,Unclear (review),26.27
ChIJ6dIzI59NzDERTZnt7Y-SNcQ,iFruits Market (USJ 9 Branch),"54, Jalan USJ 9/5P, Subang Business Centre",Subang Jaya,3.0471968,101.5874433,4.6,283,012-613 7677,Other,Unclear (review),25.99
ChIJVyVXbohKzDERpf6Qfa39BB8,MiX Store Sri Petaling,"85, Jalan Radin Bagus, Bandar Baru Sri Petaling",Kuala Lumpur,3.0711027,101.6946348,4.1,464,03-9054 6221,Other,Unclear (review),25.18
ChIJ31F6m0FGzDERFTGbBlmdHHU,MiX Store Kepong,"22, Jalan Metro Perdana Barat 2, Taman Usahawan Kepong",Kuala Lumpur,3.2153191,101.6409921,4.0,485,03-6242 8210,Other,Unclear (review),24.74
ChIJi9_XtfE1zDEReg-D2Whr8P0,MiX Store Sungai Long,"30, Jalan SL 1/2, Bandar Sungai Long",Kajang,3.0397019,101.7936281,4.6,193,03-9011 1708,Other,Unclear (review),24.23
ChIJE74mEITPzTERHSaViwPKyR4,Setia RM2.60 SEMENYIH,"NO 18-1, 20, 22, 22A-1, 22A-2 & 26, 1, JALAN ECOHILL 1/5A, SETIA ECOHILL",Semenyih,2.9261054,101.8547208,4.2,273,03-2381 2336,Other,Unclear (review),23.58
ChIJs_X1CHy5zTERJFGgjb4Qc0A,DU-DU POTATO,"R-G-09 & R-G-10, BELL AVENUE, Jalan Sunsuria, BANDAR SUNSURIA",Sepang,2.8288625,101.7048988,4.8,92,012-708 2859,Other,Unclear (review),21.76
ChIJjd2wWtG1zTERcWsndzEL4P0,MiX Store Serdang Seri Kembangan,"Ground Floor, Olive Hill Business Park, 74, Jalan BS 1/1, Taman Bukit Serdang",Seri Kembangan,3.0131726,101.6955152,4.5,114,03-8958 2100,Other,Unclear (review),21.35
ChIJ2yocgRVOzDERtwucRsX57co,NOKO Distribution Center(Megah Inovatif Sdn Bhd),"Lot PT33946 Bandar Puchong Utama, Mukim Petaling",Puchong,2.9937169,101.6216109,3.7,307,,Other,Unclear (review),21.2
ChIJYYwIQQBTzDER8A59yiT34OI,Panas Express 9Pickle,"16, Persiaran Setia Dagang, Setia Alam",Shah Alam,3.1078262,101.4588011,5.0,67,,Other,Unclear (review),21.1
ChIJ5SeaqPc5zDERTWjmaIPoULg,Giant Mini Taman Melawati,"44, Jalan Bandar 3, Taman Melawati",Ampang,3.2100065,101.7523017,4.0,178,03-7723 9393,Other,Unclear (review),20.75
ChIJ49Mz2-iszTERd28mfdLp0M0,Setia RM2.40 Taman Sentosa,"24, Jalan Bendahara 1, Taman Sri Sentosa Jaya",Klang,3.0120627,101.4657389,4.1,146,03-2381 2361,Other,Unclear (review),20.46
ChIJB6TMEGOszTERehgggbYcCqc,MiX Store Botanic Klang,"98, Jalan Mahogani 1, Bandar Botanik",Klang,2.993746100000001,101.4470505,4.0,149,03-3319 8198,Other,Unclear (review),20.04
ChIJV_JUO25RzDER1gza_QtdmUE,Econsave Setia Gemilang,"Persiaran Setia Perdana, Alam Nusantara",Shah Alam,3.128023,101.4671503,3.8,194,03-3358 7963,Other,Unclear (review),20.04
ChIJuwng2wA5zDERKoKTkDDjWRU,Giant Mini Melati Utama,"59G, Jalan Melati Utama 4, Melati Utama",Kuala Lumpur,3.2231193,101.7310211,4.3,98,03-7723 9393,Other,Unclear (review),19.76
ChIJe7c4a53PzTERnFahEX4Kd7A,MiX Store Semenyih,"F-07-01, Block F, Pusat Komersial Dataran EcoHill, Jalan Ecohill 1/2",Semenyih,2.9254503,101.8558966,4.7,61,03-8724 1218,Other,Unclear (review),19.4
ChIJpW8FxQZPzDERe6ATtYoCY8k,Giant Mini Kota Damansara,"No. 1, Seksyen 6, Jalan Cecawi 6/19a, Kota Damansara",Petaling Jaya,3.1583657,101.5740182,3.9,141,03-7723 9393,Other,Unclear (review),19.33
ChIJo_bjtcxTzDERzUrMf6B64vI,MiX Store Setia Alam,"10-1-1, Jalan Setia Prima E U13/E, Setia Alam",Shah Alam,3.095653,101.4450162,4.3,86,03-3359 7947,Other,Unclear (review),19.2
ChIJxTPxE_YzzDERM5FDak1BsFA,Giant Mini Hulu Langat,"10, 11, Jalan Seri Mas 1, Taman Perkasa",Hulu Langat,3.0979084,101.7999578,4.2,95,03-7723 9393,Other,Unclear (review),19.17
ChIJXdrmpnBNzDER_pc-5gUUf64,MiX Store 米克斯 • USJ Taipan,"4, Jalan USJ 10/1B, Taipan Business Centre",Subang Jaya,3.0487088,101.5855842,4.3,84,03-8011 0511,Other,Unclear (review),19.1
ChIJ2zc18fVMzDER5waa7_JegsM,MiX Store SS15,"16, Jalan SS 15/4d, Ss 15",Subang Jaya,3.0736716,101.5883117,4.2,93,03-5611 0490,Other,Unclear (review),19.08
ChIJp0hzBr-zzTERxEt7vfZpKVk,JS Tidbits,"22-G, Jalan Sungai Burung AA32/AA, Bukit Rimau",Shah Alam,3.000318,101.5258247,4.8,52,016-996 6010,Other,Unclear (review),19.06
ChIJPdOYM0C0zTERPwsc801wpkY,Plaza Desaria,"1, Jalan Desaria, Kampung Pulau Meranti",Puchong,2.9774283,101.639296,4.0,106,03-8060 1308,Other,Unclear (review),18.69
ChIJeUXGlXBRzDERDma9Oz0Hx4Y,PETRON Setia Alam,"2 Jalan Setia Gemilang U13/47, Setia Alam, Seksyen U13",Shah Alam,3.12546,101.472099,3.9,114,03-3358 0779,Other,Unclear (review),18.51
ChIJ3eq3tx21zTER4Fu20gRrvkU,MiX Store Puchong Utama,"Kawasan Perniagaan, 39, Jalan Bpu 2, Bandar Puchong Utama",Puchong,2.9940254,101.6208298,4.4,60,03-5888 7967,Other,Unclear (review),18.09
ChIJkeRVbiRIzDERb7KGiXq1YMA,Convenience Store,"69, Jalan Haji Hussein",Kuala Lumpur,3.166215,101.699442,4.6,50,,Other,Unclear (review),18.09
ChIJv-ecYuVNzDERnLLK-fEA94E,MINIMIZE Zero Waste Store,"104, Jalan SS 14/1",Subang Jaya,3.0666973,101.586413,4.9,39,012-431 7263,Other,Unclear (review),18.08
ChIJgTJ36N9OzDERAmh1tIFUz6g,MiX Store Kota Damansara,"38, Jalan PJU 5/10, Dataran Sunway",Petaling Jaya,3.1515732,101.5937655,3.8,115,03-6143 3162,Other,Unclear (review),18.06
ChIJFd94IQBFzDERsXO_7Y4tneA,CS Brothers Biscuit & Confectionery Sdn Bhd,"2, Pusat Komersial Tsb",Sungai Buloh,3.2094596,101.5733487,4.5,52,017-338 8991,Other,Unclear (review),17.87
ChIJiYu_tcBdzDER2Hc_7xhUto4,Saujana Rawang Bookstore,"No 53, Jalan SR4/1 Taman, Saujana Rawang",Rawang,3.335482899999999,101.5175763,4.3,62,016-616 3609,Other,Unclear (review),17.82
ChIJl2Cw9ALnzTERcmbjZwPoHRc,Family Store,"677, Jalan Rasah Utama 1, Taman Rasah Jaya",Seremban,2.6801559,101.9434785,3.9,93,06-632 8581,Other,Unclear (review),17.72
ChIJeYLuTapOzDERD2wNzPrHV9A,An Xin's Healthy Meat Shoppe - Taman Megah,"16, Jalan SS 24/13, Taman Megah",Petaling Jaya,3.1152379,101.6120979,4.1,73,012-566 2969,Other,Unclear (review),17.65
ChIJcyGspRzEzTERrvb6M6PpW3M,FIVE Nilai 5Petrol Nilai,"PT. 125 & PT. 99, Kampung Baharu Nilai",Nilai,2.807673,101.802839,4.1,72,,Other,Unclear (review),17.59
ChIJ1z4XxadLzDERIOlSDghm2ZU,Urban Marketplace Pinnacle Sri Petaling,"LG-01, Pinnacle Sri Petaling Mall, 1, Jalan Radin Anum 4, Bandar Baru Sri Petaling",Kuala Lumpur,3.0677226,101.694357,3.8,99,03-3345 6058,Other,Unclear (review),17.5
ChIJW1wYSgVPzDERFpFJTG2X5YQ,Whole Foods Express Kota Damansara,"1, Jalan Cecawi 6/33, Bu 2",Petaling Jaya,3.1614496,101.5813333,3.9,85,03-6143 1089,Other,Unclear (review),17.37
ChIJvxkp4HkFzDERZEsY11Qa22g,MiX Store Bentong,"112, Jalan Loke Yew",Bentong,3.5258926,101.9071495,4.5,46,09-222 0733,Other,Unclear (review),17.33
ChIJs8oDSGdMzDERBI0Zas0x-40,Just Fruits Neighborhood Market,"Lot G1-01 & G1-02, G Floor Mediplex, Subang Jaya Medical Centre, No. 1 Jalan SS12/1A, Jalan ss12/1A",Subang Jaya,3.0797829,101.5943232,4.5,45,03-5885 8561,Other,Unclear (review),17.23
ChIJY9ggtgWzzTER037DdzAfMc8,MiX Store Kota Kemuning,"27-G, Jalan Anggerik Vanilla X 31/X, Kota Kemuning",Shah Alam,3.0048151,101.5346516,4.2,59,03-5131 9908,Other,Unclear (review),17.2
ChIJTwi22DZHzDERQ7WfSdTQXYA,Giant Mini Maxim Citilights,"No. S-G-05, Maxim Citylights, 25, Jalan Sentul Pasar",Sentul,3.2076479,101.6898551,4.0,65,03-7723 9393,Other,Unclear (review),16.76
ChIJ-Zq-PJY0zDERRYJpQVp8lNQ,Sports Arena Mahkota Cheras,"Off 43200, Persiaran Mahkota Cheras 1, Bandar Mahkota Cheras",Cheras,3.0524646,101.7806874,3.7,83,019-209 3333,Other,Unclear (review),16.39
ChIJ6a28gX6yzTERSiZ50x2Eb2g,Drika Store,"29, Jalan Anggerik Eria AU 31/Au, Seksyen 31",Shah Alam,2.9933462,101.5303276,3.9,65,03-5879 7175,Other,Unclear (review),16.34
ChIJJ-Nmk6dRzDERAveIDRiizQ4,Hasan Maju Sdn Bhd (Money Changer & Remittance Service/Money Transfer) Setia Alam Taipan 2,"35-G, Jalan Setia Utama AR U13/AR, Setia Alam",Shah Alam,3.1259229,101.466406,4.7,31,012-786 6711,Other,Unclear (review),16.29
ChIJTbArPEVTzDER_hh0ZqC-gyU,Kompleks Pasar Jawa Klang,Kawasan 18,Klang,3.0472828,101.4465158,4.4,38,011-2355 7297,Other,Unclear (review),16.12
ChIJ56HlUy1IzDERfAVK7QKw354,Stor Sinar Zamzam,"487-489, Jalan Tuanku Abdul Rahman, Town",Kuala Lumpur,3.1659657,101.6985218,5.0,24,012-509 3127,Other,Unclear (review),16.09
ChIJv9D0AGQ1zDER5n7idPxF1Ik,MiX Store Bukit Anggerik,"44, Jalan 34/154, Taman Bukit Anggerik",Cheras,3.0579569,101.7492825,4.2,45,,Other,Unclear (review),16.08
ChIJTbbdqoZHzDERDxRRE02C_Cw,7-11 Gombak Ria,"12, Jalan Gombak Ria, Taman Gombak Ria",Batu Caves,3.2252084,101.701286,4.0,52,,Other,Unclear (review),15.88
ChIJmWPa0ikVzDERtXgrscIAz5Y,MiX Store Genting Permai Avenue,"G-P10, Jalan Permai, Genting Permai Avenue",Genting Highlands,3.3862226,101.7744872,4.5,33,03-6100 0781,Other,Unclear (review),15.87
ChIJGfxf0AZFzDERkdNRQSmAPNA,NT Shop • Sg Buloh 2,"No. 12A & 16, Dataran Villa Putra",Sungai Buloh,3.2262518,101.5669405,3.7,69,016-332 9765,Other,Unclear (review),15.72
ChIJrV05B7tPzDERD6eYFf1JYcY,Giant Mini Sunway Nexis,"D-G-13, ground floor, Sunway Nexis Mall, 1, Jalan PJU 5/1, Kota Damansara",Petaling Jaya,3.1508773,101.5945775,4.0,47,03-7723 9393,Other,Unclear (review),15.48
ChIJz6TL2jnJzTER9e0BPtQ-hnE,Galeri Hidayah (Cawangan Bangi),"30-G, 13, Persiaran Seri Putra 1, Bandar Seri Putra",Kajang,2.887434799999999,101.7909626,5.0,21,010-451 4089,Other,Unclear (review),15.46
ChIJY-2fYABTzDERYC9qjJH2VpU,Coway Shah Alam,Shah Alam,"Kuala Lumpur, Petaling Jaya, Shah Alam, Klang, Subang Jaya, Cheras, Ampang, Cyberjaya, Putrajaya, Kajang, 68100 Selayang, Damansara",3.073281,101.518461,4.8,23,012-245 5860,Other,Unclear (review),15.25
ChIJEXIKNBbLzTERi8bqWoQsLMc,Super 99 Taman Cheras Prima,Taman Cheras Prima,Cheras,3.0121639,101.7669148,4.1,40,,Other,Unclear (review),15.23
ChIJk1DT75JtzDERHtPD3ZBpDYM,Petron Rasa,"Lot 6518 Mile, 33.5, Jalan Besar, Kuala Lumpur-Ipoh",Rasa,3.4959323,101.6407955,3.8,50,,Other,Unclear (review),14.94
ChIJ32sbJAAfzDERPJX8Pmg8_m4,Pasaraya Sri Tahan,"Jalan Karak Indah, Taman Karak Indah",Karak,3.417710199999999,102.0318306,3.4,68,,Other,Unclear (review),14.4
ChIJTRmKeDNOzDERQ0dbalKH7pg,NT Shop Subang Perdana,"3 & 1, Jalan SP 2/2, Taman Subang Perdana",Shah Alam,3.1508086,101.5413281,3.8,43,,Other,Unclear (review),14.38
ChIJ3yyQoGbnzTERalyNqswoBmE,Daily Save Sdn. Bhd.,"No. 2301, 2302, 2303, Jalan Tuanku Antah",Seremban,2.7028675,101.9550056,4.0,34,06-631 1761,Other,Unclear (review),14.22
ChIJvZyf_exDzDERmtKQB_pd_L8,CU 5146 Kota Emerald Rawang,"LOT 1286, RUMAH CONTOH BROOKLYN @ PEJABAT JUALAN SEMENTARA, KOTA EMERALD",Rawang,3.3241375,101.5437545,3.5,52,,Other,Unclear (review),13.9
ChIJBSZtxHOzzTERK2mdyNoGJso,SUPERVALUE Koi Prima (G Floor),"B-L1-10, BLOCK B, KOI PRIMA SUITE, Jalan Pinggiran Mas 1, Taman Mas Sepang",Puchong,2.9757686,101.5771681,4.2,25,03-8600 8229,Other,Unclear (review),13.68
ChIJ98-I2aDHzTER87h96ze6rhM,MII KE STORE 咪锞中国超市,"LK4-G-8, Laman Komersial Areca, Jalan BBN 12/1, Putra Nilai",Nilai,2.8118239,101.7573052,4.5,19,06-799 6927,Other,Unclear (review),13.48
ChIJ3YKQqD9JzDER6qXIoUbiqa4,MiX Store Solaris,"18, Jalan Solaris 3, Solaris Mont Kiara",Kuala Lumpur,3.1749022,101.6592357,4.9,14,03-6211 1455,Other,Unclear (review),13.27
ChIJNYbu5nRDzDER3efiKwyE2MQ,MiX Store Rawang,"Pusat Komersial Anggun City, 5-1, Jalan Anggun City 1, Taman Anggun",Rawang,3.3173784,101.5361605,3.8,31,03-6094 3228,Other,Unclear (review),13.17
ChIJm6sQ_rDLzTERx1ufbK0x0sU,Pick N Mix,"7 GF, Jalan Reko Sentral 6, Reko Sentral",Kajang,2.967312,101.78963,4.6,16,013-588 8932,Other,Unclear (review),13.03
ChIJ_2vNXx_BzTER3C8s2iyt05I,CheTeh Frozen & Cafe,"PT 4814-A1, Jalan Salak, Kampung Jijan Hilir",Nilai,2.772157,101.7686089,4.5,17,011-6090 7713,Other,Unclear (review),13.01
ChIJ39fjDFtNzDER0fo7Plxaarw,Tesco Express Shah Alam,"No 51G, Jalan Nelayan 19/A, Seksyen 19",Shah Alam,3.0486644,101.5336531,4.0,24,1-300-13-1313,Other,Unclear (review),12.88
ChIJ57JsV-PdzTERl0N1R7mtWrw,MiX Store Seremban Lobak,"No.18, Jalan PKL 2, Pusat Komersil Lobak",Seremban,2.7271406,101.9258907,4.1,22,,Other,Unclear (review),12.86
ChIJcwShHt1PzDERX0DHjqx0Go8,Big wholesale supermarket,"Jalan Musytari Am U5/Am, Seksyen U5",Shah Alam,3.170762299999999,101.5345648,3.1,62,,Other,Unclear (review),12.84
ChIJ206m6X3JzTERKl5nbuYGeQc,THB Global Venture (M) Sdn Bhd,"Kompleks Diamond, Lot 303-305, Jalan Medan Bangi, Bangi Business Park, Selangor",Bandar Baru Bangi,2.9535429,101.7576587,4.5,16,03-8210 1273,Other,Unclear (review),12.75
ChIJA5_WV3dJzDERBZ-fDEj81zc,吾衛門 GOEMON,"Water Arena Cafe, Mont Kiara Palma Jalan Kiara, Mont Kiara",Kuala Lumpur,3.1682155,101.6545009,4.1,21,03-6414 8846,Other,Unclear (review),12.67
ChIJKUiMCLLHzTERAEPviBcuWRQ,Daunz: Nilai,Inti college. 18 Melati Square Bandar Baru Nilai,Nilai,2.811948300000001,101.7619918,4.9,12,013-391 6420,Other,Unclear (review),12.57
ChIJY3dnFvBIzDERuyGal84GE_s,GCH Retail (Malaysia) Sdn. Bhd. Desa Sri Hartamas,"26, Jalan 24/70 A, 50490, Desa Sri Hartamas",Kuala Lumpur,3.1634643,101.650872,4.9,12,03-2300 1544,Other,Unclear (review),12.57
ChIJZbU6f1A4zDER4A1SlyAB9V8,Pasar Kecil Melawati,"E, 1, Jalan I 1, Taman Melawati",Kuala Lumpur,3.2220846,101.7411276,4.0,22,03-4108 9243,Other,Unclear (review),12.54
ChIJo5NIY_OuzTERnHKrr3yaf84,Pasar Raya Perwira,"3, Jalan Wira 2, Taman Perwira",Telok Panglima Garang,2.9359756,101.4734605,3.6,30,03-3122 8319,Other,Unclear (review),12.36
ChIJpfxPnszGzTER5k4I_v1tco0,1 Baba Store Sdn Bhd Main,"BG 2, 3, 4, 5, 6, Desa Cempaka",Nilai,2.7981673,101.7643369,3.5,32,016-215 1402,Other,Unclear (review),12.24
ChIJe-q_lYw3zDERAWasoSPZGKo,Morning Fresh,"12, Jalan Perdana 4/8, Pandan Perdana",Kuala Lumpur,3.1208521,101.7430938,4.7,12,,Other,Unclear (review),12.06
ChIJfxxO-BNPzDERQMyeWCBtJ00,CU Sunway Giza,"Sunway Giza, Jalan PJU 5/14, Kota Damansara",Petaling Jaya,3.1509566,101.5917077,3.0,54,,Other,Unclear (review),12.02
ChIJl8X99LK3zTER972lGBx6ffI,Go Bulk,"E2-04-03, Tamarind Square, Persiaran Multimedia, Cyber 10",Cyberjaya,2.9191895,101.6367135,4.8,11,,Other,Unclear (review),11.93
ChIJHxKWkCxJzDER_S_rIdVyQYw,MiX Store Desa Park City (Plaza Arkadia),"G-G-07, Plaza Arkadia, No.3, Jalan Intisari Perdana, Desa Parkcity",Kuala Lumpur,3.185218799999999,101.6354802,3.1,44,03-6261 7660,Other,Unclear (review),11.8
ChIJlY4GXoYVzDERXAhc_ftcFHY,CU Sky Avenue Genting,"LOT NO. T2C-B02 LEVEL 4, SKY AVENUE",Genting Highlands,3.4233,101.7925,2.9,56,,Other,Unclear (review),11.72
ChIJM8-iorzIzTERa87gxEd8wFk,Pasar Segar Barona,Bandar Seri Putra,Kajang,2.8868591,101.7803545,4.3,14,017-227 6793,Other,Unclear (review),11.64
ChIJATSZJXNPzDERzZuqSZskTSU,"Giant Mini Pusat Dagangan Sri Utama, Kota Damansara","17-G, Pusat Dagangan Sri Utama, Jalan Sepah Puteri 5/1B, Kota Damansara",Petaling Jaya,3.1558531,101.5833218,4.8,10,03-7723 9393,Other,Unclear (review),11.51
ChIJFVp1ZqLBzTERaPlDnBHZPX4,"Queen Coffee & Meals Gate H, KLIA Terminal 1","Gate H, KLIA Terminal, 1, KLIA",Sepang,2.753423699999999,101.7061911,3.4,28,,Other,Unclear (review),11.45
ChIJKwqIMvStzTERMLGcIe8yiJM,D'Lunas Jaya,Kampung Jln Kebun,Shah Alam,2.972192,101.521775,4.1,15,019-648 6480,Other,Unclear (review),11.37
ChIJhzLWHoX0zDER8yQdNqSutdk,Pasaraya Zahir,"16, Lorong Teratai 2/12, Bandar Baru",Kuala Selangor,3.32279,101.261203,4.9,9,014-716 1352,Other,Unclear (review),11.28
ChIJO0CWU2FdzDERUJZDOm2onYY,CU Bandar Tasik Puteri,"NO. 58-G-A & 58-G-B (GF, Jalan 7a/2, Bandar Tasik Puteri",Rawang,3.2842582,101.4732464,3.0,41,,Other,Unclear (review),11.21
ChIJM2A7qaNLzDERfiB5Eki1txQ,CU Plus Sri Petaling,"Jalan Radin Bagus 4, Bandar Baru Sri Petaling",Kuala Lumpur,3.071121799999999,101.6930101,2.8,53,,Other,Unclear (review),11.17
ChIJFayi4K5RzDERSWpmo-fiNJo,CU Elmina Selatan R&R,"SBC 02, KAWASAN REHAT DAN RAWAT ELMINA SELATAN, Lebuhraya Koridor Guthrie",Sungai Buloh,3.1723876,101.5195878,3.4,25,,Other,Unclear (review),11.08
ChIJO_ce9dW4zTERTx4GMthXC2M,Pasaraya Mini Cahaya Murni,"1-15, Jalan Murni 1/2, Taman Langat Murni",Banting,2.8025717,101.6614589,4.3,12,,Other,Unclear (review),11.03
ChIJyZXgvnTBzTERkaUGUyVTbwE,"Local Paradise, Satellite Building (Nearby C1 gate)","Lot CTB-B-1A, POS AVIATION CTBB BUILDING POS AVIATION CARGO COMPLEX, Kuala Lumpur International Airport",Sepang,2.7475016,101.7131726,5.0,8,017-616 5418,Other,Unclear (review),10.99
ChIJ6Qm5PsFPzDERxN6nt5b7Tkg,"Giant Mini Seksyen U5, Shah Alam","Ground Floor, 25, Jalan Uranus AG U5/AG, Bandar Pinggiran Subang",Shah Alam,3.1668341,101.5337847,5.0,8,03-7723 9393,Other,Unclear (review),10.99
ChIJEfcBXEJRzDERMqWC6T2-AlY,Giant Mini Denai Alam,"55G, Jalan Elektron U16/D, Denai Alam",Shah Alam,3.1632764,101.5130925,3.8,17,03-7723 9393,Other,Unclear (review),10.98
ChIJM4p9PtFLzDERAmtfdZikppA,7CAFé,"Eight Kinrara, B-LG-12, Block B, Jalan BK 5a/1, Bandar Kinrara",Puchong,3.050227199999999,101.6451264,3.4,24,,Other,Unclear (review),10.94
ChIJKfjkgd9zzDERyiNg_yiEStg,KKB Happiness Shop,"9, Jalan Dato Muda Jaafar, Kampung Tun Abdul Razak",Kuala Kubu Baru,3.5640259,101.6587206,4.7,9,,Other,Unclear (review),10.82
ChIJbfX3PzZRzDERIkzsyZ_uIqU,My One Shop (Meru Klang),"43, JALAN JELUTONG 1/KU8, OFF, Jalan Kenangan, Pekan Meru",Klang,3.1352649,101.4410565,3.8,16,019-600 0998,Other,Unclear (review),10.77
ChIJuWyzYYXLzTERKi2kG6BYWCQ,CU Jade Hills Kajang,"Dataran Jade 66, 1 (GF, Jalan Dataran Jade 6, Jade Hills",Kajang,2.9926341,101.7609142,2.7,49,,Other,Unclear (review),10.56
ChIJu2U7Ur_dzTERUUTpCyKBkQU,SETIA RM2.60 SIKAMAT,"No.216G, 223G, Lorong Taman Seri Pandan 8/1, Taman Seri Pandan 2",Seremban,2.7476601,101.9701841,4.4,10,03-2381 2336,Other,Unclear (review),10.55
ChIJgXR-DZ9HzDERPrz08_ybWMU,Bách Hoá Việt: Vietnam Supermarket,"27(G, Jalan Metro Perdana 7, Taman Usahawan Kepong",Kuala Lumpur,3.215060599999999,101.643062,4.8,8,018-320 2730,Other,Unclear (review),10.55
ChIJuUVLxzi4zTERGCoPP3OCYns,Pasaraya Karnival,"11, Jalan 1, Kampung Dengkil",Dengkil,2.8586094,101.6773126,3.6,17,014-231 8796,Other,Unclear (review),10.41
ChIJKeV3XAA5zDERgyxmajfTBLs,Panas Express TAR UMT 2 Clubhouse,Kuala Lumpur,"Kuala Lumpur, Petaling Jaya, Shah Alam, Klang, Subang Jaya, Cheras, Ampang, Cyberjaya, Putrajaya, Kajang, 68100 Selayang, Damansara",3.2172054,101.7298559,5.0,7,,Other,Unclear (review),10.4
ChIJB8zkvoLLzTERmZBEKt5Q4ik,Eastern Snack Food Sdn Bhd (Kajang),"24, Jalan Besar, Bandar Kajang",Kajang,2.9917037,101.7879644,4.4,9,03-8734 1384,Other,Unclear (review),10.13
ChIJ1UgjRwC_zTERavV8SjKQNcA,WHS smiths,"KUL), Airport Management Centre, Kuala Lumpur International Airport",Klia,2.7389997,101.6879413,2.8,36,,Other,Unclear (review),10.11
ChIJidwfEJW_zTERO_4jP8uOMag,WHSmith,Jalan Klia 2/1,Sepang,2.7418292,101.68613,2.8,36,,Other,Unclear (review),10.11
ChIJQ2yH1kHLzTERt8As1-bIHVc,CU IOI City Mall Putrajaya,"City, Lot GE-16, Ground Floor IOI City Mall, Lebuh IRC, Ioi Resort",Putrajaya,2.969381,101.7135903,2.2,97,,Other,Unclear (review),10.09
ChIJ4VMZMABJzDERbVMkM29ebVI,Cilok Viral Chow Kit,"535, Jalan Tuanku Abdul Rahman, Chow Kit",Kuala Lumpur,3.167241,101.6989764,4.5,8,014-640 0366,Other,Unclear (review),9.89
ChIJFbj27b1TzDERp4FBXhGyloY,Klasik Syok. ( MB Connection SDN BHD ),"No 17-1, Setia Avenue, 2, Jalan Setia Prima S U13/S, Setia Alam",Shah Alam,3.1072615,101.4473407,4.7,7,016-565 5763,Other,Unclear (review),9.77
ChIJN-1b4Q63zTER_VATx6XKZLc,Quick Grab Skypark,Jalan Teknokrat 1,Cyberjaya,2.9509313,101.6549791,3.8,12,012-663 8107,Other,Unclear (review),9.75
ChIJ4Zh1ZHPLzTERh87vPBZrQDw,MR.DIY,"City, L1-68, 69 & 70, Level 1, IOI City Mall, Ioi Resort",Putrajaya,2.9705174,101.7137272,3.2,20,03-8961 1338,Other,Unclear (review),9.74
ChIJFwUKXQC1zTERuLXpec94Xys,SAFAR BIZ EMPIRE,"32-G, Jalan Sierra 10/2, Bandar 16 Sierra",Puchong,2.9736943,101.657732,5.0,6,011-2614 4995,Other,Unclear (review),9.73
ChIJLbwh2pDLzTERCTLbJVetaL4,DC Convenience Store,"7, Jalan Seksyen 2/18, Taman Kajang Utama",Kajang,2.969235299999999,101.7934987,5.0,6,03-8740 1333,Other,Unclear (review),9.73
ChIJB9GOqqatzTER3dWByBBU48I,GEETI FANCY COLLECTION,"8, Jalan Dato Dagang 24, Taman Sentosa",Klang,2.9975421,101.4711328,5.0,6,,Other,Unclear (review),9.73
ChIJVVVV-Y9KzDER2viuEkmUO70,Break Time,"1-092A & 1-092F, First Floor, Endah Parade, Jalan 1.149E, Bandar Sri Petaling",Kuala Lumpur,3.0633107,101.6950112,5.0,6,03-9543 5100,Other,Unclear (review),9.73
ChIJL86XS2pXzDERYIccFSbcf3o,GOLD PARADISE CONVENIENCE EMPIRE,"14, Jalan Raja Mokhtar 2, PEKAN KAPAR",Kapar,3.1359945,101.3740248,5.0,6,011-1673 4349,Other,Unclear (review),9.73
ChIJe3GvVf22zTERPVBep9M98pQ,2u Convenience Store,"Block G, Neo Cyber",Cyberjaya,2.9153917,101.6504099,4.4,8,,Other,Unclear (review),9.67
ChIJcah1Vjk4zDERC0EuvQLUBss,Qila & Leo’s,"No. 2 (GF), Jalan Metro Wangsa, Seksyen 2, Wangsa Maju",Kuala Lumpur,3.2054008,101.7357277,3.3,17,03-4143 1971,Other,Unclear (review),9.54
ChIJW2gCrQavzTER42IEWnhLldI,SETIA RM2.60 TELOK PANGLIMA GARANG,"188-194, Jalan Utama 2, Taman Jaya Utama",Telok Panglima Garang,2.9129446,101.4741304,4.1,9,03-2381 2336,Other,Unclear (review),9.44
ChIJ2wxT2xZLzDERxa0n8uMWeX0,CU Ten Kinrara Residence Puchong,"GF-07, Ten Kinrara Residence, Jalan BK 5a/3, Bandar Kinrara",Puchong,3.0480371,101.6463225,2.6,36,,Other,Unclear (review),9.39
ChIJnYlUO1i1zTERekdowHrQ2u4,MCA Seri Kembangan Building,"1260, Jalan SK 10/4, Kampung Baru Seri Kembangan",Seri Kembangan,3.02329,101.704985,3.3,16,03-8948 6466,Other,Unclear (review),9.35
ChIJCyY2sGpKzDER0WEQpvPvgj8,Jessen Baby Centre,"Kuchai Lama, 11, Jalan Lazat 1, Taman Bukit Indah",Kuala Lumpur,3.0774337,101.6807738,3.9,10,012-654 0933,Other,Unclear (review),9.35
ChIJZ0EKFB9TzDERLKsoFNy6Yrg,FS Klate Supplier,"5, Jalan Serai Wangi J16/J, Alam Avenue",Shah Alam,3.0566137,101.4920003,4.8,6,018-276 5752,Other,Unclear (review),9.34
ChIJpS_wdos5zDERHoQ61a4xnZ0,Asma Conv,"International Islamic University Malaysia, Mahallah Asma",Jalan Imam Malik,3.2560768,101.7337688,4.8,6,019-314 9748,Other,Unclear (review),9.34
ChIJH6oXfmxKzDERqNvOjnm9vhc,"KK Marketplace Co., Ltd.","7, Jalan Kuchai Maju 13, Kuchai Entrepreneurs Park",Kuala Lumpur,3.0899957,101.6900821,4.0,9,016-330 8129,Other,Unclear (review),9.21
ChIJp5M7jHqrzTER0PwgWT95dCY,7-11 Pandamaran Jaya,"28, Jalan Pandamaran Jaya 63, Kawasan 10",Pelabuhan Klang,3.0049137,101.4236972,3.8,10,,Other,Unclear (review),9.11
ChIJZXTvCdrnzTERY_C5XygW-x4,CU Rasah Prima,"No. 2-G & 3-G, Pusat Komersial, Jalan Rasah Prima 1, Rasah Prima",Seremban,2.6888243,101.9343784,2.3,49,,Other,Unclear (review),9.0
ChIJVbu2FjhHzDERmwiH9mli17k,Giant Mini Sri Gombak,"52, Jalan SG 1/8, Taman Sri Gombak",Batu Caves,3.2380549,101.6976793,3.9,9,03-7723 9393,Other,Unclear (review),8.98
ChIJ1SGv8KfJzTERRyJbDBu6Ouc,Singgah MEDAC,"KOMPLEKS E4, 5, Presint 1",Putrajaya,2.9428756,101.7091756,5.0,5,019-990 0842,Other,Unclear (review),8.96
ChIJwcKDBgBVzDERhPYMM4eZnds,ER PLASTIK PEMBEKAL DAN PEMBORONG,"Jalan Musran, Kampung Rantau Panjang",Klang,3.0598459,101.4132993,5.0,5,019-308 0751,Other,Unclear (review),8.96
ChIJ0RNmcgA3zDERIEe2caYcmK0,金牛中国超市 Cash Cow Chinese Supermarket,"163, Jalan Sungai Besi, Pudu",Kuala Lumpur,3.124914099999999,101.7095866,5.0,5,,Other,Unclear (review),8.96
ChIJbYtmB4U2zDERCxTThD0uvDk,V Good Store Resources 太子园米粮专配店,"44, Jalan Bunga Tanjung 9, Taman Muda",Kuala Lumpur,3.1192301,101.7599595,5.0,5,013-266 9008,Other,Unclear (review),8.96
ChIJ-z-yQOFHzDERQ6Tmu-LDpJ4,SETIA RM2.60 BATU CAVES,"LOT NO. 37487 & 37488, JALAN 58/10, FASA 2, Taman Koperasi Polis",Batu Caves,3.2207455,101.6915574,5.0,5,03-2381 2336,Other,Unclear (review),8.96
ChIJX3omBkJWzDER89-PhjDiIWI,SETIA RM2.60 KAPAR,"20, Jalan Raja Mokhtar 4, Kampung Perepat",Kapar,3.13565,101.3721718,3.3,14,03-2381 2336,Other,Unclear (review),8.94
ChIJFUjsjiNIzDER1ovGPk7HgF0,Lestari Hebat Sdn Bhd,"10, Lorong Haji Hussein 1, Chow Kit",Kuala Lumpur,3.166120199999999,101.700477,4.3,7,03-2691 4181,Other,Unclear (review),8.94
ChIJ4wfki5FDzDERCZbXgtPIHcQ,7Eleven,"12 (GF, Jalan DM 5/1, Taman Desa Mas",Rawang,3.3389235,101.5268967,4.3,7,014-253 3419,Other,Unclear (review),8.94
ChIJ2xgQXFa_zTERZEEssQGCHlw,CU KLIA2,"TERMINAL KLIA2, Kuala Lumpur International Airport, LOT L3-36 & L3-38 LEVEL 3, GATEWAY @ KLIA2, KLIA2 Arrival Lane",Sepang,2.744088899999999,101.6856391,2.5,34,,Other,Unclear (review),8.89
ChIJsaEqnedLzDERldh2Kes-2mw,OK 24 Convenience Store,"section 14, Jalan 14/1",Petaling Jaya,3.1057863,101.6348087,3.2,15,03-7960 3055,Other,Unclear (review),8.87
ChIJydI8UkPLzTERLP01JBNjGeg,MiX Flagship Store IOI City Mall,"Tower Two, IOI City, Lot L1-34, 35, 36 West Wing, Lebuh IRC, Ioi Resort",Putrajaya,2.9698397,101.7133047,2.3,46,012-271 5654,Other,Unclear (review),8.86
ChIJIfBbEQDLzTERaDlGjrRTiRM,EasyB Taman Sutera,Bukit Angkat,Cheras,3.010137900000001,101.76812,4.5,6,,Other,Unclear (review),8.76
ChIJU0I9DwDnzTERZHEp3wGIweg,DAISO AEON Seremban 2,"F13, F15 1st Floor, Aeon Seremban 2 Shopping Centre, 112, Persiaran S2 B1, Seremban 2",Seremban,2.701383900000001,101.9119475,3.4,12,,Other,Unclear (review),8.72
ChIJidHp0AO3zTER59bTwQJbAlI,Quick Grab Kanvas Soho,"Kanvas@Prima 15, Jalan Teknokrat 6",Cyberjaya,2.9134809,101.6550539,4.8,5,012-683 8107,Other,Unclear (review),8.6
ChIJ5SDRxS-zzTER5NwSWBrjTgI,Giant Mini Puchong Permai,"5, Jalan Puchong Permai 2, Taman Puchong Permai",Puchong,3.0095792,101.5995131,3.1,15,03-7723 9393,Other,Unclear (review),8.6
ChIJzfuUbxFTzDER5KKmIkt-LlM,SALAM KPJ KLANG CONVENIENCE SHOP,"102, Jalan Tiara 2D, Bandar Baru Klang",Klang,3.0624619,101.4631632,4.8,5,019-390 8863,Other,Unclear (review),8.6
ChIJJctMrepJzDERFAbItmxHmn8,Xian Butcher Shop 鲜肉店 Sri Bintang,"Kepong, 7-G, Jalan Seri Bintang 3, Taman Sri Bintang",Kuala Lumpur,3.187551,101.6424077,4.1,7,014-329 3213,Other,Unclear (review),8.53
ChIJS6Q9Wg83zDERinCZy1qUnUM,Ng Chong Yeam sdn bhd,"6, Jalan Kerja Air Lama 1, Ukay Heights",Ampang,3.1609106,101.7588995,3.7,9,03-4256 5427,Other,Unclear (review),8.52
ChIJpdk35qK5zTERpr1tgRXT9NA,RICH WORLD 279 SERVICES,"NO.157 (GF, Jalan LU 2/2, Taman Langat Utama",Banting,2.8002963,101.6567151,2.7,22,012-881 3279,Other,Unclear (review),8.47
ChIJ1V6aQ4vnzTERVN0rc1C6los,Atomy Seremban Arena S2 Center,"27 Tingkat, 1, Jalan MPK 5, Taman Bukit Kepayang",Seremban,2.7141707,101.9129497,3.5,10,017-227 7123,Other,Unclear (review),8.39
ChIJgxo_RVq1zTERxXp3v2SMX0U,7-11 Convinience Store655,"6-1, 6-1, Jalan BS 4/1, Taman Bukti Setia",Seri Kembangan,3.021909,101.6989849,3.1,14,,Other,Unclear (review),8.39
ChIJb9q-86DnzTERjoUet4ZCYvU,KA SHEN S-TWO,"Jalan S2 B5, Seremban 2",Seremban,2.6924324,101.911525,4.3,6,013-270 9126,Other,Unclear (review),8.37
ChIJC5e_xpaxzTERP9d_NgQQgBo,ECONSAVE Bandar Saujana Putra,"No 24 & 26 (Ground Floor, Pusat Perdagangan, Jalan SP 5/2, Bandar Saujana Putra",Jenjarom,2.943334399999999,101.5867127,4.3,6,03-5162 3187,Other,Unclear (review),8.37
ChIJJWZETHhtzDERboTDXQAY8Xg,CU Bandar Utama Batang Kali,"69, Jalan Ara 2, Pusat Perdagangan Ara, Seksyen 5 Bandar Utama Batang Kali",Batang Kali,3.4546564,101.6624728,2.4,31,,Other,Unclear (review),8.32
ChIJa_VPkSQ3zDERGMJTPXDJvXE,CU Datum Jelatek Shopping Centre,"G-26, G-26, AL (ALFRESCO, DATUM MALL, Jalan Enggang, Taman Keramat",Kuala Lumpur,3.167500999999999,101.7356827,2.0,59,,Other,Unclear (review),8.19
ChIJgVl-h3FTzDERrmI47MgF7y4,CU Setia City Mall,"LG-131, Lower Ground Floor, Setia City Mall, 7, Persiaran Setia Dagang, Setia Alam",Shah Alam,3.1094685,101.4602178,2.2,40,,Other,Unclear (review),8.17
ChIJ5yyhajU4zDERohs8kIw6RrM,Melawati Store,"36, Jalan Bandar 1, Taman Melawati",Kuala Lumpur,3.2087462,101.7509399,4.2,6,03-4107 7307,Other,Unclear (review),8.17
ChIJKY6Sll5VzDERNKyW63AXF4E,SETIA,"3 1, TEMPAT BATU, LOT NO. 61636, 2, Jalan Kapar",Klang,3.0705822,101.4104195,2.8,17,03-2381 2336,Other,Unclear (review),8.09
ChIJHSLZ0jDdzTERngouPhORXhE,PAK MAT Western Uptown D’Paroi,Uptown D’Paroi,Seremban,2.7259661,101.9804405,5.0,4,011-6432 0310,Other,Unclear (review),8.05
ChIJQcKAsMzdzTERTbpyjtfQ0z8,SEREMBAN PLAZA,Jalan Dato Muda Linggi,Seremban,2.718739100000001,101.954627,5.0,4,,Other,Unclear (review),8.05
ChIJm3D-fQDJzTERGMsyz5KR-TM,Pasar Segar ESTE Sungai Tangkas,"LOT 1065, PLOT 24A, Jalan Kampung Sg Tangkas",Kajang,2.9411695,101.7887203,5.0,4,011-1170 3577,Other,Unclear (review),8.05
ChIJoXcPEABJzDERqzMH3fwtIYA,De Rong Supermarket,"55G, Block D, 72A, Jalan Profesor Diraja Ungku Aziz, Jaya One",Petaling Jaya,3.1175886,101.6358455,5.0,4,,Other,Unclear (review),8.05
ChIJdw7Y9EOtzTEROwAoJok-1R0,CU Bukit Tinggi Klang,"No.62-0, Lorong Batu Nilam 4b, Bandar Bukit Tinggi 1",Klang,3.007163700000001,101.4357124,2.3,32,,Other,Unclear (review),8.04
ChIJcW0abQ4zzDERWzsnJnlF8Lo,7eleven,Taman Perkasa,Hulu Langat,3.097344,101.7992583,3.3,10,,Other,Unclear (review),7.91
ChIJxVY1cgLEzTERxn2xr6bkKRg,Gospel Literature Service Nilai,"147, Kampung Baharu Nilai",Nilai,2.8037531,101.7985531,4.4,5,012-379 2425,Other,Unclear (review),7.88
ChIJY6dg_jnIzTER6I9A3nmqm9Y,Gerai bajet miss Dahlia (sungai merab),"Jalan Haji Uda, Desa Putra",Dengkil,2.9056731,101.7241289,4.4,5,,Other,Unclear (review),7.88
ChIJK9Sn3_rdzTERuYcGHWCXNgM,CU Centrepoint Seremban,"33, Jalan Dato Siamang Gagap, Betaria Business Centre",Seremban,2.7229342,101.9557423,1.9,62,,Other,Unclear (review),7.87
ChIJiUnJj55JzDER1lWRJAsd3xc,CU 5072 Plaza Arkadia,"F-G-10, Plaza Arkadia, 3, Jalan Intisari, Desa Parkcity",Kuala Lumpur,3.186646799999999,101.6362891,2.2,34,,Other,Unclear (review),7.82
ChIJfafUGPDPzTERnQEik6aXWa8,NT SHOP SEMENYIH,"No. 51-G & 53-G, Jalan Semenyih Sentral 3, Taman Semenyih Sentral",Semenyih,2.944887,101.8448297,4.8,4,,Other,Unclear (review),7.73
ChIJH1FKwj44zDERe9aBRTPx7rQ,7-11 store 0197 Desa Setapak 1,"34, Jalan 1/27b",Kuala Lumpur,3.2066,101.73434,2.5,21,03-4143 5607,Other,Unclear (review),7.73
ChIJjbzQTwC1zTERf71JfKw-FiQ,Ding Dang Seri Kembangan (Olive Hill),"57, Jalan BS 1/1, Taman Bukit Serdang",Seri Kembangan,3.0130287,101.696796,3.1,11,,Other,Unclear (review),7.7
ChIJ410I98BJzDERfpeNFDzaGwM,Newsplus KL Sentral,"C102, Level 1, Jalan Stesen Sentral 5, Kuala Lumpur Sentral",Kuala Lumpur,3.1345189,101.6860658,3.1,11,,Other,Unclear (review),7.7
ChIJ_51GTdvLzTERlg90IOsdYGo,CU Taman Sri Serdang,"3-1, Jalan 18/34, Sri Serdang43300",Seri Kembangan,3.0085482,101.7141799,2.0,43,,Other,Unclear (review),7.57
ChIJoQ4xJ5IVzDERLrCA32HGaCU,CU Awana Skyway Genting,Genting Highlands,"Kuala Lumpur, Petaling Jaya, Shah Alam, Klang, Subang Jaya, Cheras, Ampang, Cyberjaya, Putrajaya, Kajang, 68100 Selayang, Damansara",3.423978,101.7932011,4.2,5,,Other,Unclear (review),7.53
ChIJfVtHvx81zDERoKjmZB0NKKc,My 99 Shop,"15 & 17, Jalan Seri Taming 1f, Taman Seri Taming",Cheras,3.0540952,101.7505239,3.4,8,03-9101 3807,Other,Unclear (review),7.47
ChIJB-_E5ftPzDER4ruV9U7lWIM,CU Subang Perdana Shah Alam,"27, Jalan Dinar U3/G",Shah Alam,3.1488253,101.5444129,1.9,50,,Other,Unclear (review),7.47
ChIJbeqe1-Y0zDERD1q6a2fKER4,7-11 Bandar Baru Tun Hussin Onn,"10, Jalan Suadamai 1/2, Bandar Baru Tun Hussin Onn",Cheras,3.055047,101.75872,3.0,11,,Other,Unclear (review),7.45
ChIJgQD-2TBPzDERrhmPGSdeblU,Sinar Merak Sdn Bhd,"7, Jalan PJU 8/5i, Damansara Perdana",Petaling Jaya,3.1665875,101.6069386,2.3,23,03-7727 3631,Other,Unclear (review),7.31
ChIJZ6teciRPzDERBjkijZATsQo,PASARAYA RS SUBANG,"14, Jln. Alfa A, U6/A, Pusat Perdagangan Subang Permai, Sek, U6 Shah Alam",Shah Alam,3.1398188,101.5275832,3.7,6,,Other,Unclear (review),7.2
ChIJh4swTEVCzDER0MVx6qdU0xE,1-Eleven,"AsanJalan, Jalan Rawang Putra 1, Bukit Rawang Putra",Rawang,3.3213563,101.5820221,3.7,6,,Other,Unclear (review),7.2
ChIJ6_YelctMzDERUjdbV6Be7iM,MyMesra Jalan USJ14/1L,"Lot 14026, Jalan USJ14/1L, USJ 14, Taman Indah Subang Uep",Subang Jaya,3.0381858,101.5886062,4.0,5,03-5632 1449,Other,Unclear (review),7.17
ChIJ88drJJlKzDERVepv00fbFeQ,TS Simply Convenience APU New Campus,"3rd Floor, APU New Campus, Taman Teknologi Malaysia",Kuala Lumpur,3.0559532,101.7001437,3.1,9,,Other,Unclear (review),7.14
ChIJO9hlFVo1zDER8MxKiycTcQM,CU Bandar Sungai Long,"37, Jalan SL 1/3, Bandar Sungai Long",Kajang,3.0396261,101.7930936,1.9,39,,Other,Unclear (review),7.01
ChIJa7E5FwA1zDERXvza41j_q0o,CU Lakefield Sungai Besi,"UNIT 76-G, MEDAN NIAGA TASIK DAMAI, Jalan Tasik Utama 5, Sungai Besi",Kuala Lumpur,3.0622216,101.7109199,2.0,32,,Other,Unclear (review),6.99
ChIJlZi6SgDNzTERtgtpY6EcCxE,CU Mutiara Avenue Kajang,"NO.16 (GROUND FLOOR, Mutiara Avenue, Jalan Mutiara 1, MUTIARA HEIGHTS",Kajang,3.0113305,101.8127878,2.8,11,,Other,Unclear (review),6.96
ChIJk5pXW8TnzTERlpvND363EHo,5 FIFTY FIVE SHOPPE,"Jalan S2 B21, Seremban 2",Seremban,2.693117,101.9040672,5.0,3,06-601 3392,Other,Unclear (review),6.93
ChIJk0Dp33HHzTERSsNJF2ExeTo,New Times convenience shop 新时代便利店,"LK1-G-01, Jalan Laman Komersial Areca, PUTRA NILAI",Nilai,2.811641300000001,101.7578503,5.0,3,011-1097 0183,Other,Unclear (review),6.93
ChIJ3en-JQCtzTER4LZd45x_ATw,Johan setia,"11, Lorong Setia 1a, Kampung Johan Setia",Klang,2.9790424,101.4826073,5.0,3,,Other,Unclear (review),6.93
ChIJpWsFpULJzTERciQlImQkOyU,Hasif Industries Sdn Bhd,"9, Jalan Puteri 2A/7",Kajang,2.8813169,101.7944335,5.0,3,03-8927 5544,Other,Unclear (review),6.93
ChIJCZFrRmWrzTERVlUxvhEYaHU,Syarikat Deen,"23, Jalan Pandamaran Jaya 9, Kampung Sijangkang",Pelabuhan Klang,3.0076824,101.4238563,5.0,3,,Other,Unclear (review),6.93
ChIJz7YGPauzzTERJ81Lbn57lZA,Aanantham Cash & Carry,"17, Jalan Mesra 25/66, Taman Sri Muda",Shah Alam,3.0301445,101.5362641,5.0,3,,Other,Unclear (review),6.93
ChIJOd5NkGVTzDERa85gkEAVyGY,Homekiosk Sahajidah HaiO Seksyen 18,"5, Jalan Rotan Manau 18/25, Seksyen 18",Shah Alam,3.0505788,101.5162408,5.0,3,,Other,Unclear (review),6.93
ChIJQ759zKNXzDERytslzVzbvzg,New Meenas Cash & Carry,"No 1018, batu 10, jalan besar kapar, 42200 kapar selangor Klang",Kapar,3.1392542,101.3679497,5.0,3,010-360 6165,Other,Unclear (review),6.93
ChIJDWR_6-ZNzDERxhRv0r7mzeE,QL Maxincome Sdn Bhd,"16A, Jalan Astaka U8/83, Bukit Jelutong Business And Technology Centre",Shah Alam,3.10737,101.5434538,2.7,12,03-7801 2288,Other,Unclear (review),6.93
ChIJlb7z3tRFzDERH-cjRnD989U,Kuang,"3170, Jalan Setia, Kampung Gombak",Rawang,3.2375303,101.5392678,5.0,3,,Other,Unclear (review),6.93
ChIJqd3nr5G5zTERgsppqaecLdA,OCTOBOX,Sepang,"Kuala Lumpur, Petaling Jaya, Shah Alam, Klang, Subang Jaya, Cheras, Ampang, Cyberjaya, Putrajaya, Kajang, 68100 Selayang, Damansara",2.8339621,101.7034583,4.3,4,,Other,Unclear (review),6.92
ChIJdxffwIyuzTER5AbFzK3mVcU,NT SHOP SIJANGKANG (PERWIRA),"41, Jalan Desa 48, Kampung Sijangkang",Telok Panglima Garang,2.938776400000001,101.4720557,3.3,7,011-7125 2076,Other,Unclear (review),6.86
ChIJcUe85LnLzTERtPEuctBVRCU,CU Amerin Mall,"13, Persiaran Impian Indah, Taman Impian Indah",Seri Kembangan,3.0249901,101.7510916,1.9,36,,Other,Unclear (review),6.86
ChIJ8c84fV03zDERkyukg0g3p9k,KK CONCEPT STORE D'Rapport Ampang (RDR),"GF-02 D, Rapport ampang Jalan Nipah, Jalan Berembang",Kuala Lumpur,3.162515699999999,101.7413651,3.5,6,,Other,Unclear (review),6.81
ChIJN63vd31ZzDERHIHWkI4_3nc,NT Shop Puncak Alam,"36, Jalan Puncak Alam Jaya 14",Puncak Alam,3.2407039,101.4331899,3.8,5,,Other,Unclear (review),6.81
ChIJ9Zktwn5HzDER2V0WvIynOyc,CU Bandar Baru Selayang,"67, Jalan 2/16, Dataran Templer",Batu Caves,3.2564554,101.6561856,1.7,51,011-2329 8363,Other,Unclear (review),6.72
ChIJf7B_Exm1zTERbk0fwZZ52vY,CU Sierra Fresco,"LOT 2-3, SIERRA ALFRESCO, Jalan Sierra 10/1, Bandar 16 Sierra",Puchong,2.9740773,101.655057,1.7,47,,Other,Unclear (review),6.58
ChIJO-miVogFyDERjLmw9lmSGk8,2N Shop - Near & Nice,"32, Ground Floor, Jalan Bendahara 1/KS07, Off Jln Raja Nong, Taman Sejati Kota Raja",Port Klang,3.0123315,101.4658494,4.7,3,07-388 3818,Other,Unclear (review),6.52
ChIJx8KGQgDLzTERv0aNL1-RaMM,EasyB Bandar Kajang,"Jalan Tun Abdul Aziz, Bandar Kajang",Kajang,2.9912732,101.7903094,3.6,5,,Other,Unclear (review),6.45
ChIJRauJeXRHzDER5ZKMKF3W43A,Sellmitha Cash & Carry,"No. 97, Jalan SBC 1, Taman Sri Batu Caves",Batu Caves,3.2349972,101.6874944,2.8,9,019-559 8430,Other,Unclear (review),6.45
ChIJTe8bE5W_zTER1l9S5xFnB7w,Traveller Needs Gate Q,Jalan Klia 2/1,Sepang,2.7385298,101.6872798,4.0,4,,Other,Unclear (review),6.44
ChIJT-PCEEznzTERiixL_EhmA8U,SETIA RM2.60 SEREMBAN 2,"97-99, Jalan S2 F2, Garden Homes Seremban 2",Seremban,2.6848798,101.9088028,4.0,4,03-2381 2336,Other,Unclear (review),6.44
ChIJ-VnHhwXnzTERhRRKoBmIliY,Vidyaa Sre Store,"712, Jalan Merak 16, Taman Thivy Jaya",Seremban,2.6887052,101.9426791,4.0,4,06-631 0664,Other,Unclear (review),6.44
ChIJvS0-sBo3zDERrpyqdI8tWMI,"KK Concept Store Pandan Perdana , 28 Boulevard ( PP28)","28 Boulevard G-13A, Jalan Perdana 3/10, Pandan Perdana",Kuala Lumpur,3.118281,101.7440584,3.3,6,,Other,Unclear (review),6.42
ChIJK7Dh63o2zDER8Mdy8zwhGOk,Pasaraya Inter Arena Sdn Bhd,"6G, Jalan Perdana 4/3, Pandan Perdana",Kuala Lumpur,3.1199491,101.742766,2.5,12,,Other,Unclear (review),6.41
ChIJdUax_TNXzDERQunNXkrSxDw,My One Shop (Kapar),"6, Jalan Raja Mokhtar 4, Kampung Perepat",Kapar,3.1362008,101.3721185,2.9,8,019-600 3726,Other,Unclear (review),6.37
ChIJiVjU6G_JzTER7x7iJ1kAQY0,Desanika,Taman Persiaran Bangi,Bandar Baru Bangi,2.9432518,101.7644046,3.2,6,,Other,Unclear (review),6.23
ChIJz0QBLQBTzDERQXhiVMZNFok,Pos Shop Shah Alam,Persiaran Dato Menteri,Shah Alam,3.069168,101.5234127,3.2,6,,Other,Unclear (review),6.23
ChIJi7NZ9RVUzDERYsgxA1aYkz8,Htc2u,"29, Jalan Aman Perdana 9c/Ku5, Taman AMAN perdana",Klang,3.0992024,101.4107961,2.7,9,016-597 0703,Other,Unclear (review),6.22
ChIJF5jxSMW1zTERM67pYYLcFjI,Nice to CU Olive Hill Seri Kembangan,"Ground Floor, Olive Hill Business Park, 59, Jalan BS 1/1, Taman Bukit Serdang",Seri Kembangan,3.0130747,101.6966174,2.5,11,,Other,Unclear (review),6.21
ChIJ2zl7VzgTzDERjlrljQSzLQk,The CANGGIH,"Tower 7, Grand Ion Delemen Hotel, 1, Jalan Ion Delemen",Genting Highlands,3.4343503,101.7870587,2.5,11,,Other,Unclear (review),6.21
ChIJSezMEEA1zDERdZD5slVpQUk,CU Bandar Damai Perdana,"20, Jalan Damai Perdana 1/9a, Bandar Damai Perdana",Kuala Lumpur,3.0458785,101.7393,1.7,36,,Other,Unclear (review),6.14
ChIJKyvZZwCtzTER67qkIwgxVr8,Ding Dang Bukit Tinggi,"39, Jalan Batu Nilam 4, Bandar Bukit Tinggi 1",Klang,3.0075996,101.4356955,3.8,4,017-268 3393,Other,Unclear (review),6.12
ChIJ87ycq5JFzDERZYHVTLUHETw,"KK Concept Store Residensi Damai Meriah, The Zizz ( RTZ )","P1-1-29, Residensi Damai Meriah ( Podium )- The Zizz.2, Jalan PJU 10/1A, PJU 10, Damansara Damai",Petaling Jaya,3.1984214,101.5977092,3.8,4,,Other,Unclear (review),6.12
ChIJ_ZIpfQATzDERyaij1uefb_c,Panas Express,"1, Jalan Ion Delemen",Genting Highlands,3.433796,101.7870274,3.8,4,,Other,Unclear (review),6.12
ChIJIxtaBBhKzDERaIN5f6CCEHk,Zhong Yi (Taman Desa) Sdn. Bhd.,"26a, Jalan Desa Jaya, Taman Desa",Kuala Lumpur,3.102095799999999,101.6841145,3.4,5,03-7972 0728,Other,Unclear (review),6.09
ChIJ52TaQRBHzDERY71biecwDQw,MyMesra,"5, Jalan Industri Batu Caves 1/1, Kawasan Industri Batu Caves",Batu Caves,3.232365499999999,101.6860445,3.4,5,03-6186 2825,Other,Unclear (review),6.09
ChIJrQrUDFe3zTERKa1swhOBFa0,Pasar Raya Syaz Maju Sdn. Bhd.,"5, Jalan P9e/1, Presint 9",Putrajaya,2.9412435,101.6751829,4.3,3,,Other,Unclear (review),5.96
ChIJQcuP9DcFzDERME1H-rBQk90,Bazar Tamar Al-Arif,"P37, Bazar Setingkat, Jalan Prima 2, Taman Bentong Prima, Bentong, 28700, Pahang",Bentong,3.5139808,101.9129758,4.3,3,013-397 8857,Other,Unclear (review),5.96
ChIJa09aMADNzTERhrGMWxs4l0Y,CU Vista Valley 3,"39-1, Jalan Vista Valley 3, Vista Valley Semenyih",Semenyih,2.957824,101.8397907,2.1,16,,Other,Unclear (review),5.95
ChIJN8WD-b9HzDERr3psS94vXYU,SUPERVALUE 0725 Rimbunan Kepong,"Laman Rimbuan Kepong No66G & No 68G, jalan rimbunan rayalaman Rimbunan, Kepong",Kuala Lumpur,3.2116131,101.6498738,3.0,6,,Other,Unclear (review),5.84
ChIJVynB0HDAzTERgNFla-5z8-M,WHSmith,"64000, Klia Departure",Sepang,2.7474074,101.7131233,1.9,20,,Other,Unclear (review),5.78
ChIJja4egTpTzDERu0fYRzvpIrA,"SUPERVALUE Rimba Raya, Shah Alam","No 29 & 31, Jalan Lengkuas B16/B, Rimba Raya",Shah Alam,3.055466699999999,101.4841562,3.2,5,,Other,Unclear (review),5.73
ChIJya7_WrvLzTER7TLd2hmwwSg,SUPERVALUE Saville Kajang (G Floor),"G-15 SAVILLE, Jalan TB 1/1, Bandar Kajang",Kajang,2.97215,101.789387,3.5,4,03-8741 9794,Other,Unclear (review),5.63
ChIJ5_o2NwAbzDERTZiJgEL8USk,MR.DIY,"P7 & P8, Jalan AU2, Taman, Jalan Anggerik Utama",Bentong,3.498003,101.922819,3.5,4,03-8961 1338,Other,Unclear (review),5.63
ChIJA8GYbtLLzTERF8aRR_H3qrM,My One Shop (Bangi Seksyen 8),"No. 99, Jalan 8/1, Seksyen 8",Bandar Baru Bangi,2.963958099999999,101.7549735,2.7,7,019-600 0966,Other,Unclear (review),5.61
ChIJx3zXxeDLzTERJPRUB3iB3u4,SUPERVALUE Balakong,"NO. 5-G, JALAN SIMFONI 1 BALAKONG",Seri Kembangan,3.0265159,101.7527684,4.0,3,03-8964 0341,Other,Unclear (review),5.55
ChIJO78NXQjnzTERQyc9X0g6guE,EZ SHOP,"15, Jalan S2 D38, City Centre",Seremban,2.6865413,101.9177328,5.0,2,011-1758 0889,Other,Unclear (review),5.49
ChIJtz8b3w7BzTER5Y-8QxaJZOI,Idaman Serbaneka,"No 2, Food court Selera @, Jalan Utama Labu Lanjut Idaman Serbaneka, Kampung Labu Lanjut",Sepang,2.7940573,101.7195156,5.0,2,019-883 5667,Other,Unclear (review),5.49
ChIJmYE9n52kzTERDOFVXUHLvAw,NT SHOP BANTING 2,"29, Jalan Cempaka Wangi 1, Taman Cempaka",Banting,2.8015746,101.4938229,5.0,2,,Other,Unclear (review),5.49
ChIJDf69DnavzTERCSnIETIk8VM,Syarikat Selvam,"Lot.38, Jalan Besar, Jalan Taman Halijahton",Telok Panglima Garang,2.9053879,101.4669658,5.0,2,,Other,Unclear (review),5.49
ChIJwbKRcfuvzTERrWqJaokLLYo,RAJA’S STORES,NO30(TKT BAWAH) JALAN UTAMA 2 TAMAN JAYA UTAMA,Telok Panglima Garang,2.9098975,101.4696945,5.0,2,016-219 6379,Other,Unclear (review),5.49
ChIJy0_yaTDJzTERTLKz8UtyM0A,"Homekiosk Sahajidah Hai-O (SHOM) Kota Warisan, Sepang","Persiaran Warisan, Kota Warisan",Sepang,2.8189943,101.6956683,5.0,2,013-594 8354,Other,Unclear (review),5.49
ChIJTdCkBHyxzTERlmxA8SMFgDg,Az Zain Saujana Putra,"No 15-G Jalan SP 1/1, Bandar Saujana Putra",Jenjarom,2.9520607,101.5765708,5.0,2,03-5614 1022,Other,Unclear (review),5.49
ChIJO6tJNWLPzTER4WZUGeMMeIE,MyMesra Taman Pelangi Semenyih,"1, Jalan Semenyih, Taman Pelangi Semenyih",Semenyih,2.9284549,101.8572239,5.0,2,,Other,Unclear (review),5.49
ChIJgyGfCACtzTERX_7gfY-qtpA,Trader Max's Bukit Tinggi 1,"11, Jalan Batu Nilam 4, Bandar Bukit Tinggi 1",Klang,3.0075861,101.4345463,5.0,2,03-3318 1909,Other,Unclear (review),5.49
ChIJhYRio3OzzTER7Y4XSvfayoI,Pasar Segar SS Jimat,"Jalan Prima Utama 1, Taman Puchong Prima",Puchong,3.0011018,101.5957809,5.0,2,,Other,Unclear (review),5.49
ChIJOZrFWQD_zDERSfdhICffjlE,Chop Sin Huat 生發號,27QH+F8,Pulau Ketam,3.0388963,101.2775775,5.0,2,,Other,Unclear (review),5.49
ChIJmRRRewC1zTERp5F2Ljny14c,Jin Sheng Snack,"MY Selangor Seri Kembangan PT2, Jalan Aman SK 13/15A",Kampung Baru Seri Kembangan,3.0250962,101.698869,5.0,2,010-216 6686,Other,Unclear (review),5.49
ChIJ48u2ZQDNzTERUO9cT6bct5Q,Deen’s Snack House,"6-1, Jalan TTDI Grove 1/2, Taman TTDI Grove",Kajang,2.9960091,101.8134134,5.0,2,017-348 1327,Other,Unclear (review),5.49
ChIJTdpL25BTzDERr9o75CRGlI0,Atomy Klang Aone Center M392,"Jalan Tiara 2C, Bandar Baru Klang",Klang,3.064251499999999,101.4681524,5.0,2,012-279 0972,Other,Unclear (review),5.49
ChIJpfQ7AwlNzDERp_C7Vy6lWA8,"Giant Mini SS19, Subang Jaya","4, Jalan SS19/6, Ss 19",Subang Jaya,3.065137999999999,101.5779019,2.5,8,03-7723 9393,Other,Unclear (review),5.49
ChIJGaPbWflLzDERbDvE_ZOHaO0,UNIGO O2O SHOP (MY) SDN BHD,"36C, Jalan Radin Anum, Bandar Baru Sri Petaling",Kuala Lumpur,3.0696003,101.6900241,5.0,2,016-312 2345,Other,Unclear (review),5.49
ChIJDVRr7YFKzDERuWRhdz3OOYM,Top Drink Supply Funny Shop,"5, Jalan 1c/149, Taman Castlefield",Kuala Lumpur,3.068595799999999,101.7055068,5.0,2,03-9056 5126,Other,Unclear (review),5.49
ChIJ4SJxXwBVzDERNxOv15gXMto,Toko Serba Ada Taku,"3K, 21, Taman Sungai Kapar Indah, Sungai Kapar Indah",Kapar,3.0948346,101.3842663,5.0,2,,Other,Unclear (review),5.49
ChIJ3V1GflNTzDERx6pvXRV3kPM,Panas Express Courtyard Lobby,"Lobby, Ground floor, Seksyen U13, 6, Jalan Setia Dagang AH U13/AH, Setia Alam",Shah Alam,3.1103998,101.461181,5.0,2,012-524 3955,Other,Unclear (review),5.49
ChIJKzQTQqJTzDERKR8mbJ4mjaI,Panas Express Huni Residence,"N0, Eco Ardence, F-G-01, Huni Residence, 8, Persiaran Setia Damai, Seksyen U13",Shah Alam,3.0941942,101.4776857,5.0,2,010-448 3648,Other,Unclear (review),5.49
ChIJuWO-jyxJzDERFA3t8YTttbk,Seputeh Convenience store,"8, Jalan Telok Pulai, Taman Seputeh",Kuala Lumpur,3.1143288,101.6821969,5.0,2,,Other,Unclear (review),5.49
ChIJAbeskwlIzDERNsGFTvzzPaU,Kaprey Exclusive HQ,"Jalan Sinar Sentul, Sentul",Kuala Lumpur,3.1895034,101.6906426,5.0,2,010-658 0101,Other,Unclear (review),5.49
ChIJQdvASZxZzDERWC4YHB3r89Q,Pasar segar Mohd haikal firdaus,Jeram,"Kuala Lumpur, Petaling Jaya, Shah Alam, Klang, Subang Jaya, Cheras, Ampang, Cyberjaya, Putrajaya, Kajang, 68100 Selayang, Damansara",3.2727789,101.3684799,5.0,2,,Other,Unclear (review),5.49
ChIJN90Q4phHzDERjankcLW3Rks,AMWAY MOBILE SHOP,"C-21-13A, Residensi Metro Kepong, 5, Jalan Metro Perdana Barat, Taman Metropolitan",Kuala Lumpur,3.2193732,101.6429575,5.0,2,014-698 0924,Other,Unclear (review),5.49
ChIJZyCpWxlpzDERZx2QEDayg-s,Pasaraya UA Cahaya,"9, Jalan Kesumbarsari 2",Rawang,3.3722742,101.5278199,5.0,2,,Other,Unclear (review),5.49
ChIJWa5rH65DzDERlfB5vkv8RPY,Season anggun city 中国风,"Pusat Komersial Anggun City, 55-1, Jalan Anggun City 2, Taman Anggun",Rawang,3.3188031,101.5379884,5.0,2,016-213 3899,Other,Unclear (review),5.49
ChIJLXK3xn0XzDER2A4i0WnBKnQ,Go Xpress,Lot PT2079/59,Genting Highlands,3.4228925,101.7985386,5.0,2,,Other,Unclear (review),5.49
ChIJiaoP2GtbzDERnPDfCdyCi6M,SUPERVALUE 0931 Taman Saujana Utama 3,"NO. 70 (GF, TAMAN, Jalan Bidara 6/3, Saujana Utama 3",Sungai Buloh,3.202735,101.487503,2.6,7,03-6038 7784,Other,Unclear (review),5.41
ChIJ_wjfroxUzDERexaGZcsDt3g,My One Shop (Rantau Panjang),"12, Jalan Rantau Panjang 2/KU4",Klang,3.070717799999999,101.4117148,3.0,5,019-605 0159,Other,Unclear (review),5.38
ChIJk3BjsRNJzDERgubp8htEaiI,CU Solaris,"No. 20-G, Jalan Solaris 4, Solaris Mont Kiara",Kuala Lumpur,3.1757021,101.6597088,1.5,32,,Other,Unclear (review),5.24
ChIJN2ZMNAC_zTERaVmbv8M7TWw,Sama Sama convenience store,"90, Jalan CTA 4B, Kuala Lumpur International Airport",Sepang,2.757439699999999,101.7040702,3.7,3,,Other,Unclear (review),5.13
ChIJUYd3ddfKzTERFUf17GgrT3o,NT Shop • Balakong,"13, Jalan PDR 5, Kawasan Perniagaan Desa Ria",Balakong,3.024186,101.749493,3.7,3,016-332 9765,Other,Unclear (review),5.13
ChIJ77XM7VtTzDERZ1TC_M2Vwb4,Greenleaf Bandar Bukit Raja,"32, Jalan Makyong 3C/KU5, Bandar Bukit Raja",Klang,3.089355,101.4263287,3.7,3,019-363 2333,Other,Unclear (review),5.13
ChIJsdKqKgDdzTERqy7ce7-FLvs,MiX Store Palm Mall,"UG-30-31, Palm Mall, Jalan Sungai Ujong, 70200 Khursus, Kemayan Square",Seremban,2.719347,101.922989,2.2,9,,Other,Unclear (review),5.07
ChIJx9f4xodNzDER1AXrEMF1z9o,KK Concept Store Monash University Malaysia (UMN),"Monash University Malaysia, Building 6B, Level 1, Jalan Lagoon Selatan, Bandar Sunway",Subang Jaya,3.0631381,101.6004294,2.3,8,,Other,Unclear (review),5.05
ChIJFanihuoVzDER_DhRfsPsZIc,"KK Concept Store Genting, Grand Ion Delemen Hotel ( GID )","Grand Ion Majestic, Lot No: Block 1, Level G ( R1.1), Grand Ion Delemen Hotel, Jalan",Genting Highlands,3.433529199999999,101.7863504,4.5,2,,Other,Unclear (review),4.94
ChIJsxo7SiYzzDERnlb6WxtNzBQ,Giant Mini Sungai Long 2,"2A-G, Jalan SL 11/9, Bandar Sungai Long",Kajang,3.054491000000001,101.8055976,2.3,7,03-7723 9393,Other,Unclear (review),4.78
ChIJwdneBNvHzTERW02s6DWYRyw,Sahabat Vape Taman Seroja,"38, Jalan Seroja 5, Bandar Baru Salak Tinggi",Sepang,2.8270494,101.7298987,2.6,5,,Other,Unclear (review),4.66
ChIJE8zpuqnJzTERq0cjN0-yZng,"SUPERVALUE Bandar Puteri Bangi, Kajang","1, Jalan Puteri 3A/7",Kajang,2.8783883,101.7950416,2.6,5,,Other,Unclear (review),4.66
ChIJ_a328YVJzDERiSdScUuFPlk,KK CONCEPT STORE Plaza Damas (SHD),"E-0-13 & E-0-15, Hartamas Shopping Centre, 60, Jalan Sri Hartamas 1, Taman Sri Hartamas",Kuala Lumpur,3.1644186,101.6567694,2.6,5,016-352 2308,Other,Unclear (review),4.66
ChIJ6ZTFtd5EzDERWgtP3JQGQ80,NT SHOP KUANG,"21, Jalan Melati, Taman Masguine Square",Sungai Buloh,3.2357277,101.5422453,2.6,5,,Other,Unclear (review),4.66
ChIJU6dLlMxNzDERISXW8B2Vank,Giant Mini Seksyen 19 Shah Alam,"62G, Jalan Nelayan 19/B, Seksyen 19",Shah Alam,3.0491751,101.5333837,3.3,3,03-7723 9393,Other,Unclear (review),4.57
ChIJA7bpW0JNzDERO74yXrpY9XI,"Giant Mini Seksyen 22, Shah Alam","No. 8 Alam Sanjung, Jalan Budiman 22/3, Seksyen 22",Shah Alam,3.068340399999999,101.5539282,3.3,3,03-7723 9393,Other,Unclear (review),4.57
ChIJ8aFPsB81zDERSLGzMZc8fLo,Super99 Seri Tanming,"2A, Jalan Seri Taming 1f, Taman Seri Taming",Kuala Lumpur,3.0544712,101.7503243,2.8,4,03-9101 7199,Other,Unclear (review),4.51
ChIJ-T2JtntHzDERamBU7E0RKhc,My One Shop Tmn Sri Gombak,"16, Jalan SG 1/2, Taman Sri Gombak",Batu Caves,3.2364752,101.6987416,2.8,4,019-600 2934,Other,Unclear (review),4.51
ChIJ29wZrzCxzTERI2DVUpm1Urs,NT SHOP PUTRA PERDANA,"g41, Jalan Putra Perdana 5e, Taman Putra Perdana",Puchong,2.9420174,101.6118353,2.3,6,,Other,Unclear (review),4.48
ChIJRet2fAu3zTER36utkP-9gbk,CTTK Convenience store,"5-G, Nadayu Square, Nadayu 99, Persiaran Bestari, Cyber 9",Cyberjaya,2.9206575,101.638132,4.0,2,014-612 7498,Other,Unclear (review),4.39
ChIJV5-eT4G1zTERJ2VxQ6AdtPc,7-11 Store,Taman Universiti Indah,Seri Kembangan,3.0050217,101.691009,4.0,2,,Other,Unclear (review),4.39
ChIJ5VbbD49JzDER7d3_7vVLZAU,Panas Express PPUM,"Lot 2, laluan dari menara utama ke kompleks perubatan psikologi Pusat Perubatan Universiti, Lembah Pantai",Kuala Lumpur,3.1136554,101.652907,4.0,2,012-524 3955,Other,Unclear (review),4.39
ChIJgckeJUI1zDERs59OeHZ-Mkg,Giant Mini Bandar Sungai Long,"29-G, Jalan SL 1/3, Bandar Sungai Long",Kajang,3.0399394,101.7932137,1.9,9,03-7723 9393,Other,Unclear (review),4.37
ChIJjZ7OQABLzDERYtyrroX6tYg,CU Bandar Razak Residences,"1, Jalan Razak Mansion, Sungai Besi",Kuala Lumpur,3.1091777,101.7051298,1.5,17,,Other,Unclear (review),4.34
ChIJG-ZczZZKzDERV8x0vkMHtDI,NF Convenience Store,Bukit Jalil,Kuala Lumpur,3.0580845,101.6918837,1.5,15,012-216 3292,Other,Unclear (review),4.16
ChIJJw9V8a81zDEReQL5QGcnZRw,7-11 Taman Connaught 2 399,"86, Jalan Cerdas, Taman Connaught",Kuala Lumpur,3.081393,101.736418,1.8,9,03-9101 7695,Other,Unclear (review),4.14
ChIJySTfJQgVzDERcAZKULFBPgg,KK Concept Store Genting Grand Hotel ( GGH),"2 Lot No.G/LG4.00 Ground Floor, Genting Grand Hotel, Tower Genting Highlands Resort",Genting Highlands,3.4233181,101.7922158,2.0,6,,Other,Unclear (review),3.89
ChIJp15Pi9dHzDERSYI74gSqD_Q,"SUPERVALUE Taman Koperasi Polis, Batu Caves","39, Jalan 57/10, Taman Koperasi Polis Fasa II Batu Caves",Kuala Lumpur,3.2213113,101.6909011,1.4,11,,Other,Unclear (review),3.48
ChIJR-RXTDXhzTERok7d0C4vFPg,MASBUKTI TTJ,"SG GADUT, 23, Jalan Ttj S/A, Taman Tuanku Jaafar",Seremban,2.6711265,101.9960931,5.0,1,06-856 0564,Other,Unclear (review),3.47
ChIJ0XuQSjO_zTER7yQaouUF1U4,KK Concept Store KLIA2 Gateway 3 (GWY3),KLIA2 Departure Lane,"Kuala Lumpur, Petaling Jaya, Shah Alam, Klang, Subang Jaya, Cheras, Ampang, Cyberjaya, Putrajaya, Kajang, 68100 Selayang, Damansara",2.744315,101.6854118,5.0,1,,Other,Unclear (review),3.47
ChIJwwZx_5W_zTERrweEqR0Zj2Q,NZ News & Convenience,Selangor,"Kuala Lumpur, Petaling Jaya, Shah Alam, Klang, Subang Jaya, Cheras, Ampang, Cyberjaya, Putrajaya, Kajang, 68100 Selayang, Damansara",2.744713200000001,101.6841162,5.0,1,,Other,Unclear (review),3.47
ChIJgRDUbU2jzTERn9_0iqWaRoc,"Pusat Latihan al Ehsan,","1593, Jalan Sungai Lang, Kampung Sungai Lang Tengah",Banting,2.789033599999999,101.5228024,5.0,1,011-1788 0677,Other,Unclear (review),3.47
ChIJP0mFeQDdzTERPlCrqNYe-FE,Sizuka Donya Dessert / Acik Viral One Stop,"Kiosk 1, Kompleks Penjaja MPS, Jalan Penghulu Cantik",Seremban,2.7212867,101.9544648,5.0,1,019-308 2957,Other,Unclear (review),3.47
ChIJ_6H5g2KjzTERl-2qkPn6SEU,Pusat Ekonomi Ramai-Ramai,"No. 33, 35, Jalan Cempaka Harum 1, Taman Cempaka",Banting,2.7995066,101.4929605,5.0,1,016-272 7604,Other,Unclear (review),3.47
ChIJx_JAQ9THzTERrk7kfa9wC84,Mr Say's Stop & Shop,"PT 4770, Nilai Springs Resort Hotel, Bandar Baru Nilai",Nilai,2.833015000000001,101.7687559,5.0,1,016-690 1872,Other,Unclear (review),3.47
ChIJdWlfc67FzTERPMD92Q2sqSA,BESTBUY SUPER STORES,"29, Jalan UTL-4, Bandar Universiti Teknologi Lagenda MANTIN",SEREMBAN,2.8215208,101.8703839,5.0,1,019-656 2900,Other,Unclear (review),3.47
ChIJJ-dVA9rHzTER6hYfD5q70tE,Boomy,"2, Jalan BBN 12/1, Bandar Baru Nilai",Nilai,2.8127006,101.759849,5.0,1,,Other,Unclear (review),3.47
ChIJ3_U_AKrGzTERZqI7GNHol4A,Syarikat A. P. Mohamad Sultan,"11, Jalan Besar Nilai",Nilai,2.802245,101.797868,5.0,1,06-799 1577,Other,Unclear (review),3.47
ChIJc4GfWX3GzTERxt_4NqbGa54,Idi Jaya,Malaysia,"Kuala Lumpur, Petaling Jaya, Shah Alam, Klang, Subang Jaya, Cheras, Ampang, Cyberjaya, Putrajaya, Kajang, 68100 Selayang, Damansara",2.8368606,101.7875016,5.0,1,,Other,Unclear (review),3.47
ChIJS-ptBACtzTERKUnZzyJrixM,Keep Walking Marketing,"Pusat Perniagaan Bestari, Taman Perindustrian Air Hitam Phase 1 & 2, Jalan Permata 1/KS09",Klang,2.9651679,101.4646149,5.0,1,,Other,Unclear (review),3.47
ChIJqTQ2t8-vzTERXzbqwDzBEyw,Arafat & Murzitha Ventures,"Lot 3149C, Lorong Rabingan, Jalan Kebun Tambahan",Shah Alam,2.954482499999999,101.5255081,5.0,1,016-478 6529,Other,Unclear (review),3.47
ChIJl8G7xim3zTERav5mW3M_UFk,Pasaraya Hammad,"5, Jalan P9e/1, Presint 9",Putrajaya,2.9412435,101.6751829,5.0,1,,Other,Unclear (review),3.47
ChIJbWlnNwCrzTERHKzqjO99gCU,Rich Aidil Resources,"Jalan Kelab, Kawasan 13",Pelabuhan Klang,2.9990616,101.3918761,5.0,1,010-791 1870,Other,Unclear (review),3.47
ChIJD78-kz7KzTERC5H_PsyH2Bk,Pasaraya Tenaga,Kajang,"Kuala Lumpur, Petaling Jaya, Shah Alam, Klang, Subang Jaya, Cheras, Ampang, Cyberjaya, Putrajaya, Kajang, 68100 Selayang, Damansara",2.9704963,101.7334139,5.0,1,,Other,Unclear (review),3.47
ChIJa3W95EStzTERF0jVgjgijII,Parakkat Cash&Carry,"41200, 24, Lorong Sanggul 1e, Bandar Puteri",Klang,2.9872135,101.4662893,5.0,1,,Other,Unclear (review),3.47
ChIJifzqUwCzzTEReAwaPH9lmpc,7Eleven Anggerik Aranda 3364,"8-G, Jalan Anggerik Aranda BG 31/BG, Kota Kemuning",Shah Alam,3.004661,101.5446108,5.0,1,,Other,Unclear (review),3.47
ChIJaW9BplSzzTERvFMvQY4qgNI,Treats,"Jalan Indah 2/2, Taman Puchong Indah",Puchong,3.0116165,101.6048197,5.0,1,,Other,Unclear (review),3.47
ChIJfzxBi6v_zDER4V4Q3SxCpZc,零食店 Snack Shop,Pulau Ketam,"Kuala Lumpur, Petaling Jaya, Shah Alam, Klang, Subang Jaya, Cheras, Ampang, Cyberjaya, Putrajaya, Kajang, 68100 Selayang, Damansara",3.0402984,101.277906,5.0,1,,Other,Unclear (review),3.47
ChIJZyojpHa1zTERP6nmFUqCU78,Marconcepts,"Jalan BS 4/2, Taman Bukit Serdang",Seri Kembangan,3.021093,101.699495,5.0,1,03-8958 4977,Other,Unclear (review),3.47
ChIJN3pkUFq1zTERBMgyTDSm5Ac,Miscere (蜜斯儿),"No.5, 2, Jalan BS 4/2, Taman Bukit Serdang",Seri Kembangan,3.022059,101.6986762,5.0,1,012-623 0046,Other,Unclear (review),3.47
ChIJGfg9HgDLzTERfG7xPaWld_M,Amway Kajang,Taman Sutera,Kajang,3.0083279,101.7659877,5.0,1,,Other,Unclear (review),3.47
ChIJUR4QbKDLzTERc9VgD5J_4rA,JHF FROZEN KAJANG,"B-0-7 MKH AVANUE, Jalan Jelok 1",Kajang,2.9917426,101.7923057,5.0,1,017-239 1527,Other,Unclear (review),3.47
ChIJI9tRB61VzDERBI8vn830_iY,Kuberann Cash & Carry,"3, Jalan Sungai Nibong 14A/KU4, Kampung Rantau Panjang",Klang,3.0688111,101.4162259,5.0,1,,Other,Unclear (review),3.47
ChIJc-OqgjNVzDER1UncWm9nGAw,MR MBB rantau panjang,"31, Jalan Sungai Nibong 14A/KU4, Taman Gembira",Klang,3.0692091,101.4149756,5.0,1,019-280 8812,Other,Unclear (review),3.47
ChIJ_W-mmfpSzDERH5KfBinPixE,Shoppe Inn,"Vg-46, Jalan Plumbum V 7/V, Seksyen 7",Shah Alam,3.0666408,101.4901702,5.0,1,018-228 1558,Other,Unclear (review),3.47
ChIJzRyZIzBTzDERNzn4m4uXV-k,Stop N Shop,"PLAZA ALAM SENTRAL, G 28, 29 & 30, 2, Jalan Majlis, SEK 14",Shah Alam,3.0740575,101.517567,5.0,1,03-5524 3353,Other,Unclear (review),3.47
ChIJ1cZeZ-tVzDERnswHSFUOKyg,TRS CASH & CARRY,"11-G, Jalan Makyong 5e/Ku5, Bandar Bukit Raja",Klang,3.0897071,101.4314779,5.0,1,011-1130 3737,Other,Unclear (review),3.47
ChIJscgEKkhTzDERaM7BmsCtipQ,Panas Express Top Glove Tower,"Unit 1-B2, Level 1, Top Glove Tower, 16, Persiaran Setia Dagang, Setia Alam",Shah Alam,3.1084074,101.4604922,5.0,1,012-524 3955,Other,Unclear (review),3.47
ChIJMTPT8UJRzDERH-cTFEX6nEU,MAJESTICS MERU DETERGENTSABUN PENCUCI PAKAIAN,"no 45, residence, jalan pisang 7/ku10, tmn, desa meru, meru",Klang,3.145506199999999,101.4379846,5.0,1,019-331 7258,Other,Unclear (review),3.47
ChIJuWkkwUBNzDERNcQ_77M-2o4,ALFA STORE,"Block B, Unit GC 60 Ground Center, No. 17, Jalan SS 7/26",Petaling Jaya,3.1059551,101.592676,5.0,1,011-1442 9166,Other,Unclear (review),3.47
ChIJO_xcyUlLzDER0nyCIkwu2ec,SP STAR WHOLESALER SDN BHD,"5710, BLOCK C-G-07, 1, Jalan Razak Mansion, Sungai Besi",Kuala Lumpur,3.1088204,101.7068227,5.0,1,010-909 0835,Other,Unclear (review),3.47
ChIJSVi6TidJzDERwpk9y_XFQaE,TRUE Freshies,"70, Jalan Berhala, Brickfields",Kuala Lumpur,3.1286896,101.6882499,5.0,1,010-378 7461,Other,Unclear (review),3.47
ChIJk3YSTwI3zDERjYFXYGoH1WM,SH VIETNAM MARKET,"15&15A, Jalan Perdana 4/1, Pandan Perdana",Kuala Lumpur,3.1207035,101.7419257,5.0,1,017-600 3368,Other,Unclear (review),3.47
ChIJ1_yOcyNIzDERKXc0X9rLk_U,Alndaa Coffee Sdn Bhd,"518, Jalan Tuanku Abdul Rahman, Chow Kit",Kuala Lumpur,3.1672373,101.6979034,5.0,1,03-4043 7490,Other,Unclear (review),3.47
ChIJs9As3fpJzDER7RgrT2vFmUY,ninja vape kg.baru,"30, Lorong Raja Bot, Chow Kit",Kuala Lumpur,3.1648508,101.7004102,5.0,1,,Other,Unclear (review),3.47
ChIJrSNxBag3zDERMMYCGpiHvz8,Amelia Convenience Store,"Ground Floor, Puteri Specialist Hospital, No. 1, Jalan Memanda 9, Taman Dato Ahmad Razali",Ampang Jaya,3.160186999999999,101.751731,5.0,1,03-4270 5966,Other,Unclear (review),3.47
ChIJl07Wo903zDER-pHXT9mP-3U,Foodstop.,"AG03, ARC @ Ampang Ukay Persiaran Ampang Ukay",Ampang,3.1722508,101.7573945,5.0,1,03-4065 5905,Other,Unclear (review),3.47
ChIJe3yrdgBFzDERo20BU8Jt1oc,Impian Convenient Shop,Sungai Buloh,"Kuala Lumpur, Petaling Jaya, Shah Alam, Klang, Subang Jaya, Cheras, Ampang, Cyberjaya, Putrajaya, Kajang, 68100 Selayang, Damansara",3.2192074,101.5833027,5.0,1,,Other,Unclear (review),3.47
ChIJCy6lT385zDERUfvvz0a6DFA,Mahallah Aminah Convenience Store,Kuala Lumpur,"Kuala Lumpur, Petaling Jaya, Shah Alam, Klang, Subang Jaya, Cheras, Ampang, Cyberjaya, Putrajaya, Kajang, 68100 Selayang, Damansara",3.2566194,101.7321532,5.0,1,,Other,Unclear (review),3.47
ChIJEYe_OGhGzDERdOQLCI2P0s0,My One Convenience Shop,"8, Jalan Perdana 5, Taman Indah Perdana",Kuala Lumpur,3.2194331,101.6372105,5.0,1,017-877 1756,Other,Unclear (review),3.47
ChIJmX5EUw9HzDERbnX1YtmZrp0,C7link Shoppe,"B-0-1, Block B, Ground Floor, No.1, Pangsapuri Sri Batu, Jalan 35/10a, Taman Perindustrian Iks",Batu Caves,3.218308999999999,101.6883263,5.0,1,019-271 1450,Other,Unclear (review),3.47
ChIJsQHdVaH1zDERtPAtIP5yJfA,Chap Joo Seng Hup Kee,Jalan 1,Bukit Rotan,3.308815000000001,101.3150653,5.0,1,,Other,Unclear (review),3.47
ChIJjRN1ImVfzDERVrM9W_3Ldy8,Pasaraya Kecil Hing Huat,"9, Jalan 2, Simpang Tiga Ijok",Batang Berjuntai,3.314846299999999,101.4148168,5.0,1,,Other,Unclear (review),3.47
ChIJ75ESEwA5zDERxx2XP2Xy2RY,AMAN GEMILANG,"19, Jalan Taman Zooview, Kampung Kemensah",Ampang,3.214038,101.770012,5.0,1,,Other,Unclear (review),3.47
ChIJGakqKQBhzDER9Tw4tIvKQd8,WanSopi & Lala,"789, Jalan Gemilang, Kampung Jaya Setia",Batang Berjuntai,3.3615368,101.4189831,5.0,1,,Other,Unclear (review),3.47
ChIJIWoTKgD1zDERB453aRR7_wA,Santan Segar Ainul,87H7+JW,Kuala Selangor,3.3291046,101.2648003,5.0,1,,Other,Unclear (review),3.47
ChIJU2_uV5z1zDERc3dyaFQr5gI,Stokis Sabun Dozee Kuala Selangor,"No 17-G, Jalan Seri Temenggung 3, Jalan Taman Temenggung",Kuala Selangor,3.330161599999999,101.259203,5.0,1,013-629 2992,Other,Unclear (review),3.47
ChIJ-7JA-o1pzDERdFlgorDwfsk,GLA CASH & CARRY,"18, Jalan Sari Alamanda 6/1",Rawang,3.3697552,101.5711982,5.0,1,012-244 3372,Other,Unclear (review),3.47
ChIJXRcJGxgVzDERkRKO_P-280A,"KK Concept Store Genting, Permai, Antharas Residence (GPAR)","PG-B-1, Antharas Residence, Jalan Permai 2",Genting Highlands,3.386645799999999,101.7781762,5.0,1,,Other,Unclear (review),3.47
ChIJIVY_unhDzDER5yt0iUF76Fc,Jasa Awai,"8333 b, Jalan Tanjung 1, Kampung Tanjung",Rawang,3.342163,101.5872869,5.0,1,,Other,Unclear (review),3.47
ChIJ1zlSRJppzDERV8KaHsU6xHw,"Zon2Shop Murah Jimat Sungai Choh, Rawang","No.002, Arked Sri Bengkulu Sungai Choh Simpang",Rawang,3.346624899999999,101.5904025,5.0,1,019-608 2423,Other,Unclear (review),3.47
ChIJQ2nbcO5tzDERL3QXXFXla9I,Meenambika Store,"Lot 18, Jalan Kuala Kali",Rasa,3.49621,101.6323073,5.0,1,,Other,Unclear (review),3.47
ChIJHarT-IprzDERu0jSP_G2Y6Q,Santan Segar Bonda (Antara Gapi),"39, Jalan Gapi 5A, Antara Gapi",Serendah,3.426362,101.6412455,5.0,1,019-575 5667,Other,Unclear (review),3.47
ChIJ2cNV83FtzDER97gKtUOG5pA,Tan Tien Tek wholesale,"109-G, jalan ara 1",Batang Kali,3.4566677,101.6604983,5.0,1,019-370 8234,Other,Unclear (review),3.47
ChIJM_jVzA1JzDEREjB-KqS11is,"KK Concept Store Mont Kiara, Ooak Suites ( MOS )","163, Ooak Suites Kiara, LG3-01, 5, Jalan Kiara 4, Mont Kiara",Kuala Lumpur,3.1666456,101.6511748,1.3,13,,Other,Unclear (review),3.43
ChIJASRSW-rJzTERt-GUoEtWsAE,SUPERVALUE Bandar Seri Putra,"NO. 16 (GF, Jalan Seri Putra 1/4, Bandar Seri Putra",Kajang,2.885419,101.79056,1.7,6,03-8920 0311,Other,Unclear (review),3.31
ChIJZVItBQC5zTERG7unOLIQ2Hw,7Eleven,"3, Persiaran Sunsuria",Sepang,2.839384,101.706139,3.0,2,,Other,Unclear (review),3.3
ChIJkSsGKX2rzTERqSjNFFuqijc,NT SHOP BDR SULAIMAN,"7, Jalan Sultan Abdul Samad 38, Bandar Sultan Suleiman",Pelabuhan Klang,3.0205502,101.3727945,3.0,2,,Other,Unclear (review),3.3
ChIJJZSxjsCrzTERxyw7PovdUJg,LDC PORT KLANG 611,Malaysia,"Kuala Lumpur, Petaling Jaya, Shah Alam, Klang, Subang Jaya, Cheras, Ampang, Cyberjaya, Putrajaya, Kajang, 68100 Selayang, Damansara",2.9967764,101.4247654,1.1,19,013-285 7678,Other,Unclear (review),3.3
ChIJqUtXwdLLzTERRCw5H74mL2I,D'Lobby Convenience Store,"4A, Jalan 7/4, Taman Serdang Jaya",Seri Kembangan,3.0178497,101.7088643,3.0,2,018-989 5705,Other,Unclear (review),3.3
ChIJAxy5tanLzTERGoKYOVUv0KA,PASARAYA SK SERI KEMBANGAN,"2, Jalan 6/9, Kawasan Perindustrian Seri Kembangan",Seri Kembangan,3.0182359,101.7122806,3.0,2,012-987 2383,Other,Unclear (review),3.3
ChIJad55r4xUzDERRirCvXykDyM,NT SHOP RANTAU PANJANG,Malaysia,"Kuala Lumpur, Petaling Jaya, Shah Alam, Klang, Subang Jaya, Cheras, Ampang, Cyberjaya, Putrajaya, Kajang, 68100 Selayang, Damansara",3.070538999999999,101.4118712,3.0,2,,Other,Unclear (review),3.3
ChIJRaC_KFxVzDERCaPaQo_s5xI,NT SHOP RANTAU PANJANG 2,"9, Jalan Rantau Panjang 3/KU4, Batu 4",Klang,3.0708931,101.4110368,3.0,2,,Other,Unclear (review),3.3
ChIJB3BcwXo2zDERE6Q5mI_UVqk,QJW Marketing,"Jalan Perdana 4/3, Pandan Perdana",Kuala Lumpur,3.1203706,101.7429028,3.0,2,019-210 3409,Other,Unclear (review),3.3
ChIJ8fesvFldzDERVIz2agdqlV0,Empire Rezqi,"No 3-G-A, Jalan 7A/3, Bandar Tasik Puteri",Rawang,3.2862075,101.4730497,3.0,2,019-274 4905,Other,Unclear (review),3.3
ChIJ8cZEJge1zTERGk6k6tA-5oQ,7Eleven 2883 RIO,"Lot 8-1, Rio Office Park, Bandar Puteri",Puchong,3.0207484,101.6238701,2.0,4,,Other,Unclear (review),3.22
ChIJ3_U_AKrGzTERZBxWwoqYW_w,Ella Cash & Carry Nilai,"No. 35, Jalan Besar Nilai, Nilai, 71800, Nilai, Negeri Sembilan, Jalan Besar Nilai, Pekan Nilai",Nilai,2.801384999999999,101.795073,2.3,3,06-799 8189,Other,Unclear (review),3.19
ChIJmekrul-rzTER6-Ji1TRTplA,Bayu Perdana Redemption Centre,"No. 268, Persiaran Pegaga, Taman Bayu Perdana",Klang,3.018424,101.432401,2.3,3,03-3324 8752,Other,Unclear (review),3.19
ChIJL_77IZ2zzTERN5SQt4f5vLQ,Gift2u,Taman Puchong Prima,Puchong,3.0016376,101.5966752,2.3,3,,Other,Unclear (review),3.19
ChIJjVpeOatJzDERlNGy1uU0CzE,ONE STOP PREMIUM HOMEWARE & GARDENING,"1St Floor, inside Mercato supermarket, 12, Jalan Solaris 5, Solaris Mont Kiara",Kuala Lumpur,3.1763777,101.6598181,2.3,3,,Other,Unclear (review),3.19
ChIJq3PgKg5LzDERYqa4BkM6alI,"KK CONCEPT STORE Petaling Jaya , seksyen 13 ( PJ13)","G-003a Podium, PJ Centrestage, 1, Jalan 13/1, Seksyen 13",Petaling Jaya,3.1115642,101.6391961,1.8,4,,Other,Unclear (review),2.9
ChIJQ3oOLvfPzTERa5gfgmdFrpg,Pasaraya Karnival • Semenyih Sentral,"7, Jalan Semenyih Sentral 3, Taman Semenyih Sentral",Semenyih,2.9449147,101.8433311,1.6,5,,Other,Unclear (review),2.87
ChIJyaD8XqVLzDERXxiA_Qukgds,Giant Mini Taman Kinrara,"No. 2, Jalan TK 4/5, Taman Kinrara 4 Puchong",Selangor,3.064487799999999,101.6376865,1.6,5,03-7723 9393,Other,Unclear (review),2.87
ChIJOTergBHpzTERxvrAwvgp-MY,NT SHOP SENDAYAN,"Jalan Metro Sendayan 1/2, Kampong Felda Sendayan",Kota,2.6873508,101.8453763,4.0,1,012-822 4440,Other,Unclear (review),2.77
ChIJu_DIPbWjzTER4SU552Sd4T8,Pasar Segar harapan Indah,Kanchong Darat,Banting,2.7758486,101.4745559,2.0,3,,Other,Unclear (review),2.77
ChIJCZBtZYurzTERNn5RYrHMu0Y,Port Zon Convenience Store,Kampung Pendamar,Klang,2.9791101,101.4289787,4.0,1,,Other,Unclear (review),2.77
ChIJN7w5MreyzTERRZ4bPgmCYsc,MyMesra,"Petronas Axis Industrial Park (Seksyen 25), Jalan Sepadu 25/123, Taman Perindustrian Axis",Shah Alam,3.027206499999999,101.5419929,4.0,1,03-5122 7519,Other,Unclear (review),2.77
ChIJiaeV1sVMzDER_EC08KUavTs,Truefaces Creation Sdn. Bhd.,"21, Jalan USJ 9/5P, Subang Business Centre",Subang Jaya,3.0464363,101.5869733,4.0,1,03-8023 2121,Other,Unclear (review),2.77
ChIJr9Rpwa41zDERXHSic-J8bfY,richman station cheras sentral,"Cheras Sentral, 700-F1-38D, level 1 56000, 20, Jalan Cheras, Taman Bukit Cheras",Kuala Lumpur,3.0781788,101.7448252,4.0,1,,Other,Unclear (review),2.77
ChIJXTXIiJRNzDERCmiCK011tEg,Campus Convenience Store,Malaysia,"Kuala Lumpur, Petaling Jaya, Shah Alam, Klang, Subang Jaya, Cheras, Ampang, Cyberjaya, Putrajaya, Kajang, 68100 Selayang, Damansara",3.0919672,101.5426613,4.0,1,,Other,Unclear (review),2.77
ChIJIQG1bok2zDER1mTWBPjSlis,"Super Seven, Taman Maju 3/5","Kuala Lumpur MY, 6, jalan maju 3/5, Taman Lembah Maju",Ampang,3.1255,101.7554457,4.0,1,012-604 3408,Other,Unclear (review),2.77
ChIJzZkXNCVIzDERygJ-lGXMFB0,Kwik Stop,"34, Jalan Raja Laut, Chow Kit",Kuala Lumpur,3.162766,101.6957431,4.0,1,,Other,Unclear (review),2.77
ChIJidN0hMVLzDERE9aEVmedKNY,Loco.Store,"Lot 834-B7, Jalan Kusta, Kawasan Industri Kampung Jaya Sungai Buloh",Selangor,3.2127341,101.5768469,2.0,3,012-459 3385,Other,Unclear (review),2.77
ChIJpUQz1X9pzDEROWWeAMEqRjo,Tasik Pauh Jingga mini mkt,"7, Jalan Kesumbarsari 2",Rawang,3.3722692,101.5276733,4.0,1,,Other,Unclear (review),2.77
ChIJg832eAATzDERZbRTqgpaTuQ,Pitstop Wyndham Ion Majestic,Jalan Ion Delemen,Genting Highlands,3.4349573,101.7874966,4.0,1,,Other,Unclear (review),2.77
ChIJvyKelBrHzTERqrVNPSs0Jrw,Panas Express USIM,Pusat Keusahawanan Pelajar Universiti Sains Islam Malaysia,Nilai,2.8403526,101.7830448,3.0,1,010-448 3648,Other,Unclear (review),2.08
ChIJwemxQoLLzTERFUKrrlrt6lg,E-Market,"48, Jalan Raja Haroun",Kajang,2.9919631,101.790154,3.0,1,03-8750 3004,Other,Unclear (review),2.08
ChIJ7xu4BhpNzDER6anfsP4-biE,Panas Express Segi Subang,"Alfa University College (AUC, Segi College, 13, Persiaran Kewajipan, Usj 1",Subang Jaya,3.0616615,101.5934858,3.0,1,012-524 3955,Other,Unclear (review),2.08
ChIJYZnEZAVLzDERAn1dG9lsdl8,MValue Bandar Kinrara,"C-3, 0, Jalan BK 5A/2B, Bandar Kinrara",Puchong,3.0471956,101.6451524,3.0,1,03-5031 7713,Other,Unclear (review),2.08
ChIJKauZcNtPzDERLfILUP_kxbc,7-11 Taman Subang Pelangi,"3, Jalan Uranus Ah U5/Ag, Seksyen U5",Shah Alam,3.167425,101.5337858,3.0,1,,Other,Unclear (review),2.08
ChIJv_7swg5dzDERBL0ZcLBBbKE,KAMI DI SINI,"66, Jalan 7a/2, Bandar Tasik Puteri",Rawang,3.283840999999999,101.4733425,3.0,1,,Other,Unclear (review),2.08
ChIJ____j7pczDERgGLFp2yB_Ag,Abu Shahriman Abu Bakar,"Lot G L1, No 15, Bandar Baru Kundang, 48020, Rawang",Selangor,3.283587599999999,101.5127294,3.0,1,03-6034 5070,Other,Unclear (review),2.08
ChIJ2-PlVzU4zDER7OuO6PUOkyg,Best Departmental Store,"13, Jalan Bandar 2, Taman Melawati",Kuala Lumpur,3.209171300000001,101.7518728,3.0,1,03-4107 6352,Other,Unclear (review),2.08
ChIJpbq6BlbzzDER-2o06wzduPk,Ah Ma House,Malaysia,"Kuala Lumpur, Petaling Jaya, Shah Alam, Klang, Subang Jaya, Cheras, Ampang, Cyberjaya, Putrajaya, Kajang, 68100 Selayang, Damansara",3.3487585,101.2519777,3.0,1,,Other,Unclear (review),2.08
ChIJHZMDSACnzjERr0SUgbmn8h8,Port Rehat Lanchang Kuning 1,F4W2+3H,Lanchang,3.4952456,102.1014249,3.0,1,,Other,Unclear (review),2.08
ChIJk2vBs-rJzTER6aENWqtRgQA,7ElevenTaman Awani Bangi,"No 37(GF, Jalan Awani Bangi 1/1, Taman Awani Bangi",Kajang,2.8996568,101.7793468,1.0,4,,Other,Unclear (review),1.61
ChIJfaeH5SLJzTERyxBYklljmhs,"Giant Mini Seksyen 16, Bangi","12, Jalan 6c/7, Seksyen 16",Bandar Baru Bangi,2.9437502,101.7641499,1.0,3,03-7723 9393,Other,Unclear (review),1.39
ChIJ16ms-5etzTERNBLPoxGBfb0,SURIAN SHOP,"33, Jalan Samarinda 31/Ks7 Taman Maznah, Kampung Jawa",Klang,3.023090299999999,101.4795573,2.0,1,03-5167 9191,Other,Unclear (review),1.39
ChIJB02NGwCtzTERKoQ0zpFyTns,Puvanes coway,Bandar Puteri,Port Klang,2.988931,101.4655421,2.0,1,016-320 2432,Other,Unclear (review),1.39
ChIJCdaA7gyzzTERJ6Jyfrz5jCU,NT SHOP OTK Puchong Prima,"NO 26, 28, 30, Jalan Prima 5/5, Taman Puchong Prima",Puchong,3.0009391,101.5957131,1.0,3,,Other,Unclear (review),1.39
ChIJRYq-fXZNzDERrgYI35erQAI,Tegap Mesra,"G 18, Jalan Karate 13/47, Block 4 Worldwide Business Park Section 13, 40675, Shah Alam",Selangor,3.0721238,101.5413812,2.0,1,03-5519 3758,Other,Unclear (review),1.39
ChIJJ5M5XQC_zTERSt_3KXiwtSk,The Bookshop by WH Smith Klia2,KLIA2 Arrival Lane,"Kuala Lumpur, Petaling Jaya, Shah Alam, Klang, Subang Jaya, Cheras, Ampang, Cyberjaya, Putrajaya, Kajang, 68100 Selayang, Damansara",2.7398376,101.6893888,1.0,2,,Other,Unclear (review),1.1
ChIJ3d8eKQC_zTERL8kP6_Kfj1o,WHSmith (Maru Kafe) - KLIA T1 International Departures (near H gates),"Kuala Lumpur International Airport - Main Terminal, Kuala Lumpur International Airport",Sepang,2.7519452,101.7038623,1.0,2,,Other,Unclear (review),1.1
ChIJwwITcWnJzTERScIjS6u6wYY,KK Concept Store Residence- Vista Bangi ( RVB ),"No.1-15, Vista Bangi, Jalan TB 1/1",Kajang,2.9461879,101.7857649,1.0,2,,Other,Unclear (review),1.1
ChIJO2B_RJC_zTERj09ki_xsjhI,Convenience Store,"Kuala Lumpur International Airport - Main Terminal, Kuala Lumpur International Airport",Sepang,2.751465,101.7037376,1.0,1,,Other,Unclear (review),0.69
ChIJx3bMfLXFzTERvbLneZf4Gz4,PEMBORONG TELUR DAN PEMBEKAL BARANGAN RUNCIT,"PT 4719&4720, Jalan TS 1/18, Taman Semarak",Nilai,2.81287,101.8083629,1.0,1,,Other,Unclear (review),0.69
ChIJ7QBYNUVTzDERzxgUQ4VtKJ8,"KK Concept Store Shah Alam, I-City 3 ( ICT3)","A3-7-G Block A, Persiaran Multimedia Seksyen 7, I-city",Shah Alam,3.0645957,101.4833356,1.0,1,,Other,Unclear (review),0.69
ChIJ8y4BR8tdzDERQ5dm8n96DWs,NT SHOP RAWANG,"46, Jalan Pusat Bch 1c, Pusat Bandar Country Homes",Rawang,3.3257126,101.5245718,1.0,1,,Other,Unclear (review),0.69
ChIJB9W4ln4FzDERIt3Fdi5leH0,Yang Guang Brother Bentong,"Pusat Perniagaan BH, P13, JALAN BH 2, Jalan Chamang",Bentong,3.5271278,101.9006675,1.0,1,017-730 9804,Other,Unclear (review),0.69
ChIJ1WSJFgCVzTERKN1GPVSVXkY,mohamad haron,Jalan Besar,Kampung Hulu Chuchoh,2.6756202,101.6809515,0.0,0,,Other,Unclear (review),0.0
ChIJ2dWlGQCVzTERQpAQTF9mFWE,Puva coway,Klang,"Kuala Lumpur, Petaling Jaya, Shah Alam, Klang, Subang Jaya, Cheras, Ampang, Cyberjaya, Putrajaya, Kajang, 68100 Selayang, Damansara",2.6817337,101.6612934,0.0,0,016-320 2432,Other,Unclear (review),0.0
ChIJ02al5kLhzTERb2FXbmrtBNI,"Pernama,15 RAMD ttj.",MXJW+V9,Senawang,2.682140699999999,101.9958722,0.0,0,,Other,Unclear (review),0.0
ChIJg8_hHgDpzTER-SIFRWNWG5Y,Pasar Tani Suriaman,"1288-G, Persiaran Suriaman, Bandar Sri Sendayan",BIZ3,2.6994761,101.8598565,0.0,0,,Other,Unclear (review),0.0
ChIJ7x7ew5HpzTERA3Hj_OtnigE,Nenda Group,"Jalan Nusari Aman 5/3, Bandar Sri Sendayan",Siliau,2.6641386,101.8729767,0.0,0,016-383 8307,Other,Unclear (review),0.0
ChIJq6qqqjGizTERBE2OP2MEJK8,P.Shanmugam,"No. 1, Batu 25, Simpang Morib, Selangor",Banting,2.7539652,101.4446913,0.0,0,03-3198 1204,Other,Unclear (review),0.0
ChIJTyMeUwCjzTERUGt1s9ElzmM,Wawa Basar Ent,Kampung Endah,Banting,2.733756199999999,101.4716886,0.0,0,,Other,Unclear (review),0.0
ChIJiezW_T3nzTEROu3Ni1XjZUY,FROZONE FOOD SUPPLY,"33G, JALAN S2 D37 City Center, Seremban 2",Seremban,2.6859711,101.9143848,0.0,0,012-239 1891,Other,Unclear (review),0.0
ChIJu5sOfwDnzTERKn9LmV0hhiM,5A Pasar Awam Seremban Jaya,"Kompleks Pasar Awam, Taman, Taman Seremban Jaya",Seremban,2.6754966,101.9740729,0.0,0,,Other,Unclear (review),0.0
ChIJV7DAWurhzTERE4lcEwWUXDc,ONE'S FL0WS,"No 27 Kampung Sri Bahagia, Jalan Senawang 3, Kawasan Perindustrian Senawang",Seremban,2.6855942,101.9858738,0.0,0,011-3131 3132,Other,Unclear (review),0.0
ChIJU1Yzk_PhzTERyelSGB7XoSE,KUDAPAN SHAFFIK,"930, Jalan Teratai 11 Taman Marida, Senawang",Seremban,2.6971958,101.9827238,0.0,0,011-5508 9305,Other,Unclear (review),0.0
ChIJyeBDrqHgzTERiPqiUiMopsE,Berjaya Newstand,"PS15, Lot 1571, Jalan Tmn Komersial Senawang",Seremban,2.7026479,101.9844418,0.0,0,06-678 0719,Other,Unclear (review),0.0
ChIJReIuKQ_BzTERAqosYJYFjLE,Pasar Segar Si Baling,"Kg Baru Lanjut Kg Bharu Lanjut, Kampung Baharu Labu Lanjut",Sepang,2.7888042,101.7117896,0.0,0,,Other,Unclear (review),0.0
ChIJk__2K-7dzTEREM5qNwZAvs8,3853 (NS) Taman Bukit Mika,"No: 7 & 8 (Ground Floor, Jalan Bukit Mika 1, Taman Bukit Mika",Seremban,2.7462665,101.9191658,0.0,0,03-3362 6863,Other,Unclear (review),0.0
ChIJpSVVLk3dzTEREt-N9TSgKxo,Panas Express KPJ Seremban,"First Floor, Lot 6219 & 6220, KPJ Seremban Specialist Hospital, Jalan Tioman 1, Kemayan Square",Seremban,2.7183833,101.9218343,0.0,0,012-524 3955,Other,Unclear (review),0.0
ChIJe6kIFgDnzTERLbUGNJOaVqQ,Nadilicious,Jalan Oasis 1,Seremban,2.7177435,101.9249419,0.0,0,,Other,Unclear (review),0.0
ChIJdYxVOQDdzTERRz0qemHQGpA,UMAR WARISAN ANYAMAN,"7, Jalan Sikamat, Kampung Seri Sikamat Seremban",Seremban,2.7428549,101.9648211,0.0,0,,Other,Unclear (review),0.0
ChIJKehknGKjzTERHKa8xlDriUo,WinWin Sales & Marketing,"31, Jalan Baiduri, Taman Baiduri",Banting,2.799732700000001,101.492332,0.0,0,03-3181 1908,Other,Unclear (review),0.0
ChIJP7aRBACjzTERwmAKEEWNwy4,Ikmal fruits,"1, Jalan Cempaka Putih 6, Taman Cempaka",Banting,2.796779700000001,101.4970948,0.0,0,,Other,Unclear (review),0.0
ChIJlcBHJQClzTERxSYQwOedw4k,7eleven3045,"Jalan Toman 1, Taman Sri Putra",Banting,2.810877499999999,101.4892417,0.0,0,,Other,Unclear (review),0.0
ChIJW-QOuZ6kzTERHsEuHElP0ak,Sin Tee Herm,"82, Jalan Sultan Alam Shah, Taman Morib",Banting,2.8094725,101.4964898,0.0,0,03-3187 2877,Other,Unclear (review),0.0
ChIJJ99LgKm5zTERs4JuXoWE-EI,G-MAD Convenience Store,"Lot 2473-B1, Batu 36, Jalan Salak Tinggi 28/24, Kampung Bukit Changgang",Banting,2.8229846,101.6352996,0.0,0,011-3113 0161,Other,Unclear (review),0.0
ChIJOxhuODa40TERQnWwRa_dG5A,2N Shop - Near & Nice,"20, Jalan Bukit Belian, Taman Bukit Berlian",Mantin,2.8315029,101.8967744,0.0,0,07-388 3818,Other,Unclear (review),0.0
ChIJSY6pRQDHzTERK1HUzBKShHc,HP Malar,Sepang,"Kuala Lumpur, Petaling Jaya, Shah Alam, Klang, Subang Jaya, Cheras, Ampang, Cyberjaya, Putrajaya, Kajang, 68100 Selayang, Damansara",2.8059607,101.7352881,0.0,0,,Other,Unclear (review),0.0
ChIJsTI22U7BzTERPZzVIpu-CV0,NT SHOP KLIA,"D-42, Jalan Pusat Niaga Klia 1, KLIA Business Centre",Nilai,2.770514,101.7627777,0.0,0,,Other,Unclear (review),0.0
ChIJZZ98fwDHzTEReQ5Cduz28MU,HP Malar,Sepang,"Kuala Lumpur, Petaling Jaya, Shah Alam, Klang, Subang Jaya, Cheras, Ampang, Cyberjaya, Putrajaya, Kajang, 68100 Selayang, Damansara",2.8158585,101.7393244,0.0,0,011-2620 9011,Other,Unclear (review),0.0
ChIJI5IlLQDFzTERtWN-bMzU2Fc,HP Malar Coway,Nilai,"Kuala Lumpur, Petaling Jaya, Shah Alam, Klang, Subang Jaya, Cheras, Ampang, Cyberjaya, Putrajaya, Kajang, 68100 Selayang, Damansara",2.802435199999999,101.7988866,0.0,0,011-2620 9011,Other,Unclear (review),0.0
ChIJTS4_QALEzTEROe5RXqwDh1s,Along Mie,"No. 1, Ground Floor, Jalan Nilai, Pekan Nilai, Negeri Sembilan",Nilai,2.803619,101.799466,0.0,0,012-603 3263,Other,Unclear (review),0.0
ChIJzUah8aPGzTERwbLwIzyDvcA,Bison Stores,"G31, PT6367, Jalan BBN 3/1, Bandar Baru Nilai, Negeri Sembilan",Nilai,2.812628000000001,101.791302,0.0,0,06-799 9244,Other,Unclear (review),0.0
ChIJz5yk8aPGzTERkdfYCfdw8gI,I-Serve Kiosk,"AM03, PT6367, Jalan BBN 3/1, Bandar Baru Nilai, Negeri Sembilan",Nilai,2.8127021,101.7913279,0.0,0,06-799 9244,Other,Unclear (review),0.0
ChIJ-TxhOwCvzTERJrVNbgamr_8,Jinjarom,"Jalan Gangsa, Kawasan Perindustrian",Telok Panglima Garang,2.880847,101.4920067,0.0,0,,Other,Unclear (review),0.0
ChIJ7WKf-JTIzTERtN3ufbQXypw,Pasar Segar & Runcit Nurifa,"No. 6, Jalan Impian Putra 1/3, Taman Impian Putra",Kajang,2.893028999999999,101.771877,0.0,0,016-273 4751,Other,Unclear (review),0.0
ChIJlWQBsH3HzTERvtxSLYjUN-I,SNSM RESOURCES SDN BHD,"5738, Jalan TS 2/1e, Taman Semarak",Nilai,2.821319,101.8167674,0.0,0,016-337 0595,Other,Unclear (review),0.0
ChIJ0xolTAAHzTERJnHRgYsabjY,DEDEK FROZEN,"Jalan Sidang Sulaiman, Kampung Sungai Kembong",Pulau Indah,2.9276762,101.3226842,0.0,0,,Other,Unclear (review),0.0
ChIJMaSBi7qvzTERTkD3EDd5rwM,Treats,"Stesen Minyak Petron, LOT 2306 MUKIM TELUK PANGLIMA GARANG Taman Sijangkang Permai, Kampung Sijangkang",Klang,2.9408092,101.4716987,0.0,0,,Other,Unclear (review),0.0
ChIJgaM3bFKvzTERIZJiaSLAIVk,Family of NMMR ✨️🤩,"Lot 2396, Batu 9, Jalan Aman, Kampung Medan",Telok Panglima Garang,2.9312493,101.4651264,0.0,0,,Other,Unclear (review),0.0
ChIJE2msEES5zTERXrnA96NpEng,UHub,"B1, Xiamen, University Malaysia, Bandar Sunsuria",Sepang,2.8293826,101.7022194,0.0,0,016-818 7206,Other,Unclear (review),0.0
ChIJJQGFVQC5zTERpgJksDdr5Qo,HP Malar Coway,Kota Warisan,Sepang,2.824222,101.6958172,0.0,0,011-2620 9011,Other,Unclear (review),0.0
ChIJqQA0DAC5zTER-HVHX2ykN3k,HP Malar,Dengkil,"Kuala Lumpur, Petaling Jaya, Shah Alam, Klang, Subang Jaya, Cheras, Ampang, Cyberjaya, Putrajaya, Kajang, 68100 Selayang, Damansara",2.8593998,101.678971,0.0,0,,Other,Unclear (review),0.0
ChIJY0pYYm-5zTERY6AKFtmDQEA,Yusnishah,Kota Warisan,Sepang,2.822066,101.6942685,0.0,0,016-607 9361,Other,Unclear (review),0.0
ChIJ6Ts7cQC5zTER-zCV-NXHOAk,CHOCO ALBAB DENGKIL,Pangsapuri Jenderam Indah,Dengkil,2.8680314,101.6912029,0.0,0,019-216 7672,Other,Unclear (review),0.0
ChIJ6dEGRAG3zTERB_PIsbSTEdg,Aloya Convenience Store,"Rekascape, F1.5",Cyberjaya,2.9085163,101.6569423,0.0,0,,Other,Unclear (review),0.0
ChIJ1VPepwK3zTERNsYX6xETnz0,Mahan Global Sdn. Bhd.,"27-G, Lingkaran Cyber Point Barat, Neo Cyber",Cyberjaya,2.916128399999999,101.6505038,0.0,0,03-8322 0935,Other,Unclear (review),0.0
ChIJa7c0VpO3zTER1GiSjqiVFyA,Amway - amway business owner,"Blok C, Apartment 5R3, Jalan P5/7, Presint 5",Putrajaya,2.894815,101.663028,0.0,0,019-414 9234,Other,Unclear (review),0.0
ChIJw44mKwC5zTERslvF0pCLXWs,Amway Cybersouth/Dengkil/Sepang Najmin,26,Jalan CV 1/2C,2.8750983,101.6524675,0.0,0,019-342 1989,Other,Unclear (review),0.0
ChIJgV95TACxzTERJ2YWoSlk4wA,Uncle Botak,"56g, Jalan Aman Sinaria 4, Bandar Tropicana Aman",Telok Panglima Garang,2.9435281,101.5285761,0.0,0,,Other,Unclear (review),0.0
ChIJPV9K4QizzTERLEdCidtXfbk,AN NAJAH,"3204, Jalan Haji Tahir, Kampung Jln Kebun",Shah Alam,2.9641378,101.524961,0.0,0,,Other,Unclear (review),0.0
ChIJ-11NVACzzTERHwThBUYbIyU,Nazurah resources,"Jalan Haji Hussin, Kampung Jln Kebun",Shah Alam,2.9684801,101.5339675,0.0,0,,Other,Unclear (review),0.0
ChIJ0VuR9rWzzTERGmoFrNhgwlE,SETIA RM2.60 KAMPUNG LOMBONG,"LOT 2, 3, 4 & 5, Jalan Kampung Lombong",Shah Alam,2.9671779,101.5549609,0.0,0,03-2381 2336,Other,Unclear (review),0.0
ChIJry5CxNW3zTERT9C_ObUaxFE,MBR Store 21,"No 18, Jalan Tempua P9b/12, Presint 9",Putrajaya,2.944297999999999,101.6770279,0.0,0,016-373 8827,Other,Unclear (review),0.0
ChIJJU69lWfJzTERT6r-FLnwglM,QUEEN JTX PUTRAJAYA,"Fasa 1C, Presint 16",Putrajaya,2.9353913,101.7108978,0.0,0,019-235 2416,Other,Unclear (review),0.0
ChIJP-AJAv7JzTEReZXUB_tXGMo,HOMEKIOSK SHOM PRESINT 16 PUTRAJAYA,"FASA 1C, Presint 16",Putrajaya,2.9353824,101.7108893,0.0,0,019-235 2416,Other,Unclear (review),0.0
ChIJraDcAfnJzTERb9WJ8aSztPc,EZIGROW PUTRAJAYA,"Blok B1, Fasa 1C",Presint 16,2.9353634,101.7109116,0.0,0,019-235 2416,Other,Unclear (review),0.0
ChIJEVhGrpHJzTERaaa2JjSOdB0,DEALER BIO SALEZA,Presint 16,Putrajaya,2.9346917,101.7107813,0.0,0,019-235 2416,Other,Unclear (review),0.0
ChIJ4YZFYcXJzTERPa9CgJ-X9ZU,JTX ORIGINAL PUTRAJAYA,"BLOK B1, FASA 1C, Presint 16",Putrajaya,2.9350664,101.7112335,0.0,0,019-235 2416,Other,Unclear (review),0.0
ChIJCUzMUOyGyDER0dxTA_0YA0k,2N Shop - Near & Nice,"48, Jalan Persisiran Raja Muda Musa",Perlabuhan Klang,3.0022051,101.3978207,0.0,0,07-388 3818,Other,Unclear (review),0.0
ChIJs4sVNgCrzTERECSTKgOPib4,Li Huat's Seafood Souvenir Shop,"Terminal Penumpang South Port, Jalan Syahbandar, Pelabuhan Selatan",Pelabuhan Klang,2.9983396,101.3918635,0.0,0,,Other,Unclear (review),0.0
ChIJIy1-WACxzTERaW0Qxz--0yA,SHANU COWAY,Bandar Saujana Putra,Jenjarom,2.951814,101.5803281,0.0,0,012-761 1870,Other,Unclear (review),0.0
ChIJvfpeAQCxzTERQU5IvvTHIg4,Treats,"Petron, Jalan SP 4/31, Bandar Saujana Putra",Jenjarom,2.9444405,101.5880686,0.0,0,,Other,Unclear (review),0.0
ChIJAUsANACzzTER8fE4S3BwRUE,Jastamas Sdn Bhd,"50, Jalan Dagang Mas 5, Taman Mas",Puchong,2.9739891,101.5806029,0.0,0,,Other,Unclear (review),0.0
ChIJNbT3X3nJzTERoWIY8Nx0P_s,GCH Retail (M) Sdn. Bhd.,"No. 1, 1st Floor, Bangi Utama Shopping Complex, Persiaran Kemajuan, Seksyen 16",Bandar Baru Bangi,2.948288999999999,101.758075,0.0,0,03-8925 3109,Other,Unclear (review),0.0
ChIJUWEqz93LzTERtj_KWfWA4qo,KK Concept Store Pangsapuri Sunway Gandaria ( SWG ),"UG-1, Pangsapuri Sunway Gandaria, 2, Jalan Pusat Bandar",Bandar Baru Bangi,2.9618186,101.752793,0.0,0,,Other,Unclear (review),0.0
ChIJLR1UNNLLzTERIpi1ipBkAlE,Galeri Smat Shop Mega Fortune (001170950-U),"No. G-04, Ground Floor, Kompleks PKNS Bangi, Persiaran Bangi",Bandar Baru Bangi,2.9618829,101.7568869,0.0,0,03-8922 3422,Other,Unclear (review),0.0
ChIJKdECJlPLzTERfN400j28WdM,Chezol Amway Business Owner,Kampung Dato Abu Bakar Baginda,Kajang,2.9570295,101.738147,0.0,0,019-381 1364,Other,Unclear (review),0.0
ChIJk6YOLgDLzTERNbk5GfWCvTk,Pasar segar Berkah Jaya,Jalan Cempaka Biru,Bandar Baru Bangi,2.956731899999999,101.7368542,0.0,0,,Other,Unclear (review),0.0
ChIJG9RuEQDJzTERuAuzI9Fs2kQ,Tupperware Bangi Zie,"22, Jalan 3/16, Seksyen 3 Bandar Baru Bangi",Bandar Baru Bangi,2.9462471,101.7817805,0.0,0,019-314 2797,Other,Unclear (review),0.0
ChIJX32TRX3OzTERjnsVj3FX9jw,Super Ninety Nine Sdn. Bhd.,"No. 23 & 25, Jalan Semenyih Sentral 8, Taman Semenyih Sentral",Semenyih,2.944311,101.844528,0.0,0,03-8724 8199,Other,Unclear (review),0.0
ChIJmwt524gMyDERY0jIowQY94Q,2N Shop - Near & Nice,"36, Jalan Sri Sarawak 19, Taman Sri Andalas",Klang,3.0159388,101.4422467,0.0,0,07-388 3818,Other,Unclear (review),0.0
ChIJsYBocpmrzTERIBXdtEkG_UI,NT SHOP PANDAMARAN JAYA,"23, Lengkok Pandamaran Jaya 99, Kampung Sijangkang",Pelabuhan Klang,3.0046916,101.4239993,0.0,0,,Other,Unclear (review),0.0
ChIJbYeGNgCrzTERuqZC8vIQ83A,MUDA JAYA RESOURCES,"34, Jalan Batu Nilam, Bandar Bukit Tinggi 2",Pelabuhan Klang,2.9987763,101.430335,0.0,0,,Other,Unclear (review),0.0
ChIJgTkSFayrzTERHUfX_5I_E74,Juvetah Ent,Taman Bayu Perdana,Klang,3.0166678,101.4267348,0.0,0,,Other,Unclear (review),0.0
ChIJtTip39StzTER6utPz4kUdYo,Jᴜʟɪᴀɴᴀ,"53, Jalan Batu Nilam 4, Bandar Bukit Tinggi 1",Klang,3.0075677,101.436214,0.0,0,,Other,Unclear (review),0.0
ChIJqZHFGgCtzTERSGDOlnvoAAE,Alam Impian Art Park,"Lorong Sentosa 6E, Bandar Bukit Tinggi",Klang,3.0129423,101.4344331,0.0,0,,Other,Unclear (review),0.0
ChIJg6VhFWCrzTERTYG-9MiHIN4,E-Pay Reload,"Caltex, Taman Bayu Perdana",Klang,3.015485599999999,101.432598,0.0,0,03-3324 0380,Other,Unclear (review),0.0
ChIJW82ISQCtzTERsF_DUOH4--U,အိမ်အနားHarmstar ဆိုင်,"33, Jalan Laksamana 6, Taman Mewah Jaya 3",Klang,3.0080664,101.4745494,0.0,0,,Other,Unclear (review),0.0
ChIJH4WWff6szTERBbIX5zwaem4,Hulubalang,"Jalan Hulubalang 27, Taman Sentosa",Klang,3.0011039,101.476565,0.0,0,,Other,Unclear (review),0.0
ChIJpRKnBwCtzTERomDH7X_6Enk,TAMAN SENTOSA,Taman Sentosa,Klang,2.9940851,101.4821904,0.0,0,012-761 1870,Other,Unclear (review),0.0
ChIJVfqLIwCtzTER7tmxk1jF-z8,UBOHotel,"47, Jalan Resak 2/KS7, Bandar Botanik",Klang,2.9972083,101.4604827,0.0,0,,Other,Unclear (review),0.0
ChIJP0HROwCzzTERLbkVv0DOMjM,7-11 Kota kemuning ori,"no.14, 3, Jalan Anggerik Vanilla R 31/R, Kota Kemuning",Shah Alam,3.0051224,101.5367942,0.0,0,,Other,Unclear (review),0.0
ChIJd5JmSACzzTERfuynQfxNvIc,HARAPAN DUTA,"Y32, Y, 20-G, Jalan Sungai Burung 32/68, Bukit Rimau",Shah Alam,2.9995255,101.5280305,0.0,0,,Other,Unclear (review),0.0
ChIJjX6c0LyyzTERW5QH2qakgVE,Newsnow,"G10, No. 3, Jalan Kemuning Prima E33/E, Kemuning Utama, Seksyen 33, Selangor",Shah Alam,3.018455799999999,101.5368457,0.0,0,03-5121 1775,Other,Unclear (review),0.0
ChIJBbXwJgCzzTERQ5HhkJc9Hmc,Puvanes coway,Kota Kemuning,Shah Alam,2.992505,101.54146,0.0,0,016-320 2432,Other,Unclear (review),0.0
ChIJGcvHJ1izzTERb0tIxKlF4cc,Shin Sun Mi Market,"1, Jalan Anggerik Vanilla 31/100A, Kota Kemuning",Shah Alam,2.992505,101.54146,0.0,0,,Other,Unclear (review),0.0
ChIJD8y5UL6zzTEROcalGUD_m9Q,Sri pathi cash & carry,"16, Jalan Bersatu 25/9, Taman Sri Muda",Shah Alam,3.0307036,101.5308175,0.0,0,014-666 5581,Other,Unclear (review),0.0
ChIJqcQuRAC1zTERbJrjCc2CTfc,Thinagaran coway,Puchong Perdana,Puchong,2.9986192,101.622015,0.0,0,016-411 2950,Other,Unclear (review),0.0
ChIJu_QmGQC1zTERgjraSDAo8-U,Bandar puteri puchong,Bandar Puteri Puchong,Puchong,3.0200825,101.6247539,0.0,0,016-411 2950,Other,Unclear (review),0.0
ChIJByY3fQCzzTERM0Y0BtqKV4o,M A Global,"13, Jalan Klang Batu, Kampung Seri Puchong",Puchong,3.0183655,101.5989192,0.0,0,,Other,Unclear (review),0.0
ChIJU9dYIwDNzTEROUEhKoylmOk,Agfa,XVX3+2G,Semenyih,2.9975484,101.8537541,0.0,0,,Other,Unclear (review),0.0
ChIJK25AHyjNzTERgiSdYACTjek,DOMESKY HOLDING SDN BHD,"8, Jalan Hi-Tech 6/3, Kawasan Perindustrian Hi-Tech 6",Semenyih,2.9882739,101.8605907,0.0,0,03-8725 6025,Other,Unclear (review),0.0
ChIJd9YVDQBVzDERriJ9XNmEwiY,"Tupperware Azs Kapar, Meru, Klang",397X+C3,Klang,3.0635233,101.39772,0.0,0,013-325 7659,Other,Unclear (review),0.0
ChIJ7dqXiqa1zTERongioW8_lSo,Panas Express UPM Science Faculty,"Jabatan Matematik dan Statistik Fakulti Sains, Universiti Putra Malaysia",Seri Kembangan,3.000933799999999,101.7046656,0.0,0,012-524 3955,Other,Unclear (review),0.0
ChIJ9b1CXdrLzTERcIj5u5xRJ_c,Galeri Usahawan Canselor (GUC),"Kolej Canselor, Universiti Putra Malaysia",Seri Kembangan,2.9949984,101.7088188,0.0,0,,Other,Unclear (review),0.0
ChIJKSC7aJnKzTER3Fdbsn9Pk68,Super99 Sri Serdang,"3343, Jalan 18/32, Taman Sri Serdang",Seri Kembangan,3.0094361,101.7142054,0.0,0,03-9545 1212,Other,Unclear (review),0.0
ChIJyzNfcpPLzTEREFhEEu_HRsY,MieraMk,"Flat, No. 15 Blok 1, Taman Sri Serdang",Seri Kembangan,3.010715,101.715534,0.0,0,011-5896 9987,Other,Unclear (review),0.0
ChIJdZl5FeTLzTER4n1VzjF7cHg,MSS CASH CARRY,"28, Jalan Budiman 2/2, Taman Putra Budiman",Bandar Baru Kajang,3.0113248,101.7366083,0.0,0,010-234 6955,Other,Unclear (review),0.0
ChIJEbGbfjLLzTERkjirQFY-FwU,AC Store,Kampung Baru Balakong,Balakong,3.0274235,101.7503855,0.0,0,03-8658 2457,Other,Unclear (review),0.0
ChIJ6x8YMgDLzTERboT5xpeB0Nw,Md aman ullah,"Jalan Sungai Chua, Sungai Chua",Kajang,2.9933,101.7878,0.0,0,,Other,Unclear (review),0.0
ChIJRVTn8YRUzDERWrAdzqn5lnw,Mini Mesra,Malaysia,"Kuala Lumpur, Petaling Jaya, Shah Alam, Klang, Subang Jaya, Cheras, Ampang, Cyberjaya, Putrajaya, Kajang, 68100 Selayang, Damansara",3.0674638,101.4263703,0.0,0,,Other,Unclear (review),0.0
ChIJF-7pZQBVzDERFSyViOHcIoA,Pasar Raya Alqausar,"Lot 1678-A, Jalan Musran, Kampung Rantau Panjang",Klang,3.0537723,101.414061,0.0,0,,Other,Unclear (review),0.0
ChIJlRIIhCRTzDERx6wkipk-RHE,Propsed shop lot,"15, Jalan Nanas, Kawasan 18",Klang,3.0496956,101.4464086,0.0,0,016-276 2078,Other,Unclear (review),0.0
ChIJc3vEyKtTzDERM-3wSrktv0E,Scientific Retail,"F-06-G, City Park, Jalan Multimedia 7/Ag, I-city",Shah Alam,3.0648215,101.4838139,0.0,0,012-316 2848,Other,Unclear (review),0.0
ChIJ8RS_KjxTzDER1T82XG07oo4,Panas Express Wyndham Acmar Klang,"1, Lobby Level, 1-G, KU1 Wyndham Acmar Klang Hotel, 1, Persiaran Bukit Raja 2",Klang,3.0597781,101.4715062,0.0,0,010-448 3648,Other,Unclear (review),0.0
ChIJg_UvB_BSzDERQbF0xqrRw9g,On the Run,"Esso, 5, Persiaran Kayangan, Seksyen 7",Shah Alam,3.06556,101.49085,0.0,0,03-5519 2626,Other,Unclear (review),0.0
ChIJ-d6XMjpNzDERbPWgIRJCprQ,Baloy Pusat Mel,3G4V+VR,Shah Alam,3.0572049,101.5445602,0.0,0,,Other,Unclear (review),0.0
ChIJ_X7KBwBTzDERsk5YU1T3U9Y,Coway 1 malaysia,Shah Alam,"Kuala Lumpur, Petaling Jaya, Shah Alam, Klang, Subang Jaya, Cheras, Ampang, Cyberjaya, Putrajaya, Kajang, 68100 Selayang, Damansara",3.0733639,101.5217217,0.0,0,016-320 2432,Other,Unclear (review),0.0
ChIJwzB1XgBTzDERMhDdmwgLs5g,Subang mahsing,Shah Alam,"Kuala Lumpur, Petaling Jaya, Shah Alam, Klang, Subang Jaya, Cheras, Ampang, Cyberjaya, Putrajaya, Kajang, 68100 Selayang, Damansara",3.073281,101.518461,0.0,0,,Other,Unclear (review),0.0
ChIJGXv3vegzzDER9qbwmBfqhIc,Panas Express Monkey Canopy,"Square Located in Monkeys Canopy, R34, Artisanal, Lot 683, Jalan Sungai Long Hill",Sungai Long,3.051638199999999,101.8495948,0.0,0,010-448 3648,Other,Unclear (review),0.0
ChIJayuqHhJLzDERhr5KO__MF0E,Pelangi jaya resources,"Block C-1-49, Komplex Suria Kinrara, Jalan persiaran kinrara seksyen 3, taman kinrara",Puchong,3.0627488,101.6427556,0.0,0,03-8080 4995,Other,Unclear (review),0.0
ChIJpSm4YgA1zDERjpLCYRG-gMM,Frezz Frozen Food,"2, Jalan Pahlawan 2/3, Bandar Mahkota Cheras",Cheras,3.0643978,101.790156,0.0,0,,Other,Unclear (review),0.0
ChIJ0WrE31k1zDER0yUA0b1AFGQ,Panas Express UTAR Sg Long,"Universiti Tunku Abdul Rahman (UTAR, Jalan Sungai Long, Bandar Sungai Long",Kajang,3.0404033,101.7945749,0.0,0,012-524 3955,Other,Unclear (review),0.0
ChIJmZf9O4VKzDERPKPbP_iadQw,Quick & Easy,"A-G-3A Block A, Endah Prominadem, 5, Jalan 3/149e, Taman Sri Indah",Kuala Lumpur,3.0638493,101.6972275,0.0,0,03-9054 4375,Other,Unclear (review),0.0
ChIJoQvKFgBLzDERdhInHvF9cuI,adam,"217, Bukit Jalil",Kuala Lumpur,3.0534167,101.6966199,0.0,0,,Other,Unclear (review),0.0
ChIJv7-INABLzDERd-ycPCRpqAo,My Corner Shop,"SPORTS CITY, MY CORNER SHOP, KIOSK A, STADIUM NASIONAL",Kuala Lumpur,3.053698,101.6920874,0.0,0,,Other,Unclear (review),0.0
ChIJq5g7egBLzDERl3-V4uDG3yE,Butler Concept Sdn Bhd,"Vista Komanwel A, Clubhouse, Jalan Jalil Perkasa 19, Bukit Jalil",Kuala Lumpur,3.0603447,101.6850391,0.0,0,,Other,Unclear (review),0.0
ChIJZxOZGABLzDER8QKJiTscjM0,Hizbah store,"1A, Jalan Kuyow, Pekan, Sungai Besi",Kuala Lumpur,3.0527952,101.7057586,0.0,0,,Other,Unclear (review),0.0
ChIJI-br8j9LzDERs6Gm_60Ug_A,Panas Express Lanai Residence,"G-02, Residensi Lanai Bukit Jalil, No2 Jalan 2/155A Bandar Baru, Bukit Jalil",Kuala Lumpur,3.0526427,101.6858911,0.0,0,012-524 3955,Other,Unclear (review),0.0
ChIJBS75XQA1zDERqrZ2vcrLasE,Coway Malaysia Ram,Pekan Batu 9 Cheras,Cheras,3.0715785,101.7635475,0.0,0,016-650 4843,Other,Unclear (review),0.0
ChIJgb1fNjs1zDERz0WzhZdVIEU,Chop Yin Hoe,"No. 2A, No. 2A, Jalan Damai Perdana 1/9c, Bandar Damai Perdana",Kuala Lumpur,3.0453863,101.7406198,0.0,0,03-9105 5195,Other,Unclear (review),0.0
ChIJWUt3CgBTzDERnmcC44gH9p8,Putri pak,"No 37-1, Jalan KS4/KU5, Jalan Meru, Klang Sentral",Klang,3.114655,101.441437,0.0,0,,Other,Unclear (review),0.0
ChIJo3zSMlNTzDERL34NWcSMHJ0,MValue Setia Alam,"35-G, Jalan Setia Indah X U13/X, Setia Alam",Shah Alam,3.098737,101.4616,0.0,0,03-5031 7712,Other,Unclear (review),0.0
ChIJHyGgJ9BPzDERLrqsF5kMv9g,Js bottle,"Plaza Jelutong, D 46, ground floor",Shah Alam,3.1157364,101.5295952,0.0,0,011-3749 6648,Other,Unclear (review),0.0
ChIJ1-SNcABNzDERlb3ocu3Akww,bas stop,"Pusat Komersial D'Bayu, Bukit Jelutong",Shah Alam,3.103642,101.528386,0.0,0,,Other,Unclear (review),0.0
ChIJG3FDHwBNzDER7Kb1oBD5tOI,CU convenience store,"G-36, KOMERSIAL RADIA, 3, Persiaran Arked, Bukit Jelutong",Shah Alam,3.101799,101.536032,0.0,0,,Other,Unclear (review),0.0
ChIJcWUyF7VNzDERXICiwWEw_VQ,Warung Bobby,"Jalan Bazar U8/99, Bukit Jelutong",Shah Alam,3.0970246,101.5391606,0.0,0,019-911 0689,Other,Unclear (review),0.0
ChIJTUFnAQAxzDERc-uVfWDOSlU,Limbat legasi,"4, Jalan Pinggiran Delima 2/5, Taman Pinggiran Delima",Hulu Langat,3.1215165,101.8097318,0.0,0,,Other,Unclear (review),0.0
ChIJCZPjZgAxzDER33cu9a-iT38,KoSMAJa,Kampung Sungai Gahal,Hulu Langat,3.118014499999999,101.8179537,0.0,0,,Other,Unclear (review),0.0
ChIJG15s-PYzzDERIT4faZQ0qfA,NT SHOP HULU LANGAT,"No 41 & 43, Jalan Lagenda Suria 1, Taman Lagenda Suria",Hulu Langat,3.0978978,101.8010952,0.0,0,,Other,Unclear (review),0.0
ChIJZ8d37hQzzDERGRBE4oscYno,Malaysian Fortune,"61-1, Jalan Lagenda Suria 1, Taman Lagenda Suria",Hulu Langat,3.097491,101.800636,0.0,0,03-9021 4917,Other,Unclear (review),0.0
ChIJax8Bs-lXzDERpkXeSl8oqrg,DR Ventures,"Lot.2327, Kampung Bukit Kapar",Kapar,3.161647900000001,101.4282236,0.0,0,011-6435 0506,Other,Unclear (review),0.0
ChIJ5Wy6BO9NzDERpjnnp_BSdr8,Panas Express Dana 13,"Level G.1, Menara Dana 13 Dana 1 Commercial Centre, Jalan PJU 1a/46",Petaling Jaya,3.1111292,101.5827014,0.0,0,012-524 3955,Other,Unclear (review),0.0
ChIJRQVqzl1JzDERQtxVQP_CnG8,Christopher Lee & Co,"Jaya One, 72A, Jalan Profesor Diraja Ungku Aziz",Petaling Jaya,3.118362,101.6362381,0.0,0,03-7960 4528,Other,Unclear (review),0.0
ChIJS1wCbn1JzDERlhxEtE_Q6j8,1 Stop Shop,Malaysia,"Kuala Lumpur, Petaling Jaya, Shah Alam, Klang, Subang Jaya, Cheras, Ampang, Cyberjaya, Putrajaya, Kajang, 68100 Selayang, Damansara",3.1134514,101.6519574,0.0,0,,Other,Unclear (review),0.0
ChIJJTMTbgRLzDER18cE95SA3Kk,AR Convenience Store,"212, Persiaran Barat, Pjs 52",Petaling Jaya,3.1048054,101.6470203,0.0,0,,Other,Unclear (review),0.0
ChIJPw0gd3M2zDER0l1u6aKpgFU,caliph for kids,"A2-06-04, Teratak Muhibah 2, Taman Desa, Jalan Klang Lama, Kuala Lumpur",Kuala Lumpur,3.1066214,101.6786065,0.0,0,012-316 0258,Other,Unclear (review),0.0
ChIJ8YAmhsdLzDERTjD-mYqJYBU,KK Concept Store Residence- Desa Green ( RDG ),"No.2-G-6, Desa Green Apartment, Kompleks Hijauan Desa, Jalan Desa Bakti 2",Kuala Lumpur,3.105783499999999,101.6949701,0.0,0,,Other,Unclear (review),0.0
ChIJgxwxGwBLzDERrBTnrvtGSok,Coway Sungai besi,Sungai Besi,Kuala Lumpur,3.1089128,101.7054072,0.0,0,012-855 1096,Other,Unclear (review),0.0
ChIJz98yKABJzDER_y-msIT7wyI,PERNAMA Bellamy,"570, Jalan Bukit Petaling, Bukit Petaling",Kuala Lumpur,3.1290741,101.6992604,0.0,0,011-5229 3887,Other,Unclear (review),0.0
ChIJ79I9KAA3zDERbfC3TUlrfaY,Pandan perdana,Pandan Perdana,Kuala Lumpur,3.117157,101.742133,0.0,0,016-901 7742,Other,Unclear (review),0.0
ChIJ5xEQPwBPzDERa73g2mc4dbE,Rian,Subang Bestari,Shah Alam,3.17673,101.5445362,0.0,0,,Other,Unclear (review),0.0
ChIJ8ae0HgBPzDER1Sj-FTG8tbc,My One Shop (Pinggiran Subang),"17, Jalan Bulan J U5/J, Bandar Pinggiran Subang",Shah Alam,3.1599779,101.5478964,0.0,0,012-260 0387,Other,Unclear (review),0.0
ChIJ-VUgs4lPzDERKNc9xHVOcms,Panas Express Help Subang,"Ground floor, Help University Subang, 1, Persiaran Cakerawala",Shah Alam,3.1782553,101.5487507,0.0,0,012-524 3955,Other,Unclear (review),0.0
ChIJ14E-AgBPzDERsFvaop_u5Lg,Coway Shah Alam,Elmina,"Kuala Lumpur, Petaling Jaya, Shah Alam, Klang, Subang Jaya, Cheras, Ampang, Cyberjaya, Putrajaya, Kajang, 68100 Selayang, Damansara",3.1861854,101.5351,0.0,0,012-245 5860,Other,Unclear (review),0.0
ChIJszFmJgBRzDERZkdwXQY5Hkw,Coway Subang,Taman Bukit Subang,Shah Alam,3.1709166,101.5129402,0.0,0,014-661 3742,Other,Unclear (review),0.0
ChIJZY7vagBPzDERZ3RU90pfAz0,Kota damansara,Kota Damansara,Petaling Jaya,3.1622148,101.5869321,0.0,0,016-411 2950,Other,Unclear (review),0.0
ChIJMRG-hfhPzDER6Q1_7hgeuJo,MS Barakah Retail Group,"41, Jalan Sepah Puteri 5/20",Petaling Jaya,3.1580682,101.589822,0.0,0,012-275 6037,Other,Unclear (review),0.0
ChIJJ86gbABPzDERhldTMoGnVUs,Coway Thinagaran,Bandar Saujana Putra,Jenjarom,3.1546287,101.5954383,0.0,0,,Other,Unclear (review),0.0
ChIJWQqC59FJzDERGZSSc__olK4,Panas Express Ceriaan Kiara,"B-02-02, Ground Floor, 15, Jalan Kiara 3, Mont Kiara",Kuala Lumpur,3.1692958,101.6498236,0.0,0,,Other,Unclear (review),0.0
ChIJjf_6A8RJzDER3vxHzdWllGk,Panas Express izen MK,"Lot 60493, Mukim Batu, G - 5, kiara II, Jalan Kiara, Mont Kiara",Kuala Lumpur,3.1658731,101.6543232,0.0,0,012-524 3955,Other,Unclear (review),0.0
ChIJzSwRVgBFzDER76i4UJAeW3g,Sopiret,"Jalan JKKK, Kampung Sungai Pelong",Shah Alam,3.2120499,101.5344031,0.0,0,,Other,Unclear (review),0.0
ChIJ_6DfLl5FzDERVe7KteVoMNM,USMAN BIN HASAN,"SA 628 Taman Paya Jaras Permai, Jalan Kuala Selangor, Kampong Sungai Pelong",Shah Alam,3.208831500000001,101.5376636,0.0,0,,Other,Unclear (review),0.0
ChIJXwaYFQBFzDER3HNr5bwdpv8,lotus,"B.1.3, kuarters guru, smk pengkalan permatang",Selangor,3.2304054,101.557176,0.0,0,,Other,Unclear (review),0.0
ChIJlV7pnhxFzDERFZ33HRT7GBo,Bukit Rahman Putra Redemption Centre,"23, Jalan BRP 6/12, Bukit Rahman Putra, Sungai Buloh, 47000, Sungai Buloh",Selangor,3.227583,101.558239,0.0,0,03-6142 2362,Other,Unclear (review),0.0
ChIJ9dpDIABFzDERUfAD4pnNhuU,Sungai Buloh,Bukit Rahman Putra,Sungai Buloh,3.216821,101.5603229,0.0,0,,Other,Unclear (review),0.0
ChIJVX6NsSBIzDERzDolaTcNNGY,Muna's,"Jalan Mahmud, Kampung Baru",Kuala Lumpur,3.166461900000001,101.7060136,0.0,0,03-2698 9194,Other,Unclear (review),0.0
ChIJQ7cGFi1IzDERrwVSelbLXDo,Lalal Store,"119, Jalan Masjid India, City Centre",Kuala Lumpur,3.1521,101.6974001,0.0,0,03-2691 0916,Other,Unclear (review),0.0
ChIJpz53WiNIzDERmbUC_jYOdg8,Ban Huat Heng Sdn Bhd,"57, Jalan Putra (Jalan Chow Kit), 50350, Kuala Lumpur",WP Kuala Lumpur,3.1663866,101.6971136,0.0,0,03-4042 7225,Other,Unclear (review),0.0
ChIJZXJDSJRJzDERvUYJ5YZAJgw,CIRCLE M - Jalan Chowkit (Jalan TAR),"484, Lot 6, Jalan Tuanku Abdul Rahman, Chow Kit",Wilayah Persekutuan,3.166363,101.698008,0.0,0,011-1164 0884,Other,Unclear (review),0.0
ChIJdYfodwA3zDEROu9NSII1-dE,Muhammad mirza,Taman Keramat,Kuala Lumpur,3.1697604,101.74359,0.0,0,,Other,Unclear (review),0.0
ChIJ1Y00-5A3zDERog1F3-sxk8g,Setiawangsa Houseware Sdn. Bhd.,"Permai, Wilayah Persekutuan, No. 7 & 9, Jalan AU 1a/4b, Taman Keramat",Kuala Lumpur,3.1774272,101.7383876,0.0,0,03-4265 3152,Other,Unclear (review),0.0
ChIJR1x0BQBbzDERXJyXjqfCHFw,Pak Mat Western Puncak Alam,"LBS, NO.36, Jalan Rentak 1/5, Jalan Rentak Perdana, Alam Perdana",Puncak Alam,3.2404043,101.463064,0.0,0,011-6171 1763,Other,Unclear (review),0.0
ChIJQUmgVwBZzDERjewkVtghbbg,Klang Frozen Dataran Suria,"14, Jalan Dataran Suria 15/7/2",Puncak Alam,3.2336966,101.4145183,0.0,0,,Other,Unclear (review),0.0
ChIJCc0GWwBZzDERyAauhA3Gpcw,Klang Frozen Dataran Suria,"14, Jalan Dataran Suria 15/7/2",Puncak Alam,3.2340925,101.4142283,0.0,0,,Other,Unclear (review),0.0
ChIJ3-yuXgBZzDERRCfBVis7bAw,Klang frozen,Jalan Dataran Suria 15/7/2,Puncak Alam,3.2342882,101.414205,0.0,0,,Other,Unclear (review),0.0
ChIJb5ikAQBZzDER6l7y5yYDPUE,Klang Frozen Dataran Suria,"12, Jalan Dataran Suria 15/7",Puncak Alam,3.234827799999999,101.4142875,0.0,0,,Other,Unclear (review),0.0
ChIJ-wILCABZzDERMzkLpASGucQ,Klang Frozen Dataran Suria,"Dataran Suria, 12-1&14-1, Jalan Dataran Suria 15/7/2",Puncak Alam,3.2346665,101.4139458,0.0,0,,Other,Unclear (review),0.0
ChIJiXkbLABBzDERMUhjDr_aF5c,Chris's Workshop,"36-3, 1, Jalan Amansiara 1, Taman Amansiara",Batu Caves,3.2713548,101.6489816,0.0,0,,Other,Unclear (review),0.0
ChIJqW7BiZZHzDERJtUlo5aCyk8,Halal Premium Outlet 336,"Suite-13-G Selayang18, Persiaran 3, Baru Selayang",Batu Caves,3.2552196,101.6538217,0.0,0,013-336 4636,Other,Unclear (review),0.0
ChIJRYZ4SQBFzDERBJSawBtEGdE,Nexis Sunway Damansara,"63-65, Jalan Nautika C U20/C, Pusat Komersial Tsb",Shah Alam,3.2099722,101.5707874,0.0,0,,Other,Unclear (review),0.0
ChIJq4jsIgBFzDERj9i0dJcFGkg,Coway Subang,Subang Bestari,Shah Alam,3.2112769,101.5690897,0.0,0,012-245 5860,Other,Unclear (review),0.0
ChIJl0k7qZJFzDERN4HN-C_yoQs,AL HASSAN,"Jalan PJU 10/3, Damansara Damai",Petaling Jaya,3.196487,101.5932534,0.0,0,,Other,Unclear (review),0.0
ChIJJ2zS3odFzDERtZpclbEYqVQ,3832 Apartment Lestari Damansara Damai,"No: C-0-20 (Ground Floor), Blok C, Apartment Lestari, 1, Jalan PJU 10/1b, Damansara Damai",Petaling Jaya,3.1965612,101.5952398,0.0,0,03-3362 6863,Other,Unclear (review),0.0
ChIJPX_0bqc5zDERPAOLtkVpYEE,Panas Express IIUM,"Central Facilities Mahallah Maryam, International Islamic University Malaysia, Jalan Gombak",Kuala Lumpur,3.2592696,101.735588,0.0,0,012-524 3955,Other,Unclear (review),0.0
ChIJHe8NGUBGzDER-NXXomitZU0,Infinity Mobile Solution,"Jalan Metro 1, Metro Prima",Kuala Lumpur,3.2122154,101.6390322,0.0,0,,Other,Unclear (review),0.0
ChIJ5YAGGQBHzDER11LjwhKvOns,MKR STORE,"25, Jalan 13, Taman Desa Jaya",Kuala Lumpur,3.2160494,101.6284409,0.0,0,03-6731 2256,Other,Unclear (review),0.0
ChIJn1zmfPFGzDERVk6gQIpJ6OY,Greens,Taman Selayang Utama,"Kuala Lumpur, Petaling Jaya, Shah Alam, Klang, Subang Jaya, Cheras, Ampang, Cyberjaya, Putrajaya, Kajang, 68100 Selayang, Damansara",3.237737,101.644436,0.0,0,03-6127 0229,Other,Unclear (review),0.0
ChIJvRVyiX9HzDER--TslOiBRmc,Son Cash And Carry,"No. C-0-8, Jalan 1/38A, Off Jalan Segambut, Wilayah Persekutuan",Kuala Lumpur,3.2303515,101.7049789,0.0,0,014-632 6515,Other,Unclear (review),0.0
ChIJJScTzH1ezDERftNM87011kM,168 Holding Sdn Bhd (168 Store),Lot 1688 Jalan Makmur Batu 28 Ijok Darul Ehsan.,"Kuala Lumpur, Petaling Jaya, Shah Alam, Klang, Subang Jaya, Cheras, Ampang, Cyberjaya, Putrajaya, Kajang, 68100 Selayang, Damansara",3.3146068,101.4272283,0.0,0,016-339 0055,Other,Unclear (review),0.0
ChIJcYVCjBBHzDERZi80bSxwLbM,Chop Soon Hung Chan (Hung Kee),"F1788, Jalan Besar",Batu Arang,3.257212,101.6788626,0.0,0,,Other,Unclear (review),0.0
ChIJQxDQQTU4zDERMEciRAbOGfY,Thurkah's Cash & Carry,"38, Jalan Bandar 1, Taman Melawati",Kuala Lumpur,3.208854799999999,101.7507495,0.0,0,03-4108 9337,Other,Unclear (review),0.0
ChIJd2IUFCw5zDERgSt_KOweaKg,Az-Zain Taman Permata,"2730G, Jalan Permata 4, Taman Permata",Kuala Lumpur,3.2064742,101.7504945,0.0,0,03-4162 4101,Other,Unclear (review),0.0
ChIJ8Z3jW5U5zDER0m0HjdBEsmg,KK Concept Store TAR Setapak ( TARS ),"TAR UMT, Lot. 24308, Mukim, Setapak",Kuala Lumpur,3.2158416,101.733143,0.0,0,,Other,Unclear (review),0.0
ChIJcfliBgA5zDERi4TCb3gTd0M,Arrysn aralya etp,"c7, Jalan Wangsa Perdana 3, Seksyen 4 Wangsa Maju",Kuala Lumpur,3.2030548,101.7429043,0.0,0,,Other,Unclear (review),0.0
ChIJoYgkqrc5zDERIhwo2HnGc5Y,ALPHA CONVENTION STORE,Seksyen 2 Wangsa Maju,Kuala Lumpur,3.2072073,101.7351921,0.0,0,,Other,Unclear (review),0.0
ChIJIxJjKwA9zDERBV8WGS6lHag,Simpang Agro Bazaar Rakyat,"116, Jalan Sumsum Hilir, Kampung Janda Baik",Bentong,3.3200636,101.8642872,0.0,0,,Other,Unclear (review),0.0
ChIJM0DsHT9hzDERSm5PcwBHA24,joeyshoppe,"16, Jalan Bukit Badong, Taman Seri Berjuntai",Batang Berjuntai,3.3756297,101.409643,0.0,0,016-301 3820,Other,Unclear (review),0.0
ChIJ2xHJJgAVzDERE4RXnyuImU4,168 store permai boulevard,"69000, Jalan Permai",Genting Highlands,3.3851402,101.7747541,0.0,0,,Other,Unclear (review),0.0
ChIJZSJ4czIVzDERsgeWdyIzv8c,"KK Concept Store Genting, Resort Hotel ( GRH )",Lot No.R/L1.1K1 Level 1 Resort Hotel Genting Highlands Resort,Genting Highlands,3.3969343,101.7864152,0.0,0,,Other,Unclear (review),0.0
ChIJGzNHTwBDzDER0vR8wUISxyk,izdihars,Taman Tun Teja,Rawang,3.3044395,101.5915866,0.0,0,,Other,Unclear (review),0.0
ChIJN9VamMlDzDERNvm8rEH83aA,Jeruk Madu Pak Ali Rawang,"no 77 jalan ipoh batu 16 Bhpetrol Ipoh, Batu 16, Jalan Rawang - Bestari Jaya",Rawang,3.30433,101.5952928,0.0,0,013-346 2313,Other,Unclear (review),0.0
ChIJk7uMfthpzDERIapbF_d1LlE,GCH Retail (M) Sdn. Bhd.,"G05, Ground Floor, Jalan, Persiaran Anggun, Taman Anggun",Rawang,3.3159809,101.5373967,0.0,0,03-6091 0862,Other,Unclear (review),0.0
ChIJ33QueIFDzDERr5OvpD42ocY,PASAR RAYA DELIMA,"32A KEDAI SETINGKAT, Jalan Bayu Permai 5, Taman Bayu Permai",Rawang,3.3150782,101.5335861,0.0,0,017-679 7005,Other,Unclear (review),0.0
ChIJ3-vmCQBDzDERyKUeaigtEI0,Coway RAWANG,Jalan Anggun 3F,Rawang,3.309131599999999,101.5358096,0.0,0,012-855 1896,Other,Unclear (review),0.0
ChIJ9RrtCACNzDERCVZvI4AUH9o,tanjong karang,"160, Lorong 3b, Kampung Tiram Setia",Tanjong Karang,3.4263764,101.2455531,0.0,0,,Other,Unclear (review),0.0
ChIJN6fwgUsfzDERU3PlZS4qVBM,Pasaraya Anda Karak,"LOT 159-G, 07, JALAN PERDANA RAYA, TAMAN PERDANA RAYA",Karak,3.4144758,102.0329443,0.0,0,010-244 8900,Other,Unclear (review),0.0
ChIJnwbV-PNtzDERX7sUcZOXVoY,公利祥 Kong Lee Seong Store,Taman Rasa Jaya,Rasa,3.4963506,101.6327858,0.0,0,,Other,Unclear (review),0.0
ChIJKQJgEABtzDERaO3wgFt1lEU,Eyan,Rasa,"Kuala Lumpur, Petaling Jaya, Shah Alam, Klang, Subang Jaya, Cheras, Ampang, Cyberjaya, Putrajaya, Kajang, 68100 Selayang, Damansara",3.500165,101.6297674,0.0,0,,Other,Unclear (review),0.0
ChIJRbVbUBoFzDERSaZgvkqd1Ek,SOO KEE,"108, Lorong Teh Eng Suan 3, Kampung Chamang",Bentong,3.5282225,101.9019381,0.0,0,016-963 8495,Other,Unclear (review),0.0
ChIJaZO0LAB3zDERuatSexUMxVs,formula student malaysian shop,Jalan Besar,Kuala Kubu Baru,3.592826,101.6043688,0.0,0,,Other,Unclear (review),0.0
ChIJ54-dOgBtzDERW2QVjtQXkKI,😍💙Store💙😍,Batang Kali,"Kuala Lumpur, Petaling Jaya, Shah Alam, Klang, Subang Jaya, Cheras, Ampang, Cyberjaya, Putrajaya, Kajang, 68100 Selayang, Damansara",3.4288863,101.6529335,0.0,0,,Other,Unclear (review),0.0
ChIJr46nPABrzDERz9F4CeIHG1A,Rehan,Hulu Yam Bharu,Batang Kali,3.427953,101.659144,0.0,0,,Other,Unclear (review),0.0
ChIJT6jZKgATzDERfy2iEry6X3s,Trovy Delights,"1, Jalan Ion Delemen",Genting Highlands,3.4338976,101.7872759,0.0,0,,Other,Unclear (review),0.0
ChIJHenxzdUVzDER8z7PTXuj06c,77 Covenience Store,Genting Highlands,"Kuala Lumpur, Petaling Jaya, Shah Alam, Klang, Subang Jaya, Cheras, Ampang, Cyberjaya, Putrajaya, Kajang, 68100 Selayang, Damansara",3.4237042,101.7927974,0.0,0,,Other,Unclear (review),0.0
