city,place_id,name,name_norm,address,lat,lng,types,banner,format,reckitt_target
"RECIFE, PE",,Assaí Atacadista,assai atacadista,"Avenida Marechal Mascarenhas de Morais, 2056 - Imbiribeira, Recife",-8.100839599999999,-34.9118576,"supermarket,grocery_or_supermarket,store,food,point_of_interest,establishment",Assaí,Atacarejo,TARGET
"RECIFE, PE",,União Correias,uniao correias,"Rua João Teixeira, 130 - Estância, Recife",-8.085781799999998,-34.9278612,"supermarket,grocery_or_supermarket,store,food,point_of_interest,establishment",Independente / Sem chain identificado,Supermercado,TARGET
"RECIFE, PE",,Supermercado Sttyllo,supermercado sttyllo,"380, Rua Itanagé, 132 - Ipsep, Recife",-8.106200299999998,-34.9204675,"supermarket,grocery_or_supermarket,store,food,point_of_interest,establishment",Sttyllo,Supermercado,TARGET
"RECIFE, PE",,Supermarket Arco - Iris,supermarket arco - iris,"Rua Jean Emile Favre, 840 - Ipsep, Recife",-8.109280700000001,-34.917829,"supermarket,grocery_or_supermarket,store,food,point_of_interest,establishment",Independente / Sem chain identificado,Supermercado,TARGET
"RECIFE, PE",,Supermarket Arco-Mix Areias,supermarket arco-mix areias,"Avenida Doutor José Rufino, 1243 - Barro, Recife",-8.090471299999999,-34.93433869999999,"supermarket,grocery_or_supermarket,storage,store,restaurant,food,point_of_interest,establishment",Arco-Mix / Arco-Íris,Supermercado,TARGET
"RECIFE, PE",,Todo Dia,todo dia,"Estrada dos Remédios, 162 - Afogados, Recife",-8.078743,-34.9065042,"supermarket,grocery_or_supermarket,store,food,point_of_interest,establishment",Independente / Sem chain identificado,Supermercado,TARGET
"RECIFE, PE",,Carrefour Hipermercado Avenida Recife,carrefour hipermercado avenida recife,"Avenida Capitão Gregório de Caldas, 121 - Areias, Recife",-8.097647700000001,-34.9293324,"supermarket,grocery_or_supermarket,store,food,point_of_interest,establishment",Carrefour,Hipermercado / Supermercado,TARGET
"RECIFE, PE",,Sam's Club Recife,sam's club recife,"Avenida Marechal Mascarenhas de Morais, 3402 - Imbiribeira, Recife",-8.114355800000002,-34.91398629999999,"supermarket,grocery_or_supermarket,store,food,point_of_interest,establishment",Sam's Club,Atacarejo,TARGET
"RECIFE, PE",,Casa dos Filtros Ltda,casa dos filtros,"Avenida Pinheiros, 74 - Imbiribeira, Recife",-8.0911163,-34.90932129999999,"supermarket,grocery_or_supermarket,car_repair,store,food,point_of_interest,establishment",Independente / Sem chain identificado,Supermercado,TARGET
"RECIFE, PE",,Capotaria Batista,capotaria batista,"Avenida Marechal Mascarenhas de Morais, 1776 - Imbiribeira, Recife",-8.097638,-34.91020989999999,"furniture_store,supermarket,grocery_or_supermarket,car_repair,home_goods_store,store,food,point_of_interest,establishment",Independente / Sem chain identificado,Loja de Móveis,EXCLUDE
"RECIFE, PE",,Supermercado Lagoa,supermercado lagoa,"Rua Eliza Dias Ferreira, N° 30 - Imbiribeira, Recife",-8.092468799999999,-34.9161627,"supermarket,grocery_or_supermarket,store,food,point_of_interest,establishment",Independente / Sem chain identificado,Supermercado,TARGET
"RECIFE, PE",,Mercearia Pura Alegria Da Viví,mercearia pura alegria da vivi,"Rua Quinta do Sol - Jiquiá, Recife",-8.090351199999999,-34.92219620000001,"supermarket,grocery_or_supermarket,store,food,point_of_interest,establishment",Independente / Sem chain identificado,Mercearia / Empório,TARGET
"RECIFE, PE",,Mercadinho Figueirôa,mercadinho figueiroa,"Avenida Tapajós, 603 - Estância, Recife",-8.0931722,-34.9240344,"supermarket,grocery_or_supermarket,store,food,point_of_interest,establishment",Independente / Sem chain identificado,Mercadinho,TARGET
"RECIFE, PE",,Mercadinho JR,mercadinho jr,"Rua Nordestina, 26 - Estância, Recife",-8.092287599999999,-34.92494359999999,"supermarket,grocery_or_supermarket,store,food,point_of_interest,establishment",Independente / Sem chain identificado,Mercadinho,TARGET
"RECIFE, PE",,Hiper Frut,hiper frut,"Avenida Tapajós, 489 - Areias, Recife",-8.0926438,-34.9251847,"supermarket,grocery_or_supermarket,store,food,point_of_interest,establishment",Independente / Sem chain identificado,Hipermercado,TARGET
"RECIFE, PE",,Casa do Ovo e Queijo,casa do ovo e queijo,"Rua João Teixeira, 839 - Estância, Recife",-8.0903837,-34.926025,"supermarket,grocery_or_supermarket,store,food,point_of_interest,establishment",Independente / Sem chain identificado,Supermercado,TARGET
"RECIFE, PE",,Merc.Mine Preço,merc.mine preco,"travessa da santa cruz - Jiquiá, Recife",-8.08594,-34.9199491,"supermarket,grocery_or_supermarket,store,food,point_of_interest,establishment",Independente / Sem chain identificado,Supermercado,TARGET
"RECIFE, PE",,Mercadinho Vila Nova Economia perto De Você!,mercadinho vila nova economia perto de voce!,Brazil,-8.0856959,-34.920482,"supermarket,grocery_or_supermarket,store,food,point_of_interest,establishment",Independente / Sem chain identificado,Mercadinho,TARGET
"RECIFE, PE",,Hort frut Primos,hort frut primos,"Avenida Tapajós, 239 - Areias, Recife",-8.091736899999999,-34.9270597,"supermarket,grocery_or_supermarket,store,food,point_of_interest,establishment",Independente / Sem chain identificado,Supermercado,TARGET
"RECIFE, PE",,NovaMeta,novameta,"Rua General Góes Monteiro, 512 - Imbiribeira, Recife",-8.095787,-34.91058700000001,"supermarket,grocery_or_supermarket,store,food,point_of_interest,establishment",Independente / Sem chain identificado,Supermercado,TARGET
"RECIFE, PE",,Verdão da Imbiribeira,verdao da imbiribeira,"Avenida Pinheiros, 177 - Imbiribeira, Recife",-8.0912002,-34.9101482,"supermarket,grocery_or_supermarket,store,food,point_of_interest,establishment",Independente / Sem chain identificado,Supermercado,TARGET
"RECIFE, PE",,Mercadinho do Barbosa,mercadinho do barbosa,"Travessa Poeta Manuel Bandeira, 319 - Imbiribeira, Recife",-8.101220399999999,-34.9133563,"supermarket,grocery_or_supermarket,store,food,point_of_interest,establishment",Independente / Sem chain identificado,Mercadinho,TARGET
"RECIFE, PE",,PL Comércio,pl,"Rua Porto Estrela, 3 - 3a - Jiquiá, Recife",-8.0847742,-34.9209908,"supermarket,grocery_or_supermarket,store,food,point_of_interest,establishment",Independente / Sem chain identificado,Supermercado,TARGET
"RECIFE, PE",,J.G.P Mercearia,j.g.prcearia,"Avenida Luxemburgo, 560 - Imbiribeira, Recife",-8.102474899999999,-34.9149607,"supermarket,grocery_or_supermarket,store,food,point_of_interest,establishment",Independente / Sem chain identificado,Mercearia / Empório,TARGET
"RECIFE, PE",,Sacolao Da Ju,sacolao da ju,"Avenida Luxemburgo - Imbiribeira, Recife",-8.1017326,-34.9130973,"supermarket,grocery_or_supermarket,store,food,point_of_interest,establishment",Independente / Sem chain identificado,Supermercado,TARGET
"RECIFE, PE",,Point napolis,point napolis,"Rua Nápolis, 209 - Imbiribeira, Recife",-8.102748499999999,-34.9146936,"supermarket,grocery_or_supermarket,store,food,point_of_interest,establishment",Independente / Sem chain identificado,Supermercado,TARGET
"RECIFE, PE",,Mercearia Estância,mercearia estancia,"351, Rua João Teixeira, 279 - Estância, Recife",-8.0875826,-34.92691300000001,"supermarket,grocery_or_supermarket,store,food,point_of_interest,establishment",Independente / Sem chain identificado,Mercearia / Empório,TARGET
"RECIFE, PE",,Depósito e Mercearia R&F,deposito ercearia r&f,"Rua Arquiteto Luiz Nunes, 378 - Imbiribeira, Recife",-8.0872701,-34.9100346,"supermarket,grocery_or_supermarket,store,food,point_of_interest,establishment",Independente / Sem chain identificado,Mercearia / Empório,TARGET
"RECIFE, PE",,Mercearia Lima,mercearia lima,Brazil,-8.1031529,-34.9130462,"supermarket,grocery_or_supermarket,store,food,point_of_interest,establishment",Independente / Sem chain identificado,Mercearia / Empório,TARGET
"RECIFE, PE",,Mércio da Carne de Sol,mercio da carne de sol,"Rua João Teixeira, 244 - Estância, Recife",-8.0868007,-34.92743869999999,"supermarket,grocery_or_supermarket,store,food,point_of_interest,establishment",Independente / Sem chain identificado,Supermercado,TARGET
"RECIFE, PE",,Walmart Areias,walmart areias,"Avenida Capitão Gregório de Caldas, 121 - Caçote, Recife",-8.097647700000001,-34.9293324,"supermarket,grocery_or_supermarket,store,food,point_of_interest,establishment",Walmart,Hipermercado,TARGET
"RECIFE, PE",,Mercearia Do Chico,mercearia do chico,"Rua Noruega, 413 - Imbiribeira, Recife",-8.1042707,-34.9147748,"supermarket,grocery_or_supermarket,store,food,point_of_interest,establishment",Independente / Sem chain identificado,Mercearia / Empório,TARGET
"RECIFE, PE",,Mercadinho Manoel,mercadinho manoel,"Rua Carlos Pena Filho, 241-293 - Afogados, Recife",-8.082837099999999,-34.91663559999999,"supermarket,grocery_or_supermarket,store,food,point_of_interest,establishment",Independente / Sem chain identificado,Mercadinho,TARGET
"RECIFE, PE",,Empório da Vila,emporio da vila,"Rua Lavinia 125, Rua Lavínia, 133 - Afogados, Recife",-8.0836393,-34.9129956,"supermarket,grocery_or_supermarket,store,food,point_of_interest,establishment",Independente / Sem chain identificado,Mercearia / Empório,TARGET
"RECIFE, PE",,Frigorífico Preço bom,frigorifico preco bom,"Rua Campo Largo, 211 - Afogados, Recife",-8.0834019,-34.9133793,"supermarket,grocery_or_supermarket,store,food,point_of_interest,establishment",Independente / Sem chain identificado,Supermercado,TARGET
"RECIFE, PE",,Mercadinho Do Gil,mercadinho do gil,"Rua Treze - Imbiribeira, Recife",-8.099969599999998,-34.9085844,"supermarket,grocery_or_supermarket,store,food,point_of_interest,establishment",Independente / Sem chain identificado,Mercadinho,TARGET
"RECIFE, PE",,Mercadinho Novo Renascer,mercadinho novo renascer,"Rua Djalma Honório, 40-74 - Afogados, Recife",-8.0826172,-34.91346950000001,"supermarket,grocery_or_supermarket,store,food,point_of_interest,establishment",Independente / Sem chain identificado,Mercadinho,TARGET
"RECIFE, PE",,Bezerra Supermercado,bezerra,"Rua Blumenau, 95 - Ipsep, Recife",-8.1060451,-34.9213938,"supermarket,grocery_or_supermarket,store,food,point_of_interest,establishment",Independente / Sem chain identificado,Supermercado,TARGET
"RECIFE, PE",,Atacadão,atacadao,"Avenida Recife, 5005 - Areias, Recife",-8.088973000000001,-34.93056859999999,"supermarket,grocery_or_supermarket,store,food,point_of_interest,establishment",Atacadão,Atacarejo,TARGET
"RECIFE, PE",,Mercadinho Cardcal,mercadinho cardcal,"Avenida Tenente Felipe Bandeira de Melo, 425 - Areias, Recife",-8.093529399999998,-34.9315569,"supermarket,grocery_or_supermarket,store,point_of_interest,food,establishment",Independente / Sem chain identificado,Mercadinho,TARGET
"RECIFE, PE",,Mercadinho Lurdes,mercadinho lurdes,"Rua Engenheiro Otávio Arantes, 97 - Imbiribeira, Recife",-8.0860381,-34.9089632,"supermarket,grocery_or_supermarket,store,point_of_interest,food,establishment",Independente / Sem chain identificado,Mercadinho,TARGET
"RECIFE, PE",,Jambo,jambo,"Rua Guaraci - Caçote, Recife",-8.0994711,-34.9304296,"supermarket,grocery_or_supermarket,store,point_of_interest,food,establishment",Independente / Sem chain identificado,Supermercado,TARGET
"RECIFE, PE",,Supermercado Sao Miguel,supermercado sao miguel,"Rua São Miguel, 1425 - Afogados, Recife",-8.081068999999998,-34.9194982,"supermarket,grocery_or_supermarket,store,point_of_interest,food,establishment",Independente / Sem chain identificado,Supermercado,TARGET
"RECIFE, PE",,Ki-Nosso Supermercado,ki-nosso,"Rua São Miguel, 1425 - Afogados, Recife",-8.081007099999999,-34.91951879999999,"supermarket,grocery_or_supermarket,store,point_of_interest,food,establishment",Independente / Sem chain identificado,Supermercado,TARGET
"RECIFE, PE",,Mercadinho Simpere,mercadinho simpere,"Rua Simpere, 1-47 - Caçote, Recife",-8.100982799999997,-34.9296821,"supermarket,grocery_or_supermarket,store,point_of_interest,food,establishment",Independente / Sem chain identificado,Mercadinho,TARGET
"RECIFE, PE",,Desirée Variedades,desiree variedades,"Rua Turiaçu, 288 - Afogados, Recife",-8.082255899999998,-34.9132242,"supermarket,grocery_or_supermarket,store,point_of_interest,food,establishment",Independente / Sem chain identificado,Supermercado,TARGET
"RECIFE, PE",,Econômico Supermercados,economicos,"Avenida Recife, 1620 - Ipsep, Recife",-8.1036628,-34.9278331,"supermarket,grocery_or_supermarket,store,point_of_interest,food,establishment",Independente / Sem chain identificado,Supermercado,TARGET
"RECIFE, PE",,Comercial de Alimentos - Ipsep,comercial de alimentos - ipsep,"Avenida Recife, 1620 - Ipsep, Recife",-8.103665,-34.928028,"supermarket,grocery_or_supermarket,store,point_of_interest,food,establishment",Independente / Sem chain identificado,Supermercado,TARGET
"RECIFE, PE",,Souza Comercio De Alimentos Ltda,souza de alimentos,"Rua Aurora Caçote - Areias, Recife",-8.1001017,-34.9313134,"supermarket,grocery_or_supermarket,store,point_of_interest,food,establishment",Independente / Sem chain identificado,Supermercado,TARGET
"RECIFE, PE",,Mercadinho Budega,mercadinho budega,"Rua do Despacho, 11-105 - Afogados, Recife",-8.082701,-34.9103766,"supermarket,grocery_or_supermarket,store,point_of_interest,food,establishment",Independente / Sem chain identificado,Mercadinho,TARGET
"RECIFE, PE",,Pet é Bicho,pet e bicho,"Avenida Capitão Gregório de Caldas - Caçote, Recife",-8.099103799999998,-34.9323515,"supermarket,grocery_or_supermarket,store,point_of_interest,food,establishment",Independente / Sem chain identificado,Supermercado,TARGET
"RECIFE, PE",,Mercado Convenção,mercado convencao,"Rua Professor José Vicente, 518 - Ipsep, Recife",-8.107423,-34.9243261,"supermarket,grocery_or_supermarket,store,point_of_interest,food,establishment",Independente / Sem chain identificado,Supermercado,TARGET
"RECIFE, PE",,Mercadinho Ekonômico,mercadinho ekonomico,"Avenida Central, 30 - Mangueira, Recife",-8.079136099999998,-34.9215189,"supermarket,grocery_or_supermarket,store,point_of_interest,food,establishment",Independente / Sem chain identificado,Mercadinho,TARGET
"RECIFE, PE",,Mercadinho Imbiribeira,mercadinho imbiribeira,"Rua Professora Rosilda Costa, 183 - Imbiribeira, Recife",-8.086679,-34.90564800000001,"supermarket,grocery_or_supermarket,store,point_of_interest,food,establishment",Independente / Sem chain identificado,Mercadinho,TARGET
"RECIFE, PE",,Mercearia de Dayse,mercearia de dayse,"Travessa Sargento Silvio Delmar Holembach, 29 - Imbiribeira, Recife",-8.105423599999998,-34.9092234,"supermarket,grocery_or_supermarket,store,point_of_interest,food,establishment",Independente / Sem chain identificado,Mercearia / Empório,TARGET
"RECIFE, PE",,Mercadinho Do Doro,mercadinho do doro,"Rua Engenho Bom Recreio - Imbiribeira, Recife",-8.0872431,-34.90471710000001,"supermarket,grocery_or_supermarket,store,point_of_interest,food,establishment",Independente / Sem chain identificado,Mercadinho,TARGET
"RECIFE, PE",,Mercadinho Esperança,mercadinho esperanca,Brazil,-8.087343199999998,-34.9046077,"supermarket,grocery_or_supermarket,store,point_of_interest,food,establishment",Independente / Sem chain identificado,Mercadinho,TARGET
"RECIFE, PE",,Quitanda da Galega,quitanda da galega,"Travessa Doutor Carlos Alberto de Menezes, 22 - Afogados, Recife",-8.0801374,-34.9110765,"supermarket,grocery_or_supermarket,store,point_of_interest,food,establishment",Independente / Sem chain identificado,Supermercado,TARGET
"RECIFE, PE",,Mercadinho Menor Preço ( JOSE ROBERTO),mercadinhonor preco ( jose roberto),"Avenida Justiça e Paz, 300 - Caçote, Recife",-8.101699799999999,-34.9326962,"supermarket,grocery_or_supermarket,store,point_of_interest,food,establishment",Independente / Sem chain identificado,Mercadinho,TARGET
"RECIFE, PE",,Estrela de Papel - Papelaria - Conveniência - Perfumaria - Presentes,estrela de papel - papelaria - conveniencia - perfumaria - presentes,"Rua Jean Emile Favre, 557 - Loja C - Ipsep, Recife",-8.107766899999998,-34.91560680000001,"book_store,convenience_store,clothing_store,store,food,point_of_interest,establishment",Independente / Sem chain identificado,Livraria,EXCLUDE
"RECIFE, PE",,Banca da Poly,banca da poly,"Avenida José Ferreira Lins, 10 - Imbiribeira, Recife",-8.096685799999998,-34.9148163,"convenience_store,store,food,point_of_interest,establishment",Independente / Sem chain identificado,Conveniência,TARGET
"RECIFE, PE",,Br Mania,br mania,"Rua General Góes Monteiro, 891 - Imbiribeira, Recife",-8.098712899999999,-34.91039539999999,"convenience_store,store,food,point_of_interest,establishment",BR Mania (Petrobras),Conveniência,TARGET
"RECIFE, PE",,Posto Petrobras,posto petrobras,"Avenida Tapajós, 29 - Estância, Recife",-8.0905574,-34.9293283,"gas_station,car_wash,convenience_store,car_repair,store,restaurant,food,point_of_interest,establishment",Petrobras,Posto / Conveniência,TARGET
"RECIFE, PE",,bar&café conveniência,bar&cafe conveniencia,"Avenida Marechal Mascarenhas de Morais, 2349 - Loja 02 - Imbiribeira, Recife",-8.104015000000002,-34.91073149999999,"convenience_store,cafe,store,food,point_of_interest,establishment",Independente / Sem chain identificado,Conveniência,TARGET
"RECIFE, PE",,Posto Shell,posto shell,"Av. Mal, Avenida Masc. De Morais, 2662 - Imbiribeira, Recife",-8.1080598,-34.9119971,"gas_station,convenience_store,store,food,point_of_interest,establishment",Shell,Posto / Conveniência,TARGET
"RECIFE, PE",,Jet Oil - Serviços Automotivos | Ipiranga,jet oil - servicos automotivos | ipiranga,"Avenida Marechal Mascarenhas de Morais, 2135 - A A - Imbiribeira, Recife",-8.1091976,-34.91163,"convenience_store,store,food,point_of_interest,establishment",Ipiranga,Posto / Conveniência,TARGET
"RECIFE, PE",,Posto Petrobras,posto petrobras,"Avenida General Mac Arthur, 1481 - Imbiribeira, Recife",-8.110685199999999,-34.90618139999999,"gas_station,car_wash,convenience_store,car_repair,store,restaurant,food,point_of_interest,establishment",Petrobras,Posto / Conveniência,TARGET
"RECIFE, PE",,Mercadinho Emanuel,mercadinho emanuel,"Rua Camacho, 2210 - Imbiribeira, Recife",-8.102539499999999,-34.9213891,"convenience_store,store,food,point_of_interest,establishment",Independente / Sem chain identificado,Mercadinho,TARGET
"RECIFE, PE",,Posto Petrobras,posto petrobras,"Avenida Marechal Mascarenhas de Morais, 1854 - Imbiribeira, Recife",-8.0989665,-34.9104837,"gas_station,car_wash,convenience_store,car_repair,store,restaurant,food,point_of_interest,establishment",Petrobras,Posto / Conveniência,TARGET
"RECIFE, PE",,Barraca do Baiano,barraca do baiano,"Rua Das Maes, 126 - Imbiribeira, Recife",-8.102967399999999,-34.9142266,"convenience_store,store,food,point_of_interest,establishment",Independente / Sem chain identificado,Conveniência,TARGET
"RECIFE, PE",,MS BEBIDAS EXPRESS,ms bebidas express,"Rua Engenheiro José Apolinário, 598 - Imbiribeira, Recife",-8.089646199999999,-34.9092284,"convenience_store,liquor_store,home_goods_store,store,food,point_of_interest,establishment",Independente / Sem chain identificado,Conveniência,TARGET
"RECIFE, PE",,Esquina Do Radar Conveniências,esquina do radar conveniencias,"Rua Paris, 262 - Imbiribeira, Recife",-8.103014699999997,-34.91322950000001,"convenience_store,meal_takeaway,store,restaurant,food,point_of_interest,establishment",Independente / Sem chain identificado,Conveniência,TARGET
"RECIFE, PE",,Posto Capricho,posto capricho,"Avenida Tapajós, 29 - Estância, Recife",-8.090585099999998,-34.9293304,"gas_station,convenience_store,store,food,point_of_interest,establishment",Posto (genérico),Posto / Conveniência,REVIEW
"RECIFE, PE",,BR Mania Conveniência,br mania conveniencia,"Avenida Tapajós, 29 - Estância, Recife",-8.090585099999998,-34.9293304,"convenience_store,atm,cafe,gas_station,car_repair,meal_takeaway,finance,store,restaurant,food,point_of_interest,establishment",BR Mania (Petrobras),Conveniência,TARGET
"RECIFE, PE",,Cleibson Feliciano lima da Silva,cleibson feliciano lima da silva,"primeira travesa - Rua Nápolis, 85 - Imbiribeira, Recife",-8.103049200000001,-34.9130416,"convenience_store,store,food,point_of_interest,establishment",Independente / Sem chain identificado,Conveniência,TARGET
"RECIFE, PE",,Galeria Carrefour Avenida Recife,galeria carrefour avenida recife,"Avenida Recife, 3777 - Areias, Recife",-8.0977471,-34.9292544,"convenience_store,store,food,point_of_interest,establishment",Carrefour,Hipermercado / Supermercado,TARGET
"RECIFE, PE",,Mercado Erimarket,mercado erimarket,"512 A - Piso 1, Rua Potengy, 512 - Ipsep, Recife",-8.105156299999999,-34.9195927,"convenience_store,grocery_or_supermarket,store,restaurant,food,point_of_interest,establishment",Independente / Sem chain identificado,Conveniência,TARGET
"RECIFE, PE",,C&L Delivery de Bebidas,c&l delivery de bebidas,"Rua Deputado Pedro Falcão, 157 - Areias, Recife",-8.096942199999999,-34.9302926,"liquor_store,convenience_store,store,food,point_of_interest,establishment",Independente / Sem chain identificado,Outros,REVIEW
"RECIFE, PE",,LSS Conveniência (Posto BR),lss conveniencia (posto br),"Rua São Miguel, 2072 - Afogados, Recife",-8.083066900000002,-34.9249067,"convenience_store,gas_station,store,food,point_of_interest,establishment",Posto (genérico),Posto / Conveniência,TARGET
"RECIFE, PE",,AmPm Conveniência - Juquiá,ampm conveniencia - juquia,"Rua São Miguel, 2072 - Afogados, Recife",-8.0829335,-34.92498759999999,"convenience_store,store,food,point_of_interest,establishment",AmPm (Shell),Conveniência,TARGET
"RECIFE, PE",,ampm,ampm,Brazil,-8.1040147,-34.9107315,"convenience_store,store,food,point_of_interest,establishment",AmPm (Shell),Conveniência,TARGET
"RECIFE, PE",,Posto Ipiranga,posto ipiranga,"Avenida Marechal Mascarenhas de Morais, 2349 - Imbiribeira, Recife",-8.1040414,-34.91064429999999,"gas_station,car_wash,convenience_store,car_repair,store,food,point_of_interest,establishment",Ipiranga,Posto / Conveniência,TARGET
"RECIFE, PE",,Posto Power,posto power,"Rua São Miguel, 1093 - Afogados, Recife",-8.0808693,-34.91664129999999,"gas_station,convenience_store,store,food,point_of_interest,establishment",Posto (genérico),Posto / Conveniência,REVIEW
"RECIFE, PE",,Ewerson miranda,ewerson miranda,"Rua 31 de Março, 408 - Ipsep, Recife",-8.1057398,-34.9265457,"convenience_store,store,food,point_of_interest,establishment",Independente / Sem chain identificado,Conveniência,TARGET
"RECIFE, PE",,VILLA SETE,villa sete,"Rua Sargento Silvio Delmar Holembach, 14 - Imbiribeira, Recife",-8.1049721,-34.90952189999999,"convenience_store,store,food,point_of_interest,establishment",Independente / Sem chain identificado,Conveniência,TARGET
"RECIFE, PE",,mercadinho do bola,mercadinho do bola,"Rua Sindicato dos Bancários, 10 - Caçote, Recife",-8.1030187,-34.9315563,"convenience_store,store,food,point_of_interest,establishment",Independente / Sem chain identificado,Mercadinho,TARGET
"RECIFE, PE",,Auto Posto São Miguel,auto posto sao miguel,"Praça Venâncio de Rezende, 10 - Afogados, Recife",-8.0802292,-34.910943,"gas_station,convenience_store,store,food,point_of_interest,establishment",Posto (genérico),Posto / Conveniência,REVIEW
"RECIFE, PE",,Shell Select,shell select,"Avenida Marechal Mascarenhas de Morais, 2662 - Imbiribeira, Recife",-8.1080598,-34.9119971,"convenience_store,store,food,point_of_interest,establishment",Select (Petrobras),Conveniência,TARGET
"RECIFE, PE",,Conveniência Do Bahia,conveniencia do bahia,"Rua General Carlos Líra, 39 - Afogados, Recife",-8.079966599999999,-34.910691,"convenience_store,store,food,point_of_interest,establishment",Independente / Sem chain identificado,Conveniência,TARGET
"RECIFE, PE",,Shell Select,shell select,"Avenida Recife, 2586 - Ipsep, Recife",-8.108107799999997,-34.9268148,"convenience_store,store,food,point_of_interest,establishment",Select (Petrobras),Conveniência,TARGET
"RECIFE, PE",,Mercearia da Esquina,mercearia da esquina,"Avenida Sul Governador Cid Sampaio, 9 - Imbiribeira, Recife",-8.105870899999998,-34.90780849999999,"convenience_store,store,food,point_of_interest,establishment",Independente / Sem chain identificado,Mercearia / Empório,TARGET
"RECIFE, PE",,BR Mania Conveniência,br mania conveniencia,"Rua São Miguel, 320 - Afogados, Recife",-8.0801226,-34.9096167,"convenience_store,store,food,point_of_interest,establishment",BR Mania (Petrobras),Conveniência,TARGET
"RECIFE, PE",,CONQUER MERCEARIA & CONVENIÊNCIA LTDA,conquerrcearia & conveniencia,"Rua Reinaldo Dorneles Câmara, 316 - Ibura, Recife",-8.107747499999999,-34.92919210000001,"convenience_store,store,food,point_of_interest,establishment",Independente / Sem chain identificado,Mercearia / Empório,TARGET
"RECIFE, PE",,Posto Petrobras,posto petrobras,"Rua Jean Emile Favre, 1083 - Ipsep, Recife",-8.1110969,-34.9194615,"gas_station,car_wash,convenience_store,car_repair,store,restaurant,food,point_of_interest,establishment",Petrobras,Posto / Conveniência,TARGET
"RECIFE, PE",,Barraca do seu Zé,barraca do seu ze,"Rua Manoel Didier, 67 - Imbiribeira, Recife",-8.105337,-34.9057263,"convenience_store,store,food,point_of_interest,establishment",Independente / Sem chain identificado,Conveniência,TARGET
"RECIFE, PE",,lojinha do val,lojinha do val,"Rua Manoel Didier, 20 - Imbiribeira, Recife",-8.107221,-34.9075667,"convenience_store,store,food,point_of_interest,establishment",Independente / Sem chain identificado,Conveniência,TARGET
"RECIFE, PE",,Bella Conveniência,bella conveniencia,"Dentro posto JD SP - Avenida Doutor José Rufino, 1508 - Barro, Recife",-8.0915552,-34.9365378,"convenience_store,store,food,point_of_interest,establishment",Independente / Sem chain identificado,Conveniência,TARGET
"RECIFE, PE",,Shell Select,shell select,"Avenida Recife, 5421 - San Martin, Recife",-8.0823599,-34.9333114,"convenience_store,store,food,point_of_interest,establishment",Select (Petrobras),Conveniência,TARGET
"RECIFE, PE",,Zita Conveniência,zita conveniencia,"Rua Tenente Mindelo - San Martin, Recife",-8.076381999999997,-34.9258333,"convenience_store,store,food,point_of_interest,establishment",Independente / Sem chain identificado,Conveniência,TARGET
"RECIFE, PE",,Conveniência,conveniencia,Brazil,-8.080525699999999,-34.904762,"convenience_store,store,point_of_interest,food,establishment",Independente / Sem chain identificado,Conveniência,TARGET
"RECIFE, PE",,Posto Petrobras + GNV,posto petrobras + gnv,"Avenida Recife, 5421 - Jardim São Paulo, Recife",-8.0806357,-34.9332403,"gas_station,convenience_store,car_wash,car_repair,store,point_of_interest,food,establishment",Petrobras,Posto / Conveniência,TARGET
"RECIFE, PE",,ZHOU MERCADO INTELIGENTE,zhourcado inteligente,"Rua Monsenhor Tabosa, 217 - Imbiribeira, Recife",-8.110141999999998,-34.9081551,"convenience_store,store,point_of_interest,food,establishment",Independente / Sem chain identificado,Conveniência,TARGET
"RECIFE, PE",,Mimi matheu,mimi matheu,"Rua Padre Nóbrega, 101 - Barro, Recife",-8.091709099999997,-34.9389033,"convenience_store,store,point_of_interest,food,establishment",Independente / Sem chain identificado,Conveniência,TARGET
"RECIFE, PE",,OLUAR BEBIDAS,oluar bebidas,"Rua Vinte e Um de Abril - San Martin, Recife",-8.0738833,-34.9229569,"convenience_store,store,point_of_interest,food,establishment",Independente / Sem chain identificado,Conveniência,TARGET
"RECIFE, PE",,Mercearia Pai e Filho Nicacio,mercearia pai e filho nicacio,"Rua Caturité, 225 - San Martin, Recife",-8.0743903,-34.92543239999999,"convenience_store,store,point_of_interest,food,establishment",Independente / Sem chain identificado,Mercearia / Empório,TARGET
"RECIFE, PE",,Galeria Sam's Club Recife,galeria sam's club recife,"Avenida Marechal Mascarenhas de Morais, 3402 - Imbiribeira, Recife",-8.1143637,-34.914,"convenience_store,store,point_of_interest,food,establishment",Sam's Club,Atacarejo,TARGET
"RECIFE, PE",,Posto Petrobras,posto petrobras,"DE MORAIS - Avenida Marechal Mascarenhas de Morais, 3468 - Imbiribeira, Recife",-8.1152962,-34.91335879999999,"gas_station,convenience_store,car_wash,car_repair,store,restaurant,point_of_interest,food,establishment",Petrobras,Posto / Conveniência,TARGET
"RECIFE, PE",,Posto Petrobrás (Posto Mais),posto petrobras (posto mais),"Rua Jornalista Edson Regis, 1131 - Ibura, Recife",-8.109133,-34.9355,"gas_station,convenience_store,car_wash,car_repair,store,restaurant,point_of_interest,food,establishment",Posto (genérico),Posto / Conveniência,REVIEW
"RECIFE, PE",,Centro Universitário Universo Recife,centro universitario universo recife,"Avenida Marechal Mascarenhas de Morais, 2169 - Imbiribeira, Recife",-8.1025677,-34.9098797,"university,point_of_interest,establishment",Independente / Sem chain identificado,Escola,EXCLUDE
"RECIFE, PE",,Hotel Estoril Prime,hotel estoril prime,"Avenida Recife, 5425 - Areias, Recife",-8.081942900000001,-34.933482,"lodging,point_of_interest,establishment",Independente / Sem chain identificado,Hotel,EXCLUDE
"RECIFE, PE",,Unipar,unipar,"Avenida Pinheiros, 51 - Imbiribeira, Recife",-8.0916748,-34.9088812,"finance,point_of_interest,establishment",Independente / Sem chain identificado,Outros,REVIEW
"RECIFE, PE",,Belmetal,belmetal,"Avenida Marechal Mascarenhas de Morais, 2513 - Imbiribeira, Recife",-8.109881399999999,-34.91185149999999,"store,point_of_interest,establishment",Independente / Sem chain identificado,Outros,REVIEW
"RECIFE, PE",,Centro Universitário UniFBV - Wyden,centro universitario unifbv - wyden,"Rua Jean Emile Favre, 422 - Imbiribeira, Recife",-8.10636,-34.9152112,"university,point_of_interest,establishment",Independente / Sem chain identificado,Escola,EXCLUDE
"RECIFE, PE",,ASA Ind e Com - Mill Reef,asa ind e - mill reef,"Rua da Paz, 82 - Afogados, Recife",-8.079359499999999,-34.9042571,"point_of_interest,establishment",Independente / Sem chain identificado,Outros,REVIEW
"RECIFE, PE",,Home Center Ferreira Costa Imbiribeira,home center ferreira costa imbiribeira,"Avenida Marechal Mascarenhas de Morais, 2967 - Imbiribeira, Recife",-8.1119928,-34.91093439999999,"furniture_store,home_goods_store,store,point_of_interest,establishment",Independente / Sem chain identificado,Loja de Móveis,EXCLUDE
"RECIFE, PE",,Companhia das Empilhadeiras - Há mais de 20 anos no mercado,companhia das empilhadeiras - ha mais de 20 anos norcado,"Rua Jacy, 2525A - Imbiribeira, Recife",-8.109097199999999,-34.91106790000001,"point_of_interest,establishment",Independente / Sem chain identificado,Outros,REVIEW
"RECIFE, PE",,Concessionária Volkswagen Meira Lins Imbiribeira,concessionaria volkswagenira lins imbiribeira,"Avenida Marechal Mascarenhas de Morais, 1043 - Imbiribeira, Recife",-8.0927454,-34.9085882,"car_dealer,store,point_of_interest,establishment",Independente / Sem chain identificado,Automotivo,EXCLUDE
"RECIFE, PE",,HMB CAOA - Recife,hmb caoa - recife,"Avenida Marechal Mascarenhas de Morais, 1920 - Imbiribeira, Recife",-8.099569299999999,-34.91062539999999,"car_dealer,car_repair,store,point_of_interest,establishment",Independente / Sem chain identificado,Automotivo,EXCLUDE
"RECIFE, PE",,Lojas Maia,lojas maia,"Rua da Paz, 283 - Afogados, Recife",-8.0804296,-34.905086,"department_store,store,point_of_interest,establishment",Independente / Sem chain identificado,Outros,REVIEW
"RECIFE, PE",,José Mariano State School,jose mariano state school,"Avenida Doutor José Rufino, 892 - Estância, Recife",-8.087892,-34.93243229999999,"school,point_of_interest,establishment",Independente / Sem chain identificado,Escola,EXCLUDE
"RECIFE, PE",,Car Coating,car coating,"Avenida Marechal Mascarenhas de Morais, 1108 - Imbiribeira, Recife",-8.0927744,-34.909187,"store,car_wash,point_of_interest,establishment",Independente / Sem chain identificado,Outros,REVIEW
"RECIFE, PE",,Refer,refer,"Rua José Natário, 478 - Areias, Recife",-8.0877182,-34.9375271,"point_of_interest,establishment",Independente / Sem chain identificado,Outros,REVIEW
"RECIFE, PE",,"Jacauna Móveis: Mesas, Cadeiras, Poltronas, Sofás e Móveis - Imbiribeira - Recife PE","jacauna moveis:sas, cadeiras, poltronas, sofas e moveis - imbiribeira - recife pe","Avenida Marechal Mascarenhas de Morais, 1968 - Imbiribeira, Recife",-8.101936,-34.910772,"furniture_store,home_goods_store,store,point_of_interest,establishment",Independente / Sem chain identificado,Loja de Móveis,EXCLUDE
"RECIFE, PE",,Comercial Gerdau - Recife,comercial gerdau - recife,"Avenida Marechal Mascarenhas de Morais, 1736 - Loja 2 - Imbiribeira, Recife",-8.097064,-34.9100923,"point_of_interest,establishment",Independente / Sem chain identificado,Outros,REVIEW
"RECIFE, PE",,Tambaí Automotive Dealership Chevrolet,tambai automotive dealership chevrolet,"Avenida Marechal Mascarenhas de Morais, 2727 - Imbiribeira, Recife",-8.106453799999999,-34.9111038,"car_dealer,store,point_of_interest,establishment",Independente / Sem chain identificado,Automotivo,EXCLUDE
"RECIFE, PE",,Kato Produções,kato producoes,"Rua Moacir Albuquerque, 331 - Imbiribeira, Recife",-8.0846913,-34.9098379,"florist,store,point_of_interest,establishment",Independente / Sem chain identificado,Outros,REVIEW
"RECIFE, PE",,Imbiribeira,imbiribeira,Imbiribeira,-8.1088584,-34.91189,"sublocality_level_1,sublocality,political",Independente / Sem chain identificado,Outros,REVIEW
"RECIFE, PE",,Dinâmica - Peças e Serviços,dinamica - pecas e servicos,"Rua Jean Emile Favre, 509 - Ipsep, Recife",-8.107408099999999,-34.9151348,"car_repair,store,point_of_interest,establishment",Independente / Sem chain identificado,Automotivo,EXCLUDE
"RECIFE, PE",,Colégio Logos - Imbiribeira,colegio logos - imbiribeira,"Rua Zeferino Pinho, 507 - Imbiribeira, Recife",-8.0989107,-34.91144819999999,"school,point_of_interest,establishment",Independente / Sem chain identificado,Escola,EXCLUDE
"RECIFE, PE",,House E P I Trade,house e p i trade,"Avenida Marechal Mascarenhas de Morais, 714 - Imbiribeira, Recife",-8.0891275,-34.90827009999999,"store,point_of_interest,establishment",Independente / Sem chain identificado,Outros,REVIEW
"RECIFE, PE",,GTS Nobreak,gts nobreak,"Avenida Doutor José Rufino, 158 - Jiquiá, Recife",-8.0841643,-34.9270538,"electronics_store,store,point_of_interest,establishment",Independente / Sem chain identificado,Eletrônica,EXCLUDE
"RECIFE, PE",,National Telecommunications Agency-ER-6 ANATEL,national telecommunications agency-er-6 anatel,"Rua Joaquim Bandeira, 492 - Imbiribeira, Recife",-8.1110505,-34.9066409,"point_of_interest,establishment",Independente / Sem chain identificado,Outros,REVIEW
"RECIFE, PE",,associacao dos fornecedores de cana de pe,associacao dos fornecedores de cana de pe,"Avenida Marechal Mascarenhas de Morais, 2028 - Imbiribeira, Recife",-8.1024358,-34.9108703,"point_of_interest,establishment",Independente / Sem chain identificado,Outros,REVIEW
"RECIFE, PE",,Golfinhos Academia,golfinhos academia,"Rua Doutor Raposo Pinto, 501 - Ipsep, Recife",-8.1098798,-34.9222486,"gym,school,health,point_of_interest,establishment",Independente / Sem chain identificado,Outros,EXCLUDE
"RECIFE, PE",,Porto Seguro Cia. de Seguros Gerais,porto seguro cia. de seguros gerais,"Avenida Marechal Mascarenhas de Morais, 1481 - Imbiribeira, Recife",-8.095242299999999,-34.9091499,"insurance_agency,point_of_interest,establishment",Independente / Sem chain identificado,Outros,REVIEW
"RECIFE, PE",,Honda Autoline Imbiribeira,honda autoline imbiribeira,"Avenida Marechal Mascarenhas de Morais, 1818 - Imbiribeira, Recife",-8.098102800000001,-34.9104278,"car_repair,car_dealer,store,point_of_interest,establishment",Independente / Sem chain identificado,Automotivo,EXCLUDE
"RECIFE, PE",,Hydronorth,hydronorth,"Rua Alemanha, 480 A - Imbiribeira, Recife",-8.1046094,-34.9119998,"point_of_interest,establishment",Independente / Sem chain identificado,Outros,REVIEW
"RECIFE, PE",,Frigelar,frigelar,"Rua Sargento Silvio Delmar Holembach, 171 - Imbiribeira, Recife",-8.102433999999997,-34.90827079999999,"home_goods_store,general_contractor,store,point_of_interest,establishment",Independente / Sem chain identificado,Casa & Decoração,EXCLUDE
"RECIFE, PE",,Le Monde Crepes,le monde crepes,"Rua Itaimbé, 368 - Ipsep, Recife",-8.107658699999998,-34.91929229999999,"food,point_of_interest,establishment",Independente / Sem chain identificado,Outros,REVIEW
"RECIFE, PE",,Multilog Transportes e Logística,multilog transportes e logistica,"Rua Itacaré, 136 - Imbiribeira, Recife",-8.110969899999997,-34.91355599999999,"point_of_interest,establishment",Independente / Sem chain identificado,Outros,REVIEW
"RECIFE, PE",,Laser Eletro | SEDE,laser eletro | sede,"Depósito - Avenida Marechal Mascarenhas de Morais, 1681 - Imbiribeira, Recife",-8.097193700000002,-34.9095887,"electronics_store,furniture_store,home_goods_store,store,point_of_interest,establishment",Independente / Sem chain identificado,Eletrônica,EXCLUDE
"RECIFE, PE",,Cachaçaria Carvalheira,cachacaria carvalheira,"Avenida Sul Governador Cid Sampaio, 4921 - Imbiribeira, Recife",-8.107070799999999,-34.9081224,"liquor_store,store,point_of_interest,establishment",Independente / Sem chain identificado,Outros,REVIEW
"RECIFE, PE",,Clean Estofados,clean estofados,"Em frente a Praça Jardim América, Rua Itacambira, 45 - Ipsep, Recife",-8.1058045,-34.91950900000001,"point_of_interest,establishment",Independente / Sem chain identificado,Outros,REVIEW
"RECIFE, PE",,PENHA MUDANÇAS & TRANSPORTES LTDA,penha mudancas & transportes,"Rua Alemanha, 10 - Imbiribeira, Recife",-8.1053938,-34.912277,"moving_company,storage,point_of_interest,establishment",Independente / Sem chain identificado,Outros,REVIEW
"RECIFE, PE",,Center Quadros Metálicos,center quadrostalicos,"Rua São Miguel, 1883 - Afogados, Recife",-8.0824647,-34.923297,"point_of_interest,establishment",Independente / Sem chain identificado,Outros,REVIEW
"RECIFE, PE",,Popo Car Rental,popo car rental,"Rua Edilberto Leal Barbosa - Imbiribeira, Recife",-8.0959813,-34.91828779999999,"point_of_interest,establishment",Independente / Sem chain identificado,Outros,REVIEW
"RECIFE, PE",,CAEL - Coelho Andrade Engenharia Ltda,cael - coelho andrade engenharia,"Rua Jornalista Jorge Abrantes, 345 - Jiquiá, Recife",-8.0895566,-34.9240442,"point_of_interest,establishment",Independente / Sem chain identificado,Outros,REVIEW
"RECIFE, PE",,Reforme Fácil,reforme facil,"Rua Arquiteto Luiz Nunes, 1617 - Sala 6 - Imbiribeira, Recife",-8.0984988,-34.9121308,"general_contractor,point_of_interest,establishment",Independente / Sem chain identificado,Construtora,EXCLUDE
"RECIFE, PE",,Círculo Design,circulo design,"Rua Doutor Emílio Ribas, 135 - Imbiribeira, Recife",-8.0909251,-34.91316490000001,"clothing_store,general_contractor,store,point_of_interest,establishment",Independente / Sem chain identificado,Loja de Roupa,EXCLUDE
"RECIFE, PE",,Atelier Passavante,atelier passavante,"Rua Alvorada do Norte, 88 - Imbiribeira, Recife",-8.0887542,-34.9114522,"point_of_interest,establishment",Independente / Sem chain identificado,Outros,REVIEW
"RECIFE, PE",,Plim Entrega,plim entrega,"Rua Paris, 552 - Imbiribeira, Recife",-8.104968200000002,-34.9137496,"restaurant,point_of_interest,food,establishment",Independente / Sem chain identificado,Restaurante,EXCLUDE
"RECIFE, PE",,Audiocom,audiocom,"Rua Arquiteto Luiz Nunes, 673 - Imbiribeira, Recife",-8.0899518,-34.9102844,"electronics_store,store,point_of_interest,establishment",Independente / Sem chain identificado,Eletrônica,EXCLUDE
"RECIFE, PE",,Gráfica Amália,grafica amalia,Brazil,-8.085842999999999,-34.929118,"point_of_interest,establishment",Independente / Sem chain identificado,Outros,REVIEW
"RECIFE, PE",,TecServ - Tecnologia e Serviços,tecserv - tecnologia e servicos,"Rua Engenheiro José Apolinário, 315 - Imbiribeira, Recife",-8.0871151,-34.9082948,"electronics_store,store,point_of_interest,establishment",Independente / Sem chain identificado,Eletrônica,EXCLUDE
"RECIFE, PE",,Farmácia Trabalhador do Brasil,farmacia trabalhador do brasil,"Rua Urbâno Sábino, 98 C - Areias, Recife",-8.094052000000001,-34.9253566,"drugstore,pharmacy,store,point_of_interest,health,establishment",Drogaria (indep.),Farmácia,TARGET
"RECIFE, PE",,ARCA COMÉRCIO - Distribuidora de Materiais Elétricos,arca - distribuidora de materiais eletricos,"Avenida Presidente Kenedy, 37 - Jordão, Recife",-8.102870199999998,-34.9233358,"store,point_of_interest,establishment",Independente / Sem chain identificado,Distribuidora,REVIEW
"RECIFE, PE",,RECIPEC Trade tires and parts for forklifts,recipec trade tires and parts for forklifts,"Rua Engenheiro Álvaro Célso, 196 - Imbiribeira, Recife",-8.085672299999999,-34.9099233,"point_of_interest,establishment",Independente / Sem chain identificado,Outros,REVIEW
"RECIFE, PE",,Super Cores do Nordeste Com e Repr Ltda,super cores do nordeste e repr,"Rua General Góes Monteiro, 320 - Imbiribeira, Recife",-8.0940896,-34.9100682,"home_goods_store,store,point_of_interest,establishment",Independente / Sem chain identificado,Casa & Decoração,EXCLUDE
"RECIFE, PE",,Infoteck Informatica,infoteck informatica,"Rua Missionário Joel Carlson, 123 - sala 100 - Imbiribeira, Recife",-8.0965486,-34.9102448,"electronics_store,store,point_of_interest,establishment",Independente / Sem chain identificado,Eletrônica,EXCLUDE
"RECIFE, PE",,AJCE BRASIL - Rompedores Hidráulicos,ajce brasil - rompedores hidraulicos,"Avenida Engenheiro Alves de Souza, 421 - Imbiribeira, Recife",-8.097886899999999,-34.9139845,"point_of_interest,establishment",Independente / Sem chain identificado,Outros,REVIEW
"RECIFE, PE",,Escola Coração de Maria,escola coracao de maria,"Rua Doná Netinha - Areias, Recife",-8.095411100000002,-34.9247173,"school,point_of_interest,establishment",Independente / Sem chain identificado,Escola,EXCLUDE
"RECIFE, PE",,Orlando Piscinas,orlando piscinas,"Avenida Pinheiros, 644 - Imbiribeira, Recife",-8.0903901,-34.9144254,"store,point_of_interest,establishment",Independente / Sem chain identificado,Outros,REVIEW
"RECIFE, PE",,GRUPO LEGIÃO BRASILEIRA DE CAPOEIRA,grupo legiao brasileira de capoeira,"Rua Missionário Joel Carlson, 180 - Imbiribeira, Recife",-8.0958703,-34.9114091,"point_of_interest,establishment",Independente / Sem chain identificado,Outros,REVIEW
"RECIFE, PE",,VDX | Comunicação Visual,vdx |unicacao visual,"Rua Ernesto Nazareth, 99A - Areias, Recife",-8.0944671,-34.92529510000001,"point_of_interest,establishment",Independente / Sem chain identificado,Outros,REVIEW
"RECIFE, PE",,Distribuidor Independente Herbalife,distribuidor independente herbalife,"Condomínio do Edifício Camilla - Rua General Góes Monteiro, 45 - Imbiribeira, Recife",-8.0917105,-34.9093689,"store,point_of_interest,food,health,establishment",Independente / Sem chain identificado,Clínica / Saúde,REVIEW
"RECIFE, PE",,Volante Multimarcas,volante multimarcas,"Rua Engenheiro Otávio Arantes, 500 - Imbiribeira, Recife",-8.088595399999999,-34.909647,"car_repair,point_of_interest,establishment",Independente / Sem chain identificado,Automotivo,EXCLUDE
"RECIFE, PE",,Tec Soldas Comercial,tec soldasercial,"Rua Juarez Millet, 538 - Jiquiá, Recife",-8.0891219,-34.9217227,"store,point_of_interest,establishment",Independente / Sem chain identificado,Outros,REVIEW
"RECIFE, PE",,Hi-Tec Recife,hi-tec recife,"Rua Daniel Antônio Rodrigues, 185 - Afogados, Recife",-8.0831455,-34.9204035,"store,point_of_interest,establishment",Independente / Sem chain identificado,Outros,REVIEW
"RECIFE, PE",,A B Santos Locações Tebe Locacenter,a b santos locacoes tebe locacenter,"Rua Arquiteto Luiz Nunes, 111 - Imbiribeira, Recife",-8.084873599999998,-34.9092123,"electronics_store,home_goods_store,store,point_of_interest,establishment",Independente / Sem chain identificado,Eletrônica,EXCLUDE
"RECIFE, PE",,Renovart Decorações de Ambientes.,renovart decoracoes de ambientes.,"Rua Arquiteto Luiz Nunes, 464 - Imbiribeira, Recife",-8.087967899999999,-34.91031259999999,"furniture_store,home_goods_store,general_contractor,store,point_of_interest,establishment",Independente / Sem chain identificado,Loja de Móveis,EXCLUDE
"RECIFE, PE",,E. Moura,e. moura,"Avenida Doutor José Rufino, 841 - Areias, Recife",-8.087971999999999,-34.93184000000001,"store,food,point_of_interest,establishment",Independente / Sem chain identificado,Outros,REVIEW
"RECIFE, PE",,ABC Componentes Hidráulicos Ltda,abcponentes hidraulicos,"Avenida Marechal Mascarenhas de Morais, 772 - Imbiribeira, Recife",-8.0895574,-34.90848109999999,"car_repair,general_contractor,store,point_of_interest,establishment",Independente / Sem chain identificado,Automotivo,EXCLUDE
"RECIFE, PE",,Br Caminhões / A1 Financeits,br caminhoes / a1 financeits,"Avenida Recife, 2223 - Ibura, Recife",-8.106849199999997,-34.927471,"car_dealer,store,point_of_interest,establishment",Independente / Sem chain identificado,Automotivo,EXCLUDE
"RECIFE, PE",,Toyolinda - Peças para veículos importados,toyolinda - pecas para veiculos importados,"Rua Noruega, 2314 - Casa 2 - Imbiribeira, Recife",-8.1047371,-34.91138970000001,"car_repair,store,point_of_interest,establishment",Independente / Sem chain identificado,Automotivo,EXCLUDE
"RECIFE, PE",,Fotogravura 2000 - Clicheria Cliche Norte,fotogravura 2000 - clicheria cliche norte,"Avenida Recife, 2900 - Ipsep, Recife",-8.1053824,-34.9272542,"store,point_of_interest,establishment",Independente / Sem chain identificado,Outros,REVIEW
"RECIFE, PE",,Esposende,esposende,"Av. Captain Gregorio De Caldas, 121lj Hperbompreço - Caçote - Areias, Recife",-8.0980134,-34.9292554,"shoe_store,store,point_of_interest,establishment",Independente / Sem chain identificado,Sapataria,EXCLUDE
"RECIFE, PE",,Frontal Tintas LTDA,frontal tintas,"Avenida Doutor José Rufino, 246, Recife",-8.0844306,-34.92777899999999,"home_goods_store,store,point_of_interest,establishment",Independente / Sem chain identificado,Casa & Decoração,EXCLUDE
"RECIFE, PE",,Adcestas,adcestas,"Rua Doutor Valdir Pessoa, 48 - Imbiribeira, Recife",-8.0893242,-34.90508849999999,"store,point_of_interest,establishment",Independente / Sem chain identificado,Outros,REVIEW
"RECIFE, PE",,Nui Planejados,nui planejados,"Rua Amélia Xavier Sampaio, 1139 - Imbiribeira, Recife",-8.0929633,-34.917818,"furniture_store,home_goods_store,store,point_of_interest,establishment",Independente / Sem chain identificado,Loja de Móveis,EXCLUDE
"RECIFE, PE",,Keen Bike,keen bike,"Avenida Pinheiros, 1487 - Imbiribeira, Recife",-8.0957498,-34.91868970000001,"bicycle_store,store,point_of_interest,establishment",Independente / Sem chain identificado,Bicicletaria,EXCLUDE
"RECIFE, PE",,Bravax motos,bravax motos,"Rua Edilberto Leal Barbosa, 1487 - Imbiribeira, Recife",-8.0959095,-34.9189802,"store,point_of_interest,establishment",Independente / Sem chain identificado,Outros,REVIEW
"RECIFE, PE",,Ninho Das Artes,ninho das artes,"Rua Sueli Luna Menelau, 512-580 - Imbiribeira, Recife",-8.0914009,-34.9182224,"store,point_of_interest,establishment",Independente / Sem chain identificado,Outros,REVIEW
"RECIFE, PE",,Ateliê Angela Cardoso,atelie angela cardoso,"Galeria Flor do Araçá Center - Rua Antônio Almeida, 168 - Loja 03 - Imbiribeira, Recife",-8.0922471,-34.91619479999999,"clothing_store,store,point_of_interest,establishment",Independente / Sem chain identificado,Loja de Roupa,EXCLUDE
"RECIFE, PE",,Adriana Falcão Doces & Salgados,adriana falcao doces & salgados,"Rua Antônio Almeida, 47 B - Imbiribeira, Recife",-8.0909764,-34.9161069,"store,food,point_of_interest,establishment",Independente / Sem chain identificado,Outros,REVIEW
"RECIFE, PE",,Siganina,siganina,"Avenida Pinheiros, 707 - Loja - Imbiribeira, Recife",-8.090513399999999,-34.9142279,"clothing_store,store,point_of_interest,establishment",Independente / Sem chain identificado,Loja de Roupa,EXCLUDE
"RECIFE, PE",,RM Bebidas,rm bebidas,"Avenida Tapajós, 535 - Areias, Recife",-8.092809299999999,-34.9247538,"liquor_store,store,point_of_interest,establishment",Independente / Sem chain identificado,Outros,REVIEW
"RECIFE, PE",,Printbord,printbord,"Rua Sueli Luna Menelau, 65 - Imbiribeira, Recife",-8.0898783,-34.9142831,"clothing_store,store,point_of_interest,establishment",Independente / Sem chain identificado,Loja de Roupa,EXCLUDE
"RECIFE, PE",,Óptica Elis,optica elis,"Rua Thomaz Cantuária, 98 - Areias, Recife",-8.094329199999999,-34.92517449999999,"health,store,point_of_interest,establishment",Independente / Sem chain identificado,Clínica / Saúde,REVIEW
"RECIFE, PE",,Clá! Acessórios Infantis,cla! acessorios infantis,"Condomínio Residencial Morada Sul - Rua Juarez Millet, 400 - Estância, Recife",-8.0890375,-34.92332909999999,"clothing_store,store,point_of_interest,establishment",Independente / Sem chain identificado,Loja de Roupa,EXCLUDE
"RECIFE, PE",,T Tratorsolo,t tratorsolo,"Rua São Miguel, 728 - Loja 2 - Afogados, Recife",-8.0803029,-34.9132327,"car_repair,store,point_of_interest,establishment",Independente / Sem chain identificado,Automotivo,EXCLUDE
"RECIFE, PE",,Severino Paintball,severino paintball,"Avenida Tapajós, 310 - Areias, Recife",-8.092245799999999,-34.92663030000001,"store,point_of_interest,establishment",Independente / Sem chain identificado,Outros,REVIEW
"RECIFE, PE",,JULIETTO - IMBIRIBEIRA,julietto - imbiribeira,"Avenida Engenheiro Alves de Souza, 233 - Imbiribeira, Recife",-8.098282099999999,-34.9121308,"restaurant,store,food,point_of_interest,establishment",Independente / Sem chain identificado,Restaurante,REVIEW
"RECIFE, PE",,Copiadora e Xerox & Amigo Pet,copiadora e xerox & amigo pet,"Avenida Engenheiro Alves de Souza, 185 - Loja 03 - Imbiribeira, Recife",-8.0983301,-34.9117882,"store,food,point_of_interest,establishment",Independente / Sem chain identificado,Outros,REVIEW
"RECIFE, PE",,JC INFOPAPER,jc infopaper,"Avenida Pinheiros, 210 - 03 - Imbiribeira, Recife",-8.0908553,-34.91051,"store,point_of_interest,establishment",Independente / Sem chain identificado,Outros,REVIEW
"RECIFE, PE",,Brn Computadores,brnputadores,"R, Avenida Engenheiro Alves de Souza, 135 - Imbiribeira, Recife",-8.0985591,-34.9111398,"electronics_store,store,point_of_interest,establishment",Independente / Sem chain identificado,Eletrônica,EXCLUDE
"RECIFE, PE",,SoFix Carpetes e Revestimentos,sofix carpetes e revestimentos,"Avenida Engenheiro Alves de Souza, 101 - Loja C - Imbiribeira, Recife",-8.0983559,-34.9109997,"general_contractor,home_goods_store,store,point_of_interest,establishment",Independente / Sem chain identificado,Construtora,EXCLUDE
"RECIFE, PE",,Encruzilhada Pneus - Imbiribeira Goodyear,encruzilhada pneus - imbiribeira goodyear,"Avenida Marechal Mascarenhas de Morais, 1482 - Imbiribeira, Recife",-8.0962651,-34.9098803,"car_repair,store,point_of_interest,establishment",Independente / Sem chain identificado,Automotivo,EXCLUDE
"RECIFE, PE",,Dute Brasil,dute brasil,"Rua Cônego Líra, 35 - Imbiribeira, Recife",-8.0945685,-34.9095825,"store,point_of_interest,establishment",Independente / Sem chain identificado,Outros,REVIEW
"RECIFE, PE",,Mercado de São José - Recife,mercado de sao jose - recife,"Praça Dom Vital - São José, Recife - PE, 50020-280, Brazil",-8.0685349,-34.87766,"establishment,point_of_interest",Independente / Sem chain identificado,Outros,REVIEW
"RECIFE, PE",,Carrefour Hipermercado Recife Torre,carrefour hipermercado recife torre,"R. José Bonifácio, 1315 - Torre, Recife - PE, 50710-000, Brazil",-8.0409699,-34.9089459,"establishment,food,grocery_or_supermarket,point_of_interest,store,supermarket",Carrefour,Hipermercado / Supermercado,TARGET
"RECIFE, PE",,Extra Mercado,extrarcado,"R. Dom Bôsco - Boa Vista, Recife - PE, 50070-070, Brazil",-8.0578522,-34.8948731,"bakery,convenience_store,establishment,food,grocery_or_supermarket,point_of_interest,store,supermarket",Extra,Hipermercado / Supermercado,REVIEW
"RECIFE, PE",,Carrefour Hipermercado,carrefour hipermercado,"R. Francisco da Cunha, 919 - Boa Viagem, Recife - PE, 51020-041, Brazil",-8.115837899999999,-34.8963182,"establishment,food,grocery_or_supermarket,point_of_interest,store,supermarket",Carrefour,Hipermercado / Supermercado,TARGET
"RECIFE, PE",,Extra Mercado,extrarcado,"Av. João de Barros, 1497 - Espinheiro, Recife - PE, 52021-180, Brazil",-8.0419083,-34.8914686,"bakery,convenience_store,establishment,food,grocery_or_supermarket,point_of_interest,store,supermarket",Extra,Hipermercado / Supermercado,REVIEW
"RECIFE, PE",,Mercado da Boa Vista,mercado da boa vista,"R. da Santa Cruz, S/N - Boa Vista, Recife - PE, 50060-230, Brazil",-8.0632166,-34.8886154,"establishment,food,grocery_or_supermarket,point_of_interest,store",Independente / Sem chain identificado,Mercadinho / Supermercado,TARGET
"RECIFE, PE",,Pão de Açúcar,pao de acucar,"Av. Conselheiro Rosa e Silva, 614 - Graças, Recife - PE, 52020-220, Brazil",-8.046337,-34.8964658,"bakery,convenience_store,establishment,food,grocery_or_supermarket,point_of_interest,store,supermarket",Independente / Sem chain identificado,Padaria,REVIEW
"RECIFE, PE",,Recibom - Parnamirim,recibom - parnamirim,"Estr. do Arraial, 2668 - Tamarineira, Recife - PE, 52051-380, Brazil",-8.030164,-34.9065873,"establishment,food,grocery_or_supermarket,liquor_store,point_of_interest,store,supermarket",Independente / Sem chain identificado,Mercadinho / Supermercado,TARGET
"RECIFE, PE",,Mercado da Madalena,mercado da madalena,"R. Real da Torre, 521 - Madalena, Recife - PE, 50610-000, Brazil",-8.052395800000001,-34.9085748,"establishment,food,grocery_or_supermarket,point_of_interest,store",Independente / Sem chain identificado,Mercadinho / Supermercado,TARGET
"RECIFE, PE",,Carrefour Hipermercado Tacaruna,carrefour hipermercado tacaruna,"Av. Gov. Agamenon Magalhães, 153 - Santo Amaro, Recife - PE, 50110-000, Brazil",-8.0381921,-34.8725266,"establishment,food,grocery_or_supermarket,point_of_interest,store,supermarket",Carrefour,Hipermercado / Supermercado,TARGET
"RECIFE, PE",,Assaí Atacadista,assai atacadista,"Av. Recife, 5777 - Jardim São Paulo, Recife - PE, 50781-000, Brazil",-8.0780349,-34.935702,"establishment,food,grocery_or_supermarket,point_of_interest,store,supermarket",Assaí,Atacarejo,TARGET
"RECIFE, PE",,Pão de Açúcar,pao de acucar,"Rua Desembargador Góis Cavalcante, 261 - Parnamirim, Recife - PE, 52060-140, Brazil",-8.0318749,-34.9087054,"bakery,convenience_store,establishment,food,grocery_or_supermarket,point_of_interest,store,supermarket",Independente / Sem chain identificado,Padaria,REVIEW
"RECIFE, PE",,Supermercado Kanela,supermercado kanela,"R. Padre Lemos, 372 - Casa Amarela, Recife - PE, 52070-350, Brazil",-8.023479,-34.9183359,"establishment,food,grocery_or_supermarket,point_of_interest,store,supermarket",Independente / Sem chain identificado,Supermercado,TARGET
"RECIFE, PE",,Casa São Paulo,casa sao paulo,"Rua Professor Eduardo Wanderley Filho, 366 - Boa Viagem, Recife - PE, 51110-020, Brazil",-8.1099603,-34.8948158,"establishment,food,grocery_or_supermarket,point_of_interest,store,supermarket",Independente / Sem chain identificado,Mercadinho / Supermercado,TARGET
"RECIFE, PE",,Assaí Atacadista Madalena,assai atacadista madalena,"R. Benfica, 715 - Madalena, Recife - PE, 50720-001, Brazil",-8.0592559,-34.9053445,"establishment,food,grocery_or_supermarket,point_of_interest,store,supermarket",Assaí,Atacarejo,TARGET
"RECIFE, PE",,MG SUPERMERCADO,mg,"R. São Luís, 58 - Pina, Recife - PE, 51011-270, Brazil",-8.088103,-34.8865789,"establishment,food,grocery_or_supermarket,point_of_interest,store,supermarket",Independente / Sem chain identificado,Supermercado,TARGET
"RECIFE, PE",,Rede Tem Supermercados - Caxangá,rede tems - caxanga,"Av. Joaquim Ribeiro, 340 - Caxangá, Recife - PE, 50980-000, Brazil",-8.0270589,-34.9599024,"establishment,food,grocery_or_supermarket,point_of_interest,store,supermarket",Independente / Sem chain identificado,Mercadinho / Supermercado,TARGET
"RECIFE, PE",,Mercado de Boa Viagem,mercado de boa viagem,"Av. Conselheiro Aguiar, 4834 - Boa Viagem, Recife - PE, 51021-020, Brazil",-8.129701899999999,-34.9011055,"establishment,point_of_interest",Independente / Sem chain identificado,Outros,REVIEW
"RECIFE, PE",,Mercado da Encruzilhada,mercado da encruzilhada,"R. Dr. José Maria, 2-200 - Encruzilhada, Recife - PE, 52171-011, Brazil",-8.0371847,-34.8921696,"establishment,point_of_interest",Independente / Sem chain identificado,Outros,REVIEW
"RECIFE, PE",,Mercado Público de Casa Amarela (Anexo Padre Lemos),mercado publico de casa amarela (anexo padre lemos),"R. Padre Lemos, 94 - Casa Amarela, Recife - PE, 52070-200, Brazil",-8.0258881,-34.9174713,"establishment,food,grocery_or_supermarket,point_of_interest,store",Independente / Sem chain identificado,Mercadinho / Supermercado,TARGET
"RECIFE, PE",,Mercado da Torre,mercado da torre,"Torre, Recife - State of Pernambuco, 50710-001, Brazil",-8.044396299999999,-34.9078488,"establishment,point_of_interest",Independente / Sem chain identificado,Outros,REVIEW
"RECIFE, PE",,Cordeiro public market,cordeiro public market,"Av. Gen. San Martin, S/n - Cordeiro, Recife - PE, 50630-030, Brazil",-8.0517782,-34.9212719,"establishment,point_of_interest",Independente / Sem chain identificado,Outros,REVIEW
"RECIFE, PE",,Mercado Público de Santo Amaro,mercado publico de santo amaro,"Av. Cruz Cabugá, 1933 - box 03 CEP: 50040-000 - Santo Amaro, Recife - PE, 50040-000, Brazil",-8.0466881,-34.87657069999999,"establishment,point_of_interest",Independente / Sem chain identificado,Outros,REVIEW
"RECIFE, PE",,Centro Comercial Cais De Santa Rita,centroercial cais de santa rita,"Cais Santa Rita, 600 - São José, Recife - PE, 50020-340, Brazil",-8.069232,-34.8763589,"establishment,food,point_of_interest,shopping_mall,store",Independente / Sem chain identificado,Outros,REVIEW
"RECIFE, PE",,Supermercado Supremo ltda,supermercado supremo,"Praça Rodrigo Cebola - R. Israel Fonseca, 30 - Santo Amaro, Recife - PE, 50100-340, Brazil",-8.0452338,-34.8817387,"establishment,food,grocery_or_supermarket,point_of_interest,store,supermarket",Independente / Sem chain identificado,Supermercado,TARGET
"RECIFE, PE",,Mercado Anexo de São José,mercado anexo de sao jose,"Mercado Publico De Sao Jose, 25 - São José, Recife - PE, 50020-280, Brazil",-8.068564,-34.877189,"establishment,point_of_interest",Independente / Sem chain identificado,Outros,REVIEW
"RECIFE, PE",,VerdFrut - Jaqueira / Recife - PE,verdfrut - jaqueira / recife - pe,"R. do Futuro, 1309 - Graças, Recife - PE, 52050-660, Brazil",-8.034939699999999,-34.9050958,"establishment,food,point_of_interest,store",Independente / Sem chain identificado,Outros,REVIEW
"RECIFE, PE",,MP Supermercados,mps,"R. da Santa Cruz, 175 - Boa Vista, Recife - PE, 50060-230, Brazil",-8.062924599999999,-34.8884402,"establishment,food,grocery_or_supermarket,point_of_interest,store,supermarket",Independente / Sem chain identificado,Mercadinho / Supermercado,TARGET
"RECIFE, PE",,Mercado dos Coelhos,mercado dos coelhos,"R. Dr. José Mariano, S/N - Coelhos, Recife - PE, 50060-290, Brazil",-8.065920799999999,-34.8878256,"establishment,food,grocery_or_supermarket,point_of_interest,store",Independente / Sem chain identificado,Mercadinho / Supermercado,TARGET
"RECIFE, PE",,Paula Artesanato (mercado s. José),paula artesanato (mercado s. jose),"Mercado de São Jose - Praça Dom Vital, Box 361/363 - Santo Antônio, Recife - PE, 50020-560, Brazil",-8.0687669,-34.8771008,"establishment,point_of_interest,store",Independente / Sem chain identificado,Outros,REVIEW
"RECIFE, PE",,Mercadinho Boa Vista Recife PE,mercadinho boa vista recife pe,"R. Sete de Setembro, 294 - Boa Vista, Recife - PE, 50050-030, Brazil",-8.060483699999999,-34.882956,"establishment,food,grocery_or_supermarket,point_of_interest,store",Independente / Sem chain identificado,Mercadinho,TARGET
"RECIFE, PE",,Mercadinho e Padaria Tudo D'Bom,mercadinho e padaria tudo d'bom,"Av. Inácio Monteiro, 556 - Cordeiro, Recife - PE, 50721-321, Brazil",-8.049373400000002,-34.9321419,"bakery,establishment,food,grocery_or_supermarket,point_of_interest,restaurant,store",Independente / Sem chain identificado,Mercadinho,REVIEW
"RECIFE, PE",,Mercadinho Dois Irmãos,mercadinho dois irmaos,"Av. Beberibe, 2303 - Água Fria, Recife - PE, 52130-000, Brazil",-8.017599299999999,-34.8926908,"atm,establishment,finance,food,grocery_or_supermarket,point_of_interest,store,supermarket",Independente / Sem chain identificado,Mercadinho,TARGET
"RECIFE, PE",,Supermercado Pernambucano Vasco da gama recife pe,supermercado pernambucano vasco da gama recife pe,"R. Vasco da Gama, 662 - Vasco da Gama, Recife - PE, 52001-030, Brazil",-8.0152912,-34.9200184,"establishment,food,grocery_or_supermarket,point_of_interest,store,supermarket",Independente / Sem chain identificado,Supermercado,TARGET
"RECIFE, PE",,Mercadinho Dois é Bom,mercadinho dois e bom,"R. Jerônimo Viléla, 766 - Campo Grande, Recife - PE, 52040-180, Brazil",-8.0253114,-34.8826678,"establishment,food,grocery_or_supermarket,point_of_interest,store",Independente / Sem chain identificado,Mercadinho,TARGET
"RECIFE, PE",,Mercadinho Lemos,mercadinho lemos,"R. Ladeira de Pedra, 1313 - Água Fria, Recife - PE, 52111-430, Brazil",-8.013308,-34.904964,"establishment,food,grocery_or_supermarket,point_of_interest,store,supermarket",Independente / Sem chain identificado,Mercadinho,TARGET
"RECIFE, PE",,Mercadinho Nossa Senhora das Graças,mercadinho nossa senhora das gracas,"R. Souza Bandeira, 09 - Torre, Recife - PE, 50711-050, Brazil",-8.046187999999999,-34.9168559,"establishment,food,grocery_or_supermarket,point_of_interest,store,supermarket",Independente / Sem chain identificado,Mercadinho,TARGET
"RECIFE, PE",,Mercadinho do Mário,mercadinho do mario,"R. São Sebastião, 1124 - Água Fria, Recife - PE, 52130-022, Brazil",-8.0153161,-34.8965912,"establishment,food,grocery_or_supermarket,point_of_interest,store,supermarket",Independente / Sem chain identificado,Mercadinho,TARGET
"RECIFE, PE",,Mercearia Nabuco,mercearia nabuco,"Rua Conselheiro Nabuco, 109 - Parnamirim, Recife - PE, 52070-010, Brazil",-8.030289,-34.9149228,"establishment,point_of_interest",Independente / Sem chain identificado,Mercearia / Empório,TARGET
"RECIFE, PE",,Mercearia Pará,mercearia para,"R. Olímpio Taváres, 110 - Casa Amarela, Recife - PE, 52051-400, Brazil",-8.0286413,-34.9135003,"establishment,food,grocery_or_supermarket,point_of_interest,restaurant,store",Independente / Sem chain identificado,Mercearia / Empório,TARGET
"RECIFE, PE",,Mercearia bar e restaurante,mercearia bar e restaurante,"Praça de Casa Forte, 611 - Casa Forte, Recife - PE, 52061-420, Brazil",-8.0358925,-34.9195105,"establishment,food,point_of_interest,restaurant",Independente / Sem chain identificado,Mercearia / Empório,EXCLUDE
"RECIFE, PE",,Mercearia da Praça,mercearia da praca,"R. Agrestina, 234 - Santana, Recife - PE, 52060-420, Brazil",-8.0397585,-34.91424,"establishment,point_of_interest,store",Independente / Sem chain identificado,Mercearia / Empório,TARGET
"RECIFE, PE",,Mercearia Oriental,mercearia oriental,"R. Pereira da Costa, 56 - Boa Viagem, Recife - PE, 51011-190, Brazil",-8.095608,-34.8835326,"establishment,food,grocery_or_supermarket,point_of_interest,restaurant,store",Independente / Sem chain identificado,Mercearia / Empório,TARGET
"RECIFE, PE",,Mercearia Recife,mercearia recife,"Av. Prof. José dos Anjos - Campo Grande, Recife - PE, 52125, Brazil",-8.0203705,-34.8740382,"establishment,point_of_interest,store",Independente / Sem chain identificado,Mercearia / Empório,TARGET
"RECIFE, PE",,Mercearia da Rosinha,mercearia da rosinha,"R. Lorêto, 70 - Santo Amaro, Recife - PE, 50110-630, Brazil",-8.0399111,-34.875975,"establishment,food,grocery_or_supermarket,point_of_interest,store,supermarket",Independente / Sem chain identificado,Mercearia / Empório,TARGET
"RECIFE, PE",,MERCEARIA CONCEIÇÃO - Delivery de Bebidas,mercearia conceicao - delivery de bebidas,"R. Cabo Eutrópio, 102 - São José, Recife - PE, 50090-590, Brazil",-8.073999299999999,-34.9005009,"establishment,food,meal_delivery,point_of_interest",Independente / Sem chain identificado,Mercearia / Empório,TARGET
"RECIFE, PE",,Mercearia Anchieta,mercearia anchieta,"R. Alm. Barroso, 359 - Campo Grande, Recife - PE, 52040-090, Brazil",-8.0286799,-34.8860851,"establishment,food,grocery_or_supermarket,point_of_interest,store,supermarket",Independente / Sem chain identificado,Mercearia / Empório,TARGET
"RECIFE, PE",,Mercearia do Dida,mercearia do dida,"R. da Regeneração, 1053 - Água Fria, Recife - PE, 52120-300, Brazil",-8.0219829,-34.88452,"establishment,point_of_interest",Independente / Sem chain identificado,Mercearia / Empório,TARGET
"RECIFE, PE",,Mercearia F.P.B,mercearia f.p.b,"R. da União, 72 - A - Boa Vista, Recife - PE, 50050-015, Brazil",-8.0611861,-34.8818046,"convenience_store,establishment,food,point_of_interest,store",Independente / Sem chain identificado,Mercearia / Empório,TARGET
"RECIFE, PE",,Mercearia do Fernando,mercearia do fernando,"R. Bituruna, N 24 - Coelhos, Recife - PE, 50060-000, Brazil",-8.068728499999999,-34.8903912,"establishment,food,point_of_interest",Independente / Sem chain identificado,Mercearia / Empório,TARGET
"RECIFE, PE",,Empório DiGus - Padaria e Mercearia,emporio digus - padaria ercearia,"R. Carneiro Viléla, 432 - Aflitos, Recife - PE, 52050-030, Brazil",-8.038856899999999,-34.8959529,"bakery,convenience_store,establishment,food,grocery_or_supermarket,liquor_store,point_of_interest,store",Independente / Sem chain identificado,Mercearia / Empório,REVIEW
"RECIFE, PE",,Aurora Cold and Dairy,aurora cold and dairy,"Cais Santa Rita, 270 - São José, Recife - PE, 50020-705, Brazil",-8.069276,-34.8769543,"bakery,establishment,food,liquor_store,point_of_interest,restaurant,store",Independente / Sem chain identificado,Padaria,REVIEW
"RECIFE, PE",,Mercearia das Graças,mercearia das gracas,"R. Amélia, 293 - Graças, Recife - PE, 52011-050, Brazil",-8.0454444,-34.8979974,"establishment,point_of_interest",Independente / Sem chain identificado,Mercearia / Empório,TARGET
"RECIFE, PE",,Mercearia Empório,mercearia emporio,"R. Marquês de Baipendi, 52 - Campo Grande, Recife - PE, 52041-660, Brazil",-8.0282393,-34.8872157,"establishment,point_of_interest",Independente / Sem chain identificado,Mercearia / Empório,TARGET
"RECIFE, PE",,Severino F de Lima Mercearia Bar,severino f de limarcearia bar,"R. Firmino de Barros, 428 - Cordeiro, Recife - PE, 50630-160, Brazil",-8.05278,-34.9250147,"bar,establishment,food,point_of_interest,restaurant",Independente / Sem chain identificado,Mercearia / Empório,TARGET
"RECIFE, PE",,Mini Mercado São Francisco,minircado sao francisco,"R. Pereira da Costa, 257 - Pina, Recife - PE, 51011-190, Brazil",-8.0953998,-34.8854006,"establishment,point_of_interest",Independente / Sem chain identificado,Minimercado,REVIEW
"RECIFE, PE",,Mix Mateus Bongi - Recife,mix mateus bongi - recife,"R. Carlos Gomes, S/N - Bongi, Recife - PE, 50751-130, Brazil",-8.065305799999999,-34.9133745,"establishment,food,grocery_or_supermarket,point_of_interest,store,supermarket",Independente / Sem chain identificado,Mercadinho / Supermercado,TARGET
"RECIFE, PE",,SUPERMERCADO TODO SEU - BOMBA DO HEMETÉRIO,supermercado todo seu - bomba do hemeterio,"R. Arlindo Cisneiros, 264 - Bomba do Hemetério, Recife - PE, 52211-130, Brazil",-8.0202035,-34.906895,"establishment,food,grocery_or_supermarket,point_of_interest,store,supermarket",Independente / Sem chain identificado,Supermercado,TARGET
"RECIFE, PE",,Supermarket More You,supermarket more you,"R. Joao Uzeda Luna, 38 - Água Fria, Recife - PE, 52111-310, Brazil",-8.0190179,-34.8945911,"establishment,food,grocery_or_supermarket,point_of_interest,store,supermarket",Independente / Sem chain identificado,Supermercado,TARGET
"RECIFE, PE",,Recibom - Graças,recibom - gracas,"Av. Rui Barbosa, 551 - Graças, Recife - PE, 52011-040, Brazil",-8.0476527,-34.9001192,"establishment,food,grocery_or_supermarket,point_of_interest,store,supermarket",Independente / Sem chain identificado,Mercadinho / Supermercado,TARGET
"RECIFE, PE",,Supermarket Extrabom - Crossroads,supermarket extrabom - crossroads,"Av. Norte Miguel Arraes de Alencar, S/N - Encruzilhada, Recife - PE, 52041-005, Brazil",-8.037124,-34.89446900000001,"establishment,food,grocery_or_supermarket,liquor_store,point_of_interest,store,supermarket",Independente / Sem chain identificado,Supermercado,TARGET
"RECIFE, PE",,Supermercado Rende Mais - Pina,supermercado rende mais - pina,"R. Arabaiana, 243 - loja 3 - Brasília Teimosa, Recife - PE, 51010-200, Brazil",-8.085391999999999,-34.8799281,"establishment,food,grocery_or_supermarket,point_of_interest,store,supermarket",Independente / Sem chain identificado,Supermercado,TARGET
"RECIFE, PE",,Minuto Pão de Açúcar,minuto pao de acucar,"R. Amélia, 685 - Graças, Recife - PE, 52011-050, Brazil",-8.0452855,-34.901484,"bakery,convenience_store,establishment,food,grocery_or_supermarket,point_of_interest,store,supermarket",Independente / Sem chain identificado,Padaria,REVIEW
"RECIFE, PE",,Frutihorti,frutihorti,"Br 101 sul km 70 - Galpão 1.0 Lojas 5 - 7 - Curado, Recife - PE, Brazil",-8.0704017,-34.9454612,"establishment,food,point_of_interest",Independente / Sem chain identificado,Outros,REVIEW
"RECIFE, PE",,Esquina Hortifruti,esquina hortifruti,"Av. Cap. Gregório de Caldas, 694 - B - Areias, Recife - PE, 50870-180, Brazil",-8.098895299999999,-34.9322056,"establishment,food,point_of_interest,store",Independente / Sem chain identificado,Outros,REVIEW
"RECIFE, PE",,Verdão Bom Jesus | Hortifruti com Delivery e Drive Thru em Recife,verdao bom jesus | hortifruti delivery e drive thru em recife,"R. Jerônimo Viléla, 701 - Campo Grande, Recife - PE, 52040-180, Brazil",-8.0259509,-34.882713,"establishment,food,point_of_interest,store",Independente / Sem chain identificado,Outros,REVIEW
"RECIFE, PE",,VerdFrut - Boa Viagem 2 - Recife - PE,verdfrut - boa viagem 2 - recife - pe,"R. Padre Bernadino Pessoa, 605 - Boa Viagem, Recife - PE, 51020-210, Brazil",-8.1124437,-34.8976602,"establishment,food,point_of_interest,store",Independente / Sem chain identificado,Outros,REVIEW
"RECIFE, PE",,Q-HORTA,q-horta,"R. Dr. Eudes Costa, 2189 - Água Fria, Recife - PE, 52111-240, Brazil",-8.0182458,-34.8935184,"establishment,food,grocery_or_supermarket,point_of_interest,store",Independente / Sem chain identificado,Mercadinho / Supermercado,TARGET
"RECIFE, PE",,Hortibrasil Distribuidora de Hortifruti,hortibrasil distribuidora de hortifruti,"Rodovia BR 101 sul, 550, GL LA-4 22 - Curado, Recife - PE, 50790-900, Brazil",-8.075286,-34.947392,"establishment,food,point_of_interest",Independente / Sem chain identificado,Distribuidora,REVIEW
"RECIFE, PE",,Hortifruti Paraíso Verde,hortifruti paraiso verde,"Av. Bicentenário da Revolução Francesa, 243 - Torrões, Recife - PE, 50660-720, Brazil",-8.0588416,-34.9386379,"establishment,food,point_of_interest,store",Independente / Sem chain identificado,Outros,REVIEW
"RECIFE, PE",,"VerdFrut - Casa Forte - Recife, PE","verdfrut - casa forte - recife, pe","Rua da Harmonia, 881 - Casa Amarela, Recife - PE, 52051-390, Brazil",-8.0314964,-34.9149969,"establishment,food,point_of_interest,store",Independente / Sem chain identificado,Outros,REVIEW
"RECIFE, PE",,Lima's Hortifruti,lima's hortifruti,"R. Itaquice, 174 - Ipsep, Recife - PE, 51350-160, Brazil",-8.106176999999999,-34.917384,"establishment,food,point_of_interest",Independente / Sem chain identificado,Outros,REVIEW
"RECIFE, PE",,DaTerra Hortifruti,daterra hortifruti,"Av. José Américo de Almeida, 230 B - e D - Macaxeira, Recife - PE, 52090-320, Brazil",-8.0139909,-34.9294302,"establishment,food,point_of_interest",Independente / Sem chain identificado,Outros,REVIEW
"RECIFE, PE",,Hortifruti Moxotó,hortifruti moxoto,"Av. Pinheiros, 74 - B - Imbiribeira, Recife - PE, 51170-120, Brazil",-8.091071,-34.9093347,"establishment,food,point_of_interest,store",Independente / Sem chain identificado,Outros,REVIEW
"RECIFE, PE",,Mercadinho e Hortifruti Nossa Senhora Aparecida -Achecomérciope,mercadinho e hortifruti nossa senhora aparecida -achecomerciope,"Av. Beberibe, 2782 - Fundão, Recife - PE, 52130-135, Brazil",-8.014618,-34.889542,"establishment,point_of_interest",Independente / Sem chain identificado,Mercadinho,TARGET
"RECIFE, PE",,Albuquerque Hortifruti,albuquerque hortifruti,"RODOVIA BR-101 - Viaduto da CEASA, SUL 550 - Box 55 - Curado, Recife - PE, 50790-900, Brazil",-8.073914499999999,-34.947728,"establishment,food,point_of_interest",Independente / Sem chain identificado,Outros,REVIEW
"RECIFE, PE",,Frutaria,frutaria,"Av. Conselheiro Aguiar, 3621 - Boa Viagem, Recife - PE, 51020-021, Brazil",-8.120263999999999,-34.896887,"establishment,food,grocery_or_supermarket,point_of_interest,store,supermarket",Independente / Sem chain identificado,Mercadinho / Supermercado,TARGET
"RECIFE, PE",,VerdFrut - Parque Amorim,verdfrut - parque amorim,"R. João Fernandes Viêira, 741 - Boa Vista, Recife - PE, 50050-245, Brazil",-8.0522604,-34.894525,"establishment,food,point_of_interest,store",Independente / Sem chain identificado,Outros,REVIEW
"RECIFE, PE",,Eva hortifruti Box 145,eva hortifruti box 145,"R. Padre Lemos - Casa Amarela, Recife - PE, 52070-200, Brazil",-8.026434799999999,-34.9183877,"establishment,point_of_interest",Independente / Sem chain identificado,Outros,REVIEW
"RECIFE, PE",,Moura Hortifruti,moura hortifruti,"R. Cap. Vicente Curado, 715 - COHAB, Recife - PE, 51320-040, Brazil",-8.132895999999999,-34.9491049,"establishment,food,point_of_interest,store",Independente / Sem chain identificado,Outros,REVIEW
"RECIFE, PE",,"VerdFrut - 17 de Agosto - Poço da Panela / Recife, PE","verdfrut - 17 de agosto - poco da panela / recife, pe","Av. Dezessete de Agosto, 1737 - Poço da Panela, Recife - PE, 52060-485, Brazil",-8.0338359,-34.9224472,"establishment,food,grocery_or_supermarket,point_of_interest,store,supermarket",Independente / Sem chain identificado,Mercadinho / Supermercado,TARGET
"RECIFE, PE",,Muito Mais Hortifruti,muito mais hortifruti,"Av. Gen. San Martin, 55B - San Martin, Recife - PE, 50761-290, Brazil",-8.0694651,-34.9282377,"establishment,food,grocery_or_supermarket,point_of_interest,store",Independente / Sem chain identificado,Mercadinho / Supermercado,TARGET
"RECIFE, PE",,VerdFrut -Corta Jaca Recife - PE,verdfrut -corta jaca recife - pe,"Av. Conselheiro Aguiar, 3572 - Boa Viagem, Recife - PE, 51020-021, Brazil",-8.1195459,-34.8970063,"establishment,food,point_of_interest,store",Independente / Sem chain identificado,Outros,REVIEW
"RECIFE, PE",,VerdFrut - Pina,verdfrut - pina,"Av. Conselheiro Aguiar, 485 - Pina, Recife - PE, 51011-031, Brazil",-8.094812899999999,-34.8843051,"establishment,food,point_of_interest,store",Independente / Sem chain identificado,Outros,REVIEW
"RECIFE, PE",,Renascer Frutas e Verduras,renascer frutas e verduras,"R. Onze de Fevereiro, 722 - Torrões, Recife - PE, 50640-340, Brazil",-8.0598802,-34.9343038,"establishment,food,grocery_or_supermarket,point_of_interest,store,supermarket",Independente / Sem chain identificado,Mercadinho / Supermercado,TARGET
"RECIFE, PE",,Kitanda de Frutas e verduras,kitanda de frutas e verduras,"Rua Fernando Fink Filho, S/N - Torre, Recife - PE, 50620-400, Brazil",-8.043210499999999,-34.9123877,"establishment,food,point_of_interest,store",Independente / Sem chain identificado,Outros,REVIEW
"RECIFE, PE",,"VerdFrut - Graças - Recife, PE","verdfrut - gracas - recife, pe","R. Joaquim Nabuco, 636 - Graças, Recife - PE, 50010-480, Brazil",-8.0539231,-34.9037955,"establishment,food,point_of_interest,store",Independente / Sem chain identificado,Outros,REVIEW
"RECIFE, PE",,Sacolão Frutas e Verduras,sacolao frutas e verduras,"R. São Luís, 369 - Pina, Recife - PE, 51011-270, Brazil",-8.089877699999999,-34.8885769,"establishment,food,point_of_interest,store",Independente / Sem chain identificado,Outros,REVIEW
"RECIFE, PE",,Além do Campo - Rosa e Silva,alem do campo - rosa e silva,"Av. Conselheiro Rosa e Silva, 1167 - Graças, Recife - PE, 52050-225, Brazil",-8.0411913,-34.8984812,"establishment,food,grocery_or_supermarket,point_of_interest,store",Independente / Sem chain identificado,Mercadinho / Supermercado,TARGET
"RECIFE, PE",,CEASA,ceasa,"BR 101 Sul, Km 70, Nº 550 70 - Estrada Particular Terminal Integrado do Barro (Sul - BR-101, s/n - Curado, Recife - PE, 50790-640, Brazil",-8.0716501,-34.9429965,"establishment,food,grocery_or_supermarket,point_of_interest,store,supermarket",Independente / Sem chain identificado,Mercadinho / Supermercado,TARGET
"RECIFE, PE",,Além do Campo,alem do campo,"Av. Dezessete de Agosto, 125 - Parnamirim, Recife - PE, 52060-590, Brazil",-8.03416,-34.91081339999999,"establishment,point_of_interest",Independente / Sem chain identificado,Outros,REVIEW
"RECIFE, PE",,Quitandaria (Hipódromo),quitandaria (hipodromo),"Estr. de Belém, 313 - Hipódromo, Recife - PE, 52041-695, Brazil",-8.0354618,-34.8885891,"establishment,food,grocery_or_supermarket,point_of_interest,store,supermarket",Independente / Sem chain identificado,Mercadinho / Supermercado,TARGET
"RECIFE, PE",,Emporium Sweet Life,emporium sweet life,"Praça Dom Vital, 119 - São José, Recife - PE, 50020-310, Brazil",-8.0688398,-34.8776961,"establishment,food,grocery_or_supermarket,health,point_of_interest,store",Independente / Sem chain identificado,Mercadinho / Supermercado,TARGET
"RECIFE, PE",,Empório Pura Vida,emporio pura vida,"R. da Praia, 169 - Santo Antônio, Recife - PE, 50020-550, Brazil",-8.0681169,-34.8770974,"establishment,food,health,point_of_interest,store",Independente / Sem chain identificado,Mercearia / Empório,REVIEW
"RECIFE, PE",,Atacado dos Naturais,atacado dos naturais,"R. do Nogueira, 158 - São José, Recife - PE, 50020-340, Brazil",-8.0697586,-34.8782854,"establishment,food,health,point_of_interest,store",Independente / Sem chain identificado,Atacarejo,TARGET
"RECIFE, PE",,Nosso Granel,nosso granel,"R. José Bonifácio, 1315 - Torre, Recife - PE, 50710-000, Brazil",-8.040448399999999,-34.9103418,"establishment,food,health,point_of_interest,store",Independente / Sem chain identificado,Clínica / Saúde,REVIEW
"RECIFE, PE",,FB Distribuidora - Produtos Naturais,fb distribuidora - produtos naturais,"Tv. do Arsenal de Guerra, 135 - Santo Antônio, Recife - PE, 50020-630, Brazil",-8.0666168,-34.8770003,"establishment,food,point_of_interest,store",Independente / Sem chain identificado,Distribuidora,REVIEW
"RECIFE, PE",,Empório Ferreira Produtos Naturais,emporio ferreira produtos naturais,"R. da Praia, 175 - Santo Antônio, Recife - PE, 50020-550, Brazil",-8.0681601,-34.8771065,"establishment,food,health,point_of_interest,store",Independente / Sem chain identificado,Mercearia / Empório,REVIEW
"RECIFE, PE",,Celeste Alimentos,celeste alimentos,"R. Eng. Andre D de Arruda Falcão, 56 - Caxangá, Recife - PE, 50980-490, Brazil",-8.026464599999999,-34.9588663,"establishment,point_of_interest",Independente / Sem chain identificado,Outros,REVIEW
"RECIFE, PE",,Grão Empório Natural,grao emporio natural,"Av. Conselheiro Rosa e Silva, 403 - Graças, Recife - PE, 52020-225, Brazil",-8.0478781,-34.8971092,"establishment,food,health,point_of_interest,store",Independente / Sem chain identificado,Mercearia / Empório,REVIEW
"RECIFE, PE",,Empório Ferreira Bandeira,emporio ferreira bandeira,"R. da Praia, 34 - São José, Recife - PE, 50020-550, Brazil",-8.0669005,-34.876922,"establishment,food,health,point_of_interest,store",Independente / Sem chain identificado,Mercearia / Empório,REVIEW
"RECIFE, PE",,Casa Pedro Ferreira - Produtos Saudáveis,casa pedro ferreira - produtos saudaveis,"Praça Dom Vital, 123 - São José, Recife - PE, 50020-595, Brazil",-8.0688113,-34.8777056,"establishment,food,health,point_of_interest,store",Independente / Sem chain identificado,Clínica / Saúde,REVIEW
"RECIFE, PE",,Atacadão Center Doces,atacadao center doces,"Praça Dom Vital, 63 - São José, Recife - PE, 50020-280, Brazil",-8.0688113,-34.8772633,"establishment,food,point_of_interest,store",Atacadão,Atacarejo,TARGET
"RECIFE, PE",,A&B Food Suppliers,a&b food suppliers,"R. Jundiaí, 64-76 - Curado, Recife - PE, 50790-900, Brazil",-8.072902899999999,-34.9458343,"establishment,food,grocery_or_supermarket,point_of_interest,store,supermarket",Independente / Sem chain identificado,Mercadinho / Supermercado,TARGET
"RECIFE, PE",,Nosso Granel Ilha do Leite,nosso granel ilha do leite,"Edifício Thomas Edison - Ilha do Leite, Recife - PE, 52021-170, Brazil",-8.0640699,-34.8966379,"establishment,food,health,point_of_interest,store",Independente / Sem chain identificado,Clínica / Saúde,REVIEW
"RECIFE, PE",,"Irmãos Haluli - Essências, frascos, artesanato, confeitaria, embalagens","irmaos haluli - essencias, frascos, artesanato, confeitaria, embalagens","R. Santa Rita, 216 - São José, Recife - PE, 50020-320, Brazil",-8.0705446,-34.8785821,"bakery,clothing_store,establishment,food,home_goods_store,point_of_interest,store",Independente / Sem chain identificado,Padaria,REVIEW
"RECIFE, PE",,Nosso Granel Espinheiro - Loja de Suplementos Recife | Loja de Brigadeiro Saudável | Loja de Produtos Naturais e Temperos,nosso granel espinheiro - loja de suplementos recife | loja de brigadeiro saudavel | loja de produtos naturais e temperos,"R. Santo Elías, 367 - loja 10 - Espinheiro, Recife - PE, 52020-095, Brazil",-8.0451435,-34.8931603,"establishment,food,health,point_of_interest,store",Independente / Sem chain identificado,Clínica / Saúde,REVIEW
"RECIFE, PE",,Mundo Verde,mundo verde,"R. Joaquim Nabuco, 701 - Derby, Recife - PE, 52010-300, Brazil",-8.0530426,-34.9027218,"establishment,food,health,point_of_interest,store",Independente / Sem chain identificado,Clínica / Saúde,REVIEW
"RECIFE, PE",,Simples Granel Mercado Fit,simples granelrcado fit,"R. Real da Torre, 889 - Madalena, Recife - PE, 50710-100, Brazil",-8.049204099999999,-34.9086985,"establishment,food,health,point_of_interest,store",Independente / Sem chain identificado,Clínica / Saúde,REVIEW
"RECIFE, PE",,Padeirão Zona Sul,padeirao zona sul,"Av. General Mac Arthur, 211 A - Imbiribeira, Recife - PE, 51150-400, Brazil",-8.1091546,-34.9100897,"establishment,food,point_of_interest,store",Zona Sul,Supermercado,TARGET
"RECIFE, PE",,Cadan Distribuição SEDE,cadan distribuicao sede,"Rod. Br Cento e Um, 4505 - Galpão A - Ibura, Recife - PE, 51240-340, Brazil",-8.0993765,-34.9485644,"establishment,food,point_of_interest",Independente / Sem chain identificado,Outros,REVIEW
"RECIFE, PE",,Minuto Pão de Açúcar,minuto pao de acucar,"Avenida Conselheiro Aguiar, 2034 - Boa Viagem, Recife",-8.107733999999999,-34.88999399999999,"supermarket,convenience_store,bakery,grocery_or_supermarket,store,food,point_of_interest,establishment",Independente / Sem chain identificado,Supermercado,TARGET
"RECIFE, PE",,Bem Bom Prime Boa Viagem,bem bom prime boa viagem,"Rua Padre Bernadino Pessoa, 317 - Boa Viagem, Recife",-8.1137062,-34.8956764,"supermarket,grocery_or_supermarket,store,food,point_of_interest,establishment",Independente / Sem chain identificado,Supermercado,TARGET
"RECIFE, PE",,Recibom,recibom,"Avenida Engenheiro Domingos Ferreira, 306 - Pina, Recife",-8.0949391,-34.8855334,"supermarket,grocery_or_supermarket,store,food,point_of_interest,establishment",Independente / Sem chain identificado,Supermercado,TARGET
"RECIFE, PE",,Mercadinho Preço Ideal,mercadinho preco ideal,"Avenida Doutor Dirceu Velloso Toscano de Brito - Pina, Recife",-8.0886655,-34.89592889999999,"supermarket,grocery_or_supermarket,store,food,point_of_interest,establishment",Independente / Sem chain identificado,Mercadinho,TARGET
"RECIFE, PE",,Mercadinho e Padaria Beira Rio,mercadinho e padaria beira rio,"Rua Vera Cruz, 01 - Pina, Recife",-8.0878671,-34.8938089,"supermarket,grocery_or_supermarket,store,food,point_of_interest,establishment",Independente / Sem chain identificado,Mercadinho,TARGET
"RECIFE, PE",,Palato RioMar,palato riomar,"Avenida República do Líbano, 251 - Pina, Recife",-8.0864409,-34.8944853,"grocery_or_supermarket,shopping_mall,supermarket,store,food,point_of_interest,establishment",Independente / Sem chain identificado,Mercadinho / Supermercado,TARGET
"RECIFE, PE",,Mercadinho 3 Irmãos,mercadinho 3 irmaos,"Travessa Honoropolis, 58 - Pina, Recife",-8.089400499999998,-34.8911515,"supermarket,grocery_or_supermarket,food,store,point_of_interest,establishment",Independente / Sem chain identificado,Mercadinho,TARGET
"RECIFE, PE",,Mercadinho Do Zezinho,mercadinho do zezinho,"Rua Honoropolis, 130 - Pina, Recife",-8.090199199999999,-34.8906278,"supermarket,grocery_or_supermarket,food,store,point_of_interest,establishment",Independente / Sem chain identificado,Mercadinho,TARGET
"RECIFE, PE",,Mercadinho Altas Horas,mercadinho altas horas,"Rua Osvaldo Machado, 208 - Pina, Recife",-8.091836799999998,-34.88973180000001,"supermarket,grocery_or_supermarket,food,store,point_of_interest,establishment",Independente / Sem chain identificado,Mercadinho,TARGET
"RECIFE, PE",,Hortfruti Do Surfista,hortfruti do surfista,"Travessa João Murilo De Oliveira - Imbiribeira, Recife",-8.104168000000001,-34.9054972,"supermarket,grocery_or_supermarket,food,store,point_of_interest,establishment",Independente / Sem chain identificado,Supermercado,TARGET
"RECIFE, PE",,N Mercadinho,nrcadinho,"Rua Honoropolis, 364 - Pina, Recife",-8.090219200000002,-34.8900726,"supermarket,grocery_or_supermarket,food,store,point_of_interest,establishment",Independente / Sem chain identificado,Mercadinho,TARGET
"RECIFE, PE",,Mercadinho O Baratinho,mercadinho o baratinho,"Rua São Luís, 455 - Pina, Recife",-8.090167500000002,-34.88928489999999,"supermarket,grocery_or_supermarket,food,store,point_of_interest,establishment",Independente / Sem chain identificado,Mercadinho,TARGET
"RECIFE, PE",,Irmã do galeto,irma do galeto,"Travessa João Murilo De Oliveira - Imbiribeira, Recife",-8.1060936,-34.9057278,"supermarket,grocery_or_supermarket,food,store,point_of_interest,establishment",Independente / Sem chain identificado,Supermercado,TARGET
"RECIFE, PE",,T.M VARIEDADES,t.m variedades,"Avenida Encanta Moça, 927 - Pina, Recife",-8.0971247,-34.8876544,"supermarket,grocery_or_supermarket,food,store,point_of_interest,establishment",Independente / Sem chain identificado,Supermercado,TARGET
"RECIFE, PE",,BEM BOM SUPERMERCADOS,bem boms,"080, Avenida Encanta Moça, 1161 - Pina, Recife",-8.096653499999999,-34.8875041,"supermarket,grocery_or_supermarket,food,store,point_of_interest,establishment",Independente / Sem chain identificado,Supermercado,TARGET
"RECIFE, PE",,Bomboniere MM,bomboniere mm,"Avenida Encanta Moça - Pina, Recife",-8.0932509,-34.8866744,"supermarket,grocery_or_supermarket,food,store,point_of_interest,establishment",Independente / Sem chain identificado,Supermercado,TARGET
"RECIFE, PE",,Companhia Brasileira de Distribuição,companhia brasileira de distribuicao,"Avenida Engenheiro Domingos Ferreira, 1818 - Boa Viagem, Recife",-8.1046547,-34.8898337,"supermarket,grocery_or_supermarket,store,food,point_of_interest,establishment",GPA (CBD),Holding / Distribuição,TARGET
"RECIFE, PE",,广州超市(广州饭店)Mercadinho chinês,()mercadinho chines,"Rua Manoel de Brito, 84 - Pina, Recife",-8.085905,-34.88736480000001,"supermarket,grocery_or_supermarket,store,restaurant,food,point_of_interest,establishment",Independente / Sem chain identificado,Mercadinho,TARGET
"RECIFE, PE",,Casa Da Mussarela,casa da mussarela,"Rua João Carlos Guimarães, 123 - Afogados, Recife",-8.0789792,-34.9057093,"supermarket,grocery_or_supermarket,store,food,point_of_interest,establishment",Independente / Sem chain identificado,Supermercado,TARGET
"RECIFE, PE",,ILHA MAR REPRESENTAÇÕES LTDA,ilha mar representacoes,"Avenida Conselheiro Aguiar, 1472 - sl 210 - Boa Viagem, Recife",-8.103157599999998,-34.8881932,"supermarket,grocery_or_supermarket,store,food,point_of_interest,establishment",Independente / Sem chain identificado,Supermercado,TARGET
"RECIFE, PE",,Supermercado Dular,supermercado dular,"Estrada dos Remédios, 126 - Afogados, Recife",-8.079067999999998,-34.9066758,"supermarket,grocery_or_supermarket,store,food,point_of_interest,establishment",Independente / Sem chain identificado,Supermercado,TARGET
"RECIFE, PE",,Mercadinho J & M • Sr. Manoel,mercadinho j & m  sr. manoel,"Rua Professor Eduardo Wanderley Filho, 51 - Boa Viagem, Recife",-8.109351999999998,-34.89571199999999,"supermarket,grocery_or_supermarket,store,food,point_of_interest,establishment",Independente / Sem chain identificado,Mercadinho,TARGET
"RECIFE, PE",,Supermercado São Luiz,supermercado sao luiz,"Rua do Acre, 40 - Afogados, Recife",-8.078696399999998,-34.90722959999999,"supermarket,grocery_or_supermarket,store,food,point_of_interest,establishment",Independente / Sem chain identificado,Supermercado,TARGET
"RECIFE, PE",,Mercadinho Dois Irmãos - Afogados,mercadinho dois irmaos - afogados,"Rua do Acre, 36 - Afogados, Recife",-8.078714999999999,-34.9073629,"supermarket,grocery_or_supermarket,store,food,point_of_interest,establishment",Independente / Sem chain identificado,Mercadinho,TARGET
"RECIFE, PE",,Ling Promoções,ling promocoes,"Rua Dona Benvinda de Farias, 622 - Boa Viagem, Recife",-8.1091293,-34.894275,"supermarket,grocery_or_supermarket,store,food,point_of_interest,establishment",Independente / Sem chain identificado,Supermercado,TARGET
"RECIFE, PE",,Via-Sul Mercadinho,via-sulrcadinho,"Avenida Sul Governador Cid Sampaio, 90 - Cabanga, Recife",-8.0777108,-34.89688619999999,"supermarket,grocery_or_supermarket,store,food,point_of_interest,establishment",Independente / Sem chain identificado,Mercadinho,TARGET
"RECIFE, PE",,Mercado Central Da Economia,mercado central da economia,Brazil,-8.088461499999998,-34.8846647,"supermarket,grocery_or_supermarket,store,food,point_of_interest,establishment",Independente / Sem chain identificado,Supermercado,TARGET
"RECIFE, PE",,Mercearia Tá Tá Tá,mercearia ta ta ta,"Rua José Maria de Miranda, 299 - Boa Viagem, Recife",-8.1088487,-34.8927561,"supermarket,grocery_or_supermarket,store,food,point_of_interest,establishment",Independente / Sem chain identificado,Mercearia / Empório,TARGET
"RECIFE, PE",,Mercadinho Quebra Galho,mercadinho quebra galho,"Rua José Mariano Filho, 32 - Pina, Recife",-8.085281399999998,-34.8858735,"supermarket,grocery_or_supermarket,store,food,point_of_interest,establishment",Independente / Sem chain identificado,Mercadinho,TARGET
"RECIFE, PE",,Shell Select,shell select,"Avenida Engenheiro Domingos Ferreira, 1222 - Boa Viagem, Recife",-8.1002663,-34.8875935,"convenience_store,store,food,point_of_interest,establishment",Select (Petrobras),Conveniência,TARGET
"RECIFE, PE",,BR Mania Conveniência,br mania conveniencia,"Avenida Engenheiro Domingos Ferreira, 2117 - Boa Viagem, Recife",-8.1090904,-34.8912316,"convenience_store,gas_station,atm,meal_takeaway,cafe,car_repair,finance,store,restaurant,food,point_of_interest,establishment",BR Mania (Petrobras),Conveniência,TARGET
"RECIFE, PE",,Posto Petrobras,posto petrobras,"Avenida Engenheiro Domingos Ferreira, 2117 - Boa Viagem, Recife",-8.1090904,-34.8912316,"gas_station,car_wash,convenience_store,car_repair,store,restaurant,food,point_of_interest,establishment",Petrobras,Posto / Conveniência,TARGET
"RECIFE, PE",,Mercearia Dona Dôra,mercearia dona dora,"Rua José Rodrigues, 770 - Pina, Recife",-8.093137399999998,-34.8913379,"convenience_store,store,food,point_of_interest,establishment",Independente / Sem chain identificado,Mercearia / Empório,TARGET
"RECIFE, PE",,Mercearia cecinha e wagner,mercearia cecinha e wagner,"Rua Vila Teimosa, 254 - Pina, Recife",-8.096287,-34.8867479,"convenience_store,store,food,point_of_interest,establishment",Independente / Sem chain identificado,Mercearia / Empório,TARGET
"RECIFE, PE",,BomBomlanche,bombomlanche,"Avenida Encanta Moça, 452 - Pina, Recife",-8.0923806,-34.8864074,"convenience_store,store,food,point_of_interest,establishment",Independente / Sem chain identificado,Conveniência,TARGET
"RECIFE, PE",,CONVENIÊNCIA O BARATEIRO,conveniencia o barateiro,"Rua General Estilac Leal, 201 - Cabanga, Recife",-8.0799505,-34.8962519,"convenience_store,store,food,point_of_interest,establishment",Independente / Sem chain identificado,Conveniência,TARGET
"RECIFE, PE",,Bira Água mineral,bira agua mineral,"Rua São Luís, 122 - Pina, Recife",-8.0886265,-34.8867602,"convenience_store,store,food,point_of_interest,establishment",Independente / Sem chain identificado,Conveniência,TARGET
"RECIFE, PE",,Posto Petrobras,posto petrobras,"Avenida Antônio de Góes, 218 - Pina, Recife",-8.0855377,-34.88711869999999,"gas_station,car_wash,convenience_store,car_repair,store,restaurant,food,point_of_interest,establishment",Petrobras,Posto / Conveniência,TARGET
"RECIFE, PE",,AmPm,ampm,"Avenida Engenheiro Domingos Ferreira, 1537 - Boa Viagem, Recife",-8.1049911,-34.889206,"convenience_store,store,food,point_of_interest,establishment",AmPm (Shell),Conveniência,TARGET
"RECIFE, PE",,Vupt • Loja de Conveniência 24h,vupt  loja de conveniencia 24h,Brazil,-8.0908082,-34.8849598,"convenience_store,store,food,point_of_interest,establishment",Independente / Sem chain identificado,Conveniência,TARGET
"RECIFE, PE",,Posto Petrobras,posto petrobras,"Avenida Herculano Bandeira, S/N - Pina, Recife",-8.090869000000001,-34.884923,"gas_station,car_wash,convenience_store,car_repair,store,restaurant,food,point_of_interest,establishment",Petrobras,Posto / Conveniência,TARGET
"RECIFE, PE",,BR Mania Conveniência,br mania conveniencia,"Avenida Conselheiro Aguiar, 1540 - Boa Viagem, Recife",-8.1041102,-34.8883665,"convenience_store,gas_station,atm,meal_takeaway,cafe,car_repair,finance,store,restaurant,food,point_of_interest,establishment",BR Mania (Petrobras),Conveniência,TARGET
"RECIFE, PE",,Lwedelivery,lwedelivery,"Rua José Maria de Miranda, 285 - loja 3 - Boa Viagem, Recife",-8.1089275,-34.8923952,"convenience_store,store,food,point_of_interest,establishment",Independente / Sem chain identificado,Conveniência,TARGET
"RECIFE, PE",,Alforria Conveniência,alforria conveniencia,"Avenida Herculano Bandeira, 231 - Pina, Recife",-8.0904384,-34.8837674,"convenience_store,store,food,point_of_interest,establishment",Independente / Sem chain identificado,Conveniência,TARGET
"RECIFE, PE",,COVENIENCIA O BARATEIRO,coveniencia o barateiro,"Rua Vila Nova da Cabanga, 94 - Cabanga, Recife",-8.077287499999997,-34.8948766,"convenience_store,store,food,point_of_interest,establishment",Independente / Sem chain identificado,Conveniência,TARGET
"RECIFE, PE",,BV Beer,bv beer,"Rua Antônio Falcão, 40 - Imbiribeira, Recife",-8.1122304,-34.9021539,"convenience_store,food,store,point_of_interest,establishment",Independente / Sem chain identificado,Conveniência,TARGET
"RECIFE, PE",,Conveniência Polo Pina,conveniencia polo pina,"Avenida Boa Viagem - Boa Viagem, Recife",-8.0919067,-34.8823443,"convenience_store,food,store,point_of_interest,establishment",Independente / Sem chain identificado,Conveniência,TARGET
"RECIFE, PE",,Posto Petrobras,posto petrobras,"Avenida Sul Governador Cid Sampaio, 1344 - São José, Recife",-8.076252000000002,-34.893495,"gas_station,convenience_store,car_wash,car_repair,restaurant,food,store,point_of_interest,establishment",Petrobras,Posto / Conveniência,TARGET
"RECIFE, PE",,Prime Beer | Mercearia Conceição,prime beer |rcearia conceicao,"Rua Cabo Eutrópio, 102 - São José, Recife",-8.073999299999999,-34.90050089999999,"convenience_store,food,store,point_of_interest,establishment",Independente / Sem chain identificado,Mercearia / Empório,TARGET
"RECIFE, PE",,BR Mania Conveniência,br mania conveniencia,"Avenida Engenheiro Domingos Ferreira, 2640 - Boa Viagem, Recife",-8.1128243,-34.8939808,"convenience_store,gas_station,meal_takeaway,atm,car_repair,finance,cafe,restaurant,food,store,point_of_interest,establishment",BR Mania (Petrobras),Conveniência,TARGET
"RECIFE, PE",,Conveniência - Posto Domingos Ferreira,conveniencia - posto domingos ferreira,"Avenida Engenheiro Domingos Ferreira, 2640 - Boa Viagem, Recife",-8.1128243,-34.8939808,"convenience_store,food,store,point_of_interest,establishment",Posto (genérico),Posto / Conveniência,TARGET
"RECIFE, PE",,Posto Petrobras,posto petrobras,"Avenida Engenheiro Domingos Ferreira, 2640 - Boa Viagem, Recife",-8.1128469,-34.8940362,"gas_station,convenience_store,car_wash,car_repair,restaurant,food,store,point_of_interest,establishment",Petrobras,Posto / Conveniência,TARGET
"RECIFE, PE",,Galeria Carrefour Domingos Ferreira,galeria carrefour domingos ferreira,"Rua Antônio Falcão, 383 - Boa Viagem, Recife",-8.1157634,-34.8964971,"convenience_store,food,store,point_of_interest,establishment",Carrefour,Hipermercado / Supermercado,TARGET
"RECIFE, PE",,Hotel Manibu Recife,hotel manibu recife,"Avenida Conselheiro Aguiar, 919 - Boa Viagem, Recife",-8.0987042,-34.88535650000001,"lodging,point_of_interest,establishment",Independente / Sem chain identificado,Hotel,EXCLUDE
"RECIFE, PE",,Radisson Hotel Recife,radisson hotel recife,"Avenida Boa Viagem, 1906 - Boa Viagem, Recife",-8.1075235,-34.8885486,"lodging,point_of_interest,establishment",Independente / Sem chain identificado,Hotel,EXCLUDE
"RECIFE, PE",,Marante Plaza Hotel - Hospedagem e Eventos,marante plaza hotel - hospedagem e eventos,"Hotel - Avenida Boa Viagem, 1070 - Boa Viagem, Recife",-8.100866299999998,-34.8853968,"lodging,point_of_interest,establishment",Independente / Sem chain identificado,Hotel,EXCLUDE
"RECIFE, PE",,Cosmopolitan Hostel,cosmopolitan hostel,"Rua Paulo Setúbal, 53 - Pina, Recife",-8.0998716,-34.88849639999999,"lodging,point_of_interest,establishment",Independente / Sem chain identificado,Hotel,EXCLUDE
"RECIFE, PE",,Transamérica Prestige Beach Class,transamerica prestige beach class,"Avenida Boa Viagem, 420 - Boa Viagem, Recife",-8.0951373,-34.88367699999999,"lodging,point_of_interest,establishment",Independente / Sem chain identificado,Hotel,EXCLUDE
"RECIFE, PE",,Hotel Devaneios,hotel devaneios,"Rua Barão de Água Branca, 393 - Boa Viagem, Recife",-8.112382299999998,-34.9050876,"lodging,point_of_interest,establishment",Independente / Sem chain identificado,Hotel,EXCLUDE
"RECIFE, PE",,Beach Class Excelsior by Nobile,beach class excelsior by nobile,"Avenida República do Líbano, 540 - Pina, Recife",-8.0854639,-34.8893334,"lodging,point_of_interest,establishment",Independente / Sem chain identificado,Hotel,EXCLUDE
"RECIFE, PE",,Vivaz Boutique Hotel,vivaz boutique hotel,"Rua Capitão Rebelinho, 374 - Pina, Recife",-8.0942936,-34.8838081,"lodging,point_of_interest,establishment",Independente / Sem chain identificado,Hotel,EXCLUDE
"RECIFE, PE",,Beach Class Executive,beach class executive,"Avenida Boa Viagem, 344 - Boa Viagem, Recife",-8.094541399999999,-34.8835813,"lodging,point_of_interest,establishment",Independente / Sem chain identificado,Hotel,EXCLUDE
"RECIFE, PE",,Dublê Hotel,duble hotel,"Rua Tenente João Cícero, 47 - Boa Viagem, Recife",-8.114194099999999,-34.8928489,"lodging,point_of_interest,establishment",Independente / Sem chain identificado,Hotel,EXCLUDE
"RECIFE, PE",,Hotel Pousada da Praia,hotel pousada da praia,"Rua Alcídes Carneiro Leal, 66 - Pina, Recife",-8.096082599999999,-34.8837907,"lodging,point_of_interest,establishment",Independente / Sem chain identificado,Hotel,EXCLUDE
"RECIFE, PE",,Santa Maria College,santa maria college,"Rua Padre Bernadino Pessoa, 512 - Boa Viagem, Recife",-8.1124945,-34.8970436,"primary_school,school,point_of_interest,establishment",Independente / Sem chain identificado,Outros,REVIEW
"RECIFE, PE",,ibis Recife Boa Viagem,ibis recife boa viagem,"Avenida Engenheiro Domingos Ferreira, 683 - Boa Viagem, Recife",-8.0960667,-34.88564849999999,"lodging,point_of_interest,establishment",Independente / Sem chain identificado,Hotel,EXCLUDE
"RECIFE, PE",,Osklen,osklen,"Avenida Conselheiro Aguiar, 52 - Boa Viagem, Recife",-8.090899600000002,-34.8838636,"general_contractor,point_of_interest,establishment",Independente / Sem chain identificado,Construtora,EXCLUDE
"RECIFE, PE",,Broomer | Shopping Riomar,broomer | shopping riomar,"Avenida República do Líbano, 251 - Pina, Recife",-8.086541,-34.8934336,"clothing_store,store,point_of_interest,establishment",Independente / Sem chain identificado,Loja de Roupa,EXCLUDE
"RECIFE, PE",,Boa Viagem,boa viagem,Boa Viagem,-8.1317303,-34.902409,"sublocality_level_1,sublocality,political",Independente / Sem chain identificado,Outros,REVIEW
"RECIFE, PE",,Freitas Residence - Quinta Manuel Rodrigues,freitas residence - quinta manuel rodrigues,"Rua Pedro Américo Galvão, 129 - Boa Viagem, Recife",-8.101334099999999,-34.8864467,"lodging,point_of_interest,establishment",Independente / Sem chain identificado,Hotel,EXCLUDE
"RECIFE, PE",,Hotel Pousada Casuarinas,hotel pousada casuarinas,"Rua Antônio Pedro de Figueiredo, 151 - Pina, Recife",-8.0993848,-34.8885577,"lodging,point_of_interest,establishment",Independente / Sem chain identificado,Hotel,EXCLUDE
"RECIFE, PE",,Atacado da Construção,atacado da construcao,"Avenida Herculano Bandeira, 1001 - Pina, Recife",-8.0854463,-34.88887689999999,"pet_store,home_goods_store,store,point_of_interest,establishment",Independente / Sem chain identificado,Atacarejo,TARGET
"RECIFE, PE",,Dell Anno - Recife,dell anno - recife,"Avenida Herculano Bandeira, 156 - Pina, Recife",-8.0891925,-34.8846121,"furniture_store,home_goods_store,store,point_of_interest,establishment",Independente / Sem chain identificado,Loja de Móveis,EXCLUDE
"RECIFE, PE",,Hotel Uzi Mar,hotel uzi mar,"Avenida Conselheiro Aguiar, 1015 - Boa Viagem, Recife",-8.099465899999998,-34.88586959999999,"lodging,point_of_interest,establishment",Independente / Sem chain identificado,Hotel,EXCLUDE
"RECIFE, PE",,Aconchego da mainha,aconchego da mainha,"Avenida Engenheiro Domingos Ferreira, 2218 - Boa Viagem, Recife",-8.109464100000002,-34.8919534,"lodging,point_of_interest,establishment",Independente / Sem chain identificado,Hotel,EXCLUDE
"RECIFE, PE",,Jcpm,jcpm,"Avenida Antônio de Góes, 60 - 20º - Pina, Recife",-8.0894741,-34.8820914,"point_of_interest,establishment",Independente / Sem chain identificado,Outros,REVIEW
"RECIFE, PE",,Fit Hostel - Piratas da Praia,fit hostel - piratas da praia,"Edf. Barão de Camaçari - Avenida Conselheiro Aguiar, 2034 - Apto 305 - Boa Viagem, Recife",-8.107700099999999,-34.8901326,"lodging,point_of_interest,establishment",Independente / Sem chain identificado,Hotel,EXCLUDE
"RECIFE, PE",,Marante Executive Hotel,marante executive hotel,"Avenida Engenheiro Domingos Ferreira, 668 - Boa Viagem, Recife",-8.0961675,-34.8862299,"lodging,point_of_interest,establishment",Independente / Sem chain identificado,Hotel,EXCLUDE
"RECIFE, PE",,Infohouse - Express,infohouse - express,"Av. Conselheiro Aguiar, 1555 - Boa Viagem - Pina, Recife",-8.1040344,-34.8877191,"electronics_store,store,point_of_interest,establishment",Independente / Sem chain identificado,Eletrônica,EXCLUDE
"RECIFE, PE",,GB Gabriel Bacelar,gb gabriel bacelar,"Avenida Engenheiro Domingos Ferreira, 1097 - Boa Viagem, Recife",-8.099300399999999,-34.8865905,"general_contractor,point_of_interest,establishment",Independente / Sem chain identificado,Construtora,EXCLUDE
"RECIFE, PE",,Hospital de Boa Viagem,hospital de boa viagem,"Rua Ana Camelo da Silva, 315 - Boa Viagem, Recife",-8.108623800000002,-34.8926342,"hospital,health,point_of_interest,establishment",Independente / Sem chain identificado,Hospital,EXCLUDE
"RECIFE, PE",,RAD2704 Wonderful oceanfront flat in Boa Viagem,rad2704 wonderful oceanfront flat in boa viagem,"1906, Avenida Boa Viagem, 27, Recife",-8.107506799999998,-34.8884087,"lodging,point_of_interest,establishment",Independente / Sem chain identificado,Hotel,EXCLUDE
"RECIFE, PE",,Ponto a Ponto Turismo Viagens e Eventos,ponto a ponto turismo viagens e eventos,"Galeria Centro Sul - Avenida Engenheiro Domingos Ferreira, 1360 - Lj 36 - Boa Viagem, Recife",-8.1023826,-34.8880478,"travel_agency,point_of_interest,establishment",Independente / Sem chain identificado,Agência de Viagens,EXCLUDE
"RECIFE, PE",,STB Intercâmbio,stb intercambio,"Avenida República do Líbano, 251 RioMar Trade Center Torre A, Sala 2503 - Pina, Recife",-8.086762199999999,-34.8929568,"travel_agency,point_of_interest,establishment",Independente / Sem chain identificado,Agência de Viagens,EXCLUDE
"RECIFE, PE",,Colégio CBV Boa Viagem,colegio cbv boa viagem,"Rua Professor Eduardo Wanderley Filho, 539 - Boa Viagem, Recife",-8.1109159,-34.89518450000001,"secondary_school,school,point_of_interest,establishment",Independente / Sem chain identificado,Outros,EXCLUDE
"RECIFE, PE",,CRECI-Conselho Regional de Corretores de Imóveis-7ª Região,creci-conselho regional de corretores de imoveis-7a regiao,"Avenida Saturnino de Brito, 297 - São José, Recife",-8.0783071,-34.8930278,"real_estate_agency,point_of_interest,establishment",Independente / Sem chain identificado,Outros,REVIEW
"RECIFE, PE",,Sleep Well Colchões (Serta),sleep well colchoes (serta),"Avenida Engenheiro Domingos Ferreira, 1486 - loja 14 - Boa Viagem, Recife",-8.103308199999999,-34.8890534,"furniture_store,home_goods_store,store,point_of_interest,establishment",Independente / Sem chain identificado,Loja de Móveis,EXCLUDE
"RECIFE, PE",,Ecomariner,ecomariner,"Rua das Oficinas, 15 - Pina, Recife",-8.084387399999999,-34.8845858,"store,point_of_interest,establishment",Independente / Sem chain identificado,Outros,REVIEW
"RECIFE, PE",,Bernhoeft,bernhoeft,"Avenida República do Líbano, 251 - Pina, Recife",-8.0868853,-34.8919693,"accounting,finance,point_of_interest,establishment",Independente / Sem chain identificado,Outros,REVIEW
"RECIFE, PE",,Farmácia Pague Menos,farmacia paguenos,"Avenida Herculano Bandeira, 687 - Pina, Recife",-8.0873797,-34.8867922,"pharmacy,drugstore,health,store,point_of_interest,establishment",Pague Menos,Farmácia,TARGET
"RECIFE, PE",,Spettus Premium,spettus premium,"Avenida Engenheiro Domingos Ferreira, 1500 - Boa Viagem, Recife",-8.1037234,-34.8891521,"restaurant,food,point_of_interest,establishment",Independente / Sem chain identificado,Restaurante,EXCLUDE
"RECIFE, PE",,Manhattan Café Theatro,manhattan cafe theatro,"Rua Francisco da Cunha, 881 - Boa Viagem, Recife",-8.112412599999999,-34.89501070000001,"restaurant,bar,food,point_of_interest,establishment",Independente / Sem chain identificado,Restaurante,EXCLUDE
"RECIFE, PE",,Colégio GGE - Boa Viagem,colegio gge - boa viagem,"Rua José da Silva Lucena, 20 - Boa Viagem, Recife",-8.115143199999999,-34.9049594,"school,point_of_interest,establishment",Independente / Sem chain identificado,Escola,EXCLUDE
"RECIFE, PE",,Loreway International Education,loreway international education,"Rua Francisco da Cunha, 784 - Boa Viagem, Recife",-8.1123531,-34.89519859999999,"point_of_interest,establishment",Independente / Sem chain identificado,Outros,REVIEW
"RECIFE, PE",,Umana Brasil-Assessoria e Consultoria de Recursos Humanos Ltda.,umana brasil-assessoria e consultoria de recursos humanos.,"Ed. CM4, Room 1101 (Coverage, Rua Aristídes Muniz, 70 - Boa Viagem, Recife",-8.109449399999999,-34.8924359,"point_of_interest,establishment",Independente / Sem chain identificado,Outros,REVIEW
"RECIFE, PE",,Security Center do Brasil,security center do brasil,"Avenida Saturnino de Brito, 280 - Cabanga, Recife",-8.078268199999998,-34.89339330000001,"school,point_of_interest,establishment",Independente / Sem chain identificado,Escola,EXCLUDE
"RECIFE, PE",,Restaurante Amadeu,restaurante amadeu,"Rua Professor José Brandão, 409 - Boa Viagem, Recife",-8.111966100000002,-34.8946571,"restaurant,food,point_of_interest,establishment",Independente / Sem chain identificado,Restaurante,EXCLUDE
"RECIFE, PE",,Academia Corpo Livre,academia corpo livre,"Rua Tenente João Cícero, 638 - Boa Viagem, Recife",-8.1113623,-34.89747799999999,"gym,health,point_of_interest,establishment",Independente / Sem chain identificado,Outros,EXCLUDE
"RECIFE, PE",,Vert Rouge Sophistiqué - Aluguel de Roupas e Vestidos para Festas,vert rouge sophistique - aluguel de roupas e vestidos para festas,"Rua Tenente João Cícero, 189 - nº 189 - Boa Viagem, Recife",-8.1135378,-34.8938191,"clothing_store,store,point_of_interest,establishment",Independente / Sem chain identificado,Loja de Roupa,EXCLUDE
"RECIFE, PE",,Chico City Reboques Engates,chico city reboques engates,"Rua Tomé Gibson, 404 - Pina, Recife",-8.0980025,-34.8878309,"store,car_repair,point_of_interest,establishment",Independente / Sem chain identificado,Automotivo,EXCLUDE
"RECIFE, PE",,New Modular Furniture - Notabile,new modular furniture - notabile,"Rua Antônio Falcão, 821 - Boa Viagem, Recife",-8.113548,-34.9000314,"furniture_store,home_goods_store,store,point_of_interest,establishment",Independente / Sem chain identificado,Loja de Móveis,EXCLUDE
"RECIFE, PE",,Durma Bem Colchões,durma bem colchoes,"Avenida Engenheiro Domingos Ferreira, 1486 - Boa Viagem, Recife",-8.1033141,-34.8888566,"furniture_store,home_goods_store,store,point_of_interest,establishment",Independente / Sem chain identificado,Loja de Móveis,EXCLUDE
"RECIFE, PE",,Rivage,rivage,"Avenida Conselheiro Aguiar, 1472 - Boa Viagem, Recife",-8.1028288,-34.88821949999999,"home_goods_store,clothing_store,store,point_of_interest,establishment",Independente / Sem chain identificado,Casa & Decoração,EXCLUDE
"RECIFE, PE",,Giovanni probe Furniture Design,giovanni probe furniture design,"Avenida General Mac Arthur, 1653 - Imbiribeira, Recife",-8.110051499999999,-34.90733090000001,"furniture_store,home_goods_store,store,point_of_interest,establishment",Independente / Sem chain identificado,Loja de Móveis,EXCLUDE
"RECIFE, PE",,Novo Projeto,novo projeto,"Avenida Conselheiro Aguiar, 2088 - Boa Viagem, Recife",-8.1081938,-34.890154,"furniture_store,home_goods_store,store,point_of_interest,establishment",Independente / Sem chain identificado,Loja de Móveis,EXCLUDE
"RECIFE, PE",,Autonunes Chevrolet Pina,autonunes chevrolet pina,"Avenida Engenheiro Domingos Ferreira, 226 - Pina, Recife",-8.0921884,-34.8853165,"car_dealer,store,point_of_interest,establishment",Independente / Sem chain identificado,Automotivo,EXCLUDE
"RECIFE, PE",,Adroaldo Tapetes do Mundo LTDA,adroaldo tapetes do mundo,"Avenida Engenheiro Domingos Ferreira, 2343 - Boa Viagem, Recife",-8.111042599999998,-34.89228300000001,"furniture_store,home_goods_store,general_contractor,store,point_of_interest,establishment",Independente / Sem chain identificado,Loja de Móveis,EXCLUDE
"RECIFE, PE",,Ceramic Atlas - Recife (Representation and resale),ceramic atlas - recife (representation and resale),"Avenida Conselheiro Aguiar, 355 - Pina, Recife",-8.094037999999998,-34.88409559999999,"store,point_of_interest,establishment",Independente / Sem chain identificado,Outros,REVIEW
"RECIFE, PE",,Handara Boa viagem - Oliva Distribuidora,handara boa viagem - oliva distribuidora,"Rua Padre Bernadino Pessoa, 749 - Boa Viagem, Recife",-8.111985299999999,-34.89907259999999,"clothing_store,store,point_of_interest,establishment",Independente / Sem chain identificado,Distribuidora,EXCLUDE
"RECIFE, PE",,Orquestra Ômega,orquestra omega,"Avenida República do Líbano, 251 - Pina, Recife",-8.086761,-34.8929587,"clothing_store,store,point_of_interest,establishment",Independente / Sem chain identificado,Loja de Roupa,EXCLUDE
"RECIFE, PE",,Ateliê Porto Ferreira,atelie porto ferreira,"Estrada dos Remédios, 780 - Afogados, Recife",-8.0731732,-34.9076974,"home_goods_store,store,point_of_interest,establishment",Independente / Sem chain identificado,Casa & Decoração,EXCLUDE
"RECIFE, PE",,Figueiras Calçados - Afogados,figueiras calcados - afogados,"Rua da Paz, 388 - Afogados, Recife",-8.0801246,-34.906202,"shoe_store,store,point_of_interest,establishment",Independente / Sem chain identificado,Sapataria,EXCLUDE
"RECIFE, PE",,Comércio de Carnes Padre Cícero,comercio de carnes padre cicero,"Rua Filarete Carneiro Nobre de Lacer - Imbiribeira, Recife",-8.107245299999999,-34.90879750000001,"food,store,point_of_interest,establishment",Independente / Sem chain identificado,Outros,REVIEW
"RECIFE, PE",,Conserte Certo Forrações,conserte certo forracoes,"Avenida Encanta Moça, 839 - Pina, Recife",-8.0960653,-34.8872794,"furniture_store,home_goods_store,store,point_of_interest,establishment",Independente / Sem chain identificado,Loja de Móveis,EXCLUDE
"RECIFE, PE",,SignArt,signart,"Rua São Luís, 206 - Pina, Recife",-8.0892021,-34.88750479999999,"store,point_of_interest,establishment",Independente / Sem chain identificado,Outros,REVIEW
"RECIFE, PE",,Posto de Amortecedores,posto de amortecedores,"Rua Antonio Macario, 59 - Afogados, Recife",-8.0802325,-34.9044496,"car_repair,store,point_of_interest,establishment",Posto (genérico),Posto / Conveniência,EXCLUDE
"RECIFE, PE",,Colchões Ortobom - Da Paz,colchoes ortobom - da paz,"Rua da Paz, 243 - Afogados, Recife",-8.0799859,-34.9048237,"furniture_store,home_goods_store,store,point_of_interest,establishment",Independente / Sem chain identificado,Loja de Móveis,EXCLUDE
"RECIFE, PE",,Particolare,particolare,"Shopping da Decoração - Avenida Engenheiro Domingos Ferreira, 1274 - Loja 19 - Boa Viagem, Recife",-8.100663400000002,-34.8876297,"home_goods_store,furniture_store,store,point_of_interest,establishment",Independente / Sem chain identificado,Casa & Decoração,EXCLUDE
"RECIFE, PE",,O Boticário,o boticario,"Estrada dos Remédios, 74 - Afogados, Recife",-8.0795953,-34.90665929999999,"clothing_store,store,point_of_interest,establishment",Independente / Sem chain identificado,Loja de Roupa,EXCLUDE
"RECIFE, PE",,doce maria confecção,doce maria confeccao,"Rua Olímpio Menezes, 17 - Pina, Recife",-8.0930556,-34.89093899999999,"clothing_store,store,point_of_interest,establishment",Independente / Sem chain identificado,Loja de Roupa,EXCLUDE
"RECIFE, PE",,Bella Móveis e Serviços,bella moveis e servicos,"Rua Santos Leite, 43 - Pina, Recife",-8.0878601,-34.8868131,"furniture_store,home_goods_store,store,point_of_interest,establishment",Independente / Sem chain identificado,Loja de Móveis,EXCLUDE
"RECIFE, PE",,Nexel,nexel,"Avenida Sul Governador Cid Sampaio, 3125 - Imbiribeira, Recife",-8.0896378,-34.9066212,"electronics_store,store,point_of_interest,establishment",Independente / Sem chain identificado,Eletrônica,EXCLUDE
"RECIFE, PE",,Grillo Home Decor,grillo home decor,"Bad - Av, Avenida Marechal Mascarenhas de Morais, 945 - Imbiribeira, Recife",-8.091268399999999,-34.90823209999999,"home_goods_store,furniture_store,store,point_of_interest,establishment",Independente / Sem chain identificado,Casa & Decoração,EXCLUDE
"RECIFE, PE",,Papel Fácil,papel facil,"Rua Rodrigo Otávio Filho, 101 - Pina, Recife",-8.087873199999999,-34.8954211,"home_goods_store,store,point_of_interest,establishment",Independente / Sem chain identificado,Casa & Decoração,EXCLUDE
"RECIFE, PE",,Âncora Pescados,ancora pescados,"Avenida Doutor Dirceu Velloso Toscano de Brito, 45 - Pina, Recife",-8.0889052,-34.8942052,"food,store,point_of_interest,establishment",Independente / Sem chain identificado,Outros,REVIEW
"RECIFE, PE",,Sacolão Fruit and Green,sacolao fruit and green,"R. José Bonifácio, 521 - Madalena / Torre, Recife - PE, 50710-000, Brazil",-8.0467257,-34.9071327,"establishment,food,grocery_or_supermarket,point_of_interest,store",Independente / Sem chain identificado,Mercadinho / Supermercado,TARGET
"RECIFE, PE",,Jairo Primeiro das Candeias,jairo primeiro das candeias,"Rua Pargo, 2 - Brasília Teimosa, Recife",-8.0877795,-34.8808315,"supermarket,grocery_or_supermarket,store,food,point_of_interest,establishment",Independente / Sem chain identificado,Supermercado,TARGET
"RECIFE, PE",,Mercadinho Jorge da Galinha,mercadinho jorge da galinha,"Rua Marechal Hermes, 156 - Brasília Teimosa, Recife",-8.0875497,-34.8811502,"supermarket,grocery_or_supermarket,store,food,point_of_interest,establishment",Independente / Sem chain identificado,Mercadinho,TARGET
"RECIFE, PE",,Mercearia E Deposito Do Everson,mercearia e deposito do everson,"Rua Guarajuba, 394 - Brasília Teimosa, Recife",-8.0862781,-34.8814166,"supermarket,grocery_or_supermarket,store,food,point_of_interest,establishment",Independente / Sem chain identificado,Mercearia / Empório,TARGET
"RECIFE, PE",,Mercearia Nova Canaã,mercearia nova canaa,"Rua Afrânio, 216 - Brasília Teimosa, Recife",-8.086827099999999,-34.8793407,"supermarket,grocery_or_supermarket,store,food,point_of_interest,establishment",Independente / Sem chain identificado,Mercearia / Empório,TARGET
"RECIFE, PE",,Trabalho Mercado Familia,trabalhorcado familia,"Rua do Girassol, 02 - Brasília Teimosa, Recife",-8.0859847,-34.8843135,"supermarket,grocery_or_supermarket,store,food,point_of_interest,establishment",Independente / Sem chain identificado,Supermercado,TARGET
"RECIFE, PE",,Mercadinho da Economia,mercadinho da economia,"Rua Dragão do Mar, 218 - Brasília Teimosa, Recife",-8.085163199999998,-34.87984119999999,"supermarket,bakery,grocery_or_supermarket,store,food,point_of_interest,establishment",Independente / Sem chain identificado,Mercadinho,TARGET
"RECIFE, PE",,Mercadinho Shalon,mercadinho shalon,"Rua Serra, 251 - Brasília Teimosa, Recife",-8.0849713,-34.8800837,"supermarket,grocery_or_supermarket,store,food,point_of_interest,establishment",Independente / Sem chain identificado,Mercadinho,TARGET
"RECIFE, PE",,Mercadinho Lene,mercadinho lene,"Rua Francisco Valpassos, 379 - Pina, Recife",-8.083935799999999,-34.8831537,"supermarket,grocery_or_supermarket,store,food,point_of_interest,establishment",Independente / Sem chain identificado,Mercadinho,TARGET
"RECIFE, PE",,Mercadinho Vanessa,mercadinho vanessa,"Rua Golfinho, 25 - Pina, Recife",-8.083554499999998,-34.8825784,"supermarket,grocery_or_supermarket,store,food,point_of_interest,establishment",Independente / Sem chain identificado,Mercadinho,TARGET
"RECIFE, PE",,Mercadinho Dois Corações,mercadinho dois coracoes,"Rua Guarajuba, 06 - Pina, Recife",-8.0833035,-34.8828018,"supermarket,grocery_or_supermarket,store,food,point_of_interest,establishment",Independente / Sem chain identificado,Mercadinho,TARGET
"RECIFE, PE",,Casa Das Bananas,casa das bananas,"Rua Arabaiana - Brasília Teimosa, Recife",-8.082835,-34.88064840000001,"supermarket,grocery_or_supermarket,store,food,point_of_interest,establishment",Independente / Sem chain identificado,Supermercado,TARGET
"RECIFE, PE",,Mercadinho C. R. Economia,mercadinho c. r. economia,"Rua Delfim, n 519 - Brasília Teimosa, Recife",-8.0825587,-34.88162299999999,"supermarket,grocery_or_supermarket,store,food,point_of_interest,establishment",Independente / Sem chain identificado,Mercadinho,TARGET
"RECIFE, PE",,Mercadinho N.Sra.De Fátima,mercadinho n.sra.de fatima,Brazil,-8.0826385,-34.8806952,"supermarket,grocery_or_supermarket,store,food,point_of_interest,establishment",Independente / Sem chain identificado,Mercadinho,TARGET
"RECIFE, PE",,Mercadinho Do Biu,mercadinho do biu,Brazil,-8.0809372,-34.87771919999999,"supermarket,grocery_or_supermarket,store,food,point_of_interest,establishment",Independente / Sem chain identificado,Mercadinho,TARGET
"RECIFE, PE",,Madrugão,madrugao,"Rua Badejo, 217 - Brasília Teimosa, Recife",-8.081691499999998,-34.8785278,"convenience_store,food,store,point_of_interest,establishment",Independente / Sem chain identificado,Conveniência,TARGET
"RECIFE, PE",,Posto Petrobras,posto petrobras,"Rua Imperial, 457 - São José, Recife",-8.0741249,-34.8885614,"gas_station,convenience_store,car_wash,restaurant,store,food,car_repair,point_of_interest,establishment",Petrobras,Posto / Conveniência,TARGET
"RECIFE, PE",,BR Mania Conveniência,br mania conveniencia,"Rua Imperial, 457 - São José, Recife",-8.0732465,-34.8857365,"convenience_store,gas_station,atm,meal_takeaway,cafe,finance,restaurant,store,food,car_repair,point_of_interest,establishment",BR Mania (Petrobras),Conveniência,TARGET
"RECIFE, PE",,Biruta Bar,biruta bar,"Rua Bem Te VI, 13 - Brasília Teimosa, Recife",-8.0889819,-34.88020480000001,"point_of_interest,establishment",Independente / Sem chain identificado,Outros,REVIEW
"RECIFE, PE",,Benvinda Delivery,benvinda delivery,"Avenida Engenheiro Domingos Ferreira, 1835 - Boa Viagem, Recife",-8.1056586,-34.889523,"meal_delivery,restaurant,food,point_of_interest,establishment",Independente / Sem chain identificado,Outros,REVIEW
"RECIFE, PE",,Federal Savings Bank,federal savings bank,"Avenida Conselheiro Aguiar, NUM 2070 - Boa Viagem, Recife",-8.107988999999998,-34.8901326,"bank,finance,point_of_interest,establishment",Independente / Sem chain identificado,Banco,EXCLUDE
"RECIFE, PE",,Lance Certo Leilões,lance certo leiloes,"Rio Mar Trade - Torre C, Avenida República do Líbano, 251 - 811 - Pina, Recife",-8.086998699999999,-34.89199839999999,"point_of_interest,establishment",Independente / Sem chain identificado,Outros,REVIEW
"RECIFE, PE",,Projeto Mar Ltda,projeto mar,"Rua Tomé Gibson, 368 - Pina, Recife",-8.098265099999999,-34.8873699,"point_of_interest,establishment",Independente / Sem chain identificado,Outros,REVIEW
"RECIFE, PE",,Clinical Center Karla Patrícia,clinical center karla patricia,"Avenida Engenheiro Domingos Ferreira, 636 - Pina, Recife",-8.095773800000002,-34.8862054,"dentist,point_of_interest,health,establishment",Independente / Sem chain identificado,Outros,REVIEW
"RECIFE, PE",,Dnit,dnit,"Avenida Antônio de Góes, 820 - Pina, Recife",-8.084837799999999,-34.88690779999999,"point_of_interest,establishment",Independente / Sem chain identificado,Outros,REVIEW
"RECIFE, PE",,CopyMais,copymais,"Avenida Engenheiro Domingos Ferreira, 1350 - Boa Viagem, Recife",-8.1015024,-34.8875758,"point_of_interest,establishment",Independente / Sem chain identificado,Outros,REVIEW
"RECIFE, PE",,"Recimed - Fisioterapia, Psicologia, Fonoaudiologia e Nutrição","recimed - fisioterapia, psicologia, fonoaudiologia e nutricao","Avenida República Do Líbano, 251 Sala 803 - Torre B - Pina, Recife",-8.087055000000001,-34.892134,"physiotherapist,point_of_interest,health,establishment",Independente / Sem chain identificado,Outros,REVIEW
"RECIFE, PE",,Zirpoli Arquitetura,zirpoli arquitetura,"Rua Irene Ramos Gomes de Matos, 48 - Pina, Recife",-8.099891300000001,-34.8881716,"point_of_interest,establishment",Independente / Sem chain identificado,Outros,REVIEW
"RECIFE, PE",,Catamaran Tours - Passeios em Pernambuco,catamaran tours - passeios em pernambuco,"Cais Santa Rita, s/n - São José, Recife",-8.0725356,-34.8795387,"travel_agency,point_of_interest,establishment",Independente / Sem chain identificado,Agência de Viagens,EXCLUDE
"RECIFE, PE",,Aquáticos Diving Center,aquaticos diving center,"Viaduto das Cinco Pontas, s/n - São José, Recife",-8.0729592,-34.8801582,"school,point_of_interest,establishment",Independente / Sem chain identificado,Escola,EXCLUDE
"RECIFE, PE",,santos & santos | escritório de arquitetura,santos & santos | escritorio de arquitetura,"Rua Joaquim Carneiro da Silva, 80 - Pina, Recife",-8.098883899999999,-34.8876308,"point_of_interest,establishment",Independente / Sem chain identificado,Outros,REVIEW
"RECIFE, PE",,ELC Produtos de Segurança,elc produtos de seguranca,"Rua Capitão Rebelinho, 367 - Pina, Recife",-8.0941844,-34.8835987,"point_of_interest,establishment",Independente / Sem chain identificado,Outros,REVIEW
"RECIFE, PE",,CCE FACCESA,cce faccesa,"Avenida Conselheiro Aguiar, 1729 - Boa Viagem, Recife",-8.1052772,-34.88854709999999,"university,point_of_interest,establishment",Independente / Sem chain identificado,Escola,EXCLUDE
"RECIFE, PE",,ProDieta - Entre em Forma de Maneira Saudável e Feliz!,prodieta - entre em forma de maneira saudavel e feliz!,"RioMar Trade Center - sala nº 1201 e 1202, Torre B, Recife",-8.0869919,-34.8919579,"spa,point_of_interest,health,establishment",Independente / Sem chain identificado,Outros,REVIEW
"RECIFE, PE",,Martelinho de Ouro - Pina,martelinho de ouro - pina,"Avenida Herculano Bandeira, 543 - Pina, Recife",-8.088544299999999,-34.8857312,"car_repair,point_of_interest,establishment",Independente / Sem chain identificado,Automotivo,EXCLUDE
"RECIFE, PE",,Santana Jóias,santana joias,"Rua Parú, 376 - Brasília Teimosa, Recife",-8.083307600000001,-34.880221,"jewelry_store,store,point_of_interest,establishment",Independente / Sem chain identificado,Outros,REVIEW
"RECIFE, PE",,Padaria Vencedora,padaria vencedora,"Rua Plácido de Castro, 90 - Pina, Recife",-8.0870585,-34.88367009999999,"bakery,restaurant,food,store,point_of_interest,establishment",Independente / Sem chain identificado,Padaria,REVIEW
"RECIFE, PE",,FRENNEZZI STORE,frennezzi store,"Avenida Herculano Bandeira, 523 - Pina, Recife",-8.0886478,-34.8856315,"clothing_store,store,point_of_interest,establishment",Independente / Sem chain identificado,Loja de Roupa,EXCLUDE
"RECIFE, PE",,G26 Grupo Twenty Six,g26 grupo twenty six,"Avenida Antônio de Góes, 60 - Pina, Recife",-8.0894782,-34.8819386,"finance,store,point_of_interest,establishment",Independente / Sem chain identificado,Outros,REVIEW
"RECIFE, PE",,Benetti Interiores,benetti interiores,"Avenida Engenheiro Domingos Ferreira, 1450 - Boa Viagem, Recife",-8.103093099999999,-34.88874439999999,"furniture_store,home_goods_store,store,point_of_interest,establishment",Independente / Sem chain identificado,Loja de Móveis,EXCLUDE
"RECIFE, PE",,Casapronta Móveis,casapronta moveis,"Avenida Engenheiro Domingos Ferreira, 1274 - Lj 01 á 06 - Boa Viagem, Recife",-8.100663400000002,-34.8876297,"furniture_store,home_goods_store,store,point_of_interest,establishment",Independente / Sem chain identificado,Loja de Móveis,EXCLUDE
"RECIFE, PE",,ÓTICA VOGUE,otica vogue,"PERTO ASSAÍ - 01 Boa Viagem, Recife - PE, 51111-011 - JUNTO AO MCDONALDS -TELEFONES 81 81)34676884. Zap (81) 992429933 Av. Cons. Aguiar, 1555 loja 01 NA LINHA DO NOVO ASSAÍ ATACADISTA - Boa Viagem, Recife",-8.103955799999998,-34.88793559999999,"store,health,point_of_interest,establishment",Independente / Sem chain identificado,Clínica / Saúde,REVIEW
"RECIFE, PE",,Affinitá Comércio e Serviços de Móveis Planejados,affinita e servicos de moveis planejados,"Avenida Conselheiro Aguiar, 576 - Pina, Recife",-8.0955729,-34.8848705,"furniture_store,home_goods_store,store,point_of_interest,establishment",Independente / Sem chain identificado,Loja de Móveis,EXCLUDE
"RECIFE, PE",,X INFO SOLUTIONS,x info solutions,"Avenida Antônio de Góes, 275 - Sala 2002 - Pina, Recife",-8.0885204,-34.8842281,"electronics_store,home_goods_store,store,point_of_interest,establishment",Independente / Sem chain identificado,Eletrônica,EXCLUDE
"RECIFE, PE",,VPX Import,vpx import,"Rua José Mariano Filho, 219 - Pina, Recife",-8.0866338,-34.8848962,"store,point_of_interest,establishment",Independente / Sem chain identificado,Outros,REVIEW
"RECIFE, PE",,Cil Comércio de Informática,cil de informatica,"Avenida Conselheiro Aguiar, 1729 - Boa Viagem, Recife",-8.1051314,-34.8883225,"electronics_store,store,point_of_interest,establishment",Independente / Sem chain identificado,Eletrônica,EXCLUDE
"RECIFE, PE",,Espaço Salus,espaco salus,"Avenida Engenheiro Domingos Ferreira, 1486 - Pina, Recife",-8.103337999999997,-34.889159,"store,food,health,point_of_interest,establishment",Independente / Sem chain identificado,Clínica / Saúde,REVIEW
"RECIFE, PE",,Italica Casa,italica casa,"Rua Antônio Pedro de Figueiredo, 98 - Boa Viagem, Recife",-8.099458799999999,-34.8878324,"furniture_store,home_goods_store,store,point_of_interest,establishment",Independente / Sem chain identificado,Loja de Móveis,EXCLUDE
"RECIFE, PE",,Joana Julião vestidos de festa,joana juliao vestidos de festa,"Rua Capitão Rebelinho, 424 - Pina, Recife",-8.094662399999999,-34.88391559999999,"clothing_store,store,point_of_interest,establishment",Independente / Sem chain identificado,Loja de Roupa,EXCLUDE
"RECIFE, PE",,Camisetas Personalizadas - Dom Santo,camisetas personalizadas - dom santo,"Avenida Conselheiro Aguiar, 231 - Pina, Recife",-8.0925484,-34.8836192,"clothing_store,store,point_of_interest,establishment",Independente / Sem chain identificado,Loja de Roupa,EXCLUDE
"RECIFE, PE",,Concessionária Kymco Dmax Motos - Recife,concessionaria kymco dmax motos - recife,"Avenida Conselheiro Aguiar, 478 - Pina, Recife",-8.0946042,-34.8844849,"store,point_of_interest,establishment",Independente / Sem chain identificado,Outros,REVIEW
"RECIFE, PE",,Quadriciclo Brasil,quadriciclo brasil,"Av. Conselheiro Aguiar, 498 Piso superior - Pina, Recife",-8.094826799999998,-34.88470259999999,"store,point_of_interest,establishment",Independente / Sem chain identificado,Outros,REVIEW
"RECIFE, PE",,Maria Iluminada,maria iluminada,"Rua Capitão Rebelinho, 65 - Pina, Recife",-8.091655,-34.8836733,"store,point_of_interest,establishment",Independente / Sem chain identificado,Outros,REVIEW
"RECIFE, PE",,R4 Informática,r4 informatica,"Avenida Engenheiro Domingos Ferreira, 209 - Loja 08 - Pina, Recife",-8.0920735,-34.88463749999999,"electronics_store,store,point_of_interest,establishment",Independente / Sem chain identificado,Eletrônica,EXCLUDE
"RECIFE, PE",,Espaço Coube,espaco coube,"Avenida Conselheiro Aguiar, 138 - Pina, Recife",-8.0916135,-34.8839312,"clothing_store,beauty_salon,store,point_of_interest,establishment",Independente / Sem chain identificado,Loja de Roupa,EXCLUDE
"RECIFE, PE",,Casa Revest,casa revest,"Rua Capitão Rebelinho, 46 - Pina, Recife",-8.091388,-34.883425,"home_goods_store,store,point_of_interest,establishment",Independente / Sem chain identificado,Casa & Decoração,EXCLUDE
"RECIFE, PE",,Empório NatuGrãos,emporio natugraos,"Avenida Conselheiro Aguiar, 122 - Pina, Recife",-8.091491699999999,-34.8839575,"health,store,food,point_of_interest,establishment",Independente / Sem chain identificado,Mercearia / Empório,REVIEW
"RECIFE, PE",,Grava Studio,grava studio,"Rua Pereira da Costa, 246 - Pina, Recife",-8.095230899999999,-34.88519369999999,"store,point_of_interest,establishment",Independente / Sem chain identificado,Outros,REVIEW
"RECIFE, PE",,Art Sucré - confeitaria artística e sobremesas,art sucre - confeitaria artistica e sobremesas,"Avenida Engenheiro Domingos Ferreira, 209 - sala 04 - Pina, Recife",-8.0920386,-34.88490730000001,"bakery,store,food,point_of_interest,establishment",Independente / Sem chain identificado,Padaria,REVIEW
"RECIFE, PE",,Nova Casa Colchões,nova casa colchoes,"Avenida Conselheiro Aguiar, 634 - Pina, Recife",-8.0960138,-34.8846435,"furniture_store,home_goods_store,store,point_of_interest,establishment",Independente / Sem chain identificado,Loja de Móveis,EXCLUDE
"RECIFE, PE",,Nordest Import,nordest import,"Avenida Engenheiro Domingos Ferreira, 470 - Boa Viagem, Recife",-8.093917099999999,-34.885724,"car_dealer,store,point_of_interest,establishment",Independente / Sem chain identificado,Automotivo,EXCLUDE
"RECIFE, PE",,JLM Comercio Tapetes e Fitas Adesivas,jlm tapetes e fitas adesivas,"Rua Vicência, 68 - Pina, Recife",-8.096599399999997,-34.8838971,"home_goods_store,store,point_of_interest,establishment",Independente / Sem chain identificado,Casa & Decoração,EXCLUDE
"RECIFE, PE",,Tax,tax,"Avenida Conselheiro Aguiar, 723 - Boa Viagem, Recife",-8.0969081,-34.8848562,"clothing_store,store,point_of_interest,establishment",Independente / Sem chain identificado,Loja de Roupa,EXCLUDE
"RECIFE, PE",,Glasses Optical,glasses optical,"Avenida Conselheiro Aguiar, 723 - Boa Viagem, Recife",-8.0969081,-34.8848562,"health,store,point_of_interest,establishment",Independente / Sem chain identificado,Clínica / Saúde,REVIEW
"RECIFE, PE",,Espaço Revigore - Pilates e Move Flow,espaco revigore - pilates e move flow,"Karla Patrícia, Condomínio do Edifício Clinical Center - Avenida Engenheiro Domingos Ferreira, 636 - sala 210 - Pina, Recife",-8.0904483,-34.8843968,"gym,health,store,point_of_interest,establishment",Independente / Sem chain identificado,Outros,EXCLUDE
"RECIFE, PE",,MymyeM Lounge Hair,mymyem lounge hair,"Avenida Encanta Moça, 604-623 - Pina, Recife",-8.0939766,-34.8867833,"store,point_of_interest,establishment",Independente / Sem chain identificado,Outros,REVIEW
"RECIFE, PE",,Pharmapele Farmácia de Manipulação,pharmapele farmacia de manipulacao,"on-line - Av. Conselheiro Aguiar, 13, whatsapp, 81 - 99302,3842 - Boa Viagem, Recife",-8.089987899999997,-34.8830382,"pharmacy,health,store,point_of_interest,establishment",Drogaria (indep.),Farmácia,TARGET
"RECIFE, PE",,Consórcio Nacional Recon,consorcio nacional recon,"Avenida Herculano Bandeira, 276 - Boa Viagem, Recife",-8.0900287,-34.883911,"car_dealer,store,point_of_interest,establishment",Independente / Sem chain identificado,Automotivo,EXCLUDE
"RECIFE, PE",,Dabi Atlante - Filial Recife,dabi atlante - filial recife,"Avenida Engenheiro Domingos Ferreira, 801 - sala 104 - Pina, Recife",-8.0967541,-34.8856049,"health,store,point_of_interest,establishment",Independente / Sem chain identificado,Clínica / Saúde,REVIEW
"RECIFE, PE",,Dermoface - Solução em estética,dermoface - solucao em estetica,"Edifício ArtesinaFiori - Avenida Engenheiro Domingos Ferreira, 801 - Sala 202 B - Pina, Recife",-8.0970505,-34.8856091,"store,point_of_interest,establishment",Independente / Sem chain identificado,Outros,REVIEW
"RECIFE, PE",,Lojão dos Varais,lojao dos varais,"Avenida Engenheiro Domingos Ferreira, 20 - Pina, Recife",-8.089867,-34.8846542,"home_goods_store,store,point_of_interest,establishment",Independente / Sem chain identificado,Casa & Decoração,EXCLUDE
"RECIFE, PE",,Pernambuco Motos Pina,pernambuco motos pina,"Avenida Antônio de Góes, 172 - Pina, Recife",-8.0893724,-34.882587,"car_dealer,store,point_of_interest,establishment",Independente / Sem chain identificado,Automotivo,EXCLUDE
"RECIFE, PE",,Hyper Gráfica,hyper grafica,"Avenida Encanta Moça, 819 - Pina, Recife",-8.095607299999998,-34.8872646,"store,point_of_interest,establishment",Independente / Sem chain identificado,Outros,REVIEW
"RECIFE, PE",,Produtora Musical Bravo,produtora musical bravo,"Avenida Antônio de Góes, 275 - 606 - Pina, Recife",-8.0888309,-34.883803,"store,point_of_interest,establishment",Independente / Sem chain identificado,Outros,REVIEW
"RECIFE, PE",,Rede Tem Supermercados,rede tems,"Av. Manoel Gonçalves da Luz, 460 - Mustardinha, Recife - PE, 50760-830, Brazil",-8.0691089,-34.91771,"establishment,food,grocery_or_supermarket,point_of_interest,store,supermarket",Independente / Sem chain identificado,Mercadinho / Supermercado,TARGET
"RECIFE, PE",,Novo Atacarejo Bongi,novo atacarejo bongi,"Av. Gen. San Martin, 1449 - Bongi, Recife - PE, 50761-000, Brazil",-8.061743100000001,-34.9251049,"establishment,food,grocery_or_supermarket,point_of_interest,store",Independente / Sem chain identificado,Atacarejo,TARGET
"RECIFE, PE",,Mercadinho Vitoria - Jiquía,mercadinho vitoria - jiquia,"r 50771 040 - Rua Juarez Millet, 180 - Jiquiá, Recife - PE, 50771-040, Brazil",-8.0886778,-34.9251418,"establishment,point_of_interest",Independente / Sem chain identificado,Mercadinho,TARGET
"RECIFE, PE",,Flat Beira Mar,flat beira mar,"Avenida Boa Viagem, 130 - Pina, Recife",-8.0928816,-34.88273540000001,"lodging,point_of_interest,establishment",Independente / Sem chain identificado,Hotel,EXCLUDE
"RECIFE, PE",,Cia do Judô,cia do judo,"Avenida Brasília Formosa, 1-60 - Brasília Teimosa, Recife",-8.0885978,-34.8798695,"health,point_of_interest,establishment",Independente / Sem chain identificado,Clínica / Saúde,REVIEW
"RECIFE, PE",,Casaforte Investimentos,casaforte investimentos,"Avenida Antônio de Góes, 60 - Pina, Recife",-8.089488699999999,-34.8819804,"finance,point_of_interest,establishment",Independente / Sem chain identificado,Outros,REVIEW
"RECIFE, PE",,Birosca Bar,birosca bar,"Rua Dragão do Mar, 29 - Brasília Teimosa, Recife",-8.084833399999999,-34.8782654,"bar,point_of_interest,establishment",Independente / Sem chain identificado,Outros,REVIEW
"RECIFE, PE",,"(Ancho Burguer), hamburguer atezanal, cuscuz recheado, yakssoba, hambúrguer, milk-shake, molho artesanal.","(ancho burguer), hamburguer atezanal, cuscuz recheado, yakssoba, hamburguer, milk-shake, molho artesanal.","Avenida Brasília Formosa, 479 - Brasília Teimosa, Recife",-8.083642900000001,-34.87781349999999,"meal_takeaway,restaurant,point_of_interest,food,establishment",Independente / Sem chain identificado,Outros,REVIEW
"RECIFE, PE",,JORGE MENEZES - PALESTRANTE,jorgenezes - palestrante,"TRADE CENTER JCPM - Av. Engenheiro Antônio de Góes, 60 - 7 Andar, Recife",-8.0857463,-34.8803673,"point_of_interest,establishment",Independente / Sem chain identificado,Outros,REVIEW
"RECIFE, PE",,Tetra Pak,tetra pak,"Avenida Antônio de Góes, 60 - Pina, Recife",-8.0898069,-34.8814412,"point_of_interest,establishment",Independente / Sem chain identificado,Outros,REVIEW
"RECIFE, PE",,Radar Executivo Business School,radar executivo business school,"Avenida Antônio de Góes, 60 - F7 - Pina, Recife",-8.0894994,-34.8819815,"point_of_interest,establishment",Independente / Sem chain identificado,Outros,REVIEW
"RECIFE, PE",,Unimed Recife Vendas,unimed recife vendas,"Rua Estrela do Mar, 125 - Pina, Recife",-8.0823133,-34.87797250000001,"insurance_agency,point_of_interest,health,establishment",Independente / Sem chain identificado,Outros,REVIEW
"RECIFE, PE",,Unicordis-Urgências Cardiológicas,unicordis-urgencias cardiologicas,"Avenida Conselheiro Aguiar, 19 - Pina, Recife",-8.089656399999999,-34.8827732,"point_of_interest,doctor,health,establishment",Independente / Sem chain identificado,Outros,REVIEW
"RECIFE, PE",,Bar e restaurante dos amigos,bar e restaurante dos amigos,"Rua Brazopolis, 12 - Brasília Teimosa, Recife",-8.089115,-34.881506,"restaurant,bar,point_of_interest,food,establishment",Independente / Sem chain identificado,Restaurante,EXCLUDE
"RECIFE, PE",,Êxito Importadora e Exportadora,exito importadora e exportadora,Avenida Eng Antônio Góes 1 - ; ;SL 05,-8.091709,-34.8821173,"point_of_interest,establishment",Independente / Sem chain identificado,Outros,REVIEW
"RECIFE, PE",,Malta Montenegro Advogados,malta montenegro advogados,"Avenida Antônio de Góes, 60, 602 - Pina, Recife",-8.0898756,-34.8818748,"point_of_interest,establishment",Independente / Sem chain identificado,Outros,REVIEW
"RECIFE, PE",,Dinâmica Esquadrias e Vidros,dinamica esquadrias e vidros,"Rua Carlos Líra Filho, 225 - Pina, Recife",-8.088758099999998,-34.88286,"point_of_interest,establishment",Independente / Sem chain identificado,Outros,REVIEW
"RECIFE, PE",,Cavalcante Guerra Advogados Associados,cavalcante guerra advogados associados,"JCPM Trade Center - Avenida Antônio de Góes, 60 - 14º andar - Pina, Recife",-8.089903099999999,-34.8819388,"point_of_interest,establishment",Independente / Sem chain identificado,Outros,REVIEW
"RECIFE, PE",,Daniel Mena Negócios Imobiliarios,danielna negocios imobiliarios,"Jcpm - Avenida Antônio de Góes, 60 - 14º andar - Pina, Recife",-8.089903099999999,-34.8819388,"real_estate_agency,point_of_interest,establishment",Independente / Sem chain identificado,Outros,REVIEW
"RECIFE, PE",,Mozart Negócios Imobiliários,mozart negocios imobiliarios,"Empresarial JCPM - Avenida Antônio de Góes, 60 - 7º Andar - Pina, Recife",-8.0893191,-34.8818372,"real_estate_agency,finance,point_of_interest,establishment",Independente / Sem chain identificado,Outros,REVIEW
"RECIFE, PE",,Grow Group,grow group,"Avenida Antônio de Góes, 60 - sala 719 - Pina, Recife",-8.0893191,-34.8818372,"point_of_interest,establishment",Independente / Sem chain identificado,Outros,REVIEW
"RECIFE, PE",,Michael Page,michael page,"Avenida Antônio de Góes, 60 - 7º piso, sala 706 - Pina, Recife",-8.0893191,-34.8818372,"point_of_interest,establishment",Independente / Sem chain identificado,Outros,REVIEW
"RECIFE, PE",,Tax Brasil Consultoria,tax brasil consultoria,"Avenida Antônio de Góes, 60 - Pina, Recife",-8.0894782,-34.8819386,"point_of_interest,establishment",Independente / Sem chain identificado,Outros,REVIEW
"RECIFE, PE",,Interagir assessoria Estudantil,interagir assessoria estudantil,"Avenida Antônio de Góes, 60 - Empresarial JCPM, Recife",-8.0894782,-34.8819386,"shopping_mall,point_of_interest,establishment",Independente / Sem chain identificado,Outros,REVIEW
"RECIFE, PE",,EXITUS - Reestruturação e Administração Judicial,exitus - reestruturacao e administracao judicial,"Avenida Antônio de Góes, 60 - 7º e 14º Andar - Pina, Recife",-8.0894741,-34.8819547,"point_of_interest,establishment",Independente / Sem chain identificado,Outros,REVIEW
"RECIFE, PE",,Exclusiva Promoções e Eventos,exclusiva promocoes e eventos,"Avenida Antônio de Góes, 60 - Pina, Recife",-8.089440399999999,-34.8819577,"point_of_interest,establishment",Independente / Sem chain identificado,Outros,REVIEW
"RECIFE, PE",,Netsafe Corp - Recife,netsafe corp - recife,"Jcpm - Avenida Antônio de Góes, 60 - 14 andar - Pina, Recife",-8.089440399999999,-34.8819577,"point_of_interest,establishment",Independente / Sem chain identificado,Outros,REVIEW
"RECIFE, PE",,Synergia Consultoria & Assessoria Contábil,synergia consultoria & assessoria contabil,"Avenida Antônio de Góes, 60 - Pina, Recife",-8.089439999999998,-34.881958,"accounting,finance,point_of_interest,establishment",Independente / Sem chain identificado,Outros,REVIEW
"RECIFE, PE",,Cyrela Brazil Realty,cyrela brazil realty,"Avenida Antônio de Góes, 60 - Pina, Recife",-8.0894911,-34.8819782,"general_contractor,point_of_interest,establishment",Independente / Sem chain identificado,Construtora,EXCLUDE
"RECIFE, PE",,Seu Evento.Net - Recife,seu evento.net - recife,"Avenida Antônio de Góes, 60 - Pina, Recife",-8.089488699999999,-34.8819804,"point_of_interest,establishment",Independente / Sem chain identificado,Outros,REVIEW
"RECIFE, PE",,Elo Nordeste - Assessoria Documental e Cartorária,elo nordeste - assessoria documental e cartoraria,"Sala 1411 - JCPM Trade Center, Avenida Antônio de Góes, 60 - Pina, Recife",-8.0894931,-34.8819834,"point_of_interest,establishment",Independente / Sem chain identificado,Outros,REVIEW
"RECIFE, PE",,Ciro Mafra Advogados Associados,ciro mafra advogados associados,"JCPM Trade Center, Avenida Antônio de Góes, 60 - Sala 1205 - Pina, Recife",-8.0894602,-34.8819868,"point_of_interest,establishment",Independente / Sem chain identificado,Outros,REVIEW
"RECIFE, PE",,Leite Rivas Advogados,leite rivas advogados,"Ed. JCPM Trade Center - Avenida Antônio de Góes, 60 - 14º andar - Pina, Recife",-8.0894602,-34.8819868,"point_of_interest,establishment",Independente / Sem chain identificado,Outros,REVIEW
"RECIFE, PE",,PROTENDIDOS DYWIDAG LTDA.,protendidos dywidag.,"Avenida Antônio de Góes, 60 - Sala 701 - Pina, Recife",-8.0894602,-34.8819868,"point_of_interest,establishment",Independente / Sem chain identificado,Outros,REVIEW
"RECIFE, PE",,Regus Recife JCPM Trade Center,regus recife jcpm trade center,"Boa Viagem, Jcpm Trade Center - Avenida Antônio de Góes, 60 - 7º e 14º andares - Pina, Recife",-8.0894602,-34.8819868,"real_estate_agency,point_of_interest,establishment",Independente / Sem chain identificado,Outros,REVIEW
"RECIFE, PE",,LHH,lhh,"Avenida Antônio de Góes, 60 - Pina, Recife",-8.0894602,-34.8819868,"point_of_interest,establishment",Independente / Sem chain identificado,Outros,REVIEW
"RECIFE, PE",,Breno Lopes Advogados Associados,breno lopes advogados associados,"Jcpm, JCPM Trade Center - Avenida Antônio de Góes, 60 - 14o. Andar - Pina, Recife",-8.0894602,-34.8819868,"lawyer,point_of_interest,establishment",Independente / Sem chain identificado,Outros,REVIEW
"RECIFE, PE",,MASCENA ADVOCACIA,mascena advocacia,"Jcpm - Avenida Antônio de Góes, 60 - Sala 1205 - Pina, Recife",-8.0894602,-34.8819868,"point_of_interest,establishment",Independente / Sem chain identificado,Outros,REVIEW
"RECIFE, PE",,Lins Cattoni e Advogados Associados,lins cattoni e advogados associados,"Avenida Antônio de Góes, 60 - Pina, Recife",-8.08946,-34.88198699999999,"lawyer,point_of_interest,establishment",Independente / Sem chain identificado,Outros,REVIEW
"RECIFE, PE",,Hqueiroz,hqueiroz,"Rua Serra, 255 - Brasília Teimosa, Recife",-8.0850257,-34.8801463,"point_of_interest,establishment",Independente / Sem chain identificado,Outros,REVIEW
"RECIFE, PE",,Mira Moda Praia,mira moda praia,"Rua Arabaiana - Brasília Teimosa, Recife",-8.0839688,-34.88035869999999,"store,point_of_interest,establishment",Independente / Sem chain identificado,Outros,REVIEW
"RECIFE, PE",,Ecobag - Custom Bags,ecobag - custom bags,"Rua da Alegria, 61 - Boa Vista, Recife",-8.0805702,-34.87786699999999,"store,point_of_interest,establishment",Independente / Sem chain identificado,Outros,REVIEW
"RECIFE, PE",,Notabile Comércio e Serviços,notabile e servicos,"Avenida Herculano Bandeira, 3 - Pina, Recife",-8.0885745,-34.88523409999999,"furniture_store,home_goods_store,store,point_of_interest,establishment",Independente / Sem chain identificado,Loja de Móveis,EXCLUDE
"RECIFE, PE",,Loteria Caixa,loteria caixa,"Avenida Herculano Bandeira, 498 - Pina, Recife",-8.0885223,-34.8852301,"store,point_of_interest,establishment",Independente / Sem chain identificado,Outros,REVIEW
"RECIFE, PE",,Loterias Divina Sorte,loterias divina sorte,"Avenida Herculano Bandeira, 498 - Pina, Recife",-8.088536999999999,-34.8852513,"store,point_of_interest,establishment",Independente / Sem chain identificado,Outros,REVIEW
"RECIFE, PE",,Sos Motorcycle Parts,sos motorcycle parts,"Ao lado da lotérica - Avenida Herculano Bandeira, n°520 - Pina, Recife",-8.0884951,-34.8852861,"car_repair,store,point_of_interest,establishment",Independente / Sem chain identificado,Automotivo,EXCLUDE
"RECIFE, PE",,Bomjesus,bomjesus,"Rua José Mariano Filho, 237 - Pina, Recife",-8.086831799999999,-34.884826,"car_dealer,store,point_of_interest,establishment",Independente / Sem chain identificado,Automotivo,EXCLUDE
"RECIFE, PE",,Guia de Óticas em Recife,guia de oticas em recife,"Avenida Conselheiro Aguiar, 318 - Boa Viagem, Recife",-8.0934478,-34.8841677,"health,store,point_of_interest,establishment",Independente / Sem chain identificado,Clínica / Saúde,REVIEW
"RECIFE, PE",,Digitec Fotografia,digitec fotografia,"Avenida Herculano Bandeira, 591 - Pina, Recife",-8.0881933,-34.8861217,"electronics_store,home_goods_store,store,point_of_interest,establishment",Independente / Sem chain identificado,Eletrônica,EXCLUDE
"RECIFE, PE",,Bia Guirão,bia guirao,"Avenida Conselheiro Aguiar, 1069 - Boa Viagem, Recife",-8.0998668,-34.88605149999999,"clothing_store,store,point_of_interest,establishment",Independente / Sem chain identificado,Loja de Roupa,EXCLUDE
"RECIFE, PE",,MATARAZZOX TECNOLOGIA,matarazzox tecnologia,"Avenida Engenheiro Domingos Ferreira, 890 - Sala 507 - Boa Viagem, Recife",-8.0974905,-34.8866056,"electrician,electronics_store,home_goods_store,store,point_of_interest,establishment",Independente / Sem chain identificado,Outros,REVIEW
"RECIFE, PE",,Leite de Rosas,leite de rosas,"Avenida Engenheiro Domingos Ferreira, 890 - Boa Viagem, Recife",-8.097502399999998,-34.88660589999999,"store,point_of_interest,establishment",Independente / Sem chain identificado,Outros,REVIEW
"RECIFE, PE",,Bike route sport,bike route sport,"Avenida Engenheiro Domingos Ferreira, 256b - Pina, Recife",-8.0865977,-34.8859011,"bicycle_store,store,point_of_interest,establishment",Independente / Sem chain identificado,Bicicletaria,EXCLUDE
"RECIFE, PE",,MARIÉE ACESSÓRIOS,mariee acessorios,"Rua Ivonete Ferreira da Silva, 15 - Pina, Recife",-8.0852954,-34.8855809,"store,point_of_interest,establishment",Independente / Sem chain identificado,Outros,REVIEW
"RECIFE, PE",,Casa da Bateria - PINA - Oficial ✅ | Sua loja de bateria em Recife | Loja de bateria no Pina,casa da bateria - pina - oficial  | sua loja de bateria em recife | loja de bateria no pina,"Avenida Antônio de Góes, 146 - Pina, Recife",-8.0892635,-34.8827479,"car_repair,store,point_of_interest,establishment",Independente / Sem chain identificado,Automotivo,EXCLUDE
"RECIFE, PE",,Dakar Moto Peças,dakar moto pecas,"Rua Tomé Gibson, 332 - Pina, Recife",-8.0982668,-34.88705109999999,"car_repair,store,point_of_interest,establishment",Independente / Sem chain identificado,Automotivo,EXCLUDE
"RECIFE, PE",,Arm Zem,arm zem,"Atendimento via WhatsApp - Avenida Engenheiro Domingos Ferreira, 40 - ZAP-(81) 9-71102940 - Pina, Recife",-8.0901684,-34.884329,"hardware_store,store,point_of_interest,establishment",Independente / Sem chain identificado,Outros,REVIEW
"RECIFE, PE",,Sposa Alta Costura / Tulle recife,sposa alta costura / tulle recife,"Avenida Conselheiro Aguiar, 160 - loja 01 - Boa Viagem, Recife",-8.0918435,-34.8839083,"store,point_of_interest,establishment",Independente / Sem chain identificado,Outros,REVIEW
"RECIFE, PE",,Cortinas Chic,cortinas chic,"Avenida Conselheiro Aguiar, 459 - Boa Viagem, Recife",-8.0942543,-34.8841203,"home_goods_store,general_contractor,store,point_of_interest,establishment",Independente / Sem chain identificado,Casa & Decoração,EXCLUDE
"RECIFE, PE",,Extracompra,extracompra,"Rua Comendador Franco Ferreira, 583 - San Martin, Recife",-8.0706934,-34.9282131,"supermarket,grocery_or_supermarket,store,point_of_interest,food,establishment",Independente / Sem chain identificado,Supermercado,TARGET
"RECIFE, PE",,Grocery New World,grocery new world,"Rua Paudalho, 33 - San Martin, Recife",-8.0689431,-34.93577700000001,"supermarket,grocery_or_supermarket,store,point_of_interest,food,establishment",Independente / Sem chain identificado,Supermercado,TARGET
"RECIFE, PE",,Mercadinho Balaio Cheio,mercadinho balaio cheio,"Rua Vinte e Um de Abril, 1309 - Afogados, Recife",-8.0751689,-34.91870779999999,"supermarket,grocery_or_supermarket,store,point_of_interest,food,establishment",Independente / Sem chain identificado,Mercadinho,TARGET
"RECIFE, PE",,Mercadinho Filho de Deus,mercadinho filho de deus,"Rua Irmã Ana Brígida, 20 - Mangueira, Recife",-8.0759048,-34.92008239999999,"supermarket,grocery_or_supermarket,store,point_of_interest,food,establishment",Independente / Sem chain identificado,Mercadinho,TARGET
"RECIFE, PE",,Berg frios,berg frios,"Rua Doutor João Elísio, 324 A - Mangueira, Recife",-8.0778109,-34.9192446,"supermarket,grocery_or_supermarket,store,point_of_interest,food,establishment",Independente / Sem chain identificado,Supermercado,TARGET
"RECIFE, PE",,Mercadinho Estrela,mercadinho estrela,Brazil,-8.075289000000001,-34.9217743,"supermarket,grocery_or_supermarket,store,point_of_interest,food,establishment",Independente / Sem chain identificado,Mercadinho,TARGET
"RECIFE, PE",,Pai & Filho,pai & filho,Brazil,-8.076733800000001,-34.92266199999999,"supermarket,grocery_or_supermarket,store,point_of_interest,food,establishment",Independente / Sem chain identificado,Supermercado,TARGET
"RECIFE, PE",,Mini mart Price,mini mart price,"Rua Alexandre Rodrigues Ferreira, 477 - Mangueira, Recife",-8.0769398,-34.9228568,"supermarket,grocery_or_supermarket,store,point_of_interest,food,establishment",Independente / Sem chain identificado,Minimercado,TARGET
"RECIFE, PE",,mercearia emilly,mercearia emilly,"Rua Lajes - San Martin, Recife",-8.0710742,-34.91534599999999,"supermarket,grocery_or_supermarket,store,point_of_interest,food,establishment",Independente / Sem chain identificado,Mercearia / Empório,TARGET
"RECIFE, PE",,JS Mercearia,jsrcearia,"Rua Vinte e Um de Abril, 2120 - San Martin, Recife",-8.0726832,-34.924614,"supermarket,grocery_or_supermarket,store,point_of_interest,food,establishment",Independente / Sem chain identificado,Mercearia / Empório,TARGET
"RECIFE, PE",,Mercadinho do Povo,mercadinho do povo,"Avenida Manoel Gonçalves da Luz, 489 - Mustardinha, Recife",-8.0694254,-34.9175691,"supermarket,grocery_or_supermarket,store,point_of_interest,food,establishment",Independente / Sem chain identificado,Mercadinho,TARGET
"RECIFE, PE",,Supermercado Amigao,supermercado amigao,"Avenida Manoel Gonçalves da Luz, 541 - Mustardinha, Recife",-8.069281000000002,-34.9173298,"supermarket,grocery_or_supermarket,store,point_of_interest,food,establishment",Independente / Sem chain identificado,Supermercado,TARGET
"RECIFE, PE",,Mercadinho dos Amigos,mercadinho dos amigos,"Rua Tenente Mindelo, 132 - Jiquiá, Recife",-8.075814,-34.9268943,"supermarket,grocery_or_supermarket,store,food,point_of_interest,establishment",Independente / Sem chain identificado,Mercadinho,TARGET
"RECIFE, PE",,MERCADINHO DO NENZINHO,mercadinho do nenzinho,"Rua José Moreira Réis, 654 - Bongi, Recife",-8.067839,-34.920561,"supermarket,grocery_or_supermarket,store,food,point_of_interest,establishment",Independente / Sem chain identificado,Mercadinho,TARGET
"RECIFE, PE",,Petrônio Mercearia,petroniorcearia,"Rua Major Mario Portela, 422 - Bongi, Recife",-8.0681213,-34.9159845,"supermarket,grocery_or_supermarket,store,food,point_of_interest,establishment",Independente / Sem chain identificado,Mercearia / Empório,TARGET
"RECIFE, PE",,Mercadinho Jerusalém,mercadinho jerusalem,"Rua des Lopes Gama, 558 - San Martin, Recife",-8.0753874,-34.9274234,"supermarket,grocery_or_supermarket,store,food,point_of_interest,establishment",Independente / Sem chain identificado,Mercadinho,TARGET
"RECIFE, PE",,Mercadinho Kleiton laticínios,mercadinho kleiton laticinios,"Rua Japomim, 21 - Afogados, Recife",-8.0737367,-34.9104732,"supermarket,grocery_or_supermarket,store,food,point_of_interest,establishment",Independente / Sem chain identificado,Mercadinho,TARGET
"RECIFE, PE",,Mercadinho 3 de Agosto,mercadinho 3 de agosto,"Rua Três de Agosto, 342 - Afogados, Recife",-8.0740281,-34.91033770000001,"supermarket,grocery_or_supermarket,store,food,point_of_interest,establishment",Independente / Sem chain identificado,Mercadinho,TARGET
"RECIFE, PE",,Mercadinho Renascer,mercadinho renascer,"Rua Vinte e Um de Abril, 2220 - Afogados, Recife",-8.0716962,-34.9267173,"supermarket,grocery_or_supermarket,store,food,point_of_interest,establishment",Independente / Sem chain identificado,Mercadinho,TARGET
"RECIFE, PE",,Mercearia do José,mercearia do jose,"Rua Três de Agosto, 307 - Afogados, Recife",-8.074289199999999,-34.9100042,"supermarket,grocery_or_supermarket,store,food,point_of_interest,establishment",Independente / Sem chain identificado,Mercearia / Empório,TARGET
"RECIFE, PE",,Mercadinho Ourém,mercadinho ourem,"Rua Ourém, 290-286 - San Martin, Recife",-8.0691261,-34.92652079999999,"supermarket,grocery_or_supermarket,store,food,point_of_interest,establishment",Independente / Sem chain identificado,Mercadinho,TARGET
"RECIFE, PE",,Mercadinho Sol,mercadinho sol,"Rua Vinte e Um de Abril, 184 - Afogados, Recife",-8.077095,-34.908679,"supermarket,grocery_or_supermarket,store,food,point_of_interest,establishment",Independente / Sem chain identificado,Mercadinho,TARGET
"RECIFE, PE",,Mercadinho Do Matuto,mercadinho do matuto,"Rua Isaac Markman, 38 - Bongi, Recife",-8.065732999999998,-34.91717360000001,"supermarket,grocery_or_supermarket,store,food,point_of_interest,establishment",Independente / Sem chain identificado,Mercadinho,TARGET
"RECIFE, PE",,Vale das Águas / Mercadinho da Jô,vale das aguas /rcadinho da jo,"Rua Professor Silvio da Cunha Santos, 38 - San Martin, Recife",-8.072562099999999,-34.9287227,"supermarket,grocery_or_supermarket,store,food,point_of_interest,establishment",Independente / Sem chain identificado,Mercadinho,TARGET
"RECIFE, PE",,Akicarnes Afogados,akicarnes afogados,"Rua Vinte e Um de Abril, 164 - Afogados, Recife",-8.077117,-34.9085449,"supermarket,grocery_or_supermarket,store,food,point_of_interest,establishment",Independente / Sem chain identificado,Supermercado,TARGET
"RECIFE, PE",,CRM SUCOS da fruta do Irmão Clebson,crm sucos da fruta do irmao clebson,"1A Travessa João Cabral de Melo Neto, 98-4 - Jiquiá, Recife",-8.075954099999999,-34.9294965,"supermarket,grocery_or_supermarket,store,food,point_of_interest,establishment",Independente / Sem chain identificado,Supermercado,TARGET
"RECIFE, PE",,Atacarejo Ideal San Martin,atacarejo ideal san martin,"Rua Comendador Franco Ferreira - San Martin, Recife",-8.0703103,-34.9281211,"supermarket,grocery_or_supermarket,store,food,point_of_interest,establishment",Independente / Sem chain identificado,Atacarejo,TARGET
"RECIFE, PE",,Mercearia Rangel,mercearia rangel,"Rua Cosme Viana - Afogados, Recife",-8.0692987,-34.9098554,"supermarket,grocery_or_supermarket,store,food,point_of_interest,establishment",Independente / Sem chain identificado,Mercearia / Empório,TARGET
"RECIFE, PE",,Mercearia preço baixo,mercearia preco baixo,"Rua Duarte Filho, 95 - San Martin, Recife",-8.0682388,-34.927056,"supermarket,grocery_or_supermarket,store,food,point_of_interest,establishment",Independente / Sem chain identificado,Mercearia / Empório,TARGET
"RECIFE, PE",,Redemais,redemais,Brazil,-8.069233999999998,-34.9280803,"supermarket,grocery_or_supermarket,store,food,point_of_interest,establishment",Independente / Sem chain identificado,Supermercado,TARGET
"RECIFE, PE",,Mercadinho Progresso,mercadinho progresso,"Estrada dos Remédios, 1143 - Afogados, Recife",-8.0700988,-34.9084894,"supermarket,grocery_or_supermarket,store,food,point_of_interest,establishment",Independente / Sem chain identificado,Mercadinho,TARGET
"RECIFE, PE",,Coisas da Vanda (DaTerra),coisas da vanda (daterra),"Rua Vinte e Um de Abril, 2848 - San Martin, Recife",-8.070611699999999,-34.9296649,"supermarket,grocery_or_supermarket,store,food,point_of_interest,establishment",Independente / Sem chain identificado,Supermercado,TARGET
"RECIFE, PE",,A Budega,a budega,"Avenida General San Martin, 1910 - San Martin, Recife",-8.0680211,-34.92807459999999,"supermarket,grocery_or_supermarket,store,food,point_of_interest,establishment",Independente / Sem chain identificado,Supermercado,TARGET
"RECIFE, PE",,Mercadinho Doideira,mercadinho doideira,"Rua Pedro Boulitreau, 491 - San Martin, Recife",-8.0750747,-34.93112180000001,"supermarket,grocery_or_supermarket,store,food,point_of_interest,establishment",Independente / Sem chain identificado,Mercadinho,TARGET
"RECIFE, PE",,Mercadinho a Praça é Nossa,mercadinho a praca e nossa,"Rua Professor Silvio da Cunha Santos, 331 - San Martin, Recife",-8.0720353,-34.9307587,"supermarket,grocery_or_supermarket,store,food,point_of_interest,establishment",Independente / Sem chain identificado,Mercadinho,TARGET
"RECIFE, PE",,Posto Petrobras,posto petrobras,"Avenida Engenheiro Abdias de Carvalho, 1830 - Prado, Recife",-8.0621479,-34.9177997,"gas_station,car_wash,convenience_store,car_repair,store,restaurant,food,point_of_interest,establishment",Petrobras,Posto / Conveniência,TARGET
"RECIFE, PE",,Posto Opção - Abdias,posto opcao - abdias,"Avenida Engenheiro Abdias de Carvalho, 2716 - Cordeiro, Recife",-8.0622401,-34.9319489,"gas_station,car_wash,convenience_store,car_repair,store,restaurant,food,point_of_interest,establishment",Posto (genérico),Posto / Conveniência,REVIEW
"RECIFE, PE",,Depósito Sextou,deposito sextou,"Rua José Moreira Réis, 655 - Bongi, Recife",-8.0680268,-34.9206722,"convenience_store,store,food,point_of_interest,establishment",Independente / Sem chain identificado,Conveniência,TARGET
"RECIFE, PE",,Mercasa Market,mercasa market,"Rua Coronel Alfredo Duarte, 560A - Afogados, Recife",-8.069541899999999,-34.91296380000001,"convenience_store,store,food,point_of_interest,establishment",Independente / Sem chain identificado,Conveniência,TARGET
"RECIFE, PE",,RV Conveniência,rv conveniencia,"Rua Jaborandi, 69 - Cajueiro Seco, Recife",-8.071277900000002,-34.9276315,"convenience_store,store,food,point_of_interest,establishment",Independente / Sem chain identificado,Conveniência,TARGET
"RECIFE, PE",,ARMAZÉM DA CACHAÇA / CONVENIÊNCIA,armazem da cachaca / conveniencia,"Rua Ourém, 114 - San Martin, Recife",-8.067262099999999,-34.92605709999999,"convenience_store,store,food,point_of_interest,establishment",Independente / Sem chain identificado,Conveniência,TARGET
"RECIFE, PE",,global CONVENIENCIA,global conveniencia,"Estrada dos Remédios, 876 - Afogados, Recife",-8.072182999999999,-34.9077413,"convenience_store,store,food,point_of_interest,establishment",Independente / Sem chain identificado,Conveniência,TARGET
"RECIFE, PE",,To Go Conveniência,to go conveniencia,"Estrada dos Remédios, 1235 - Afogados, Recife",-8.0692287,-34.9085668,"convenience_store,store,food,point_of_interest,establishment",Independente / Sem chain identificado,Conveniência,TARGET
"RECIFE, PE",,Br Mania - Afogados,br mania - afogados,"Estrada dos Remédios, 1235 - Afogados, Recife",-8.0692287,-34.9085668,"convenience_store,store,food,point_of_interest,establishment",BR Mania (Petrobras),Conveniência,TARGET
"RECIFE, PE",,"Posto Celso Xavier - Posto de Gasolina, GNV, Conveniência, Troca de Óleo, Recife","posto celso xavier - posto de gasolina, gnv, conveniencia, troca de oleo, recife","Estrada dos Remédios, 1235 - Afogados, Recife",-8.069208,-34.90856889999999,"gas_station,convenience_store,store,food,car_repair,point_of_interest,establishment",Posto (genérico),Posto / Conveniência,REVIEW
"RECIFE, PE",,BR Mania Conveniência,br mania conveniencia,"Avenida Engenheiro Abdias de Carvalho, 1830 - Prado, Recife",-8.062026,-34.91790409999999,"convenience_store,gas_station,atm,meal_takeaway,cafe,finance,restaurant,store,food,car_repair,point_of_interest,establishment",BR Mania (Petrobras),Conveniência,TARGET
"RECIFE, PE",,Petrobras,petrobras,"Avenida Engenheiro Abdias de Carvalho, 1701 - Bongi, Recife",-8.061695299999998,-34.92140249999999,"gas_station,convenience_store,car_wash,restaurant,store,food,car_repair,point_of_interest,establishment",Petrobras,Posto / Conveniência,TARGET
"RECIFE, PE",,Loja de Conveniência - Posto Petrojóquei,loja de conveniencia - posto petrojoquei,"Posto Petrojóquei - Avenida Engenheiro Abdias de Carvalho, 758 - Prado, Recife",-8.0623238,-34.913569,"convenience_store,store,food,point_of_interest,establishment",Posto (genérico),Posto / Conveniência,TARGET
"RECIFE, PE",,BR Mania Conveniência,br mania conveniencia,"Avenida Engenheiro Abdias de Carvalho, 1142 - Prado, Recife",-8.0623004,-34.91141999999999,"convenience_store,gas_station,atm,meal_takeaway,cafe,finance,restaurant,store,food,car_repair,point_of_interest,establishment",BR Mania (Petrobras),Conveniência,TARGET
"RECIFE, PE",,Petrobras,petrobras,"Avenida Engenheiro Abdias de Carvalho, 1142 - Prado, Recife",-8.0623004,-34.91141999999999,"gas_station,convenience_store,car_wash,restaurant,store,food,car_repair,point_of_interest,establishment",Petrobras,Posto / Conveniência,TARGET
"RECIFE, PE",,Posto Petrobras,posto petrobras,"Avenida Engenheiro Abdias de Carvalho, 1055 - Madalena, Recife",-8.062281700000002,-34.90929929999999,"gas_station,convenience_store,car_wash,store,food,car_repair,point_of_interest,establishment",Petrobras,Posto / Conveniência,TARGET
"RECIFE, PE",,Stops Conveniência,stops conveniencia,"Avenida Engenheiro Abdias de Carvalho, 1055 - Madalena, Recife",-8.062218699999999,-34.9093422,"convenience_store,store,food,point_of_interest,establishment",Independente / Sem chain identificado,Conveniência,TARGET
"RECIFE, PE",,Troca de Óleo Millenium,troca de oleo millenium,"Avenida Engenheiro Abdias de Carvalho, 2716 - Bongi, Recife",-8.0622401,-34.9319489,"convenience_store,store,food,car_repair,point_of_interest,establishment",Independente / Sem chain identificado,Conveniência,TARGET
"RECIFE, PE",,AmPm,ampm,"Avenida Engenheiro Abdias de Carvalho, 2716 - Bongi, Recife",-8.0622396,-34.9319569,"convenience_store,store,food,point_of_interest,establishment",AmPm (Shell),Conveniência,TARGET
"RECIFE, PE",,Conveniência Petro Cal Torrões,conveniencia petro cal torroes,"Avenida Engenheiro Abdias de Carvalho, 720 - Torrões, Recife",-8.0626464,-34.9330002,"convenience_store,store,food,point_of_interest,establishment",Independente / Sem chain identificado,Conveniência,TARGET
"RECIFE, PE",,Conveniência Posto Extra Benfica,conveniencia posto extra benfica,"Avenida Engenheiro Abdias de Carvalho, 336 - Madalena, Recife",-8.0608556,-34.9056287,"convenience_store,store,food,point_of_interest,establishment",Extra,Hipermercado / Supermercado,TARGET
"RECIFE, PE",,AmPm,ampm,"Avenida Engenheiro Abdias de Carvalho, 64 - Madalena, Recife",-8.060934399999997,-34.9050144,"convenience_store,food,store,point_of_interest,establishment",AmPm (Shell),Conveniência,TARGET
"RECIFE, PE",,MADAWINEBEER,madawinebeer,"Rua Benfica, 845 - Madalena, Recife",-8.0583168,-34.90665869999999,"convenience_store,food,store,point_of_interest,establishment",Independente / Sem chain identificado,Conveniência,TARGET
"RECIFE, PE",,M.Conveniência,m.conveniencia,"Avenida São Paulo, 517A - Jardim São Paulo, Recife",-8.0819689,-34.9398547,"convenience_store,food,store,point_of_interest,establishment",Independente / Sem chain identificado,Conveniência,TARGET
"RECIFE, PE",,Shell Select,shell select,"Avenida Engenheiro Abdias de Carvalho, 1122 - Torrões, Recife",-8.064732600000001,-34.9377907,"convenience_store,food,store,point_of_interest,establishment",Select (Petrobras),Conveniência,TARGET
"RECIFE, PE",,Correios - Bongi (agência e CD),correios - bongi (agencia e cd),"Avenida General San Martin, 1083 - Prado, Recife",-8.059074299999997,-34.92453520000001,"post_office,finance,point_of_interest,establishment",Independente / Sem chain identificado,Outros,REVIEW
"RECIFE, PE",,Fiori Fiat Afogados - Recife PE,fiori fiat afogados - recife pe,"Rua João Ivo da Silva, 220 - Afogados, Recife",-8.0638455,-34.9098154,"car_dealer,store,point_of_interest,establishment",Independente / Sem chain identificado,Automotivo,EXCLUDE
"RECIFE, PE",,Sebrae - Recife,sebrae - recife,"Rua Tabaiares, 360 - Ilha do Retiro, Recife",-8.0651289,-34.9050337,"point_of_interest,establishment",Independente / Sem chain identificado,Outros,REVIEW
"RECIFE, PE",,Engefrio,engefrio,"Avenida Engenheiro Abdias de Carvalho, 1111 - Prado, Recife",-8.0622306,-34.9108252,"store,furniture_store,home_goods_store,point_of_interest,establishment",Independente / Sem chain identificado,Loja de Móveis,EXCLUDE
"RECIFE, PE",,Estádio Adelmar da Costa Carvalho,estadio adelmar da costa carvalho,"Rua Sport Club do Recife - Ilha do Retiro, Recife",-8.0629134,-34.9029177,"stadium,point_of_interest,establishment",Independente / Sem chain identificado,Outros,REVIEW
"RECIFE, PE",,Neoenergia Pernambuco Bongi,neoenergia pernambuco bongi,"Rua Isaac Markman, 421 - Bongi, Recife",-8.0645723,-34.92109919999999,"point_of_interest,establishment",Independente / Sem chain identificado,Outros,REVIEW
"RECIFE, PE",,Agronomic Institute of Pernambuco - IPA,agronomic institute of pernambuco - ipa,"Avenida General San Martin, 1371 - Bongi, Recife",-8.0636305,-34.92514790000001,"point_of_interest,establishment",Independente / Sem chain identificado,Outros,REVIEW
"RECIFE, PE",,"Nagem Loja Madalena: Celulares, Eletros, Smart tvs, Notebooks, Informática, Recife","nagem loja madalena: celulares, eletros, smart tvs, notebooks, informatica, recife","Estrada dos Remédios, 2294 - Madalena, Recife",-8.0598486,-34.90718879999999,"electronics_store,store,point_of_interest,establishment",Independente / Sem chain identificado,Eletrônica,EXCLUDE
"RECIFE, PE",,Jockey Club of Pernambuco,jockey club of pernambuco,"Rua Carlos Gomes, 640 - Prado, Recife",-8.0606517,-34.91271829999999,"point_of_interest,establishment",Independente / Sem chain identificado,Outros,REVIEW
"RECIFE, PE",,Habib's Ilha do Retiro,habib's ilha do retiro,"Avenida Engenheiro Abdias de Carvalho, 365 - Ilha do Retiro, Recife",-8.0621128,-34.90780769999999,"restaurant,food,point_of_interest,establishment",Independente / Sem chain identificado,Restaurante,EXCLUDE
"RECIFE, PE",,AXIA Energia,axia energia,"Rua Delmiro Gouvêia, 333 - San Martin, Recife",-8.0646901,-34.9304231,"point_of_interest,establishment",Independente / Sem chain identificado,Outros,REVIEW
"RECIFE, PE",,Municipalista AMUPE-Association of Pernambuco,municipalista amupe-association of pernambuco,"Avenida Recife, 6205 - Jardim São Paulo, Recife",-8.075866200000002,-34.9366516,"point_of_interest,establishment",Independente / Sem chain identificado,Outros,REVIEW
"RECIFE, PE",,clube sargento wolf,clube sargento wolf,"Rua Sargento Wolff, 113 - Afogados, Recife",-8.0715903,-34.9117982,"point_of_interest,establishment",Independente / Sem chain identificado,Outros,REVIEW
"RECIFE, PE",,Britanic Madalena,britanic madalena,"Rua João Ivo da Silva, 125 - Madalena, Recife",-8.058389199999997,-34.9093367,"point_of_interest,establishment",Independente / Sem chain identificado,Outros,REVIEW
"RECIFE, PE",,escola dom bosco de artes e oficios,escola dom bosco de artes e oficios,"Avenida Engenheiro Abdias de Carvalho, 1855 - Bongi, Recife",-8.0619697,-34.9238168,"point_of_interest,establishment",Independente / Sem chain identificado,Outros,EXCLUDE
"RECIFE, PE",,Gira Arte Hostel,gira arte hostel,"Rua Gregório Júnior, 293 - Zumbi, Recife",-8.0541342,-34.920176,"lodging,point_of_interest,establishment",Independente / Sem chain identificado,Hotel,EXCLUDE
"RECIFE, PE",,Escola de Aplicação do Recife FCAP/UPE,escola de aplicacao do recife fcap/upe,"Avenida Sport Clube do Recife, 252 - Madalena, Recife",-8.060970799999998,-34.90337390000001,"school,point_of_interest,establishment",Independente / Sem chain identificado,Escola,EXCLUDE
"RECIFE, PE",,Felicity Cestas e Flores,felicity cestas e flores,"Rua Três de Agosto, 240 - Afogados, Recife",-8.0742799,-34.90942659999999,"store,point_of_interest,establishment",Independente / Sem chain identificado,Outros,REVIEW
"RECIFE, PE",,A Deleitsy,a deleitsy,"Rua Escritor Álvaro Lins, 73 - Afogados, Recife",-8.0696545,-34.9119966,"store,point_of_interest,establishment",Independente / Sem chain identificado,Outros,REVIEW
"RECIFE, PE",,Atacado Veículos,atacado veiculos,"Estrada do Bongi, 355 - Prado, Recife",-8.0680213,-34.9114258,"car_dealer,store,point_of_interest,establishment",Independente / Sem chain identificado,Atacarejo,EXCLUDE
"RECIFE, PE",,Micro Office Computer,micro officeputer,"Rua Comendador Bento Águiar, 26 - Madalena, Recife",-8.0583048,-34.9063415,"electronics_store,store,point_of_interest,establishment",Independente / Sem chain identificado,Eletrônica,EXCLUDE
"RECIFE, PE",,Motel Fada Hotel,motel fada hotel,"Rua Comendador Queirós de Oliveira, 56 - San Martin, Recife",-8.0695535,-34.9240191,"lodging,point_of_interest,establishment",Independente / Sem chain identificado,Hotel,EXCLUDE
"RECIFE, PE",,Museum of Abolition,museum of abolition,"Rua Benfica, 1150 - Madalena, Recife",-8.057037,-34.90903,"museum,tourist_attraction,point_of_interest,establishment",Independente / Sem chain identificado,Outros,EXCLUDE
"RECIFE, PE",,Sistemaq Tecnologia,sistemaq tecnologia,"Rua Carlos Gomes, 976 - Prado, Recife",-8.064294799999999,-34.91376329999999,"point_of_interest,establishment",Independente / Sem chain identificado,Outros,REVIEW
"RECIFE, PE",,SFA-PE/MAPA - Superintendência de Agricultura e Pecuária no Estado de Pernambuco,sfa-pe/mapa - superintendencia de agricultura e pecuaria no estado de pernambuco,"Avenida General San Martin, 1000 - Cordeiro, Recife",-8.0578892,-34.9250192,"point_of_interest,establishment",Independente / Sem chain identificado,Outros,REVIEW
"RECIFE, PE",,Eros Hotel - Afogados,eros hotel - afogados,"Rua Cosme Viana, 395 - Afogados, Recife",-8.073598,-34.9091978,"lodging,point_of_interest,establishment",Independente / Sem chain identificado,Hotel,EXCLUDE
"RECIFE, PE",,KiYoi Galetos Abdias de Carvalho,kiyoi galetos abdias de carvalho,"Avenida Engenheiro Abdias de Carvalho, 1668 - Torrões, Recife",-8.062484,-34.9325617,"bar,restaurant,food,point_of_interest,establishment",Independente / Sem chain identificado,Outros,REVIEW
"RECIFE, PE",,Luan Promotions & Events,luan promotions & events,"Rua Tabaiares, 232 - Ilha do Retiro, Recife",-8.0654567,-34.9058563,"point_of_interest,establishment",Independente / Sem chain identificado,Outros,REVIEW
"RECIFE, PE",,PH Transportes,ph transportes,"Avenida Jockei Clube, 18b - Prado, Recife",-8.0592308,-34.91992479999999,"car_rental,travel_agency,point_of_interest,establishment",Independente / Sem chain identificado,Outros,REVIEW
"RECIFE, PE",,Sala de Reboco,sala de reboco,"Rua Gregório Júnior, 264 - Cordeiro, Recife",-8.0536651,-34.9201748,"night_club,point_of_interest,establishment",Independente / Sem chain identificado,Outros,REVIEW
"RECIFE, PE",,QFrio Gelo Seco,qfrio gelo seco,"Avenida Engenheiro Abdias de Carvalho, 769 - Bongi, Recife",-8.0618169,-34.9208476,"point_of_interest,establishment",Independente / Sem chain identificado,Outros,REVIEW
"RECIFE, PE",,Set Sistemas - Pernambuco,set sistemas - pernambuco,"Avenida Engenheiro Abdias de Carvalho, 269 - Prado, Recife",-8.0627292,-34.9160857,"point_of_interest,establishment",Independente / Sem chain identificado,Outros,REVIEW
"RECIFE, PE",,INFORPONTO AUTORIZADA BEMATECH/ELGIN,inforponto autorizada bematech/elgin,"Rua José Santos Araquan, 81 - Afogados, Recife",-8.07629,-34.91648929999999,"point_of_interest,establishment",Independente / Sem chain identificado,Outros,REVIEW
"RECIFE, PE",,Auto Center Recife,auto center recife,"Estrada do Bongi, 336 - Afogados, Recife",-8.0675288,-34.9110947,"car_repair,point_of_interest,establishment",Independente / Sem chain identificado,Automotivo,EXCLUDE
"RECIFE, PE",,Camiseta & Cia,camiseta & cia,"Rua Padre Teófilo Tworz, 277 - Bongi, Recife",-8.0646725,-34.91040799999999,"clothing_store,store,point_of_interest,establishment",Independente / Sem chain identificado,Loja de Roupa,EXCLUDE
"RECIFE, PE",,Afonte,afonte,"Estrada do Bongi, 425a - Prado, Recife",-8.0676845,-34.91266049999999,"car_dealer,car_repair,store,point_of_interest,establishment",Independente / Sem chain identificado,Automotivo,EXCLUDE
"RECIFE, PE",,Atelier Bianca Gomes,atelier bianca gomes,"de Moraes e Silva - Rua Desembargador Capistrano de Morais e Silva, 347 - Torrões, Recife",-8.0679011,-34.9333499,"clothing_store,store,point_of_interest,establishment",Independente / Sem chain identificado,Loja de Roupa,EXCLUDE
"RECIFE, PE",,Codossal Química,codossal quimica,"Rua Professor Frederico Curió, 200 - Afogados, Recife",-8.0715919,-34.910181,"point_of_interest,establishment",Independente / Sem chain identificado,Outros,REVIEW
"RECIFE, PE",,FERRAMENTAS GERENCIAIS,ferramentas gerenciais,"Rua Cafelândia, 321 - San Martin, Recife",-8.0733839,-34.928028,"point_of_interest,establishment",Independente / Sem chain identificado,Outros,REVIEW
"RECIFE, PE",,Igreja Metodista Wesleyana,igrejatodista wesleyana,"Rua Três de Agosto, 489 - Afogados, Recife",-8.073786900000002,-34.91165650000001,"church,place_of_worship,point_of_interest,establishment",Independente / Sem chain identificado,Igreja,EXCLUDE
"RECIFE, PE",,LSANORDEX,lsanordex,"Rua Rio Araguaia, 260 - Afogados, Recife",-8.0728768,-34.9060678,"point_of_interest,establishment",Independente / Sem chain identificado,Outros,REVIEW
"RECIFE, PE",,Pernambuco Conservadora,pernambuco conservadora,"Rua Jacira, 198 - Afogados, Recife",-8.082216899999999,-34.9084253,"point_of_interest,establishment",Independente / Sem chain identificado,Outros,REVIEW
"RECIFE, PE",,HDS Recife/PE Ar Condicionado Automotivo,hds recife/pe ar condicionado automotivo,"Estrada dos Remédios, 795 - Afogados, Recife",-8.073119499999999,-34.9082197,"general_contractor,car_repair,store,point_of_interest,establishment",Independente / Sem chain identificado,Construtora,EXCLUDE
"RECIFE, PE",,ANS Soluções Tecnológicas,ans solucoes tecnologicas,"Rua Morais e Silva, 272 - Estância, Recife",-8.0828881,-34.9309461,"point_of_interest,establishment",Independente / Sem chain identificado,Outros,REVIEW
"RECIFE, PE",,Terra Mar Comércio e Distribuidora,terra mar e distribuidora,"Estrada dos Remédios, 427 - Afogados, Recife",-8.076482199999997,-34.9074208,"store,point_of_interest,establishment",Independente / Sem chain identificado,Distribuidora,REVIEW
"RECIFE, PE",,F. Dubeux Brises e Fachadas em ACM,f. dubeux brises e fachadas em acm,"Estrada dos Remédios, 490 - Afogados, Recife",-8.075837999999997,-34.907236,"store,point_of_interest,establishment",Independente / Sem chain identificado,Outros,REVIEW
"RECIFE, PE",,Armarinho São José,armarinho sao jose,"Avenida Manoel Gonçalves da Luz, 594 - Bongi, Recife",-8.070349999999998,-34.9179249,"store,point_of_interest,establishment",Independente / Sem chain identificado,Outros,REVIEW
"RECIFE, PE",,PLAYSSON RODAS,playsson rodas,"Rua Cosme Viana, 139a - Afogados, Recife",-8.069244599999998,-34.90970739999999,"car_repair,store,point_of_interest,establishment",Independente / Sem chain identificado,Automotivo,EXCLUDE
"RECIFE, PE",,Só Hidráulica,so hidraulica,"Avenida Recife, 5536 - Estância, Recife",-8.0811555,-34.9330634,"store,point_of_interest,establishment",Independente / Sem chain identificado,Outros,REVIEW
"RECIFE, PE",,Juan Equipadora,juan equipadora,"Rua Vinte e Um de Abril, 950 - Afogados, Recife",-8.0756335,-34.9152039,"electronics_store,car_repair,store,point_of_interest,establishment",Independente / Sem chain identificado,Eletrônica,EXCLUDE
"RECIFE, PE",,Livraria e Papelaria Adonai Ltda.,livraria e papelaria adonai.,"Estrada do Bongi, 965 - Prado, Recife",-8.0689443,-34.9106551,"store,point_of_interest,establishment",Independente / Sem chain identificado,Outros,REVIEW
"RECIFE, PE",,Farmácia Real,farmacia real,"on-line - Av. Gen. San Martin, 2087, whatsapp, 81 - 98809,6123 - Jiquiá, Recife",-8.069678399999999,-34.9282865,"drugstore,pharmacy,health,store,point_of_interest,establishment",Drogaria (indep.),Farmácia,TARGET
"RECIFE, PE",,OSMAQUINAS,osmaquinas,"Estrada dos Remédios, 573 - A - Afogados, Recife",-8.075166,-34.9075161,"store,point_of_interest,establishment",Independente / Sem chain identificado,Outros,REVIEW
"RECIFE, PE",,Foot Laboratory,foot laboratory,"Rua Bandeirante, 94 - Afogados, Recife",-8.081157,-34.911283,"shoe_store,health,store,point_of_interest,establishment",Independente / Sem chain identificado,Sapataria,EXCLUDE
"RECIFE, PE",,Rejane Lopes Bolos Artísticos,rejane lopes bolos artisticos,"Rua Guanacés, 100 - Afogados, Recife",-8.0670506,-34.909973,"store,food,point_of_interest,establishment",Independente / Sem chain identificado,Outros,REVIEW
"RECIFE, PE",,Incomtubo Depósito,incomtubo deposito,"Rua Carlos Gomes, 1293 - Madalena, Recife",-8.066833500000001,-34.9141716,"store,point_of_interest,establishment",Independente / Sem chain identificado,Outros,REVIEW
"RECIFE, PE",,Caza Criativa,caza criativa,"Rua São Miguel, 1526 - Afogados, Recife",-8.0810722,-34.9204945,"home_goods_store,store,point_of_interest,establishment",Independente / Sem chain identificado,Casa & Decoração,EXCLUDE
"RECIFE, PE",,Atacado das Madeiras,atacado das madeiras,"Avenida Manoel Gonçalves da Luz, 45 - Mustardinha, Recife",-8.065396,-34.9166064,"store,point_of_interest,establishment",Independente / Sem chain identificado,Atacarejo,TARGET
"RECIFE, PE",,AM Comércio.,am.,"Rua Vinte e Um de Abril, 1254 A - Afogados, Recife",-8.0750497,-34.9181804,"store,point_of_interest,establishment",Independente / Sem chain identificado,Outros,REVIEW
"RECIFE, PE",,Loja Pintando o Sete,loja pintando o sete,"Avenida General San Martin, 1881 - Jiquiá, Recife",-8.0677923,-34.9278072,"clothing_store,store,point_of_interest,establishment",Independente / Sem chain identificado,Loja de Roupa,EXCLUDE
"RECIFE, PE",,Sopapel Embalagens,sopapel embalagens,"Rua Vinte e Um de Abril, 471 - Afogados, Recife",-8.0769513,-34.9113101,"store,point_of_interest,establishment",Independente / Sem chain identificado,Outros,REVIEW
"RECIFE, PE",,Gustare Buffet Corporativo e Catering,gustare buffet corporativo e catering,"Rua Padre Euclídes Jardim, 206 - Afogados, Recife",-8.073481299999997,-34.9056461,"cafe,restaurant,store,food,point_of_interest,establishment",Independente / Sem chain identificado,Outros,REVIEW
"RECIFE, PE",,Cia of Mats,cia of mats,"Rua Nicolau Pereira, 441 - Afogados, Recife",-8.076559399999999,-34.9070519,"store,point_of_interest,establishment",Independente / Sem chain identificado,Outros,REVIEW
"RECIFE, PE",,House of Gypsum,house of gypsum,"Avenida General San Martin, 2350 - Jiquiá, Recife",-8.072014000000001,-34.9291403,"general_contractor,store,point_of_interest,establishment",Independente / Sem chain identificado,Construtora,EXCLUDE
"RECIFE, PE",,loja da de festa,loja da de festa,"Rua Doutor João Elísio - Mangueira, Recife",-8.0772756,-34.9186309,"store,point_of_interest,establishment",Independente / Sem chain identificado,Outros,REVIEW
"RECIFE, PE",,Estação da Moda Recife,estacao da moda recife,"Rua Capitão Adolfo Táquis, 42 - Afogados, Recife",-8.0730514,-34.91804899999999,"clothing_store,store,point_of_interest,establishment",Independente / Sem chain identificado,Loja de Roupa,EXCLUDE
"RECIFE, PE",,Complacas,complacas,"Rua Ernesto Cavalcanti, 104 - Afogados, Recife",-8.0740479,-34.9163386,"store,point_of_interest,establishment",Independente / Sem chain identificado,Outros,REVIEW
"RECIFE, PE",,Clayton Tattoo Studio,clayton tattoo studio,"Rua Vinte e Um de Abril, 949 - sala 10 - Afogados, Recife",-8.075665299999999,-34.9152266,"store,point_of_interest,establishment",Independente / Sem chain identificado,Outros,REVIEW
"RECIFE, PE",,Mk Informática e Acessórios,mk informatica e acessorios,"Rua Alexandre Rodrigues Ferreira, 672 - Mangueira, Recife",-8.0751646,-34.9229796,"electronics_store,store,point_of_interest,establishment",Independente / Sem chain identificado,Eletrônica,EXCLUDE
"RECIFE, PE",,Batata Moda Surf,batata moda surf,"Rua Bonito, 213 - Mangueira, Recife",-8.0792383,-34.92199689999999,"clothing_store,store,point_of_interest,establishment",Independente / Sem chain identificado,Loja de Roupa,EXCLUDE
"RECIFE, PE",,Sodinox Comércio e Serviços,sodinox e servicos,"Rua São Miguel, 1347 - Afogados, Recife",-8.0809297,-34.9189189,"furniture_store,home_goods_store,store,point_of_interest,establishment",Independente / Sem chain identificado,Loja de Móveis,EXCLUDE
"RECIFE, PE",,Nacional Distribuidora,nacional distribuidora,"Rua São Miguel, 1285 - Afogados, Recife",-8.0809476,-34.91819770000001,"store,point_of_interest,establishment",Independente / Sem chain identificado,Distribuidora,REVIEW
"RECIFE, PE",,Armazém Coral Achaqui,armazem coral achaqui,"Rua São Miguel, 1485 - Jiquiá, Recife",-8.081117899999999,-34.9199254,"store,point_of_interest,establishment",Independente / Sem chain identificado,Outros,REVIEW
"RECIFE, PE",,S3 Brasil Café,s3 brasil cafe,"Rua Doná Maria de Ângelis, 57 - Afogados, Recife",-8.0813463,-34.91738709999999,"store,food,point_of_interest,establishment",Independente / Sem chain identificado,Outros,REVIEW
"RECIFE, PE",,Albuquerque Ingredientes,albuquerque ingredientes,"Rua Francisco Alves, 590 - Paissandu, Recife",-8.066616999999999,-34.894827,"supermarket,grocery_or_supermarket,store,food,point_of_interest,establishment",Independente / Sem chain identificado,Supermercado,TARGET
"RECIFE, PE",,Mercadinho Preço Bom Da Gente,mercadinho preco bom da gente,"Avenida Central, 1705 - São José, Recife",-8.074935000000002,-34.9009893,"supermarket,grocery_or_supermarket,store,food,point_of_interest,establishment",Independente / Sem chain identificado,Mercadinho,TARGET
"RECIFE, PE",,Supermercado,supermercado,"Rua Cabo Eutrópio, Recife",-8.0733769,-34.9006355,"supermarket,grocery_or_supermarket,store,food,point_of_interest,establishment",Independente / Sem chain identificado,Supermercado,TARGET
"RECIFE, PE",,Mercearia Do Noca,mercearia do noca,"Rua Eunápolis, 34 - Ilha Joana Bezerra, Recife",-8.072892000000001,-34.898545,"supermarket,grocery_or_supermarket,store,food,point_of_interest,establishment",Independente / Sem chain identificado,Mercearia / Empório,TARGET
"RECIFE, PE",,Mercadinho Dona Necy,mercadinho dona necy,"Rua Itajuípe, 2-48 - São José, Recife",-8.069983099999998,-34.8997869,"supermarket,grocery_or_supermarket,store,food,point_of_interest,establishment",Independente / Sem chain identificado,Mercadinho,TARGET
"RECIFE, PE",,Mercadinho Quente E Frio,mercadinho quente e frio,"Rua Jaraguari, 34 - São José, Recife",-8.0710215,-34.8969811,"supermarket,grocery_or_supermarket,store,food,point_of_interest,establishment",Independente / Sem chain identificado,Mercadinho,TARGET
"RECIFE, PE",,Fazfeira,fazfeira,"Estrada dos Remédios, 1741 - Ilha do Retiro, Recife",-8.0647494,-34.9083923,"supermarket,meal_delivery,grocery_or_supermarket,store,food,point_of_interest,establishment",Independente / Sem chain identificado,Supermercado,TARGET
"RECIFE, PE",,Varejão Olho D'agua - Coelhos,varejao olho d'agua - coelhos,"Rua dos Coelhos, 210 - Coelhos, Recife",-8.065631999999999,-34.889648,"supermarket,grocery_or_supermarket,store,food,point_of_interest,establishment",Independente / Sem chain identificado,Supermercado,TARGET
"RECIFE, PE",,Mercearia Shalom Adonai,mercearia shalom adonai,Brazil,-8.067597899999999,-34.887908,"supermarket,grocery_or_supermarket,food,store,point_of_interest,establishment",Independente / Sem chain identificado,Mercearia / Empório,TARGET
"RECIFE, PE",,Mercadinho Da Moda,mercadinho da moda,"Rua Padre Teófilo Tworz, 191 - Prado, Recife",-8.0638572,-34.9112434,"supermarket,grocery_or_supermarket,food,store,point_of_interest,establishment",Independente / Sem chain identificado,Mercadinho,TARGET
"RECIFE, PE",,GRUPO BALUARTE,grupo baluarte,"Rua Floriano Peixoto, 665 - São José, Recife",-8.0698957,-34.8846101,"supermarket,grocery_or_supermarket,food,store,point_of_interest,establishment",Independente / Sem chain identificado,Supermercado,TARGET
"RECIFE, PE",,Mercadinho Ponto Certo,mercadinho ponto certo,"Rua da Santa Cruz, 195 - Boa Vista, Recife",-8.0635584,-34.8887563,"supermarket,grocery_or_supermarket,food,store,point_of_interest,establishment",Independente / Sem chain identificado,Mercadinho,TARGET
"RECIFE, PE",,Varejinho Santo Antônio,varejinho santo antonio,"Rua da Santa Cruz, 182 - Boa Vista, Recife",-8.063373600000002,-34.8888556,"supermarket,grocery_or_supermarket,food,store,point_of_interest,establishment",Independente / Sem chain identificado,Supermercado,TARGET
"RECIFE, PE",,BR Mania Conveniência,br mania conveniencia,"Avenida Manoel Borba, 410 - Boa Vista, Recife",-8.0599352,-34.889012,"convenience_store,gas_station,meal_takeaway,atm,car_repair,finance,cafe,restaurant,food,store,point_of_interest,establishment",BR Mania (Petrobras),Conveniência,TARGET
"RECIFE, PE",,Posto Petrobras,posto petrobras,"Avenida Manoel Borba, 410 - Boa Vista, Recife",-8.0598444,-34.8889943,"gas_station,convenience_store,car_wash,car_repair,restaurant,food,store,point_of_interest,establishment",Petrobras,Posto / Conveniência,TARGET
"RECIFE, PE",,Malu Market - Sede da Empresa - RECIFE,malu market - sede da empresa - recife,"Rua Estado de Israel, 203 - Ilha do Leite, Recife",-8.064648199999999,-34.89466429999999,"convenience_store,food,store,point_of_interest,establishment",Independente / Sem chain identificado,Conveniência,TARGET
"RECIFE, PE",,ampm,ampm,"Rua General Joaquim Inácio, 425 - Paissandu, Recife",-8.063061099999997,-34.89542100000001,"convenience_store,food,store,point_of_interest,establishment",AmPm (Shell),Conveniência,TARGET
"RECIFE, PE",,Posto Dislub Internacional + GNV,posto dislub internacional + gnv,"Rua Benfica, 568 - Madalena, Recife",-8.057882,-34.9038731,"gas_station,convenience_store,store,food,point_of_interest,establishment",Posto (genérico),Posto / Conveniência,REVIEW
"RECIFE, PE",,Fábrica De Monstros,fabrica de monstros,Brazil,-8.0677532,-34.8834342,"convenience_store,store,food,point_of_interest,establishment",Independente / Sem chain identificado,Conveniência,TARGET
"RECIFE, PE",,Fiteiro 24 Horas Boa Vista Recife,fiteiro 24 horas boa vista recife,"Avenida Manoel Borba, 694 - Boa Vista, Recife",-8.059126,-34.8915368,"convenience_store,store,food,point_of_interest,establishment",Independente / Sem chain identificado,Conveniência,TARGET
"RECIFE, PE",,Shell Select,shell select,"Avenida Conde da Boa Vista, 1377 - Boa Vista, Recife",-8.056937099999997,-34.8929404,"convenience_store,store,food,point_of_interest,establishment",Select (Petrobras),Conveniência,TARGET
"RECIFE, PE",,Posto Dom Bosco,posto dom bosco,"Rua Dom Bôsco, 1104 - Boa Vista, Recife",-8.056189,-34.895077,"gas_station,convenience_store,store,food,point_of_interest,establishment",Posto (genérico),Posto / Conveniência,REVIEW
"RECIFE, PE",,Salve Bebidas,salve bebidas,"Rua Renato de Medeiros, 45 - Madalena, Recife",-8.0556486,-34.906174,"liquor_store,convenience_store,meal_delivery,store,food,point_of_interest,establishment",Independente / Sem chain identificado,Outros,REVIEW
"RECIFE, PE",,AM Coveniência,am coveniencia,"Rua Gervásio Pires - Boa Vista, Recife",-8.0592954,-34.8861556,"convenience_store,food,store,point_of_interest,establishment",Independente / Sem chain identificado,Conveniência,TARGET
"RECIFE, PE",,Jucepe,jucepe,"Rua Imperial, 1600 - São José, Recife",-8.0761675,-34.89543280000001,"point_of_interest,establishment",Independente / Sem chain identificado,Outros,REVIEW
"RECIFE, PE",,Brazil Communications Network,brazilmunications network,"Rua Imperial, 1638 - São José, Recife",-8.076260999999999,-34.89612439999999,"point_of_interest,establishment",Independente / Sem chain identificado,Outros,REVIEW
"RECIFE, PE",,Amarno Engenharia Ltda.,amarno engenharia.,"Rua Demócrito Cavalcante, 247 - Afogados, Recife",-8.0735815,-34.9052108,"point_of_interest,establishment",Independente / Sem chain identificado,Outros,REVIEW
"RECIFE, PE",,Grupo Repremium - Rede autorizada Perkins | Yanmar | MWM | Mercury | ZF | Garrett | Agrale | Lintec | FPT,grupo repremium - rede autorizada perkins | yanmar | mwm |rcury | zf | garrett | agrale | lintec | fpt,"Rua Imperial, 2110 - São José, Recife",-8.0776925,-34.9000373,"store,car_repair,point_of_interest,establishment",Independente / Sem chain identificado,Automotivo,EXCLUDE
"RECIFE, PE",,Oficina São Severino,oficina sao severino,"Rua Imperial, 2062 - São José, Recife",-8.0776223,-34.8997306,"car_repair,point_of_interest,establishment",Independente / Sem chain identificado,Automotivo,EXCLUDE
"RECIFE, PE",,ISO Pré-Moldados | Recife,iso pre-moldados | recife,"Rua Imperial, 1770 - São José, Recife",-8.0757193,-34.8977923,"general_contractor,point_of_interest,establishment",Independente / Sem chain identificado,Construtora,EXCLUDE
"RECIFE, PE",,Rosa de La Vega - Comunicação e Eventos,rosa de la vega -unicacao e eventos,"Rua Imperial, 1638 - São José, Recife",-8.0764198,-34.8960573,"point_of_interest,establishment",Independente / Sem chain identificado,Outros,REVIEW
"RECIFE, PE",,Delicia da alucia pudins mousse e suco,delicia da alucia pudins mousse e suco,"Rua Cabo Eutrópio, 178 - São José, Recife",-8.0751528,-34.900038,"store,food,point_of_interest,establishment",Independente / Sem chain identificado,Outros,REVIEW
"RECIFE, PE",,Padaria CIA do Trigo,padaria cia do trigo,"Rua FB, 76 - Ilha Joana Bezerra, Recife",-8.0764509,-34.8996187,"bakery,store,food,point_of_interest,establishment",Independente / Sem chain identificado,Padaria,REVIEW
"RECIFE, PE",,Seventh-day Adventist Church,seventh-day adventist church,"Rua Guaragi, 329 - São José, Recife",-8.077333399999999,-34.9008621,"church,place_of_worship,point_of_interest,establishment",Independente / Sem chain identificado,Igreja,EXCLUDE
"RECIFE, PE",,Fercom Equipamentos & Serviços,fercom equipamentos & servicos,"Rua Regência, 75 - São José, Recife",-8.0755302,-34.8993779,"point_of_interest,establishment",Independente / Sem chain identificado,Outros,REVIEW
"RECIFE, PE",,ARE -SEFAZ Recife / PE,are -sefaz recife / pe,"Rua Imperial, 2077 - São José, Recife",-8.0778997,-34.9000374,"point_of_interest,establishment",Independente / Sem chain identificado,Outros,REVIEW
"RECIFE, PE",,Diretoria de Operações Estratégicas - DOE,diretoria de operacoes estrategicas - doe,"Rua Imperial, 2077 - 2° andar - São José, Recife",-8.077944899999999,-34.90009009999999,"local_government_office,point_of_interest,establishment",Independente / Sem chain identificado,Órgão Público,EXCLUDE
"RECIFE, PE",,A.'.R.'.L.'.S.'. Galileu 336,a.'.r.'.l.'.s.'. galileu 336,"Avenida Sul Governador Cid Sampaio, 1800 - São José, Recife",-8.078810700000002,-34.9015449,"point_of_interest,establishment",Independente / Sem chain identificado,Outros,REVIEW
"RECIFE, PE",,Portela Distribuidora,portela distribuidora,"Avenida Sul Governador Cid Sampaio, 1500 - São José, Recife",-8.0777623,-34.8981672,"store,point_of_interest,establishment",Independente / Sem chain identificado,Distribuidora,REVIEW
"RECIFE, PE",,Dieselnorte - Bosch Diesel Center,dieselnorte - bosch diesel center,"Avenida Sul Governador Cid Sampaio, 1094 - São José, Recife",-8.0768544,-34.8954242,"car_repair,point_of_interest,establishment",Independente / Sem chain identificado,Automotivo,EXCLUDE
"RECIFE, PE",,Portela Industria,portela industria,"Avenida Sul Governador Cid Sampaio, 1374 - São José, Recife",-8.077616599999997,-34.8975559,"store,point_of_interest,establishment",Independente / Sem chain identificado,Outros,REVIEW
"RECIFE, PE",,Recife Mangueiras e Conexões,recife mangueiras e conexoes,"Avenida Sul Governador Cid Sampaio, 1825 - São José, Recife",-8.0774676,-34.89747289999999,"point_of_interest,establishment",Independente / Sem chain identificado,Outros,REVIEW
"RECIFE, PE",,SID Recife,sid recife,"Avenida Sul Governador Cid Sampaio, 1950 - Afogados, Recife",-8.0792033,-34.90312110000001,"point_of_interest,establishment",Independente / Sem chain identificado,Outros,REVIEW
"RECIFE, PE",,Geraldo Araújo Fabrics,geraldo araujo fabrics,"Avenida Sul Governador Cid Sampaio, 1222 - São José, Recife",-8.0773557,-34.8968942,"home_goods_store,store,point_of_interest,establishment",Independente / Sem chain identificado,Casa & Decoração,EXCLUDE
"RECIFE, PE",,Alumiaço Distributor Glazing and Hardware,alumiaco distributor glazing and hardware,"Rua da Paz, 75 - Afogados, Recife",-8.0794572,-34.90321730000001,"point_of_interest,establishment",Independente / Sem chain identificado,Outros,REVIEW
"RECIFE, PE",,DJ,dj,"Rua Imperial, 1638 - São José, Recife",-8.0763084,-34.8961184,"store,point_of_interest,establishment",Independente / Sem chain identificado,Outros,REVIEW
"RECIFE, PE",,Farmácia do Trabalhador da Paz,farmacia do trabalhador da paz,"Rua da Paz, 266 - Afogados, Recife",-8.0795994,-34.9053062,"pharmacy,drugstore,health,store,point_of_interest,establishment",Drogaria (indep.),Farmácia,TARGET
"RECIFE, PE",,Pernambuco - Department of Education,pernambuco - department of education,"Rua Nicolau Pereira, 85 - Afogados, Recife",-8.0790658,-34.9048824,"point_of_interest,establishment",Independente / Sem chain identificado,Outros,REVIEW
"RECIFE, PE",,Credmelhor | Empréstimo Consignado,credmelhor | emprestimo consignado,"Rua João Carlos Guimarães, 84 - Afogados, Recife",-8.079272099999999,-34.9053915,"finance,point_of_interest,establishment",Independente / Sem chain identificado,Outros,REVIEW
"RECIFE, PE",,Police station,police station,"Rua João Carlos Guimarães, 36 - Afogados, Recife",-8.0787698,-34.9056059,"police,point_of_interest,establishment",Independente / Sem chain identificado,Outros,REVIEW
"RECIFE, PE",,Afogados,afogados,Brazil,-8.077304,-34.90635779999999,"subway_station,transit_station,point_of_interest,establishment",Independente / Sem chain identificado,Outros,REVIEW
"RECIFE, PE",,Sefox,sefox,"Rua Lourenço de Sá, 40 - São José, Recife",-8.075858000000002,-34.895191,"accounting,finance,point_of_interest,establishment",Independente / Sem chain identificado,Outros,REVIEW
"RECIFE, PE",,Orquestra Criança Cidadã,orquestra crianca cidada,"Quartel do - Rua General Estilac Leal, 439 - Cabanga, Recife",-8.0795526,-34.8965941,"point_of_interest,establishment",Independente / Sem chain identificado,Outros,REVIEW
"RECIFE, PE",,Soft Colchões,soft colchoes,"Rua da Paz, 253 - Afogados, Recife",-8.079995299999998,-34.9048914,"furniture_store,home_goods_store,store,point_of_interest,establishment",Independente / Sem chain identificado,Loja de Móveis,EXCLUDE
"RECIFE, PE",,Farmácia Lafepe,farmacia lafepe,"Rua da Paz, 266 - Loja 9 - Afogados, Recife",-8.0795656,-34.9053682,"pharmacy,store,health,point_of_interest,establishment",Drogaria (indep.),Farmácia,TARGET
"RECIFE, PE",,Rede Banorte,rede banorte,"Rua da Paz, 266 - Loja 7 - Afogados, Recife",-8.0796253,-34.9053437,"bank,atm,finance,point_of_interest,establishment",Independente / Sem chain identificado,Banco,EXCLUDE
"RECIFE, PE",,Stylo Express,stylo express,"Rua da Paz, 266 - 214 - Afogados, Recife",-8.0797252,-34.9053162,"point_of_interest,establishment",Independente / Sem chain identificado,Outros,REVIEW
"RECIFE, PE",,Igreja Universal,igreja universal,"Rua da Paz, 267 - Afogados, Recife",-8.0800801,-34.904981,"church,place_of_worship,point_of_interest,establishment",Independente / Sem chain identificado,Igreja,EXCLUDE
"RECIFE, PE",,HSS DO BRASIL,hss do brasil,"Rua Rio Araguaia, 260 - Afogados, Recife",-8.0729349,-34.9060734,"point_of_interest,establishment",Independente / Sem chain identificado,Outros,REVIEW
"RECIFE, PE",,Empreendimentos Pague Menos,empreendimentos paguenos,"Rua da Paz, 329 - COHAB, Recife",-8.080139200000001,-34.90509969999999,"drugstore,pharmacy,store,health,point_of_interest,establishment",Pague Menos,Farmácia,TARGET
"RECIFE, PE",,Terminal Integrado De Afogados,terminal integrado de afogados,Brazil,-8.077290999999999,-34.9067754,"bus_station,transit_station,point_of_interest,establishment",Independente / Sem chain identificado,Outros,REVIEW
"RECIFE, PE",,Casas Bahia,casas bahia,"Rua da Paz, 283 - Afogados, Recife",-8.080185600000002,-34.9052247,"store,electronics_store,furniture_store,home_goods_store,point_of_interest,establishment",Independente / Sem chain identificado,Eletrônica,EXCLUDE
"RECIFE, PE",,Banco Bradesco - Agência 3202,banco bradesco - agencia 3202,"Rua da Paz, 304 - Afogados, Recife",-8.0800117,-34.905454,"bank,atm,finance,point_of_interest,establishment",Independente / Sem chain identificado,Banco,EXCLUDE
"RECIFE, PE",,Oásis Tintas - Afogados,oasis tintas - afogados,"Rua Nicolau Pereira, 456 - Loja 2 - Afogados, Recife",-8.0760198,-34.9071222,"home_goods_store,store,point_of_interest,establishment",Independente / Sem chain identificado,Casa & Decoração,EXCLUDE
"RECIFE, PE",,Igreja Internacional da Graça de Deus,igreja internacional da graca de deus,"Estrada dos Remédios, 498 - Afogados, Recife",-8.0757504,-34.9071713,"church,place_of_worship,point_of_interest,establishment",Independente / Sem chain identificado,Igreja,EXCLUDE
"RECIFE, PE",,Armazém Coral Achaqui,armazem coral achaqui,"Estrada dos Remédios, 399 - Afogados, Recife",-8.0766916,-34.9071214,"store,point_of_interest,establishment",Independente / Sem chain identificado,Outros,REVIEW
"RECIFE, PE",,Gabriel Motores - AquitemPE,gabriel motores - aquitempe,"Rua Imperial, 1485 - São José, Recife",-8.0760879,-34.8945917,"point_of_interest,establishment",Independente / Sem chain identificado,Outros,REVIEW
"RECIFE, PE",,Varejão do Estudante,varejao do estudante,"Avenida Manoel Borba, 292 - Boa Vista, Recife",-8.0604666,-34.8881158,"book_store,store,point_of_interest,establishment",Independente / Sem chain identificado,Livraria,EXCLUDE
"RECIFE, PE",,Horloge-Shopping Boa Vista,horloge-shopping boa vista,"Rua do Giriquiti, 48 - térreo - Boa Vista, Recife",-8.059857000000001,-34.8877263,"store,point_of_interest,establishment",Independente / Sem chain identificado,Outros,REVIEW
"RECIFE, PE",,Arena Music Store,arena music store,"Rua da Concórdia, 311/315 - São José, Recife",-8.0665937,-34.881607,"home_goods_store,electronics_store,store,point_of_interest,establishment",Independente / Sem chain identificado,Casa & Decoração,EXCLUDE
"RECIFE, PE",,Art Comercial,artercial,"Rua Tobias Barreto, 380 - Santo Antônio, Recife",-8.0667551,-34.88234049999999,"electronics_store,store,point_of_interest,establishment",Independente / Sem chain identificado,Eletrônica,EXCLUDE
"RECIFE, PE",,Casa das Placas,casa das placas,"Rua da Concórdia, 800 - São José, Recife",-8.0704307,-34.8836893,"store,point_of_interest,establishment",Independente / Sem chain identificado,Outros,REVIEW
"RECIFE, PE",,Astral vehicles Multibrand,astral vehicles multibrand,"Avenida Visconde de Albuquerque, 300 - Madalena, Recife",-8.0551879,-34.9068092,"car_dealer,store,point_of_interest,establishment",Independente / Sem chain identificado,Automotivo,EXCLUDE
"RECIFE, PE",,PB Automóveis,pb automoveis,"Estrada dos Remédios, 2343 - Madalena, Recife",-8.0594343,-34.9074182,"car_dealer,store,point_of_interest,establishment",Independente / Sem chain identificado,Automotivo,EXCLUDE
"RECIFE, PE",,Dafonte Tratores Valtra,dafonte tratores valtra,"Rua Padre Muniz, 180 - São José, Recife",-8.071371899999997,-34.8849661,"car_repair,store,food,point_of_interest,establishment",Independente / Sem chain identificado,Automotivo,EXCLUDE
"RECIFE, PE",,Cenprel Revestimentos,cenprel revestimentos,"Rua Francisco Alves, 578 - Ilha do Leite, Recife",-8.066707599999997,-34.8945089,"home_goods_store,store,point_of_interest,establishment",Independente / Sem chain identificado,Casa & Decoração,EXCLUDE
"RECIFE, PE",,Lentes de óculos HOYA - Recife,lentes de oculos hoya - recife,"Rua Capitão José da Luz, 46 - Coelhos, Recife",-8.067492399999997,-34.89218280000001,"health,store,point_of_interest,establishment",Independente / Sem chain identificado,Clínica / Saúde,REVIEW
"RECIFE, PE",,Mineiro Rodas - Recuperação de rodas de carros e motos,mineiro rodas - recuperacao de rodas de carros e motos,"Avenida Sul Governador Cid Sampaio, 617 - São José, Recife",-8.0737204,-34.88708620000001,"car_repair,store,point_of_interest,establishment",Independente / Sem chain identificado,Automotivo,EXCLUDE
"RECIFE, PE",,Anderson Barbosa,anderson barbosa,"Praça Miguel de Cervantes, 60 - Ilha do Leite, Recife",-8.066489499999998,-34.89381729999999,"home_goods_store,store,point_of_interest,establishment",Independente / Sem chain identificado,Casa & Decoração,EXCLUDE
"RECIFE, PE",,BMI Trading,bmi trading,"Rua Marques Amorim, 524 - Boa Vista, Recife",-8.0643218,-34.89238,"store,point_of_interest,establishment",Independente / Sem chain identificado,Outros,REVIEW
"RECIFE, PE",,Acrilico Design - Fábrica,acrilico design - fabrica,"Rua Imperial, 1001 - São José, Recife",-8.074702,-34.890367,"furniture_store,home_goods_store,store,point_of_interest,establishment",Independente / Sem chain identificado,Loja de Móveis,EXCLUDE
"RECIFE, PE",,Farmácia do Trabalhador,farmacia do trabalhador,"Rua dos Coelhos, 425 - Boa Vista, Recife",-8.0673465,-34.8900949,"pharmacy,health,store,point_of_interest,establishment",Drogaria (indep.),Farmácia,TARGET
"RECIFE, PE",,Quero Ouvir Aparelhos Auditivos,quero ouvir aparelhos auditivos,"Rua Senador José Henrique, 103 - Ilha do Leite, Recife",-8.065416800000001,-34.8946931,"health,store,point_of_interest,establishment",Independente / Sem chain identificado,Clínica / Saúde,REVIEW
"RECIFE, PE",,Jampti,jampti,"Rua Capitão Temudo, 258 - Pina, Recife",-8.078772599999999,-34.8925689,"electronics_store,store,point_of_interest,establishment",Independente / Sem chain identificado,Eletrônica,EXCLUDE
"RECIFE, PE",,Hidraupeças | Vendas de Peças Hidráulicas em Recife,hidraupecas | vendas de pecas hidraulicas em recife,"Avenida Sul Governador Cid Sampaio, 500/504 - São José, Recife",-8.0751934,-34.8903635,"store,point_of_interest,establishment",Independente / Sem chain identificado,Outros,REVIEW
"RECIFE, PE",,Sindicato Do Comércio Varejista de Gêneros Alimentícios do Recife,sindicato do varejista de generos alimenticios do recife,"Rua Sete de Setembro, 318 - Boa Vista, Recife",-8.0603635,-34.88287100000001,"supermarket,grocery_or_supermarket,food,store,point_of_interest,establishment",Independente / Sem chain identificado,Supermercado,TARGET
"RECIFE, PE",,Center Doces,center doces,"Avenida Dantas Barreto, 839 - São José, Recife",-8.0679575,-34.880137,"supermarket,grocery_or_supermarket,food,store,point_of_interest,establishment",Independente / Sem chain identificado,Supermercado,TARGET
"RECIFE, PE",,Mercadinho Limoeiro,mercadinho limoeiro,"Praça Dom Vital, 131 - São José, Recife",-8.0686865,-34.8780549,"supermarket,grocery_or_supermarket,food,store,point_of_interest,establishment",Independente / Sem chain identificado,Mercadinho,TARGET
"RECIFE, PE",,Mercadinho São Felix,mercadinho sao felix,Brazil,-8.067200399999999,-34.8808541,"supermarket,grocery_or_supermarket,food,store,point_of_interest,establishment",Independente / Sem chain identificado,Mercadinho,TARGET
"RECIFE, PE",,BCM Artigos Industriais,bcm artigos industriais,"Rua da Palma, 421 - Santo Antônio, Recife",-8.066670699999998,-34.8810673,"supermarket,car_wash,grocery_or_supermarket,car_repair,food,health,store,point_of_interest,establishment",Independente / Sem chain identificado,Supermercado,TARGET
"RECIFE, PE",,Esperança - rolamentos e correias,esperanca - rolamentos e correias,"Rua Marquês do Herval, 167 - São José, Recife",-8.066329299999998,-34.8819044,"supermarket,grocery_or_supermarket,food,store,point_of_interest,establishment",Independente / Sem chain identificado,Supermercado,TARGET
"RECIFE, PE",,Mercado Persa Comércio Varejista,mercado persa varejista,"Rua Cleto Campêlo, 44 - Santo Antônio, Recife",-8.0626756,-34.8792033,"supermarket,grocery_or_supermarket,store,food,point_of_interest,establishment",Independente / Sem chain identificado,Supermercado,TARGET
"RECIFE, PE",,Mercadinho Ponto Certo,mercadinho ponto certo,"Rua do Hospício, 111 - Boa Vista, Recife",-8.061800999999999,-34.8845388,"supermarket,grocery_or_supermarket,store,food,point_of_interest,establishment",Independente / Sem chain identificado,Mercadinho,TARGET
"RECIFE, PE",,Meta Pesquisa,meta pesquisa,"Avenida Conde da Boa Vista, 121 - Boa Vista, Recife",-8.0617077,-34.88263329999999,"supermarket,grocery_or_supermarket,store,food,point_of_interest,establishment",Independente / Sem chain identificado,Supermercado,TARGET
"RECIFE, PE",,JC Mercadinho,jcrcadinho,"Rua Gervásio Pires, 156 - Boa Vista, Recife",-8.060873599999999,-34.8870577,"supermarket,grocery_or_supermarket,food,store,point_of_interest,establishment",Independente / Sem chain identificado,Mercadinho,TARGET
"RECIFE, PE",,Grocery Rio Branco,grocery rio branco,"Rua Mariz e Barros, 328 - loja A1 - Recife",-8.0628905,-34.873059,"supermarket,grocery_or_supermarket,food,store,point_of_interest,establishment",Independente / Sem chain identificado,Supermercado,TARGET
"RECIFE, PE",,Sacolão do JL,sacolao do jl,"Avenida Manoel Borba, 545 - Loja 14 - Boa Vista, Recife",-8.059601899999999,-34.8901342,"supermarket,grocery_or_supermarket,food,store,point_of_interest,establishment",Independente / Sem chain identificado,Supermercado,TARGET
"RECIFE, PE",,VENTA DE MUEBLES HOMINICIO,venta de muebles hominicio,"Rua Corredor do Bispo, 140 - Soledade, Recife",-8.057926399999998,-34.8868356,"supermarket,grocery_or_supermarket,food,store,point_of_interest,establishment",Independente / Sem chain identificado,Supermercado,TARGET
"RECIFE, PE",,Casa da lanchonete,casa da lanchonete,"Travessa do Macedo, 59 - São José, Recife",-8.069089599999998,-34.8771917,"convenience_store,food,store,point_of_interest,establishment",Independente / Sem chain identificado,Conveniência,TARGET
"RECIFE, PE",,Snack Conveniência - Recife Antigo,snack conveniencia - recife antigo,"Avenida Alfredo Lisboa, 173, Recife",-8.065496399999999,-34.8725976,"convenience_store,food,store,point_of_interest,establishment",Independente / Sem chain identificado,Conveniência,TARGET
"RECIFE, PE",,Posto Petrobras,posto petrobras,"Avenida Alfredo Lisboa, 173, Recife",-8.065402099999998,-34.8725842,"gas_station,convenience_store,car_wash,car_repair,restaurant,food,store,point_of_interest,establishment",Petrobras,Posto / Conveniência,TARGET
"RECIFE, PE",,Farmácia Viva Bem,farmacia viva bem,"Avenida Marquês de Olinda, 150 - Recife",-8.063386199999998,-34.8729599,"pharmacy,convenience_store,atm,drugstore,clothing_store,finance,food,health,store,point_of_interest,establishment",Drogaria (indep.),Farmácia,TARGET
"RECIFE, PE",,Rede Andrade Plaza Recife,rede andrade plaza recife,"Rua da Aurora, 225 - Boa Vista, Recife",-8.06177,-34.8816576,"lodging,point_of_interest,establishment",Independente / Sem chain identificado,Hotel,EXCLUDE
"RECIFE, PE",,Ponto de Promoção,ponto de promocao,"Rua da Palma, 205 - Santo Antônio, Recife",-8.0646071,-34.8804646,"furniture_store,home_goods_store,store,point_of_interest,establishment",Independente / Sem chain identificado,Loja de Móveis,EXCLUDE
"RECIFE, PE",,Ficha sem loja Marisa,ficha sem loja marisa,"Rua Duque de Caxias, 222 - Centro, Recife",-8.064837,-34.8775194,"clothing_store,store,point_of_interest,establishment",Independente / Sem chain identificado,Loja de Roupa,EXCLUDE
"RECIFE, PE",,Praça do Marco Zero,praca do marco zero,"Avenida Alfredo Lisboa, Recife",-8.0631023,-34.8712013,"tourist_attraction,point_of_interest,establishment",Independente / Sem chain identificado,Ponto Turístico,EXCLUDE
"RECIFE, PE",,Universidade Católica de Pernambuco - Polo Ead Unicap,universidade catolica de pernambuco - polo ead unicap,"Rua do Príncipe, 526 - Boa Vista, Recife",-8.055799099999998,-34.88770789999999,"university,point_of_interest,establishment",Independente / Sem chain identificado,Escola,EXCLUDE
"RECIFE, PE",,Hotel Central,hotel central,"Avenida Manoel Borba, 209 - Boa Vista, Recife",-8.061135499999999,-34.8876114,"lodging,point_of_interest,establishment",Independente / Sem chain identificado,Hotel,EXCLUDE
"RECIFE, PE",,Hospital Albert Sabin,hospital albert sabin,"Rua Senador José Henrique, 141 - Ilha do Leite, Recife",-8.0658473,-34.8954273,"hospital,point_of_interest,doctor,health,establishment",Independente / Sem chain identificado,Hospital,EXCLUDE
"RECIFE, PE",,Cartório de Protesto do 2º Ofício,cartorio de protesto do 2o oficio,"Rua Gervásio Pires, 233 - Boa Vista, Recife",-8.060146999999997,-34.8868656,"finance,point_of_interest,establishment",Independente / Sem chain identificado,Outros,REVIEW
"RECIFE, PE",,Flats no Pólo Médico e Empresarial de Recife!! Ilha do Leite!!,flats no polodico e empresarial de recife!! ilha do leite!!,"Rua Estado de Israel, 203 - Ilha do Leite, Recife",-8.064660099999998,-34.8946074,"lodging,point_of_interest,establishment",Independente / Sem chain identificado,Hotel,EXCLUDE
"RECIFE, PE",,Public Prosecutor of Pernambuco,public prosecutor of pernambuco,"Rua do Imperador Pedro II, 473 - Santo Antônio, Recife",-8.0646627,-34.876661,"point_of_interest,establishment",Independente / Sem chain identificado,Outros,REVIEW
"RECIFE, PE",,Faculdade Frassinetti do Recife,faculdade frassinetti do recife,"Avenida Conde da Boa Vista, 921 - Boa Vista, Recife",-8.058604899999999,-34.88879250000001,"university,point_of_interest,establishment",Independente / Sem chain identificado,Escola,EXCLUDE
"RECIFE, PE",,Real Hospital Português de Beneficência,real hospital portugues de beneficencia,"Avenida Governador Agamenon Magalhães, Recife",-8.0640504,-34.8981508,"hospital,doctor,health,point_of_interest,establishment",Independente / Sem chain identificado,Hospital,EXCLUDE
"RECIFE, PE",,Hotel Mediterrâneo,hotelditerraneo,"Rua Gervásio Pires, 418 - Santo Amaro, Recife",-8.058918399999998,-34.8857051,"lodging,point_of_interest,establishment",Independente / Sem chain identificado,Hotel,EXCLUDE
"RECIFE, PE",,Hotel União,hotel uniao,"Rua da União, 367 - Boa Vista, Recife",-8.0588744,-34.8805397,"lodging,point_of_interest,establishment",Independente / Sem chain identificado,Hotel,EXCLUDE
"RECIFE, PE",,APTMED - Work Medicine Services,aptmed - workdicine services,"atrás da aurora - Rua da Aurora, N° 295 Loja 13 Térreo Entrada pela, Rua da União - Boa Vista, Recife",-8.060970799999998,-34.8813796,"point_of_interest,establishment",Independente / Sem chain identificado,Outros,REVIEW
"RECIFE, PE",,Santa Isabel Theater,santa isabel theater,"Praça da República - Santo Antônio, Recife",-8.0607016,-34.87810219999999,"point_of_interest,establishment",Independente / Sem chain identificado,Outros,REVIEW
"RECIFE, PE",,Central de Concursos Esuda - Pré-Enem,central de concursos esuda - pre-enem,"Rua Corredor do Bispo, 175 - Boa Vista, Recife",-8.057898100000001,-34.8870977,"school,point_of_interest,establishment",Independente / Sem chain identificado,Escola,EXCLUDE
"RECIFE, PE",,Space Heber Vieira,space heber vieira,"Rua Corredor do Bispo, 85 - Boa Vista, Recife",-8.0585557,-34.8867349,"school,point_of_interest,establishment",Independente / Sem chain identificado,Escola,EXCLUDE
"RECIFE, PE",,Ophthalmological-COPE Center of Pernambuco,ophthalmological-cope center of pernambuco,"Rua Imperatriz Teresa Cristina, 131 - Boa Vista, Recife",-8.0631684,-34.88369400000001,"health,point_of_interest,establishment",Independente / Sem chain identificado,Clínica / Saúde,REVIEW
"RECIFE, PE",,Edf. São Cristóvão......,edf. sao cristovao......,"Rua da Aurora, 295 - Boa Vista, Recife",-8.061128700000001,-34.88118709999999,"point_of_interest,establishment",Independente / Sem chain identificado,Outros,REVIEW
"RECIFE, PE",,Shop of B.ombas,shop of b.ombas,"Rua da Concórdia, 600 - São José, Recife",-8.0690268,-34.8825366,"point_of_interest,establishment",Independente / Sem chain identificado,Outros,REVIEW
"RECIFE, PE",,Laser Eletro | Palma,laser eletro | palma,"Rua da Palma, 216 - Santo Antônio, Recife",-8.064857200000002,-34.88065749999999,"home_goods_store,store,point_of_interest,establishment",Independente / Sem chain identificado,Casa & Decoração,EXCLUDE
"RECIFE, PE",,Pousada Paris,pousada paris,"Rua do Riachuelo, 630 - Boa Vista, Recife",-8.0580533,-34.8859533,"lodging,point_of_interest,establishment",Independente / Sem chain identificado,Hotel,EXCLUDE
"RECIFE, PE",,Pernambuco Court of Justice,pernambuco court of justice,"Praça da República, s/n - Santo Antônio, Recife",-8.061642299999999,-34.87767299999999,"courthouse,point_of_interest,establishment",Independente / Sem chain identificado,Outros,REVIEW
"RECIFE, PE",,Restaurante Skillus Classic,restaurante skillus classic,"Rua General Joaquim Inácio, 515 - Ilha do Leite, Recife",-8.0628357,-34.895974,"restaurant,food,point_of_interest,establishment",Independente / Sem chain identificado,Restaurante,EXCLUDE
"RECIFE, PE",,Escola Estadual João Barbalho,escola estadual joao barbalho,"Rua do Hospício, 737 - Boa Vista, Recife",-8.0562309,-34.8831836,"school,point_of_interest,establishment",Independente / Sem chain identificado,Escola,EXCLUDE
"RECIFE, PE",,Basilica of Our Lady of Mount Carmel,basilica of our lady of mount carmel,"Avenida Dantas Barreto, 646 - Santo Antônio, Recife",-8.0661351,-34.87982929999999,"tourist_attraction,church,place_of_worship,point_of_interest,establishment",Independente / Sem chain identificado,Ponto Turístico,EXCLUDE
"RECIFE, PE",,Palácio do Campo das Princesas,palacio do campo das princesas,"Praça da República, S/N - Santo Antônio, Recife",-8.060018199999998,-34.8774533,"tourist_attraction,local_government_office,point_of_interest,establishment",Independente / Sem chain identificado,Ponto Turístico,EXCLUDE
"RECIFE, PE",,colégio sylvio rabello,colegio sylvio rabello,"Avenida Mário Melo, s/n - Santo Amaro, Recife",-8.055040000000002,-34.881186,"secondary_school,school,point_of_interest,establishment",Independente / Sem chain identificado,Outros,EXCLUDE
"RECIFE, PE",,Golden Cross,golden cross,"Rua do Riachuelo, 485 - Boa Vista, Recife",-8.058831099999999,-34.8847371,"insurance_agency,point_of_interest,establishment",Independente / Sem chain identificado,Outros,REVIEW
"RECIFE, PE",,Pousada&Hostel Solar do Lazer,pousada&hostel solar do lazer,"Rua Bernardo Guimarães, 107 - Santo Amaro, Recife",-8.0555828,-34.8858156,"lodging,point_of_interest,establishment",Independente / Sem chain identificado,Hotel,EXCLUDE
"RECIFE, PE",,SEOPE-Ophthalmological Service of Pernambuco,seope-ophthalmological service of pernambuco,"Rua Antônio Gomes de Freitas, 131 - Ilha do Leite, Recife",-8.0663024,-34.8944839,"doctor,health,point_of_interest,establishment",Independente / Sem chain identificado,Outros,REVIEW
"RECIFE, PE",,escola oliveira lima,escola oliveira lima,"Rua Barão de São Borja, 347 - Boa Vista, Recife",-8.0609488,-34.8906258,"school,point_of_interest,establishment",Independente / Sem chain identificado,Escola,EXCLUDE
"RECIFE, PE",,Pontes Cursos,pontes cursos,"Edf; Marques do Recife - Sala 701 Recife - Bairro, Rua Engenheiro Ubaldo Gomes de Matos - Santo Antônio, Recife",-8.063571,-34.8779332,"school,point_of_interest,establishment",Independente / Sem chain identificado,Escola,EXCLUDE
"RECIFE, PE",,Livraria Progresso Sebo,livraria progresso sebo,"estamos com serviço de entregas - Rua Corredor do Bispo, 125 - Boa Vista, Recife",-8.0583523,-34.88690469999999,"book_store,store,point_of_interest,establishment",Independente / Sem chain identificado,Livraria,EXCLUDE
"RECIFE, PE",,Lojão dos Games,lojao dos games,"Rua Frei Caneca, 35 - Santo Antônio, Recife",-8.0651846,-34.8802165,"store,point_of_interest,establishment",Independente / Sem chain identificado,Outros,REVIEW
"RECIFE, PE",,Casa Sá,casa sa,"Avenida Dantas Barreto, 853 - São José, Recife",-8.068034,-34.88019039999999,"store,point_of_interest,establishment",Independente / Sem chain identificado,Outros,REVIEW
"RECIFE, PE",,Mundo do Cabeleireiro | Loja São José II,mundo do cabeleireiro | loja sao jose ii,"Rua Direita, 166 - São José, Recife",-8.068124,-34.87904700000001,"store,point_of_interest,establishment",Independente / Sem chain identificado,Outros,REVIEW
"RECIFE, PE",,Esposende,esposende,"Avenida Conde da Boa Vista, 233 - Loja 825 - Boa Vista, Recife",-8.0611227,-34.8836551,"shoe_store,store,point_of_interest,establishment",Independente / Sem chain identificado,Sapataria,EXCLUDE
"RECIFE, PE",,Pauline Bookstore Recife - PE,pauline bookstore recife - pe,"Rua Frei Caneca, 59 - Loja 01 - São José, Recife",-8.0650247,-34.8807238,"book_store,store,point_of_interest,establishment",Independente / Sem chain identificado,Livraria,EXCLUDE
"RECIFE, PE",,Atacado dos Presentes,atacado dos presentes,"Rua das Calçadas, 330 - São José, Recife",-8.070378,-34.879881,"store,point_of_interest,establishment",Independente / Sem chain identificado,Atacarejo,TARGET
"RECIFE, PE",,A Fantasia Festas Infantis,a fantasia festas infantis,"Rua dos Pescadores, 68 - São José, Recife",-8.0709677,-34.8794557,"home_goods_store,store,point_of_interest,establishment",Independente / Sem chain identificado,Casa & Decoração,EXCLUDE
"RECIFE, PE",,Figueiras Calçados,figueiras calcados,"Avenida Conde da Boa Vista, 137 - Boa Vista, Recife",-8.061617999999998,-34.8828098,"shoe_store,store,point_of_interest,establishment",Independente / Sem chain identificado,Sapataria,EXCLUDE
"RECIFE, PE",,Lojas Marisa,lojas marisa,"Avenida Conde da Boa Vista, 770 - Boa Vista, Recife",-8.058370499999999,-34.88766089999999,"clothing_store,shoe_store,store,point_of_interest,establishment",Independente / Sem chain identificado,Loja de Roupa,EXCLUDE
"RECIFE, PE",,APL Atacadão de Papelaria,apl atacadao de papelaria,"Rua Padre Muniz, 160 - São José, Recife",-8.069621300000001,-34.8776167,"store,point_of_interest,establishment",Atacadão,Atacarejo,TARGET
"RECIFE, PE",,Recife Bike,recife bike,"Avenida Dantas Barreto, 780 - Santo Antônio, Recife",-8.0671717,-34.8801042,"bicycle_store,store,point_of_interest,establishment",Independente / Sem chain identificado,Bicicletaria,EXCLUDE
"RECIFE, PE",,Atacado dos Presentes Boa Vista,atacado dos presentes boa vista,"Avenida Conde da Boa Vista, 385 - Boa Vista, Recife",-8.0605478,-34.8856213,"department_store,store,point_of_interest,establishment",Independente / Sem chain identificado,Atacarejo,TARGET
"RECIFE, PE",,O Boticário,o boticario,"Rua Nova, 230 - Santo Antônio, Recife",-8.0641897,-34.879404,"clothing_store,store,point_of_interest,establishment",Independente / Sem chain identificado,Loja de Roupa,EXCLUDE
"RECIFE, PE",,Farmácia Guararapes,farmacia guararapes,"Avenida Dantas Barreto, 576 - Santo Antônio, Recife",-8.0680786,-34.880489,"drugstore,pharmacy,health,store,point_of_interest,establishment",Drogaria (indep.),Farmácia,TARGET
"RECIFE, PE",,Livraria Imperatriz,livraria imperatriz,"Rua Imperatriz Teresa Cristina, 17 - Boa Vista, Recife",-8.063450999999999,-34.8826695,"book_store,store,point_of_interest,establishment",Independente / Sem chain identificado,Livraria,EXCLUDE
"RECIFE, PE",,"Atacadão do Bebê - Enxoval, gestante, moda infantil.","atacadao do bebe - enxoval, gestante, moda infantil.","Rua Antônio Henrique, Nº40 - São José, Recife",-8.0699387,-34.8792764,"store,point_of_interest,establishment",Atacadão,Atacarejo,TARGET
"RECIFE, PE",,Colchões Ortobom,colchoes ortobom,"ao lado dos correios - Rua Gervásio Pires, 268 - Boa Vista, Recife",-8.0599896,-34.8865917,"furniture_store,home_goods_store,store,point_of_interest,establishment",Independente / Sem chain identificado,Loja de Móveis,EXCLUDE
"RECIFE, PE",,Vinil Alternativo,vinil alternativo,"Rua Sete de Setembro, 105 - Loja 05 - Boa Vista, Recife",-8.062063199999999,-34.88380429999999,"clothing_store,store,point_of_interest,establishment",Independente / Sem chain identificado,Loja de Roupa,EXCLUDE
"RECIFE, PE",,Só Lente,so lente,"Rua do Riachuelo, 36 - Loja 12 - Boa Vista, Recife",-8.060648,-34.88089219999999,"health,store,point_of_interest,establishment",Independente / Sem chain identificado,Clínica / Saúde,REVIEW
"RECIFE, PE",,Atacadão Narciso Enxovais - Rua do Hospício,atacadao narciso enxovais - rua do hospicio,"Rua do Hospício, 332 - Boa Vista, Recife",-8.06007,-34.88373000000001,"home_goods_store,store,point_of_interest,establishment",Atacadão,Atacarejo,EXCLUDE
"RECIFE, PE",,A A Pereira Comércio,a a pereira,"Rua São João, 253 - São José, Recife",-8.0705822,-34.8818467,"furniture_store,home_goods_store,store,point_of_interest,establishment",Independente / Sem chain identificado,Loja de Móveis,EXCLUDE
"RECIFE, PE",,VagaLume Ótica,vagalume otica,"Rua Imperatriz Teresa Cristina, 185 - Boa Vista, Recife",-8.0630548,-34.88416,"health,store,point_of_interest,establishment",Independente / Sem chain identificado,Clínica / Saúde,REVIEW
"RECIFE, PE",,cortinas Dantas,cortinas dantas,"Rua Direita, 276 - São José, Recife",-8.068610099999999,-34.87990579999999,"general_contractor,home_goods_store,store,point_of_interest,establishment",Independente / Sem chain identificado,Construtora,EXCLUDE
"RECIFE, PE",,"Credimóveis Novolar Recife 2: Móveis, Colchões, Eletrodomésticos em Recife PE","credimoveis novolar recife 2: moveis, colchoes, eletrodomesticos em recife pe","Rua da Palma, 251 A - Santo Antônio, Recife",-8.065167299999999,-34.8804711,"furniture_store,electronics_store,home_goods_store,store,point_of_interest,establishment",Independente / Sem chain identificado,Loja de Móveis,EXCLUDE
"RECIFE, PE",,Loja do Borracheiro,loja do borracheiro,"Rua Vinte e Quatro de Maio, 198 - Loja 5 - Santo Antônio, Recife",-8.0670234,-34.8807023,"store,point_of_interest,establishment",Independente / Sem chain identificado,Outros,REVIEW
"RECIFE, PE",,Magic Center Recife,magic center recife,"Condomínio do Edificio Pessoa de Melo - Avenida Conde da Boa Vista, 50 - Sala 105 - Boa Vista, Recife",-8.061722,-34.881955,"movie_rental,book_store,clothing_store,store,point_of_interest,establishment",Independente / Sem chain identificado,Outros,REVIEW
"RECIFE, PE",,JR Rolamentos,jr rolamentos,"Rua Marquês do Herval, 170 - Santo Antônio, Recife",-8.0660955,-34.8819746,"store,point_of_interest,establishment",Independente / Sem chain identificado,Outros,REVIEW
"RECIFE, PE",,Lojão das Jóias,lojao das joias,"Rua das Calçadas, 416 - São José, Recife",-8.071113300000002,-34.88007509999999,"jewelry_store,store,point_of_interest,establishment",Independente / Sem chain identificado,Outros,REVIEW
"RECIFE, PE",,Editora Ave Maria,editora ave maria,"Rua Frei Caneca, 12 - Santo Antônio, Recife",-8.0650509,-34.8809093,"book_store,store,point_of_interest,establishment",Independente / Sem chain identificado,Livraria,EXCLUDE
"RECIFE, PE",,Figueiras Calçados - Duque de Caxias,figueiras calcados - duque de caxias,"Rua Duque de Caxias, 310 - Santo Antônio, Recife",-8.0655541,-34.8773852,"shoe_store,store,point_of_interest,establishment",Independente / Sem chain identificado,Sapataria,EXCLUDE
"RECIFE, PE",,Casa do Micro,casa do micro,"Rua Tobias Barreto, 351 - São José, Recife",-8.0669428,-34.88206589999999,"electronics_store,store,point_of_interest,establishment",Independente / Sem chain identificado,Eletrônica,EXCLUDE
"RECIFE, PE",,Comercial Loló,comercial lolo,"Rua Padre Floriano, 145 - São José, Recife",-8.069829799999999,-34.8798691,"store,point_of_interest,establishment",Independente / Sem chain identificado,Outros,REVIEW
"RECIFE, PE",,Studio Ré-Nascer,studio re-nascer,"Rua Floriano Peixoto, 85 - Santo Antônio, Recife",-8.0652512,-34.8821136,"store,point_of_interest,establishment",Independente / Sem chain identificado,Outros,REVIEW
"RECIFE, PE",,Lojas Mirelle,lojas mirelle,"Rua Imperatriz Teresa Cristina, 234 - Boa Vista, Recife",-8.0627071,-34.884482,"clothing_store,store,point_of_interest,establishment",Independente / Sem chain identificado,Loja de Roupa,EXCLUDE
"RECIFE, PE",,A Pororoca - Erilane F. Barboza,a pororoca - erilane f. barboza,"Rua Padre Muniz, 153 - São José, Recife",-8.069639200000001,-34.87736959999999,"clothing_store,store,point_of_interest,establishment",Independente / Sem chain identificado,Loja de Roupa,EXCLUDE
"RECIFE, PE",,Casa Aliança Móveis e Colchões,casa alianca moveis e colchoes,"Rua Direita, 36 - Santo Antônio, Recife",-8.067200299999998,-34.87833919999999,"furniture_store,home_goods_store,store,point_of_interest,establishment",Independente / Sem chain identificado,Loja de Móveis,EXCLUDE
"RECIFE, PE",,Móveis e Decorações Irajá - Recife,moveis e decoracoes iraja - recife,"Rua do Aragão, 58 - Boa Vista, Recife",-8.0621449,-34.88649619999999,"furniture_store,home_goods_store,store,point_of_interest,establishment",Independente / Sem chain identificado,Loja de Móveis,EXCLUDE
"RECIFE, PE",,Mercadinho Sta Barbara,mercadinho sta barbara,"Rua Bernardo Vieira de Melo, 383 - Recife",-8.0574324,-34.8707176,"supermarket,grocery_or_supermarket,store,food,point_of_interest,establishment",Independente / Sem chain identificado,Mercadinho,TARGET
"RECIFE, PE",,Mercadinho do Marcelo,mercadinho do marcelo,"Rua do Ocidente, 182 - Recife",-8.057256799999998,-34.87109229999999,"supermarket,grocery_or_supermarket,store,food,point_of_interest,establishment",Independente / Sem chain identificado,Mercadinho,TARGET
"RECIFE, PE",,Queijo Do Reino Barato,queijo do reino barato,"Rua do Brum, 393 - Recife",-8.057015999999999,-34.87151070000001,"supermarket,grocery_or_supermarket,food,store,point_of_interest,establishment",Independente / Sem chain identificado,Supermercado,TARGET
"RECIFE, PE",,Mega Shop,mega shop,"Cais do Apolo, 790 - Recife",-8.055321300000001,-34.8718211,"convenience_store,store,point_of_interest,food,establishment",Independente / Sem chain identificado,Conveniência,TARGET
"RECIFE, PE",,Teatro Apolo-Hermilo,teatro apolo-hermilo,"Rua do Apolo, 121 - Recife",-8.061456900000001,-34.8725784,"point_of_interest,establishment",Independente / Sem chain identificado,Outros,REVIEW
"RECIFE, PE",,Junior Achievement Pernambuco,junior achievement pernambuco,"Rua Domingos José Martins, 75 - Recife",-8.061765200000002,-34.8717011,"point_of_interest,establishment",Independente / Sem chain identificado,Outros,REVIEW
"RECIFE, PE",,Segsat,segsat,"Edifício Manuel dos Santos Moreira - Avenida Marquês de Olinda, 290 - Recife",-8.063483999999997,-34.8741636,"point_of_interest,establishment",Independente / Sem chain identificado,Outros,REVIEW
"RECIFE, PE",,São José,sao jose,São José,-8.071921699999999,-34.8821777,"sublocality_level_1,sublocality,political",Independente / Sem chain identificado,Outros,REVIEW
"RECIFE, PE",,C.E.S.A.R - Centro de Estudos e Sistemas Avançados do Recife,c.e.s.a.r - centro de estudos e sistemas avancados do recife,"Rua Bione, Cais do Apolo, 220, Recife",-8.058257000000001,-34.87199439999999,"point_of_interest,establishment",Independente / Sem chain identificado,Outros,REVIEW
"RECIFE, PE",,Tribunal Regional Federal da 5ª Região,tribunal regional federal da 5a regiao,"Edifício Ministro Djaci Falcão - Cais do Apolo, s/n - Centro, Recife",-8.0584814,-34.87305769999999,"courthouse,point_of_interest,establishment",Independente / Sem chain identificado,Outros,REVIEW
"RECIFE, PE",,Federal Savings Bank,federal savings bank,"Avenida Guararapes, NUM 161 - Santo Antônio, Recife",-8.063544199999999,-34.8793,"bank,atm,finance,point_of_interest,establishment",Independente / Sem chain identificado,Banco,EXCLUDE
"RECIFE, PE",,Federal Savings Bank,federal savings bank,"Avenida Marquês de Olinda, NUM 207, Recife",-8.0633223,-34.8726181,"bank,atm,finance,point_of_interest,establishment",Independente / Sem chain identificado,Banco,EXCLUDE
"RECIFE, PE",,Delegacia Administração do Ministério Fazenda,delegacia administracao do ministerio fazenda,"Avenida Alfredo Lisboa, 1168 - Recife Velho, Recife",-8.0564447,-34.8695502,"point_of_interest,establishment",Independente / Sem chain identificado,Outros,REVIEW
"RECIFE, PE",,SESC Santa Rita,sesc santa rita,"Cais Santa Rita, 156 - Santo Antônio, Recife",-8.068133699999999,-34.8764084,"point_of_interest,establishment",Independente / Sem chain identificado,Outros,REVIEW
"RECIFE, PE",,Datamétrica,datametrica,"Rua do Bom Jesus, 220 - Recife",-8.061773,-34.8709997,"point_of_interest,establishment",Independente / Sem chain identificado,Outros,REVIEW
"RECIFE, PE",,Lead Assessoria,lead assessoria,"Avenida Domingos Ferreira, 2589 - Boa Viagem, Recife",-8.0647749,-34.8737579,"point_of_interest,establishment",Independente / Sem chain identificado,Outros,REVIEW
"RECIFE, PE",,STRACK - Sistema online de rastreamento,strack - sistema online de rastreamento,"Rua Engenheiro Ubaldo Gomes de Matos, 119 - Santo Antônio, Recife",-8.0636826,-34.8778921,"point_of_interest,establishment",Independente / Sem chain identificado,Outros,REVIEW
"RECIFE, PE",,Dot7 Tecnologia,dot7 tecnologia,"Rua da Guia, 142 - Recife",-8.0617597,-34.87185489999999,"point_of_interest,establishment",Independente / Sem chain identificado,Outros,REVIEW
"RECIFE, PE",,RECIFE-CENTRO .,recife-centro .,"Rua do Imperador Pedro II, 494 - A - Santo Antônio, Recife",-8.064792599999999,-34.8769334,"bank,finance,point_of_interest,establishment",Independente / Sem chain identificado,Banco,EXCLUDE
"RECIFE, PE",,Negocial Factoring Fomento Comercial,negocial factoring fomentoercial,"EDIFICIO ANTONIO BARBOSA - Avenida Dantas Barreto, 507 - Santana, Recife",-8.0648071,-34.8783216,"finance,point_of_interest,establishment",Independente / Sem chain identificado,Outros,REVIEW
"RECIFE, PE",,Amazing Model,amazing model,"Rua Dona Maria César, 170 - sala 304C - Recife",-8.0630642,-34.872294,"point_of_interest,establishment",Independente / Sem chain identificado,Outros,REVIEW
"RECIFE, PE",,Ranulpho Art Gallery,ranulpho art gallery,"Rua do Bom Jesus, 125 - Recife",-8.062449,-34.8716714,"art_gallery,point_of_interest,establishment",Independente / Sem chain identificado,Outros,REVIEW
"RECIFE, PE",,Arno Mallory Oster Cadence,arno mallory oster cadence,"Avenida Dantas Barreto, 1073 - São José, Recife",-8.0700009,-34.8817618,"point_of_interest,establishment",Independente / Sem chain identificado,Outros,REVIEW
"RECIFE, PE",,Kernel Informática,kernel informatica,"Rua Dona Maria César, 170 - Recife",-8.064291599999997,-34.8722936,"point_of_interest,establishment",Independente / Sem chain identificado,Outros,REVIEW
"RECIFE, PE",,SOBRONZE,sobronze,"Rua Mariz e Barros, 91 - Recife",-8.0649943,-34.8728644,"point_of_interest,establishment",Independente / Sem chain identificado,Outros,REVIEW
"RECIFE, PE",,Sonho Meu,sonhou,"Rua das Calçadas, 327 - São José, Recife",-8.07043,-34.879602,"point_of_interest,establishment",Independente / Sem chain identificado,Outros,REVIEW
"RECIFE, PE",,Agência Recify,agencia recify,"Travessa do Amorim, 66 - Recife",-8.0651574,-34.8729969,"point_of_interest,establishment",Independente / Sem chain identificado,Outros,REVIEW
"RECIFE, PE",,IVIA,ivia,"Avenida Marquês de Olinda, 126 - Recife",-8.063253099999999,-34.8726333,"point_of_interest,establishment",Independente / Sem chain identificado,Outros,REVIEW
"RECIFE, PE",,Governança Brasil,governanca brasil,"Avenida Marquês de Olinda, 126 - Recife",-8.063257700000001,-34.87255879999999,"city_hall,local_government_office,finance,courthouse,point_of_interest,establishment",Independente / Sem chain identificado,Outros,REVIEW
"RECIFE, PE",,Bidweb,bidweb,"Avenida Marquês de Olinda, 296 - Recife",-8.063508,-34.8742394,"electronics_store,store,point_of_interest,establishment",Independente / Sem chain identificado,Eletrônica,EXCLUDE
"RECIFE, PE",,Casa dos Emborrachados,casa dos emborrachados,"Rua do Forte, 80 - São José, Recife",-8.071346199999999,-34.8792714,"store,point_of_interest,establishment",Independente / Sem chain identificado,Outros,REVIEW
"RECIFE, PE",,Bethy Balões,bethy baloes,"Rua das Calçadas, 297 - São José, Recife",-8.070193599999998,-34.8794879,"home_goods_store,store,point_of_interest,establishment",Independente / Sem chain identificado,Casa & Decoração,EXCLUDE
"RECIFE, PE",,Mídias Educativas,midias educativas,"Rua Álvares Cabral, 155 - Recife",-8.0630162,-34.8728778,"store,point_of_interest,establishment",Independente / Sem chain identificado,Outros,REVIEW
"RECIFE, PE",,Mundo dos Presentes,mundo dos presentes,"Rua do Rangel, 201 - Santo Antônio, Recife",-8.0680581,-34.8770604,"store,point_of_interest,establishment",Independente / Sem chain identificado,Outros,REVIEW
"RECIFE, PE",,Casa dos Relógios,casa dos relogios,"Rua Coração de Maria, 140 - São José, Recife",-8.0704876,-34.8793832,"store,point_of_interest,establishment",Independente / Sem chain identificado,Outros,REVIEW
"RECIFE, PE",,Frisabor,frisabor,"Avenida Alfredo Lisboa, 218 - Centro do Recife, Recife",-8.064328500000002,-34.87153839999999,"store,food,point_of_interest,establishment",Independente / Sem chain identificado,Outros,REVIEW
"RECIFE, PE",,Norma Flores,norma flores,"Box 25/26, Cais Santa Rita, s/n - São José, Recife",-8.0712592,-34.8774579,"florist,store,point_of_interest,establishment",Independente / Sem chain identificado,Outros,REVIEW
"RECIFE, PE",,Vault Loja,vault loja,"Rua da Moeda, nº46 - Recife",-8.064518999999999,-34.872093,"store,point_of_interest,establishment",Independente / Sem chain identificado,Outros,REVIEW
"RECIFE, PE",,Tend Tudo Confecções,tend tudo confeccoes,"Avenida Engenheiro José Estelita, 144 - São José, Recife",-8.0698111,-34.8787728,"clothing_store,store,point_of_interest,establishment",Independente / Sem chain identificado,Loja de Roupa,EXCLUDE
"RECIFE, PE",,Café São Braz,cafe sao braz,"Armazéns do Porto - Av. Alfredo Lisboa, s/n - Armazém 12 Lj 7A, Recife",-8.0639022,-34.8715057,"cafe,store,food,point_of_interest,establishment",Independente / Sem chain identificado,Outros,REVIEW
"RECIFE, PE",,Acai Concept Zero | Recife,acai concept zero | recife,"Avenida Alfredo Lisboa, S/N - Recife",-8.063833500000001,-34.8714201,"store,restaurant,food,point_of_interest,establishment",Independente / Sem chain identificado,Restaurante,REVIEW
"RECIFE, PE",,Kiko e Luka - Mais que uma Loja Infantil!,kiko e luka - mais que uma loja infantil!,"Rua São José do Ribamar, 191 - São José, Recife",-8.070207,-34.8789193,"clothing_store,store,point_of_interest,establishment",Independente / Sem chain identificado,Loja de Roupa,EXCLUDE
"RECIFE, PE",,PRINTING WORKSHOP,printing workshop,"Rua da Moeda, 140 - Recife",-8.0644869,-34.8731883,"store,point_of_interest,establishment",Independente / Sem chain identificado,Outros,REVIEW
"RECIFE, PE",,Comercial Ponto Certo LTDA,comercial ponto certo,"Rua Padre Muniz, 224, Cais Santa Rita, 133 - São José, Recife",-8.0701234,-34.87780909999999,"store,point_of_interest,establishment",Independente / Sem chain identificado,Outros,REVIEW
"RECIFE, PE",,Center dos Presentes,center dos presentes,"Rua Santa Rita, 141 - São José, Recife",-8.0700405,-34.8780449,"store,point_of_interest,establishment",Independente / Sem chain identificado,Outros,REVIEW
"RECIFE, PE",,Bijoux Super,bijoux super,"Rua Santa Rita, 229 - São José, Recife",-8.070729,-34.8783952,"jewelry_store,store,point_of_interest,establishment",Independente / Sem chain identificado,Outros,REVIEW
"RECIFE, PE",,Cia Assembly,cia assembly,"Rua Santa Rita - São José, Recife",-8.070354199999999,-34.8782477,"home_goods_store,store,point_of_interest,establishment",Independente / Sem chain identificado,Casa & Decoração,EXCLUDE
"RECIFE, PE",,Empire Jewel,empire jewel,"Rua Santa Rita, 36 - São José, Recife",-8.0691474,-34.8777295,"jewelry_store,store,point_of_interest,establishment",Independente / Sem chain identificado,Outros,REVIEW
"RECIFE, PE",,Centro de Artesanato de Pernambuco,centro de artesanato de pernambuco,"Avenida Alfredo Lisboa, S/N - Armazém 11 - Recife",-8.062687,-34.8708007,"store,tourist_attraction,museum,point_of_interest,establishment",Independente / Sem chain identificado,Ponto Turístico,EXCLUDE
"RECIFE, PE",,Bellas Festas,bellas festas,"Rua do Jasmim, 101 - São José, Recife",-8.070782699999999,-34.88015540000001,"home_goods_store,store,point_of_interest,establishment",Independente / Sem chain identificado,Casa & Decoração,EXCLUDE
"RECIFE, PE",,Planeta Brinquedos,planeta brinquedos,"Rua Santa Rita, 234 - São José, Recife",-8.070709599999997,-34.8785567,"store,point_of_interest,establishment",Independente / Sem chain identificado,Outros,REVIEW
"RECIFE, PE",,House of Essences,house of essences,"Rua da Praia, 166 - São José, Recife",-8.0680412,-34.87721440000001,"clothing_store,store,point_of_interest,establishment",Independente / Sem chain identificado,Loja de Roupa,EXCLUDE
"RECIFE, PE",,Armazém Coral Achaqui,armazem coral achaqui,"Rua da Praia, 103 - Santo Antônio, Recife",-8.0675148,-34.8769296,"store,point_of_interest,establishment",Independente / Sem chain identificado,Outros,REVIEW
"RECIFE, PE",,Super Presentes,super presentes,"Rua Santa Rita, 252 - São José, Recife",-8.070801399999997,-34.87878560000001,"store,point_of_interest,establishment",Independente / Sem chain identificado,Outros,REVIEW
"RECIFE, PE",,Muito Mais Comércio Ltda,muito mais,"Rua Santa Rita, 40 - São José, Recife",-8.0691876,-34.87810739999999,"store,point_of_interest,establishment",Independente / Sem chain identificado,Outros,REVIEW
"RECIFE, PE",,Atacado das Bolas,atacado das bolas,"Rua dos Pescadores, 04 - São José, Recife",-8.0713537,-34.8790088,"store,point_of_interest,establishment",Independente / Sem chain identificado,Atacarejo,TARGET
"RECIFE, PE",,Lottery Federal Savings Bank,lottery federal savings bank,"Avenida Marquês de Olinda, s/n - Recife",-8.0636411,-34.8731707,"store,point_of_interest,establishment",Independente / Sem chain identificado,Outros,REVIEW
"RECIFE, PE",,Labor Pharmacy,labor pharmacy,"Rua do Rangel, 209 - São José, Recife",-8.068119199999998,-34.8775252,"pharmacy,health,store,point_of_interest,establishment",Independente / Sem chain identificado,Farmácia,TARGET
"RECIFE, PE",,Novidade e Presente,novidade e presente,"Rua das Calçadas, 361 - São José, Recife",-8.070659399999998,-34.87973429999999,"store,point_of_interest,establishment",Independente / Sem chain identificado,Outros,REVIEW
"RECIFE, PE",,MUNDO VERDE SHOPPING RECIFE,mundo verde shopping recife,"Rua Padre Carapuceiro 777 BV 90 - Boa Viagem, Recife - PE, 50020-280, Brazil",-8.118945499999999,-34.9048274,"establishment,food,grocery_or_supermarket,health,point_of_interest,store",Independente / Sem chain identificado,Mercadinho / Supermercado,TARGET
"RECIFE, PE",,Mercearia Do Morro,mercearia do morro,"R. do Morro da Conceição, 269 - Boa Vista, Recife - PE, 50060-130, Brazil",-8.0200288,-34.9133927,"establishment,point_of_interest",Independente / Sem chain identificado,Mercearia / Empório,TARGET
"RECIFE, PE",,Extra Mercado,extrarcado,"Avenida Caxangá, 2900 - Iputinga, Recife",-8.043536099999997,-34.9328311,"supermarket,convenience_store,bakery,grocery_or_supermarket,store,food,point_of_interest,establishment",Extra,Hipermercado / Supermercado,TARGET
"RECIFE, PE",,Supermercado Melodia,supermercadolodia,"Avenida Caxangá, 1845 - Cordeiro, Recife",-8.0490181,-34.924188,"supermarket,grocery_or_supermarket,store,food,point_of_interest,establishment",Independente / Sem chain identificado,Supermercado,TARGET
"RECIFE, PE",,Recibom Torre,recibom torre,"Rua Conde de Irajá, 632 - Torre, Recife",-8.0461972,-34.9092796,"supermarket,grocery_or_supermarket,store,food,point_of_interest,establishment",Independente / Sem chain identificado,Supermercado,TARGET
"RECIFE, PE",,HNR Engenharia Inspeção Nr 13,hnr engenharia inspecao nr 13,"Rua Rio Tejipió, 268 - Cordeiro, Recife",-8.0516004,-34.9336367,"supermarket,grocery_or_supermarket,general_contractor,store,food,point_of_interest,establishment",Independente / Sem chain identificado,Supermercado,TARGET
"RECIFE, PE",,Supermercado Arco-Mix Caxangá,supermercado arco-mix caxanga,"Avenida Caxangá, 3243 - Iputinga, Recife",-8.043046099999998,-34.9353067,"supermarket,grocery_or_supermarket,store,food,point_of_interest,establishment",Arco-Mix / Arco-Íris,Supermercado,TARGET
"RECIFE, PE",,Frios e lacticínios PRADO.,frios e lacticinios prado.,"Rua Gomes Taborda, 897A - Cordeiro, Recife",-8.0566816,-34.9197513,"supermarket,grocery_or_supermarket,store,food,point_of_interest,establishment",Independente / Sem chain identificado,Supermercado,TARGET
"RECIFE, PE",,Mercadinho Do Povo J.M. Do Nascimento,mercadinho do povo j.m. do nascimento,"Rua Frei Teófilo de Virgoletta, 496 - Zumbi, Recife",-8.0564611,-34.9193031,"supermarket,grocery_or_supermarket,store,food,point_of_interest,establishment",Independente / Sem chain identificado,Mercadinho,TARGET
"RECIFE, PE",,Hiperklima serviços ar-condicionado industrial,hiperklima servicos ar-condicionado industrial,"Rua Abdias de Oliveira, 343 - Zumbi, Recife",-8.0569001,-34.9175595,"supermarket,grocery_or_supermarket,store,food,point_of_interest,establishment",Independente / Sem chain identificado,Supermercado,TARGET
"RECIFE, PE",,Banca João Batista,banca joao batista,"Rua Caratinga, 426 - Zumbi, Recife",-8.0570919,-34.9169668,"supermarket,grocery_or_supermarket,store,food,point_of_interest,establishment",Independente / Sem chain identificado,Supermercado,TARGET
"RECIFE, PE",,MCM Comercio Varejista ( Biroska Supermercado),mcm varejista ( biroska),"Rua Xavier Sobrinho, 238 - Prado, Recife",-8.058506,-34.92090890000001,"supermarket,grocery_or_supermarket,store,food,point_of_interest,establishment",Independente / Sem chain identificado,Supermercado,TARGET
"RECIFE, PE",,Mercadinho do Pedro,mercadinho do pedro,"Rua Armando Soriano, 151 - Prado, Recife",-8.0575947,-34.9211382,"supermarket,grocery_or_supermarket,store,food,point_of_interest,establishment",Independente / Sem chain identificado,Mercadinho,TARGET
"RECIFE, PE",,Comercial Sonho Meu,comercial sonhou,"Rua Gomes Taborda, 1009 - Zumbi, Recife",-8.056484999999999,-34.9207216,"supermarket,bakery,grocery_or_supermarket,store,food,point_of_interest,establishment",Independente / Sem chain identificado,Supermercado,TARGET
"RECIFE, PE",,Lojinha é de Deus,lojinha e de deus,"Rua Caratinga, 390 - Zumbi, Recife",-8.0567163,-34.9168531,"supermarket,grocery_or_supermarket,store,food,point_of_interest,establishment",Independente / Sem chain identificado,Supermercado,TARGET
"RECIFE, PE",,Comércio do Ronaldo,comercio do ronaldo,"Rua Oscár Raposo, 1074 - Prado, Recife",-8.0603315,-34.919038,"supermarket,grocery_or_supermarket,store,food,point_of_interest,establishment",Independente / Sem chain identificado,Supermercado,TARGET
"RECIFE, PE",,Vale Tudo,vale tudo,"Rua Abdias de Oliveira, 150 - Zumbi, Recife",-8.055101799999997,-34.9171638,"supermarket,grocery_or_supermarket,store,food,point_of_interest,establishment",Independente / Sem chain identificado,Supermercado,TARGET
"RECIFE, PE",,Barraca do Elio,barraca do elio,"Rua Quatro de Outubro, 294 - Madalena, Recife",-8.0577225,-34.915352,"supermarket,grocery_or_supermarket,store,food,point_of_interest,establishment",Independente / Sem chain identificado,Supermercado,TARGET
"RECIFE, PE",,J E DA LUZ SUPERMERDADO - ME,j e da luz supermerdado -,"Rua Manicoré, 146 - Madalena, Recife",-8.055611399999998,-34.9159654,"supermarket,grocery_or_supermarket,food,store,point_of_interest,establishment",Independente / Sem chain identificado,Supermercado,TARGET
"RECIFE, PE",,St. John Little Market,st. john little market,"Rua Adelaíde, 35 - Prado, Recife",-8.0560755,-34.9223817,"supermarket,grocery_or_supermarket,food,store,point_of_interest,establishment",Independente / Sem chain identificado,Supermercado,TARGET
"RECIFE, PE",,Oficina e Barraca do Roberto,oficina e barraca do roberto,"Rua Manicoré, 87 - Madalena, Recife",-8.0550704,-34.9156794,"supermarket,grocery_or_supermarket,car_repair,food,store,point_of_interest,establishment",Independente / Sem chain identificado,Supermercado,EXCLUDE
"RECIFE, PE",,Lojinha A Budega Bomboniere,lojinha a budega bomboniere,"Rua Antônio de Sá, 120 - Madalena, Recife",-8.0561441,-34.9149652,"supermarket,grocery_or_supermarket,food,store,point_of_interest,establishment",Independente / Sem chain identificado,Supermercado,TARGET
"RECIFE, PE",,Feito de Planta,feito de planta,Recife,-8.062017499999998,-34.9197579,"supermarket,grocery_or_supermarket,food,store,point_of_interest,establishment",Independente / Sem chain identificado,Supermercado,TARGET
"RECIFE, PE",,Granjaves Ltda - ME,granjaves -,"Rua Honório Correia - Cordeiro, Recife",-8.0534115,-34.9188032,"supermarket,grocery_or_supermarket,food,store,point_of_interest,establishment",Independente / Sem chain identificado,Supermercado,TARGET
"RECIFE, PE",,Armazém Veloso,armazem veloso,Brazil,-8.0623521,-34.9186643,"supermarket,grocery_or_supermarket,food,store,point_of_interest,establishment",Independente / Sem chain identificado,Supermercado,TARGET
"RECIFE, PE",,Empório Taquaritinga,emporio taquaritinga,"Rua Honório Correia, n127 - Cordeiro, Recife",-8.052715399999999,-34.92082609999999,"supermarket,grocery_or_supermarket,food,store,point_of_interest,establishment",Independente / Sem chain identificado,Mercearia / Empório,TARGET
"RECIFE, PE",,Supermercado Leão,supermercado leao,"Rua Honório Correia, 146 - Cordeiro, Recife",-8.052433299999999,-34.9209848,"supermarket,atm,grocery_or_supermarket,finance,food,store,point_of_interest,establishment",Independente / Sem chain identificado,Supermercado,TARGET
"RECIFE, PE",,CASA DO QUEIJO GARANHUNS,casa do queijo garanhuns,"Rua Honório Correia, 14 - Cordeiro, Recife",-8.0524804,-34.92143869999999,"supermarket,grocery_or_supermarket,food,store,point_of_interest,establishment",Independente / Sem chain identificado,Supermercado,TARGET
"RECIFE, PE",,Mercearia Bongi,mercearia bongi,"Rua Acajutiba, 216 - Bongi, Recife",-8.0632888,-34.9216629,"supermarket,grocery_or_supermarket,food,store,point_of_interest,establishment",Independente / Sem chain identificado,Mercearia / Empório,TARGET
"RECIFE, PE",,Mercearia Do Gomes,mercearia do gomes,"Rua Campos Sáles, 187 - Madalena, Recife",-8.0520055,-34.9148567,"supermarket,grocery_or_supermarket,food,store,point_of_interest,establishment",Independente / Sem chain identificado,Mercearia / Empório,TARGET
"RECIFE, PE",,Mercadinho Bom de Preço,mercadinho bom de preco,"Rua Conselheiro Theodoro, 324 - Zumbi, Recife",-8.0508701,-34.915676,"grocery_or_supermarket,supermarket,food,store,point_of_interest,establishment",Independente / Sem chain identificado,Mercadinho,TARGET
"RECIFE, PE",,Kitanda Riacho Navio,kitanda riacho navio,"Rua Campos Sáles, 300 - Madalena, Recife",-8.0512218,-34.9144417,"supermarket,grocery_or_supermarket,food,store,point_of_interest,establishment",Independente / Sem chain identificado,Supermercado,TARGET
"RECIFE, PE",,Mini Mercadinho Marinalva,minircadinho marinalva,"Rua Firmino de Barros, 263 - Cordeiro, Recife",-8.051512299999997,-34.9240891,"supermarket,grocery_or_supermarket,food,store,point_of_interest,establishment",Independente / Sem chain identificado,Mercadinho,TARGET
"RECIFE, PE",,Mercearia do Marcão,mercearia do marcao,"Avenida Professor Estevão F. da Costa, 148 - Torre, Recife",-8.049411100000002,-34.919415,"supermarket,grocery_or_supermarket,food,store,point_of_interest,establishment",Independente / Sem chain identificado,Mercearia / Empório,TARGET
"RECIFE, PE",,Supermercado Rainha do Cardoso,supermercado rainha do cardoso,"Rua Campos Sáles, 442 - Madalena, Recife",-8.050625999999998,-34.913377,"supermarket,grocery_or_supermarket,food,store,point_of_interest,establishment",Independente / Sem chain identificado,Supermercado,TARGET
"RECIFE, PE",,Mercadinho Vem Ver,mercadinho vem ver,"Rua Brasabante, 11 - Cordeiro, Recife",-8.0563021,-34.9283129,"supermarket,grocery_or_supermarket,store,food,point_of_interest,establishment",Independente / Sem chain identificado,Mercadinho,TARGET
"RECIFE, PE",,Supermercado Soberano Caxangá - CORDEIRO,supermercado soberano caxanga - cordeiro,"Avenida Caxangá - Iputinga, Recife",-8.049011799999997,-34.9241958,"supermarket,grocery_or_supermarket,store,food,point_of_interest,establishment",Independente / Sem chain identificado,Supermercado,TARGET
"RECIFE, PE",,Varejão Alves,varejao alves,"Rua Souza Bandeira, 04 - Torre, Recife",-8.046678,-34.91698579999999,"supermarket,grocery_or_supermarket,store,food,point_of_interest,establishment",Independente / Sem chain identificado,Supermercado,TARGET
"RECIFE, PE",,Minuto Pão de Açúcar,minuto pao de acucar,"Rua Menezes Drumond, 170 - Madalena, Recife",-8.050739799999999,-34.9097032,"supermarket,convenience_store,bakery,grocery_or_supermarket,store,food,point_of_interest,establishment",Independente / Sem chain identificado,Supermercado,TARGET
"RECIFE, PE",,Mercadinho do Matuto,mercadinho do matuto,"Rua Antônio de Pádua M Fernandes, 80 - Torre, Recife",-8.0465188,-34.9160029,"supermarket,grocery_or_supermarket,store,food,point_of_interest,establishment",Independente / Sem chain identificado,Mercadinho,TARGET
"RECIFE, PE",,Mercadinho Nossa Senhora da Aparecida Ltda,mercadinho nossa senhora da aparecida,"Rua Souza Bandeira, 09 - Torre, Recife",-8.046200500000001,-34.91684239999999,"supermarket,grocery_or_supermarket,store,food,point_of_interest,establishment",Independente / Sem chain identificado,Mercadinho,TARGET
"RECIFE, PE",,Mercadinho Vila Real,mercadinho vila real,"Rua Souza Bandeira, 13 - Torre, Recife",-8.0457521,-34.916812,"supermarket,grocery_or_supermarket,store,food,point_of_interest,establishment",Independente / Sem chain identificado,Mercadinho,TARGET
"RECIFE, PE",,Mercadinho Do Gordo,mercadinho do gordo,Brazil,-8.0455778,-34.9165251,"supermarket,grocery_or_supermarket,store,food,point_of_interest,establishment",Independente / Sem chain identificado,Mercadinho,TARGET
"RECIFE, PE",,Grocery San Jose,grocery san jose,"Rua São Bento do Norte, 17 - Cordeiro, Recife",-8.045145599999998,-34.9183771,"supermarket,grocery_or_supermarket,store,food,point_of_interest,establishment",Independente / Sem chain identificado,Supermercado,TARGET
"RECIFE, PE",,Mercadinho Dirrua Express,mercadinho dirrua express,"Rua Conde de Irajá, 979 - Torre, Recife",-8.0467392,-34.9124922,"supermarket,grocery_or_supermarket,store,food,point_of_interest,establishment",Independente / Sem chain identificado,Mercadinho,TARGET
"RECIFE, PE",,Posto Petrobras,posto petrobras,"Rua Real da Torre, 430 - Madalena, Recife",-8.0533405,-34.9084627,"gas_station,car_wash,convenience_store,car_repair,store,restaurant,food,point_of_interest,establishment",Petrobras,Posto / Conveniência,TARGET
"RECIFE, PE",,Posto Ipiranga,posto ipiranga,"Avenida Visconde de Albuquerque, 964 - Madalena, Recife",-8.0495717,-34.9063491,"gas_station,car_wash,convenience_store,car_repair,store,restaurant,food,point_of_interest,establishment",Ipiranga,Posto / Conveniência,TARGET
"RECIFE, PE",,Loja de Conveniência Ipiranga,loja de conveniencia ipiranga,"Avenida Visconde de Albuquerque, 964 - Madalena, Recife",-8.0496182,-34.9062868,"convenience_store,store,food,point_of_interest,establishment",Ipiranga,Posto / Conveniência,TARGET
"RECIFE, PE",,Posto Shell Cemopel Graças,posto shell cemopel gracas,"Avenida Rui Barbosa, 879 - Graças, Recife",-8.0453726,-34.9022851,"gas_station,convenience_store,store,food,point_of_interest,establishment",Shell,Posto / Conveniência,TARGET
"RECIFE, PE",,Posto Petrobras,posto petrobras,"Avenida Rui Barbosa, 911 - Graças, Recife",-8.045055999999999,-34.9024011,"gas_station,car_wash,convenience_store,car_repair,store,restaurant,food,point_of_interest,establishment",Petrobras,Posto / Conveniência,TARGET
"RECIFE, PE",,AmPm,ampm,"Avenida Caxangá, 830 - Zumbi, Recife",-8.0528436,-34.9159251,"convenience_store,store,food,point_of_interest,establishment",AmPm (Shell),Conveniência,TARGET
"RECIFE, PE",,Galeria Helena Ventura,galeria helena ventura,"Rua Diogo Álvares, 128 - Torre, Recife",-8.0481696,-34.9160849,"convenience_store,store,food,point_of_interest,establishment",Independente / Sem chain identificado,Conveniência,TARGET
"RECIFE, PE",,Posto Petrocal Cordeiro + GNV,posto petrocal cordeiro + gnv,"Avenida Professor Estevão F. da Costa, 257 - Cordeiro, Recife",-8.0471693,-34.9189995,"gas_station,convenience_store,car_repair,store,food,point_of_interest,establishment",Posto (genérico),Posto / Conveniência,REVIEW
"RECIFE, PE",,ML Convêniencia,ml conveniencia,"Estrada do Forte do Arraial Novo do Bom Jesus, 754 - Cordeiro, Recife",-8.053784199999999,-34.92924550000001,"convenience_store,store,food,point_of_interest,establishment",Independente / Sem chain identificado,Conveniência,TARGET
"RECIFE, PE",,Loja de Conveniência Nova Madalena,loja de conveniencia nova madalena,"Rua Real da Torre, 430 - Madalena, Recife",-8.0533349,-34.9084436,"convenience_store,store,food,point_of_interest,establishment",Independente / Sem chain identificado,Conveniência,TARGET
"RECIFE, PE",,Grandão Sertanejo - Casa de Frios Madalena,grandao sertanejo - casa de frios madalena,"Rua Real da Torre, 521 - Box 15 - Madalena, Recife",-8.052063399999998,-34.9086408,"convenience_store,store,food,point_of_interest,establishment",Independente / Sem chain identificado,Conveniência,TARGET
"RECIFE, PE",,Posto Torre,posto torre,"Rua Real da Torre, 954 - Madalena, Recife",-8.0486756,-34.9086194,"gas_station,convenience_store,store,food,point_of_interest,establishment",Posto (genérico),Posto / Conveniência,REVIEW
"RECIFE, PE",,Jp mercearia,jprcearia,"Rua Vinte e Sete de Janeiro, 190 - Torrões, Recife",-8.0575314,-34.933637,"convenience_store,storage,store,restaurant,food,point_of_interest,establishment",Independente / Sem chain identificado,Mercearia / Empório,TARGET
"RECIFE, PE",,ampm,ampm,"Avenida Visconde de Albuquerque, 964 - Madalena, Recife",-8.049544299999999,-34.90622419999999,"convenience_store,store,food,point_of_interest,establishment",AmPm (Shell),Conveniência,TARGET
"RECIFE, PE",,Neuza Bebidas e Sorvetes,neuza bebidas e sorvetes,"Rua Júlio Antunes Campêlo - Torrões, Recife",-8.057625399999997,-34.93449269999999,"convenience_store,store,food,point_of_interest,establishment",Independente / Sem chain identificado,Conveniência,TARGET
"RECIFE, PE",,we bebidas,we bebidas,"Avenida Inácio Monteiro, 760 - Cordeiro, Recife",-8.051595599999999,-34.9333957,"convenience_store,store,food,point_of_interest,establishment",Independente / Sem chain identificado,Conveniência,TARGET
"RECIFE, PE",,Ventinha Acessórios,ventinha acessorios,"Avenida Inácio Monteiro - Torrões, Recife",-8.0490081,-34.93199129999999,"convenience_store,store,food,point_of_interest,establishment",Independente / Sem chain identificado,Conveniência,TARGET
"RECIFE, PE",,Minuto Pão de Açúcar,minuto pao de acucar,"Rua José Bonifácio, 435 - Torre, Recife",-8.0473661,-34.9068218,"supermarket,convenience_store,bakery,grocery_or_supermarket,store,food,point_of_interest,establishment",Independente / Sem chain identificado,Supermercado,TARGET
"RECIFE, PE",,Shell Select,shell select,"Rua Professor Trajano de Mendonça, 440 - Torre, Recife",-8.044192899999999,-34.90960749999999,"convenience_store,store,food,point_of_interest,establishment",Select (Petrobras),Conveniência,TARGET
"RECIFE, PE",,Posto Petrocal Torre,posto petrocal torre,"Rua Professor Trajano de Mendonça, 440 - Torre, Recife",-8.0441454,-34.9096079,"gas_station,convenience_store,store,food,point_of_interest,establishment",Posto (genérico),Posto / Conveniência,REVIEW
"RECIFE, PE",,Real select,real select,"Rua Professor Trajano de Mendonça, 1180 - Torre, Recife",-8.0438435,-34.9090278,"convenience_store,store,food,point_of_interest,establishment",Select (Petrobras),Conveniência,TARGET
"RECIFE, PE",,Deposito fg89,deposito fg89,"Rua Doutor Miguel Viêira Ferreira, 220 - Cordeiro, Recife",-8.0516066,-34.93657270000001,"convenience_store,store,food,point_of_interest,establishment",Independente / Sem chain identificado,Conveniência,TARGET
"RECIFE, PE",,Empório dos frios do Felipão,emporio dos frios do felipao,"Avenida Maurício de Nassau, 61 - Iputinga, Recife",-8.0408569,-34.9269952,"convenience_store,store,food,point_of_interest,establishment",Independente / Sem chain identificado,Mercearia / Empório,TARGET
"RECIFE, PE",,Mega Shop,mega shop,"Avenida Caxangá, 2864 - Iputinga, Recife",-8.044084699999999,-34.9321648,"convenience_store,store,food,point_of_interest,establishment",Independente / Sem chain identificado,Conveniência,TARGET
"RECIFE, PE",,Luiz Bebidas,luiz bebidas,"Rua:zumbi dos palmares, 40 - Torrões, Recife",-8.0532667,-34.9380307,"convenience_store,store,food,point_of_interest,establishment",Independente / Sem chain identificado,Conveniência,TARGET
"RECIFE, PE",,Mita conveniência,mita conveniencia,"Rua Zumbí dos Palmares, 905 - Torrões, Recife",-8.058616499999998,-34.9390891,"convenience_store,store,food,point_of_interest,establishment",Independente / Sem chain identificado,Conveniência,TARGET
"RECIFE, PE",,Galeria Carrefour Recife,galeria carrefour recife,"Rua José Bonifácio, 1315 - Torre, Recife",-8.0404375,-34.9086875,"convenience_store,store,food,point_of_interest,establishment",Carrefour,Hipermercado / Supermercado,TARGET
"RECIFE, PE",,College St. Helena,college st. helena,"Avenida Caxangá, 990 - Madalena, Recife",-8.052358699999997,-34.91706,"university,point_of_interest,establishment",Independente / Sem chain identificado,Escola,EXCLUDE
"RECIFE, PE",,Federal Savings Bank,federal savings bank,"Avenida Caxangá, NUM 1135 - Cordeiro, Recife",-8.0524098,-34.9186341,"bank,atm,finance,point_of_interest,establishment",Independente / Sem chain identificado,Banco,EXCLUDE
"RECIFE, PE",,Localiza Seminovos,localiza seminovos,"Avenida Caxangá, 1077 - Madalena, Recife",-8.052600199999999,-34.9181834,"car_dealer,store,point_of_interest,establishment",Independente / Sem chain identificado,Automotivo,EXCLUDE
"RECIFE, PE",,Igreja Adventista do Sétimo Dia - Cordeiro,igreja adventista do setimo dia - cordeiro,"Rua Yony Sampaio, 80 - Zumbi, Recife",-8.0551465,-34.9194167,"church,place_of_worship,point_of_interest,establishment",Independente / Sem chain identificado,Igreja,EXCLUDE
"RECIFE, PE",,Henrique Brandão Tatuagem Tradicional,henrique brandao tatuagem tradicional,"Empresarial Caxangá Trade Center - Avenida Caxangá, 205 - Sala 206 - Madalena, Recife",-8.0563473,-34.91116139999999,"store,point_of_interest,establishment",Independente / Sem chain identificado,Outros,REVIEW
"RECIFE, PE",,Comitê Paulo Rubem Federal 1212,comite paulo rubem federal 1212,"Avenida Engenheiro Abdias de Carvalho - Madalena, Recife",-8.061900399999999,-34.9197294,"point_of_interest,establishment",Independente / Sem chain identificado,Outros,REVIEW
"RECIFE, PE",,Regional Council of Physical Education,regional council of physical education,"Rua Carlos de Oliveira Filho, 135 - Prado, Recife",-8.0618908,-34.9151596,"point_of_interest,establishment",Independente / Sem chain identificado,Outros,REVIEW
"RECIFE, PE",,Afogados,afogados,Afogados,-8.077032599999999,-34.9091753,"sublocality_level_1,sublocality,political",Independente / Sem chain identificado,Outros,REVIEW
"RECIFE, PE",,Fernandinho and Cia Studies Center,fernandinho and cia studies center,"Rua Benfica, 480 - Madalena, Recife",-8.0581133,-34.90263230000001,"school,point_of_interest,establishment",Independente / Sem chain identificado,Escola,EXCLUDE
"RECIFE, PE",,Sushi Itiban,sushi itiban,"Rua Doutor João Coimbra, 59 - Madalena, Recife",-8.0521237,-34.9093048,"restaurant,food,point_of_interest,establishment",Independente / Sem chain identificado,Restaurante,EXCLUDE
"RECIFE, PE",,Hospital De Ávila,hospital de avila,"Avenida Visconde de Albuquerque, 681 - Madalena, Recife",-8.0522372,-34.9069105,"hospital,doctor,health,point_of_interest,establishment",Independente / Sem chain identificado,Hospital,EXCLUDE
"RECIFE, PE",,Residence Inácio Monteiro,residence inacio monteiro,"Avenida Inácio Monteiro, 1785 - APT 402 - Cordeiro, Recife",-8.0529311,-34.9337333,"lodging,point_of_interest,establishment",Independente / Sem chain identificado,Hotel,EXCLUDE
"RECIFE, PE",,Blue Angel Recepções,blue angel recepcoes,"Rua Benfica, 251 - Madalena, Recife",-8.0598564,-34.9020805,"point_of_interest,establishment",Independente / Sem chain identificado,Outros,REVIEW
"RECIFE, PE",,"Minha Casa, Seu Hostel - quarto e banheiro privados","minha casa, seu hostel - quarto e banheiro privados","Avenida Visconde de Albuquerque, 236 - bloco A - Madalena, Recife",-8.056123399999999,-34.90676639999999,"lodging,point_of_interest,establishment",Independente / Sem chain identificado,Hotel,EXCLUDE
"RECIFE, PE",,Portal do Derby Restaurante,portal do derby restaurante,"Rua Clemente Pereira, s/n - Derby, Recife",-8.0545112,-34.901347,"restaurant,food,point_of_interest,establishment",Independente / Sem chain identificado,Restaurante,EXCLUDE
"RECIFE, PE",,Hospital Jayme da Fonte,hospital jayme da fonte,"Rua das Pernambucanas, 107 - Graças, Recife",-8.0514539,-34.9001487,"hospital,health,point_of_interest,establishment",Independente / Sem chain identificado,Hospital,EXCLUDE
"RECIFE, PE",,As Gêmeas,as gemeas,"Rua Joaquim Nabuco, 409 - Loja 13 - Graças, Recife",-8.052738399999999,-34.8998901,"clothing_store,store,point_of_interest,establishment",Independente / Sem chain identificado,Loja de Roupa,EXCLUDE
"RECIFE, PE",,Clube Internacional do Recife,clube internacional do recife,"Rua Benfica, 505 - Madalena, Recife",-8.058619199999997,-34.9040287,"point_of_interest,establishment",Independente / Sem chain identificado,Outros,REVIEW
"RECIFE, PE",,Centro Educacional Nossa Senhora Auxiliadora,centro educacional nossa senhora auxiliadora,"Rua Catumé, 108 - Bongi, Recife",-8.0625429,-34.9222338,"school,point_of_interest,establishment",Independente / Sem chain identificado,Escola,EXCLUDE
"RECIFE, PE",,Hipermar Refrigeração,hipermar refrigeracao,"Rua Abdias de Oliveira, 343 - Zumbi, Recife",-8.0569001,-34.9175595,"point_of_interest,general_contractor,establishment",Independente / Sem chain identificado,Construtora,EXCLUDE
"RECIFE, PE",,VA Assessoria & Cerimonial By Vanessa Amorim,va assessoria & cerimonial by vanessa amorim,"Rua Carlos de Oliveira Filho, 196 - Prado, Recife",-8.061248899999999,-34.91543699999999,"point_of_interest,establishment",Independente / Sem chain identificado,Outros,REVIEW
"RECIFE, PE",,Filimax - Balanças e Automação,filimax - balancas e automacao,"Avenida Engenheiro Abdias de Carvalho, 2043 - Madalena, Recife",-8.062248199999999,-34.9195197,"point_of_interest,establishment",Independente / Sem chain identificado,Outros,REVIEW
"RECIFE, PE",,Copef,copef,"Rua Fidélis Moliterno, 440 - Zumbi, Recife",-8.0563989,-34.9186365,"point_of_interest,establishment",Independente / Sem chain identificado,Outros,REVIEW
"RECIFE, PE",,Recuperadora Pernambucana de Tambores,recuperadora pernambucana de tambores,"Avenida Engenheiro Abdias de Carvalho, 1675 - Prado, Recife",-8.0617705,-34.9211389,"point_of_interest,establishment",Independente / Sem chain identificado,Outros,REVIEW
"RECIFE, PE",,"ECOL-Empresa Consultoria Ltda, Controle tecnológico de Concreto, Solos e Sondagem SPT","ecol-empresa consultoria, controle tecnologico de concreto, solos e sondagem spt","Rua Carlos Gomes, 299 - Madalena, Recife",-8.058762399999999,-34.91142889999999,"point_of_interest,general_contractor,establishment",Independente / Sem chain identificado,Construtora,EXCLUDE
"RECIFE, PE",,Ferreiras Administração de Bens e Condomínios,ferreiras administracao de bens e condominios,"Rua Doutor José Machado, 218a - Prado, Recife",-8.061030299999999,-34.92004549999999,"real_estate_agency,point_of_interest,establishment",Independente / Sem chain identificado,Outros,REVIEW
"RECIFE, PE",,Exaustec ltda,exaustec,"Avenida Jockei Clube, 57 - Prado, Recife",-8.0577683,-34.9243187,"point_of_interest,establishment",Independente / Sem chain identificado,Outros,REVIEW
"RECIFE, PE",,Autotecnica - Centro Automotivo,autotecnica - centro automotivo,"Avenida Engenheiro Abdias de Carvalho, 1420 - Prado, Recife",-8.0623538,-34.91917509999999,"car_repair,point_of_interest,establishment",Independente / Sem chain identificado,Automotivo,EXCLUDE
"RECIFE, PE",,J B Lucena,j b lucena,"Rua Fidélis Moliterno - Zumbi, Recife",-8.0568136,-34.91853179999999,"point_of_interest,establishment",Independente / Sem chain identificado,Outros,REVIEW
"RECIFE, PE",,Conduza Bem,conduza bem,"Avenida Caxangá, 1251 - Cordeiro, Recife",-8.0515892,-34.919454,"point_of_interest,establishment",Independente / Sem chain identificado,Outros,REVIEW
"RECIFE, PE",,Depósito Geral de Suprimentos Hospitalares,deposito geral de suprimentos hospitalares,"Rua Secundino Carneiro, 46 - Prado, Recife",-8.056077799999999,-34.9233933,"health,point_of_interest,establishment",Independente / Sem chain identificado,Clínica / Saúde,REVIEW
"RECIFE, PE",,Tintel Veículos,tintel veiculos,"Avenida Caxangá, 670 - Loja 01 - Madalena, Recife",-8.0535731,-34.9148667,"car_dealer,store,point_of_interest,establishment",Independente / Sem chain identificado,Automotivo,EXCLUDE
"RECIFE, PE",,Dipano Calçados,dipano calcados,"Rua Austro Costa, 143 - Prado, Recife",-8.058024900000001,-34.9188356,"point_of_interest,establishment",Independente / Sem chain identificado,Outros,REVIEW
"RECIFE, PE",,Comercial Cumaru,comercial cumaru,"Rua Gomes Taborda, 767 - Prado, Recife",-8.0570927,-34.9185504,"home_goods_store,store,point_of_interest,establishment",Independente / Sem chain identificado,Casa & Decoração,EXCLUDE
"RECIFE, PE",,Assembléia de Deus,assembleia de deus,"Próximo ao número 321, Rua Abdias de Oliveira, S/N - Zumbi, Recife",-8.057000799999999,-34.9187415,"church,place_of_worship,point_of_interest,establishment",Independente / Sem chain identificado,Igreja,EXCLUDE
"RECIFE, PE",,Atlanticos Consultoria e Assessoria,atlanticos consultoria e assessoria,"Rua Fidélis Moliterno, 2 - Zumbi, Recife",-8.0529771,-34.917055,"accounting,finance,point_of_interest,establishment",Independente / Sem chain identificado,Outros,REVIEW
"RECIFE, PE",,Á-gás (supergásbras),a-gas (supergasbras),"Rua Gomes Taborda, 715 - Cordeiro, Recife",-8.057241399999999,-34.9180674,"point_of_interest,establishment",Independente / Sem chain identificado,Outros,REVIEW
"RECIFE, PE",,Max Pan Salgados,max pan salgados,"Rua Chaves Martins, 156 - Prado, Recife",-8.0579611,-34.9200556,"bakery,food,store,point_of_interest,establishment",Independente / Sem chain identificado,Padaria,REVIEW
"RECIFE, PE",,Atacado dos Presentes Torre,atacado dos presentes torre,"Rua José Bonifácio, 961 - Torre, Recife",-8.0430849,-34.90820709999999,"store,point_of_interest,establishment",Independente / Sem chain identificado,Atacarejo,TARGET
"RECIFE, PE",,Drugstore Four Corners,drugstore four corners,"on-line - R. Joaquim Nabuco, 344, whatsapp, 81 - 99922.1143 - Graças, Recife",-8.0522786,-34.89933329999999,"pharmacy,store,point_of_interest,health,establishment",Independente / Sem chain identificado,Farmácia,TARGET
"RECIFE, PE",,Alto Astral,alto astral,"Loja 09 - Derby Center 2, Rua Joaquim Nabuco, 330 - Graças, Recife",-8.052187,-34.8991609,"clothing_store,store,point_of_interest,establishment",Independente / Sem chain identificado,Loja de Roupa,EXCLUDE
"RECIFE, PE",,JR Agropecuária - Pragas e Jardinagem - Loja Autorizada STIHL,jr agropecuaria - pragas e jardinagem - loja autorizada stihl,"Avenida Caxangá, 1872 - Madalena, Recife",-8.048517600000002,-34.9241608,"store,point_of_interest,establishment",Independente / Sem chain identificado,Outros,REVIEW
"RECIFE, PE",,Expresso Informática,expresso informatica,"Rua Bartolomeu de Gusmão, 42 - Madalena, Recife",-8.0539094,-34.9059064,"electronics_store,store,point_of_interest,establishment",Independente / Sem chain identificado,Eletrônica,EXCLUDE
"RECIFE, PE",,"Disnove Volkswagen Iputinga: Carros Novos, Seminovos, Concessionária, Recife PE","disnove volkswagen iputinga: carros novos, seminovos, concessionaria, recife pe","Avenida Caxangá, 3217 - Iputinga, Recife",-8.0430025,-34.9349396,"car_dealer,store,point_of_interest,establishment",Independente / Sem chain identificado,Automotivo,EXCLUDE
"RECIFE, PE",,Casa dos Frios,casa dos frios,"Avenida Rui Barbosa, 412 - Graças, Recife",-8.048316699999999,-34.8989926,"liquor_store,store,point_of_interest,food,establishment",Independente / Sem chain identificado,Outros,REVIEW
"RECIFE, PE",,Multlider Pisos e Revestimentos,multlider pisos e revestimentos,"Rua Benfica, 1108 - Madalena, Recife",-8.0573778,-34.9085613,"home_goods_store,store,point_of_interest,establishment",Independente / Sem chain identificado,Casa & Decoração,EXCLUDE
"RECIFE, PE",,Bakery Pastry Iraja,bakery pastry iraja,"Rua Pio IX, 811 - Torre, Recife",-8.0465649,-34.9108451,"bakery,store,restaurant,point_of_interest,food,establishment",Independente / Sem chain identificado,Padaria,REVIEW
"RECIFE, PE",,Selva Automóveis,selva automoveis,"Rua José Osório, 116 - Madalena, Recife",-8.0539215,-34.91274269999999,"car_dealer,store,point_of_interest,establishment",Independente / Sem chain identificado,Automotivo,EXCLUDE
"RECIFE, PE",,Concape Eventos,concape eventos,"Rua Carlos Gomes, 126 - Madalena, Recife",-8.057468,-34.9104363,"electronics_store,home_goods_store,store,point_of_interest,establishment",Independente / Sem chain identificado,Eletrônica,EXCLUDE
"RECIFE, PE",,Sotelas Caxangá,sotelas caxanga,"Avenida Caxangá, 1777 - Cordeiro, Recife",-8.0492844,-34.92359219999999,"store,point_of_interest,establishment",Independente / Sem chain identificado,Outros,REVIEW
"RECIFE, PE",,Forturia - All For Sublimation,forturia - all for sublimation,"Avenida Engenheiro Abdias de Carvalho, 362 - Madalena, Recife",-8.0616226,-34.9080096,"electronics_store,store,point_of_interest,establishment",Independente / Sem chain identificado,Eletrônica,EXCLUDE
"RECIFE, PE",,JM Corretora de veiculos Recife,jm corretora de veiculos recife,"Rua José Osório, 587 - Madalena, Recife",-8.0538149,-34.90979120000001,"store,point_of_interest,establishment",Independente / Sem chain identificado,Outros,REVIEW
"RECIFE, PE",,Baskets Workshop,baskets workshop,"Rua Doutor Vicente Ferreira, 196 - Torre, Recife",-8.0434208,-34.9110319,"florist,store,point_of_interest,establishment",Independente / Sem chain identificado,Outros,REVIEW
"RECIFE, PE",,Divisão Industrial e Marítimo,divisao industrial e maritimo,"Rua Doutor Napoleão Laureano, 288 - Madalena, Recife",-8.0588982,-34.9082796,"car_repair,store,point_of_interest,establishment",Independente / Sem chain identificado,Automotivo,EXCLUDE
"RECIFE, PE",,M e F Confecções e Estamparia,m e f confeccoes e estamparia,"Avenida Caxangá, 481 - Madalena, Recife",-8.0550596,-34.9133495,"clothing_store,store,point_of_interest,establishment",Independente / Sem chain identificado,Loja de Roupa,EXCLUDE
"RECIFE, PE",,Digittus,digittus,"Rua Teotônio Freire, 565 - Cordeiro, Recife",-8.0479352,-34.9229977,"store,point_of_interest,establishment",Independente / Sem chain identificado,Outros,REVIEW
"RECIFE, PE",,Bread Republic,bread republic,"Avenida Caxangá, 2342 - Cordeiro, Recife",-8.046502899999998,-34.92789639999999,"bakery,store,restaurant,point_of_interest,food,establishment",Independente / Sem chain identificado,Padaria,REVIEW
"RECIFE, PE",,Stampart,stampart,"Rua Áureo Xavier, 522 A - Cordeiro, Recife",-8.0482783,-34.9300798,"clothing_store,store,point_of_interest,establishment",Independente / Sem chain identificado,Loja de Roupa,EXCLUDE
"RECIFE, PE",,Rei da Película - Autorizado 3M Recife,rei da pelicula - autorizado 3m recife,"Rua Conselheiro Theodoro, 483B - Zumbi, Recife",-8.051879999999999,-34.91591400000001,"store,point_of_interest,establishment",Independente / Sem chain identificado,Outros,REVIEW
"RECIFE, PE",,Visual Projeta,visual projeta,"Rua Manoel Bernardes, 111 - Madalena, Recife",-8.0495289,-34.9098265,"store,point_of_interest,establishment",Independente / Sem chain identificado,Outros,REVIEW
"RECIFE, PE",,Fyllos Cosméticos,fyllos cosmeticos,"Rua Hermógenes de Morais, 163 - Madalena, Recife",-8.056503,-34.9082964,"store,point_of_interest,establishment",Independente / Sem chain identificado,Outros,REVIEW
"RECIFE, PE",,Equipamentos Hospitalares Recife/ KESA Comércio e Serviços Técnicos LTDA,equipamentos hospitalares recife/ kesa e servicos tecnicos,"Rua José Higino, 145 - Madalena, Recife",-8.052337099999999,-34.9100318,"health,store,point_of_interest,establishment",Independente / Sem chain identificado,Clínica / Saúde,REVIEW
"RECIFE, PE",,Ipanema Veículos,ipanema veiculos,"Rua José Osório, 919 - Madalena, Recife",-8.0542688,-34.9128669,"car_dealer,store,point_of_interest,establishment",Independente / Sem chain identificado,Automotivo,EXCLUDE
"RECIFE, PE",,Belle Bijoux,belle bijoux,"Avenida Caxangá, 1308 - Madalena, Recife",-8.050913499999998,-34.91968130000001,"store,point_of_interest,establishment",Independente / Sem chain identificado,Outros,REVIEW
"RECIFE, PE",,"Suprirsaid - Descartáveis, Limpeza e Embalagens","suprirsaid - descartaveis, limpeza e embalagens","Rua Engenheiro Brandão Cavalcante, 290 - Prado, Recife",-8.0629584,-34.9146696,"store,point_of_interest,establishment",Independente / Sem chain identificado,Outros,REVIEW
"RECIFE, PE",,Êxito Roupas Profissionais,exito roupas profissionais,"Rua Zenóbio Lins, 40 - Cordeiro, Recife",-8.0480738,-34.9236318,"clothing_store,store,point_of_interest,establishment",Independente / Sem chain identificado,Loja de Roupa,EXCLUDE
"RECIFE, PE",,Ortodental pe,ortodental pe,"Estrada dos Remédios, 2123 - Madalena, Recife",-8.0611631,-34.9077,"health,store,point_of_interest,establishment",Independente / Sem chain identificado,Clínica / Saúde,REVIEW
"RECIFE, PE",,Mídia Impressa Gráfica e Convites Personalizados,midia impressa grafica e convites personalizados,"Rua Hércules Florence, 43 - Prado, Recife",-8.063404199999999,-34.9140012,"store,point_of_interest,establishment",Independente / Sem chain identificado,Outros,REVIEW
"RECIFE, PE",,Studio Galvão,studio galvao,"Rua Padre Leonardo Greco, 44 - Cordeiro, Recife",-8.0554951,-34.9196135,"store,point_of_interest,establishment",Independente / Sem chain identificado,Outros,REVIEW
"RECIFE, PE",,Supermercado Soberano Espinheiro,supermercado soberano espinheiro,"Rua Barão de Itamaracá, 55 - Espinheiro, Recife",-8.0425469,-34.8940705,"supermarket,grocery_or_supermarket,store,food,point_of_interest,establishment",Independente / Sem chain identificado,Supermercado,TARGET
"RECIFE, PE",,Bom De Preço,bom de preco,"Rua Frei Cassimiro, 669 - Santo Amaro, Recife",-8.0449094,-34.8829726,"supermarket,grocery_or_supermarket,store,food,point_of_interest,establishment",Independente / Sem chain identificado,Supermercado,TARGET
"RECIFE, PE",,Mercearia Do Zé,mercearia do ze,"Rua dos Abacateiros - Madalena, Recife",-8.0493526,-34.9055379,"supermarket,grocery_or_supermarket,store,food,point_of_interest,establishment",Independente / Sem chain identificado,Mercearia / Empório,TARGET
"RECIFE, PE",,Supermercado da Limpeza,supermercado da limpeza,"Rua Real da Torre, 762 - Madalena, Recife",-8.050228499999998,-34.9081013,"supermarket,grocery_or_supermarket,store,food,point_of_interest,establishment",Independente / Sem chain identificado,Supermercado,TARGET
"RECIFE, PE",,Sabores do Sertão Beira Rio,sabores do sertao beira rio,"Avenida Beira Rio - Graças, Recife",-8.0476054,-34.9041153,"supermarket,grocery_or_supermarket,store,food,point_of_interest,establishment",Independente / Sem chain identificado,Supermercado,TARGET
"RECIFE, PE",,Quitanda Do Domingos,quitanda do domingos,Brazil,-8.0562479,-34.889368,"supermarket,grocery_or_supermarket,store,food,point_of_interest,establishment",Independente / Sem chain identificado,Supermercado,TARGET
"RECIFE, PE",,Sabores do Sertão,sabores do sertao,"Rua Senador Alberto Paiva, 10017 - Graças, Recife",-8.0437447,-34.9012594,"supermarket,grocery_or_supermarket,store,food,point_of_interest,establishment",Independente / Sem chain identificado,Supermercado,TARGET
"RECIFE, PE",,Extraverde,extraverde,"Rua Barão de Itamaracá, 322 - Espinheiro, Recife",-8.0443065,-34.8924292,"grocery_or_supermarket,supermarket,food,store,point_of_interest,establishment",Independente / Sem chain identificado,Mercadinho / Supermercado,TARGET
"RECIFE, PE",,Hortifruti Torre,hortifruti torre,"Rua Conde de Irajá, 979 - Torre, Recife",-8.046733399999999,-34.9124979,"supermarket,grocery_or_supermarket,food,store,point_of_interest,establishment",Independente / Sem chain identificado,Supermercado,TARGET
"RECIFE, PE",,Saúde e Vida,saude e vida,"Rua Arnóbio Marques, 253 - Santo Amaro, Recife",-8.047410500000002,-34.8884072,"supermarket,grocery_or_supermarket,food,store,point_of_interest,establishment",Independente / Sem chain identificado,Supermercado,TARGET
"RECIFE, PE",,Torre Massas,torre massas,"Rua Real da Torre, 1531 - Torre, Recife",-8.0437472,-34.9105767,"supermarket,bakery,liquor_store,meal_takeaway,grocery_or_supermarket,restaurant,food,store,point_of_interest,establishment",Independente / Sem chain identificado,Supermercado,TARGET
"RECIFE, PE",,AmPm,ampm,"Rua Santo Elías, 223 - Espinheiro, Recife",-8.0440197,-34.8940034,"convenience_store,store,food,point_of_interest,establishment",AmPm (Shell),Conveniência,TARGET
"RECIFE, PE",,Posto América – Soledade,posto america  soledade,"Rua João Fernandes Viêira, 386 - Soledade, Recife",-8.0532234,-34.891869,"convenience_store,store,point_of_interest,food,establishment",Posto (genérico),Posto / Conveniência,TARGET
"RECIFE, PE",,Shell Select,shell select,"Rua João Fernandes Viêira, 386 - Soledade, Recife",-8.0532234,-34.891869,"convenience_store,store,point_of_interest,food,establishment",Select (Petrobras),Conveniência,TARGET
"RECIFE, PE",,Posto Shell,posto shell,"Rua João Fernandes Viêira, 386 - Soledade, Recife",-8.0529438,-34.8919446,"gas_station,convenience_store,store,point_of_interest,food,establishment",Shell,Posto / Conveniência,TARGET
"RECIFE, PE",,Posto Petrobras,posto petrobras,"Avenida Montevidéu, 336 - Boa Vista, Recife",-8.0490243,-34.8925029,"gas_station,convenience_store,car_wash,car_repair,store,restaurant,point_of_interest,food,establishment",Petrobras,Posto / Conveniência,TARGET
"RECIFE, PE",,Conveniência,conveniencia,Brazil,-8.0491232,-34.892338,"convenience_store,store,point_of_interest,food,establishment",Independente / Sem chain identificado,Conveniência,TARGET
"RECIFE, PE",,Shell Select,shell select,"Avenida Rui Barbosa, 879 - Graças, Recife",-8.0453347,-34.9023598,"convenience_store,store,point_of_interest,food,establishment",Select (Petrobras),Conveniência,TARGET
"RECIFE, PE",,Snack Conveniência,snack conveniencia,"Avenida Rui Barbosa, 911 - Graças, Recife",-8.0450504,-34.9023238,"convenience_store,store,point_of_interest,food,establishment",Independente / Sem chain identificado,Conveniência,TARGET
"RECIFE, PE",,Portelaria 24 Horas,portelaria 24 horas,"Rua Conselheiro Portela, 210 - Espinheiro, Recife",-8.043118399999997,-34.895466,"convenience_store,store,food,point_of_interest,establishment",Independente / Sem chain identificado,Conveniência,TARGET
"RECIFE, PE",,Posto Petrobras,posto petrobras,"Rua do Futuro, 436 - Graças, Recife",-8.040811199999998,-34.89990480000001,"gas_station,car_wash,convenience_store,car_repair,store,restaurant,food,point_of_interest,establishment",Petrobras,Posto / Conveniência,TARGET
"RECIFE, PE",,PassiraBeer,passirabeer,"Avenida João de Barros, 1179 - Espinheiro, Recife",-8.0443096,-34.8902747,"convenience_store,liquor_store,store,food,point_of_interest,establishment",Independente / Sem chain identificado,Conveniência,TARGET
"RECIFE, PE",,Posto Petrobras,posto petrobras,"Avenida João de Barros, 1179 - Espinheiro, Recife",-8.0443055,-34.890266,"gas_station,car_wash,convenience_store,car_repair,store,restaurant,food,point_of_interest,establishment",Petrobras,Posto / Conveniência,TARGET
"RECIFE, PE",,STOP'S CONVENIENCIA,stop's conveniencia,Brazil,-8.0442705,-34.8902879,"convenience_store,store,food,point_of_interest,establishment",Independente / Sem chain identificado,Conveniência,TARGET
"RECIFE, PE",,echope Recife - Espinheiro,echope recife - espinheiro,"Rua Quarenta e Oito, 334 - Espinheiro, Recife",-8.0425154,-34.8920935,"convenience_store,store,food,point_of_interest,establishment",Independente / Sem chain identificado,Conveniência,TARGET
"RECIFE, PE",,Hotel das Fronteiras,hotel das fronteiras,"Rua Henrique Dias, 255 - Boa Vista, Recife",-8.0588654,-34.896877,"lodging,point_of_interest,establishment",Independente / Sem chain identificado,Hotel,EXCLUDE
"RECIFE, PE",,Escola Governador Barbosa Lima,escola governador barbosa lima,"Rua Joaquim Nabuco, s/n, Recife",-8.0526965,-34.896655,"school,point_of_interest,establishment",Independente / Sem chain identificado,Escola,EXCLUDE
"RECIFE, PE",,Otorrino Fronteiras,otorrino fronteiras,"Rua das Fronteiras, 127 - 5º andar - Boa Vista, Recife",-8.059865799999999,-34.89686949999999,"point_of_interest,doctor,health,establishment",Independente / Sem chain identificado,Outros,REVIEW
"RECIFE, PE",,Regional Electoral Court of Pernambuco,regional electoral court of pernambuco,"Avenida Governador Agamenon Magalhães, 1160 - Derby, Recife",-8.0517875,-34.8962087,"courthouse,point_of_interest,establishment",Independente / Sem chain identificado,Outros,REVIEW
"RECIFE, PE",,GOT - GRUPO DE ORTOPEDIA E TRAUMATOLOGIA,got - grupo de ortopedia e traumatologia,"Rua das Fronteiras, 51 - Boa Vista, Recife",-8.059204,-34.896638,"point_of_interest,doctor,health,establishment",Independente / Sem chain identificado,Outros,REVIEW
"RECIFE, PE",,Hospital Santa Joana Recife,hospital santa joana recife,"Rua Joaquim Nabuco, 200 - Graças, Recife",-8.0527785,-34.8975177,"hospital,point_of_interest,health,establishment",Independente / Sem chain identificado,Hospital,EXCLUDE
"RECIFE, PE",,Colégio da Polícia Militar de Pernambuco,colegio da policia militar de pernambuco,"Rua Henrique Dias, 609 - Derby, Recife",-8.0599546,-34.8996992,"school,point_of_interest,establishment",Independente / Sem chain identificado,Escola,EXCLUDE
"RECIFE, PE",,Clinical Lucilo Maranhão Diagnostic Imaging,clinical lucilo maranhao diagnostic imaging,"Avenida Governador Carlos de Lima Cavalcanti, 155 - Boa Vista, Recife",-8.056553700000002,-34.89689670000001,"health,point_of_interest,establishment",Independente / Sem chain identificado,Clínica / Saúde,REVIEW
"RECIFE, PE",,Graphic & National Copier,graphic & national copier,"Avenida Conde da Boa Vista, 1463 - Soledade, Recife",-8.056470899999999,-34.8936533,"point_of_interest,establishment",Independente / Sem chain identificado,Outros,REVIEW
"RECIFE, PE",,Cinema da Fundação Joaquim Nabuco (FUNDAJ) - Derby,cinema da fundacao joaquim nabuco (fundaj) - derby,"Rua Henrique Dias, 609 - Derby, Recife",-8.059312199999999,-34.8999753,"movie_theater,point_of_interest,establishment",Independente / Sem chain identificado,Outros,REVIEW
"RECIFE, PE",,R.PAISSANDU-URECIFE .,r.paissandu-urecife .,"Rua do Paissandú, 601 - Paissandu, Recife",-8.062386499999999,-34.89868959999999,"bank,atm,finance,point_of_interest,establishment",Independente / Sem chain identificado,Banco,EXCLUDE
"RECIFE, PE",,Clínica Pedro Carneiro Alergologista e Pediatra,clinica pedro carneiro alergologista e pediatra,"Rua Jornalista Paulo Bitencourt, 61 - Derby, Recife",-8.054428099999999,-34.8986384,"hospital,health,point_of_interest,establishment",Independente / Sem chain identificado,Hospital,EXCLUDE
"RECIFE, PE",,Dr. JOSÉ CARDOSO DE HOLANDA,dr. jose cardoso de holanda,"Rua da Baixa Verde, 431 - Derby, Recife",-8.0553783,-34.89975560000001,"dentist,health,point_of_interest,establishment",Independente / Sem chain identificado,Outros,REVIEW
"RECIFE, PE",,ABRE - Recife,abre - recife,"Rua Osvaldo Cruz, 280 - Boa Vista, Recife",-8.0565231,-34.8924744,"point_of_interest,establishment",Independente / Sem chain identificado,Outros,REVIEW
"RECIFE, PE",,Restaurante Macunaíma,restaurante macunaima,"Rua das Creoulas, 268 - Graças, Recife",-8.052039299999999,-34.8993635,"restaurant,food,point_of_interest,establishment",Independente / Sem chain identificado,Restaurante,EXCLUDE
"RECIFE, PE",,Lapac,lapac,"Rua Amaro Bezerra, 584 - Derby, Recife",-8.054492299999998,-34.9006391,"health,point_of_interest,establishment",Independente / Sem chain identificado,Clínica / Saúde,REVIEW
"RECIFE, PE",,"NeoH Memorial São José: Oncologia Clínica, Tratamento de Câncer, Quimioterapia, Radioterapia, Oncologistas, Recife PE","neohmorial sao jose: oncologia clinica, tratamento de cancer, quimioterapia, radioterapia, oncologistas, recife pe","Rua das Fronteiras, 175 - 4º ANDAR - Boa Vista, Recife",-8.060178,-34.89694160000001,"doctor,health,point_of_interest,establishment",Independente / Sem chain identificado,Outros,EXCLUDE
"RECIFE, PE",,Colégio GGE - Benfica,colegio gge - benfica,"Rua Benfica, 286 - Madalena, Recife",-8.0591287,-34.9017321,"point_of_interest,school,establishment",Independente / Sem chain identificado,Escola,EXCLUDE
"RECIFE, PE",,DMC Imóveis,dmc imoveis,"Rua do Paissandú, 567 - Paissandu, Recife",-8.0626816,-34.8983781,"real_estate_agency,point_of_interest,establishment",Independente / Sem chain identificado,Outros,REVIEW
"RECIFE, PE",,Hotel Henrique Dias,hotel henrique dias,"Rua Henrique Dias, 181 - Boa Vista, Recife",-8.0586854,-34.8961444,"lodging,point_of_interest,establishment",Independente / Sem chain identificado,Hotel,EXCLUDE
"RECIFE, PE",,Covest Copset,covest copset,"Rua Amauri de Medeiros, 206 - Derby, Recife",-8.0584382,-34.9003994,"point_of_interest,establishment",Independente / Sem chain identificado,Outros,REVIEW
"RECIFE, PE",,Unibra Campus I,unibra campus i,"Rua Joaquim Felipe, 250 - Boa Vista, Recife",-8.0522753,-34.8917719,"university,point_of_interest,establishment",Independente / Sem chain identificado,Escola,EXCLUDE
"RECIFE, PE",,Restaurante Papacapim,restaurante papacapim,"Avenida Rui Barbosa, 1397 - Graças, Recife",-8.041212999999999,-34.9037702,"restaurant,food,point_of_interest,establishment",Independente / Sem chain identificado,Restaurante,EXCLUDE
"RECIFE, PE",,Odontocape Graças | Dentista Graças | Clínica Odontológica,odontocape gracas | dentista gracas | clinica odontologica,"Rua Confederação do Equador, 143 - Graças, Recife",-8.0481266,-34.8981633,"dentist,doctor,health,point_of_interest,establishment",Independente / Sem chain identificado,Outros,EXCLUDE
"RECIFE, PE",,Faculdade de Ciências Humanas ESUDA,faculdade de ciencias humanas esuda,"Rua Bispo Cardoso Ayres, S/n - Santo Amaro, Recife",-8.05419,-34.8850203,"university,accounting,finance,point_of_interest,establishment",Independente / Sem chain identificado,Escola,EXCLUDE
"RECIFE, PE",,University Hospital Oswaldo Cruz,university hospital oswaldo cruz,"Rua Arnóbio Marques, 310 - Santo Amaro, Recife",-8.047649,-34.8876852,"hospital,health,point_of_interest,establishment",Independente / Sem chain identificado,Hospital,EXCLUDE
"RECIFE, PE",,Grupo Trino,grupo trino,"Avenida Governador Agamenon Magalhães, 2936 - Santo Amaro, Recife",-8.047624599999999,-34.8931551,"store,point_of_interest,establishment",Independente / Sem chain identificado,Outros,REVIEW
"RECIFE, PE",,VitaBrasil - Jaqueira,vitabrasil - jaqueira,"Rua do Futuro, 959 - Jaqueira, Recife",-8.037282199999998,-34.90318560000001,"food,health,store,point_of_interest,establishment",Independente / Sem chain identificado,Clínica / Saúde,REVIEW
"RECIFE, PE",,Identifick,identifick,"Rua Adalberto Camargo, 34 - Graças, Recife",-8.0446131,-34.89950569999999,"electronics_store,store,point_of_interest,establishment",Independente / Sem chain identificado,Eletrônica,EXCLUDE
"RECIFE, PE",,Container Zona Norte,container zona norte,"Avenida Rui Barbosa, 861 - Graças, Recife",-8.046983299999999,-34.9010446,"clothing_store,store,point_of_interest,establishment",Independente / Sem chain identificado,Loja de Roupa,EXCLUDE
"RECIFE, PE",,A Fórmula Handling Pharmacy,a formula handling pharmacy,"Praça do Entroncamento, 132 - Graças, Recife",-8.049787,-34.8978152,"pharmacy,drugstore,health,store,point_of_interest,establishment",Independente / Sem chain identificado,Farmácia,TARGET
"RECIFE, PE",,Espaço Exxperimente,espaco exxperimente,"Rua da Hora, 647 - Espinheiro, Recife",-8.046788,-34.8944679,"travel_agency,spa,lodging,store,point_of_interest,establishment",Independente / Sem chain identificado,Agência de Viagens,EXCLUDE
"RECIFE, PE",,IPMS Pernambuco Nordeste - Confraria do Kit,ipms pernambuco nordeste - confraria do kit,"Rua Jornalista Paulo Bitencourt, 174 - Derby, Recife",-8.053936700000001,-34.8992671,"store,point_of_interest,establishment",Independente / Sem chain identificado,Outros,REVIEW
"RECIFE, PE",,Comunicare Aparelhos Auditivos em Recife | Espinheiro,comunicare aparelhos auditivos em recife | espinheiro,"Avenida Conselheiro Rosa e Silva, 1206 - Sala 01 térreo - Aflitos, Recife",-8.040972500000002,-34.8982825,"health,store,point_of_interest,establishment",Independente / Sem chain identificado,Clínica / Saúde,REVIEW
"RECIFE, PE",,Billy Joe - Moda Masculina,billy joe - moda masculina,"Rua Joaquim Nabuco, 409 - Graças, Recife",-8.0526771,-34.9000366,"clothing_store,store,point_of_interest,establishment",Independente / Sem chain identificado,Loja de Roupa,EXCLUDE
"RECIFE, PE",,"CPB livraria, Recife - PE","cpb livraria, recife - pe","Rua Gervásio Pires, 631 - Santo Amaro, Recife",-8.057051799999998,-34.8850196,"book_store,store,point_of_interest,establishment",Independente / Sem chain identificado,Livraria,EXCLUDE
"RECIFE, PE",,"Paranhos, O Caça Materiais. Comercial Paranhos","paranhos, o caca materiais.ercial paranhos","Rua Bernardo Guimarães, 451 - Santo Amaro, Recife",-8.0540779,-34.8887325,"electronics_store,home_goods_store,store,point_of_interest,establishment",Independente / Sem chain identificado,Eletrônica,EXCLUDE
"RECIFE, PE",,"Systel Moveis e Equipamentos para Escritório, Venda, Aluguel Locação e Consertos em Recife.","systel moveis e equipamentos para escritorio, venda, aluguel locacao e consertos em recife.","Rua João Fernandes Viêira, 11 - Soledade, Recife",-8.056125,-34.89041399999999,"furniture_store,home_goods_store,general_contractor,store,point_of_interest,establishment",Independente / Sem chain identificado,Loja de Móveis,EXCLUDE
"RECIFE, PE",,Iang Chao,iang chao,"Rua do Giriquiti, 48 - Boa Vista, Recife",-8.059842,-34.887389,"department_store,store,restaurant,food,point_of_interest,establishment",Independente / Sem chain identificado,Outros,REVIEW
"RECIFE, PE",,O Boticário,o boticario,"Rua Joaquim Nabuco, 409 - Derby, Recife",-8.052804499999999,-34.90004640000001,"clothing_store,store,point_of_interest,establishment",Independente / Sem chain identificado,Loja de Roupa,EXCLUDE
"RECIFE, PE",,Opera Materiais Cirúrgicos,opera materiais cirurgicos,"Rua José de Alencar, 916 - Ilha do Leite, Recife",-8.0637205,-34.8906916,"health,store,point_of_interest,establishment",Independente / Sem chain identificado,Clínica / Saúde,REVIEW
"RECIFE, PE",,SUPERJB SUPERMERCADO,superjb,"Rua Alice Gomes, 568 - Campo Grande, Recife",-8.037170299999998,-34.8817101,"supermarket,bakery,grocery_or_supermarket,store,food,point_of_interest,establishment",Independente / Sem chain identificado,Supermercado,TARGET
"RECIFE, PE",,Mercadinho Opção,mercadinho opcao,"Rua do Veiga, 595 - 1º Andar - Santo Amaro, Recife",-8.0516522,-34.8785038,"supermarket,grocery_or_supermarket,store,food,point_of_interest,establishment",Independente / Sem chain identificado,Mercadinho,TARGET
"RECIFE, PE",,Mercearia Lg,mercearia lg,"Rua Barros Barreto, 445 - Santo Amaro, Recife",-8.0471472,-34.8829179,"supermarket,grocery_or_supermarket,store,point_of_interest,food,establishment",Independente / Sem chain identificado,Mercearia / Empório,TARGET
"RECIFE, PE",,Gaspazinho ÁGUA & GÁS,gaspazinho agua & gas,"Rua Maciel Monteiro, 119 - Santo Amaro, Recife",-8.0464671,-34.8775919,"supermarket,grocery_or_supermarket,store,point_of_interest,food,establishment",Independente / Sem chain identificado,Supermercado,TARGET
"RECIFE, PE",,Mercadinho do Vavá,mercadinho do vava,"Rua Buarque Macedo Santo Amaro, 39 - Santo Amaro, Recife",-8.0459003,-34.8784425,"supermarket,grocery_or_supermarket,store,point_of_interest,food,establishment",Independente / Sem chain identificado,Mercadinho,TARGET
"RECIFE, PE",,Supermercado Tem,supermercado tem,"Avenida Norte Miguel Arraes de Alencar, 960 - Santo Amaro, Recife",-8.044468499999999,-34.88073289999999,"supermarket,grocery_or_supermarket,store,point_of_interest,food,establishment",Independente / Sem chain identificado,Supermercado,TARGET
"RECIFE, PE",,RB Mercearia,rbrcearia,"Rua Chile, 105 - Santo Amaro, Recife",-8.043095300000001,-34.8801844,"supermarket,grocery_or_supermarket,food,store,point_of_interest,establishment",Independente / Sem chain identificado,Mercearia / Empório,TARGET
"RECIFE, PE",,Quitandaria (Espinheiro),quitandaria (espinheiro),"Avenida Governador Agamenon Magalhães, 2014 - Santo Amaro, Recife",-8.0440978,-34.8899112,"supermarket,grocery_or_supermarket,food,store,point_of_interest,establishment",Independente / Sem chain identificado,Supermercado,TARGET
"RECIFE, PE",,Mercearia Dona Zélia,mercearia dona zelia,"Rua Quinze de Fevereiro, 155 - Santo Amaro, Recife",-8.0413338,-34.8763302,"supermarket,grocery_or_supermarket,food,store,point_of_interest,establishment",Independente / Sem chain identificado,Mercearia / Empório,TARGET
"RECIFE, PE",,Mercadinho Granja Do Adalberto,mercadinho granja do adalberto,"Avenida Governador Agamenon Magalhães - Santo Amaro, Recife",-8.039565,-34.877099,"supermarket,grocery_or_supermarket,food,store,point_of_interest,establishment",Independente / Sem chain identificado,Mercadinho,TARGET
"RECIFE, PE",,Mercadinho Da Ilha,mercadinho da ilha,"Rua Alice Gomes, 226 - Campo Grande, Recife",-8.037072,-34.8812332,"supermarket,grocery_or_supermarket,food,store,point_of_interest,establishment",Independente / Sem chain identificado,Mercadinho,TARGET
"RECIFE, PE",,Quitandaria (Aflitos),quitandaria (aflitos),"Rua Quarenta e Oito, 692 - Aflitos, Recife",-8.0404807,-34.8945943,"supermarket,grocery_or_supermarket,food,store,point_of_interest,establishment",Independente / Sem chain identificado,Supermercado,TARGET
"RECIFE, PE",,MERCADINHO Dois Irmão,mercadinho dois irmao,"Avenida Governador Agamenon Magalhães, 110 - Santo Amaro, Recife",-8.0384541,-34.8749356,"supermarket,grocery_or_supermarket,food,store,point_of_interest,establishment",Independente / Sem chain identificado,Mercadinho,TARGET
"RECIFE, PE",,Mercearia Irmâ Alzira,mercearia irma alzira,"Avenida Governador Agamenon Magalhães, 114 - Santo Amaro, Recife",-8.038225299999997,-34.8741206,"supermarket,grocery_or_supermarket,food,store,point_of_interest,establishment",Independente / Sem chain identificado,Mercearia / Empório,TARGET
"RECIFE, PE",,Barraca Da Bete,barraca da bete,"Avenida Governador Agamenon Magalhães, 280 - Campo Grande, Recife",-8.0375743,-34.87572609999999,"supermarket,grocery_or_supermarket,food,store,point_of_interest,establishment",Independente / Sem chain identificado,Supermercado,TARGET
"RECIFE, PE",,Serafim Supermercado,serafim,"Avenida João de Barros, 1958 - Encruzilhada, Recife",-8.037822,-34.8913091,"supermarket,grocery_or_supermarket,food,store,point_of_interest,establishment",Independente / Sem chain identificado,Supermercado,TARGET
"RECIFE, PE",,Posto Shell,posto shell,"Avenida Militar, 550 - Recife",-8.051035599999999,-34.871976,"gas_station,convenience_store,store,food,point_of_interest,establishment",Shell,Posto / Conveniência,TARGET
"RECIFE, PE",,SOS Mix,sos mix,"Rua Francisco Jacinto, 135 - Santo Amaro, Recife",-8.046177700000001,-34.88336449999999,"convenience_store,store,food,point_of_interest,establishment",Independente / Sem chain identificado,Conveniência,TARGET
"RECIFE, PE",,Esquina Delivery,esquina delivery,"Rua Francisco Jacinto, 135 - Santo Amaro, Recife",-8.0461632,-34.8833013,"convenience_store,bar,store,restaurant,food,point_of_interest,establishment",Independente / Sem chain identificado,Conveniência,TARGET
"RECIFE, PE",,Barraca do Tôto,barraca do toto,"Rua Frei Cassimiro, 441a - Santo Amaro, Recife",-8.046047299999998,-34.8812463,"convenience_store,food,store,point_of_interest,establishment",Independente / Sem chain identificado,Conveniência,TARGET
"RECIFE, PE",,Desk Recife Antigo,desk recife antigo,"Avenida Militar, 550 - Recife",-8.0513921,-34.87173619999999,"gas_station,convenience_store,food,store,point_of_interest,establishment",Independente / Sem chain identificado,Posto,REVIEW
"RECIFE, PE",,"Posto MM Petróleo - Posto de Gasolina, GNV, Conveniência, Troca de Óleo, Recife","posto mm petroleo - posto de gasolina, gnv, conveniencia, troca de oleo, recife","Avenida Governador Agamenon Magalhães, 1302 - Santo Amaro, Recife",-8.0408366,-34.8822047,"gas_station,convenience_store,car_wash,car_repair,restaurant,food,store,point_of_interest,establishment",Posto (genérico),Posto / Conveniência,REVIEW
"RECIFE, PE",,Império Conveniência,imperio conveniencia,"Avenida Governador Agamenon Magalhães, 1530 - Santo Amaro, Recife",-8.040766999999997,-34.8820686,"convenience_store,food,store,point_of_interest,establishment",Independente / Sem chain identificado,Conveniência,TARGET
"RECIFE, PE",,Barraca da Roberta,barraca da roberta,"Rua Sacadura Cabral, 590 - Espinheiro, Recife",-8.0414695,-34.8883062,"convenience_store,food,store,point_of_interest,establishment",Independente / Sem chain identificado,Conveniência,TARGET
"RECIFE, PE",,Barraca da Sheyla,barraca da sheyla,"Rua Três de Fevereiro, 60 - Santo Amaro, Recife",-8.0417502,-34.8758565,"convenience_store,food,store,point_of_interest,establishment",Independente / Sem chain identificado,Conveniência,TARGET
"RECIFE, PE",,Shell Select,shell select,"Avenida João de Barros, 1454 - Espinheiro, Recife",-8.041848,-34.89117,"convenience_store,food,store,point_of_interest,establishment",Select (Petrobras),Conveniência,TARGET
"RECIFE, PE",,Posto Petrobras,posto petrobras,"ROD.BR 101-SUL-CEAGEPE KM 70 BOX 01 550 - Curado, Recife",-8.03985,-34.87752,"gas_station,convenience_store,car_wash,car_repair,restaurant,food,store,point_of_interest,establishment",Petrobras,Posto / Conveniência,TARGET
"RECIFE, PE",,Shell Select,shell select,"Av. Norte, 2120 - Encruzilhada, Recife",-8.039497499999998,-34.8891651,"convenience_store,food,store,point_of_interest,establishment",Select (Petrobras),Conveniência,TARGET
"RECIFE, PE",,Boblândia,boblandia,"Av Agamenon Magalhaes Yy 36 Bx - Mala V - Santo Amaro, Recife",-8.039090600000002,-34.8761346,"convenience_store,food,store,point_of_interest,establishment",Independente / Sem chain identificado,Conveniência,TARGET
"RECIFE, PE",,Tacaruna Petróleo (Posto BR),tacaruna petroleo (posto br),"Avenida Governador Agamenon Magalhães, 1101 - Santo Amaro, Recife",-8.0383617,-34.8750466,"gas_station,convenience_store,car_wash,car_repair,restaurant,food,store,point_of_interest,establishment",Posto (genérico),Posto / Conveniência,REVIEW
"RECIFE, PE",,Conveniência - Posto BR,conveniencia - posto br,"Avenida Governador Agamenon Magalhães, 1101 - Santo Amaro, Recife",-8.0383555,-34.8750267,"convenience_store,gas_station,food,store,point_of_interest,establishment",Posto (genérico),Posto / Conveniência,TARGET
"RECIFE, PE",,Convém conveniência,convem conveniencia,"Avenida Norte Miguel Arraes de Alencar, 2448 - Encruzilhada, Recife",-8.038184899999997,-34.89248539999999,"convenience_store,food,store,point_of_interest,establishment",Independente / Sem chain identificado,Conveniência,TARGET
"RECIFE, PE",,Prime Stop Conveniência,prime stop conveniencia,"Avenida Norte Miguel Arraes de Alencar, 2448 - Encruzilhada, Recife",-8.0381368,-34.89256069999999,"convenience_store,food,store,point_of_interest,establishment",Independente / Sem chain identificado,Conveniência,TARGET
"RECIFE, PE",,State Technical School Almirante Soares Dutra (ETEASD),state technical school almirante soares dutra (eteasd),"Praça General Abreu e Lima, s/n - Santo Amaro, Recife",-8.0474056,-34.8757526,"school,point_of_interest,establishment",Independente / Sem chain identificado,Escola,EXCLUDE
"RECIFE, PE",,Hospital de Fraturas,hospital de fraturas,"Rua João Fernandes Viêira, 644 - Boa Vista, Recife",-8.0517255,-34.8937322,"hospital,point_of_interest,health,establishment",Independente / Sem chain identificado,Hospital,EXCLUDE
"RECIFE, PE",,Pernambucano Conservatory of Music,pernambucano conservatory of music,"Avenida João de Barros, 594 - Santo Amaro, Recife",-8.049342,-34.88939129999999,"point_of_interest,establishment",Independente / Sem chain identificado,Outros,REVIEW
"RECIFE, PE",,escola paula frassinetti,escola paula frassinetti,"Rua Gomes Pachêco - Espinheiro, Recife",-8.0407119,-34.888475,"secondary_school,school,point_of_interest,establishment",Independente / Sem chain identificado,Outros,EXCLUDE
"RECIFE, PE",,Círculo Militar do Recife,circulo militar do recife,"Avenida Governador Agamenon Magalhães, 2807 - Boa Vista, Recife",-8.047102299999999,-34.8907293,"point_of_interest,establishment",Independente / Sem chain identificado,Outros,REVIEW
"RECIFE, PE",,Court of the State of Pernambuco,court of the state of pernambuco,"Rua da Aurora, 885 - Boa Vista, Recife",-8.056504499999999,-34.8786016,"courthouse,point_of_interest,establishment",Independente / Sem chain identificado,Outros,REVIEW
"RECIFE, PE",,Profile Lining & Partitions,profile lining & partitions,"Rua do Veiga, 325 - Santo Amaro, Recife",-8.0518009,-34.8790739,"store,point_of_interest,establishment",Independente / Sem chain identificado,Outros,REVIEW
"RECIFE, PE",,Suassuna Personalizados,suassuna personalizados,"Avenida Visconde de Suassuna, 569 - Santo Amaro, Recife",-8.0524813,-34.88679249999999,"home_goods_store,store,point_of_interest,establishment",Independente / Sem chain identificado,Casa & Decoração,EXCLUDE
"RECIFE, PE",,Ótica Betel,otica betel,"Avenida Manoel Borba, 82 - Boa Vista, Recife",-8.0616035,-34.8865149,"store,health,point_of_interest,establishment",Independente / Sem chain identificado,Clínica / Saúde,REVIEW
"RECIFE, PE",,Leri Tattoo Studio,leri tattoo studio,"Santo Antônio, Ed. Pessoa de Melo ,3° Andar, Recife",-8.061709100000002,-34.88183859999999,"store,point_of_interest,establishment",Independente / Sem chain identificado,Outros,REVIEW
"RECIFE, PE",,Mercadão Flores,mercadao flores,"Rua Numa Pompilho, 21 - Santo Amaro, Recife",-8.0479939,-34.8834073,"florist,store,point_of_interest,establishment",Independente / Sem chain identificado,Outros,REVIEW
"RECIFE, PE",,Tucoval Tubos e conexões Ltda,tucoval tubos e conexoes,"Rua Frei Cassimiro, 161 - Santo Amaro, Recife",-8.047669100000002,-34.87927139999999,"store,point_of_interest,establishment",Independente / Sem chain identificado,Outros,REVIEW
"RECIFE, PE",,Odontologia Clínica & Ortodontia,odontologia clinica & ortodontia,"Rua Aluízio de Azevedo, 200 - Santo Amaro, Recife",-8.045933999999997,-34.889012,"dentist,store,health,point_of_interest,establishment",Independente / Sem chain identificado,Outros,EXCLUDE
"RECIFE, PE",,Diario de Pernambuco,diario de pernambuco,"Rua do Veiga, 600 - Santo Amaro, Recife",-8.0514613,-34.87824179999999,"point_of_interest,establishment",Independente / Sem chain identificado,Outros,REVIEW
"RECIFE, PE",,colegio sizenando silveira,colegio sizenando silveira,"Rua do Hospício, 999-981 - Boa Vista, Recife",-8.0546691,-34.8815868,"school,point_of_interest,establishment",Independente / Sem chain identificado,Escola,EXCLUDE
"RECIFE, PE",,CTTU - Traffic and Transportation Company,cttu - traffic and transportationpany,"Avenida Cruz Cabugá, 304 - Santo Amaro, Recife",-8.0515592,-34.8796536,"local_government_office,point_of_interest,establishment",Independente / Sem chain identificado,Órgão Público,EXCLUDE
"RECIFE, PE",,Hospital de Câncer de Pernambuco,hospital de cancer de pernambuco,"Avenida Cruz Cabugá, 1597 - Santo Amaro, Recife",-8.041286099999999,-34.8730315,"hospital,health,point_of_interest,establishment",Independente / Sem chain identificado,Hospital,EXCLUDE
"RECIFE, PE",,Reference School in School Gymnasium Pernambucano,reference school in school gymnasium pernambucano,"Rua da Aurora, 703 - Santo Amaro, Recife",-8.0580838,-34.87918569999999,"school,point_of_interest,establishment",Independente / Sem chain identificado,Escola,EXCLUDE
"RECIFE, PE",,Câmara Municipal do Recife,camara municipal do recife,"Rua Princesa Isabel, 410 - Boa Vista, Recife",-8.0576744,-34.8824448,"local_government_office,point_of_interest,establishment",Independente / Sem chain identificado,Órgão Público,EXCLUDE
"RECIFE, PE",,PSDC,psdc,"Rua da Aurora, 325 - Boa Vista, Recife",-8.060899299999999,-34.8810271,"point_of_interest,establishment",Independente / Sem chain identificado,Outros,REVIEW
"RECIFE, PE",,Associação Pernambucana de Nutrição,associacao pernambucana de nutricao,"Rua do Riachuelo, 105 - Boa Vista, Recife",-8.0605001,-34.8816851,"point_of_interest,establishment",Independente / Sem chain identificado,Outros,REVIEW
"RECIFE, PE",,Chilli Beans,chilli beans,"Avenida Governador Agamenon Magalhães, 153 - LOJA 331 - Santo Amaro, Recife",-8.0379833,-34.8721075,"store,point_of_interest,establishment",Independente / Sem chain identificado,Outros,REVIEW
"RECIFE, PE",,"Secretaria de Assistência Social, Combate à Fome e Políticas Sobre Drogas (SAS)","secretaria de assistencia social,bate a fome e politicas sobre drogas (sas)","Avenida Cruz Cabugá, 665 - Santo Amaro, Recife",-8.048622499999999,-34.878087,"point_of_interest,establishment",Independente / Sem chain identificado,Outros,EXCLUDE
"RECIFE, PE",,Compesa-Companhia Pernambucana De Saneamento,compesa-companhia pernambucana de saneamento,"Avenida Conde da Boa Vista, 1099 - Soledade, Recife",-8.057518200000002,-34.8789089,"point_of_interest,establishment",Independente / Sem chain identificado,Outros,REVIEW
"RECIFE, PE",,Sindicato dos Empregados no Com do Recife,sindicato dos empregados no do recife,"Rua Imperatriz Teresa Cristina, 67 - Boa Vista, Recife",-8.0633267,-34.883112,"point_of_interest,establishment",Independente / Sem chain identificado,Outros,REVIEW
"RECIFE, PE",,Americanas,americanas,"Avenida Governador Agamenon Magalhães, 153 - Santo Amaro, Recife",-8.0374118,-34.8721876,"department_store,clothing_store,home_goods_store,electronics_store,store,point_of_interest,establishment",Independente / Sem chain identificado,Outros,REVIEW
"RECIFE, PE",,Sea.5,sea.5,"Rua Araripina, 364 - Santo Amaro, Recife",-8.052267,-34.8766222,"store,point_of_interest,establishment",Independente / Sem chain identificado,Outros,REVIEW
"RECIFE, PE",,Comex Import,comex import,Brazil,-8.0562906,-34.87483169999999,"home_goods_store,store,point_of_interest,establishment",Independente / Sem chain identificado,Casa & Decoração,EXCLUDE
"RECIFE, PE",,Aço Nobre Metais Especiais,aco nobretais especiais,"Rua São Geraldo, 110 - Santo Amaro, Recife",-8.053761899999998,-34.8798549,"store,point_of_interest,establishment",Independente / Sem chain identificado,Outros,REVIEW
"RECIFE, PE",,Cioccolatte Gelateria,cioccolatte gelateria,"Avenida Alfredo Lisboa, 507 - A - Recife",-8.0623761,-34.87122199999999,"store,point_of_interest,food,establishment",Independente / Sem chain identificado,Outros,REVIEW
"RECIFE, PE",,MV Informática Nordeste,mv informatica nordeste,"Rua Domingos José Martins, 75 - Coelhos, Recife",-8.0618235,-34.871775,"electronics_store,store,point_of_interest,establishment",Independente / Sem chain identificado,Eletrônica,EXCLUDE
"RECIFE, PE",,Camisetas Pe,camisetas pe,Rua do Bom Jesus - Recife,-8.062418599999999,-34.8717051,"clothing_store,store,point_of_interest,establishment",Independente / Sem chain identificado,Loja de Roupa,EXCLUDE
"RECIFE, PE",,Estúdio Apollo 17,estudio apollo 17,"Rua do Apolo, 107 - 1º Andar - Recife",-8.0616395,-34.8725045,"store,point_of_interest,establishment",Independente / Sem chain identificado,Outros,REVIEW
"RECIFE, PE",,Figueiras Calçados - Rua Nova,figueiras calcados - rua nova,"Rua Nova, 226 - Santo Antônio, Recife",-8.0642037,-34.879351,"shoe_store,store,point_of_interest,establishment",Independente / Sem chain identificado,Sapataria,EXCLUDE
"RECIFE, PE",,Oceanus Brasil,oceanus brasil,"Rua Doutor Ascânio Peixoto, 227 - Recife",-8.0475867,-34.86961609999999,"food,store,point_of_interest,establishment",Independente / Sem chain identificado,Outros,REVIEW
"RECIFE, PE",,Livraria RT,livraria rt,"Lojas 22.23.24, Rua Frei Vicente do Salvador, 191 - Santo Antônio, Recife",-8.061891,-34.8774134,"book_store,store,point_of_interest,establishment",Independente / Sem chain identificado,Livraria,EXCLUDE
"RECIFE, PE",,Tudo Grande,tudo grande,"Rua Siqueira Campos, 160 - COHAB, Recife",-8.0626611,-34.87789699999999,"clothing_store,store,point_of_interest,establishment",Independente / Sem chain identificado,Loja de Roupa,EXCLUDE
"RECIFE, PE",,"Multi Print - Manutenção de Impressoras, Recarga de Cartuchos e Toners, Carimbos Personalizados","multi print - manutencao de impressoras, recarga de cartuchos e toners, carimbos personalizados","Rua Cleto Campêlo, 44 - Loja 15A - Santo Antônio, Recife",-8.0628393,-34.8794744,"locksmith,store,point_of_interest,establishment",Independente / Sem chain identificado,Outros,REVIEW
"RECIFE, PE",,Bella Seda,bella seda,"Rua Araripina, 208 - Santo Amaro, Recife",-8.051611299999998,-34.87759880000001,"clothing_store,store,point_of_interest,establishment",Independente / Sem chain identificado,Loja de Roupa,EXCLUDE
"RECIFE, PE",,Ideal Distribuidora de Produtos Ópticos,ideal distribuidora de produtos opticos,"Ed Bem Te VI - Rua Camboa do Carmo, 1 - an 1, Recife",-8.064246299999999,-34.8792783,"health,store,point_of_interest,establishment",Independente / Sem chain identificado,Distribuidora,REVIEW
"RECIFE, PE",,New Ótica,new otica,"Rua Duque de Caxias, 223 - Santo Antônio, Recife",-8.0647503,-34.87726499999999,"health,store,point_of_interest,establishment",Independente / Sem chain identificado,Clínica / Saúde,REVIEW
"RECIFE, PE",,Top 10,top 10,"Rua Duque de Caxias, 211 - Santo Antônio, Recife",-8.0646595,-34.877346,"clothing_store,store,point_of_interest,establishment",Independente / Sem chain identificado,Loja de Roupa,EXCLUDE
"RECIFE, PE",,O Boticário,o boticario,"Rua Duque de Caxias, 249 - Santo Antônio, Recife",-8.0649994,-34.87733399999999,"clothing_store,store,point_of_interest,establishment",Independente / Sem chain identificado,Loja de Roupa,EXCLUDE
"RECIFE, PE",,Lojas Cattan,lojas cattan,"Rua Duque de Caxias, 275 - Santo Antônio, Recife",-8.0652513,-34.87725450000001,"clothing_store,store,point_of_interest,establishment",Independente / Sem chain identificado,Loja de Roupa,EXCLUDE
"RECIFE, PE",,BICHO MIMADO,bicho mimado,"Rua Siqueira Campos - Santo Antônio, Recife",-8.0625815,-34.8785333,"pharmacy,health,store,point_of_interest,establishment",Independente / Sem chain identificado,Farmácia,TARGET
"RECIFE, PE",,The vessel Entrance Lighthouse In Recife,the vessel entrance lighthouse in recife,"Av Dr Zenilton Elias da Silva - Douétts, Mar, Recife",-8.054198699999997,-34.8536167,"point_of_interest,establishment",Independente / Sem chain identificado,Outros,REVIEW
"RECIFE, PE",,Green Lighthouse Reef,green lighthouse reef,"Istmo do Recife - Bairro do Recife, Recife",-8.0471636,-34.858936,"point_of_interest,establishment",Independente / Sem chain identificado,Outros,REVIEW
"RECIFE, PE",,"Farol da Barra, Recife-PE","farol da barra, recife-pe","Av Dr Zenilton Elias da Silva Douétts - Molhe do Porto, Recife",-8.054706399999999,-34.86516619999999,"point_of_interest,establishment",Independente / Sem chain identificado,Outros,REVIEW
"RECIFE, PE",,Forte do São Francisco da Barra,forte do sao francisco da barra,"Av Dr Zenilton Elias da Silva Douétts, Recife",-8.0544283,-34.8652405,"point_of_interest,establishment",Independente / Sem chain identificado,Outros,REVIEW
"RECIFE, PE",,Farol do Recife,farol do recife,Recife,-8.0545543,-34.8652743,"point_of_interest,establishment",Independente / Sem chain identificado,Outros,REVIEW
"RECIFE, PE",,Porto do Recife,porto do recife,Recife,-8.0538555,-34.8682757,"point_of_interest,establishment",Independente / Sem chain identificado,Outros,REVIEW
"RECIFE, PE",,Terminal Marítimo de Passageiros Nelcy da Silva Campos,terminal maritimo de passageiros nelcy da silva campos,Recife,-8.0568146,-34.8692111,"point_of_interest,establishment",Independente / Sem chain identificado,Outros,REVIEW
"RECIFE, PE",,Cruise Port Recife Brazil,cruise port recife brazil,"Avenida Alfredo Lisboa, 1052-1226 - Recife",-8.056724299999999,-34.86924329999999,"transit_station,point_of_interest,establishment",Independente / Sem chain identificado,Outros,REVIEW
"RECIFE, PE",,Porto de Recife (Sign),porto de recife (sign),Recife,-8.057311499999997,-34.8694575,"point_of_interest,establishment",Independente / Sem chain identificado,Outros,REVIEW
"RECIFE, PE",,Leão do Mestre Nuca,leao dostre nuca,"Avenida Alfredo Lisboa, Av. Alfredo Lisboa - Recife",-8.057879200000002,-34.86957449999999,"point_of_interest,establishment",Independente / Sem chain identificado,Outros,REVIEW
"RECIFE, PE",,Deskontão Atacado,deskontao atacado,"Avenida Norte Miguel Arraes de Alencar, 6061 - Casa Amarela, Recife",-8.0212608,-34.9198566,"atm,supermarket,finance,grocery_or_supermarket,store,food,point_of_interest,establishment",Independente / Sem chain identificado,Atacarejo,TARGET
"RECIFE, PE",,"Empório e Restaurante Casa Chacon – Carnes, Frutos do Mar e Vinhos","emporio e restaurante casa chacon  carnes, frutos do mar e vinhos","Rua do Chacon, 40 - Poço da Panela, Recife",-8.037697500000002,-34.9195403,"cafe,bar,supermarket,bakery,grocery_or_supermarket,store,restaurant,food,point_of_interest,establishment",Independente / Sem chain identificado,Mercearia / Empório,REVIEW
"RECIFE, PE",,Mercadinho Da Angélica,mercadinho da angelica,Brazil,-8.0440434,-34.9203466,"supermarket,grocery_or_supermarket,store,food,point_of_interest,establishment",Independente / Sem chain identificado,Mercadinho,TARGET
"RECIFE, PE",,Mercadinho da Irmã,mercadinho da irma,"A - Rua Jornalista Luiz Teixeira, 09 - Torre, Recife",-8.0453595,-34.9149673,"supermarket,grocery_or_supermarket,store,food,point_of_interest,establishment",Independente / Sem chain identificado,Mercadinho,TARGET
"RECIFE, PE",,Quitanda da Lu,quitanda da lu,"Largo Poço da Panela, 142 - Poço da Panela, Recife",-8.0380857,-34.92558210000001,"supermarket,grocery_or_supermarket,store,food,point_of_interest,establishment",Independente / Sem chain identificado,Supermercado,TARGET
"RECIFE, PE",,MF Mercadinho,mfrcadinho,"Rua Jornalista Luiz Teixeira, 10 - Torre, Recife",-8.0447785,-34.9135929,"supermarket,grocery_or_supermarket,food,store,point_of_interest,establishment",Independente / Sem chain identificado,Mercadinho,TARGET
"RECIFE, PE",,CAPEL - Associação De Apicultores,capel - associacao de apicultores,"Avenida Caxangá, 2200 - Cordeiro, Recife",-8.0449375,-34.9241725,"supermarket,grocery_or_supermarket,food,store,point_of_interest,establishment",Independente / Sem chain identificado,Supermercado,TARGET
"RECIFE, PE",,Minuto Pão de Açúcar,minuto pao de acucar,"Avenida Flôr de Santana, 118 - Parnamirim, Recife",-8.034673099999997,-34.9133892,"supermarket,bakery,grocery_or_supermarket,food,store,point_of_interest,establishment",Independente / Sem chain identificado,Supermercado,TARGET
"RECIFE, PE",,Mercadinho do Galego,mercadinho do galego,"Rua Antônio de Pádua M Fernandes, S/N - Torre, Recife",-8.0453391,-34.9135295,"supermarket,grocery_or_supermarket,food,store,point_of_interest,establishment",Independente / Sem chain identificado,Mercadinho,TARGET
"RECIFE, PE",,DOC Casa Forte,doc casa forte,"Avenida Dezessete de Agosto, 1916 - Parnamirim, Recife",-8.0323807,-34.9232073,"supermarket,grocery_or_supermarket,food,store,point_of_interest,establishment",Independente / Sem chain identificado,Supermercado,TARGET
"RECIFE, PE",,Mercadinho da Torre,mercadinho da torre,"Rua Visconde de Itaparica, 63 - Torre, Recife",-8.042451699999999,-34.9089054,"supermarket,grocery_or_supermarket,food,store,point_of_interest,establishment",Independente / Sem chain identificado,Mercadinho,TARGET
"RECIFE, PE",,Varejão do Queijo,varejao do queijo,"Rua Doutor José Anastácio da Silva Guimarães, 655 - Iputinga, Recife",-8.037420899999997,-34.9292075,"supermarket,grocery_or_supermarket,food,store,point_of_interest,establishment",Independente / Sem chain identificado,Supermercado,TARGET
"RECIFE, PE",,Empório Borges,emporio borges,"Rua Doutor José Anastácio da Silva Guimarães, 95A - Iputinga, Recife",-8.0381424,-34.9294041,"supermarket,grocery_or_supermarket,food,store,point_of_interest,establishment",Independente / Sem chain identificado,Mercearia / Empório,TARGET
"RECIFE, PE",,Bom de Mais Supermercado,bom de mais,"Estrada das Ubaias, 74 - Casa Amarela, Recife",-8.0293067,-34.91796459999999,"supermarket,bakery,grocery_or_supermarket,storage,restaurant,food,store,point_of_interest,establishment",Independente / Sem chain identificado,Supermercado,TARGET
"RECIFE, PE",,La Viña,la vina,"Rua da Harmonia, 715 - Casa Amarela, Recife",-8.0299925,-34.9146421,"supermarket,grocery_or_supermarket,food,store,point_of_interest,establishment",Independente / Sem chain identificado,Supermercado,TARGET
"RECIFE, PE",,Econômico Supermercado,economico,"Rua Doutor José Anastácio da Silva Guimarães, 490 - Iputinga, Recife",-8.036978099999997,-34.9293271,"supermarket,grocery_or_supermarket,food,store,point_of_interest,establishment",Independente / Sem chain identificado,Supermercado,TARGET
"RECIFE, PE",,Cobalt Do Cardoso,cobalt do cardoso,"Rua Doutor José Anastácio da Silva Guimarães, 490 - Iputinga, Recife",-8.0369031,-34.9293123,"supermarket,grocery_or_supermarket,food,store,point_of_interest,establishment",Independente / Sem chain identificado,Supermercado,TARGET
"RECIFE, PE",,Rende Mais,rende mais,"Rua Santa Lúcia, 246 - Iputinga, Recife",-8.0390996,-34.9297216,"supermarket,grocery_or_supermarket,store,food,point_of_interest,establishment",Independente / Sem chain identificado,Supermercado,TARGET
"RECIFE, PE",,Sacolão Do Amigo Irmão,sacolao do amigo irmao,"Rua Doutor José Anastácio da Silva Guimarães, 42 - Iputinga, Recife",-8.033832,-34.92859660000001,"supermarket,grocery_or_supermarket,store,food,point_of_interest,establishment",Independente / Sem chain identificado,Supermercado,TARGET
"RECIFE, PE",,MERCEARIA TRÊS IRMÃOS,mercearia tres irmaos,"Avenida Maurício de Nassau, 42 - Iputinga, Recife",-8.038133400000001,-34.9305776,"supermarket,grocery_or_supermarket,store,food,point_of_interest,establishment",Independente / Sem chain identificado,Mercearia / Empório,TARGET
"RECIFE, PE",,Barraca do Pichita,barraca do pichita,"Rua Santa Lúcia, 455 - Iputinga, Recife",-8.0391168,-34.9312902,"supermarket,grocery_or_supermarket,store,food,point_of_interest,establishment",Independente / Sem chain identificado,Supermercado,TARGET
"RECIFE, PE",,Arraial Mercado e Frutaria,arraialrcado e frutaria,"Estrada do Arraial, 4645 - Casa Amarela, Recife",-8.028387799999999,-34.9237228,"supermarket,grocery_or_supermarket,store,food,point_of_interest,establishment",Independente / Sem chain identificado,Supermercado,TARGET
"RECIFE, PE",,Mercadinho Bom de Preço da Família,mercadinho bom de preco da familia,"Rua Itapiranga, 385 - Iputinga, Recife",-8.0387062,-34.93157539999999,"supermarket,grocery_or_supermarket,store,food,point_of_interest,establishment",Independente / Sem chain identificado,Mercadinho,TARGET
"RECIFE, PE",,Mercearia Nossa Senhora de Lourdes,mercearia nossa senhora de lourdes,"Rua Pereira Coutinho Filho, 688 - Iputinga, Recife",-8.036253399999998,-34.9314724,"supermarket,grocery_or_supermarket,store,food,point_of_interest,establishment",Independente / Sem chain identificado,Mercearia / Empório,TARGET
"RECIFE, PE",,Indústria e Comércio Alexandre,industria e alexandre,"Rua Padre Lemos, 5 - Casa Amarela, Recife",-8.026720699999998,-34.9178494,"supermarket,grocery_or_supermarket,store,food,point_of_interest,establishment",Independente / Sem chain identificado,Supermercado,TARGET
"RECIFE, PE",,Mercadinho Santa Isabel,mercadinho santa isabel,"Rua Santa Izabel, 358 - Casa Amarela, Recife",-8.026658399999999,-34.92185020000001,"supermarket,grocery_or_supermarket,store,food,point_of_interest,establishment",Independente / Sem chain identificado,Mercadinho,TARGET
"RECIFE, PE",,🔒,,"Rua Leal de Barros - Iputinga, Recife",-8.033032599999999,-34.93090480000001,"supermarket,grocery_or_supermarket,store,food,point_of_interest,establishment",Independente / Sem chain identificado,Supermercado,TARGET
"RECIFE, PE",,Grupo Atacarejo,grupo atacarejo,"Rua Padre Lemos, 58 - Casa Amarela, Recife",-8.026205899999999,-34.9175595,"grocery_or_supermarket,supermarket,store,food,point_of_interest,establishment",Independente / Sem chain identificado,Atacarejo,TARGET
"RECIFE, PE",,AGIL ARQUITETURA,agil arquitetura,"Praça de Casa Forte, 586 - sala 8 - Casa Forte, Recife",-8.0353566,-34.9202663,"gas_station,fire_station,convenience_store,food,store,point_of_interest,establishment",Independente / Sem chain identificado,Posto,REVIEW
"RECIFE, PE",,Posto Shell,posto shell,"Avenida Dezessete de Agosto, 2450 - Monteiro, Recife",-8.028319,-34.9261111,"gas_station,convenience_store,food,store,point_of_interest,establishment",Shell,Posto / Conveniência,TARGET
"RECIFE, PE",,Posto Petrobras,posto petrobras,"Avenida Norte Miguel Arraes de Alencar, 6717 - Casa Amarela, Recife",-8.0204606,-34.9252176,"gas_station,convenience_store,car_wash,car_repair,restaurant,food,store,point_of_interest,establishment",Petrobras,Posto / Conveniência,TARGET
"RECIFE, PE",,Br Mania,br mania,"Avenida Dezessete de Agosto, 1267 - Parnamirim, Recife",-8.0369004,-34.9199524,"convenience_store,food,store,point_of_interest,establishment",BR Mania (Petrobras),Conveniência,TARGET
"RECIFE, PE",,Posto Petrobras,posto petrobras,"Avenida Dezessete de Agosto, 1267 - Poço da Panela, Recife",-8.036852,-34.91994599999999,"gas_station,convenience_store,car_wash,car_repair,restaurant,food,store,point_of_interest,establishment",Petrobras,Posto / Conveniência,TARGET
"RECIFE, PE",,Conveniência,conveniencia,"Rua Jaime Loyo - Casa Forte, Recife",-8.0367261,-34.9145234,"convenience_store,food,store,point_of_interest,establishment",Independente / Sem chain identificado,Conveniência,TARGET
"RECIFE, PE",,Dislub Conveniência,dislub conveniencia,"Avenida Dezessete de Agosto, 598 - Parnamirim, Recife",-8.0367178,-34.91432260000001,"convenience_store,food,store,point_of_interest,establishment",Independente / Sem chain identificado,Conveniência,TARGET
"RECIFE, PE",,Emporio Zona Norte - Conveniência e Bebidas,emporio zona norte - conveniencia e bebidas,"Rua Virgínia Lorêto, 111 - Parnamirim, Recife",-8.0350897,-34.910709,"convenience_store,food,store,point_of_interest,establishment",Independente / Sem chain identificado,Mercearia / Empório,TARGET
"RECIFE, PE",,AmPm,ampm,"Rua João Tude de Melo, 91 - Parnamirim, Recife",-8.0359422,-34.90991189999999,"convenience_store,store,food,point_of_interest,establishment",AmPm (Shell),Conveniência,TARGET
"RECIFE, PE",,Posto Petrobras,posto petrobras,"Rua Conselheiro Nabuco, 385 - Casa Amarela, Recife",-8.029341,-34.9172483,"gas_station,car_wash,convenience_store,car_repair,store,restaurant,food,point_of_interest,establishment",Petrobras,Posto / Conveniência,TARGET
"RECIFE, PE",,BR Mania Conveniência,br mania conveniencia,"Rua Conselheiro Nabuco, 385 - Casa Amarela, Recife",-8.029320199999999,-34.917286,"convenience_store,atm,cafe,gas_station,car_repair,meal_takeaway,finance,store,restaurant,food,point_of_interest,establishment",BR Mania (Petrobras),Conveniência,TARGET
"RECIFE, PE",,Rappi Turbo Casa amarela,rappi turbo casa amarela,"Rua Raimundo Freixeiras, 68 - Casa Amarela, Recife",-8.0290241,-34.9183859,"convenience_store,store,food,point_of_interest,establishment",Independente / Sem chain identificado,Conveniência,TARGET
"RECIFE, PE",,Big variedades,big variedades,"Rua Leal de Barros, 640 - Iputinga, Recife",-8.033595,-34.9285127,"convenience_store,store,food,point_of_interest,establishment",BIG / Bompreço,Hipermercado,TARGET
"RECIFE, PE",,Galeria Padre Roma,galeria padre roma,"Praça Doutor Lula Cabral de Melo, 68 - Parnamirim, Recife",-8.0327599,-34.9098314,"convenience_store,store,food,point_of_interest,establishment",Independente / Sem chain identificado,Conveniência,TARGET
"RECIFE, PE",,Shell Select,shell select,"Avenida Dezessete de Agosto, 2450 - Monteiro, Recife",-8.028330799999999,-34.9262016,"convenience_store,store,food,point_of_interest,establishment",Select (Petrobras),Conveniência,TARGET
"RECIFE, PE",,Gela Guela | Conveniência,gela guela | conveniencia,"Rua Antônio de Santa, 96 - Iputinga, Recife",-8.036376299999997,-34.9323227,"convenience_store,store,food,point_of_interest,establishment",Independente / Sem chain identificado,Conveniência,TARGET
"RECIFE, PE",,TEXAS INSANO BURGER,texas insano burger,"Rua Capitão Aurélio de Araújo, 134 - Iputinga, Recife",-8.0422455,-34.93331809999999,"cafe,convenience_store,meal_takeaway,store,restaurant,food,point_of_interest,establishment",Independente / Sem chain identificado,Outros,REVIEW
"RECIFE, PE",,Bada's Mercearia e Pit Stop,bada'srcearia e pit stop,"Avenida Doutor Euríco Chaves, 90 - Monteiro, Recife",-8.0267731,-34.92709110000001,"convenience_store,store,food,point_of_interest,establishment",Independente / Sem chain identificado,Mercearia / Empório,TARGET
"RECIFE, PE",,AmPm,ampm,"Estrada do Arraial, 2345 - Tamarineira, Recife",-8.0322619,-34.9046432,"convenience_store,store,point_of_interest,food,establishment",AmPm (Shell),Conveniência,TARGET
"RECIFE, PE",,Conveniência do Leone,conveniencia do leone,"Rua Santo Anastácio - Casa Amarela, Recife",-8.024668400000001,-34.9243003,"convenience_store,store,point_of_interest,food,establishment",Independente / Sem chain identificado,Conveniência,TARGET
"RECIFE, PE",,Concept Conveniência,concept conveniencia,"Rua do Futuro, 821 - Loja B - Graças, Recife",-8.0385749,-34.90214789999999,"convenience_store,bakery,meal_takeaway,liquor_store,store,restaurant,point_of_interest,food,establishment",Independente / Sem chain identificado,Conveniência,TARGET
"RECIFE, PE",,Realtree,realtree,"Rua Xavier Marques, 233 - Graças, Recife",-8.039708999999998,-34.9018077,"convenience_store,store,point_of_interest,food,establishment",Independente / Sem chain identificado,Conveniência,TARGET
"RECIFE, PE",,OnTime Café & Conveniência,ontime cafe & conveniencia,"Avenida Conselheiro Rosa e Silva, 2000 - Aflitos, Recife",-8.034946999999997,-34.9023461,"convenience_store,store,point_of_interest,food,establishment",Independente / Sem chain identificado,Conveniência,TARGET
"RECIFE, PE",,Conveniência meu amor,convenienciau amor,"Rua Manoel Apolinário - Alto José do Pinho, Recife",-8.0241762,-34.91067899999999,"convenience_store,store,point_of_interest,food,establishment",Independente / Sem chain identificado,Conveniência,TARGET
"RECIFE, PE",,Posto Petrobras,posto petrobras,"Avenida Norte Miguel Arraes de Alencar, 5050 - Casa 0000 - Alto José do Pinho, Recife",-8.0241316,-34.9107426,"gas_station,convenience_store,car_wash,car_repair,store,restaurant,point_of_interest,food,establishment",Petrobras,Posto / Conveniência,TARGET
"RECIFE, PE",,Shell Select,shell select,"Avenida Conselheiro Rosa e Silva, 1550 - Graças, Recife",-8.0382573,-34.9003163,"convenience_store,store,point_of_interest,food,establishment",Select (Petrobras),Conveniência,TARGET
"RECIFE, PE",,Posto Petrobras,posto petrobras,"Rua Padre Lemos, 768 - Casa Amarela, Recife",-8.021147599999999,-34.9210527,"gas_station,convenience_store,car_wash,car_repair,store,restaurant,point_of_interest,food,establishment",Petrobras,Posto / Conveniência,TARGET
"RECIFE, PE",,BR Mania Conveniência,br mania conveniencia,"Rua Padre Lemos, 768 - Casa Amarela, Recife",-8.0211457,-34.9210491,"convenience_store,gas_station,cafe,meal_takeaway,atm,finance,car_repair,store,restaurant,point_of_interest,food,establishment",BR Mania (Petrobras),Conveniência,TARGET
"RECIFE, PE",,-Posto Paraíso do Norte-Posto Petrobras,-posto paraiso do norte-posto petrobras,"Avenida Norte Miguel Arraes de Alencar, 4337 BAIRRO - Tamarineira, Recife",-8.0268736,-34.904809,"gas_station,convenience_store,car_wash,car_repair,store,restaurant,point_of_interest,food,establishment",Petrobras,Posto / Conveniência,TARGET
"RECIFE, PE",,Posto Petrobras,posto petrobras,"Avenida Professor José dos Anjos - Campo Grande, Recife",-8.0264236,-34.9048938,"gas_station,convenience_store,car_wash,car_repair,store,restaurant,point_of_interest,food,establishment",Petrobras,Posto / Conveniência,TARGET
"RECIFE, PE",,Raposa do Poço,raposa do poco,"Rua Antônio Vitrúvio, 71 - Poço da Panela, Recife",-8.0360846,-34.92530199999999,"lodging,point_of_interest,establishment",Independente / Sem chain identificado,Hotel,EXCLUDE
"RECIFE, PE",,Hospital de Olhos Santa Luzia,hospital de olhos santa luzia,"Estrada do Encanamento, 909 - Casa Forte, Recife",-8.0314588,-34.9183019,"hospital,point_of_interest,health,establishment",Independente / Sem chain identificado,Hospital,EXCLUDE
"RECIFE, PE",,Perpart,perpart,"Rua Doutor João Lacerda, 395 - Cordeiro, Recife",-8.0460761,-34.9223082,"local_government_office,point_of_interest,establishment",Independente / Sem chain identificado,Órgão Público,EXCLUDE
"RECIFE, PE",,Recife Brazil Temple,recife brazil temple,"Rua Doutor José de Góes, 280 - Parnamirim, Recife",-8.036364599999999,-34.9111142,"church,place_of_worship,point_of_interest,establishment",Independente / Sem chain identificado,Igreja,EXCLUDE
"RECIFE, PE",,CVC Shopping Plaza Casa Forte,cvc shopping plaza casa forte,"Rua Doutor João Santos Filho, 255 - Parnamirim, Recife",-8.037009,-34.9128265,"travel_agency,point_of_interest,establishment",Independente / Sem chain identificado,Agência de Viagens,EXCLUDE
"RECIFE, PE",,Restaurante Burgogui,restaurante burgogui,"Rua Jader Andrade, 168 - Casa Forte, Recife",-8.0321882,-34.9216477,"restaurant,point_of_interest,food,establishment",Independente / Sem chain identificado,Restaurante,EXCLUDE
"RECIFE, PE",,Cerpe Casa Forte,cerpe casa forte,"Avenida Dezessete de Agosto, 941 - Casa Forte, Recife",-8.038193399999999,-34.9171796,"point_of_interest,health,establishment",Independente / Sem chain identificado,Clínica / Saúde,REVIEW
"RECIFE, PE",,Grupo de Operações Especiais - GOE,grupo de operacoes especiais - goe,"Rua Odete Monteiro, S/N - Cordeiro, Recife",-8.0449222,-34.9221023,"police,point_of_interest,establishment",Independente / Sem chain identificado,Outros,REVIEW
"RECIFE, PE",,ZIP Gráfica e Fachadas / ACM,zip grafica e fachadas / acm,"Rua Jacó Velosino, 56 - Casa Forte, Recife",-8.0367215,-34.91932569999999,"store,point_of_interest,establishment",Independente / Sem chain identificado,Outros,REVIEW
"RECIFE, PE",,Drywash,drywash,"Rua José Bonifácio, 1315 - Torre, Recife",-8.0407907,-34.91034379999999,"laundry,point_of_interest,establishment",Independente / Sem chain identificado,Outros,REVIEW
"RECIFE, PE",,Clínica Movida - Fisioterapia e Pilates,clinica movida - fisioterapia e pilates,"Rua Samuel de Farias, 197 - Santana, Recife",-8.039534499999998,-34.9151447,"gym,point_of_interest,health,establishment",Independente / Sem chain identificado,Outros,EXCLUDE
"RECIFE, PE",,Edmar Victor Medicina Laboratorial - Unidade Casa Forte,edmar victordicina laboratorial - unidade casa forte,"Avenida Dezessete de Agosto, 1533 - Casa Forte, Recife",-8.0348317,-34.92103830000001,"point_of_interest,health,establishment",Independente / Sem chain identificado,Clínica / Saúde,REVIEW
"RECIFE, PE",,Cultura Inglesa Casa Forte,cultura inglesa casa forte,"Avenida Dezessete de Agosto, 223 - Casa Forte, Recife",-8.034939699999999,-34.9116063,"school,point_of_interest,establishment",Independente / Sem chain identificado,Escola,EXCLUDE
"RECIFE, PE",,CPOR Recife,cpor recife,"Avenida Dezessete de Agosto, 1020 - Casa Forte, Recife",-8.037865799999999,-34.9180286,"point_of_interest,establishment",Independente / Sem chain identificado,Outros,REVIEW
"RECIFE, PE",,AutoForte,autoforte,"Rua Samuel de Farias, 229 - Santana, Recife",-8.0397753,-34.91504219999999,"car_repair,point_of_interest,establishment",Independente / Sem chain identificado,Automotivo,EXCLUDE
"RECIFE, PE",,Agrolab Análises Ambientais,agrolab analises ambientais,"Rua Sant'Anna, 486 - Casa Forte, Recife",-8.041569299999997,-34.91506439999999,"point_of_interest,establishment",Independente / Sem chain identificado,Outros,REVIEW
"RECIFE, PE",,BUNKER MANGUE CROSS,bunker mangue cross,"Rua Dona Olegarinha, 97 - Poço da Panela, Recife",-8.039171099999999,-34.9183236,"gym,point_of_interest,health,establishment",Independente / Sem chain identificado,Outros,EXCLUDE
"RECIFE, PE",,GMR Projetos Estruturais,gmr projetos estruturais,"Rua Agrestina, 110 - Santana, Recife",-8.038800799999999,-34.9147007,"point_of_interest,establishment",Independente / Sem chain identificado,Outros,REVIEW
"RECIFE, PE",,Cordeiro,cordeiro,Cordeiro,-8.0479358,-34.9258207,"sublocality_level_1,sublocality,political",Independente / Sem chain identificado,Outros,REVIEW
"RECIFE, PE",,Nuvon Design & Branding,nuvon design & branding,"Rua Doutor Luiz Ribeiro Bastos, 51 - Poço da Panela, Recife",-8.039121399999997,-34.919065,"point_of_interest,establishment",Independente / Sem chain identificado,Outros,REVIEW
"RECIFE, PE",,BONAPARTE,bonaparte,"SHOPPING PLAZA - Rua Doutor João Santos Filho, 255 - 307 - Casa Forte, Recife",-8.0368461,-34.9130385,"restaurant,store,food,point_of_interest,establishment",Independente / Sem chain identificado,Restaurante,REVIEW
"RECIFE, PE",,Restaurante Famintos,restaurante famintos,"Rua Sant'Anna, 12 - Casa Forte, Recife",-8.038632999999999,-34.9179854,"restaurant,store,food,point_of_interest,establishment",Independente / Sem chain identificado,Restaurante,REVIEW
"RECIFE, PE",,Líder Corretora de Seguros Adminst e Assit Técnica,lider corretora de seguros adminst e assit tecnica,"Rua Engenheiro Bandeira de Melo, 1 - Poço da Panela, Recife",-8.0369763,-34.9200282,"insurance_agency,point_of_interest,establishment",Independente / Sem chain identificado,Outros,REVIEW
"RECIFE, PE",,USF - Casarão do Cordeiro,usf - casarao do cordeiro,"Rua Odete Monteiro, 450 - Cordeiro, Recife",-8.044157799999999,-34.9213938,"hospital,health,point_of_interest,establishment",Independente / Sem chain identificado,Hospital,EXCLUDE
"RECIFE, PE",,rotary clube,rotary clube,"Praça de Casa Forte, 412 - Casa Forte, Recife",-8.0337829,-34.91965479999999,"point_of_interest,establishment",Independente / Sem chain identificado,Outros,REVIEW
"RECIFE, PE",,Salão de Beleza Belas ART’S,salao de beleza belas arts,"Rua Leonardo Bezerra Cavalcante, 766 - Jaqueira, Recife",-8.0373166,-34.9132485,"beauty_salon,hair_care,point_of_interest,establishment",Independente / Sem chain identificado,Outros,EXCLUDE
"RECIFE, PE",,Global Escritório de Negócios,global escritorio de negocios,"Rua Laurindo Coelho, 88 - Casa Forte, Recife",-8.036758499999998,-34.91517880000001,"point_of_interest,establishment",Independente / Sem chain identificado,Outros,REVIEW
"RECIFE, PE",,Bm4 Comunicação e Marketing,bm4unicacao e marketing,"Rua Sant'Anna, 54 - Casa Forte, Recife",-8.038692,-34.9178402,"point_of_interest,establishment",Independente / Sem chain identificado,Outros,REVIEW
"RECIFE, PE",,Jazzz Agência Digital - Recife,jazzz agencia digital - recife,"Praça de Casa Forte, 465 - Casa Forte, Recife",-8.034803499999999,-34.9189127,"point_of_interest,establishment",Independente / Sem chain identificado,Outros,REVIEW
"RECIFE, PE",,Aqualar,aqualar,"Avenida Dezessete de Agosto, 1137 - Poço da Panela, Recife",-8.0378103,-34.9191782,"point_of_interest,establishment",Independente / Sem chain identificado,Outros,REVIEW
"RECIFE, PE",,MEC Lanches,mec lanches,"Rua Cantora Clara Nunes, 13 - Torre, Recife",-8.0449889,-34.91702949999999,"meal_takeaway,restaurant,food,point_of_interest,establishment",Independente / Sem chain identificado,Outros,REVIEW
"RECIFE, PE",,william ariel arcanjo lins advocacia,william ariel arcanjo lins advocacia,"Rua Doutor Luiz Ribeiro Bastos - Poço da Panela, Recife",-8.039147999999997,-34.9190376,"lawyer,point_of_interest,establishment",Independente / Sem chain identificado,Outros,REVIEW
"RECIFE, PE",,Spiritualist Association House of Humble,spiritualist association house of humble,"Rua Henrique Machado, 110 - Casa Forte, Recife",-8.040645699999999,-34.91831179999999,"point_of_interest,establishment",Independente / Sem chain identificado,Outros,REVIEW
"RECIFE, PE",,Stampato Gráfica & Personalizados,stampato grafica & personalizados,"Rua do Chacon, 274 - Sala 415 - Poço da Panela, Recife",-8.039799,-34.9202362,"clothing_store,store,point_of_interest,establishment",Independente / Sem chain identificado,Loja de Roupa,EXCLUDE
"RECIFE, PE",,Sunny Place School - Escola Ensino Infantil Bilíngue em Recife,sunny place school - escola ensino infantil bilingue em recife,"Rua do Chacon, 300 - Poço da Panela, Recife",-8.0399653,-34.9202542,"point_of_interest,school,establishment",Independente / Sem chain identificado,Escola,EXCLUDE
"RECIFE, PE",,Mesa Inc.,mesa inc.,"Rua do Chacon, 274 - Sala 106 - Poço da Panela, Recife",-8.0397483,-34.9202588,"point_of_interest,establishment",Independente / Sem chain identificado,Outros,REVIEW
"RECIFE, PE",,Mello & Barros,mello & barros,"Rua do Chacon, 274 - sala 401 - Poço da Panela, Recife",-8.039781999999999,-34.92026399999999,"lawyer,point_of_interest,establishment",Independente / Sem chain identificado,Outros,REVIEW
"RECIFE, PE",,"Andréa Leal Fotografia - Parto, Gestante, Newborn, Famílias e Eventos","andrea leal fotografia - parto, gestante, newborn, familias e eventos","Rua do Chacon, 274 - sala 301 - Poço da Panela, Recife",-8.0397819,-34.9202636,"point_of_interest,establishment",Independente / Sem chain identificado,Outros,REVIEW
"RECIFE, PE",,Colégio Ethos,colegio ethos,"Rua Oliveira Góes - Poço da Panela, Recife",-8.03912,-34.9201539,"point_of_interest,school,establishment",Independente / Sem chain identificado,Escola,EXCLUDE
"RECIFE, PE",,Carmem Beautyque - Soluções Capilares,carmem beautyque - solucoes capilares,"Rua do Chacon, 274 - 508 - Poço da Panela, Recife",-8.039705699999999,-34.920371,"beauty_salon,point_of_interest,establishment",Independente / Sem chain identificado,Outros,EXCLUDE
"RECIFE, PE",,FBS GESTÃO E NEGÓCIOS,fbs gestao e negocios,"Rua do Chacon, 274 - SALA 110 - Poço da Panela, Recife",-8.039719,-34.9204675,"point_of_interest,establishment",Independente / Sem chain identificado,Outros,REVIEW
"RECIFE, PE",,ETI Soluções de Tecnolgia,eti solucoes de tecnolgia,"Rua do Chacon, 274 - Sala 410 - Poço da Panela, Recife",-8.039719,-34.9204675,"point_of_interest,establishment",Independente / Sem chain identificado,Outros,REVIEW
"RECIFE, PE",,Mais Contabilidade / Almeida Contadores Associados,mais contabilidade / almeida contadores associados,"Rua do Chacon, 274 - Casa Forte, Recife",-8.039719,-34.9204675,"accounting,finance,point_of_interest,establishment",Independente / Sem chain identificado,Outros,REVIEW
"RECIFE, PE",,Pinteiro & Coutinho Propriedade Intelectual Direito Empresarial,pinteiro & coutinho propriedade intelectual direito empresarial,"Rua do Chacon, 274 - Casa Forte, Recife",-8.039719,-34.920468,"point_of_interest,establishment",Independente / Sem chain identificado,Outros,REVIEW
"RECIFE, PE",,MANISA Engenharia Industrial,manisa engenharia industrial,"Rua do Chacon, 274 - Sala 410 - Poço da Panela, Recife",-8.039719,-34.9204675,"point_of_interest,general_contractor,establishment",Independente / Sem chain identificado,Construtora,EXCLUDE
"RECIFE, PE",,Clínica Salutem de Medicina Preventiva,clinica salutem dedicina preventiva,"Poço da Panela, Recife",-8.0392867,-34.9203767,"doctor,health,point_of_interest,establishment",Independente / Sem chain identificado,Outros,EXCLUDE
"RECIFE, PE",,Ana Luiza Salão de Beleza e Studio de Maquiagem,ana luiza salao de beleza e studio de maquiagem,"Rua João Cauás, 51 - Sala 209 - Poço da Panela, Recife",-8.0385312,-34.9200403,"beauty_salon,point_of_interest,establishment",Independente / Sem chain identificado,Outros,EXCLUDE
"RECIFE, PE",,ATMA - Terapias e Yoga Integrativa,atma - terapias e yoga integrativa,"Rua do Chacon, 106 - Poço da Panela, Recife",-8.0383021,-34.9197024,"doctor,health,point_of_interest,establishment",Independente / Sem chain identificado,Outros,REVIEW
"RECIFE, PE",,FTTI - Formatti - Loja de Informática e Suporte Técnico (Casa Forte),ftti - formatti - loja de informatica e suporte tecnico (casa forte),"Rua Dona Ada Vieira, 144 - Casa Forte, Recife",-8.038948999999999,-34.91733779999999,"store,point_of_interest,establishment",Independente / Sem chain identificado,Outros,REVIEW
"RECIFE, PE",,IE Garanhuns,ie garanhuns,"Rua João Cauás, 51 - Poço da Panela, Recife",-8.0384694,-34.9200563,"store,point_of_interest,establishment",Independente / Sem chain identificado,Outros,REVIEW
"RECIFE, PE",,Mendo Sampaio,mendo sampaio,"Rua João Cauás, 51 - Poço da Panela, Recife",-8.0384694,-34.9200563,"point_of_interest,establishment",Independente / Sem chain identificado,Outros,REVIEW
"RECIFE, PE",,Up To Date Eventos,up to date eventos,"Rua João Cauás, 51 - Poço da Panela, Recife",-8.0384694,-34.9200563,"point_of_interest,establishment",Independente / Sem chain identificado,Outros,REVIEW
"RECIFE, PE",,Zé Maria Imóveis,ze maria imoveis,"Rua João Cauás, 51 - Poço da Panela, Recife",-8.0384694,-34.9200563,"real_estate_agency,point_of_interest,establishment",Independente / Sem chain identificado,Outros,REVIEW
"RECIFE, PE",,MDS - Pernambuco,mds - pernambuco,"Rua João Cauás, 51 - Salas 106, 107 e 108, Empresarial - Casa Forte, Recife",-8.038447099999999,-34.9200543,"insurance_agency,point_of_interest,establishment",Independente / Sem chain identificado,Outros,REVIEW
"RECIFE, PE",,EstuárioTI,estuarioti,"Rua João Cauás, 51 - Poço da Panela, Recife",-8.0384458,-34.9200624,"point_of_interest,establishment",Independente / Sem chain identificado,Outros,REVIEW
"RECIFE, PE",,Selar Engenharia,selar engenharia,"Empresarial Casa Forte - Rua João Cauás, 51 - 406 e407 - Poço da Panela, Recife",-8.0384376,-34.9200777,"point_of_interest,general_contractor,establishment",Independente / Sem chain identificado,Construtora,EXCLUDE
"RECIFE, PE",,Lemos Engenharia Ltda,lemos engenharia,"Rua do Chacon, 274 - Poço da Panela, Recife",-8.039831399999999,-34.9207569,"point_of_interest,general_contractor,establishment",Independente / Sem chain identificado,Construtora,EXCLUDE
"RECIFE, PE",,DALLA NORA,dalla nora,"Rua João Cauás, 51 - Casa Forte, Recife",-8.038428399999999,-34.9201041,"point_of_interest,establishment",Independente / Sem chain identificado,Outros,REVIEW
"RECIFE, PE",,Guapachic,guapachic,"Rua do Chacon, 78 - Casa Forte, Recife",-8.0380468,-34.9196308,"clothing_store,store,point_of_interest,establishment",Independente / Sem chain identificado,Loja de Roupa,EXCLUDE
"RECIFE, PE",,Lojas Maia,lojas maia,"Rua Padre Lemos, 197 - Casa Amarela, Recife",-8.025019499999999,-34.9179397,"department_store,store,point_of_interest,establishment",Independente / Sem chain identificado,Outros,REVIEW
"RECIFE, PE",,Candy House,candy house,"Estrada do Arraial, 3692 - Casa Amarela, Recife",-8.0267989,-34.91517350000001,"food,store,point_of_interest,establishment",Independente / Sem chain identificado,Outros,REVIEW
"RECIFE, PE",,O Boticário,o boticario,"Rua Padre Lemos, 188 - Casa Amarela, Recife",-8.0250076,-34.91764559999999,"clothing_store,store,point_of_interest,establishment",Independente / Sem chain identificado,Loja de Roupa,EXCLUDE
"RECIFE, PE",,Farmácia Permanente,farmacia permanente,"Avenida Conselheiro Rosa e Silva, 1979 - Aflitos, Recife",-8.0350964,-34.90261129999999,"pharmacy,drugstore,clothing_store,health,store,point_of_interest,establishment",Drogaria (indep.),Farmácia,TARGET
"RECIFE, PE",,Central da Beleza,central da beleza,"Rua Padre Lemos, 142 - Casa Amarela, Recife",-8.025471,-34.9177212,"store,point_of_interest,establishment",Independente / Sem chain identificado,Outros,EXCLUDE
"RECIFE, PE",,Casa Design Móveis Personalizados,casa design moveis personalizados,"Rua Sebastião Malta Arcoverde, 50 - Parnamirim, Recife",-8.0341737,-34.9081371,"furniture_store,home_goods_store,store,point_of_interest,establishment",Independente / Sem chain identificado,Loja de Móveis,EXCLUDE
"RECIFE, PE",,M Max Brindes,m max brindes,"Rua São Mateus, 1134 - Iputinga, Recife",-8.0307002,-34.9342315,"store,point_of_interest,establishment",Independente / Sem chain identificado,Outros,REVIEW
"RECIFE, PE",,Officina Design - Casa Forte,officina design - casa forte,"Rua Leonardo Bezerra Cavalcante, 592 - Casa Forte, Recife",-8.037554,-34.91169319999999,"furniture_store,home_goods_store,store,point_of_interest,establishment",Independente / Sem chain identificado,Loja de Móveis,EXCLUDE
"RECIFE, PE",,Design Ecológico Biojóias,design ecologico biojoias,"Rua João Tude de Melo, 77 - 30 - Parnamirim, Recife",-8.0356103,-34.90869739999999,"jewelry_store,store,point_of_interest,establishment",Independente / Sem chain identificado,Outros,REVIEW
"RECIFE, PE",,caoqri de casa forte,caoqri de casa forte,"Estrada das Ubaias, 286 - Casa Forte, Recife",-8.0307546,-34.91938140000001,"pet_store,store,point_of_interest,establishment",Independente / Sem chain identificado,Outros,REVIEW
"RECIFE, PE",,Game Station - Plaza Shopping,game station - plaza shopping,"L5 MEZANINO - 318, Rua Doutor João Santos Filho, 255 - Parnamirim, Recife",-8.0368061,-34.91302109999999,"amusement_park,store,point_of_interest,establishment",Independente / Sem chain identificado,Outros,REVIEW
"RECIFE, PE",,PE MENOR,penor,"Rua Doutor João Santos Filho, 255 - L2 - 78 - Casa Forte, Recife",-8.0370269,-34.9125633,"store,shoe_store,point_of_interest,establishment",Independente / Sem chain identificado,Sapataria,EXCLUDE
"RECIFE, PE",,Mutti Delicatessen,mutti delicatessen,"Avenida Dezessete de Agosto, 61 - Parnamirim, Recife",-8.0336327,-34.91069780000001,"bakery,store,food,point_of_interest,establishment",Independente / Sem chain identificado,Padaria,REVIEW
"RECIFE, PE",,Toli,toli,"Rua Doutor João Santos Filho, 255 - Loja 187 - Casa Forte, Recife",-8.0369342,-34.91251159999999,"clothing_store,store,point_of_interest,establishment",Independente / Sem chain identificado,Loja de Roupa,EXCLUDE
"RECIFE, PE",,Lumiar Healthcare Recife,lumiar healthcare recife,"Rua Major Joaquim Cavalcanti, 88 - Parnamirim, Recife",-8.032328399999997,-34.9147219,"health,store,point_of_interest,establishment",Independente / Sem chain identificado,Clínica / Saúde,REVIEW
"RECIFE, PE",,CAAPE - Clube de Automóveis Antigos de Pernambuco,caape - clube de automoveis antigos de pernambuco,"Rua Nossa Senhora da Saúde, 563 - Iputinga, Recife",-8.0412913,-34.9277677,"car_dealer,store,point_of_interest,establishment",Independente / Sem chain identificado,Automotivo,EXCLUDE
"RECIFE, PE",,Wassabi Sushi Store,wassabi sushi store,"Galeria Esquina - Estrada do Encanamento, 149 - Loja 06 - Parnamirim, Recife",-8.0328013,-34.91177959999999,"home_goods_store,grocery_or_supermarket,store,food,point_of_interest,establishment",Independente / Sem chain identificado,Casa & Decoração,EXCLUDE
"RECIFE, PE",,Coffee Shop São Braz,coffee shop sao braz,"L1 - SS43, Rua Doutor João Santos Filho, 255 - Parnamirim, Recife",-8.0369479,-34.912809,"cafe,store,food,point_of_interest,establishment",Independente / Sem chain identificado,Outros,REVIEW
"RECIFE, PE",,Galahad Camisaria,galahad camisaria,"Rua Virgínia Lorêto, 87 - Parnamirim, Recife",-8.0349989,-34.9109699,"clothing_store,store,point_of_interest,establishment",Independente / Sem chain identificado,Loja de Roupa,EXCLUDE
"RECIFE, PE",,ANTESE,antese,"Avenida Dezessete de Agosto, 296 - Casa Forte, Recife",-8.0349872,-34.91208989999999,"store,clothing_store,point_of_interest,establishment",Independente / Sem chain identificado,Loja de Roupa,EXCLUDE
"RECIFE, PE",,Bàcchus,bacchus,"Estrada do Encanamento, 480 - Casa Forte, Recife",-8.031488399999999,-34.9147452,"clothing_store,store,point_of_interest,establishment",Independente / Sem chain identificado,Loja de Roupa,EXCLUDE
"RECIFE, PE",,Via Lorenzzi,via lorenzzi,"Rua Doutor João Santos Filho, 255 - Loja 160 - Casa Forte, Recife",-8.0369342,-34.91251159999999,"shoe_store,store,point_of_interest,establishment",Independente / Sem chain identificado,Sapataria,EXCLUDE
"RECIFE, PE",,Kipeças,kipecas,"Avenida Caxangá, 2689 - Cordeiro, Recife",-8.0453572,-34.9307141,"car_repair,store,point_of_interest,establishment",Independente / Sem chain identificado,Automotivo,EXCLUDE
"RECIFE, PE",,L2 Bike Shop,l2 bike shop,"Rua Jerônimo de Albuquerque, 45 - Casa Forte, Recife",-8.0312728,-34.9170755,"bicycle_store,store,point_of_interest,establishment",Independente / Sem chain identificado,Bicicletaria,EXCLUDE
"RECIFE, PE",,Vagamundo,vagamundo,"Rua Doutor João Santos Filho, 255 - Loja 180 - Casa Forte, Recife",-8.0369342,-34.91251159999999,"clothing_store,store,point_of_interest,establishment",Independente / Sem chain identificado,Loja de Roupa,EXCLUDE
"RECIFE, PE",,MB Interiores - Móveis Planejados,mb interiores - moveis planejados,"Rua Conde de Irajá, 444 - Torre, Recife",-8.045852199999999,-34.9077176,"furniture_store,home_goods_store,store,point_of_interest,establishment",Independente / Sem chain identificado,Loja de Móveis,EXCLUDE
"RECIFE, PE",,Seaway Plaza Shopping,seaway plaza shopping,"Rua Doutor João Santos Filho, 255 - L3 - 190/2 - Casa Forte, Recife",-8.0370269,-34.9125633,"clothing_store,store,point_of_interest,establishment",Independente / Sem chain identificado,Loja de Roupa,EXCLUDE
"RECIFE, PE",,GRAMAPRINT,gramaprint,"Rua Doutor João Santos Filho, 255, Loja 126, piso L3, Parnamirim - Casa Forte, Recife",-8.036986899999999,-34.9126229,"electronics_store,store,point_of_interest,establishment",Independente / Sem chain identificado,Eletrônica,EXCLUDE
"RECIFE, PE",,Oculum Ótica Shopping Plaza Casa Forte - Loja 01,oculum otica shopping plaza casa forte - loja 01,"Rua Doutor João Santos Filho, 255, Piso L2, Loja 47-48 - Parnamirim, Recife",-8.0369342,-34.91251159999999,"store,health,point_of_interest,establishment",Independente / Sem chain identificado,Clínica / Saúde,REVIEW
"RECIFE, PE",,Blu K Plaza Shopping Casa Forte,blu k plaza shopping casa forte,"Rua Doutor João Santos Filho, 255 - Piso L3, Loja 135 - Sitio dos Pintos, Recife",-8.036986899999999,-34.9126229,"store,clothing_store,point_of_interest,establishment",Independente / Sem chain identificado,Loja de Roupa,EXCLUDE
"RECIFE, PE",,MYOSOTIS,myosotis,"Rua Doutor João Santos Filho, 255 - L3 - 143/145 - Casa Forte, Recife",-8.0370269,-34.9125633,"store,clothing_store,point_of_interest,establishment",Independente / Sem chain identificado,Loja de Roupa,EXCLUDE
"RECIFE, PE",,Worker Pharmacy,worker pharmacy,"Rua Padre Lemos, 86 - Casa Amarela, Recife",-8.025949599999999,-34.9177272,"pharmacy,health,store,point_of_interest,establishment",Independente / Sem chain identificado,Farmácia,TARGET
"RECIFE, PE",,Lordman,lordman,"Rua Doutor João Santos Filho, 255 - Loja 02 - Casa Forte, Recife",-8.0369342,-34.91251159999999,"clothing_store,store,point_of_interest,establishment",Independente / Sem chain identificado,Loja de Roupa,EXCLUDE
"RECIFE, PE",,Mactoot,mactoot,"Galeria Via Roma Center, Praça Doutor Lula Cabral de Melo, 68 - loja 15 e 16 - Parnamirim, Recife",-8.0326642,-34.9098688,"clothing_store,store,point_of_interest,establishment",Independente / Sem chain identificado,Loja de Roupa,EXCLUDE
"RECIFE, PE",,UNCLE K,uncle k,"Shopping Plaza Casa, Rua Doutor João Santos Filho, 255 - Casa Forte, Recife",-8.036991,-34.9125961,"clothing_store,store,point_of_interest,establishment",Independente / Sem chain identificado,Loja de Roupa,EXCLUDE
"RECIFE, PE",,Distribuidora Kalui Cosméticos,distribuidora kalui cosmeticos,"Rua Padre Lemos, 197 - Casa Amarela, Recife",-8.025019499999999,-34.9179397,"clothing_store,store,point_of_interest,establishment",Independente / Sem chain identificado,Distribuidora,EXCLUDE
"RECIFE, PE",,Multi Service Tech,multi service tech,"Rua Doutor João Santos Filho, 255 - Casa Forte, Recife",-8.0370058,-34.91261159999999,"store,point_of_interest,establishment",Independente / Sem chain identificado,Outros,REVIEW
"RECIFE, PE",,Minuto Pão de Açúcar,minuto pao de acucar,"Rua Teles Júnior, 60 - Aflitos, Recife",-8.0375604,-34.8961547,"supermarket,convenience_store,bakery,grocery_or_supermarket,store,restaurant,point_of_interest,food,establishment",Independente / Sem chain identificado,Supermercado,TARGET
"RECIFE, PE",,DISKLIMP COMERCIO LTDA - ME,disklimp -,"Rua Regueira Costa, 231 - Rosarinho, Recife",-8.033274999999998,-34.8984762,"supermarket,grocery_or_supermarket,store,point_of_interest,food,establishment",Independente / Sem chain identificado,Supermercado,TARGET
"RECIFE, PE",,Lima Frios,lima frios,"Rua Doutor José Maria, 2-200 - Encruzilhada, Recife",-8.0371467,-34.89221200000001,"supermarket,grocery_or_supermarket,health,store,food,point_of_interest,establishment",Independente / Sem chain identificado,Supermercado,TARGET
"RECIFE, PE",,MERCEARIA DEUS E FIEL,mercearia deus e fiel,"Estrada Velha de Água Fria - Tamarineira, Recife",-8.0296378,-34.9004612,"supermarket,grocery_or_supermarket,store,food,point_of_interest,establishment",Independente / Sem chain identificado,Mercearia / Empório,TARGET
"RECIFE, PE",,Mercadinho Oliveira,mercadinho oliveira,"Avenida Norte Miguel Arraes de Alencar, 4000 - Tamarineira, Recife",-8.028265,-34.902169,"supermarket,grocery_or_supermarket,store,food,point_of_interest,establishment",Independente / Sem chain identificado,Mercadinho,TARGET
"RECIFE, PE",,Alô Água,alo agua,"Rua Couto Magalhães, 97 - Rosarinho, Recife",-8.0303671,-34.893363,"supermarket,grocery_or_supermarket,store,food,point_of_interest,establishment",Independente / Sem chain identificado,Supermercado,TARGET
"RECIFE, PE",,AMPLA Soluções Integradas,ampla solucoes integradas,"Rua Guimarães Peixoto, 75 - Casa Amarela, Recife",-8.0292096,-34.9074456,"supermarket,grocery_or_supermarket,store,food,point_of_interest,establishment",Independente / Sem chain identificado,Supermercado,TARGET
"RECIFE, PE",,Gmais Supermercados,gmaiss,"Avenida Norte Miguel Arraes de Alencar, 4223 - Tamarineira, Recife",-8.0273468,-34.90400069999999,"supermarket,grocery_or_supermarket,store,food,point_of_interest,establishment",Independente / Sem chain identificado,Supermercado,TARGET
"RECIFE, PE",,VCL PEÇAS DISTRIBUIDORA ALFA LAVAL,vcl pecas distribuidora alfa laval,"galeria Monsaraz - Estrada do Arraial, n° 2948 - loja 112 - Casa Amarela, Recife",-8.0288027,-34.9086046,"supermarket,grocery_or_supermarket,store,food,point_of_interest,establishment",Independente / Sem chain identificado,Distribuidora,TARGET
"RECIFE, PE",,armazém de construção,armazem de construcao,"Avenida Professor José dos Anjos, 4a - Campo Grande, Recife",-8.026135199999997,-34.9015338,"supermarket,grocery_or_supermarket,store,food,point_of_interest,establishment",Independente / Sem chain identificado,Supermercado,TARGET
"RECIFE, PE",,Mercadinho Priscila,mercadinho priscila,"Rua Ramiz Galvão, 133 - Arruda, Recife",-8.025560199999997,-34.89470379999999,"supermarket,grocery_or_supermarket,store,food,point_of_interest,establishment",Independente / Sem chain identificado,Mercadinho,TARGET
"RECIFE, PE",,Mercado Gomes,mercado gomes,"Rua Maria Gonçalves, 177 - Mangabeira, Recife",-8.024233299999999,-34.90167469999999,"supermarket,grocery_or_supermarket,store,food,point_of_interest,establishment",Independente / Sem chain identificado,Supermercado,TARGET
"RECIFE, PE",,Mercearia São Sorte,mercearia sao sorte,"Avenida Professor José dos Anjos, 187 - Campo Grande, Recife",-8.027484099999999,-34.889583,"supermarket,grocery_or_supermarket,store,food,point_of_interest,establishment",Independente / Sem chain identificado,Mercearia / Empório,TARGET
"RECIFE, PE",,Mercadinho Salve Jorge,mercadinho salve jorge,"Rua Sete Pecados, 65 - Arruda, Recife",-8.0243887,-34.8942799,"supermarket,grocery_or_supermarket,store,food,point_of_interest,establishment",Independente / Sem chain identificado,Mercadinho,TARGET
"RECIFE, PE",,Maria Santos da Costa Minimercado,maria santos da costa minimercado,"Rua Severino Bernardino Pereira, 85 - Mangabeira, Recife",-8.0232915,-34.9038648,"supermarket,grocery_or_supermarket,store,food,point_of_interest,establishment",Independente / Sem chain identificado,Minimercado,TARGET
"RECIFE, PE",,Mercadinho Popular,mercadinho popular,"Rua Severino Bernardino Pereira, 85 - Alto José do Pinho, Recife",-8.0232915,-34.9038648,"supermarket,grocery_or_supermarket,store,food,point_of_interest,establishment",Independente / Sem chain identificado,Mercadinho,TARGET
"RECIFE, PE",,Real Supermercado,real,"Rua Horácio Silva, 114 - Alto José do Pinho, Recife",-8.0237661,-34.9075205,"supermarket,grocery_or_supermarket,store,food,point_of_interest,establishment",Independente / Sem chain identificado,Supermercado,TARGET
"RECIFE, PE",,Posto Ipiranga,posto ipiranga,"Avenida Norte Miguel Arraes de Alencar, 3257 - Rosarinho, Recife",-8.032651999999999,-34.897274,"gas_station,car_wash,convenience_store,car_repair,store,restaurant,food,point_of_interest,establishment",Ipiranga,Posto / Conveniência,TARGET
"RECIFE, PE",,Posto Petrobras GNV,posto petrobras gnv,"Avenida Norte Miguel Arraes de Alencar, 3110 - Rosarinho, Recife",-8.033534699999999,-34.89635369999999,"gas_station,car_wash,convenience_store,car_repair,store,restaurant,food,point_of_interest,establishment",Petrobras,Posto / Conveniência,TARGET
"RECIFE, PE",,BR Mania Conveniência,br mania conveniencia,"Avenida Norte Miguel Arraes de Alencar, 3416 - Rosarinho, Recife",-8.0314792,-34.89774070000001,"convenience_store,atm,cafe,gas_station,car_repair,meal_takeaway,finance,store,restaurant,food,point_of_interest,establishment",BR Mania (Petrobras),Conveniência,TARGET
"RECIFE, PE",,Shell Select,shell select,"Avenida Beberibe, 167 - Encruzilhada, Recife",-8.0359453,-34.89145370000001,"convenience_store,store,food,point_of_interest,establishment",Select (Petrobras),Conveniência,TARGET
"RECIFE, PE",,Terraço Rosarinho,terraco rosarinho,"Avenida Norte Miguel Arraes de Alencar, 2905 - Rosarinho, Recife",-8.0354279,-34.8956273,"convenience_store,store,food,point_of_interest,establishment",Independente / Sem chain identificado,Conveniência,TARGET
"RECIFE, PE",,Convenência Express,convenencia express,Brazil,-8.035305800000001,-34.8956801,"convenience_store,store,food,point_of_interest,establishment",Independente / Sem chain identificado,Conveniência,TARGET
"RECIFE, PE",,AmPm,ampm,"Avenida Norte Miguel Arraes de Alencar, 3257 - Rosarinho, Recife",-8.0328355,-34.89706019999999,"convenience_store,store,food,point_of_interest,establishment",AmPm (Shell),Conveniência,TARGET
"RECIFE, PE",,Posto Petrobras,posto petrobras,"Avenida Norte Miguel Arraes de Alencar, 3416 - Rosarinho, Recife",-8.031524000000001,-34.8977468,"gas_station,car_wash,convenience_store,car_repair,store,restaurant,food,point_of_interest,establishment",Petrobras,Posto / Conveniência,TARGET
"RECIFE, PE",,AmPm,ampm,"Avenida Beberibe, 167 - Encruzilhada, Recife",-8.0359224,-34.89147190000001,"convenience_store,store,food,point_of_interest,establishment",AmPm (Shell),Conveniência,TARGET
"RECIFE, PE",,BODEGA,bodega,"Avenida Beberibe, 1021 - Ponto de Parada, Recife",-8.0284526,-34.8931306,"convenience_store,store,food,point_of_interest,establishment",Independente / Sem chain identificado,Conveniência,TARGET
"RECIFE, PE",,Posto Petrobras,posto petrobras,"Avenida Beberibe, 1021 - Arruda, Recife",-8.02839,-34.89300999999999,"gas_station,car_wash,convenience_store,car_repair,store,restaurant,food,point_of_interest,establishment",Petrobras,Posto / Conveniência,TARGET
"RECIFE, PE",,ABA English Education - Aflitos,aba english education - aflitos,"Avenida Santos Dumont, 300 - Aflitos, Recife",-8.0384721,-34.8987209,"point_of_interest,establishment",Independente / Sem chain identificado,Outros,REVIEW
"RECIFE, PE",,AABB - Recife,aabb - recife,"Avenida Doutor Malaquias, 204 - Graças, Recife",-8.038649699999999,-34.9028948,"point_of_interest,establishment",Independente / Sem chain identificado,Outros,REVIEW
"RECIFE, PE",,Casa Rosada Receptions,casa rosada receptions,"Avenida Santos Dumont, 657 - Rosarinho, Recife",-8.0353848,-34.8976455,"food,point_of_interest,establishment",Independente / Sem chain identificado,Outros,REVIEW
"RECIFE, PE",,Habib's Rosa e Silva,habib's rosa e silva,"Avenida Conselheiro Rosa e Silva, 901 - Aflitos, Recife",-8.0435303,-34.8975937,"restaurant,food,point_of_interest,establishment",Independente / Sem chain identificado,Restaurante,EXCLUDE
"RECIFE, PE",,Pernambuco State Museum,pernambuco state museum,"Avenida Rui Barbosa, 960 - Graças, Recife",-8.0447581,-34.9018344,"museum,tourist_attraction,point_of_interest,establishment",Independente / Sem chain identificado,Outros,EXCLUDE
"RECIFE, PE",,CASSI - CliniCASSI Recife/PE,cassi - clinicassi recife/pe,"Executive Trade Center - Avenida Conselheiro Rosa e Silva, 1460 - 5º, 6º e 7º andares - Aflitos, Recife",-8.038618200000002,-34.8995366,"health,point_of_interest,establishment",Independente / Sem chain identificado,Clínica / Saúde,REVIEW
"RECIFE, PE",,Agenda Traduções,agenda traducoes,"Rua Manoel de Almeida, 110 - Graças, Recife",-8.047350899999998,-34.90202539999999,"point_of_interest,establishment",Independente / Sem chain identificado,Outros,REVIEW
"RECIFE, PE",,Agnes Erskine Presbyterian School,agnes erskine presbyterian school,"Avenida Rui Barbosa, 704 - Graças, Recife",-8.0460212,-34.9005271,"point_of_interest,school,establishment",Independente / Sem chain identificado,Escola,EXCLUDE
"RECIFE, PE",,Academia Life,academia life,"Cristal Center - Jaqueira - Rua Deputado Pedro Pires Ferreira, 405 - 2º andar - Graças, Recife",-8.0386543,-34.9047828,"gym,health,point_of_interest,establishment",Independente / Sem chain identificado,Outros,EXCLUDE
"RECIFE, PE",,Faculdade Damas,faculdade damas,"Avenida Doutor Malaquias, 255 - Graças, Recife",-8.039315499999999,-34.90243590000001,"university,point_of_interest,establishment",Independente / Sem chain identificado,Escola,EXCLUDE
"RECIFE, PE",,CaroLemos Dançarte,carolemos dancarte,"Rua Barão de Contendas, 55 - Aflitos, Recife",-8.0419065,-34.89844269999999,"point_of_interest,establishment",Independente / Sem chain identificado,Outros,REVIEW
"RECIFE, PE",,Boa Vista,boa vista,Boa Vista,-8.0559795,-34.8953473,"sublocality_level_1,sublocality,political",Independente / Sem chain identificado,Outros,REVIEW
"RECIFE, PE",,Via Mundi,via mundi,"Rua Conselheiro Portela, 665 - Sala 209 - Espinheiro, Recife",-8.043690900000001,-34.8968267,"travel_agency,point_of_interest,establishment",Independente / Sem chain identificado,Agência de Viagens,EXCLUDE
"RECIFE, PE",,Cemid-Centro Imunologia Diagnóstico,cemid-centro imunologia diagnostico,"Rua Amélia, 400 - Graças, Recife",-8.044905,-34.89874140000001,"point_of_interest,health,establishment",Independente / Sem chain identificado,Clínica / Saúde,REVIEW
"RECIFE, PE",,D'pil Brasil,d'pil brasil,"Rua do Cupim, 259 - Graças, Recife",-8.045650299999998,-34.89790530000001,"hair_care,point_of_interest,beauty_salon,establishment",Independente / Sem chain identificado,Outros,REVIEW
"RECIFE, PE",,Pousada Rosa e Silva,pousada rosa e silva,"Avenida Conselheiro Rosa e Silva, 1599 - Aflitos, Recife",-8.0381263,-34.9008205,"lodging,point_of_interest,establishment",Independente / Sem chain identificado,Hotel,EXCLUDE
"RECIFE, PE",,Charismatic Episcopal Church of Brazil,charismatic episcopal church of brazil,"Rua Carneiro Viléla, 569 - Aflitos, Recife",-8.038645500000001,-34.8970494,"church,place_of_worship,point_of_interest,establishment",Independente / Sem chain identificado,Igreja,EXCLUDE
"RECIFE, PE",,Monolito Imóveis,monolito imoveis,"Rua Vigário Barreto, 28 - Espinheiro, Recife",-8.044725399999999,-34.8956381,"real_estate_agency,point_of_interest,establishment",Independente / Sem chain identificado,Outros,REVIEW
"RECIFE, PE",,IOR - Instituto de Olhos de Recife,ior - instituto de olhos de recife,"Rua Vigário Barreto, 50 - Graças, Recife",-8.0446103,-34.8960355,"hospital,point_of_interest,health,establishment",Independente / Sem chain identificado,Hospital,EXCLUDE
"RECIFE, PE",,Laboratório Marcelo Magalhães - Jaqueira,laboratorio marcelo magalhaes - jaqueira,"Rua do Futuro, 959 - Jaqueira, Recife",-8.037440999999998,-34.9031434,"point_of_interest,establishment",Independente / Sem chain identificado,Outros,EXCLUDE
"RECIFE, PE",,Arte & Requinte,arte & requinte,"Rua Quarenta e Oito, n° 772 - Aflitos, Recife",-8.0398762,-34.8946844,"point_of_interest,establishment",Independente / Sem chain identificado,Outros,REVIEW
"RECIFE, PE",,Casa Grande Engenharia,casa grande engenharia,"Avenida Conselheiro Rosa e Silva, 1206 - Salas 703/704 - Aflitos, Recife",-8.0408259,-34.89819139999999,"general_contractor,point_of_interest,establishment",Independente / Sem chain identificado,Construtora,EXCLUDE
"RECIFE, PE",,Children's Creative School,children's creative school,"Rua Conde de Irajá, 254 - Torre, Recife",-8.045589099999997,-34.9060061,"school,point_of_interest,establishment",Independente / Sem chain identificado,Escola,EXCLUDE
"RECIFE, PE",,Fazendinha,fazendinha,"Rua das Graças, 219 - Graças, Recife",-8.0487374,-34.9016158,"restaurant,bar,point_of_interest,food,establishment",Independente / Sem chain identificado,Restaurante,EXCLUDE
"RECIFE, PE",,APS Tecnologia - Negócios Digitais,aps tecnologia - negocios digitais,"Rua Frei Jaboatão, 113 - Torre, Recife",-8.0396076,-34.9081077,"point_of_interest,establishment",Independente / Sem chain identificado,Outros,REVIEW
"RECIFE, PE",,Sena Hospedagem – Aluguel por Diária em Flats no Recife,sena hospedagem  aluguel por diaria em flats no recife,"Rua Hoel Sette, 130 - Jaqueira, Recife",-8.0358226,-34.9032793,"lodging,point_of_interest,establishment",Independente / Sem chain identificado,Hotel,EXCLUDE
"RECIFE, PE",,AN Dental - Thanks,an dental - thanks,"Avenida Conselheiro Rosa e Silva, 670 - Graças, Recife",-8.0453286,-34.8967693,"dentist,point_of_interest,doctor,health,establishment",Independente / Sem chain identificado,Outros,REVIEW
"RECIFE, PE",,SINEPE/PE - Sindicato dos Estabelecimentos de Ensino no Estado de Pernambuco,sinepe/pe - sindicato dos estabelecimentos de ensino no estado de pernambuco,"Rua Amélia, 304 - Graças, Recife",-8.0450045,-34.8979771,"point_of_interest,establishment",Independente / Sem chain identificado,Outros,REVIEW
"RECIFE, PE",,Ordem Rosacruz - Loja Rosacruz Recife - AMORC,ordem rosacruz - loja rosacruz recife - amorc,"Avenida Santos Dumont, 236 - Aflitos, Recife",-8.0389961,-34.89894530000001,"place_of_worship,home_goods_store,store,point_of_interest,establishment",Independente / Sem chain identificado,Igreja,EXCLUDE
"RECIFE, PE",,Visage Moda Óptica,visage moda optica,"Avenida Conselheiro Rosa e Silva, 1460 - Graças, Recife",-8.038704399999999,-34.8996134,"clothing_store,store,health,point_of_interest,establishment",Independente / Sem chain identificado,Loja de Roupa,EXCLUDE
"RECIFE, PE",,Carrazzone Pilates e Osteopatia,carrazzone pilates e osteopatia,"Avenida Conselheiro Rosa e Silva, 1206 - sala 711 7 andar - Aflitos, Recife",-8.0408259,-34.89819139999999,"gym,health,point_of_interest,establishment",Independente / Sem chain identificado,Outros,EXCLUDE
"RECIFE, PE",,Círculo Psicanalítico PE,circulo psicanalitico pe,"Rua Desembargador Martins Pereira, 165 - Graças, Recife",-8.036810599999999,-34.89892559999999,"health,point_of_interest,establishment",Independente / Sem chain identificado,Clínica / Saúde,REVIEW
"RECIFE, PE",,North Star Shipping Services,north star shipping services,"Avenida Conselheiro Rosa e Silva, 1206 - Sala 305/306 - Aflitos, Recife",-8.0408259,-34.89819139999999,"point_of_interest,establishment",Independente / Sem chain identificado,Outros,REVIEW
"RECIFE, PE",,O Boticário,o boticario,"Avenida Conselheiro Rosa e Silva, 1460 - Graças, Recife",-8.038618200000002,-34.8995366,"clothing_store,store,point_of_interest,establishment",Independente / Sem chain identificado,Loja de Roupa,EXCLUDE
"RECIFE, PE",,CLINICA REABILIT,clinica reabilit,"Rua Doze de Outubro, 117 - Graças, Recife",-8.043172799999997,-34.8993618,"health,point_of_interest,establishment",Independente / Sem chain identificado,Clínica / Saúde,EXCLUDE
"RECIFE, PE",,Brasilnet,brasilnet,"Avenida Conselheiro Rosa e Silva, 1460 - Aflitos, Recife",-8.038704399999999,-34.8996134,"point_of_interest,establishment",Independente / Sem chain identificado,Outros,REVIEW
"RECIFE, PE",,Parla Deli,parla deli,"Avenida Conselheiro Rosa e Silva, 1305 - Aflitos, Recife",-8.0402778,-34.89916669999999,"bakery,restaurant,store,food,point_of_interest,establishment",Independente / Sem chain identificado,Padaria,REVIEW
"RECIFE, PE",,Mariz Projetos,mariz projetos,"Rua Carneiro Viléla, 658 - 1º Andar - Aflitos, Recife",-8.0379236,-34.8977671,"point_of_interest,establishment",Independente / Sem chain identificado,Outros,REVIEW
"RECIFE, PE",,Fundação de Saúde Amaury de Medeiros,fundacao de saude amaury dedeiros,"Avenida Conselheiro Rosa e Silva, 2130 - Jaqueira, Recife",-8.039978599999998,-34.8991803,"point_of_interest,establishment",Independente / Sem chain identificado,Outros,REVIEW
"RECIFE, PE",,ARPE Agência de Regulação de Pernambuco,arpe agencia de regulacao de pernambuco,"Avenida Conselheiro Rosa e Silva, 975 - Aflitos, Recife",-8.042863299999999,-34.897739,"point_of_interest,establishment",Independente / Sem chain identificado,Outros,REVIEW
"RECIFE, PE",,"Studio Integrado Gledson Silva | Treinamento Funcional, Musculação Personalizada, Danças De Salão nos Aflitos Recife","studio integrado gledson silva | treinamento funcional, musculacao personalizada, dancas de salao nos aflitos recife","Rua Engenheiro - Rua Edgar D'Amorim, 97 - Loja A - Graças, Recife",-8.043871200000002,-34.8978734,"point_of_interest,establishment",Independente / Sem chain identificado,Outros,EXCLUDE
"RECIFE, PE",,Krause Corretora de Seguros,krause corretora de seguros,"Rua Teles Júnior, 331 - Graças, Recife",-8.037048799999999,-34.8984054,"insurance_agency,point_of_interest,establishment",Independente / Sem chain identificado,Outros,REVIEW
"RECIFE, PE",,Sala de Estudo - Reforço Escolar,sala de estudo - reforco escolar,"Rua Antenor Navarro, 81 - sala 108 - Graças, Recife",-8.037602899999998,-34.90231049999999,"point_of_interest,school,establishment",Independente / Sem chain identificado,Escola,EXCLUDE
"RECIFE, PE",,Procuradoria Regional do Trabalho da 6ª Região,procuradoria regional do trabalho da 6a regiao,"Rua Conselheiro Portela, 531 - Espinheiro, Recife",-8.040839199999999,-34.89361339999999,"point_of_interest,establishment",Independente / Sem chain identificado,Outros,REVIEW
"RECIFE, PE",,Twig,twig,"Rua do Futuro, 876 - Graças, Recife",-8.037831400000002,-34.9023234,"clothing_store,store,point_of_interest,establishment",Independente / Sem chain identificado,Loja de Roupa,EXCLUDE
"RECIFE, PE",,Travel with Darcy,travel with darcy,"Rua Desembargador Martins Pereira, 344 - Graças, Recife",-8.0377038,-34.9002173,"travel_agency,point_of_interest,establishment",Independente / Sem chain identificado,Agência de Viagens,EXCLUDE
"RECIFE, PE",,Marcilio Cabeleireiro,marcilio cabeleireiro,"Condomínio da Galeria Estação Jaqueira - Rua Antenor Navarro, 81 - Jaqueira, Recife",-8.037617299999999,-34.9023309,"beauty_salon,point_of_interest,establishment",Independente / Sem chain identificado,Outros,EXCLUDE
"RECIFE, PE",,Revestelar,revestelar,"Rua Desembargador Martins Pereira, 59 - Rosarinho, Recife",-8.0359955,-34.8983422,"home_goods_store,store,point_of_interest,establishment",Independente / Sem chain identificado,Casa & Decoração,EXCLUDE
"RECIFE, PE",,Cássia Pereira Bolos Artísticos,cassia pereira bolos artisticos,"Rua Silveira Líra, 114 - Tamarineira, Recife",-8.030415899999998,-34.9000222,"bakery,store,food,point_of_interest,establishment",Independente / Sem chain identificado,Padaria,REVIEW
"RECIFE, PE",,Sobrado 23 Maquetes,sobrado 23 maquetes,"Rua Gérson de Barros Pinangé, 117 - Ponto de Parada, Recife",-8.029173099999998,-34.8939739,"store,point_of_interest,establishment",Independente / Sem chain identificado,Outros,REVIEW
"RECIFE, PE",,Persianas Pernambucanas,persianas pernambucanas,"Galeria Alameda João de Barros, Avenida João de Barros, 1468 - Loja 109 - Espinheiro, Recife",-8.041603199999997,-34.8910207,"store,point_of_interest,establishment",Independente / Sem chain identificado,Outros,REVIEW
"RECIFE, PE",,Mary of Parties Buffet and Decoration,mary of parties buffet and decoration,"Rua Manuel de Carvalho, 143 - Aflitos, Recife",-8.0410597,-34.8955842,"grocery_or_supermarket,food,store,point_of_interest,establishment",Independente / Sem chain identificado,Mercadinho / Supermercado,TARGET
"RECIFE, PE",,London Burger,london burger,"Condomínio da Galeria Top Center Graça - Avenida Rui Barbosa, 896 - 07 - Graças, Recife",-8.0452999,-34.90174,"meal_takeaway,restaurant,food,store,point_of_interest,establishment",Independente / Sem chain identificado,Outros,REVIEW
"RECIFE, PE",,Vidrocar,vidrocar,"Rua Guadalupe, 34 - Espinheiro, Recife",-8.040604599999998,-34.8872235,"car_repair,store,point_of_interest,establishment",Independente / Sem chain identificado,Automotivo,EXCLUDE
"RECIFE, PE",,Amarone Zona Norte - Pasta Artesanal,amarone zona norte - pasta artesanal,"Rua Dona Anunciada, 114 - Graças, Recife",-8.0459146,-34.89908460000001,"store,point_of_interest,establishment",Independente / Sem chain identificado,Outros,REVIEW
"RECIFE, PE",,Armazém 4 Cantos,armazem 4 cantos,"Rua Capitão Sampaio Xavier, 349 - Graças, Recife",-8.0363313,-34.8997211,"store,point_of_interest,establishment",Independente / Sem chain identificado,Outros,REVIEW
"RECIFE, PE",,Ligue Informática,ligue informatica,"Rua Clóvis Beviláqua, 108 - Madalena, Recife",-8.0481156,-34.9054088,"electronics_store,store,point_of_interest,establishment",Independente / Sem chain identificado,Eletrônica,EXCLUDE
"RECIFE, PE",,Pharmapele Graças: Farmácia de Manipulação,pharmapele gracas: farmacia de manipulacao,"Praça do Entroncamento, 120 - 120 - Graças, Recife",-8.049902,-34.89766209999999,"pharmacy,meal_delivery,food,health,store,point_of_interest,establishment",Drogaria (indep.),Farmácia,TARGET
"RECIFE, PE",,Bom De Preço,bom de preco,"Avenida Professor Andrade Bezerra, 529 - Salgadinho, Olinda",-8.0266401,-34.86661229999999,"supermarket,grocery_or_supermarket,food,store,point_of_interest,establishment",Independente / Sem chain identificado,Supermercado,TARGET
"RECIFE, PE",,tapiocarias agreste,tapiocarias agreste,"Estrada de Belém, 979 - Campo Grande, Recife",-8.0323022,-34.8833986,"supermarket,grocery_or_supermarket,store,food,point_of_interest,establishment",Independente / Sem chain identificado,Supermercado,TARGET
"RECIFE, PE",,HORTYS EMPORIUM,hortys emporium,"Estrada de Belém, 1371 - Campo Grande, Recife",-8.0322164,-34.879796,"supermarket,grocery_or_supermarket,store,food,point_of_interest,establishment",Independente / Sem chain identificado,Supermercado,TARGET
"RECIFE, PE",,Mercadinho Três Corações,mercadinho tres coracoes,"Estrada de Belém, 1533 - loja B - Campo Grande, Recife",-8.0320307,-34.8783394,"supermarket,grocery_or_supermarket,store,food,point_of_interest,establishment",Independente / Sem chain identificado,Mercadinho,TARGET
"RECIFE, PE",,Panificação Flor do Campo Grande,panificacao flor do campo grande,"Rua Doutor Machado, 625 - Campo Grande, Recife",-8.0290947,-34.880714,"supermarket,grocery_or_supermarket,store,food,point_of_interest,establishment",Independente / Sem chain identificado,Supermercado,TARGET
"RECIFE, PE",,Mercadinho N.S. Da Conceicão,mercadinho n.s. da conceicao,"Rua Marquês de Baipendi, 439 - Campo Grande, Recife",-8.026213499999997,-34.8843495,"supermarket,grocery_or_supermarket,store,food,point_of_interest,establishment",Independente / Sem chain identificado,Mercadinho,TARGET
"RECIFE, PE",,PIT STOP SÓ FRIOS,pit stop so frios,"Avenida Professor José dos Anjos, 820 - Campo Grande, Recife",-8.025604,-34.88469839999999,"supermarket,grocery_or_supermarket,store,food,point_of_interest,establishment",Independente / Sem chain identificado,Supermercado,TARGET
"RECIFE, PE",,Barata Construçoes,barata construcoes,"Rua Carlos Alberto Barbosa, 34-64 - Arruda, Recife",-8.026602,-34.888671,"supermarket,grocery_or_supermarket,store,food,point_of_interest,establishment",Independente / Sem chain identificado,Supermercado,TARGET
"RECIFE, PE",,Mercadinho Demar,mercadinho demar,"Rua Jerônimo Viléla, 805 - Campo Grande, Recife",-8.025039200000002,-34.88299409999999,"supermarket,grocery_or_supermarket,store,food,point_of_interest,establishment",Independente / Sem chain identificado,Mercadinho,TARGET
"RECIFE, PE",,Supermercado Pernambucano,supermercado pernambucano,"Rua Jonas Martins, 4 - Sítio Novo, Olinda",-8.026475999999999,-34.8750138,"supermarket,grocery_or_supermarket,store,food,point_of_interest,establishment",Independente / Sem chain identificado,Supermercado,TARGET
"RECIFE, PE",,Mercadinho Freitas,mercadinho freitas,"Rua Benjamin Constant, 34 - Sítio Novo, Olinda",-8.0263069,-34.8748859,"supermarket,grocery_or_supermarket,store,food,point_of_interest,establishment",Independente / Sem chain identificado,Mercadinho,TARGET
"RECIFE, PE",,Mercadinho Belo Preço,mercadinho belo preco,"Rua Professor José de Barros Lins, 291, Olinda",-8.028864399999998,-34.8703067,"supermarket,grocery_or_supermarket,store,food,point_of_interest,establishment",Independente / Sem chain identificado,Mercadinho,TARGET
"RECIFE, PE",,Supermercado Boa Feira,supermercado boa feira,"Avenida Professor José dos Anjos, 201 - Arruda, Recife",-8.0230254,-34.8806631,"supermarket,grocery_or_supermarket,store,food,point_of_interest,establishment",Independente / Sem chain identificado,Supermercado,TARGET
"RECIFE, PE",,Super Compras,superpras,"Avenida Professor José dos Anjos - Campo Grande, Recife",-8.022981999999999,-34.8805907,"supermarket,grocery_or_supermarket,store,food,point_of_interest,establishment",Independente / Sem chain identificado,Supermercado,TARGET
"RECIFE, PE",,Mercadinho Toda Hora,mercadinho toda hora,"Rua Zeferino Agra, 828 - Arruda, Recife",-8.0233553,-34.8873925,"supermarket,grocery_or_supermarket,store,food,point_of_interest,establishment",Independente / Sem chain identificado,Mercadinho,TARGET
"RECIFE, PE",,Barraca da irmã Ângela,barraca da irma angela,"Rua Pastor Hélio Vidal De Freitas, 106a - Campo Grande, Recife",-8.0223647,-34.87790469999999,"supermarket,grocery_or_supermarket,store,food,point_of_interest,establishment",Independente / Sem chain identificado,Supermercado,TARGET
"RECIFE, PE",,Barraca da Família,barraca da familia,"Rua Arlindo Ramos Pereira, 104 - Campo Grande, Recife",-8.0225159,-34.87698669999999,"supermarket,grocery_or_supermarket,store,food,point_of_interest,establishment",Independente / Sem chain identificado,Supermercado,TARGET
"RECIFE, PE",,Mercadinho da Família,mercadinho da familia,"Avenida Professor Andrade Bezerra, 790 - Salgadinho, Olinda",-8.0284959,-34.8681764,"supermarket,grocery_or_supermarket,store,food,point_of_interest,establishment",Independente / Sem chain identificado,Mercadinho,TARGET
"RECIFE, PE",,Chico da Banca Conveniência,chico da banca conveniencia,"Estrada de Belém, 649-A - Hipódromo, Recife",-8.0337836,-34.8860202,"convenience_store,store,food,point_of_interest,establishment",Independente / Sem chain identificado,Conveniência,TARGET
"RECIFE, PE",,WL Bombons,wl bombons,"Rua Jerônimo Viléla, 785A - Campo Grande, Recife",-8.0252687,-34.8829937,"convenience_store,store,food,point_of_interest,establishment",Independente / Sem chain identificado,Conveniência,TARGET
"RECIFE, PE",,Tenório Conveniência,tenorio conveniencia,"Rua Jerônimo Viléla, 785 - Campo Grande, Recife",-8.0252243,-34.8828903,"convenience_store,store,food,point_of_interest,establishment",Independente / Sem chain identificado,Conveniência,TARGET
"RECIFE, PE",,W.L bebidas,w.l bebidas,"Rua Marquês de Baipendi, 220 - Campo Grande, Recife",-8.025036499999997,-34.8819114,"convenience_store,store,food,point_of_interest,establishment",Independente / Sem chain identificado,Conveniência,TARGET
"RECIFE, PE",,JAMESON BEBIDAS E VARIEDADES,jameson bebidas e variedades,"Rua Benjamin Constant, 603 - Sítio Novo, Olinda",-8.029000300000002,-34.8709538,"convenience_store,store,food,point_of_interest,establishment",Independente / Sem chain identificado,Conveniência,TARGET
"RECIFE, PE",,Sérgio Bebidas e Conveniência,sergio bebidas e conveniencia,"Avenida Professor Andrade Bezerra - Salgadinho, Olinda",-8.028153099999997,-34.867702,"convenience_store,store,food,point_of_interest,establishment",Independente / Sem chain identificado,Conveniência,TARGET
"RECIFE, PE",,santa cruz futebol clube,santa cruz futebol clube,"Avenida Beberibe, 1285 - Arruda, Recife",-8.026175999999998,-34.892708,"stadium,point_of_interest,establishment",Independente / Sem chain identificado,Outros,REVIEW
"RECIFE, PE",,HOSTEL LUAR DO SERTÃO,hostel luar do sertao,"Rua Franklin Távora, 896 - 1º Andar - Campo Grande, Recife",-8.027065100000002,-34.8769602,"lodging,point_of_interest,establishment",Independente / Sem chain identificado,Hotel,EXCLUDE
"RECIFE, PE",,Escola Embaixador Gilberto Amado,escola embaixador gilberto amado,"Rua Gáspar Regueira, SNº - Hipódromo, Recife",-8.0329923,-34.8876284,"school,point_of_interest,establishment",Independente / Sem chain identificado,Escola,EXCLUDE
"RECIFE, PE",,escola clovis bevilaqua,escola clovis bevilaqua,"praça, Rua Tertuliano Francisco Feitosa, s/n, Recife",-8.0327007,-34.887344,"secondary_school,school,point_of_interest,establishment",Independente / Sem chain identificado,Outros,EXCLUDE
"RECIFE, PE",,Ortocentro,ortocentro,"Rua Djalma Farias, 265 - Torreão, Recife",-8.0397861,-34.88403329999999,"health,point_of_interest,establishment",Independente / Sem chain identificado,Clínica / Saúde,REVIEW
"RECIFE, PE",,Mpf,mpf,"Avenida Governador Agamenon Magalhães, 1800 - Espinheiro, Recife",-8.042491,-34.8865779,"point_of_interest,establishment",Independente / Sem chain identificado,Outros,REVIEW
"RECIFE, PE",,Grupo Catho Consultoria em RH,grupo catho consultoria em rh,"Rua Alfredo de Medeiros, 125 - Espinheiro, Recife",-8.041129399999999,-34.890361,"point_of_interest,establishment",Independente / Sem chain identificado,Outros,REVIEW
"RECIFE, PE",,Marques Lins,marques lins,"Rua Frei Cassimiro - Santo Amaro, Recife",-8.0457647,-34.881646,"real_estate_agency,point_of_interest,establishment",Independente / Sem chain identificado,Outros,REVIEW
"RECIFE, PE",,circus | Publicity agency,circus | publicity agency,"Avenida Governador Agamenon Magalhães, 3341 - Torreão, Recife",-8.0415642,-34.8853002,"point_of_interest,establishment",Independente / Sem chain identificado,Outros,REVIEW
"RECIFE, PE",,Serralharia Portel,serralharia portel,"Rua Pedro Célso, 372 - Campo Grande, Recife",-8.0353136,-34.88048409999999,"point_of_interest,general_contractor,establishment",Independente / Sem chain identificado,Construtora,EXCLUDE
"RECIFE, PE",,RPL Engenharia e Serviços Ltda,rpl engenharia e servicos,"Rua São Caetano, 359 - Campo Grande, Recife",-8.0354457,-34.8789539,"point_of_interest,general_contractor,establishment",Independente / Sem chain identificado,Construtora,EXCLUDE
"RECIFE, PE",,Escola Municipal Compositor Capiba,escola municipalpositor capiba,"Rua Professor Othon Paraíso, 375 - Torreão, Recife",-8.037571699999999,-34.8839191,"school,point_of_interest,establishment",Independente / Sem chain identificado,Escola,EXCLUDE
"RECIFE, PE",,Rodrigues Galeria de Artes,rodrigues galeria de artes,"Rua Professor Othon Paraíso, 430 - Torreão, Recife",-8.037732,-34.8835439,"art_gallery,tourist_attraction,museum,finance,store,point_of_interest,establishment",Independente / Sem chain identificado,Outros,REVIEW
"RECIFE, PE",,Marcar Gestão e Contabilidade,marcar gestao e contabilidade,"Avenida Governador Agamenon Magalhães, 3341 - Sala 207 - Torreão, Recife",-8.041708300000002,-34.8851838,"accounting,finance,local_government_office,point_of_interest,establishment",Independente / Sem chain identificado,Outros,REVIEW
"RECIFE, PE",,Grupo Curumim - Gestação e Parto,grupo curumim - gestacao e parto,"Rua Manuel Canuto Mesquita, 67 - Encruzilhada, Recife",-8.0384583,-34.8876868,"point_of_interest,establishment",Independente / Sem chain identificado,Outros,REVIEW
"RECIFE, PE",,IFAC Contadores,ifac contadores,"Avenida Governador Agamenon Magalhães, 3411 - 107 - Torreão, Recife",-8.041546,-34.8845988,"accounting,finance,point_of_interest,establishment",Independente / Sem chain identificado,Outros,REVIEW
"RECIFE, PE",,Secretaria de Defesa Social,secretaria de defesa social,"Rua Odorico Mendes, 700 - Campo Grande, Recife",-8.038900000000002,-34.8796,"point_of_interest,establishment",Independente / Sem chain identificado,Outros,EXCLUDE
"RECIFE, PE",,ADC Consultants,adc consultants,"Rua Professor Othon Paraíso, 328/360 - Torreão, Recife",-8.0380392,-34.88324350000001,"lawyer,point_of_interest,establishment",Independente / Sem chain identificado,Outros,REVIEW
"RECIFE, PE",,Instalação e configuração de Rede compartilhamento de arquivo internet em Recife,instalacao e configuracao de redepartilhamento de arquivo internet em recife,"Rua Francisco Jacinto, 377 - Santo Amaro, Recife",-8.0444306,-34.8820404,"point_of_interest,establishment",Independente / Sem chain identificado,Outros,REVIEW
"RECIFE, PE",,Speed Moska,speed moska,Brazil,-8.0433317,-34.885116,"car_repair,store,point_of_interest,establishment",Independente / Sem chain identificado,Automotivo,EXCLUDE
"RECIFE, PE",,Jairo Aquino Advocacia,jairo aquino advocacia,"Rua Professor Othon Paraíso - Torreão, Recife",-8.038359,-34.88339439999999,"lawyer,point_of_interest,establishment",Independente / Sem chain identificado,Outros,REVIEW
"RECIFE, PE",,Pernambuco - Department of Education,pernambuco - department of education,"Avenida Norte Miguel Arraes de Alencar, 7750 - Macaxeira, Recife",-8.0428479,-34.8836389,"point_of_interest,establishment",Independente / Sem chain identificado,Outros,REVIEW
"RECIFE, PE",,Auto Oriente Recife - Concessionária,auto oriente recife - concessionaria,"Avenida Norte Miguel Arraes de Alencar, 1925 - Espinheiro, Recife",-8.0399642,-34.8880639,"car_dealer,store,point_of_interest,establishment",Independente / Sem chain identificado,Automotivo,EXCLUDE
"RECIFE, PE",,Crea,crea,"Rua da Hora, 570 - Espinheiro, Recife",-8.0461291,-34.89434619999999,"point_of_interest,establishment",Independente / Sem chain identificado,Outros,REVIEW
"RECIFE, PE",,Praia Norte Motel (Adults only),praia norte motel (adults only),"Rua Inglaterra, 137 - Salgadinho, Olinda",-8.030524699999997,-34.8681071,"lodging,point_of_interest,establishment",Independente / Sem chain identificado,Hotel,EXCLUDE
"RECIFE, PE",,Corpo Seguro Shopping Tacaruna,corpo seguro shopping tacaruna,"Condomínio Shopping Center Tacaruna - Avenida Governador Agamenon Magalhães, 153 - Santo Amaro, Recife",-8.0379592,-34.87187029999999,"clothing_store,store,point_of_interest,establishment",Independente / Sem chain identificado,Loja de Roupa,EXCLUDE
"RECIFE, PE",,Malhas Santa Helena - Camisas Personalizadas,malhas santa helena - camisas personalizadas,"Rua Franklin Távora, 312 - Campo Grande, Recife",-8.0284443,-34.8831175,"clothing_store,store,point_of_interest,establishment",Independente / Sem chain identificado,Loja de Roupa,EXCLUDE
"RECIFE, PE",,Kwanza Produções - Jingles Políticos é aqui!,kwanza producoes - jingles politicos e aqui!,"Vila Rex, 242 - casa q - Campo Grande, Recife",-8.030173199999998,-34.88326239999999,"store,point_of_interest,establishment",Independente / Sem chain identificado,Outros,REVIEW
"RECIFE, PE",,Figueiras Calçados - Shopping Tacaruna,figueiras calcados - shopping tacaruna,"Avenida Governador Agamenon Magalhães, 153 - Santo Amaro, Recife",-8.0380636,-34.8718726,"shoe_store,store,point_of_interest,establishment",Independente / Sem chain identificado,Sapataria,EXCLUDE
"RECIFE, PE",,Pan Kennedy,pan kennedy,"Rua Prudente de Moraes, 484 - Hipódromo, Recife",-8.0292427,-34.8868791,"bakery,store,food,point_of_interest,establishment",Independente / Sem chain identificado,Padaria,REVIEW
"RECIFE, PE",,New Ótica,new otica,"1, Avenida Governador Agamenon Magalhães, 153 - Santo Amaro, Recife",-8.037975399999999,-34.8717322,"health,store,point_of_interest,establishment",Independente / Sem chain identificado,Clínica / Saúde,REVIEW
"RECIFE, PE",,BOB NICK,bob nick,"Avenida Governador Agamenon Magalhães, 153 - Santo Amaro, Recife",-8.0380183,-34.871785,"store,point_of_interest,establishment",Independente / Sem chain identificado,Outros,REVIEW
"RECIFE, PE",,Sweets Café Shopping Tacaruna - Praça Olinda,sweets cafe shopping tacaruna - praca olinda,"Avenida Governador Agamenon Magalhães, 153 - Loja 417 - Santo Amaro, Recife",-8.0380895,-34.8719519,"cafe,food,store,point_of_interest,establishment",Independente / Sem chain identificado,Outros,REVIEW
"RECIFE, PE",,Central Funerária Recife,central funeraria recife,"Rua Numa Pompilho, 34 - Santo Amaro, Recife",-8.048171199999999,-34.8829136,"funeral_home,florist,store,point_of_interest,establishment",Independente / Sem chain identificado,Outros,REVIEW
"RECIFE, PE",,Deza Modas,deza modas,"Rua Zeferino Agra, 960 - Arruda, Recife",-8.023866399999998,-34.88630039999999,"store,point_of_interest,establishment",Independente / Sem chain identificado,Outros,REVIEW
"RECIFE, PE",,Game Station - Shopping Tacaruna,game station - shopping tacaruna,"Avenida Governador Agamenon Magalhães, 153 - Santo Amaro, Recife",-8.0379884,-34.87324869999999,"store,point_of_interest,establishment",Independente / Sem chain identificado,Outros,REVIEW
"RECIFE, PE",,Vagamundo Tacaruna,vagamundo tacaruna,"1, Avenida Governador Agamenon Magalhães, 153 - Santo Amaro, Recife",-8.037996999999999,-34.871822,"clothing_store,store,point_of_interest,establishment",Independente / Sem chain identificado,Loja de Roupa,EXCLUDE
"RECIFE, PE",,Appenini Gourmet,appenini gourmet,"Estrada de Belém, 947 - Campo Grande, Recife",-8.03239,-34.883698,"food,store,point_of_interest,establishment",Independente / Sem chain identificado,Outros,REVIEW
"RECIFE, PE",,Blu K Shopping Tacaruna,blu k shopping tacaruna,"Shopping Tacaruna - Avenida Governador Agamenon Magalhães, 153 - Loja 350 - Santo Amaro, Recife",-8.041994899999999,-34.8823209,"clothing_store,store,point_of_interest,establishment",Independente / Sem chain identificado,Loja de Roupa,EXCLUDE
"RECIFE, PE",,Seaway Shopping Tacaruna,seaway shopping tacaruna,"Shopping Tacaruna - Avenida Governador Agamenon Magalhães, 153 - 1º Andar - Santo Amaro, Recife",-8.0379968,-34.8718215,"clothing_store,store,point_of_interest,establishment",Independente / Sem chain identificado,Loja de Roupa,EXCLUDE
"RECIFE, PE",,TOTALFIX | Soluções Industriais,totalfix | solucoes industriais,"Rua Alfredo de Carvalho, 183 - Espinheiro, Recife",-8.040611,-34.890337,"store,point_of_interest,establishment",Independente / Sem chain identificado,Outros,REVIEW
"RECIFE, PE",,VICHY,vichy,"Avenida Governador Agamenon Magalhães, 153 - Santo Amaro, Recife",-8.037949,-34.87224,"store,point_of_interest,establishment",Independente / Sem chain identificado,Outros,REVIEW
"RECIFE, PE",,BAV - Batista Auto Vidros Parabrisas,bav - batista auto vidros parabrisas,"Avenida Luís Correia de Brito, 486 - Campo Grande, Olinda",-8.0274032,-34.87565429999999,"car_repair,store,point_of_interest,establishment",Independente / Sem chain identificado,Automotivo,EXCLUDE
"RECIFE, PE",,Lilica & Tigor,lilica & tigor,"1, Avenida Governador Agamenon Magalhães, 153 - Santo Amaro, Recife",-8.037975399999999,-34.8717322,"clothing_store,store,point_of_interest,establishment",Independente / Sem chain identificado,Loja de Roupa,EXCLUDE
"RECIFE, PE",,Oficina da Casa,oficina da casa,"Rua Julião Neto, 512 - Encruzilhada, Recife",-8.034435100000001,-34.8948575,"furniture_store,home_goods_store,store,point_of_interest,general_contractor,establishment",Independente / Sem chain identificado,Loja de Móveis,EXCLUDE
"RECIFE, PE",,Rede Construir - RIVA LAR E CONSTRUÇÃO,rede construir - riva lar e construcao,"Estrada de Belém, 1809 - Campo Grande, Recife",-8.0316377,-34.8758431,"store,point_of_interest,establishment",Independente / Sem chain identificado,Outros,REVIEW
"RECIFE, PE",,VIA VENETO / HARRYS,via veneto / harrys,"Avenida Governador Agamenon Magalhães, 153 - 352 - Santo Amaro, Recife",-8.037949,-34.87224,"store,point_of_interest,establishment",Independente / Sem chain identificado,Outros,REVIEW
"RECIFE, PE",,Mais Esportes,mais esportes,"Galeria Hora Center - Rua da Hora, 345 - Loja 26 - Espinheiro, Recife",-8.044585099999999,-34.89318179999999,"store,point_of_interest,establishment",Independente / Sem chain identificado,Outros,REVIEW
"RECIFE, PE",,Depósito Alexadre Bebidas,deposito alexadre bebidas,"Rua Cláudio Nigro, 389 - Salgadinho, Olinda",-8.027316800000001,-34.8666692,"supermarket,liquor_store,grocery_or_supermarket,store,food,point_of_interest,establishment",Independente / Sem chain identificado,Supermercado,TARGET
"RECIFE, PE",,Mercadinho E Granja Passira,mercadinho e granja passira,"Rua Cláudio Nigro, 400 - Salgadinho, Olinda",-8.0269244,-34.8665854,"supermarket,grocery_or_supermarket,store,food,point_of_interest,establishment",Independente / Sem chain identificado,Mercadinho,TARGET
"RECIFE, PE",,Mercadinho Do Elias Kabeça,mercadinho do elias kabeca,"Rua Djalma Dutra - Salgadinho, Olinda",-8.0263543,-34.86948050000001,"supermarket,grocery_or_supermarket,store,food,point_of_interest,establishment",Independente / Sem chain identificado,Mercadinho,TARGET
"RECIFE, PE",,Mercado Barbosa salgadinho,mercado barbosa salgadinho,"Avenida Professor Andrade Bezerra - Salgadinho, Olinda",-8.0249208,-34.8645183,"supermarket,grocery_or_supermarket,store,food,point_of_interest,establishment",Independente / Sem chain identificado,Supermercado,TARGET
"RECIFE, PE",,Economia Perto De Você,economia perto de voce,Brazil,-8.021099099999999,-34.85291629999999,"supermarket,grocery_or_supermarket,food,store,point_of_interest,establishment",Independente / Sem chain identificado,Supermercado,TARGET
"RECIFE, PE",,Posto Petrobras,posto petrobras,"Rua Monteiro Lobato, 32 - Santa Tereza, Olinda",-8.0240635,-34.8600032,"gas_station,car_wash,convenience_store,car_repair,store,restaurant,food,point_of_interest,establishment",Petrobras,Posto / Conveniência,TARGET
"RECIFE, PE",,Posto Petrobras + GNV,posto petrobras + gnv,"Avenida Olinda Dom Hélder Câmara, 514 - Santa Tereza, Olinda",-8.023091899999997,-34.8595408,"gas_station,car_wash,convenience_store,car_repair,store,restaurant,food,point_of_interest,establishment",Petrobras,Posto / Conveniência,TARGET
"RECIFE, PE",,BR Mania Conveniência,br mania conveniencia,"Avenida Olinda Dom Hélder Câmara, 150 - Umuarama, Olinda",-8.0202352,-34.8560148,"convenience_store,gas_station,atm,meal_takeaway,cafe,car_repair,finance,store,restaurant,food,point_of_interest,establishment",BR Mania (Petrobras),Conveniência,TARGET
"RECIFE, PE",,Barraca Cosme & Damião,barraca cosme & damiao,"Avenida Agamenon Magalhães, 136 - Salgadinho, Olinda",-8.029260899999999,-34.8663872,"convenience_store,store,food,point_of_interest,establishment",Independente / Sem chain identificado,Conveniência,TARGET
"RECIFE, PE",,CONVENIENCIA OLINDA,conveniencia olinda,Brazil,-8.0206704,-34.8568998,"convenience_store,store,food,point_of_interest,establishment",Independente / Sem chain identificado,Conveniência,TARGET
"RECIFE, PE",,Posto Petrobras,posto petrobras,"Avenida Olinda Dom Hélder Câmara, 150 - Varadouro, Olinda",-8.0202352,-34.8560148,"gas_station,car_wash,convenience_store,car_repair,store,restaurant,food,point_of_interest,establishment",Petrobras,Posto / Conveniência,TARGET
"RECIFE, PE",,Salvatory Company,salvatorypany,"Avenida Presidente Kennedy, 1040 - A1 - Peixinhos, Olinda",-8.0177316,-34.8642322,"convenience_store,electronics_store,clothing_store,store,food,point_of_interest,establishment",Independente / Sem chain identificado,Conveniência,TARGET
"RECIFE, PE",,Uci,uci,"Shopping Tacaruna, Avenida Governador Agamenon Magalhães, 153 - Santo Amaro, Recife",-8.037868,-34.87184200000001,"movie_theater,point_of_interest,establishment",Independente / Sem chain identificado,Outros,REVIEW
"RECIFE, PE",,Health Unit Family,health unit family,"Rua Isabel Burgos Vieira Ferreira, 147 - Salgadinho, Olinda",-8.0246177,-34.86992179999999,"insurance_agency,point_of_interest,health,establishment",Independente / Sem chain identificado,Outros,REVIEW
"RECIFE, PE",,Department of Finance and Administration,department of finance and administration,"Rua Felipe Camarão, 177 - Umuarama, Olinda",-8.021364700000001,-34.85331069999999,"local_government_office,point_of_interest,establishment",Independente / Sem chain identificado,Órgão Público,EXCLUDE
"RECIFE, PE",,Olinda,olinda,Olinda,-7.9920228,-34.8422297,"locality,political",Independente / Sem chain identificado,Outros,REVIEW
"RECIFE, PE",,Blog Conectividade Escrita,blog conectividade escrita,"Rua Jerônimo Viléla, 183 - Campo Grande, Recife",-8.030594200000001,-34.8817929,"point_of_interest,establishment",Independente / Sem chain identificado,Outros,REVIEW
"RECIFE, PE",,Gomes & Sá Locações,gomes & sa locacoes,"Rua Waldemar de Lima, 367 - Salgadinho, Olinda",-8.0280943,-34.8670413,"home_goods_store,store,point_of_interest,establishment",Independente / Sem chain identificado,Casa & Decoração,EXCLUDE
"RECIFE, PE",,Europa Câmbio e Turismo Shopping Tacaruna,europa cambio e turismo shopping tacaruna,"Shopping Tacaruna - Av. Governador Agamenon Magalhães, 153 Loja Nª 238 - Santo Amaro, Recife",-8.037912,-34.871993,"travel_agency,finance,point_of_interest,establishment",Independente / Sem chain identificado,Agência de Viagens,EXCLUDE
"RECIFE, PE",,Hotel Colonial Olinda,hotel colonial olinda,"Avenida Presidente Kennedy, 187 - Varadouro, Olinda",-8.0197757,-34.8574049,"lodging,point_of_interest,establishment",Independente / Sem chain identificado,Hotel,EXCLUDE
"RECIFE, PE",,Apartamento Centro de Convenções,apartamento centro de convencoes,"Rua Professor João Fernandes Soares, 205 - Salgadinho, Olinda",-8.0302434,-34.8727572,"lodging,point_of_interest,establishment",Independente / Sem chain identificado,Hotel,EXCLUDE
"RECIFE, PE",,Paróquia Sagrado Coração de Jesus - Salgadinho,paroquia sagrado coracao de jesus - salgadinho,"Avenida Professor Andrade Bezerra, 998 - Salgadinho, Olinda",-8.029913999999998,-34.8698284,"church,place_of_worship,point_of_interest,establishment",Independente / Sem chain identificado,Igreja,EXCLUDE
"RECIFE, PE",,Tacaruna Impressão Digital,tacaruna impressao digital,"Avenida Professor Andrade Bezerra, 1395 - Salgadinho, Olinda",-8.0316545,-34.8743247,"point_of_interest,establishment",Independente / Sem chain identificado,Outros,REVIEW
"RECIFE, PE",,Galpão dos Meninos e Meninas de Santo Amaro,galpao dosninos eninas de santo amaro,"Avenida Doutor Jayme da Fonte, 216 - Santo Amaro, Recife",-8.043438400000001,-34.8763477,"point_of_interest,establishment",Independente / Sem chain identificado,Outros,REVIEW
"RECIFE, PE",,CERAPE-Centro de Radioterapia de Pernambuco,cerape-centro de radioterapia de pernambuco,"Avenida Cruz Cabugá, 1597 - Santo Amaro, Recife",-8.0446519,-34.87477279999999,"hospital,health,point_of_interest,establishment",Independente / Sem chain identificado,Hospital,EXCLUDE
"RECIFE, PE",,Expor Eventos e Montagens Ltda,expor eventos e montagens,"Rua Severino Pereira, 348 - Salgadinho, Olinda",-8.0292354,-34.86758400000001,"point_of_interest,establishment",Independente / Sem chain identificado,Outros,REVIEW
"RECIFE, PE",,Vertigini Web & design,vertigini web & design,"Shopping Tacaruna - Avenida Governador Agamenon Magalhães, 153 - Santo Amaro, Recife",-8.0387608,-34.8711893,"point_of_interest,establishment",Independente / Sem chain identificado,Outros,REVIEW
"RECIFE, PE",,Mini Kalzone | Shopping Tacaruna,mini kalzone | shopping tacaruna,"Avenida Governador Agamenon Magalhães, 153 - L2 - Santo Amaro, Recife",-8.037975399999999,-34.8717322,"restaurant,meal_takeaway,food,point_of_interest,establishment",Independente / Sem chain identificado,Restaurante,EXCLUDE
"RECIFE, PE",,Grupo Lince Brasil,grupo lince brasil,"Rua da Aurora, 2 - 1504, Recife",-8.050106699999999,-34.8738899,"point_of_interest,establishment",Independente / Sem chain identificado,Outros,REVIEW
"RECIFE, PE",,Macropac Proteção Embalagem Ltda,macropac protecao embalagem,"Rua Severino Pereira, 290 - Salgadinho, Olinda",-8.0297694,-34.8670254,"store,point_of_interest,establishment",Independente / Sem chain identificado,Outros,REVIEW
"RECIFE, PE",,M Aço,m aco,"Avenida Professor Andrade Bezerra, 888 - Salgadinho, Olinda",-8.029054600000002,-34.86894770000001,"furniture_store,home_goods_store,store,point_of_interest,establishment",Independente / Sem chain identificado,Loja de Móveis,EXCLUDE
"RECIFE, PE",,MicroArt Shopping Tacaruna,microart shopping tacaruna,"Avenida Governador Agamenon Magalhães, 153 - Loja 176 - Santo Amaro, Recife",-8.038480399999997,-34.8722593,"point_of_interest,establishment",Independente / Sem chain identificado,Outros,REVIEW
"RECIFE, PE",,Linear Stands,linear stands,"Rua Benjamin Constant, 315 - Sítio Novo, Olinda",-8.027641,-34.8725352,"point_of_interest,establishment",Independente / Sem chain identificado,Outros,REVIEW
"RECIFE, PE",,Aldan's House,aldan's house,"Avenida Professor Andrade Bezerra - Salgadinho, Olinda",-8.027088,-34.8672373,"point_of_interest,establishment",Independente / Sem chain identificado,Outros,REVIEW
"RECIFE, PE",,Toldoflex Toldos Recife,toldoflex toldos recife,"Rua Cláudio Nigro, 241 - Salgadinho, Olinda",-8.028419999999997,-34.8659566,"point_of_interest,establishment",Independente / Sem chain identificado,Outros,REVIEW
"RECIFE, PE",,Oncologia,oncologia,"Avenida Cruz Cabugá, 1597 - Santo Amaro, Recife",-8.041417299999999,-34.8734511,"hospital,health,point_of_interest,establishment",Independente / Sem chain identificado,Hospital,EXCLUDE
"RECIFE, PE",,Connectip,connectip,"Avenida Governador Agamenon Magalhães, 3411 - Santo Amaro, Recife",-8.037884499999999,-34.8764374,"point_of_interest,establishment",Independente / Sem chain identificado,Outros,REVIEW
"RECIFE, PE",,Sign Print,sign print,Brazil,-8.026919399999999,-34.8691093,"point_of_interest,establishment",Independente / Sem chain identificado,Outros,REVIEW
"RECIFE, PE",,Laboratório de Análises Clínicas Moraes,laboratorio de analises clinicas moraes,"Avenida Cruz Cabugá, 1563 - Santo Amaro, Recife",-8.0418374,-34.87345749999999,"health,point_of_interest,establishment",Independente / Sem chain identificado,Clínica / Saúde,EXCLUDE
"RECIFE, PE",,Jet Cartuchos,jet cartuchos,"Avenida Governador Agamenon Magalhães, 153 - Santo Amaro, Recife",-8.038073599999999,-34.871276,"point_of_interest,establishment",Independente / Sem chain identificado,Outros,REVIEW
"RECIFE, PE",,Giraffas Shopping Tacaruna,giraffas shopping tacaruna,"Shopping Tacaruna - Avenida Governador Agamenon Magalhães, 153 - Santo Amaro, Recife",-8.037927299999998,-34.8718596,"restaurant,food,point_of_interest,establishment",Fast-food chain,Restaurante,EXCLUDE
"RECIFE, PE",,SPÜK SHOPPING TACARUNA,spuk shopping tacaruna,"Shopping Tacaruna - Avenida Governador Agamenon Magalhães, 153 - LOJA 121A - Santo Amaro, Recife",-8.0387751,-34.87120470000001,"clothing_store,store,point_of_interest,establishment",Independente / Sem chain identificado,Loja de Roupa,EXCLUDE
"RECIFE, PE",,Scala,scala,"Avenida Governador Agamenon Magalhães, 153 - Santo Amaro, Recife",-8.0376392,-34.87078439999999,"clothing_store,store,point_of_interest,establishment",Independente / Sem chain identificado,Loja de Roupa,EXCLUDE
"RECIFE, PE",,Loja Vivo,loja vivo,"Avenida Governador Agamenon Magalhães, 153 - Loja 332 - Santo Amaro, Recife",-8.0387608,-34.8711893,"store,point_of_interest,establishment",Independente / Sem chain identificado,Outros,REVIEW
"RECIFE, PE",,Santa Lolla,santa lolla,"Avenida Governador Agamenon Magalhães, 153 - Santo Amaro, Recife",-8.0387608,-34.8711893,"shoe_store,clothing_store,store,point_of_interest,establishment",Independente / Sem chain identificado,Sapataria,EXCLUDE
"RECIFE, PE",,Pharmacy Santa Maria,pharmacy santa maria,"Avenida Governador Agamenon Magalhães, 153 - Loja 172/173 - Santo Amaro, Recife",-8.0387608,-34.8711893,"pharmacy,health,store,point_of_interest,establishment",Independente / Sem chain identificado,Farmácia,TARGET
"RECIFE, PE",,Tip Top Shopping Tacaruna,tip top shopping tacaruna,"Avenida Governador Agamenon Magalhães, 153 - Loja 09B - Santo Amaro, Recife",-8.0387608,-34.8711893,"clothing_store,store,point_of_interest,establishment",Independente / Sem chain identificado,Loja de Roupa,EXCLUDE
"RECIFE, PE",,Renner,renner,"Av. Governador Agamenon Magalhães, 153 - Shopping Tacaruna - Santo Amaro, Recife",-8.0387608,-34.8711893,"clothing_store,shoe_store,store,point_of_interest,establishment",Independente / Sem chain identificado,Loja de Roupa,EXCLUDE
"RECIFE, PE",,Delta Expresso,delta expresso,"Avenida Agamenon Magalhães, 153 - 30 - Santo Amaro, Recife",-8.0378393,-34.8709773,"cafe,store,food,point_of_interest,establishment",Independente / Sem chain identificado,Outros,REVIEW
"RECIFE, PE",,C & A Fashions - Governor Avenue Agamenon,c & a fashions - governor avenue agamenon,"Avenida Governador Agamenon Magalhães, 153 - Santo Amaro, Recife",-8.0374117,-34.8708939,"clothing_store,shoe_store,store,point_of_interest,establishment",Independente / Sem chain identificado,Loja de Roupa,EXCLUDE
"RECIFE, PE",,Colcci,colcci,"Avenida Governador Agamenon Magalhães, 153 - 248 - Santo Amaro, Recife",-8.038133799999999,-34.8711665,"clothing_store,store,point_of_interest,establishment",Independente / Sem chain identificado,Loja de Roupa,EXCLUDE
"RECIFE, PE",,Mr. Cabana,mr. cabana,"Avenida Governador Agamenon Magalhães, 153 - Santo Amaro, Recife",-8.038073599999999,-34.871276,"store,point_of_interest,establishment",Independente / Sem chain identificado,Outros,REVIEW
"RECIFE, PE",,Brasileirinhos,brasileirinhos,"Condomínio Shopping Center Tacaruna - Avenida Governador Agamenon Magalhães, 153 - Santo Amaro, Recife",-8.0378247,-34.8712931,"clothing_store,store,point_of_interest,establishment",Independente / Sem chain identificado,Loja de Roupa,EXCLUDE
"RECIFE, PE",,Arena Fit Shopping Tacaruna,arena fit shopping tacaruna,"Condomínio Shopping Center Tacaruna - Avenida Governador Agamenon Magalhães, 153 - Loja 230/1 - Santo Amaro, Recife",-8.0376746,-34.87126329999999,"store,point_of_interest,establishment",Independente / Sem chain identificado,Outros,REVIEW
"RECIFE, PE",,Leitura,leitura,"Shopping Tacaruna, Avenida Governador Agamenon Magalhães, 153 - 30 - L1 - Santo Amaro, Recife",-8.0372294,-34.8712351,"book_store,store,point_of_interest,establishment",Independente / Sem chain identificado,Livraria,EXCLUDE
"RECIFE, PE",,Shop Coral Snake,shop coral snake,"Avenida Governador Agamenon Magalhães, 153 - Santo Amaro, Recife",-8.0377537,-34.87149019999999,"clothing_store,store,point_of_interest,establishment",Independente / Sem chain identificado,Loja de Roupa,EXCLUDE
"RECIFE, PE",,Centauro,centauro,"Avenida Governador Agamenon Magalhães, 153 - Santo Amaro, Recife",-8.0374631,-34.87143229999999,"shoe_store,clothing_store,store,point_of_interest,establishment",Independente / Sem chain identificado,Sapataria,EXCLUDE
"RECIFE, PE",,Clube Melissa Shopping Tacaruna,clubelissa shopping tacaruna,"Avenida Governador Agamenon Magalhães, 153 - 119 - Santo Amaro, Recife",-8.037848199999999,-34.871622,"shoe_store,store,point_of_interest,establishment",Independente / Sem chain identificado,Sapataria,EXCLUDE
"RECIFE, PE",,Prata Rara - Shopping Tacaruna,prata rara - shopping tacaruna,"Avenida Governador Agamenon Magalhães, 153 - Santo Amaro, Recife",-8.037932500000002,-34.871673,"jewelry_store,store,point_of_interest,establishment",Independente / Sem chain identificado,Outros,REVIEW
"RECIFE, PE",,Smartlet - Shopping Tacaruna,smartlet - shopping tacaruna,"Shopping Tacaruna - Avenida Governador Agamenon Magalhães, 153 - 137 - Santo Amaro, Recife",-8.038020999999997,-34.871708,"store,point_of_interest,establishment",Independente / Sem chain identificado,Outros,REVIEW
"RECIFE, PE",,Ótica Visão - Shopping Tacaruna,otica visao - shopping tacaruna,"Avenida Governador Agamenon Magalhães, 153 - 1 Andar, Loja 216 - Santo Amaro, Recife",-8.037985599999999,-34.8717172,"health,store,point_of_interest,establishment",Independente / Sem chain identificado,Clínica / Saúde,REVIEW
"RECIFE, PE",,Malwee Kids Shopping Tacaruna,malwee kids shopping tacaruna,"Avenida Governador Agamenon Magalhães, 153 - Santo Amaro, Recife",-8.0377802,-34.8716714,"clothing_store,store,point_of_interest,establishment",Independente / Sem chain identificado,Loja de Roupa,EXCLUDE
"RECIFE, PE",,Braccialetto,braccialetto,"Avenida Governador Agamenon Magalhães, 153 - 1 Andar - Santo Amaro, Recife",-8.037975399999999,-34.8717322,"jewelry_store,store,point_of_interest,establishment",Independente / Sem chain identificado,Outros,REVIEW
"RECIFE, PE",,JAC Motors,jac motors,"Avenida Governador Agamenon Magalhães, 153 - Santo Amaro, Recife",-8.037975399999999,-34.8717322,"car_dealer,store,point_of_interest,establishment",Independente / Sem chain identificado,Automotivo,EXCLUDE
"RECIFE, PE",,Sorveteria Nestlé,sorveteria nestle,"Avenida Governador Agamenon Magalhães, 153 - Santo Amaro, Recife",-8.037975399999999,-34.8717322,"food,store,point_of_interest,establishment",Independente / Sem chain identificado,Outros,EXCLUDE
"RECIFE, PE",,DWZ Shopping Tacaruna l Moda feminina,dwz shopping tacaruna l moda feminina,"Shopping Tacarana - L2, Avenida Governador Agamenon Magalhães, 153 - Santo Amaro, Recife",-8.037975399999999,-34.8717322,"clothing_store,store,point_of_interest,establishment",Independente / Sem chain identificado,Loja de Roupa,EXCLUDE
"RECIFE, PE",,Crocs,crocs,"shopping Tacaruna - Avenida Governador Agamenon Magalhães, 153 - 340 - Santo Amaro, Recife",-8.037975399999999,-34.8717322,"shoe_store,store,point_of_interest,establishment",Independente / Sem chain identificado,Sapataria,EXCLUDE
"RECIFE, PE",,Euro,euro,"1, Avenida Governador Agamenon Magalhães, 153 - Santo Amaro, Recife",-8.037975399999999,-34.8717322,"store,point_of_interest,establishment",Independente / Sem chain identificado,Outros,REVIEW
"RECIFE, PE",,Bali,bali,"Avenida Governador Agamenon Magalhães, 153 - 1 Andar - Santo Amaro, Recife",-8.037975399999999,-34.8717322,"clothing_store,store,point_of_interest,establishment",Independente / Sem chain identificado,Loja de Roupa,EXCLUDE
"RECIFE, PE",,Imaginarium,imaginarium,"Avenida Governador Agamenon Magalhães, 153 - Santo Amaro, Recife",-8.037975399999999,-34.8717322,"home_goods_store,store,point_of_interest,establishment",Independente / Sem chain identificado,Casa & Decoração,EXCLUDE
"RECIFE, PE",,Mr. Kitsch,mr. kitsch,"Loja 259 - 1º andar - Shopping Tacaruna, Avenida Governador Agamenon Magalhães, 153 - Santo Amaro, Recife",-8.0378247,-34.8717281,"clothing_store,store,point_of_interest,establishment",Independente / Sem chain identificado,Loja de Roupa,EXCLUDE
"RECIFE, PE",,Vivara,vivara,"Avenida Governador Agamenon Magalhães, 153 - 160 B-C-D - Santo Amaro, Recife",-8.0380183,-34.871785,"jewelry_store,store,point_of_interest,establishment",Independente / Sem chain identificado,Outros,REVIEW
"RECIFE, PE",,Dinni,dinni,"Avenida Governador Agamenon Magalhães, 153 - Santo Amaro, Recife",-8.0383133,-34.8718569,"shoe_store,store,point_of_interest,establishment",Independente / Sem chain identificado,Sapataria,EXCLUDE
"RECIFE, PE",,Belle Semijoias - Shopping Tacaruna - Recife PE,belle semijoias - shopping tacaruna - recife pe,"Rua Gov Agamenon Magalhães, 153 - Santo Amaro, Recife",-8.0379795,-34.8717823,"jewelry_store,store,point_of_interest,establishment",Independente / Sem chain identificado,Outros,REVIEW
"RECIFE, PE",,Taco Tacaruna,taco tacaruna,"Avenida Governador Agamenon Magalhães, 153 - Santo Amaro, Recife",-8.0379795,-34.8717823,"clothing_store,store,point_of_interest,establishment",Independente / Sem chain identificado,Loja de Roupa,EXCLUDE
"RECIFE, PE",,ESPOSENDE CALÇADOS II,esposende calcados ii,"Avenida Governador Agamenon Magalhães, 153 343 - Santo Amaro, Recife",-8.0379795,-34.8717823,"store,point_of_interest,establishment",Independente / Sem chain identificado,Outros,REVIEW
"RECIFE, PE",,Mahogany,mahogany,"Avenida Governador Agamenon Magalhães, 153 - Santo Amaro, Recife",-8.0373386,-34.87161459999999,"store,point_of_interest,establishment",Independente / Sem chain identificado,Outros,REVIEW
"RECIFE, PE",,Arezzo Shopping Tacaruna,arezzo shopping tacaruna,"Av. Governador Agamenon Magalhães, 153 Ljs. 316/317, Avenida Governador Agamenon Magalhães, 153 - Lj 316/317 - Santo Amaro, Recife",-8.038166899999998,-34.8718929,"shoe_store,store,point_of_interest,establishment",Independente / Sem chain identificado,Sapataria,EXCLUDE
"RECIFE, PE",,Loja TIM,loja tim,"Avenida Governador Agamenon Magalhães, 135 - Santo Amaro, Recife",-8.037517500000002,-34.8717196,"store,point_of_interest,establishment",Independente / Sem chain identificado,Outros,REVIEW
"RECIFE, PE",,The Body Shop,the body shop,"Condomínio Shopping Center Tacaruna - Avenida Governador Agamenon Magalhães, 153 - Santo Amaro, Recife",-8.038004899999999,-34.8718782,"store,point_of_interest,establishment",Independente / Sem chain identificado,Outros,REVIEW
"RECIFE, PE",,Cia do Terno,cia do terno,"Avenida Governador Agamenon Magalhães, 153 - Santo Amaro, Recife",-8.037966299999999,-34.8718705,"clothing_store,store,point_of_interest,establishment",Independente / Sem chain identificado,Loja de Roupa,EXCLUDE
"RECIFE, PE",,Hope,hope,"1, Avenida Governador Agamenon Magalhães, 153 - Santo Amaro, Recife",-8.0379592,-34.87187029999999,"clothing_store,store,point_of_interest,establishment",Independente / Sem chain identificado,Loja de Roupa,EXCLUDE
"RECIFE, PE",,First Class,first class,"Avenida Governador Agamenon Magalhães, 153 - Santo Amaro, Recife",-8.037966299999999,-34.8718705,"furniture_store,home_goods_store,store,point_of_interest,establishment",Independente / Sem chain identificado,Loja de Móveis,EXCLUDE
"RECIFE, PE",,Pousada Sitio Do Carmo,pousada sitio do carmo,"Rua Doutor Justino Goncalves, 75 - Carmo, Olinda",-8.018368999999998,-34.8491283,"lodging,point_of_interest,establishment",Independente / Sem chain identificado,Hotel,EXCLUDE
"RECIFE, PE",,Hiperdot Tecnologia e Resultados,hiperdot tecnologia e resultados,"Rua Manuel Borba, 270 - Carmo, Olinda",-8.021166299999997,-34.8506085,"point_of_interest,establishment",Independente / Sem chain identificado,Outros,REVIEW
"RECIFE, PE",,Igreja de Santa Cruz Dos Milagres,igreja de santa cruz dos milagres,"Travessa Cruz dos Milagres, S/N - Varadouro, Olinda",-8.0221904,-34.8523134,"church,place_of_worship,point_of_interest,establishment",Independente / Sem chain identificado,Igreja,EXCLUDE
"RECIFE, PE",,Machado Construções Ltda,machado construcoes,"Rua Manuel Borba, 458 - Carmo, Olinda",-8.021678099999999,-34.85136300000001,"point_of_interest,general_contractor,establishment",Independente / Sem chain identificado,Construtora,EXCLUDE
"RECIFE, PE",,Praça dos Milagres,praca dos milagres,"Travessa Cruz dos Milagres - Varadouro, Olinda",-8.021936,-34.851859,"tourist_attraction,landmark,park,point_of_interest,establishment",Independente / Sem chain identificado,Ponto Turístico,EXCLUDE
"RECIFE, PE",,"Secretaria de Esporte, Lazer e Juventude","secretaria de esporte, lazer e juventude","Travessa Cruz dos Milagres, 139 - Varadouro, Olinda",-8.021588699999999,-34.8517637,"local_government_office,point_of_interest,establishment",Independente / Sem chain identificado,Órgão Público,EXCLUDE
"RECIFE, PE",,JCL Arquitetos,jcl arquitetos,"Rua Manuel Borba, 248 - Carmo, Olinda",-8.0212939,-34.85078279999999,"point_of_interest,establishment",Independente / Sem chain identificado,Outros,REVIEW
"RECIFE, PE",,Department of Works,department of works,"Rua Manuel Borba, 270 - Varadouro, Olinda",-8.0210794,-34.85065059999999,"local_government_office,point_of_interest,establishment",Independente / Sem chain identificado,Órgão Público,EXCLUDE
"RECIFE, PE",,Telefone Público,telefone publico,"Próximo ao, Número 38 - Rua Siqueira Campos, S/N - Varadouro, Olinda",-8.021452499999999,-34.85230639999999,"point_of_interest,establishment",Independente / Sem chain identificado,Outros,REVIEW
"RECIFE, PE",,Pernambuco - Department of Education,pernambuco - department of education,"Travessa Cruz dos Milagres, 1 - Milagres, Olinda",-8.0210239,-34.85074889999999,"point_of_interest,establishment",Independente / Sem chain identificado,Outros,REVIEW
"RECIFE, PE",,Cacoete Produções,cacoete producoes,"Rua Siqueira Campos, 38 - Varadouro, Olinda",-8.021326199999999,-34.8525396,"point_of_interest,establishment",Independente / Sem chain identificado,Outros,REVIEW
"RECIFE, PE",,Politec school Olinda,politec school olinda,"Avenida Sigismundo Gonçalves, 184 - Varadouro, Olinda",-8.020983899999997,-34.8518367,"school,point_of_interest,establishment",Independente / Sem chain identificado,Escola,EXCLUDE
"RECIFE, PE",,Estudio 1,estudio 1,"Avenida Sigismundo Gonçalves, 212 - Varadouro, Olinda",-8.020897699999999,-34.8517041,"store,point_of_interest,establishment",Independente / Sem chain identificado,Outros,REVIEW
"RECIFE, PE",,Armazém Coral Achaqui,armazem coral achaqui,"Avenida Sigismundo Gonçalves, 78 - Varadouro, Olinda",-8.0210963,-34.85299449999999,"store,point_of_interest,establishment",Independente / Sem chain identificado,Outros,REVIEW
"RECIFE, PE",,Marco Pernambucano da Moda,marco pernambucano da moda,"Avenida Sigismundo Gonçalves - Varadouro, Olinda",-8.020759,-34.851876,"point_of_interest,establishment",Independente / Sem chain identificado,Outros,REVIEW
"RECIFE, PE",,Guarda Municipal de Olinda,guarda municipal de olinda,"Rua Felipe Camarão, 177B - Umuarama, Olinda",-8.0211464,-34.853252,"police,point_of_interest,establishment",Independente / Sem chain identificado,Outros,REVIEW
"RECIFE, PE",,Procuradoria Geral de Olinda,procuradoria geral de olinda,"Praça Barão do Rio Branco - Carmo, Olinda",-8.0204595,-34.850869,"local_government_office,point_of_interest,establishment",Independente / Sem chain identificado,Órgão Público,EXCLUDE
"RECIFE, PE",,Igreja Universal,igreja universal,"Rua Felipe Camarão, 184 - Varadouro, Olinda",-8.0209183,-34.8533698,"church,place_of_worship,point_of_interest,establishment",Independente / Sem chain identificado,Igreja,EXCLUDE
"RECIFE, PE",,LEDBRASIL ENERGIA LTDA,ledbrasil energia,"Rua Onze de Agosto, 120 - Umuarama, Olinda",-8.021553899999999,-34.8547788,"home_goods_store,store,point_of_interest,establishment",Independente / Sem chain identificado,Casa & Decoração,EXCLUDE
"RECIFE, PE",,Alligator Square,alligator square,"Avenida Sigismundo Gonçalves - Varadouro, Olinda",-8.020257699999998,-34.8504164,"park,point_of_interest,establishment",Independente / Sem chain identificado,Outros,REVIEW
"RECIFE, PE",,São Vicente,sao vicente,Praça Barão de Rio Branco,-8.0202584,-34.8504335,"store,point_of_interest,establishment",Independente / Sem chain identificado,Outros,REVIEW
"RECIFE, PE",,Grafshop,grafshop,"Rua Doutor Francisco Pedro Advíncula, 21 - Umuarama, Olinda",-8.021292599999999,-34.8544534,"point_of_interest,establishment",Independente / Sem chain identificado,Outros,REVIEW
"RECIFE, PE",,Segunda Igreja Batista em Olinda,segunda igreja batista em olinda,"Rua Santa Tereza, 38 - Santa Tereza, Olinda",-8.022883199999999,-34.8579046,"church,place_of_worship,point_of_interest,establishment",Independente / Sem chain identificado,Igreja,EXCLUDE
"RECIFE, PE",,Peace and life,peace and life,"Rua Felipe Camarão, 150 - Loja 02 - Umuarama, Olinda",-8.020707,-34.85375919999999,"church,place_of_worship,point_of_interest,establishment",Independente / Sem chain identificado,Igreja,EXCLUDE
"RECIFE, PE",,CONSTRUTORA SAM,construtora sam,"RUA SANTA TEREZA - Santa Tereza, Olinda",-8.0221369,-34.85765060000001,"general_contractor,point_of_interest,establishment",Independente / Sem chain identificado,Construtora,EXCLUDE
"RECIFE, PE",,APPeal Móveis I Design,appeal moveis i design,"Avenida Sigismundo Gonçalves, 448 - Varadouro, Olinda",-8.0196389,-34.8500551,"furniture_store,home_goods_store,store,point_of_interest,establishment",Independente / Sem chain identificado,Loja de Móveis,EXCLUDE
"RECIFE, PE",,Keyppy Dedetização e Consultoria Ambiental,keyppy dedetizacao e consultoria ambiental,"Avenida Olinda Dom Hélder Câmara, 171 - Santa Tereza, Olinda",-8.0206375,-34.8559843,"point_of_interest,establishment",Independente / Sem chain identificado,Outros,REVIEW
"RECIFE, PE",,Artela,artela,"Avenida Sigismundo Gonçalves, 477 - Carmo, Olinda",-8.019443299999999,-34.8498264,"point_of_interest,establishment",Independente / Sem chain identificado,Outros,REVIEW
"RECIFE, PE",,Basílica e Mosteiro de São Bento,basilica e mosteiro de sao bento,"Rua de São Bento, s/n - Varadouro, Olinda",-8.0198269,-34.8521035,"tourist_attraction,church,place_of_worship,point_of_interest,establishment",Independente / Sem chain identificado,Ponto Turístico,EXCLUDE
"RECIFE, PE",,Department of Education,department of education,"Avenida Sigismundo Gonçalves, 479 - Carmo, Olinda",-8.0193504,-34.849627,"local_government_office,point_of_interest,establishment",Independente / Sem chain identificado,Órgão Público,EXCLUDE
"RECIFE, PE",,Jacaré Self Service e Pizzaria,jacare self service e pizzaria,"Avenida Sigismundo Gonçalves, 487 - Carmo, Olinda",-8.019140400000001,-34.8499762,"restaurant,food,point_of_interest,establishment",Independente / Sem chain identificado,Restaurante,EXCLUDE
"RECIFE, PE",,Centro Cultural Mercado Eufrásio Barbosa,centro culturalrcado eufrasio barbosa,"Largo do Varadouro, S/N - Varadouro, Olinda",-8.0201516,-34.8535526,"point_of_interest,establishment",Independente / Sem chain identificado,Outros,REVIEW
"RECIFE, PE",,Group Preserve Liserve,group preserve liserve,"Avenida Sigismundo Gonçalves, 606 - Carmo, Olinda",-8.019031299999998,-34.84892259999999,"point_of_interest,establishment",Independente / Sem chain identificado,Outros,REVIEW
"RECIFE, PE",,Solivetti Comércio e Serviços,solivetti e servicos,"Avenida Olinda Dom Hélder Câmara, 145 - Santa Tereza, Olinda",-8.020512499999999,-34.8556705,"electronics_store,store,point_of_interest,establishment",Independente / Sem chain identificado,Eletrônica,EXCLUDE
"RECIFE, PE",,Banco BGN,banco bgn,"Rua Epitácio Pessoa Sobrinho, 20 - 2 - Varadouro, Olinda",-8.0201982,-34.8546592,"bank,finance,point_of_interest,establishment",Independente / Sem chain identificado,Banco,EXCLUDE
"RECIFE, PE",,iFix Solutions,ifix solutions,"Rua Epitácio Pessoa Sobrinho, 40 - Apto 07 - Santa Tereza, Olinda",-8.0204116,-34.854788,"point_of_interest,establishment",Independente / Sem chain identificado,Outros,REVIEW
"RECIFE, PE",,Caixa Eletrônico 24 Horas,caixa eletronico 24 horas,"Avenida Olinda Dom Hélder Câmara, 514 - Santa Tereza, Olinda",-8.0231558,-34.8597098,"atm,finance,point_of_interest,establishment",Independente / Sem chain identificado,Outros,REVIEW
"RECIFE, PE",,Stampa Mídia Exterior,stampa midia exterior,"Avenida Olinda Dom Hélder Câmara, 500 - Santa Tereza, Olinda",-8.022224399999997,-34.8584442,"point_of_interest,establishment",Independente / Sem chain identificado,Outros,REVIEW
"RECIFE, PE",,Ciatur,ciatur,"Avenida Sigismundo Gonçalves, 515 - Varadouro, Olinda",-8.0190117,-34.8497309,"police,point_of_interest,establishment",Independente / Sem chain identificado,Outros,REVIEW
"RECIFE, PE",,Cred Master,cred master,"Rua Felipe Camarão, 20 - Varadouro, Olinda",-8.0202042,-34.8547618,"finance,point_of_interest,establishment",Independente / Sem chain identificado,Outros,REVIEW
"RECIFE, PE",,Museum Mamulengo,museum mamulengo,"Avenida Doutor Joaquim Nabuco, S/N - Varadouro, Olinda",-8.019796699999999,-34.8536304,"museum,tourist_attraction,point_of_interest,establishment",Independente / Sem chain identificado,Outros,EXCLUDE
"RECIFE, PE",,Secretaria de Comunicação,secretaria deunicacao,"Rua Dez de Novembro, 73 - Carmo, Olinda",-8.018971,-34.85047910000001,"local_government_office,point_of_interest,establishment",Independente / Sem chain identificado,Órgão Público,EXCLUDE
"RECIFE, PE",,M&F Estofados e Capotaria Ltda.,m&f estofados e capotaria.,"Avenida Doutor Joaquim Nabuco, 1385 - Jatobá, Olinda",-8.0195254,-34.85368459999999,"furniture_store,home_goods_store,store,point_of_interest,establishment",Independente / Sem chain identificado,Loja de Móveis,EXCLUDE
"RECIFE, PE",,Gabat Baterias,gabat baterias,"Avenida Olinda Dom Hélder Câmara, 381 - Santa Tereza, Olinda",-8.0213217,-34.8576133,"car_repair,store,point_of_interest,establishment",Independente / Sem chain identificado,Automotivo,EXCLUDE
"RECIFE, PE",,Secretaria Educação Cultura,secretaria educacao cultura,"Rua Quinze de Novembro, 184 - Varadouro, Olinda",-8.0190709,-34.8528629,"point_of_interest,establishment",Independente / Sem chain identificado,Outros,EXCLUDE
"RECIFE, PE",,Itapemirim Turismo,itapemirim turismo,"Rua Quinze de Novembro, 39 - Varadouro, Olinda",-8.0195147,-34.8541173,"travel_agency,point_of_interest,establishment",Independente / Sem chain identificado,Agência de Viagens,EXCLUDE
"RECIFE, PE",,Posto Dislub Olinda,posto dislub olinda,"Avenida Olinda Dom Hélder Câmara, 234 - Santa Tereza, Olinda",-8.020755900000001,-34.85684739999999,"gas_station,point_of_interest,establishment",Posto (genérico),Posto / Conveniência,EXCLUDE
"RECIFE, PE",,Caixa Eletrônico Banco 24 Horas,caixa eletronico banco 24 horas,"Posto Petrobras - Avenida Olinda Dom Hélder Câmara, 150 - Loja 02 - Santa Tereza, Olinda",-8.020286799999997,-34.85593579999999,"atm,finance,point_of_interest,establishment",Independente / Sem chain identificado,Outros,EXCLUDE
"RECIFE, PE",,"Solar da Marquesa do Monte Alegre, Varadouro & Myllagres","solar da marquesa do monte alegre, varadouro & myllagres","Avenida Doutor Joaquim Nabuco, 05 - Varadouro, Olinda",-8.019454199999998,-34.8538681,"art_gallery,point_of_interest,establishment",Independente / Sem chain identificado,Outros,REVIEW
"RECIFE, PE",,Faroltec Refrigeração,faroltec refrigeracao,"Avenida Olinda Dom Hélder Câmara, 366 - Santa Tereza, Olinda",-8.0210555,-34.85752159999999,"point_of_interest,establishment",Independente / Sem chain identificado,Outros,REVIEW
"RECIFE, PE",,Assembléia de Deus,assembleia de deus,"Rua Duarte Coelho, 120 - Santa Tereza, Olinda",-8.022861599999999,-34.860288,"church,place_of_worship,point_of_interest,establishment",Independente / Sem chain identificado,Igreja,EXCLUDE
"RECIFE, PE",,Partido Democrático Trabalhista | PDT Olinda,partido democratico trabalhista | pdt olinda,"Rua de São Bento, 55 - Carmo, Olinda",-8.0189348,-34.8524558,"point_of_interest,establishment",Independente / Sem chain identificado,Outros,REVIEW
"RECIFE, PE",,Industrial Compressores,industrialpressores,"Avenida Olinda Dom Hélder Câmara, 412 - Santa Tereza, Olinda",-8.021184,-34.8579497,"point_of_interest,establishment",Independente / Sem chain identificado,Outros,REVIEW
"RECIFE, PE",,Período Fértil - Atelier de Moda Autoral,periodo fertil - atelier de moda autoral,"Rua Quinze de Novembro, 164 - Varadouro, Olinda",-8.019064499999999,-34.8530457,"clothing_store,store,point_of_interest,establishment",Independente / Sem chain identificado,Loja de Roupa,EXCLUDE
"RECIFE, PE",,TVR Tecnologia,tvr tecnologia,"Rua Quinze de Novembro, 164B - Varadouro, Olinda",-8.018996599999998,-34.8530511,"electronics_store,store,point_of_interest,establishment",Independente / Sem chain identificado,Eletrônica,EXCLUDE
"RECIFE, PE",,Pernambuco Car Shopping,pernambuco car shopping,"Av. Pan Nordestina, 100 Complexo - Salgadinho, Olinda",-8.030875199999999,-34.867649,"car_dealer,store,point_of_interest,establishment",Independente / Sem chain identificado,Automotivo,EXCLUDE
"RECIFE, PE",,Manchete Multimarcas - Olinda,manchete multimarcas - olinda,"Avenida Pan Nordestina, 100 - 02 e 13 - Salgadinho, Olinda",-8.0309498,-34.8677446,"car_dealer,store,point_of_interest,establishment",Independente / Sem chain identificado,Automotivo,EXCLUDE
"RECIFE, PE",,Peixaria do jamaica,peixaria do jamaica,"Rua Monteiro Lobato, 48 - Santa Tereza, Olinda",-8.0261684,-34.8587824,"store,point_of_interest,food,establishment",Independente / Sem chain identificado,Outros,REVIEW
"RECIFE, PE",,Padaria Globo,padaria globo,"Rua Felipe Camarão, 174 - Varadouro, Olinda",-8.0208282,-34.8535762,"bakery,store,point_of_interest,food,establishment",Independente / Sem chain identificado,Padaria,REVIEW
"RECIFE, PE",,LABIQUINIS,labiquinis,"Rua Rodrigues Alves, 143 - Santa Tereza, Olinda",-8.0248793,-34.85825140000001,"store,point_of_interest,establishment",Independente / Sem chain identificado,Outros,REVIEW
"RECIFE, PE",,AÇOUGUE BARATÃO,acougue baratao,"Rua Maurício de Nassau, 106 - Santa Tereza, Olinda",-8.025524599999999,-34.8592635,"store,point_of_interest,food,establishment",Independente / Sem chain identificado,Outros,REVIEW
"RECIFE, PE",,Farmácia,farmacia,"Rua Maurício de Nassau, 106 - Santa Tereza, Olinda",-8.025478199999998,-34.8592866,"pharmacy,health,store,point_of_interest,establishment",Drogaria (indep.),Farmácia,TARGET
"RECIFE, PE",,Studio Jailma Xavier,studio jailma xavier,"Rua Santa Tereza, 178 - Santa Tereza, Olinda",-8.0249794,-34.85875579999999,"store,point_of_interest,establishment",Independente / Sem chain identificado,Outros,REVIEW
"RECIFE, PE",,LK Modas 01,lk modas 01,"Rua Santa Tereza, 158 - Santa Tereza, Olinda",-8.025125699999998,-34.8589857,"clothing_store,store,point_of_interest,establishment",Independente / Sem chain identificado,Loja de Roupa,EXCLUDE
"RECIFE, PE",,Mimos da Taay Ateliê,mimos da taay atelie,"Rua Monte Castelo, 107B - Santa Tereza, Olinda",-8.025354799999999,-34.859349,"store,point_of_interest,establishment",Independente / Sem chain identificado,Outros,REVIEW
"RECIFE, PE",,Elaine Multimarcas,elaine multimarcas,"Rua Monte Castelo, 143 - Santa Tereza, Olinda",-8.0254659,-34.8595762,"store,point_of_interest,establishment",Independente / Sem chain identificado,Outros,REVIEW
"RECIFE, PE",,Doctor Bike Olinda,doctor bike olinda,"Rua Manuel Borba, 252 - Carmo, Olinda",-8.021115199999999,-34.8509917,"bicycle_store,store,point_of_interest,establishment",Independente / Sem chain identificado,Bicicletaria,EXCLUDE
"RECIFE, PE",,depositodomiro,depositodomiro,"praça vidal de negreiro, Olinda",-8.0220067,-34.8540143,"liquor_store,store,point_of_interest,establishment",Independente / Sem chain identificado,Outros,REVIEW
"RECIFE, PE",,Atos Tattoo,atos tattoo,"Rua Monte Castelo - Santa Tereza, Olinda",-8.025895199999997,-34.8602025,"store,point_of_interest,establishment",Independente / Sem chain identificado,Outros,REVIEW
"RECIFE, PE",,Iris Gomes Sobrancelhas e cílios,iris gomes sobrancelhas e cilios,"Rua Santa Tereza, 259 - Santa Tereza, Olinda",-8.024370899999997,-34.8584232,"store,point_of_interest,establishment",Independente / Sem chain identificado,Outros,REVIEW
"RECIFE, PE",,Rodrigofest,rodrigofest,"Rua Monteiro Lobato, 140 - Santa Tereza, Olinda",-8.025068499999998,-34.85951319999999,"clothing_store,store,point_of_interest,establishment",Independente / Sem chain identificado,Loja de Roupa,EXCLUDE
"RECIFE, PE",,Efraim Moda Evangelica,efraim moda evangelica,"Rua Santa Tereza, 212 - Santa Tereza, Olinda",-8.0239157,-34.8582226,"clothing_store,store,point_of_interest,establishment",Independente / Sem chain identificado,Loja de Roupa,EXCLUDE
"RECIFE, PE",,PCA TUBOS & CONEXÕES,pca tubos & conexoes,"Rua Onze de Agosto, 173 - apto 02 - Umuarama, Olinda",-8.022099299999999,-34.8551787,"store,point_of_interest,establishment",Independente / Sem chain identificado,Outros,REVIEW
"RECIFE, PE",,Alleh Modas,alleh modas,"Rua Santa Tereza - Santa Tereza, Olinda",-8.0237489,-34.85814190000001,"clothing_store,store,point_of_interest,establishment",Independente / Sem chain identificado,Loja de Roupa,EXCLUDE
"RECIFE, PE",,Panificadora Q - PÃO,panificadora q - pao,"Rua Santa Tereza - Santa Tereza, Olinda",-8.0236961,-34.8581273,"bakery,food,store,point_of_interest,establishment",Independente / Sem chain identificado,Padaria,REVIEW
"RECIFE, PE",,Cantinho Doce,cantinho doce,"Rua Monteiro Lobato, 106 - Santa Tereza, Olinda",-8.0248572,-34.85973559999999,"food,store,point_of_interest,establishment",Independente / Sem chain identificado,Outros,REVIEW
"RECIFE, PE",,Go! Store Esportivo,go! store esportivo,"Rua Onze de Agosto, 195 - AP 07 - Santa Tereza, Olinda",-8.022107,-34.8554518,"clothing_store,store,point_of_interest,establishment",Independente / Sem chain identificado,Loja de Roupa,EXCLUDE
"RECIFE, PE",,SuprirFit,suprirfit,"Rua Onze de Agosto, 19 - Umuarama, Olinda",-8.0214957,-34.8541179,"health,store,point_of_interest,establishment",Independente / Sem chain identificado,Clínica / Saúde,REVIEW
"RECIFE, PE",,Ateliê maria de Andrade,atelie maria de andrade,"Avenida Sigismundo Gonçalves, 290 - Varadouro, Olinda",-8.020532599999997,-34.85107829999999,"store,point_of_interest,establishment",Independente / Sem chain identificado,Outros,REVIEW
"RECIFE, PE",,MeM Kids,mem kids,"Rua Nelcina Pereira - Santa Tereza, Olinda",-8.0240872,-34.8592452,"clothing_store,store,point_of_interest,establishment",Independente / Sem chain identificado,Loja de Roupa,EXCLUDE
"RECIFE, PE",,Armazem Do Pereira,armazem do pereira,"Rua Monteiro Lobato, 65 - Santa Tereza, Olinda",-8.024433499999999,-34.859765,"store,point_of_interest,establishment",Independente / Sem chain identificado,Outros,REVIEW
"RECIFE, PE",,MeM Moda Kids,mem moda kids,"Rua Severina Magalhães - Santa Tereza, Olinda",-8.0234946,-34.85900699999999,"clothing_store,store,point_of_interest,establishment",Independente / Sem chain identificado,Loja de Roupa,EXCLUDE
"RECIFE, PE",,Empório Olinda,emporio olinda,Brazil,-8.020594799999998,-34.8538642,"store,point_of_interest,establishment",Independente / Sem chain identificado,Mercearia / Empório,REVIEW
"RECIFE, PE",,A. S. Divisórias e Forros,a. s. divisorias e forros,"Avenida Olinda Dom Hélder Câmara, 367 - Santa Tereza, Olinda",-8.0212902,-34.85741939999999,"home_goods_store,store,point_of_interest,establishment",Independente / Sem chain identificado,Casa & Decoração,EXCLUDE
"RECIFE, PE",,Só policarbonato coberturas,so policarbonato coberturas,"Avenida Sigismundo Gonçalves, 463 - Carmo, Olinda",-8.019561699999999,-34.8498811,"store,point_of_interest,establishment",Independente / Sem chain identificado,Outros,REVIEW
"RECIFE, PE",,CONNECT AUTOCAR,connect autocar,"Avenida Olinda Dom Hélder Câmara, 668 - Santa Tereza, Olinda",-8.024194099999999,-34.8605089,"car_dealer,store,point_of_interest,establishment",Independente / Sem chain identificado,Automotivo,EXCLUDE
"RECIFE, PE",,PORTO DA PESCA,porto da pesca,"Avenida Sigismundo Gonçalves, 455 - Varadouro, Olinda",-8.0194504,-34.85021,"store,point_of_interest,establishment",Independente / Sem chain identificado,Outros,REVIEW
"RECIFE, PE",,Lojinha do Mosteiro de São Bento de Olinda,lojinha do mosteiro de sao bento de olinda,"Varadouro, Olinda",-8.019711299999999,-34.8522165,"store,point_of_interest,establishment",Independente / Sem chain identificado,Outros,REVIEW
"RECIFE, PE",,Sxm Peças E Serviços,sxm pecas e servicos,Brazil,-8.023469999999998,-34.8598918,"store,point_of_interest,establishment",Independente / Sem chain identificado,Outros,REVIEW
"RECIFE, PE",,Vitória Art Vime,vitoria art vime,"Avenida Sigismundo Gonçalves, 40 - Varadouro, Olinda",-8.020291,-34.854252,"furniture_store,home_goods_store,store,point_of_interest,establishment",Independente / Sem chain identificado,Loja de Móveis,EXCLUDE
"RECIFE, PE",,Cdga Materiais Eletro,cdga materiais eletro,"Rua Paulo Nunes Viana, 1 - Umuarama, Olinda",-8.020680499999997,-34.8553867,"store,point_of_interest,establishment",Independente / Sem chain identificado,Outros,REVIEW
"RECIFE, PE",,Livraria Cepe - Germano Coelho,livraria cepe - germano coelho,"Avenida Doutor Joaquim Nabuco - Varadouro, Olinda",-8.019876199999999,-34.85333619999999,"book_store,store,point_of_interest,establishment",Independente / Sem chain identificado,Livraria,EXCLUDE
"RECIFE, PE",,Aky,aky,Brazil,-8.0202558,-34.85459199999999,"store,point_of_interest,establishment",Independente / Sem chain identificado,Outros,REVIEW
"RECIFE, PE",,Porto Pesqueiro Pescados,porto pesqueiro pescados,"Avenida Olinda Dom Hélder Câmara, 553 - Santa Tereza, Olinda",-8.0223687,-34.85875939999999,"store,food,point_of_interest,establishment",Independente / Sem chain identificado,Outros,REVIEW
"RECIFE, PE",,Farmácia Varadouro,farmacia varadouro,"Rua Felipe Camarão, 20 - Loja 07 - Varadouro, Olinda",-8.0202042,-34.8547618,"pharmacy,health,store,point_of_interest,establishment",Drogaria (indep.),Farmácia,TARGET
"RECIFE, PE",,Pharmacy Santa Rita,pharmacy santa rita,"Rua Felipe Camarão, 20 - Loja 07 - Varadouro, Olinda",-8.0201835,-34.8547896,"pharmacy,health,store,point_of_interest,establishment",Independente / Sem chain identificado,Farmácia,TARGET
"RECIFE, PE",,Duvel Vistorias - Olinda,duvel vistorias - olinda,"Avenida Olinda Dom Hélder Câmara, Nº - 421 - Santa Tereza, Olinda",-8.0221796,-34.8586797,"store,point_of_interest,establishment",Independente / Sem chain identificado,Outros,REVIEW
"RECIFE, PE",,FABI VARIEDADES,fabi variedades,"Avenida Olinda Dom Hélder Câmara, 157 - Varadouro, Olinda",-8.020605499999999,-34.8558298,"store,point_of_interest,establishment",Independente / Sem chain identificado,Outros,REVIEW
"RECIFE, PE",,Moviuso - Consertos de Cadeiras Escritório,moviuso - consertos de cadeiras escritorio,"Avenida Olinda Dom Hélder Câmara, 161 - Varadouro, Olinda",-8.020626199999999,-34.85591669999999,"furniture_store,home_goods_store,store,point_of_interest,establishment",Independente / Sem chain identificado,Loja de Móveis,EXCLUDE
"RECIFE, PE",,Ruy Cell,ruy cell,"Avenida Olinda Dom Hélder Câmara, 157 - Loja B - Varadouro, Olinda",-8.020543199999999,-34.8558355,"store,point_of_interest,establishment",Independente / Sem chain identificado,Outros,REVIEW
"RECIFE, PE",,Nari Store,nari store,"Rua Pedro Alllain, 196, Recife - PE CEP:",-8.0218657,-34.9176369,"supermarket,grocery_or_supermarket,store,food,point_of_interest,establishment",Independente / Sem chain identificado,Supermercado,TARGET
"RECIFE, PE",,Mercadinho do Vavá,mercadinho do vava,"334, Rua Alexandrino, 288 - Casa Amarela, Recife",-8.023936899999997,-34.9216281,"supermarket,grocery_or_supermarket,store,food,point_of_interest,establishment",Independente / Sem chain identificado,Mercadinho,TARGET
"RECIFE, PE",,Mercearia do Genival,mercearia do genival,"Rua Alexandrino, 175 - Casa Amarela, Recife",-8.025012100000001,-34.92208309999999,"supermarket,grocery_or_supermarket,store,food,point_of_interest,establishment",Independente / Sem chain identificado,Mercearia / Empório,TARGET
"RECIFE, PE",,Mercearia Dois Irmãos,mercearia dois irmaos,"Rua Dois de Fevereiro, 442 - Morro da Conceição, Recife",-8.0166902,-34.9177677,"supermarket,grocery_or_supermarket,store,food,point_of_interest,establishment",Independente / Sem chain identificado,Mercearia / Empório,TARGET
"RECIFE, PE",,Palácio Atacado,palacio atacado,"Avenida Norte Miguel Arraes de Alencar, 6629 - Casa Amarela, Recife",-8.0206637,-34.9244317,"supermarket,grocery_or_supermarket,store,food,point_of_interest,establishment",Independente / Sem chain identificado,Atacarejo,TARGET
"RECIFE, PE",,Merciaria do Bruno,merciaria do bruno,"Rua do Universo - Casa Amarela, Recife",-8.0253138,-34.9253983,"supermarket,grocery_or_supermarket,store,food,point_of_interest,establishment",Independente / Sem chain identificado,Supermercado,TARGET
"RECIFE, PE",,Panificadora e Mercadindo Andrea,panificadora ercadindo andrea,"Rua Córrego do Bartolomeu, 142 - Alto José do Pinho, Recife",-8.0228524,-34.9115657,"bakery,supermarket,grocery_or_supermarket,store,food,point_of_interest,establishment",Independente / Sem chain identificado,Padaria,REVIEW
"RECIFE, PE",,Mercadinho Compras Express Mais,mercadinhopras express mais,"Rua Córrego do Euclídes, 446 - Alto José Bonifacio, Recife",-8.0161074,-34.9137437,"supermarket,grocery_or_supermarket,store,food,point_of_interest,establishment",Independente / Sem chain identificado,Mercadinho,TARGET
"RECIFE, PE",,Mercadinho Boas Compras,mercadinho boaspras,"Rua Mandacaru, 594 - Apipucos, Recife",-8.0212462,-34.9266092,"supermarket,grocery_or_supermarket,store,food,point_of_interest,establishment",Independente / Sem chain identificado,Mercadinho,TARGET
"RECIFE, PE",,Rende More Supermarkets,rende more supermarkets,"Rua Vasco da Gama, 817 - Vasco da Gama, Recife",-8.0139895,-34.9200843,"supermarket,grocery_or_supermarket,store,food,point_of_interest,establishment",Independente / Sem chain identificado,Supermercado,TARGET
"RECIFE, PE",,Atacarejo,atacarejo,"Rua Nova Descoberta, 118 - Nova Descoberta, Recife",-8.0180819,-34.9264285,"supermarket,liquor_store,grocery_or_supermarket,store,food,point_of_interest,establishment",Independente / Sem chain identificado,Atacarejo,TARGET
"RECIFE, PE",,Mercearia Jk,mercearia jk,"Rua Alto Da Carola, N:117 - Vasco da Gama, Recife",-8.0134349,-34.91963409999999,"supermarket,grocery_or_supermarket,store,food,point_of_interest,establishment",Independente / Sem chain identificado,Mercearia / Empório,TARGET
"RECIFE, PE",,Andrade e Oliveira Minimercado,andrade e oliveira minimercado,"Rua Nova Descoberta, 213 - Nova Descoberta, Recife",-8.017919299999999,-34.9264487,"supermarket,grocery_or_supermarket,store,food,point_of_interest,establishment",Independente / Sem chain identificado,Minimercado,TARGET
"RECIFE, PE",,Little Market Price Good,little market price good,"Rua Acaiaca, 226 - Alto José do Pinho, Recife",-8.0212158,-34.9101164,"supermarket,grocery_or_supermarket,store,food,point_of_interest,establishment",Independente / Sem chain identificado,Supermercado,TARGET
"RECIFE, PE",,Quitanda Hortifruti M&E,quitanda hortifruti m&e,"Rua Córrego do Euclídes - Casa Amarela, Recife",-8.013920900000002,-34.9149192,"supermarket,grocery_or_supermarket,store,food,point_of_interest,establishment",Independente / Sem chain identificado,Supermercado,TARGET
"RECIFE, PE",,Mercearia Dona Ozana,mercearia dona ozana,"-387, Rua Frederico Ozanan, 369 - Vasco da Gama, Recife",-8.012913799999998,-34.91761049999999,"supermarket,grocery_or_supermarket,store,food,point_of_interest,establishment",Independente / Sem chain identificado,Mercearia / Empório,TARGET
"RECIFE, PE",,Mercadinho Águia,mercadinho aguia,"Rua Santa Maria Gorete - Vasco da Gama, Recife",-8.0124625,-34.9185637,"supermarket,grocery_or_supermarket,store,food,point_of_interest,establishment",Independente / Sem chain identificado,Mercadinho,TARGET
"RECIFE, PE",,Mercado Poli,mercado poli,"Rua Córrego do Euclídes, 806 - Alto José Bonifacio, Recife",-8.0132158,-34.9147559,"supermarket,grocery_or_supermarket,store,food,point_of_interest,establishment",Independente / Sem chain identificado,Supermercado,TARGET
"RECIFE, PE",,Mercadinho Mandacaru Numero 594,mercadinho mandacaru numero 594,"Rua Mandacaru - Apipucos, Recife",-8.021823399999999,-34.9290361,"supermarket,grocery_or_supermarket,store,food,point_of_interest,establishment",Independente / Sem chain identificado,Mercadinho,TARGET
"RECIFE, PE",,Mercadinho Soares,mercadinho soares,"Rua Quiri, 195 - Alto José do Pinho, Recife",-8.0225481,-34.9087659,"supermarket,grocery_or_supermarket,store,food,point_of_interest,establishment",Independente / Sem chain identificado,Mercadinho,TARGET
"RECIFE, PE",,Bonifácio,bonifacio,"Alto da Saudade, 1800 - Alto José Bonifacio, Recife",-8.014526199999999,-34.9114986,"supermarket,grocery_or_supermarket,store,food,point_of_interest,establishment",Independente / Sem chain identificado,Supermercado,TARGET
"RECIFE, PE",,Mercearia do Marcílio,mercearia do marcilio,"Rua Nova Descoberta, 724 - Casa Amarela, Recife",-8.0135028,-34.9251916,"supermarket,grocery_or_supermarket,store,food,point_of_interest,establishment",Independente / Sem chain identificado,Mercearia / Empório,TARGET
"RECIFE, PE",,Empório ecomix,emporio ecomix,"Rua Alto José Bonifácio, 1096 - Alto José Bonifacio, Recife",-8.0128814,-34.9132708,"supermarket,grocery_or_supermarket,store,food,point_of_interest,establishment",Independente / Sem chain identificado,Mercearia / Empório,TARGET
"RECIFE, PE",,Supermercadinho Du Alto,supermercadinho du alto,"Rua Nova Descoberta, 1192 - Nova Descoberta, Recife",-8.0123734,-34.9247304,"supermarket,grocery_or_supermarket,store,food,point_of_interest,establishment",Independente / Sem chain identificado,Supermercado,TARGET
"RECIFE, PE",,Hortifruti E Granja Da Galega,hortifruti e granja da galega,Brazil,-8.0126754,-34.911899,"supermarket,grocery_or_supermarket,food,store,point_of_interest,establishment",Independente / Sem chain identificado,Supermercado,TARGET
"RECIFE, PE",,Mercadinho Bom de Preço,mercadinho bom de preco,"Rua Padre Oliveira, 222 - Bomba do Hemetério, Recife",-8.0201422,-34.90717999999999,"supermarket,grocery_or_supermarket,food,store,point_of_interest,establishment",Independente / Sem chain identificado,Mercadinho,TARGET
"RECIFE, PE",,Varejão Da Hora,varejao da hora,Brazil,-8.020213499999999,-34.9068593,"supermarket,grocery_or_supermarket,food,store,point_of_interest,establishment",Independente / Sem chain identificado,Supermercado,TARGET
"RECIFE, PE",,Glma supermercados Econômico II,glmas economico ii,"Rua Alto do Eucalípto, 486A - Brejo de Beberibe, Recife",-8.009666700000002,-34.91912240000001,"supermarket,grocery_or_supermarket,food,store,point_of_interest,establishment",Independente / Sem chain identificado,Supermercado,TARGET
"RECIFE, PE",,Mercearia do pingo,mercearia do pingo,"Rua Nova Descoberta, 1017 - Nova Descoberta, Recife",-8.0110264,-34.9246443,"supermarket,grocery_or_supermarket,food,store,point_of_interest,establishment",Independente / Sem chain identificado,Mercearia / Empório,TARGET
"RECIFE, PE",,Mercearia anjinhodouradoph,mercearia anjinhodouradoph,"Rua Professor José Amarino dos Réis, 118 - Linha do Tiro, Recife",-8.0171666,-34.9070368,"supermarket,grocery_or_supermarket,food,store,point_of_interest,establishment",Independente / Sem chain identificado,Mercearia / Empório,TARGET
"RECIFE, PE",,Mercadinho Ernando,mercadinho ernando,"Rua Professor José Amarino dos Réis, 498 - Linha do Tiro, Recife",-8.017680799999999,-34.9067107,"supermarket,grocery_or_supermarket,food,store,point_of_interest,establishment",Independente / Sem chain identificado,Mercadinho,TARGET
"RECIFE, PE",,Mercearia Olho D' Água,mercearia olho d' agua,"Rua Nova Descoberta, 1114 - Nova Descoberta, Recife",-8.0101868,-34.9243389,"supermarket,grocery_or_supermarket,food,store,point_of_interest,establishment",Independente / Sem chain identificado,Mercearia / Empório,TARGET
"RECIFE, PE",,Mercadinho Apolinário,mercadinho apolinario,"Rua Alto 13 de Maio, Recife",-8.009621899999999,-34.9229548,"supermarket,grocery_or_supermarket,food,store,point_of_interest,establishment",Independente / Sem chain identificado,Mercadinho,TARGET
"RECIFE, PE",,Mercearia Do Mazinho,mercearia do mazinho,"Alto do Olho d'Água, 12 - Macaxeira, Recife",-8.010941599999999,-34.92606560000001,"supermarket,grocery_or_supermarket,food,store,point_of_interest,establishment",Independente / Sem chain identificado,Mercearia / Empório,TARGET
"RECIFE, PE",,Mercadinho Vitória,mercadinho vitoria,"Rua Severino Bernardino Pereira, 283 - Alto José do Pinho, Recife",-8.0226235,-34.9056853,"supermarket,grocery_or_supermarket,food,store,point_of_interest,establishment",Independente / Sem chain identificado,Mercadinho,TARGET
"RECIFE, PE",,Little Market Price Good,little market price good,"Rua Severino Bernardino Pereira, 276 - Alto José do Pinho, Recife",-8.022501,-34.9056164,"supermarket,grocery_or_supermarket,food,store,point_of_interest,establishment",Independente / Sem chain identificado,Supermercado,TARGET
"RECIFE, PE",,Mercadinho Jp Alimentos,mercadinho jp alimentos,Brazil,-8.012772,-34.9091087,"supermarket,grocery_or_supermarket,food,store,point_of_interest,establishment",Independente / Sem chain identificado,Mercadinho,TARGET
"RECIFE, PE",,Mercearia Do Nado,mercearia do nado,"Rua Tamboara, 299 - Alto Santa Teresinha, Recife",-8.017645799999999,-34.9056945,"supermarket,grocery_or_supermarket,food,store,point_of_interest,establishment",Independente / Sem chain identificado,Mercearia / Empório,TARGET
"RECIFE, PE",,Conveniência Algo +,conveniencia algo +,"Rua Vasco da Gama, 278 - Vasco da Gama, Recife",-8.018368200000001,-34.9214369,"convenience_store,store,point_of_interest,food,establishment",Independente / Sem chain identificado,Conveniência,TARGET
"RECIFE, PE",,Kiosque Prime,kiosque prime,"Rua Vasco da Gama, 315 - loja A - Vasco da Gama, Recife",-8.0179755,-34.92165819999999,"convenience_store,store,point_of_interest,food,establishment",Independente / Sem chain identificado,Conveniência,TARGET
"RECIFE, PE",,Atacadão dos Doces - Casa Amarela,atacadao dos doces - casa amarela,"Avenida Norte Miguel Arraes de Alencar, 6629 - Casa Amarela, Recife",-8.0206637,-34.9244317,"convenience_store,store,point_of_interest,food,establishment",Atacadão,Atacarejo,TARGET
"RECIFE, PE",,BR Mania Conveniência,br mania conveniencia,"Avenida Norte Miguel Arraes de Alencar, 6717 - Casa Amarela, Recife",-8.020485599999999,-34.92528180000001,"convenience_store,gas_station,cafe,meal_takeaway,atm,finance,car_repair,store,restaurant,point_of_interest,food,establishment",BR Mania (Petrobras),Conveniência,TARGET
"RECIFE, PE",,Lá no Vasco,la no vasco,"Rua Compositor José Dantas, Recife",-8.0156463,-34.92240269999999,"convenience_store,store,point_of_interest,food,establishment",Independente / Sem chain identificado,Conveniência,TARGET
"RECIFE, PE",,Adega Alceu Dispor,adega alceu dispor,"Avenida Norte Miguel Arraes de Alencar, 1044 - Alto do Mandu, Recife",-8.020032000000002,-34.92668299999999,"convenience_store,store,point_of_interest,food,establishment",Independente / Sem chain identificado,Conveniência,TARGET
"RECIFE, PE",,Conveniência Solar,conveniencia solar,"Avenida Norte Miguel Arraes de Alencar, 6999 - Apipucos, Recife",-8.019483,-34.927499,"convenience_store,store,point_of_interest,food,establishment",Independente / Sem chain identificado,Conveniência,TARGET
"RECIFE, PE",,Barraca de jobinho,barraca de jobinho,"Rua Alto Da Carola, 215 - Vasco da Gama, Recife",-8.011887600000001,-34.9176995,"convenience_store,store,food,point_of_interest,establishment",Independente / Sem chain identificado,Conveniência,TARGET
"RECIFE, PE",,KS Bebidas,ks bebidas,"Rua Padre Oliveira, 9 - Alto José Bonifacio, Recife",-8.018910199999999,-34.9087254,"convenience_store,store,food,point_of_interest,establishment",Independente / Sem chain identificado,Conveniência,TARGET
"RECIFE, PE",,Variedades Boa Sorte,variedades boa sorte,"Rua Alto José Bonifácio, 52 - Alto José Bonifacio, Recife",-8.01182,-34.91345879999999,"convenience_store,store,food,point_of_interest,establishment",Independente / Sem chain identificado,Conveniência,TARGET
"RECIFE, PE",,Fiteiro Da Ely,fiteiro da ely,"Rua Visconde de Sá Bandeira - Alto José Bonifacio, Recife",-8.011824599999997,-34.9122974,"convenience_store,store,food,point_of_interest,establishment",Independente / Sem chain identificado,Conveniência,TARGET
"RECIFE, PE",,Posto Petrobras,posto petrobras,"Rua de Apipucos, 704 - Apipucos, Recife",-8.021871499999998,-34.9316745,"gas_station,car_wash,convenience_store,car_repair,store,restaurant,food,point_of_interest,establishment",Petrobras,Posto / Conveniência,TARGET
"RECIFE, PE",,Supermercado,supermercado,"Avenida José Américo de Almeida, 230 - Macaxeira, Recife",-8.014056499999999,-34.9293431,"convenience_store,store,food,point_of_interest,establishment",Independente / Sem chain identificado,Supermercado,TARGET
"RECIFE, PE",,Vizinho Conveniência @vizinhoperfeito,vizinho conveniencia @vizinhoperfeito,"Avenida José Américo de Almeida, 230 - Macaxeira, Recife",-8.0139949,-34.9294411,"convenience_store,store,food,point_of_interest,establishment",Independente / Sem chain identificado,Conveniência,TARGET
"RECIFE, PE",,Ponto 471 Bebidas e Conveniência,ponto 471 bebidas e conveniencia,"Rua Tamboara, 471 - Alto Santa Teresinha, Recife",-8.0174617,-34.9059769,"convenience_store,store,food,point_of_interest,establishment",Independente / Sem chain identificado,Conveniência,TARGET
"RECIFE, PE",,Bomba do Hemetério,bomba do hemeterio,"Rua Olindina - Bomba do Hemetério, Recife",-8.020451,-34.9052663,"convenience_store,store,food,point_of_interest,establishment",Independente / Sem chain identificado,Conveniência,TARGET
"RECIFE, PE",,Conveniência Bombamix,conveniencia bombamix,"Rua Chã de Alegria, 30 - Bomba do Hemetério, Recife",-8.0204393,-34.90516530000001,"convenience_store,store,food,point_of_interest,establishment",Independente / Sem chain identificado,Conveniência,TARGET
"RECIFE, PE",,Fiteiro Frei Tito,fiteiro frei tito,"Rua Frei Tito de Alençar Lima - Macaxeira, Recife",-8.009017,-34.9313979,"convenience_store,food,store,point_of_interest,establishment",Independente / Sem chain identificado,Conveniência,TARGET
"RECIFE, PE",,G. casa dos ovos,g. casa dos ovos,"Rua Ladeira de Pedra, 902 - Água Fria, Recife",-8.0151133,-34.9016201,"convenience_store,food,store,point_of_interest,establishment",Independente / Sem chain identificado,Conveniência,TARGET
"RECIFE, PE",,SLASH CONVENIÊNCIA,slash conveniencia,"Rua Ladeira de Pedra, 649 - Água Fria, Recife",-8.016530899999998,-34.900105,"convenience_store,food,store,point_of_interest,establishment",Independente / Sem chain identificado,Conveniência,TARGET
"RECIFE, PE",,Comercial Casa Rocha,comercial casa rocha,"Avenida Manoel Lopes, 274 - Água Fria, Recife",-8.0177449,-34.8990909,"convenience_store,food,store,point_of_interest,establishment",Independente / Sem chain identificado,Conveniência,TARGET
"RECIFE, PE",,Giro Fast Conveniência,giro fast conveniencia,"Estrada Velha de Água Fria - Água Fria, Recife",-8.0218517,-34.8966815,"convenience_store,food,store,point_of_interest,establishment",Independente / Sem chain identificado,Conveniência,TARGET
"RECIFE, PE",,Depósito do ovo katia,deposito do ovo katia,"Rua Ladeira de Pedra, 111 - Água Fria, Recife",-8.0190356,-34.8964919,"convenience_store,food,store,point_of_interest,establishment",Independente / Sem chain identificado,Conveniência,TARGET
"RECIFE, PE",,escola estadual dom vital,escola estadual dom vital,"estrada do arraial, s/n, Recife",-8.0273083,-34.9181962,"secondary_school,school,point_of_interest,establishment",Independente / Sem chain identificado,Outros,EXCLUDE
"RECIFE, PE",,Famiglia Lucco,famiglia lucco,"Estrada do Encanamento, 361 - Parnamirim, Recife",-8.0322733,-34.9137573,"restaurant,food,point_of_interest,establishment",Independente / Sem chain identificado,Restaurante,EXCLUDE
"RECIFE, PE",,Clube Diário de Pernambuco,clube diario de pernambuco,"Estrada do Arraial, 3014 - Tamarineira, Recife",-8.028775399999999,-34.909349,"point_of_interest,establishment",Independente / Sem chain identificado,Outros,REVIEW
"RECIFE, PE",,Di Branco Lounge Buffet,di branco lounge buffet,"Avenida Dezessete de Agosto, 2513 - Casa Forte, Recife",-8.028248499999998,-34.9269037,"food,point_of_interest,establishment",Independente / Sem chain identificado,Outros,REVIEW
"RECIFE, PE",,Escola de Referência em Ensino Médio Clotilde De Oliveira,escola de referencia em ensinodio clotilde de oliveira,"Avenida Norte Miguel Arraes de Alencar, 6760 - Casa Amarela, Recife",-8.0199879,-34.9261039,"secondary_school,school,point_of_interest,establishment",Independente / Sem chain identificado,Outros,EXCLUDE
"RECIFE, PE",,Policlínica e Maternidade Professor Barros Lima,policlinica e maternidade professor barros lima,"Avenida Norte Miguel Arraes de Alencar, 6465 - Casa Amarela, Recife",-8.0207759,-34.9235939,"hospital,health,point_of_interest,establishment",Independente / Sem chain identificado,Hospital,EXCLUDE
"RECIFE, PE",,Saúde Excelsior,saude excelsior,"Rua Pôrto de Pedras, 72 - Linha do Tiro, Recife",-8.008016299999998,-34.9054157,"insurance_agency,health,point_of_interest,establishment",Independente / Sem chain identificado,Outros,REVIEW
"RECIFE, PE",,Arcádia Recepções - Apipucos,arcadia recepcoes - apipucos,"Rua de Apipucos, 568 - Apipucos, Recife",-8.0230891,-34.9303021,"point_of_interest,establishment",Independente / Sem chain identificado,Outros,REVIEW
"RECIFE, PE",,Guaiamum Gigante,guaiamum gigante,"Rua Doutor José de Góes, 299 - Parnamirim, Recife",-8.0361376,-34.9101448,"bar,restaurant,food,point_of_interest,establishment",Independente / Sem chain identificado,Outros,REVIEW
"RECIFE, PE",,K2host,k2host,"Rua Silveira Lôbo, 32 - Cxpst. 264 - Poço da Panela, Recife",-8.0312599,-34.9238494,"point_of_interest,establishment",Independente / Sem chain identificado,Outros,REVIEW
"RECIFE, PE",,Iputinga,iputinga,Iputinga,-8.0367116,-34.9353394,"sublocality_level_1,sublocality,political",Independente / Sem chain identificado,Outros,REVIEW
"RECIFE, PE",,School Santa Catarina,school santa catarina,"Estrada do Arraial, 2740 - Tamarineira, Recife",-8.0298167,-34.907126,"primary_school,school,point_of_interest,establishment",Independente / Sem chain identificado,Outros,REVIEW
"RECIFE, PE",,Fundação Joaquim Nabuco (Campus Anísio Teixeira),fundacao joaquim nabuco (campus anisio teixeira),"Rua Dois Irmãos, 92 - Apipucos, Recife",-8.020350100000002,-34.9371282,"point_of_interest,establishment",Independente / Sem chain identificado,Outros,REVIEW
"RECIFE, PE",,EREM Padre Nércio Rodrigues,erem padre nercio rodrigues,"Rua Uriel de Holanda, S/N - Linha do Tiro, Recife",-8.007786,-34.90773299999999,"school,point_of_interest,establishment",Independente / Sem chain identificado,Escola,EXCLUDE
"RECIFE, PE",,Nexos Hotel Tamarineira,nexos hotel tamarineira,"Avenida Norte Miguel Arraes de Alencar, 4200 - Tamarineira, Recife",-8.0271805,-34.9035347,"lodging,point_of_interest,establishment",Independente / Sem chain identificado,Hotel,EXCLUDE
"RECIFE, PE",,Comitê Gustavo Negromonte,comite gustavo negromonte,"Estrada do Encanamento - Casa Forte, Recife",-8.032745000000002,-34.91148200000001,"point_of_interest,establishment",Independente / Sem chain identificado,Outros,REVIEW
"RECIFE, PE",,Federal Savings Bank,federal savings bank,"Rua Padre Lemos, 293 - Casa Amarela, Recife",-8.024196300000002,-34.9181119,"bank,atm,finance,point_of_interest,establishment",Independente / Sem chain identificado,Banco,EXCLUDE
"RECIFE, PE",,Eliel Alves Decorações,eliel alves decoracoes,"Estrada do Encanamento, 1107 - Casa Forte, Recife",-8.0301795,-34.92010130000001,"point_of_interest,establishment",Independente / Sem chain identificado,Outros,REVIEW
"RECIFE, PE",,LABORATORIES GILSON CIDRIM,laboratories gilson cidrim,"Casa Amarela, Recife",-8.0267917,-34.9177591,"point_of_interest,health,establishment",Independente / Sem chain identificado,Clínica / Saúde,REVIEW
"RECIFE, PE",,CASA DAS REDES,casa das redes,"Rua da Harmonia, 272 - Parnamirim, Recife",-8.026099499999999,-34.9134818,"point_of_interest,establishment",Independente / Sem chain identificado,Outros,REVIEW
"RECIFE, PE",,"Multioffice - Escritório Virtual | Endereços fiscais em Recife, Olinda e Paulista.","multioffice - escritorio virtual | enderecos fiscais em recife, olinda e paulista.","Rua Silveira Lôbo, 32 - Casa Forte, Recife",-8.0311577,-34.9239317,"point_of_interest,establishment",Independente / Sem chain identificado,Outros,REVIEW
"RECIFE, PE",,Acto Academia Iputinga,acto academia iputinga,"Rua São Mateus, 653 - Iputinga, Recife",-8.0358017,-34.935252,"gym,point_of_interest,health,establishment",Independente / Sem chain identificado,Outros,EXCLUDE
"RECIFE, PE",,Buffet Crepes Triunfo,buffet crepes triunfo,"Rua Conselheiro Peretti, 371 - Casa Amarela, Recife",-8.0249542,-34.91460329999999,"point_of_interest,food,establishment",Independente / Sem chain identificado,Outros,REVIEW
"RECIFE, PE",,Colégio Apoio Recife,colegio apoio recife,"Rua Conselheiro Nabuco, 44 - Parnamirim, Recife",-8.0300697,-34.9142623,"school,point_of_interest,establishment",Independente / Sem chain identificado,Escola,EXCLUDE
"RECIFE, PE",,Corisco Design Gráfico,corisco design grafico,"WorkHall Coworking - Cx Postal 57, Avenida Parnamirim, 416 - 1º Andar - Parnamirim, Recife",-8.033472699999999,-34.9097195,"point_of_interest,establishment",Independente / Sem chain identificado,Outros,REVIEW
"RECIFE, PE",,Vidraçaria Vip Vidros,vidracaria vip vidros,"Estrada do Arraial, 4901 - Casa Forte, Recife",-8.027687,-34.9258261,"point_of_interest,establishment",Independente / Sem chain identificado,Outros,REVIEW
"RECIFE, PE",,Colégio DOM,colegio dom,"Rua José Carvalheira, 391 - Tamarineira, Recife",-8.0287422,-34.9031136,"school,point_of_interest,establishment",Independente / Sem chain identificado,Escola,EXCLUDE
"RECIFE, PE",,School Sézamo Vila,school sezamo vila,"Rua Murici, 46 - Alto do Mandu, Recife",-8.021058499999999,-34.92799249999999,"school,point_of_interest,establishment",Independente / Sem chain identificado,Escola,EXCLUDE
"RECIFE, PE",,Duo Espaço Vip,duo espaco vip,"Estrada do Encanamento, 480 - Casa Forte, Recife",-8.031566399999999,-34.914771,"beauty_salon,point_of_interest,establishment",Independente / Sem chain identificado,Outros,EXCLUDE
"RECIFE, PE",,Bazar do Alumínio,bazar do aluminio,"Rua Sempre Viva, 64 - Casa Amarela, Recife",-8.0244463,-34.9185743,"point_of_interest,establishment",Independente / Sem chain identificado,Outros,REVIEW
"RECIFE, PE",,Educandário da Carla,educandario da carla,"Rua Eliete Águiar, 27 - Alto do Mandu, Recife",-8.022576599999997,-34.9283278,"school,point_of_interest,establishment",Independente / Sem chain identificado,Escola,EXCLUDE
"RECIFE, PE",,School Dona Maria Teresa Correa,school dona maria teresa correa,"Rua Maragogi, s/n - Alto José do Pinho, Recife",-8.022022399999997,-34.9072809,"secondary_school,school,point_of_interest,establishment",Independente / Sem chain identificado,Outros,REVIEW
"RECIFE, PE",,Marlene Modas,marlene modas,"Rua Frederico Ozanan, 710 - Vasco da Gama, Recife",-8.012516999999999,-34.91694239999999,"clothing_store,store,point_of_interest,establishment",Independente / Sem chain identificado,Loja de Roupa,EXCLUDE
"RECIFE, PE",,Ieadalpe - Vasco da Gama,ieadalpe - vasco da gama,"Rua Vasco da Gama, 987 - Vasco da Gama, Recife",-8.012393,-34.9202,"church,place_of_worship,point_of_interest,establishment",Independente / Sem chain identificado,Igreja,EXCLUDE
"RECIFE, PE",,Descartex Confecções e Comércio,descartex confeccoes e,"Rua Dois de Fevereiro - Morro da Conceição, Recife",-8.0184348,-34.91767439999999,"health,point_of_interest,establishment",Independente / Sem chain identificado,Clínica / Saúde,REVIEW
"RECIFE, PE",,CONFORTO MÓVEIS | RECIFE - PE,conforto moveis | recife - pe,"Travessa Córrego do Euclides, 65 - Alto José Bonifacio, Recife",-8.0187118,-34.911188,"furniture_store,home_goods_store,store,point_of_interest,establishment",Independente / Sem chain identificado,Loja de Móveis,EXCLUDE
"RECIFE, PE",,ALG Consultoria em TI Ltda.,alg consultoria em ti.,"Rua Jerônimo de Albuquerque, 44 - Casa Forte, Recife",-8.0312992,-34.9173158,"point_of_interest,establishment",Independente / Sem chain identificado,Outros,REVIEW
"RECIFE, PE",,Clinicão Center,clinicao center,"Avenida Norte Miguel Arraes de Alencar, 4616 - Casa Amarela, Recife",-8.0253044,-34.9069933,"veterinary_care,pet_store,doctor,health,store,point_of_interest,establishment",Independente / Sem chain identificado,Outros,REVIEW
"RECIFE, PE",,Consultexto Consultoria de Texto,consultexto consultoria de texto,"Rua Alfredo Coutinho, 74 - Poço da Panela, Recife",-8.0302563,-34.92230139999999,"point_of_interest,establishment",Independente / Sem chain identificado,Outros,REVIEW
"RECIFE, PE",,Doce Sabor cakee,doce sabor cakee,"Rua Barolandia, 110 - Casa Amarela, Recife",-8.023830499999999,-34.9203088,"store,food,point_of_interest,establishment",Independente / Sem chain identificado,Outros,REVIEW
"RECIFE, PE",,Padaria e Pastelaria Redenção,padaria e pastelaria redencao,"Estrada do Arraial, 3928 - Casa Amarela, Recife",-8.026531100000001,-34.9173656,"bakery,store,restaurant,food,point_of_interest,establishment",Independente / Sem chain identificado,Padaria,REVIEW
"RECIFE, PE",,Colchões Ortobom - Dona Ana Xavier 158,colchoes ortobom - dona ana xavier 158,"Dona Ana Xavier 158 - Estrada Do Arraial Ao Lado Do Banco Do Brasil - Casa Amarela, Recife",-8.026843,-34.9175581,"furniture_store,home_goods_store,store,point_of_interest,establishment",Independente / Sem chain identificado,Loja de Móveis,EXCLUDE
"RECIFE, PE",,Drugstore Bom Jesus,drugstore bom jesus,"C - Avenida Norte Miguel Arraes de Alencar, 5229 - Casa Amarela, Recife",-8.023925499999999,-34.9126326,"pharmacy,drugstore,health,store,point_of_interest,establishment",Independente / Sem chain identificado,Farmácia,TARGET
"RECIFE, PE",,P1 Tecnologia - Zona Norte (Conserto Notebook Computador),p1 tecnologia - zona norte (conserto notebookputador),"Estrada do Arraial, 5036 - Sala 110 - Casa Forte, Recife",-8.027553299999997,-34.927005,"electronics_store,store,point_of_interest,establishment",Independente / Sem chain identificado,Eletrônica,EXCLUDE
"RECIFE, PE",,Brasil Soluções Consultoria e Comércio de Equip. de Informática Ltda,brasil solucoes consultoria e de equip. de informatica,"Rua Santa Clara, 38 - Vasco da Gama, Recife",-8.0143703,-34.92061839999999,"electronics_store,store,point_of_interest,establishment",Independente / Sem chain identificado,Eletrônica,EXCLUDE
"RECIFE, PE",,Teknocordis,teknocordis,"Empresarial One Way - Rua Guimarães Peixoto, 75 - Sala 1606 - Casa Amarela, Recife",-8.0292096,-34.9074456,"health,store,point_of_interest,establishment",Independente / Sem chain identificado,Clínica / Saúde,REVIEW
"RECIFE, PE",,Ótica Paris,otica paris,"Rua Dona Ana Xavier, 158 - Casa Amarela, Recife",-8.0270824,-34.917442,"health,store,point_of_interest,establishment",Independente / Sem chain identificado,Clínica / Saúde,REVIEW
"RECIFE, PE",,Giro Bike,giro bike,"Avenida Doutor Euríco Chaves, 970 - Casa Amarela, Recife",-8.020682,-34.92611289999999,"bicycle_store,store,point_of_interest,establishment",Independente / Sem chain identificado,Bicicletaria,EXCLUDE
"RECIFE, PE",,Newmark,newmark,"WhatsApp&(13)99708, 6557__Estr. do Encanamento, 1464 - Casa Forte, Recife",-8.028891099999997,-34.92298779999999,"store,point_of_interest,establishment",Independente / Sem chain identificado,Outros,REVIEW
"RECIFE, PE",,CD Bordados,cd bordados,"Avenida Norte Miguel Arraes de Alencar, 6721 - Casa Amarela, Recife",-8.0209098,-34.9195092,"clothing_store,store,point_of_interest,establishment",Independente / Sem chain identificado,Loja de Roupa,EXCLUDE
"RECIFE, PE",,Ferreira Pinto - Yellow House,ferreira pinto - yellow house,"Rua Padre Lemos, 552 - Casa Amarela, Recife",-8.0219977,-34.9194123,"store,point_of_interest,establishment",Independente / Sem chain identificado,Outros,REVIEW
"RECIFE, PE",,Star Baby,star baby,"Rua Padre Lemos, 512 - Casa Amarela, Recife",-8.022442099999997,-34.9192285,"furniture_store,clothing_store,home_goods_store,store,point_of_interest,establishment",Independente / Sem chain identificado,Loja de Móveis,EXCLUDE
"RECIFE, PE",,Kinitos Festas Casa Amarela,kinitos festas casa amarela,"Rua Padre Lemos, 578 - Casa Amarela, Recife",-8.0221123,-34.91968320000001,"home_goods_store,store,point_of_interest,establishment",Independente / Sem chain identificado,Casa & Decoração,EXCLUDE
"RECIFE, PE",,Flor de Mulher | Moda feminina em Recife | Moda evangélica feminina em Recife | Bairro CASA AMARELA,flor de mulher | moda feminina em recife | moda evangelica feminina em recife | bairro casa amarela,"Rua Pedro Allain, 80 Galeria Cairutas, Loja 4 - Casa Amarela, Recife",-8.022858700000002,-34.9180549,"clothing_store,store,point_of_interest,establishment",Independente / Sem chain identificado,Loja de Roupa,EXCLUDE
"RECIFE, PE",,Farmácia Recife - Farmácia Ideal,farmacia recife - farmacia ideal,"Avenida Norte Miguel Arraes de Alencar, 6161 - Casa Amarela, Recife",-8.0211761,-34.92035979999999,"pharmacy,drugstore,store,health,point_of_interest,establishment",Drogaria (indep.),Farmácia,TARGET
"RECIFE, PE",,Donaliu - Moda Feminina,donaliu - moda feminina,"Rua Antônio Serafim de Souza, 14 - Morro da Conceição, Recife",-8.0203407,-34.9180872,"clothing_store,store,point_of_interest,establishment",Independente / Sem chain identificado,Loja de Roupa,EXCLUDE
"RECIFE, PE",,Anjo das Delícias,anjo das delicias,"Largo Dom Luiz, 329 B - Casa Amarela, Recife",-8.0209384,-34.9171885,"bakery,meal_takeaway,restaurant,store,food,point_of_interest,establishment",Independente / Sem chain identificado,Padaria,REVIEW
"RECIFE, PE",,SR celulares serviços e acessórios,sr celulares servicos e acessorios,"Rua Japaratuba, 247 - Casa Amarela, Recife",-8.0198236,-34.9195772,"store,point_of_interest,establishment",Independente / Sem chain identificado,Outros,REVIEW
"RECIFE, PE",,New Ótica,new otica,"Rua Padre Lemos, 319 - Loja 04 - Casa Amarela, Recife",-8.0239388,-34.9182472,"store,health,point_of_interest,establishment",Independente / Sem chain identificado,Clínica / Saúde,REVIEW
"RECIFE, PE",,Sublinort,sublinort,"Rua Itacoatiara, 32 - Vasco da Gama, Recife",-8.019972,-34.9176566,"clothing_store,store,point_of_interest,establishment",Independente / Sem chain identificado,Loja de Roupa,EXCLUDE
"RECIFE, PE",,Universe Beauty,universe beauty,"Rua Padre Lemos, 310 - Casa Amarela, Recife",-8.023956499999997,-34.9180447,"store,point_of_interest,establishment",Independente / Sem chain identificado,Outros,REVIEW
"RECIFE, PE",,Empório das Rações,emporio das racoes,"Rua Padre Lemos, 286 - Loja 08 - Casa Amarela, Recife",-8.023935,-34.9176371,"pet_store,store,food,point_of_interest,establishment",Independente / Sem chain identificado,Mercearia / Empório,REVIEW
"RECIFE, PE",,Farmácia Lafepe Casa Amarela,farmacia lafepe casa amarela,"Rua Padre Lemos, 286 - 6 - Casa Amarela, Recife",-8.0240073,-34.917708,"pharmacy,store,health,point_of_interest,establishment",Drogaria (indep.),Farmácia,TARGET
"RECIFE, PE",,Drogaria São Paulo,drogaria sao paulo,"Rua Padre Lemos, 281 - Casa Amarela, Recife",-8.0243059,-34.91814179999999,"drugstore,store,health,point_of_interest,establishment",Drogaria São Paulo,Farmácia,TARGET
"RECIFE, PE",,Madeira Polida - Casa Amarela,madeira polida - casa amarela,"Rua: Marino de Melo Berenguer, 5673 - Casa Amarela, Recife",-8.0222015,-34.9159306,"furniture_store,home_goods_store,store,point_of_interest,establishment",Independente / Sem chain identificado,Loja de Móveis,EXCLUDE
"RECIFE, PE",,King Chopp Recife - Barril de Chopp Para Aluguel,king chopp recife - barril de chopp para aluguel,"Rua Sempre Viva, 131 - Casa Amarela, Recife",-8.0249426,-34.9189287,"liquor_store,store,point_of_interest,establishment",Independente / Sem chain identificado,Outros,REVIEW
"RECIFE, PE",,Lojas Tropical,lojas tropical,"Rua Padre Lemos, 31 - Casa Amarela, Recife",-8.02467,-34.9175492,"clothing_store,store,point_of_interest,establishment",Independente / Sem chain identificado,Loja de Roupa,EXCLUDE
"RECIFE, PE",,Arena Fitness Nutrição e Performance,arena fitness nutricao e performance,"rua eugenio samico - casa amarela, Recife",-8.022855,-34.915893,"store,food,point_of_interest,establishment",Independente / Sem chain identificado,Outros,REVIEW
"RECIFE, PE",,Laser Eletro | Casa Amarela 01,laser eletro | casa amarela 01,"Rua Padre Lemos, 198 - Casa Amarela, Recife",-8.024918399999999,-34.917717,"electronics_store,store,point_of_interest,establishment",Independente / Sem chain identificado,Eletrônica,EXCLUDE
"RECIFE, PE",,Futurista Baby,futurista baby,"Rua Padre Lemos, 178 - Casa Amarela, Recife",-8.0250877,-34.9176564,"furniture_store,clothing_store,home_goods_store,store,point_of_interest,establishment",Independente / Sem chain identificado,Loja de Móveis,EXCLUDE
"RECIFE, PE",,Di Santinni,di santinni,"Rua Padre Lemos, 170 - Casa Amarela, Recife",-8.025194299999999,-34.9177044,"shoe_store,store,point_of_interest,establishment",Independente / Sem chain identificado,Sapataria,EXCLUDE
"RECIFE, PE",,Orquestra Vienna,orquestra vienna,Brazil,-8.025460299999999,-34.9205214,"store,point_of_interest,establishment",Independente / Sem chain identificado,Outros,REVIEW
"RECIFE, PE",,Supermercado Soberano Fundão,supermercado soberano fundao,"Avenida Beberibe, 2278 - Fundão, Recife",-8.0180459,-34.8926622,"supermarket,grocery_or_supermarket,food,store,point_of_interest,establishment",Independente / Sem chain identificado,Supermercado,TARGET
"RECIFE, PE",,Mercado Campinas,mercado campinas,"Rua Constança, 786 - Campina do Barreto, Recife",-8.016632699999999,-34.88387069999999,"supermarket,grocery_or_supermarket,food,store,point_of_interest,establishment",Independente / Sem chain identificado,Supermercado,TARGET
"RECIFE, PE",,Supermarket Rainbow mix Beberibe,supermarket rainbow mix beberibe,"Rua João Olímpio, 120 - São Benedito, Olinda",-8.001408399999999,-34.89586539999999,"supermarket,liquor_store,grocery_or_supermarket,food,store,point_of_interest,establishment",Independente / Sem chain identificado,Supermercado,TARGET
"RECIFE, PE",,Bom Gosto,bom gosto,"Rua Bomba do Hemetério, 630 - Bomba do Hemetério, Recife",-8.0205957,-34.9018472,"supermarket,grocery_or_supermarket,food,store,point_of_interest,establishment",Independente / Sem chain identificado,Supermercado,TARGET
"RECIFE, PE",,Mercadinho Shalom,mercadinho shalom,"Rua Bomba do Hemetério, 700 - Bomba do Hemetério, Recife",-8.0203194,-34.902304,"supermarket,grocery_or_supermarket,food,store,point_of_interest,establishment",Independente / Sem chain identificado,Mercadinho,TARGET
"RECIFE, PE",,LS mercadinho e hortfrut,lsrcadinho e hortfrut,"Rua São Sebastião, 472 - Água Fria, Recife",-8.0203682,-34.89657529999999,"supermarket,grocery_or_supermarket,food,store,point_of_interest,establishment",Independente / Sem chain identificado,Mercadinho,TARGET
"RECIFE, PE",,QUITANDA DA NEGA,quitanda da nega,"Rua Ladeira de Pedra, 553 - Água Fria, Recife",-8.0171537,-34.8995785,"supermarket,grocery_or_supermarket,store,food,point_of_interest,establishment",Independente / Sem chain identificado,Supermercado,TARGET
"RECIFE, PE",,Mercearia Roseane,mercearia roseane,Brazil,-8.0180533,-34.8974335,"supermarket,grocery_or_supermarket,store,food,point_of_interest,establishment",Independente / Sem chain identificado,Mercearia / Empório,TARGET
"RECIFE, PE",,Mercadinho Belo,mercadinho belo,"Rua Ladeira de Pedra, 656 - Água Fria, Recife",-8.0164189,-34.900058,"supermarket,grocery_or_supermarket,store,food,point_of_interest,establishment",Independente / Sem chain identificado,Mercadinho,TARGET
"RECIFE, PE",,Val Rações Distribuidora,val racoes distribuidora,"Rua São Sebastião, 608 - Água Fria, Recife",-8.019605499999999,-34.8957362,"supermarket,grocery_or_supermarket,store,food,point_of_interest,establishment",Independente / Sem chain identificado,Distribuidora,TARGET
"RECIFE, PE",,Quitanda Dani,quitanda dani,"Travessa Dowsley, 125 - Água Fria, Recife",-8.0192488,-34.89526369999999,"supermarket,grocery_or_supermarket,store,food,point_of_interest,establishment",Independente / Sem chain identificado,Supermercado,TARGET
"RECIFE, PE",,Supermercado Nobre,supermercado nobre,"Rua São Sebastião, 937 - Água Fria, Recife",-8.017053199999998,-34.8967465,"supermarket,grocery_or_supermarket,store,food,point_of_interest,establishment",Independente / Sem chain identificado,Supermercado,TARGET
"RECIFE, PE",,Barraaca Do Irmão José Dias,barraaca do irmao jose dias,"Rua Professor Adalberto Neves - Água Fria, Recife",-8.015790299999999,-34.89729839999999,"supermarket,grocery_or_supermarket,store,food,point_of_interest,establishment",Independente / Sem chain identificado,Supermercado,TARGET
"RECIFE, PE",,Mercadinho Limoeiro,mercadinho limoeiro,"Avenida Aníbal Benévolo, 16600 - Alto Sta Terezinha, Recife",-8.0106582,-34.9023818,"supermarket,grocery_or_supermarket,store,food,point_of_interest,establishment",Independente / Sem chain identificado,Mercadinho,TARGET
"RECIFE, PE",,Supermercado Mix,supermercado mix,"Rua da Regeneração, 541 - Água Fria, Recife",-8.0203727,-34.8889398,"supermarket,grocery_or_supermarket,store,food,point_of_interest,establishment",Independente / Sem chain identificado,Supermercado,TARGET
"RECIFE, PE",,DR. Frios,dr. frios,"Rua da Regeneração, 594 - Arruda, Recife",-8.0207739,-34.8884458,"supermarket,grocery_or_supermarket,store,food,point_of_interest,establishment",Independente / Sem chain identificado,Supermercado,TARGET
"RECIFE, PE",,Mercadinho Canarinho,mercadinho canarinho,"Rua da Regeneração, 643 - Arruda, Recife",-8.0207958,-34.8879489,"supermarket,grocery_or_supermarket,store,food,point_of_interest,establishment",Independente / Sem chain identificado,Mercadinho,TARGET
"RECIFE, PE",,Arrumelo,arrumelo,"Estrada Velha de Água Fria, 1755 - Tamarineira, Recife",-8.0201846,-34.8954508,"convenience_store,food,store,point_of_interest,establishment",Independente / Sem chain identificado,Conveniência,TARGET
"RECIFE, PE",,"Central das Cestas, Fraldas e Águas","central das cestas, fraldas e aguas","Travessa Dowsley, 66 - Água Fria, Recife",-8.019319299999998,-34.8950712,"convenience_store,food,store,point_of_interest,establishment",Independente / Sem chain identificado,Conveniência,TARGET
"RECIFE, PE",,Bombons Talentos,bombons talentos,"Rua Belo Jardim, 151 - loja 4 - Água Fria, Recife",-8.0182678,-34.8944206,"convenience_store,food,store,point_of_interest,establishment",Independente / Sem chain identificado,Conveniência,TARGET
"RECIFE, PE",,Posto Petrobras,posto petrobras,"Rua Fernando da Veiga Pessoa, 2475 - Fundão, Recife",-8.0165264,-34.8916716,"gas_station,car_wash,convenience_store,car_repair,store,restaurant,food,point_of_interest,establishment",Petrobras,Posto / Conveniência,TARGET
"RECIFE, PE",,MICAELLE CONVENIÊNCIA,micaelle conveniencia,"Rua Márcia Mendes, 27 - Linha do Tiro, Recife",-8.005224,-34.9018135,"convenience_store,store,food,point_of_interest,establishment",Independente / Sem chain identificado,Conveniência,TARGET
"RECIFE, PE",,La Bela Vida Conveniência,la bela vida conveniencia,"Rua Iguatu, 53 - Campina do Barreto, Recife",-8.0193277,-34.8833633,"convenience_store,store,point_of_interest,food,establishment",Independente / Sem chain identificado,Conveniência,TARGET
"RECIFE, PE",,iBeat loja Recife,ibeat loja recife,"Rua Maria Cristina Tasso de Souza, 170 - Cajueiro, Recife",-8.0137849,-34.8839669,"convenience_store,store,point_of_interest,food,establishment",Independente / Sem chain identificado,Conveniência,TARGET
"RECIFE, PE",,Abasteca Conveniência,abasteca conveniencia,"Avenida Beberibe, 4162 - Beberibe, Recife",-8.004266399999999,-34.89409659999999,"convenience_store,store,point_of_interest,food,establishment",Independente / Sem chain identificado,Conveniência,TARGET
"RECIFE, PE",,Posto Petrobras,posto petrobras,"Avenida Beberibe, 4668 - Beberibe, Recife",-8.0029354,-34.8974049,"gas_station,convenience_store,car_wash,car_repair,store,restaurant,point_of_interest,food,establishment",Petrobras,Posto / Conveniência,TARGET
"RECIFE, PE",,A Conveniência 24hs,a conveniencia 24hs,"Avenida Hildebrando de Vasconcelos, 347 - Dois Unidos, Recife",-8.0021323,-34.9021918,"convenience_store,store,point_of_interest,food,establishment",Independente / Sem chain identificado,Conveniência,TARGET
"RECIFE, PE",,José do Rego Maciel Stadium,jose do rego maciel stadium,"Avenida Beberibe, 1285 - Arruda, Recife",-8.0266992,-34.8911112,"stadium,point_of_interest,establishment",Independente / Sem chain identificado,Outros,REVIEW
"RECIFE, PE",,Oliveira - Soluções em Vidros,oliveira - solucoes em vidros,"Rua Rodolfo de Holanda - Encruzilhada, Recife",-8.032516,-34.8946078,"point_of_interest,establishment",Independente / Sem chain identificado,Outros,REVIEW
"RECIFE, PE",,Colégio Saber Fazer,colegio saber fazer,"Rua Guanambi, 86 - Bomba do Hemetério, Recife",-8.0213304,-34.899761,"school,point_of_interest,establishment",Independente / Sem chain identificado,Escola,EXCLUDE
"RECIFE, PE",,Usf Mangabeira,usf mangabeira,"Rua da Mangabeira, 364 - Mangabeira, Recife",-8.0253593,-34.9037184,"hospital,health,point_of_interest,establishment",Independente / Sem chain identificado,Hospital,EXCLUDE
"RECIFE, PE",,Igreja Universal,igreja universal,"Rua Bomba do Hemetério, 700 - Bomba do Hemetério, Recife",-8.0203194,-34.902304,"church,place_of_worship,point_of_interest,establishment",Independente / Sem chain identificado,Igreja,EXCLUDE
"RECIFE, PE",,Clínica Medica Bomba do Hemeterio,clinicadica bomba do hemeterio,"Rua Bomba do Hemetério, 405 - Bomba do Hemetério, Recife",-8.0220584,-34.90024659999999,"dentist,doctor,health,point_of_interest,establishment",Independente / Sem chain identificado,Outros,EXCLUDE
"RECIFE, PE",,Bellcromo Peças e Serviços - Matriz PE,bellcromo pecas e servicos - matriz pe,"Avenida Professor José dos Anjos, 157 - Tamarineira",-8.026180499999999,-34.9035108,"point_of_interest,establishment",Independente / Sem chain identificado,Outros,REVIEW
"RECIFE, PE",,ICPI Água Fria,icpi agua fria,"Estrada Velha de Água Fria, 1253 - Bomba do Hemetério, Recife",-8.024123399999999,-34.8974339,"point_of_interest,establishment",Independente / Sem chain identificado,Outros,REVIEW
"RECIFE, PE",,Medeiros Móveis,medeiros moveis,"Rua Bomba do Hemetério, 721 - Bomba do Hemetério, Recife",-8.020462600000002,-34.9026134,"furniture_store,home_goods_store,store,point_of_interest,establishment",Independente / Sem chain identificado,Loja de Móveis,EXCLUDE
"RECIFE, PE",,Bar do Tuca Versátil,bar do tuca versatil,"Rua Bomba do Hemetério, 425 - Bomba do Hemetério, Recife",-8.021898900000002,-34.9004554,"bar,point_of_interest,establishment",Independente / Sem chain identificado,Outros,REVIEW
"RECIFE, PE",,PE CONTROLE DE PRAGAS,pe controle de pragas,"Rua Antônio Porfírio de Santana, 41 - Bomba do Hemetério, Recife",-8.021887,-34.8995437,"point_of_interest,establishment",Independente / Sem chain identificado,Outros,REVIEW
"RECIFE, PE",,Mfranca Turismo - MEI,mfranca turismo -i,"Rua Jacyara - Bomba do Hemetério, Recife",-8.0202717,-34.8998948,"travel_agency,point_of_interest,establishment",Independente / Sem chain identificado,Agência de Viagens,EXCLUDE
"RECIFE, PE",,Rádio Pernambuco,radio pernambuco,"Rua Mucuri, 184 - Água Fria, Recife",-8.0200142,-34.9003224,"point_of_interest,establishment",Independente / Sem chain identificado,Outros,REVIEW
"RECIFE, PE",,Felix Artes Gráficas,felix artes graficas,"Rua Bastos Ribeiro, 154 - Bomba do Hemetério, Recife",-8.021521099999998,-34.8988306,"point_of_interest,establishment",Independente / Sem chain identificado,Outros,REVIEW
"RECIFE, PE",,help! Loja de Crédito,help! loja de credito,"Rua Bomba do Hemetério, 700 - Bomba do Hemetério, Recife",-8.0203194,-34.902304,"finance,store,point_of_interest,establishment",Independente / Sem chain identificado,Outros,REVIEW
"RECIFE, PE",,Assembléia de Deus em Baixa José Ribeiro,assembleia de deus em baixa jose ribeiro,"Rua Bastos Ribeiro, 213 - Bomba do Hemetério, Recife",-8.022133799999999,-34.8987969,"church,place_of_worship,point_of_interest,establishment",Independente / Sem chain identificado,Igreja,EXCLUDE
"RECIFE, PE",,The House of Cake,the house of cake,"Rua Bomba do Hemetério, 743 A - Bomba do Hemetério, Recife",-8.0204147,-34.9027511,"bakery,food,store,point_of_interest,establishment",Independente / Sem chain identificado,Padaria,REVIEW
"RECIFE, PE",,USF+ Eduardo Campos (Antiga Upinha Bomba Hemetério),usf+ eduardo campos (antiga upinha bomba hemeterio),"42, Rua Itabira, 2 - Bomba do Hemetério, Recife",-8.0239529,-34.8998976,"hospital,health,point_of_interest,establishment",Independente / Sem chain identificado,Hospital,EXCLUDE
"RECIFE, PE",,Duca no Beat (duca do baixo),duca no beat (duca do baixo),"Rua Bomba do Hemetério - Água Fria, Recife",-8.020319199999998,-34.9028585,"store,point_of_interest,establishment",Independente / Sem chain identificado,Outros,REVIEW
"RECIFE, PE",,Comercial Esperança,comercial esperanca,"Rua Bomba do Hemetério, S/N - Bomba do Hemetério, Recife",-8.0202982,-34.902919,"food,store,point_of_interest,establishment",Independente / Sem chain identificado,Outros,REVIEW
"RECIFE, PE",,RS ATELIER,rs atelier,"Rua Subida do S, 120 - Fundão, Recife",-8.0123637,-34.8905842,"home_goods_store,store,point_of_interest,establishment",Independente / Sem chain identificado,Casa & Decoração,EXCLUDE
"RECIFE, PE",,Bakery San Antonio,bakery san antonio,"Rua da Regeneração, 561 - Arruda, Recife",-8.0204471,-34.8886457,"bakery,restaurant,store,food,point_of_interest,establishment",Independente / Sem chain identificado,Padaria,REVIEW
"RECIFE, PE",,Chocolatier Candy Finos,chocolatier candy finos,"Rua da Regeneração, 893 - Água Fria, Recife",-8.0214425,-34.8858012,"store,food,point_of_interest,establishment",Independente / Sem chain identificado,Outros,REVIEW
"RECIFE, PE",,Artmil Gráfica Rápida e Digital,artmil grafica rapida e digital,"Avenida Beberibe, 2269 - Água Fria, Recife",-8.0178102,-34.8928606,"clothing_store,store,point_of_interest,establishment",Independente / Sem chain identificado,Loja de Roupa,EXCLUDE
"RECIFE, PE",,Duarco Triciclos - autorizada Fusco-MotoSegura,duarco triciclos - autorizada fusco-motosegura,"Rua Alegre, 360 - Água Fria, Recife",-8.020127999999998,-34.89260300000001,"store,car_repair,point_of_interest,establishment",Independente / Sem chain identificado,Automotivo,EXCLUDE
"RECIFE, PE",,O Boticário,o boticario,"Avenida Beberibe, 2037 - Água Fria, Recife",-8.019318499999999,-34.8943517,"clothing_store,store,point_of_interest,establishment",Independente / Sem chain identificado,Loja de Roupa,EXCLUDE
"RECIFE, PE",,Açaí Saúde,acai saude,"Rua Joseph Turton, 35 - Loja 4 - Tamarineira, Recife",-8.0311294,-34.9047755,"store,food,health,point_of_interest,establishment",Independente / Sem chain identificado,Clínica / Saúde,REVIEW
"RECIFE, PE",,Ki bike | Loja e Oficina de Bicicletas,ki bike | loja e oficina de bicicletas,"Avenida Beberibe, 2243 - Água Fria, Recife",-8.0180257,-34.8930098,"bicycle_store,store,point_of_interest,establishment",Independente / Sem chain identificado,Bicicletaria,EXCLUDE
"RECIFE, PE",,ECampos consultoria,ecampos consultoria,"Rua Còrrego da Padaria, 154 - Água Fria, Recife",-8.007935,-34.90131469999999,"store,health,point_of_interest,establishment",Independente / Sem chain identificado,Clínica / Saúde,REVIEW
"RECIFE, PE",,AVR Autopeças e Serviços Elétricos,avr autopecas e servicos eletricos,"Rua das Moças, 129 - Arruda, Recife",-8.025692699999999,-34.8922228,"store,car_repair,point_of_interest,establishment",Independente / Sem chain identificado,Automotivo,EXCLUDE
"RECIFE, PE",,Farmácia Farma Forte,farmacia farma forte,"Avenida Beberibe, 2115 - Água Fria, Recife",-8.018849,-34.893791,"pharmacy,store,health,point_of_interest,establishment",Drogaria (indep.),Farmácia,TARGET
"RECIFE, PE",,Hip Hop Metropolitana,hip hoptropolitana,"Rua São Sebastião, 1512 - Água Fria, Recife",-8.012485,-34.89529959999999,"store,point_of_interest,establishment",Independente / Sem chain identificado,Outros,REVIEW
"RECIFE, PE",,Inaldo Melo Sobrinho,inaldolo sobrinho,"Rua Ibiapaba, 89 - Tamarineira, Recife",-8.0323831,-34.9038181,"store,point_of_interest,establishment",Independente / Sem chain identificado,Outros,REVIEW
"RECIFE, PE",,Warehouse Santo Antonio,warehouse santo antonio,"Avenida Beberibe, 2132 - Água Fria, Recife",-8.0189243,-34.89346599999999,"store,point_of_interest,establishment",Independente / Sem chain identificado,Outros,REVIEW
"RECIFE, PE",,Armazém Três T - Loja 01,armazem tres t - loja 01,"Avenida Beberibe, 2572 - Fundão, Recife",-8.016023799999997,-34.89085439999999,"store,point_of_interest,establishment",Independente / Sem chain identificado,Outros,REVIEW
"RECIFE, PE",,Sandra Designer Moda - Loja e Confecção Roupas Femininas,sandra designer moda - loja e confeccao roupas femininas,"Rua Pastor Evangélico Benoby Carvalho de Souza, 251 - Bomba do Hemetério, Recife",-8.017609100000001,-34.9039997,"store,point_of_interest,establishment",Independente / Sem chain identificado,Outros,REVIEW
"RECIFE, PE",,Petbomba,petbomba,"Rua Chã de Alegria, 290 - Bomba do Hemetério, Recife",-8.0201129,-34.9062389,"pet_store,store,point_of_interest,establishment",Independente / Sem chain identificado,Outros,REVIEW
"RECIFE, PE",,Delícias da Foffy's,delicias da foffy's,"Rua João Liberato, 157 - Arruda, Recife",-8.0252716,-34.8960564,"store,food,point_of_interest,establishment",Independente / Sem chain identificado,Outros,REVIEW
"RECIFE, PE",,Porto do Camarão - Av. Norte,porto do camarao - av. norte,"Avenida Norte Miguel Arraes de Alencar, 4124 - Tamarineira, Recife",-8.0276053,-34.9030846,"store,food,point_of_interest,establishment",Independente / Sem chain identificado,Outros,REVIEW
"RECIFE, PE",,Lully's festas,lully's festas,"Rua Horácio Silva, 246 - Alto José do Pinho, Recife",-8.022614599999999,-34.9071546,"home_goods_store,store,point_of_interest,establishment",Independente / Sem chain identificado,Casa & Decoração,EXCLUDE
"RECIFE, PE",,"Magazine Raissa - Loja de móveis, colchões e Estofados em Agua Fria","magazine raissa - loja de moveis, colchoes e estofados em agua fria","Avenida Beberibe, 1919 - Água Fria, Recife",-8.020381,-34.89467999999999,"furniture_store,home_goods_store,store,point_of_interest,establishment",Independente / Sem chain identificado,Loja de Móveis,EXCLUDE
"RECIFE, PE",,Hermes,hermes,"Avenida Beberibe, 1869 - Loja 3 - Água Fria, Recife",-8.0208377,-34.8945019,"book_store,store,point_of_interest,establishment",Independente / Sem chain identificado,Livraria,EXCLUDE
"RECIFE, PE",,Odoya Ateliê dos Orixás,odoya atelie dos orixas,"Avenida Beberibe, 1753 A - Água Fria, Recife",-8.021769899999999,-34.89440390000001,"clothing_store,store,point_of_interest,establishment",Independente / Sem chain identificado,Loja de Roupa,EXCLUDE
"RECIFE, PE",,Worker Pharmacy,worker pharmacy,"Rua da Mangabeira, 4566 - Mangabeira, Recife",-8.0253291,-34.9063934,"pharmacy,health,store,point_of_interest,establishment",Independente / Sem chain identificado,Farmácia,TARGET
"RECIFE, PE",,"Loja Bellaria - Matéria-Prima Saboaria, Essência, Aromatizador, Flores e Curso","loja bellaria - materia-prima saboaria, essencia, aromatizador, flores e curso","Estrada Velha de Água Fria, 733 - Tamarineira, Recife",-8.0281369,-34.8993225,"health,store,food,point_of_interest,establishment",Independente / Sem chain identificado,Clínica / Saúde,REVIEW
"RECIFE, PE",,Farmácia do Trabalhador,farmacia do trabalhador,"Rua Ladeira de Pedra, 852 - Água Fria, Recife",-8.015329099999999,-34.9014149,"pharmacy,health,store,point_of_interest,establishment",Drogaria (indep.),Farmácia,TARGET
"RECIFE, PE",,"Lojas Tropical Água Fria- Moda casa, e confecção feminina, masculina e infantil","lojas tropical agua fria- moda casa, e confeccao feminina, masculina e infantil","Rua Joao Uzeda Luna, 57 - Água Fria, Recife",-8.0191176,-34.8947849,"clothing_store,store,point_of_interest,establishment",Independente / Sem chain identificado,Loja de Roupa,EXCLUDE
"RECIFE, PE",,Miriã Nunes Doceria,miria nunes doceria,"Avenida Beberibe, 1984 - Box 01 - Água Fria, Recife",-8.020259400000002,-34.8943424,"store,food,point_of_interest,establishment",Independente / Sem chain identificado,Outros,REVIEW
"RECIFE, PE",,"LataNova Motorcycles - Mecânica, Customização, Pintura e Acessórios","latanova motorcycles -canica, customizacao, pintura e acessorios","Estrada Velha de Água Fria, 715 - Tamarineira, Recife",-8.028370299999999,-34.899458,"car_repair,store,point_of_interest,establishment",Independente / Sem chain identificado,Automotivo,EXCLUDE
"RECIFE, PE",,Quitanda e Minimercado,quitanda e minimercado,"R. Gen. Polidoro, 955 - Cidade Universitária, Recife - PE, 50740-050, Brazil",-8.045477,-34.9477018,"establishment,food,point_of_interest,store",Independente / Sem chain identificado,Minimercado,REVIEW
"RECIFE, PE",,Grocery SUPER GOOD,grocery super good,"Estrada de Aguazinha, 587 - Aguazinha, Olinda",-8.000958199999998,-34.88519770000001,"supermarket,grocery_or_supermarket,store,food,point_of_interest,establishment",Independente / Sem chain identificado,Supermercado,TARGET
"RECIFE, PE",,Mercearia Vitória,mercearia vitoria,"Jardim Brasil, Olinda",-8.0008681,-34.87676719999999,"supermarket,grocery_or_supermarket,store,food,point_of_interest,establishment",Independente / Sem chain identificado,Mercearia / Empório,TARGET
"RECIFE, PE",,Supermercado Petra,supermercado petra,"Rua Marcílio Dias, 335 - Campina do Barreto, Recife",-8.020292,-34.881373,"supermarket,grocery_or_supermarket,store,food,point_of_interest,establishment",Independente / Sem chain identificado,Supermercado,TARGET
"RECIFE, PE",,MERCADINHO R.E,mercadinho r.e,"Rua Rifaina - Campina do Barreto, Recife",-8.0187316,-34.88304199999999,"supermarket,grocery_or_supermarket,store,food,point_of_interest,establishment",Independente / Sem chain identificado,Mercadinho,TARGET
"RECIFE, PE",,Mercadinho da Família,mercadinho da familia,"Rua Doutor Elias Gomes, 297 - Campina do Barreto, Recife",-8.0210712,-34.879298,"supermarket,grocery_or_supermarket,store,food,point_of_interest,establishment",Independente / Sem chain identificado,Mercadinho,TARGET
"RECIFE, PE",,Barraca248,barraca248,"Cold Water - Regeneration Street, 248 - Água Fria, Recife",-8.0212269,-34.88672779999999,"supermarket,grocery_or_supermarket,store,food,point_of_interest,establishment",Independente / Sem chain identificado,Supermercado,TARGET
"RECIFE, PE",,Mercadinho Lucas,mercadinho lucas,"Rua Jutaí - Peixinhos, Recife",-8.0203908,-34.8781283,"supermarket,grocery_or_supermarket,food,store,point_of_interest,establishment",Independente / Sem chain identificado,Mercadinho,TARGET
"RECIFE, PE",,Mercadinho do Dinho,mercadinho do dinho,"Rua Coronel Urbano Ribeiro de Sena, 453 - Água Fria, Recife",-8.016924,-34.8867403,"supermarket,grocery_or_supermarket,food,store,point_of_interest,establishment",Independente / Sem chain identificado,Mercadinho,TARGET
"RECIFE, PE",,M.C Fernandes,m.c fernandes,"Rua do Machado, 946 - Fundão, Recife",-8.0178865,-34.8879347,"supermarket,grocery_or_supermarket,food,store,point_of_interest,establishment",Independente / Sem chain identificado,Supermercado,TARGET
"RECIFE, PE",,Mercadinho Capibaribe,mercadinho capibaribe,"Rua Coronel Urbano Ribeiro de Sena, 874 - Água Fria, Recife",-8.0147537,-34.8836428,"supermarket,grocery_or_supermarket,food,store,point_of_interest,establishment",Independente / Sem chain identificado,Mercadinho,TARGET
"RECIFE, PE",,Mercadinho Vitória,mercadinho vitoria,"Rua dos Craveiros, 229 - Campina do Barreto, Recife",-8.014821199999998,-34.881561,"supermarket,grocery_or_supermarket,food,store,point_of_interest,establishment",Independente / Sem chain identificado,Mercadinho,TARGET
"RECIFE, PE",,Hiperbom Jesus,hiperbom jesus,"Rua Tenente Vanderlei, 645 - Cajueiro, Recife",-8.0128487,-34.8826363,"supermarket,grocery_or_supermarket,food,store,point_of_interest,establishment",Independente / Sem chain identificado,Supermercado,TARGET
"RECIFE, PE",,Mercadinho do Nene,mercadinho do nene,"Rua da Gameleira, 450 - Peixinhos, Olinda",-8.0135269,-34.8766092,"supermarket,grocery_or_supermarket,food,store,point_of_interest,establishment",Independente / Sem chain identificado,Mercadinho,TARGET
"RECIFE, PE",,Mercadinho Gomes,mercadinho gomes,"Rua da Caixa d'Água, 40 - Peixinhos, Olinda",-8.014971599999999,-34.8750058,"supermarket,grocery_or_supermarket,food,store,point_of_interest,establishment",Independente / Sem chain identificado,Mercadinho,TARGET
"RECIFE, PE",,Grocery Brothers,grocery brothers,"Rua Primeiro de Maio, 327 - Peixinhos, Olinda",-8.0129497,-34.87625089999999,"supermarket,grocery_or_supermarket,store,food,point_of_interest,establishment",Independente / Sem chain identificado,Supermercado,TARGET
"RECIFE, PE",,Supermercado Estrelas de Ouro,supermercado estrelas de ouro,"Avenida Antônio da Costa Azevedo, 178 - Peixinhos, Olinda",-8.0151811,-34.8723539,"supermarket,grocery_or_supermarket,store,food,point_of_interest,establishment",Independente / Sem chain identificado,Supermercado,TARGET
"RECIFE, PE",,Mercadinho e Bomboniere Casa das Balas,mercadinho e bomboniere casa das balas,"Avenida Antônio da Costa Azevedo, 733 - Peixinhos, Olinda",-8.013671,-34.87256600000001,"supermarket,grocery_or_supermarket,store,food,point_of_interest,establishment",Independente / Sem chain identificado,Mercadinho,TARGET
"RECIFE, PE",,Atacarejo Ideal,atacarejo ideal,"Avenida Presidente Kennedy, 2254 - Peixinhos, Olinda",-8.012070399999999,-34.8737715,"supermarket,grocery_or_supermarket,store,food,point_of_interest,establishment",Independente / Sem chain identificado,Atacarejo,TARGET
"RECIFE, PE",,Ady,ady,Brazil,-8.0132285,-34.8726488,"supermarket,grocery_or_supermarket,store,food,point_of_interest,establishment",Independente / Sem chain identificado,Supermercado,TARGET
"RECIFE, PE",,A D da Silva Soares Mercadinho,a d da silva soaresrcadinho,"Rua Oscár Carneiro, 1 - Jardim Brasil, Olinda",-8.0125087,-34.87231669999999,"supermarket,grocery_or_supermarket,store,food,point_of_interest,establishment",Independente / Sem chain identificado,Mercadinho,TARGET
"RECIFE, PE",,Posto Petrobras,posto petrobras,"Rua Professor Dionísio Monteiro, 630 - Peixinhos, Olinda",-8.0106181,-34.8718256,"gas_station,convenience_store,car_wash,car_repair,store,restaurant,point_of_interest,food,establishment",Petrobras,Posto / Conveniência,TARGET
"RECIFE, PE",,Barraca,barraca,"Avenida Senador Nilo de Souza Coelho, 99 - Aguazinha, Olinda",-8.0029222,-34.883525,"convenience_store,store,point_of_interest,food,establishment",Independente / Sem chain identificado,Conveniência,TARGET
"RECIFE, PE",,Posto de combustível,posto debustivel,"Avenida Presidente Kennedy, 1222 - Peixinhos, Olinda",-8.016998099999999,-34.866223,"convenience_store,gas_station,store,point_of_interest,food,establishment",Posto (genérico),Posto / Conveniência,TARGET
"RECIFE, PE",,Ponto Único,ponto unico,"Rua Oliva - Peixinhos, Recife",-8.019167800000002,-34.8782412,"convenience_store,store,point_of_interest,food,establishment",Independente / Sem chain identificado,Conveniência,TARGET
"RECIFE, PE",,FJ +variedades,fj +variedades,"Rua Armindo Cardoso Moura, 697 - Peixinhos, Olinda",-8.015877,-34.87149859999999,"convenience_store,store,food,point_of_interest,establishment",Independente / Sem chain identificado,Conveniência,TARGET
"RECIFE, PE",,ED CONVENIÊNCIA,ed conveniencia,"B - Peixinhos, Olinda",-8.012341200000002,-34.8696671,"convenience_store,store,food,point_of_interest,establishment",Independente / Sem chain identificado,Conveniência,TARGET
"RECIFE, PE",,Edi bebidas e variedades,edi bebidas e variedades,"Avenida Presidente Kennedy, 1372 - Peixinhos, Olinda",-8.0162572,-34.86735269999999,"convenience_store,store,food,point_of_interest,establishment",Independente / Sem chain identificado,Conveniência,TARGET
"RECIFE, PE",,T & C CONVENIÊNCIA,t & c conveniencia,"Avenida Senador Nilo de Souza Coelho, 216, Olinda",-8.004228800000002,-34.8846828,"convenience_store,store,food,point_of_interest,establishment",Independente / Sem chain identificado,Conveniência,TARGET
"RECIFE, PE",,Barraca de Marcílio,barraca de marcilio,"Rua Vidal de Negreiros, 180 - Jardim Brasil, Olinda",-8.006646,-34.8707437,"convenience_store,store,food,point_of_interest,establishment",Independente / Sem chain identificado,Conveniência,TARGET
"RECIFE, PE",,Mercearia Do Rodrigo,mercearia do rodrigo,"Rua Belém, 306 - Jardim Brasil, Olinda",-8.0064257,-34.87077039999999,"convenience_store,store,food,point_of_interest,establishment",Independente / Sem chain identificado,Mercearia / Empório,TARGET
"RECIFE, PE",,Idiana Bebidas,idiana bebidas,"Rua Flora D'Assunção Gonçalves, 29 - São Benedito, Olinda",-8.0028687,-34.8940359,"convenience_store,store,food,point_of_interest,establishment",Independente / Sem chain identificado,Conveniência,TARGET
"RECIFE, PE",,Magazine Luiza,magazine luiza,"Avenida Presidente Kennedy, 2156 - Peixinhos, Olinda",-8.012357599999998,-34.8732289,"department_store,store,point_of_interest,establishment",Independente / Sem chain identificado,Outros,REVIEW
"RECIFE, PE",,BK Bike,bk bike,"Avenida Presidente Kennedy, 1794 - Peixinhos, Olinda",-8.014174299999999,-34.8704957,"bicycle_store,store,point_of_interest,establishment",Fast-food chain,Restaurante,EXCLUDE
"RECIFE, PE",,Rosinha Leão Studio de Beleza,rosinha leao studio de beleza,"Rua Prudente de Moraes, 541 A - Campo Grande, Recife",-8.028967500000002,-34.88743899999999,"beauty_salon,hair_care,point_of_interest,establishment",Independente / Sem chain identificado,Outros,EXCLUDE
"RECIFE, PE",,DATERRA - Paisagismo,daterra - paisagismo,"Rua do Machado, 0001 - Arruda, Recife",-8.023339,-34.8897894,"general_contractor,point_of_interest,establishment",Independente / Sem chain identificado,Construtora,EXCLUDE
"RECIFE, PE",,Igreja Evangélica Verbo da Vida Zona Norte,igreja evangelica verbo da vida zona norte,"Avenida Professor José dos Anjos, 7 - Peixinhos, Recife",-8.022147499999999,-34.8785524,"place_of_worship,point_of_interest,establishment",Independente / Sem chain identificado,Igreja,EXCLUDE
"RECIFE, PE",,PREFOGO EXTINTORES,prefogo extintores,"Estrada de Belém, 1135 - Campo Grande, Recife",-8.0319027,-34.88196990000001,"point_of_interest,establishment",Independente / Sem chain identificado,Outros,REVIEW
"RECIFE, PE",,US 322 Unidade de Cuidados Integrais Guilherme Abath,us 322 unidade de cuidados integrais guilherme abath,"Rua Carlos Fernandes, 73 - Hipódromo, Recife",-8.0335618,-34.8880557,"health,point_of_interest,establishment",Independente / Sem chain identificado,Clínica / Saúde,REVIEW
"RECIFE, PE",,Imune Saúde Ambiental,imune saude ambiental,"Rua Jerônimo Viléla, 123 - Campo Grande, Recife",-8.0311098,-34.88164680000001,"point_of_interest,establishment",Independente / Sem chain identificado,Outros,REVIEW
"RECIFE, PE",,PRIMEIRA IGREJA BATISTA ARRUDA,primeira igreja batista arruda,"Rua Zeferino Agra, 554 - Arruda, Recife",-8.0225632,-34.8896661,"church,place_of_worship,point_of_interest,establishment",Independente / Sem chain identificado,Igreja,EXCLUDE
"RECIFE, PE",,Rima Instalações Ltda,rima instalacoes,"Rua Petronila Botelho, 133 - Arruda, Recife",-8.0271669,-34.88996300000001,"electrician,point_of_interest,establishment",Independente / Sem chain identificado,Outros,REVIEW
"RECIFE, PE",,Bom de Bola Society,bom de bola society,"Rua Francisco Berenguer, 678 - Campo Grande, Recife",-8.0271025,-34.883175,"point_of_interest,establishment",Independente / Sem chain identificado,Outros,REVIEW
"RECIFE, PE",,Restaurante e Pizzaria Aplânttica,restaurante e pizzaria aplanttica,"Rua das Moças, 1176 - Arruda, Recife",-8.0201871,-34.8861029,"restaurant,food,point_of_interest,establishment",Independente / Sem chain identificado,Restaurante,EXCLUDE
"RECIFE, PE",,Mc Panta O BoLado do Funk,mc panta o bolado do funk,"Rua Selma Bandeira - Peixinhos, Olinda",-8.019393199999998,-34.8709641,"store,point_of_interest,establishment",Independente / Sem chain identificado,Outros,REVIEW
"RECIFE, PE",,"Design Virtual - cenografia, stands, eventos e congressos.","design virtual - cenografia, stands, eventos e congressos.","Rua Cirilino Afonso de Melo, 299 - Campo Grande, Recife",-8.025331,-34.8787128,"point_of_interest,establishment",Independente / Sem chain identificado,Outros,REVIEW
"RECIFE, PE",,Rentare Locações,rentare locacoes,"Rua Jerônimo Viléla, 77 - Campo Grande, Recife",-8.0315723,-34.8816005,"point_of_interest,establishment",Independente / Sem chain identificado,Outros,REVIEW
"RECIFE, PE",,Magnus Telecomunicações,magnus telecomunicacoes,"Rua Marquês de Baipendi, 130 - Hipódromo, Recife",-8.0292472,-34.8886304,"point_of_interest,establishment",Independente / Sem chain identificado,Outros,REVIEW
"RECIFE, PE",,oratorio da divina providencia,oratorio da divina providencia,"Rua dos Peixinhos, 951 - Campina do Barreto, Recife",-8.015046400000001,-34.8828344,"point_of_interest,establishment",Independente / Sem chain identificado,Outros,REVIEW
"RECIFE, PE",,Contela,contela,"Avenida Luís Correia de Brito, 1048 - Sítio Novo, Olinda",-8.0224789,-34.874026,"locksmith,store,point_of_interest,establishment",Independente / Sem chain identificado,Outros,REVIEW
"RECIFE, PE",,Pet Planet,pet planet,"on-line - Av. Pres. Kennedy, 2485, whatsapp, 81 - 988182089 - Peixinhos, Olinda",-8.010979299999999,-34.87600630000001,"pet_store,store,point_of_interest,establishment",Independente / Sem chain identificado,Outros,REVIEW
"RECIFE, PE",,Paulo Mamede Etiquetas,paulo mamede etiquetas,"Avenida Beberibe - Arruda, Recife",-8.0283716,-34.89297670000001,"point_of_interest,establishment",Independente / Sem chain identificado,Outros,REVIEW
"RECIFE, PE",,Eloah - Ficus Paisagismo,eloah - ficus paisagismo,"Avenida Pedro de Melo Pedrosa, 10 - Arruda, Recife",-8.025156699999998,-34.885021,"point_of_interest,general_contractor,establishment",Independente / Sem chain identificado,Construtora,EXCLUDE
"RECIFE, PE",,Wanda Bezerra Cakes,wanda bezerra cakes,"Rua Salgueiro, 195 - Peixinhos, Olinda",-8.0159218,-34.87546309999999,"bakery,store,food,point_of_interest,establishment",Independente / Sem chain identificado,Padaria,REVIEW
"RECIFE, PE",,Idealfarma,idealfarma,"Rua Coronel Urbano Ribeiro de Sena, 907 - Água Fria, Recife",-8.014180399999999,-34.8835645,"drugstore,pharmacy,health,store,point_of_interest,establishment",Independente / Sem chain identificado,Outros,REVIEW
"RECIFE, PE",,BODYGENICS,bodygenics,"Rua Coronel Urbano Ribeiro de Sena, 756 - Água Fria, Recife",-8.015502999999999,-34.8843894,"health,store,point_of_interest,establishment",Independente / Sem chain identificado,Clínica / Saúde,REVIEW
"RECIFE, PE",,Luminiplast,luminiplast,"Rua Pascoal Sivini, 114 - Porto da Madeira, Recife",-8.0088859,-34.8904821,"store,point_of_interest,establishment",Independente / Sem chain identificado,Outros,REVIEW
"RECIFE, PE",,Pinto Auto Peças,pinto auto pecas,"/1511, Avenida Presidente Kennedy, 1497 - Peixinhos, Olinda",-8.015827000000002,-34.868448,"car_repair,store,point_of_interest,establishment",Independente / Sem chain identificado,Automotivo,EXCLUDE
"RECIFE, PE",,Ed Moveis Estofados Edson Pinheiro Costa,ed moveis estofados edson pinheiro costa,"Rua Maracajá, 121 - Campo Grande, Recife",-8.0258253,-34.8772503,"furniture_store,home_goods_store,store,point_of_interest,establishment",Independente / Sem chain identificado,Loja de Móveis,EXCLUDE
"RECIFE, PE",,Labor Pharmacy,labor pharmacy,"Rua da Regeneração, 668 - Loja B C - Água Fria, Recife",-8.0212143,-34.88740230000001,"pharmacy,drugstore,health,store,point_of_interest,establishment",Independente / Sem chain identificado,Farmácia,TARGET
"RECIFE, PE",,Centro Espírita Luz da Verdade e Ediluz Livros Espíritas Editora e Distribuidora,centro espirita luz da verdade e ediluz livros espiritas editora e distribuidora,"Rua das Moças, 987 - Arruda, Recife",-8.022007499999997,-34.8869523,"book_store,place_of_worship,store,point_of_interest,establishment",Independente / Sem chain identificado,Distribuidora,EXCLUDE
"RECIFE, PE",,Rcell,rcell,"Rua Jerônimo Viléla, 504 - Campo Grande, Recife",-8.027679100000002,-34.8821178,"store,point_of_interest,establishment",Independente / Sem chain identificado,Outros,REVIEW
"RECIFE, PE",,SOS Películas | Película Automotiva e Residencial,sos peliculas | pelicula automotiva e residencial,"Rua Oliveira Fonseca, 416 - Campo Grande, Recife",-8.0274776,-34.8799781,"car_repair,store,point_of_interest,establishment",Independente / Sem chain identificado,Automotivo,EXCLUDE
"RECIFE, PE",,NOVA FORMA Forros e Divisórias,nova forma forros e divisorias,"Rua Marquês de Baipendi, 91 - Campo Grande, Recife",-8.0280912,-34.8868685,"store,point_of_interest,establishment",Independente / Sem chain identificado,Outros,REVIEW
"RECIFE, PE",,Aço Imperial Tubos e Conexões Ltda - ME,aco imperial tubos e conexoes -,"Rua Coronel Urbano Ribeiro de Sena, 907 - Água Fria, Recife",-8.0141853,-34.8835582,"store,point_of_interest,establishment",Independente / Sem chain identificado,Outros,REVIEW
"RECIFE, PE",,Odontos Técnica,odontos tecnica,"Rua Franklin Távora, 900 - Campo Grande, Recife",-8.0270377,-34.8768399,"store,point_of_interest,health,establishment",Independente / Sem chain identificado,Clínica / Saúde,REVIEW
"RECIFE, PE",,Loja Destaque,loja destaque,"Rua Doutor Machado, 434 - Campo Grande, Recife",-8.0297929,-34.8823256,"store,point_of_interest,establishment",Independente / Sem chain identificado,Outros,REVIEW
"RECIFE, PE",,Cantinho das Essências - Velas & Sabonetes,cantinho das essencias - velas & sabonetes,"Avenida Luís Correia de Brito, 999 - Sítio Novo, Olinda",-8.0231386,-34.87447249999999,"home_goods_store,store,point_of_interest,establishment",Independente / Sem chain identificado,Casa & Decoração,EXCLUDE
"RECIFE, PE",,J.P. CONSTRUÇÃO,j.p. construcao,"Avenida Luís Correia de Brito, 619 - Campo Grande, Olinda",-8.026289799999999,-34.8755542,"store,point_of_interest,food,establishment",Independente / Sem chain identificado,Outros,REVIEW
"RECIFE, PE",,BC,bc,"Avenida Luís Correia de Brito, 10 - Sítio Novo, Olinda",-8.025706999999999,-34.87512630000001,"store,point_of_interest,establishment",Independente / Sem chain identificado,Outros,REVIEW
"RECIFE, PE",,Herbalife,herbalife,"Avenida Luís Correia de Brito, 10 - Sítio Novo, Recife",-8.025706999999999,-34.87512630000001,"grocery_or_supermarket,store,point_of_interest,food,establishment",Independente / Sem chain identificado,Mercadinho / Supermercado,TARGET
"RECIFE, PE",,ANDRADE TECH- SOLUÇÕES,andrade tech- solucoes,"Rua Jornalista José Campêlo Júnior, 860 - Fundão, Recife",-8.0168457,-34.8901007,"electrician,real_estate_agency,lodging,car_dealer,store,point_of_interest,establishment",Independente / Sem chain identificado,Outros,REVIEW
"RECIFE, PE",,Via Verde,via verde,"Avenida Luís Correia de Brito, 1954 - Sítio Novo, Olinda",-8.026197099999997,-34.8751588,"store,point_of_interest,food,health,establishment",Independente / Sem chain identificado,Clínica / Saúde,REVIEW
"RECIFE, PE",,New Site Market,new site market,"Avenida Luís Correia de Brito, s/n - Sítio Novo, Olinda",-8.0262599,-34.875172,"grocery_or_supermarket,store,point_of_interest,food,establishment",Independente / Sem chain identificado,Mercadinho / Supermercado,TARGET
"RECIFE, PE",,Camisetas Pernambuco,camisetas pernambuco,"Rua Almirante Barroso, 63 - Campo Grande, Recife",-8.0310413,-34.88463749999999,"clothing_store,store,point_of_interest,establishment",Independente / Sem chain identificado,Loja de Roupa,EXCLUDE
"RECIFE, PE",,Farmácia Descontão do Trabalhador,farmacia descontao do trabalhador,"Rua Benjamin Constant, 96 C - Sítio Novo, Olinda",-8.026401000000002,-34.874607,"pharmacy,store,point_of_interest,health,establishment",Drogaria (indep.),Farmácia,TARGET
"RECIFE, PE",,Jr. Portões e Esquadrias,jr. portoes e esquadrias,"Rua Barão de Vera Cruz - Campo Grande, Recife",-8.0312321,-34.8840015,"store,point_of_interest,establishment",Independente / Sem chain identificado,Outros,REVIEW
"RECIFE, PE",,Estamparia de Camisas em Recife,estamparia de camisas em recife,"Rua Japaranduba, 111 - Água Fria, Recife",-8.0202978,-34.89283,"store,point_of_interest,establishment",Independente / Sem chain identificado,Outros,REVIEW
"RECIFE, PE",,Gravatá Móveis,gravata moveis,"Avenida Beberibe, 2665 - Loja 01 - Fundão, Recife",-8.015281999999997,-34.89051,"furniture_store,home_goods_store,store,point_of_interest,establishment",Independente / Sem chain identificado,Loja de Móveis,EXCLUDE
"RECIFE, PE",,JR Net,jr net,"Galeria Danielle Center - Estrada de Belém, 1157 - Loja 2 - Campo Grande, Recife",-8.0319296,-34.88172319999999,"electronics_store,store,point_of_interest,establishment",Independente / Sem chain identificado,Eletrônica,EXCLUDE
"RECIFE, PE",,Nanda Kit festas Doces& Salgados,nanda kit festas doces& salgados,"Rua Japaranduba, 125 - Água Fria, Recife",-8.019980900000002,-34.89309549999999,"bakery,store,point_of_interest,food,establishment",Independente / Sem chain identificado,Padaria,REVIEW
"RECIFE, PE",,Açaí Suplementos,acai suplementos,"Rua da Regeneração, 55 - Água Fria, Recife",-8.018739,-34.892917,"store,point_of_interest,health,establishment",Independente / Sem chain identificado,Clínica / Saúde,REVIEW
"RECIFE, PE",,Gc Frutas - Morangos Recife,gc frutas - morangos recife,"Av. Eng. Alves de Souza, 260 - Imbiribeira, Recife - PE, 51770-300, Brazil",-8.097798599999999,-34.91264779999999,"establishment,food,point_of_interest",Independente / Sem chain identificado,Outros,REVIEW
"RECIFE, PE",,Atacadão - Olinda,atacadao - olinda,"Avenida Pan Nordestina, 778 - Guadalupe, Olinda",-8.011029400000002,-34.8577605,"supermarket,grocery_or_supermarket,food,store,point_of_interest,establishment",Atacadão,Atacarejo,TARGET
"RECIFE, PE",,SuperMix,supermix,"Estrada do Bonsucesso, 526 - Bonsucesso, Olinda",-8.0082033,-34.8495891,"supermarket,grocery_or_supermarket,food,store,point_of_interest,establishment",Independente / Sem chain identificado,Supermercado,TARGET
"RECIFE, PE",,Mercadinho Cestão Cheio,mercadinho cestao cheio,"Rua Carmela Dutra, 273 - Vila Popular, Olinda",-8.015538,-34.863592,"supermarket,grocery_or_supermarket,food,store,point_of_interest,establishment",Independente / Sem chain identificado,Mercadinho,TARGET
"RECIFE, PE",,Mercadinho Don Luiz,mercadinho don luiz,"Rua Pedro de Souza Lopes, 117 - Varadouro, Olinda",-8.018626099999999,-34.8570456,"supermarket,grocery_or_supermarket,food,store,point_of_interest,establishment",Independente / Sem chain identificado,Mercadinho,TARGET
"RECIFE, PE",,Mercadinho Gomes,mercadinho gomes,"Rua Cônego Xavier Pedrosa, 174 - Vila Popular, Olinda",-8.0138538,-34.86209239999999,"supermarket,grocery_or_supermarket,food,store,point_of_interest,establishment",Independente / Sem chain identificado,Mercadinho,TARGET
"RECIFE, PE",,MERCEARIA DA CLECIA,mercearia da clecia,"Rua Quinze A, 185a - Varadouro, Olinda",-8.0174737,-34.8568973,"supermarket,grocery_or_supermarket,food,store,point_of_interest,establishment",Independente / Sem chain identificado,Mercearia / Empório,TARGET
"RECIFE, PE",,Mercadinho Julião,mercadinho juliao,"Rua Carmem Leal Schmalz, 10 - Varadouro, Olinda",-8.017652400000001,-34.85586519999999,"supermarket,grocery_or_supermarket,food,store,point_of_interest,establishment",Independente / Sem chain identificado,Mercadinho,TARGET
"RECIFE, PE",,Mercadinho Baratão,mercadinho baratao,"Rua Carmela Dutra, 732 - Vila Popular, Olinda",-8.0122971,-34.8612289,"supermarket,grocery_or_supermarket,food,store,point_of_interest,establishment",Independente / Sem chain identificado,Mercadinho,TARGET
"RECIFE, PE",,Comercial Três Poderes,comercial tres poderes,Brazil,-8.014089899999998,-34.858033,"supermarket,grocery_or_supermarket,food,store,point_of_interest,establishment",Independente / Sem chain identificado,Supermercado,TARGET
"RECIFE, PE",,Mercadinho Olindense,mercadinho olindense,"Rua Estudante Alfredo Cantalice, 360 - Vila Popular, Olinda",-8.0114295,-34.8646809,"supermarket,liquor_store,grocery_or_supermarket,food,store,point_of_interest,establishment",Independente / Sem chain identificado,Mercadinho,TARGET
"RECIFE, PE",,Mercadinho Do Bairro,mercadinho do bairro,"Rua Amora, 85 - Varadouro, Olinda",-8.0139689,-34.8570183,"supermarket,grocery_or_supermarket,store,food,point_of_interest,establishment",Independente / Sem chain identificado,Mercadinho,TARGET
"RECIFE, PE",,ATACAREJO DE CASA,atacarejo de casa,"Avenida Doutor Joaquim Nabuco, 555 - Varadouro, Olinda",-8.015602200000002,-34.85541069999999,"supermarket,grocery_or_supermarket,store,food,point_of_interest,establishment",Independente / Sem chain identificado,Atacarejo,TARGET
"RECIFE, PE",,MD Multi Distribuidora peças de caldeiras,md multi distribuidora pecas de caldeiras,"Rua Matias Bezerra - Varadouro, Olinda",-8.0120162,-34.8578695,"supermarket,grocery_or_supermarket,store,food,point_of_interest,establishment",Independente / Sem chain identificado,Distribuidora,TARGET
"RECIFE, PE",,Frigorifico 5 Estrelas - Peixinhos - Recife-PE,frigorifico 5 estrelas - peixinhos - recife-pe,"Avenida Antônio da Costa Azevedo, 577 - Peixinhos, Olinda",-8.0114123,-34.8722282,"supermarket,grocery_or_supermarket,store,food,point_of_interest,establishment",Independente / Sem chain identificado,Supermercado,TARGET
"RECIFE, PE",,"Marcadinho do Bairro, Jardim Brasil l","marcadinho do bairro, jardim brasil l","Rua Pará, 201 A - Jardim Brasil, Olinda",-8.009110999999999,-34.8651327,"supermarket,grocery_or_supermarket,store,food,point_of_interest,establishment",Independente / Sem chain identificado,Supermercado,TARGET
"RECIFE, PE",,Sérgio Sacolão,sergio sacolao,"Avenida Doutor Joaquim Nabuco, 1009 - Varadouro, Olinda",-8.0116479,-34.8566504,"supermarket,grocery_or_supermarket,store,food,point_of_interest,establishment",Independente / Sem chain identificado,Supermercado,TARGET
"RECIFE, PE",,Comercial L M de Alimentação,comercial l m de alimentacao,"Avenida Doutor Joaquim Nabuco, 1123, Olinda",-8.010819399999999,-34.8570376,"supermarket,grocery_or_supermarket,store,food,point_of_interest,establishment",Independente / Sem chain identificado,Supermercado,TARGET
"RECIFE, PE",,Supermercado Kanela Varadouro Olinda,supermercado kanela varadouro olinda,"Avenida Doutor Joaquim Nabuco, n°1123 - Varadouro, Olinda",-8.010750999999999,-34.857007,"supermarket,grocery_or_supermarket,store,food,point_of_interest,establishment",Independente / Sem chain identificado,Supermercado,TARGET
"RECIFE, PE",,Fruta Pluss,fruta pluss,"Rua do Amparo, 105, Olinda",-8.0136885,-34.8529342,"supermarket,grocery_or_supermarket,store,food,point_of_interest,establishment",Independente / Sem chain identificado,Supermercado,TARGET
"RECIFE, PE",,Good Price Supermarket,good price supermarket,"Avenida Antônio da Costa Azevedo, 488 - Jardim Brasil, Olinda",-8.0090554,-34.8716407,"supermarket,grocery_or_supermarket,store,food,point_of_interest,establishment",Independente / Sem chain identificado,Supermercado,TARGET
"RECIFE, PE",,BB Mini Mercado,bb minircado,"Rua do Amparo, 326 - Bonsucesso, Olinda",-8.0111324,-34.85403379999999,"supermarket,grocery_or_supermarket,store,food,point_of_interest,establishment",Independente / Sem chain identificado,Minimercado,TARGET
"RECIFE, PE",,MERCEARIA DA ANGELA,mercearia da angela,"Rua Pará, 43 - Jardim Brasil, Olinda",-8.006347299999998,-34.8632922,"supermarket,grocery_or_supermarket,store,food,point_of_interest,establishment",Independente / Sem chain identificado,Mercearia / Empório,TARGET
"RECIFE, PE",,Mercadinho Oliveira,mercadinho oliveira,"Avenida Frei Antônio Jaboatão, 188 - Peixinhos, Olinda",-8.008736599999999,-34.873605,"supermarket,grocery_or_supermarket,store,food,point_of_interest,establishment",Independente / Sem chain identificado,Mercadinho,TARGET
"RECIFE, PE",,Ricardo Andrade Box -05,ricardo andrade box -05,"Rua Bispo Coutinho, 669 - Carmo, Olinda",-8.0139395,-34.8502264,"supermarket,grocery_or_supermarket,store,food,point_of_interest,establishment",Independente / Sem chain identificado,Supermercado,TARGET
"RECIFE, PE",,Verdão Quero Mais,verdao quero mais,"2A Travessa da Saudade - Guadalupe, Olinda",-8.007021899999998,-34.8547558,"supermarket,grocery_or_supermarket,store,food,point_of_interest,establishment",Independente / Sem chain identificado,Supermercado,TARGET
"RECIFE, PE",,Mercearia Amparo 17,mercearia amparo 17,"Rua do Amparo, 17 - Amparo, Olinda",-8.014419199999999,-34.8530825,"convenience_store,store,food,point_of_interest,establishment",Independente / Sem chain identificado,Mercearia / Empório,TARGET
"RECIFE, PE",,Estação Conveniência,estacao conveniencia,"Rua Prudente de Morais, 445 - Carmo, Olinda",-8.0149113,-34.8527484,"convenience_store,store,food,point_of_interest,establishment",Independente / Sem chain identificado,Conveniência,TARGET
"RECIFE, PE",,Adega Smoke & Beer,adega smoke & beer,"Rua Prudente de Morais, 224 - Carmo, Olinda",-8.016109799999999,-34.8512289,"convenience_store,store,food,point_of_interest,establishment",Independente / Sem chain identificado,Conveniência,TARGET
"RECIFE, PE",,BR Mania Conveniência,br mania conveniencia,"Avenida Doutor Joaquim Nabuco, 1600 - Guadalupe, Olinda",-8.0056681,-34.856633,"convenience_store,gas_station,atm,meal_takeaway,cafe,car_repair,finance,store,restaurant,food,point_of_interest,establishment",BR Mania (Petrobras),Conveniência,TARGET
"RECIFE, PE",,Hostelbar Maracatu/Glück Bier,hostelbar maracatu/gluck bier,"Rua Prudente de Morais, 351 - Carmo, Olinda",-8.0154411,-34.85210850000001,"lodging,point_of_interest,establishment",Independente / Sem chain identificado,Hotel,EXCLUDE
"RECIFE, PE",,Casa Viva Amparo,casa viva amparo,"Rua do Amparo, 110 - Amparo, Olinda",-8.013555400000001,-34.8528948,"lodging,point_of_interest,establishment",Independente / Sem chain identificado,Hotel,EXCLUDE
"RECIFE, PE",,Hostel Canto dos Artistas,hostel canto dos artistas,"Rua Prudente de Morais, 351 - Carmo, Olinda",-8.0154924,-34.8521447,"lodging,point_of_interest,establishment",Independente / Sem chain identificado,Hotel,EXCLUDE
"RECIFE, PE",,Casa dos Botos,casa dos botos,"Rua Prudente de Morais, 346 - Carmo, Olinda",-8.0152887,-34.8519184,"lodging,point_of_interest,establishment",Independente / Sem chain identificado,Hotel,EXCLUDE
"RECIFE, PE",,Hotel Pousada São Francisco,hotel pousada sao francisco,"Rua do Sol, 127 - Carmo, Olinda",-8.0158386,-34.84754940000001,"lodging,point_of_interest,establishment",Independente / Sem chain identificado,Hotel,EXCLUDE
"RECIFE, PE",,Morada Bonfim,morada bonfim,"Rua do Bonfim, 320 - Carmo, Olinda",-8.0145568,-34.8511473,"lodging,point_of_interest,establishment",Independente / Sem chain identificado,Hotel,EXCLUDE
"RECIFE, PE",,Pousada do Amparo,pousada do amparo,"Rua do Amparo, 199 - Amparo, Olinda",-8.0129931,-34.8533425,"lodging,point_of_interest,establishment",Independente / Sem chain identificado,Hotel,EXCLUDE
"RECIFE, PE",,Pousada Baobá,pousada baoba,"Rua do Sol, 147 - Carmo, Olinda",-8.015818399999999,-34.8471939,"lodging,health,point_of_interest,establishment",Independente / Sem chain identificado,Hotel,EXCLUDE
"RECIFE, PE",,Pousada São Pedro,pousada sao pedro,"Rua 27 de Janeiro, 95 - Carmo, Olinda",-8.0172356,-34.8513166,"lodging,point_of_interest,establishment",Independente / Sem chain identificado,Hotel,EXCLUDE
"RECIFE, PE",,Inn of the Four Corners,inn of the four corners,"Olinda BJ, Rua Prudente de Morais, 441 - Carmo, Olinda",-8.014956999999999,-34.8526908,"tourist_attraction,lodging,point_of_interest,establishment",Independente / Sem chain identificado,Ponto Turístico,EXCLUDE
"RECIFE, PE",,7° GAC - Sétimo Grupo de Artilharia de Campanha - Regimento Olinda,7 gac - setimo grupo de artilharia de campanha - regimento olinda,"Avenida Doutor Joaquim Nabuco, 1957 - Ouro Preto, Olinda",-8.0029804,-34.8570633,"point_of_interest,establishment",Independente / Sem chain identificado,Outros,REVIEW
"RECIFE, PE",,Casa do Farol,casa do farol,"Rua do Farol, 68 - Carmo, Olinda",-8.013465,-34.8438428,"lodging,point_of_interest,establishment",Independente / Sem chain identificado,Hotel,EXCLUDE
"RECIFE, PE",,Rodotur Turismo ltda,rodotur turismo,"Avenida Doutor Joaquim Nabuco, 780 - Varadouro, Olinda",-8.0137359,-34.85566319999999,"moving_company,point_of_interest,establishment",Independente / Sem chain identificado,Outros,REVIEW
"RECIFE, PE",,Sanvidro,sanvidro,"Avenida Pan Nordestina, 233 - Santa Tereza, Olinda",-8.0172223,-34.8609598,"store,point_of_interest,establishment",Independente / Sem chain identificado,Outros,REVIEW
"RECIFE, PE",,Espaço Cultural PHENIX de Olinda,espaco cultural phenix de olinda,"Rua Prudente de Morais, 256 - Carmo, Olinda",-8.0159299,-34.8513471,"point_of_interest,establishment",Independente / Sem chain identificado,Outros,REVIEW
"RECIFE, PE",,Vídeo nas Aldeias,video nas aldeias,"Rua de São Francisco, 162 - Carmo, Olinda",-8.0149791,-34.847948,"point_of_interest,establishment",Independente / Sem chain identificado,Outros,REVIEW
"RECIFE, PE",,Casa Mirar Recife de Olinda,casa mirar recife de olinda,"Rua Bernardo Vieira de Melo, 3 - Carmo, Olinda",-8.016153,-34.8527339,"lodging,point_of_interest,establishment",Independente / Sem chain identificado,Hotel,EXCLUDE
"RECIFE, PE",,Oficina do Sabor,oficina do sabor,"Rua do Amparo, 335 - Amparo, Olinda",-8.0118589,-34.8539123,"restaurant,food,point_of_interest,establishment",Independente / Sem chain identificado,Restaurante,EXCLUDE
"RECIFE, PE",,Casa das artes,casa das artes,"Rua do Amparo, 177 - Carmo, Olinda",-8.01314,-34.853255,"art_gallery,clothing_store,store,point_of_interest,establishment",Independente / Sem chain identificado,Outros,REVIEW
"RECIFE, PE",,JR Metalúrgica,jrtalurgica,"Avenida Presidente Kennedy, 567 - Peixinhos, Olinda",-8.0186314,-34.86196890000001,"point_of_interest,establishment",Independente / Sem chain identificado,Outros,REVIEW
"RECIFE, PE",,KS Lavanderias Industriais,ks lavanderias industriais,"Rua Maria Adelaíde Viêira, 96 - Peixinhos, Olinda",-8.0153275,-34.8670984,"laundry,point_of_interest,establishment",Independente / Sem chain identificado,Outros,REVIEW
"RECIFE, PE",,Eletro GC comércio e serviços.,eletro gc e servicos.,"Rua Dom Sebastião Leme, 76 - Vila Popular, Olinda",-8.0124366,-34.8656593,"electrician,point_of_interest,establishment",Independente / Sem chain identificado,Outros,REVIEW
"RECIFE, PE",,Escola Municipal Santa Tereza,escola municipal santa tereza,"Rua Duarte Coelho, 319 - Santa Tereza, Olinda",-8.023637299999999,-34.86184660000001,"point_of_interest,school,establishment",Independente / Sem chain identificado,Escola,EXCLUDE
"RECIFE, PE",,A.S INFORMATICA,a.s informatica,"Rua Veleiro - Peixinhos, Olinda",-8.0185228,-34.8704658,"point_of_interest,establishment",Independente / Sem chain identificado,Outros,REVIEW
"RECIFE, PE",,Abrigos e Toldos Xande Xou,abrigos e toldos xande xou,"Jorge de Albuquerque de carvalho, 1160 - Peixinhos, Olinda",-8.013893199999998,-34.8687408,"point_of_interest,establishment",Independente / Sem chain identificado,Outros,REVIEW
"RECIFE, PE",,Sindicato dos Servidores Municipais de Olinda,sindicato dos servidores municipais de olinda,"Rua Maria Teresa Beltrão, 90 - Varadouro, Olinda",-8.014863,-34.8551125,"point_of_interest,establishment",Independente / Sem chain identificado,Outros,REVIEW
"RECIFE, PE",,Farmácia VittaFarma,farmacia vittafarma,"Avenida Doutor Joaquim Nabuco, 1177 - Varadouro, Olinda",-8.0101226,-34.8571132,"pharmacy,drugstore,health,store,point_of_interest,establishment",Drogaria (indep.),Farmácia,TARGET
"RECIFE, PE",,Informática Popular,informatica popular,"Avenida Pan Nordestina, 200, Olinda",-8.016805,-34.86042899999999,"electronics_store,store,point_of_interest,establishment",Independente / Sem chain identificado,Eletrônica,EXCLUDE
"RECIFE, PE",,O Boticário,o boticario,"Avenida Pan Nordestina, 778 - Guadalupe, Olinda",-8.0110254,-34.8577583,"clothing_store,store,point_of_interest,establishment",Independente / Sem chain identificado,Loja de Roupa,EXCLUDE
"RECIFE, PE",,Karla Padaria,karla padaria,"Rua Garanhuns, 272 - Vila Popular, Olinda",-8.0116885,-34.8647877,"bakery,restaurant,food,store,point_of_interest,establishment",Independente / Sem chain identificado,Padaria,REVIEW
"RECIFE, PE",,Casa e Jardim,casa e jardim,"Avenida Pan Nordestina, 655 - Santa Tereza, Olinda",-8.013955700000002,-34.85939029999999,"furniture_store,home_goods_store,store,point_of_interest,establishment",Independente / Sem chain identificado,Loja de Móveis,EXCLUDE
"RECIFE, PE",,Idemal Indústria Embalagens Madeiras,idemal industria embalagens madeiras,"Rua Santa Catarina, 108 - Jardim Brasil, Olinda",-8.008614699999999,-34.8644417,"store,point_of_interest,establishment",Independente / Sem chain identificado,Outros,REVIEW
"RECIFE, PE",,Smarthec Peças e Serviços Náuticos,smarthec pecas e servicos nauticos,"Avenida Presidente Kennedy, 849 - Peixinhos, Olinda",-8.018255,-34.8632561,"store,point_of_interest,establishment",Independente / Sem chain identificado,Outros,REVIEW
"RECIFE, PE",,Corpvs Segurança,corpvs seguranca,"Avenida Pan Nordestina, 1902 - Varadouro, Olinda",-8.022606299999998,-34.86213959999999,"electronics_store,home_goods_store,store,point_of_interest,establishment",Independente / Sem chain identificado,Eletrônica,EXCLUDE
"RECIFE, PE",,Popular de Pernambuco,popular de pernambuco,"Empresarial Centro da Moda - Avenida Presidente Kennedy, 1001 - Loja 04 - Peixinhos, Olinda",-8.018051,-34.86581999999999,"health,store,point_of_interest,establishment",Independente / Sem chain identificado,Clínica / Saúde,REVIEW
"RECIFE, PE",,Modificar Veículos Especiais,modificar veiculos especiais,"Avenida Presidente Kennedy, 473 A - Peixinhos, Olinda",-8.018359499999999,-34.8629516,"car_dealer,store,point_of_interest,establishment",Independente / Sem chain identificado,Automotivo,EXCLUDE
"RECIFE, PE",,Loteria Recife,loteria recife,"Avenida Presidente Kennedy, 1001 - Peixinhos, Olinda",-8.01785,-34.86568090000001,"store,point_of_interest,establishment",Independente / Sem chain identificado,Outros,REVIEW
"RECIFE, PE",,MADEIREIRA ARANDAS,madeireira arandas,"Avenida Presidente Kennedy, 1040 - Peixinhos, Olinda",-8.0177728,-34.8642963,"general_contractor,store,point_of_interest,establishment",Independente / Sem chain identificado,Construtora,EXCLUDE
"RECIFE, PE",,Via Norte Veículos,via norte veiculos,"ROD PE 01, 64 - Salgadinho, Olinda",-8.019932699999998,-34.86120949999999,"car_dealer,store,point_of_interest,establishment",Independente / Sem chain identificado,Automotivo,EXCLUDE
"RECIFE, PE",,Labor Pharmacy,labor pharmacy,"Avenida Presidente Kennedy, 1157 - Vila Popular, Olinda",-8.017573,-34.86578079999999,"pharmacy,health,store,point_of_interest,establishment",Independente / Sem chain identificado,Farmácia,TARGET
"RECIFE, PE",,Pernambuco Motos Peixinhos,pernambuco motos peixinhos,"Avenida Presidente Kennedy, 694 - Vila Popular, Olinda",-8.017967099999998,-34.8626363,"car_repair,car_dealer,store,point_of_interest,establishment",Independente / Sem chain identificado,Automotivo,EXCLUDE
"RECIFE, PE",,Lojão da Lataria,lojao da lataria,"Próximo ao Centro da Moda - Avenida Presidente Kennedy, 1352 - Peixinhos, Olinda",-8.016494,-34.86696999999999,"car_repair,store,point_of_interest,establishment",Independente / Sem chain identificado,Automotivo,EXCLUDE
"RECIFE, PE",,M Filmes,m filmes,"Rua Doutor João Taváres Moura, 76 - Peixinhos, Olinda",-8.016213,-34.866931,"car_repair,store,point_of_interest,establishment",Independente / Sem chain identificado,Automotivo,EXCLUDE
"RECIFE, PE",,Central das Peças e Serviços,central das pecas e servicos,"Atendimento & via WhatsApp - Avenida Presidente Kennedy, 1364 - 77)9938-0664 - Peixinhos, Olinda",-8.0158024,-34.8679562,"car_repair,store,point_of_interest,establishment",Independente / Sem chain identificado,Automotivo,EXCLUDE
"RECIFE, PE",,Adonis Regalatto,adonis regalatto,"Travessa do Pisa, 18, Travessa do Pisa, 339-b - Santa Tereza, Olinda",-8.0201236,-34.85824069999999,"furniture_store,home_goods_store,store,point_of_interest,establishment",Independente / Sem chain identificado,Loja de Móveis,EXCLUDE
"RECIFE, PE",,Indapol na Sua Festa,indapol na sua festa,"Rua Carmela Dutra, 344 - Vila Popular, Olinda",-8.0149843,-34.8632222,"home_goods_store,store,point_of_interest,establishment",Independente / Sem chain identificado,Casa & Decoração,EXCLUDE
"RECIFE, PE",,Wilson Auto peças,wilson auto pecas,"Avenida Presidente Kennedy, 1571 B - Peixinhos, Olinda",-8.0156114,-34.8688666,"car_repair,store,point_of_interest,establishment",Independente / Sem chain identificado,Automotivo,EXCLUDE
"RECIFE, PE",,Microart,microart,"Rua Gov Agamenon Magalhães, 153, Olinda",-8.0144497,-34.86084039999999,"store,point_of_interest,establishment",Independente / Sem chain identificado,Outros,REVIEW
"RECIFE, PE",,Pague Menos Pharmacy,paguenos pharmacy,"Avenida Presidente Kennedy, 1717 - Peixinhos, Olinda",-8.014763,-34.8700769,"pharmacy,drugstore,health,store,point_of_interest,establishment",Pague Menos,Farmácia,TARGET
"RECIFE, PE",,DPrint Comunicação Visual,dprintunicacao visual,"Rua Armindo Cardoso Moura, 767 - Peixinhos, Olinda",-8.0155441,-34.8711047,"store,point_of_interest,establishment",Independente / Sem chain identificado,Outros,REVIEW
"RECIFE, PE",,TM BIKE,tm bike,"Avenida Presidente Kennedy, 1734 - Peixinhos, Olinda",-8.014592799999999,-34.8699584,"bicycle_store,store,point_of_interest,establishment",Independente / Sem chain identificado,Bicicletaria,EXCLUDE
"RECIFE, PE",,Fish Motorcycle Parts,fish motorcycle parts,"Avenida Antônio da Costa Azevedo, 90 - Peixinhos, Olinda",-8.0171289,-34.87276729999999,"car_repair,store,point_of_interest,establishment",Independente / Sem chain identificado,Automotivo,EXCLUDE
"RECIFE, PE",,Magazine das Bicicletas | Vendas de Peças e Conserto de Bicicletas em Olinda,magazine das bicicletas | vendas de pecas e conserto de bicicletas em olinda,"Rua Armindo Cardoso Moura, 300 - Peixinhos, Olinda",-8.016503299999998,-34.8725873,"bicycle_store,store,point_of_interest,establishment",Independente / Sem chain identificado,Bicicletaria,EXCLUDE
"RECIFE, PE",,Top 10,top 10,"Avenida Antônio da Costa Azevedo, 379 - Peixinhos, Olinda",-8.016925,-34.87308790000001,"clothing_store,store,point_of_interest,establishment",Independente / Sem chain identificado,Loja de Roupa,EXCLUDE
"RECIFE, PE",,Squadru Móveis,squadru moveis,"Rua Benjamin Constant, 167 - Sítio Novo, Olinda",-8.029208,-34.87099369999999,"furniture_store,home_goods_store,store,point_of_interest,establishment",Independente / Sem chain identificado,Loja de Móveis,EXCLUDE
"RECIFE, PE",,JG Surf e Esportes,jg surf e esportes,"Avenida Presidente Kennedy, 1810 - Peixinhos, Olinda",-8.0141007,-34.87063889999999,"clothing_store,store,point_of_interest,establishment",Independente / Sem chain identificado,Loja de Roupa,EXCLUDE
"RECIFE, PE",,ZDB Cenografia e Eventos,zdb cenografia e eventos,"Travessa Farmacêutico Gonçalo de Freitas, 154 - Varadouro, Olinda",-8.0186085,-34.8551766,"home_goods_store,store,point_of_interest,establishment",Independente / Sem chain identificado,Casa & Decoração,EXCLUDE
"RECIFE, PE",,Auto Parvi - Olinda PE,auto parvi - olinda pe,"Avenida Pan Nordestina, 731 - Salgadinho, Olinda",-8.0128752,-34.8596658,"car_dealer,store,point_of_interest,establishment",Independente / Sem chain identificado,Automotivo,EXCLUDE
"RECIFE, PE",,Extra Mercado,extrarcado,"Avenida Presidente Getúlio Vargas, 411 - Bairro Novo, Olinda",-8.0078851,-34.8422537,"supermarket,convenience_store,bakery,grocery_or_supermarket,store,food,point_of_interest,establishment",Extra,Hipermercado / Supermercado,TARGET
"RECIFE, PE",,Mercadinho Bom De Preço,mercadinho bom de preco,Brazil,-8.009927100000002,-34.8459366,"supermarket,grocery_or_supermarket,store,food,point_of_interest,establishment",Independente / Sem chain identificado,Mercadinho,TARGET
"RECIFE, PE",,Mercadinho Bonsucesso,mercadinho bonsucesso,"-103, Avenida Dom Bonifácio Jansem, 43 - Monte, Olinda",-8.0090004,-34.85122939999999,"supermarket,grocery_or_supermarket,store,food,point_of_interest,establishment",Independente / Sem chain identificado,Mercadinho,TARGET
"RECIFE, PE",,Boi Verde,boi verde,"Avenida Presidente Getúlio Vargas, 318 - Bairro Novo, Olinda",-8.0089551,-34.8420551,"supermarket,grocery_or_supermarket,store,food,point_of_interest,establishment",Independente / Sem chain identificado,Supermercado,TARGET
"RECIFE, PE",,HORTI-FRUTI BONSUCESSO,horti-fruti bonsucesso,"Estrada do Bonsucesso - Bonsucesso, Olinda",-8.008211,-34.8495915,"supermarket,grocery_or_supermarket,store,food,point_of_interest,establishment",Independente / Sem chain identificado,Supermercado,TARGET
"RECIFE, PE",,.,.,"Rua João Ubaldo de Miranda - Bonsucesso, Olinda",-8.0076279,-34.8484685,"supermarket,grocery_or_supermarket,store,point_of_interest,food,establishment",Independente / Sem chain identificado,Supermercado,TARGET
"RECIFE, PE",,LENILSONMINIMERCADO,lenilsonminimercado,"Rua Napoleão Gregório Lôbo, 119 - Bultrins, Olinda",-8.0055246,-34.8486954,"supermarket,grocery_or_supermarket,store,point_of_interest,food,establishment",Independente / Sem chain identificado,Supermercado,TARGET
"RECIFE, PE",,MARCILENE FERREIRA DA SILVA ARMARINHO & ESCRITÓRIO,marcilene ferreira da silva armarinho & escritorio,"Av. Dom Bonifácio Jansen, 887 - Monte, Olinda",-8.0061003,-34.85235,"supermarket,grocery_or_supermarket,store,point_of_interest,food,establishment",Independente / Sem chain identificado,Supermercado,TARGET
"RECIFE, PE",,Centro Ofertas,centro ofertas,"Avenida Presidente Getúlio Vargas, 1038 - Bairro Novo, Olinda",-8.002678999999997,-34.84010369999999,"supermarket,grocery_or_supermarket,store,point_of_interest,food,establishment",Independente / Sem chain identificado,Supermercado,TARGET
"RECIFE, PE",,Mercadinho Do Gordo,mercadinho do gordo,"Rua Nação, 459 - Alto da Nação, Olinda",-8.002257299999998,-34.85508969999999,"supermarket,grocery_or_supermarket,store,point_of_interest,food,establishment",Independente / Sem chain identificado,Mercadinho,TARGET
"RECIFE, PE",,Mercadinho Mãe & Filho,mercadinho mae & filho,"Rua Manoel Regueira, Olinda",-8.000211300000002,-34.8500545,"supermarket,grocery_or_supermarket,store,point_of_interest,food,establishment",Independente / Sem chain identificado,Mercadinho,TARGET
"RECIFE, PE",,Supermarket Extrabom - Olinda,supermarket extrabom - olinda,"Avenida Carlos de Lima Cavalcante, 515 - Bultrins, Olinda",-7.999799599999998,-34.8463195,"supermarket,liquor_store,grocery_or_supermarket,store,point_of_interest,food,establishment",Independente / Sem chain identificado,Supermercado,TARGET
"RECIFE, PE",,Mercadinho Goreth,mercadinho goreth,"Rua Manoel Regueira, 515 - Bultrins, Olinda",-7.999839599999998,-34.8507348,"supermarket,grocery_or_supermarket,store,food,point_of_interest,establishment",Independente / Sem chain identificado,Mercadinho,TARGET
"RECIFE, PE",,Ama Bebidas,ama bebidas,"Rua do Farol, 111 - Carmo, Olinda",-8.013006500000001,-34.8437172,"convenience_store,food,store,point_of_interest,establishment",Independente / Sem chain identificado,Conveniência,TARGET
"RECIFE, PE",,Posto Petrobras,posto petrobras,"Avenida Presidente Getúlio Vargas, 275 - Bairro Novo, Olinda",-8.0094308,-34.84247980000001,"gas_station,convenience_store,car_wash,car_repair,restaurant,food,store,point_of_interest,establishment",Petrobras,Posto / Conveniência,TARGET
"RECIFE, PE",,Conveniência,conveniencia,"Avenida Presidente Getúlio Vargas, 275 - Bairro Novo, Olinda",-8.009341599999997,-34.8424754,"convenience_store,food,store,point_of_interest,establishment",Independente / Sem chain identificado,Conveniência,TARGET
"RECIFE, PE",,Posto Capri II,posto capri ii,"Avenida Chico Science, 72 - Bultrins, Olinda",-8.000439400000001,-34.8468702,"gas_station,convenience_store,food,store,point_of_interest,establishment",Posto (genérico),Posto / Conveniência,REVIEW
"RECIFE, PE",,Casa do Queijo,casa do queijo,"Avenida Carlos de Lima Cavalcante, 453 - Bultrins, Olinda",-8.0000119,-34.8464486,"convenience_store,food,store,point_of_interest,establishment",Independente / Sem chain identificado,Conveniência,TARGET
"RECIFE, PE",,Hotel 5 Sóis,hotel 5 sois,"Avenida Ministro Marcos Freire, 633 - Bairro Novo, Olinda",-8.0064931,-34.84055799999999,"lodging,point_of_interest,establishment",Independente / Sem chain identificado,Hotel,EXCLUDE
"RECIFE, PE",,Hotel Costeiro,hotel costeiro,"Avenida Ministro Marcos Freire, 681 - Bairro Novo, Olinda",-8.006017400000001,-34.8404862,"lodging,point_of_interest,establishment",Independente / Sem chain identificado,Hotel,EXCLUDE
"RECIFE, PE",,Funeso - Unesf,funeso - unesf,"Avenida Presidente Getúlio Vargas, 566 - Bairro Novo, Olinda",-8.006882199999998,-34.8413231,"university,point_of_interest,establishment",Independente / Sem chain identificado,Escola,EXCLUDE
"RECIFE, PE",,Espigão Restaurante Bar -Bairro Novo Olinda,espigao restaurante bar -bairro novo olinda,"Avenida Ministro Marcos Freire, 569 - Bairro Novo, Olinda",-8.007073499999997,-34.8407638,"bar,restaurant,point_of_interest,food,establishment",Independente / Sem chain identificado,Outros,REVIEW
"RECIFE, PE",,Peixinhos,peixinhos,Peixinhos,-8.013118799999999,-34.8723992,"sublocality_level_1,sublocality,political",Independente / Sem chain identificado,Outros,REVIEW
"RECIFE, PE",,AJ Serviços,aj servicos,"Rua Professor José Cândido Pessoa, 123 - Bairro Novo, Olinda",-8.0103615,-34.8435024,"point_of_interest,establishment",Independente / Sem chain identificado,Outros,REVIEW
"RECIFE, PE",,Health's Secretary,health's secretary,"Rua do Sol, 311 - Carmo, Olinda",-8.0147757,-34.8460279,"point_of_interest,local_government_office,health,establishment",Independente / Sem chain identificado,Órgão Público,EXCLUDE
"RECIFE, PE",,Hostel do Sol,hostel do sol,"Praça Dantas Barreto, 28 - Carmo, Olinda",-8.0130491,-34.8445031,"lodging,point_of_interest,establishment",Independente / Sem chain identificado,Hotel,EXCLUDE
"RECIFE, PE",,LARecicLAR,lareciclar,"Rua São Miguel, 117 - Amaro Branco, Olinda",-8.012010299999998,-34.8445887,"lodging,point_of_interest,establishment",Independente / Sem chain identificado,Hotel,EXCLUDE
"RECIFE, PE",,Ecological Artesanatos,ecological artesanatos,"Rua Bispo Coutinho, 799 - Carmo, Olinda",-8.0129691,-34.8511633,"point_of_interest,establishment",Independente / Sem chain identificado,Outros,REVIEW
"RECIFE, PE",,Casa De Hilton,casa de hilton,"Rua do Sol, 77 - Carmo, Olinda",-8.0162699,-34.8476715,"lodging,point_of_interest,establishment",Independente / Sem chain identificado,Hotel,EXCLUDE
"RECIFE, PE",,Uruguayan Consulate,uruguayan consulate,"Rua Prudente de Morais, 281 - Carmo, Olinda",-8.0159067,-34.85157669999999,"embassy,point_of_interest,establishment",Independente / Sem chain identificado,Outros,REVIEW
"RECIFE, PE",,Le Choix Creperia & Cia,le choix creperia & cia,"Rua Bispo Coutinho, 120 - Carmo, Olinda",-8.0131851,-34.8516597,"restaurant,food,point_of_interest,establishment",Independente / Sem chain identificado,Restaurante,EXCLUDE
"RECIFE, PE",,Atelier Raul Cordula,atelier raul cordula,"Rua Quinze de Novembro, 155 - Varadouro, Olinda",-8.018945,-34.8531499,"point_of_interest,establishment",Independente / Sem chain identificado,Outros,REVIEW
"RECIFE, PE",,Olinda & Viagens Sob o Sol,olinda & viagens sob o sol,"Rua Prudente de Morais, 424 - Carmo, Olinda",-8.0149625,-34.8524754,"car_rental,point_of_interest,establishment",Independente / Sem chain identificado,Outros,REVIEW
"RECIFE, PE",,Igreja Messiânica Mundial do Brasil - Olinda,igrejassianica mundial do brasil - olinda,"Rua Professor José Cândido Pessoa, 201 - Bairro Novo, Olinda",-8.009634300000002,-34.843373,"place_of_worship,point_of_interest,establishment",Independente / Sem chain identificado,Igreja,EXCLUDE
"RECIFE, PE",,Consultec Tecnologia,consultec tecnologia,"Praça Doze de Março, 23 - Bairro Novo, Olinda",-8.0100163,-34.84294149999999,"point_of_interest,establishment",Independente / Sem chain identificado,Outros,REVIEW
"RECIFE, PE",,Frente & Verso Painéis e Luminosos,frente & verso paineis e luminosos,"Rua Professor José Cândido Pessoa, 73 - Bairro Novo, Olinda",-8.010807,-34.8436943,"point_of_interest,establishment",Independente / Sem chain identificado,Outros,REVIEW
"RECIFE, PE",,Forma Propaganda,forma propaganda,"Rua Farmaceutico Gonçalo de Freitas, 154 - Varadouro, Olinda",-8.0186605,-34.855497,"point_of_interest,establishment",Independente / Sem chain identificado,Outros,REVIEW
"RECIFE, PE",,YM ADUANEIRA,ym aduaneira,"Rua de São Bento, 274 - Varadouro, Olinda",-8.0142607,-34.8524775,"point_of_interest,establishment",Independente / Sem chain identificado,Outros,REVIEW
"RECIFE, PE",,Serviprint Serviços e Representações,serviprint servicos e representacoes,"Rua do Sol, 723 - Carmo, Olinda",-8.0120565,-34.8434932,"point_of_interest,establishment",Independente / Sem chain identificado,Outros,REVIEW
"RECIFE, PE",,LAFAETE VIAGENS E TURISMO,lafaete viagens e turismo,"Rua do Sol, 504 - Carmo, Olinda",-8.0137662,-34.8445975,"travel_agency,point_of_interest,establishment",Independente / Sem chain identificado,Agência de Viagens,EXCLUDE
"RECIFE, PE",,Colônia de Pescadores Z-4,colonia de pescadores z-4,"Rua do Farol, 17 - Carmo, Olinda",-8.0136364,-34.8442117,"point_of_interest,establishment",Independente / Sem chain identificado,Outros,REVIEW
"RECIFE, PE",,Sambada Comunicação e Cultura,sambadaunicacao e cultura,"Avenida Doutor Joaquim Nabuco, 192, Olinda",-8.0178829,-34.8542035,"point_of_interest,establishment",Independente / Sem chain identificado,Outros,REVIEW
"RECIFE, PE",,Kat Box,kat box,"Rua do Sol, 760 - Carmo, Olinda",-8.011849999999999,-34.84319,"store,point_of_interest,establishment",Independente / Sem chain identificado,Outros,REVIEW
"RECIFE, PE",,Moringa Produtora de Áudio,moringa produtora de audio,"Rua de São Bento, 199 - Varadouro, Olinda",-8.017631800000002,-34.8523346,"store,point_of_interest,establishment",Independente / Sem chain identificado,Outros,REVIEW
"RECIFE, PE",,Dona Massa Restaurante e Pizzaria,dona massa restaurante e pizzaria,"Rua de São Bento, 274 - Varadouro, Olinda",-8.0168824,-34.8522999,"restaurant,store,point_of_interest,food,establishment",Independente / Sem chain identificado,Restaurante,REVIEW
"RECIFE, PE",,Oficina de Música,oficina de musica,"Mercado de Artesanato Alto da Sé - Rua Bispo Coutinho, 669 - Loja 1 - Carmo, Olinda",-8.013855,-34.85018,"store,point_of_interest,establishment",Independente / Sem chain identificado,Outros,EXCLUDE
"RECIFE, PE",,TCM Rebylleurias,tcm rebylleurias,"do - Rua Bomfim, 449 - Carmo, Olinda",-8.0142341,-34.8523715,"store,point_of_interest,establishment",Independente / Sem chain identificado,Outros,REVIEW
"RECIFE, PE",,"MaxiTec Serralharia Portões Vidraçaria Corrimão toldo em Olinda, Recife,Jaboatão,Cabo de Santo Agostinho,Igarassu PE","maxitec serralharia portoes vidracaria corrimao toldo em olinda, recife,jaboatao,cabo de santo agostinho,igarassu pe","Avenida Doutor Joaquim Nabuco, 592 - Varadouro, Olinda",-8.015158099999997,-34.8551818,"electronics_store,home_goods_store,store,point_of_interest,establishment",Independente / Sem chain identificado,Eletrônica,EXCLUDE
"RECIFE, PE",,Worker Pharmacy,worker pharmacy,"Rua Sebastiana Ribeiro da Silva, 728 - Loja 1 - Varadouro, Olinda",-8.0137969,-34.8556636,"pharmacy,health,store,point_of_interest,establishment",Independente / Sem chain identificado,Farmácia,TARGET
"RECIFE, PE",,Mellos Fest,mellos fest,"Galeria Praça 12 - Avenida Presidente Getúlio Vargas, 275 - Bairro Novo, Olinda",-8.0094046,-34.84252079999999,"home_goods_store,store,point_of_interest,establishment",Independente / Sem chain identificado,Casa & Decoração,EXCLUDE
"RECIFE, PE",,Farmácia Amparo | Farmácia Delivery em Olinda,farmacia amparo | farmacia delivery em olinda,"Rua Ns. do Guadalupe, 54 - Guadalupe, Olinda",-8.011002399999999,-34.8545325,"drugstore,pharmacy,health,store,point_of_interest,establishment",Drogaria (indep.),Farmácia,TARGET
"RECIFE, PE",,Espaço Z,espaco z,"Rua Sebastiana Ribeiro da Silva, 911 - Varadouro, Olinda",-8.012593499999998,-34.85645290000001,"shoe_store,store,point_of_interest,establishment",Independente / Sem chain identificado,Sapataria,EXCLUDE
"RECIFE, PE",,Farmácia 12 de Março - Olinda,farmacia 12 de marco - olinda,"Avenida Presidente Getúlio Vargas, 290 - LJ01 - Bairro Novo, Olinda",-8.0091784,-34.8421088,"drugstore,pharmacy,veterinary_care,health,store,point_of_interest,establishment",Drogaria (indep.),Farmácia,TARGET
"RECIFE, PE",,Handara Olinda,handara olinda,"Avenida Presidente Getúlio Vargas, 361 - Bairro Novo, Olinda",-8.008510699999999,-34.8422642,"clothing_store,store,point_of_interest,establishment",Independente / Sem chain identificado,Loja de Roupa,EXCLUDE
"RECIFE, PE",,Danny Variedades,danny variedades,"Avenida Doutor Joaquim Nabuco, 1025 - Varadouro, Olinda",-8.011476100000001,-34.8566887,"store,point_of_interest,establishment",Independente / Sem chain identificado,Outros,REVIEW
"RECIFE, PE",,Comercial BonSucesso,comercial bonsucesso,"Estrada do Bonsucesso, 638 A - Bonsucesso, Olinda",-8.0078059,-34.84902119999999,"store,food,point_of_interest,establishment",Independente / Sem chain identificado,Outros,REVIEW
"RECIFE, PE",,Armazém Coral Achaqui,armazem coral achaqui,"Rua Coronel João Joaquim Antunes, 92 - Bairro Novo, Olinda",-8.0079274,-34.8417497,"store,point_of_interest,establishment",Independente / Sem chain identificado,Outros,REVIEW
"RECIFE, PE",,Camarão Bonecos Gigantes e Mirins,camarao bonecos gigantes e mirins,"ATACADÃO - Rua Matias Bezerra, 122 Rua Ao Lado Do - Varadouro, Olinda",-8.0122564,-34.85854639999999,"clothing_store,store,point_of_interest,establishment",Independente / Sem chain identificado,Loja de Roupa,EXCLUDE
"RECIFE, PE",,SOTELAS OFICIAL,sotelas oficial,"Avenida Doutor Joaquim Nabuco, 1269 - Varadouro, Olinda",-8.009473100000001,-34.8573811,"store,point_of_interest,establishment",Independente / Sem chain identificado,Outros,REVIEW
"RECIFE, PE",,Toyota,toyota,"Avenida Pan Nordestina, 675 - Santa Tereza, Olinda",-8.0113489,-34.85935570000001,"car_dealer,store,point_of_interest,establishment",Independente / Sem chain identificado,Automotivo,EXCLUDE
"RECIFE, PE",,"Toyolex Toyota - Olinda PE: Concessionária, Carros Novos e Seminovos","toyolex toyota - olinda pe: concessionaria, carros novos e seminovos","Avenida Pan Nordestina, 1003 - Bloco B - Varadouro, Olinda",-8.011155099999998,-34.8593521,"car_dealer,store,point_of_interest,establishment",Independente / Sem chain identificado,Automotivo,EXCLUDE
"RECIFE, PE",,Sacolāo da Família,sacolao da familia,"Rua Israel Viêira Ferreira, 172 - Monte, Olinda",-8.0062006,-34.853735,"grocery_or_supermarket,store,food,point_of_interest,establishment",Independente / Sem chain identificado,Mercadinho / Supermercado,TARGET
"RECIFE, PE",,PE BRINDES,pe brindes,"Rua Benedito Marinho de Araújo - Monte, Olinda",-8.003612,-34.8486084,"store,point_of_interest,establishment",Independente / Sem chain identificado,Outros,REVIEW
"RECIFE, PE",,Fábrica Nordeste Café Caramello,fabrica nordeste cafe caramello,"Rua Coronel João Ribeiro, 249 - Bairro Novo, Olinda",-8.0046208,-34.8431386,"store,cafe,food,point_of_interest,establishment",Independente / Sem chain identificado,Outros,REVIEW
"RECIFE, PE",,Disole,disole,"L'Etage - Avenida Presidente Getúlio Vargas, 728 - Bairro Novo, Olinda",-8.005346,-34.84057299999999,"clothing_store,store,point_of_interest,establishment",Independente / Sem chain identificado,Loja de Roupa,EXCLUDE
"RECIFE, PE",,Quitandaria (Bairro Novo),quitandaria (bairro novo),"Avenida Presidente Getúlio Vargas, 761 - Bairro Novo, Olinda",-8.005072499999999,-34.84106439999999,"store,food,point_of_interest,establishment",Independente / Sem chain identificado,Outros,REVIEW
"RECIFE, PE",,Argo Surf,argo surf,"Avenida Carlos de Lima Cavalcante, 86 - Bairro Novo, Olinda",-8.003697999999998,-34.8463993,"store,point_of_interest,establishment",Independente / Sem chain identificado,Outros,REVIEW
"RECIFE, PE",,Farmácia Pague Menos,farmacia paguenos,"Avenida Presidente Getúlio Vargas, 811 - Bairro Novo, Olinda",-8.0046752,-34.84093219999999,"pharmacy,drugstore,health,store,point_of_interest,establishment",Pague Menos,Farmácia,TARGET
"RECIFE, PE",,O Boticário,o boticario,"Avenida Presidente Getúlio Vargas, 817 - Bairro Novo, Olinda",-8.004580299999999,-34.8409661,"clothing_store,store,point_of_interest,establishment",Independente / Sem chain identificado,Loja de Roupa,EXCLUDE
