store_id,place_id,store_name,banner,format,reckitt_target,exclusion_reason,address,city,region,lat,lng,category,rating,review_count,phone,opening_hours,website,google_types,vicinity,price_level,business_status,annual_sales_usd,lines_per_store,covered,source,poi_count,actual_location,matches_selected_region,geographic_note
ChIJxVts1TuLAjERjuOB9QeMkgw,ChIJxVts1TuLAjERjuOB9QeMkgw,ร้านยา Good Health dispensary (แสมสารเภสัช2),ร้านยา (Independent),Pharmacy (independent),TARGET,,"77, 2, Tambon Samaesarn",Amphoe Sattahip,Chon Buri,12.5985525,100.959243,pharmacy,5,7,093 546 3654,Monday: 8:30 AM – 9:00 PM | Tuesday: 8:30 AM – 9:00 PM | Wednesday: 8:30 AM – 9:00 PM | Thursday: 8:30 AM – 9:00 PM | Friday: 8:30 AM – 9:00 PM | Saturday: 8:30 AM – 9:00 PM | Sunday: 8:30 AM – 9:00 PM,,"['pharmacy', 'drugstore', 'health', 'point_of_interest', 'store', 'establishment']","77, 2, Tambon Samaesarn, Amphoe Sattahip",0,Active,0,0,FALSE,scraped,0,Chon Buri,YES,
ChIJDTOhwvqLAjERbT7PXv-u3Bs,ChIJDTOhwvqLAjERbT7PXv-u3Bs,Chaiyaporn Phesat,Independent (no name keyword),Pharmacy (independent),TARGET,,"233, Moo 1, Talad Sattahip Road, Tambon Sattahip, Amphoe Sattahip, Chon Buri",20180,Chon Buri,12.6625,100.899553,pharmacy,0,0,038 437 810,,,"['pharmacy', 'health', 'store', 'point_of_interest', 'establishment']","233, Moo 1, Talad Sattahip Road, Tambon Sattahip, Amphoe Sattahip, Chon Buri, 20180",0,Active,0,0,FALSE,scraped,0,Chon Buri,YES,
ChIJN8xXmPqLAjERWS9o0-jY64Y,ChIJN8xXmPqLAjERWS9o0-jY64Y,Chaiyawat Pharmacy,Independent,Pharmacy (independent),TARGET,,"เภสัช, เลขที่ 97 หมู่ 1 ซอย ชัยวัฒน์, 97 ถนนชายทะเล, Tambon Sattahip",Amphoe Sattahip,Chon Buri,12.6626489,100.9010635,pharmacy,0,0,084 001 1946,Monday: 7:00 AM – 10:30 PM | Tuesday: 7:00 AM – 10:30 PM | Wednesday: 7:00 AM – 10:30 PM | Thursday: 7:00 AM – 10:30 PM | Friday: 7:00 AM – 11:00 PM | Saturday: 7:00 AM – 11:00 PM | Sunday: 7:00 AM – 10:30 PM,,"['pharmacy', 'health', 'store', 'point_of_interest', 'establishment']","เภสัช, เลขที่ 97 หมู่ 1 ซอย ชัยวัฒน์, 97 ถนนชายทะเล, Tambon Sattahip, Amphoe Sattahip",0,Active,0,0,FALSE,scraped,0,Chon Buri,YES,
ChIJWYYa-vqLAjERXxRbc3SxVkU,ChIJWYYa-vqLAjERXxRbc3SxVkU,Phisit Pharmacy,Independent,Pharmacy (independent),TARGET,,"MV7X+CQ7, Sattahip",Sattahip District,Chon Buri,12.663539,100.899432,pharmacy,5,1,,,,"['pharmacy', 'health', 'store', 'point_of_interest', 'establishment']","MV7X+CQ7, Sattahip, Sattahip District",0,Active,0,0,FALSE,scraped,0,Chon Buri,YES,
ChIJs1sNEQCLAjERNHNBv0xdUbg,ChIJs1sNEQCLAjERNHNBv0xdUbg,ประภัสสราเภสัช - Prapassara Pharmacy,เภสัช (Independent),Pharmacy (independent),TARGET,,"0001, 16 ม.1, Tambon Sattahip",Amphoe Sattahip,Chon Buri,12.6627708,100.9026377,pharmacy,5,4,062 938 8255,Monday: 6:00 AM – 8:00 PM | Tuesday: 6:00 AM – 8:00 PM | Wednesday: 6:00 AM – 8:00 PM | Thursday: 6:00 AM – 8:00 PM | Friday: 6:00 AM – 8:00 PM | Saturday: 6:00 AM – 8:00 PM | Sunday: 6:00 AM – 8:00 PM,,"['pharmacy', 'health', 'store', 'point_of_interest', 'establishment']","0001, 16 ม.1, Tambon Sattahip, Amphoe Sattahip",0,Active,0,0,FALSE,scraped,0,Chon Buri,YES,
ChIJmyhw__qLAjERlYysU-VxXDs,ChIJmyhw__qLAjERlYysU-VxXDs,Parinya Pharmacy,Independent,Pharmacy (independent),TARGET,,"434 Thetsaban 7, Tambon Sattahip",Amphoe Sattahip,Chon Buri,12.6639917,100.8994108,pharmacy,0,0,085 802 9339,Monday: 8:00 AM – 8:00 PM | Tuesday: 8:00 AM – 8:00 PM | Wednesday: 8:00 AM – 8:00 PM | Thursday: 8:00 AM – 8:00 PM | Friday: 8:00 AM – 8:00 PM | Saturday: 8:00 AM – 8:00 PM | Sunday: 8:00 AM – 8:00 PM,http://www.facebook.com/druggers,"['pharmacy', 'health', 'store', 'point_of_interest', 'establishment']","434 Thetsaban 7, Tambon Sattahip, Amphoe Sattahip",0,Active,0,0,FALSE,scraped,0,Chon Buri,YES,
ChIJkbYtXPqLAjEREdBx8ku8hMY,ChIJkbYtXPqLAjEREdBx8ku8hMY,Sukthavornosot pharmacy,Independent,Pharmacy (independent),TARGET,,437/4 Thetsaban 7,Amphoe Sattahip,Chon Buri,12.6645999,100.899504,pharmacy,4.6,10,064 436 8988,Monday: 8:00 AM – 7:00 PM | Tuesday: 8:00 AM – 7:00 PM | Wednesday: 8:00 AM – 7:00 PM | Thursday: 8:00 AM – 7:00 PM | Friday: 8:00 AM – 7:00 PM | Saturday: 8:00 AM – 7:00 PM | Sunday: 8:00 AM – 12:00 PM,,"['pharmacy', 'health', 'store', 'point_of_interest', 'establishment']","437/4 Thetsaban 7, Amphoe Sattahip",0,Active,0,0,FALSE,scraped,0,Chon Buri,YES,
ChIJh-ICk_uLAjER0mO1WgZiyr4,ChIJh-ICk_uLAjER0mO1WgZiyr4,Charoen Phesat,Independent (no name keyword),Pharmacy (independent),TARGET,,"431, Sai Klang Road, Tambon Sattahip",Amphoe Sattahip,Chon Buri,12.665316,100.89685,pharmacy,0,0,038 437 226,,,"['pharmacy', 'health', 'store', 'point_of_interest', 'establishment']","431, Sai Klang Road, Tambon Sattahip, Amphoe Sattahip",0,Active,0,0,FALSE,scraped,0,Chon Buri,YES,
ChIJBfK21CWMAjERKWIzR-49zyA,ChIJBfK21CWMAjERKWIzR-49zyA,PS Pharmacy,Independent,Pharmacy (independent),TARGET,,"MW72+X7V, ถนนเขาตาโล, Tambon Sattahip",Amphoe Sattahip,Chon Buri,12.664995,100.90068,pharmacy,0,0,038 437 404,,,"['pharmacy', 'health', 'store', 'point_of_interest', 'establishment']","MW72+X7V, ถนนเขาตาโล, Tambon Sattahip, Amphoe Sattahip",0,Temporarily Closed,0,0,FALSE,scraped,0,Chon Buri,YES,
ChIJnaT8_QkHAzERuTVPhAi02D4,ChIJnaT8_QkHAzERuTVPhAi02D4,Pharmacia Lotus บ้านเพติดถนนมองเห็นเกาะเสม็ด,Independent (no name keyword),Pharmacy (independent),TARGET,,"310/, หนองบัว ซอย 6 ตำบลเพ Banphe",อำเภอเมืองระยอง,Chon Buri,12.6296998,101.4455716,pharmacy,2.4,5,095 765 8142,Monday: 10:00 AM – 8:00 PM | Tuesday: 10:00 AM – 8:00 PM | Wednesday: 10:00 AM – 8:00 PM | Thursday: 10:00 AM – 8:00 PM | Friday: 10:00 AM – 8:00 PM | Saturday: 10:00 AM – 12:00 AM | Sunday: 10:00 AM – 12:00 AM,,"['pharmacy', 'health', 'point_of_interest', 'store', 'establishment']","310/, หนองบัว ซอย 6 ตำบลเพ Banphe, อำเภอเมืองระยอง",0,Active,0,0,FALSE,scraped,0,Chon Buri,YES,
ChIJAQJFP1UPAzERbxeiHdOyb5c,ChIJAQJFP1UPAzERbxeiHdOyb5c,นวมลเภสัช แหลมแม่พิมพ์ - NAVAMOL PHARMACY at MaePhim Beach,เภสัช (Independent),Pharmacy (independent),TARGET,,"Larm mae pim beach, Tambon Kram",Amphoe Klaeng,Chon Buri,12.6516694,101.6118583,pharmacy,4.9,9,084 259 4694,Monday: 9:00 AM – 7:00 PM | Tuesday: 9:00 AM – 7:00 PM | Wednesday: 9:00 AM – 7:00 PM | Thursday: 9:00 AM – 7:00 PM | Friday: 9:00 AM – 7:00 PM | Saturday: 9:00 AM – 7:30 PM | Sunday: 9:00 AM – 7:30 PM,https://lin.ee/vh0vhFl,"['pharmacy', 'health', 'point_of_interest', 'store', 'establishment']","Larm mae pim beach, Tambon Kram, Amphoe Klaeng",0,Active,0,0,FALSE,scraped,0,Chon Buri,YES,
ChIJO6iuo0rzAjERRE1Bpwb5l2s,ChIJO6iuo0rzAjERRE1Bpwb5l2s,Thanakom Phesat,Independent (no name keyword),Pharmacy (independent),TARGET,,"25, 41 Sukhumvit Road, Tambon Phlu Ta Luang",Amphoe Sattahip,Chon Buri,12.6894251,100.9773,pharmacy,0,0,038 245 179,,,"['pharmacy', 'health', 'point_of_interest', 'store', 'establishment']","25, 41 Sukhumvit Road, Tambon Phlu Ta Luang, Amphoe Sattahip",0,Active,0,0,FALSE,scraped,0,Chon Buri,YES,
ChIJOb5lj7PzAjERe0yxZm-z9Gw,ChIJOb5lj7PzAjERe0yxZm-z9Gw,ร้านยา บ้านยาดี สระแก้ว (Pharmacy),ร้านยา (Independent),Pharmacy (independent),TARGET,,"103, 109, Tambon Sam Nak Thon",Amphoe Ban Chang,Chon Buri,12.7144365,101.0022696,pharmacy,5,41,080 005 7133,Monday: 6:00 AM – 9:30 PM | Tuesday: 6:00 AM – 9:30 PM | Wednesday: 6:00 AM – 9:30 PM | Thursday: 6:00 AM – 9:30 PM | Friday: 6:00 AM – 9:30 PM | Saturday: 6:00 AM – 9:30 PM | Sunday: 6:00 AM – 9:30 PM,,"['pharmacy', 'health', 'store', 'point_of_interest', 'establishment']","103, 109, Tambon Sam Nak Thon, Amphoe Ban Chang",0,Active,0,0,FALSE,scraped,0,Chon Buri,YES,
ChIJ2zHdo7PxAjERicA_PqkZgj4,ChIJ2zHdo7PxAjERicA_PqkZgj4,Evonik Thai Aerosil (Nicom Asia Maptaphud),Independent (no name keyword),Pharmacy (independent),TARGET,,"P473+877, Soi Asia Be View, Tambon Ban Chang",Amphoe Ban Chang,Chon Buri,12.713283,101.10318,pharmacy,0,0,,,,"['pharmacy', 'health', 'point_of_interest', 'store', 'establishment']","P473+877, Soi Asia Be View, Tambon Ban Chang, Amphoe Ban Chang",0,Active,0,0,FALSE,scraped,0,Chon Buri,YES,
ChIJke2YqcwNAzERk3p45mGaMz8,ChIJke2YqcwNAzERk3p45mGaMz8,Jan Dispensary,Independent (dispensary),Pharmacy (independent),TARGET,,"MJPM+P3G, Chak Don",Klaeng District,Chon Buri,12.6868225,101.632696,pharmacy,4,2,089 402 1818,Monday: 7:00 AM – 6:30 PM | Tuesday: 7:00 AM – 6:30 PM | Wednesday: 7:00 AM – 6:30 PM | Thursday: 7:00 AM – 6:30 PM | Friday: 7:00 AM – 6:30 PM | Saturday: 7:00 AM – 6:30 PM | Sunday: 7:00 AM – 6:30 PM,,"['pharmacy', 'health', 'store', 'point_of_interest', 'establishment']","MJPM+P3G, Chak Don, Klaeng District",0,Active,0,0,FALSE,scraped,0,Chon Buri,YES,
ChIJlYj5NDcMAzER58fL0lykcYQ,ChIJlYj5NDcMAzER58fL0lykcYQ,Ban Kram Ice,Independent (no name keyword),Pharmacy (independent),TARGET,,"MJGM+M2R, Kram",Klaeng District,Chon Buri,12.6767311,101.6325306,pharmacy,4.3,8,,Monday: Open 24 hours | Tuesday: Open 24 hours | Wednesday: Open 24 hours | Thursday: Open 24 hours | Friday: Open 24 hours | Saturday: Open 24 hours | Sunday: Open 24 hours,,"['pharmacy', 'health', 'store', 'point_of_interest', 'establishment']","MJGM+M2R, Kram, Klaeng District",0,Active,0,0,FALSE,scraped,0,Chon Buri,YES,
ChIJrZpXM-SNAjERuPhEKteTD4E,ChIJrZpXM-SNAjERuPhEKteTD4E,Navy House Village 12,Independent (no name keyword),Pharmacy (independent),TARGET,,"PVWX+R97, Sukhumvit Road, Tambon Bang Sare",Amphoe Sattahip,Chon Buri,12.7470269,100.8984294,pharmacy,3.1,7,,,,"['pharmacy', 'health', 'store', 'point_of_interest', 'establishment']","PVWX+R97, Sukhumvit Road, Tambon Bang Sare, Amphoe Sattahip",0,Active,0,0,FALSE,scraped,0,Chon Buri,YES,
ChIJ9Z61Yv-NAjERSSCFqmh4odQ,ChIJ9Z61Yv-NAjERSSCFqmh4odQ,PYB Pharmacy,Independent,Pharmacy (independent),TARGET,,"Unnamed Road, Tambon Bang Sare",Amphoe Sattahip,Chon Buri,12.7630779,100.8937456,pharmacy,4.9,9,090 553 6061,Monday: 7:00 AM – 9:00 PM | Tuesday: 7:00 AM – 9:00 PM | Wednesday: 7:00 AM – 9:00 PM | Thursday: 7:00 AM – 9:00 PM | Friday: 7:00 AM – 9:00 PM | Saturday: 7:00 AM – 9:00 PM | Sunday: 7:00 AM – 9:00 PM,,"['pharmacy', 'health', 'store', 'point_of_interest', 'establishment']","Unnamed Road, Tambon Bang Sare, Amphoe Sattahip",0,Active,0,0,FALSE,scraped,0,Chon Buri,YES,
ChIJV9RABPiNAjERDUXErAee9mM,ChIJV9RABPiNAjERDUXErAee9mM,Suleeporn Phesat,Independent (no name keyword),Pharmacy (independent),TARGET,,"69/2, Moo 1, Tambon Bang Sare, Amphoe Sattahip, Chon Buri",20250,Chon Buri,12.7625278,100.901176,pharmacy,0,0,038 737 791,,,"['pharmacy', 'health', 'store', 'point_of_interest', 'establishment']","69/2, Moo 1, Tambon Bang Sare, Amphoe Sattahip, Chon Buri, 20250",0,Active,0,0,FALSE,scraped,0,Chon Buri,YES,
ChIJt3NE8E_zAjERWb246FGBtl4,ChIJt3NE8E_zAjERWb246FGBtl4,บ้านยา หยกยิ้ม - Yokyim Pharmacy,Independent,Pharmacy (independent),TARGET,,"ตึกแถวสามชั้นหน้าหมู่บ้านเธียรธารา, 119/20",Amphoe Sattahip,Chon Buri,12.7402766,100.9910599,pharmacy,5,1,066 132 5993,Monday: 4:30 – 9:00 PM | Tuesday: 4:30 – 9:00 PM | Wednesday: 4:30 – 9:00 PM | Thursday: 4:30 – 9:00 PM | Friday: 4:30 – 9:00 PM | Saturday: 8:00 AM – 8:00 PM | Sunday: 8:00 AM – 8:00 PM,,"['pharmacy', 'health', 'store', 'point_of_interest', 'establishment']","ตึกแถวสามชั้นหน้าหมู่บ้านเธียรธารา, 119/20, Amphoe Sattahip",0,Active,0,0,FALSE,scraped,0,Chon Buri,YES,
ChIJL8RGezvzAjERqre7oB_i2Ck,ChIJL8RGezvzAjERqre7oB_i2Ck,ร้านนิยมเภสัช Niyom Pharmacy,เภสัช (Independent),Pharmacy (independent),TARGET,,"168, 21, Tambon Ban Chang",Amphoe Ban Chang,Chon Buri,12.7284339,101.0630855,pharmacy,4.6,49,064 824 4499,Monday: 9:00 AM – 9:00 PM | Tuesday: 9:00 AM – 9:00 PM | Wednesday: 9:00 AM – 9:00 PM | Thursday: 9:00 AM – 9:00 PM | Friday: 9:00 AM – 9:00 PM | Saturday: 9:00 AM – 9:00 PM | Sunday: 9:00 AM – 9:00 PM,,"['pharmacy', 'health', 'point_of_interest', 'store', 'establishment']","168, 21, Tambon Ban Chang, Amphoe Ban Chang",0,Active,0,0,FALSE,scraped,0,Chon Buri,YES,
ChIJK4ONMGnzAjER4D27-Z19muQ,ChIJK4ONMGnzAjER4D27-Z19muQ,Klaiban pharmacy,Independent,Pharmacy (independent),TARGET,,"210/60, Tambon Ban Chang",Amphoe Ban Chang,Chon Buri,12.7295411,101.0509801,pharmacy,5,3,089 394 8486,Monday: 5:00 – 10:00 PM | Tuesday: 5:00 – 10:00 PM | Wednesday: 5:00 – 10:00 PM | Thursday: 5:00 – 10:00 PM | Friday: 5:00 – 10:00 PM | Saturday: 5:00 – 10:00 PM | Sunday: 5:00 – 10:00 PM,,"['pharmacy', 'health', 'point_of_interest', 'store', 'establishment']","210/60, Tambon Ban Chang, Amphoe Ban Chang",0,Active,0,0,FALSE,scraped,0,Chon Buri,YES,
ChIJCQU3fDnyAjERYnaYH5_9OP0,ChIJCQU3fDnyAjERYnaYH5_9OP0,Phairot Pharmacy,Independent,Pharmacy (independent),TARGET,,"P3G3+9H8, Ban Chang",Ban Chang District,Chon Buri,12.7259046,101.053962,pharmacy,5,1,,,,"['pharmacy', 'health', 'point_of_interest', 'store', 'establishment']","P3G3+9H8, Ban Chang, Ban Chang District",0,Active,0,0,FALSE,scraped,0,Chon Buri,YES,
ChIJDzfVfjnyAjERS0nDgwlB0Es,ChIJDzfVfjnyAjERS0nDgwlB0Es,Amnuay Wetchaphan Drugstore,Independent,Pharmacy (independent),TARGET,,"Thepjinda Market, Tambon Ban Chang",Amphoe Ban Chang,Chon Buri,12.7255892,101.0539174,pharmacy,4.7,20,033 218 055,Monday: 7:00 AM – 7:30 PM | Tuesday: 7:00 AM – 7:30 PM | Wednesday: 7:00 AM – 7:30 PM | Thursday: 7:00 AM – 7:30 PM | Friday: 7:00 AM – 7:30 PM | Saturday: 7:00 AM – 7:30 PM | Sunday: Closed,,"['pharmacy', 'health', 'point_of_interest', 'store', 'establishment']","Thepjinda Market, Tambon Ban Chang, Amphoe Ban Chang",0,Active,0,0,FALSE,scraped,0,Chon Buri,YES,
ChIJoZeuIzryAjERnME5PfeBi0Q,ChIJoZeuIzryAjERnME5PfeBi0Q,Banchang Pharmacy,Independent,Pharmacy (independent),TARGET,,"46/2 Sukhumvit Road, Tambon Ban Chang",Amphoe Ban Chang,Chon Buri,12.7246363,101.0543313,pharmacy,5,1,,Monday: 9:00 AM – 10:00 PM | Tuesday: 9:00 AM – 10:00 PM | Wednesday: 9:00 AM – 10:00 PM | Thursday: 9:00 AM – 10:00 PM | Friday: 9:00 AM – 10:00 PM | Saturday: Closed | Sunday: 9:00 AM – 10:00 PM,,"['pharmacy', 'health', 'point_of_interest', 'store', 'establishment']","46/2 Sukhumvit Road, Tambon Ban Chang, Amphoe Ban Chang",0,Active,0,0,FALSE,scraped,0,Chon Buri,YES,
ChIJSd3uZZ3vAjER9awM9WaG9lM,ChIJSd3uZZ3vAjER9awM9WaG9lM,Jaroensook Pharmacy,Independent,Pharmacy (independent),TARGET,,"2, 13 Nong Wa, Tambon Huai Pong",เมือง,Chon Buri,12.7552467,101.1397966,pharmacy,5,4,094 951 9651,Monday: 8:00 AM – 9:00 PM | Tuesday: 8:00 AM – 9:00 PM | Wednesday: 8:00 AM – 9:00 PM | Thursday: 8:00 AM – 9:00 PM | Friday: 8:00 AM – 9:00 PM | Saturday: 8:00 AM – 9:00 PM | Sunday: 8:00 AM – 9:00 PM,,"['pharmacy', 'health', 'store', 'point_of_interest', 'establishment']","2, 13 Nong Wa, Tambon Huai Pong, เมือง",0,Active,0,0,FALSE,scraped,0,Chon Buri,YES,
ChIJEyjEGmmNAjER5bbqmuAj07g,ChIJEyjEGmmNAjER5bbqmuAj07g,ซุ้มNOSLEEP,Independent (no name keyword),Pharmacy (independent),TARGET,,"PV2V+6C8, Soi Sataheep Sukumvit 27, Tambon Sattahip",Amphoe Sattahip,Chon Buri,12.7005411,100.8935765,pharmacy,0,0,,,,"['pharmacy', 'health', 'store', 'point_of_interest', 'establishment']","PV2V+6C8, Soi Sataheep Sukumvit 27, Tambon Sattahip, Amphoe Sattahip",0,Active,0,0,FALSE,scraped,0,Chon Buri,YES,
ChIJrf0-QoKOAjERCtc2tJYUUjY,ChIJrf0-QoKOAjERCtc2tJYUUjY,Pharmacy Manas,Independent,Pharmacy (independent),TARGET,,Sukhumvit Road,Amphoe Sattahip,Chon Buri,12.6872566,100.8929454,pharmacy,4.7,6,,Monday: 8:00 AM – 9:00 PM | Tuesday: 8:00 AM – 9:00 PM | Wednesday: 8:00 AM – 9:00 PM | Thursday: 8:00 AM – 9:00 PM | Friday: 8:00 AM – 9:00 PM | Saturday: 8:00 AM – 9:00 PM | Sunday: 8:00 AM – 9:00 PM,https://business.google.com/b/105939264936646805801/dashboard/l/00550877820614530393?hl=en,"['pharmacy', 'health', 'store', 'point_of_interest', 'establishment']","Sukhumvit Road, Amphoe Sattahip",0,Active,0,0,FALSE,scraped,0,Chon Buri,YES,
ChIJvZ56Y52OAjERHfk1EA-IQWg,ChIJvZ56Y52OAjERHfk1EA-IQWg,Montri Pharmacy,Independent,Pharmacy (independent),TARGET,,"12, Tambon Sattahip",Amphoe Sattahip,Chon Buri,12.7049866,100.8899361,pharmacy,0,0,,,,"['pharmacy', 'health', 'store', 'point_of_interest', 'establishment']","12, Tambon Sattahip, Amphoe Sattahip",0,Active,0,0,FALSE,scraped,0,Chon Buri,YES,
ChIJpUIZq86NAjERtEQPj4haPZM,ChIJpUIZq86NAjERtEQPj4haPZM,ศิริเภสัช (Pharmacy store ),เภสัช (Independent),Pharmacy (independent),TARGET,,"สัตหีบ, 20/19",Amphoe Sattahip,Chon Buri,12.6836977,100.904567,pharmacy,5,1,092 057 0323,Monday: 9:00 AM – 10:00 PM | Tuesday: 9:00 AM – 10:00 PM | Wednesday: 9:00 AM – 10:00 PM | Thursday: 9:00 AM – 10:00 PM | Friday: 9:00 AM – 10:00 PM | Saturday: 9:00 AM – 10:00 PM | Sunday: 9:00 AM – 10:00 PM,,"['pharmacy', 'health', 'store', 'point_of_interest', 'establishment']","สัตหีบ, 20/19, Amphoe Sattahip",0,Active,0,0,FALSE,scraped,0,Chon Buri,YES,
ChIJ3SKPlB-MAjER8bY650mrkJ0,ChIJ3SKPlB-MAjER8bY650mrkJ0,Kor Mor. 1 Khai Ya,Independent (no name keyword),Pharmacy (independent),TARGET,,"171, 87 Sukhumvit Road, Tambon Sattahip",Amphoe Sattahip,Chon Buri,12.6734325,100.8978446,pharmacy,5,1,038 438 322,,,"['pharmacy', 'health', 'store', 'point_of_interest', 'establishment']","171, 87 Sukhumvit Road, Tambon Sattahip, Amphoe Sattahip",0,Active,0,0,FALSE,scraped,0,Chon Buri,YES,
ChIJvU8qK36OAjERbVgxnty8-8c,ChIJvU8qK36OAjERbVgxnty8-8c,Pharmacy,"Independent (named ""Pharmacy"")",Pharmacy (independent),TARGET,,"PV9Q+92G, Sattahip",Sattahip District,Chon Buri,12.71843,100.8875724,pharmacy,5,1,,Monday: 7:00 AM – 9:00 PM | Tuesday: 7:00 AM – 9:00 PM | Wednesday: 7:00 AM – 9:00 PM | Thursday: 7:00 AM – 9:00 PM | Friday: 7:00 AM – 9:00 PM | Saturday: 7:00 AM – 9:00 PM | Sunday: 7:00 AM – 9:00 PM,,"['pharmacy', 'health', 'store', 'point_of_interest', 'establishment']","PV9Q+92G, Sattahip, Sattahip District",0,Active,0,0,FALSE,scraped,0,Chon Buri,YES,
ChIJT4jlf_iLAjER9r3sTJo9zLc,ChIJT4jlf_iLAjER9r3sTJo9zLc,Suphap Pharmacy,Independent,Pharmacy (independent),TARGET,,"33/1, Moo 8, Sukhumvit Road, Tambon Sattahip, Amphoe Sattahip, Chon Buri",20180,Chon Buri,12.6723707,100.8987966,pharmacy,0,0,038 437 236,,,"['pharmacy', 'health', 'store', 'point_of_interest', 'establishment']","33/1, Moo 8, Sukhumvit Road, Tambon Sattahip, Amphoe Sattahip, Chon Buri, 20180",0,Active,0,0,FALSE,scraped,0,Chon Buri,YES,
ChIJbW6Si-39AjERoUMt_rdJRng,ChIJbW6Si-39AjERoUMt_rdJRng,"ร้านขายยา Pharmily & ส่งพัสดุ Flash HOME (药店, 약국, 薬局, pharmacy) เข้าร่วมโครงการไทยช่วยไทยพลัส 60/40",Independent,Pharmacy (independent),TARGET,,ล็อค A-007 89/8 หมู่1,Amphoe Ban Khai,Chon Buri,12.734506,101.280441,pharmacy,5,8,064 119 3958,Monday: 9:00 AM – 9:00 PM | Tuesday: 9:00 AM – 9:00 PM | Wednesday: 9:00 AM – 9:00 PM | Thursday: 9:00 AM – 9:00 PM | Friday: 9:00 AM – 9:00 PM | Saturday: 9:00 AM – 9:00 PM | Sunday: Closed,https://line.me/ti/p/LBdH9kNaB7,"['pharmacy', 'health', 'point_of_interest', 'store', 'establishment']","ล็อค A-007 89/8 หมู่1, Amphoe Ban Khai",0,Active,0,0,FALSE,scraped,0,Chon Buri,YES,
ChIJsdHXHIT6AjERNergG931qQk,ChIJsdHXHIT6AjERNergG931qQk,Ban Mor Ya,Independent (no name keyword),Pharmacy (independent),TARGET,,Mueang Rayong District,Chon Buri,Chon Buri,12.7123006,101.1681613,pharmacy,5,1,081 816 5459,Monday: 6:30 AM – 8:30 PM | Tuesday: 6:30 AM – 8:30 PM | Wednesday: 6:30 AM – 8:30 PM | Thursday: 6:30 AM – 8:30 PM | Friday: 6:30 AM – 8:30 PM | Saturday: 6:30 AM – 8:30 PM | Sunday: 6:30 AM – 8:30 PM,,"['pharmacy', 'health', 'store', 'point_of_interest', 'establishment']",Mueang Rayong District,0,Active,0,0,FALSE,scraped,0,Chon Buri,YES,
ChIJuz_2ioP6AjERkym-cVtro-E,ChIJuz_2ioP6AjERkym-cVtro-E,Chai Eua Dispensary,Independent (dispensary),Pharmacy (independent),TARGET,,Mueang Rayong District,Chon Buri,Chon Buri,12.7136296,101.1672758,pharmacy,5,2,,,,"['pharmacy', 'health', 'store', 'point_of_interest', 'establishment']",Mueang Rayong District,0,Active,0,0,FALSE,scraped,0,Chon Buri,YES,
ChIJB7rS9S_7AjER4QwZYliuABw,ChIJB7rS9S_7AjER4QwZYliuABw,ร้านยา108ฟาร์มาซี (108 Pharmacy),ร้านยา (Independent),Pharmacy (independent),TARGET,,"เลขที่ 1 ถนน, Tambon Noen Phra",เมือง,Chon Buri,12.6838291,101.2385321,pharmacy,5,2,,Monday: 9:00 AM – 8:45 PM | Tuesday: 9:00 AM – 8:45 PM | Wednesday: 9:00 AM – 8:45 PM | Thursday: 9:00 AM – 8:45 PM | Friday: 9:00 AM – 8:45 PM | Saturday: 9:00 AM – 8:45 PM | Sunday: 9:00 AM – 8:45 PM,,"['pharmacy', 'health', 'point_of_interest', 'store', 'establishment']","เลขที่ 1 ถนน, Tambon Noen Phra, เมือง",0,Active,0,0,FALSE,scraped,0,Chon Buri,YES,
ChIJ62nyG-n7AjERpyC0pqggo5g,ChIJ62nyG-n7AjERpyC0pqggo5g,ร้านขายยาดับบลิว ฟาร์มาซี (W Pharmacy),Independent,Pharmacy (independent),TARGET,,"333, 42 ถนน ราษฎร์บำรุง",เมือง,Chon Buri,12.6764251,101.2412583,pharmacy,5,2,,Monday: 10:00 AM – 10:00 PM | Tuesday: 10:00 AM – 10:00 PM | Wednesday: 10:00 AM – 10:00 PM | Thursday: 10:00 AM – 10:00 PM | Friday: 10:00 AM – 10:00 PM | Saturday: 10:00 AM – 10:00 PM | Sunday: 10:00 AM – 10:00 PM,,"['pharmacy', 'health', 'point_of_interest', 'store', 'establishment']","333, 42 ถนน ราษฎร์บำรุง, เมือง",0,Active,0,0,FALSE,scraped,0,Chon Buri,YES,
ChIJU6L4ibaTAjERoXseujmLwRU,ChIJU6L4ibaTAjERoXseujmLwRU,Niwat Pharmacy,Independent,Pharmacy (independent),TARGET,,"109, 9",Amphoe Sattahip,Chon Buri,12.8143956,100.9156868,pharmacy,4.6,10,080 293 6653,Monday: 7:00 AM – 8:00 PM | Tuesday: 7:00 AM – 8:00 PM | Wednesday: 7:00 AM – 8:00 PM | Thursday: 7:00 AM – 8:00 PM | Friday: 7:00 AM – 8:00 PM | Saturday: 7:00 AM – 8:00 PM | Sunday: 7:00 AM – 8:00 PM,,"['pharmacy', 'health', 'store', 'point_of_interest', 'establishment']","109, 9, Amphoe Sattahip",0,Active,0,0,FALSE,scraped,0,Chon Buri,YES,
ChIJcevD1rmTAjEReUM5PUCh5EM,ChIJcevD1rmTAjEReUM5PUCh5EM,Dpharmacy Ban Amphoe,Independent,Pharmacy (independent),TARGET,,Thailand,Chon Buri,Chon Buri,12.8192815,100.9161918,pharmacy,4.8,6,095 167 1812,Monday: 8:00 AM – 8:00 PM | Tuesday: 8:00 AM – 8:00 PM | Wednesday: 8:00 AM – 8:00 PM | Thursday: 8:00 AM – 8:00 PM | Friday: 8:00 AM – 8:00 PM | Saturday: 8:00 AM – 8:00 PM | Sunday: 8:00 AM – 8:00 PM,,"['pharmacy', 'health', 'store', 'point_of_interest', 'establishment']",Thailand,0,Active,0,0,FALSE,scraped,0,Chon Buri,YES,
ChIJifi3_v3iAjER2Md-xhA51-o,ChIJifi3_v3iAjER2Md-xhA51-o,Charoen Phesat,Independent (no name keyword),Pharmacy (independent),TARGET,,"304 Prachanimitsuk Road, Tambon Ban Khai",Amphoe Ban Khai,Chon Buri,12.7854331,101.2979012,pharmacy,0,0,038 641 038,Monday: 7:30 AM – 8:00 PM | Tuesday: 7:30 AM – 8:00 PM | Wednesday: 7:30 AM – 8:00 PM | Thursday: 7:30 AM – 8:00 PM | Friday: 7:30 AM – 8:00 PM | Saturday: 7:30 AM – 8:00 PM | Sunday: 7:30 AM – 8:00 PM,,"['pharmacy', 'health', 'point_of_interest', 'store', 'establishment']","304 Prachanimitsuk Road, Tambon Ban Khai, Amphoe Ban Khai",0,Active,0,0,FALSE,scraped,0,Chon Buri,YES,
ChIJVcoMNPziAjERAewK55Hm0mw,ChIJVcoMNPziAjERAewK55Hm0mw,Rungrueng Osot,Independent (no name keyword),Pharmacy (independent),TARGET,,"Q8P2+38C, Ban Khai",Ban Khai District,Chon Buri,12.7851781,101.3007507,pharmacy,4,2,095 249 7649,Monday: 7:30 AM – 5:00 PM | Tuesday: 7:30 AM – 5:00 PM | Wednesday: 7:30 AM – 5:00 PM | Thursday: 7:30 AM – 5:00 PM | Friday: 7:30 AM – 5:00 PM | Saturday: 7:30 AM – 5:00 PM | Sunday: Closed,,"['pharmacy', 'health', 'point_of_interest', 'store', 'establishment']","Q8P2+38C, Ban Khai, Ban Khai District",0,Active,0,0,FALSE,scraped,0,Chon Buri,YES,
ChIJr5cOmzvlAjERpdJWXXcAPpE,ChIJr5cOmzvlAjERpdJWXXcAPpE,ร้านยาเก้าโอสถ Kao Pharmacy,ร้านยา (Independent),Pharmacy (independent),TARGET,,"Q5MG+GWX, Map Kha",Nikhom Phatthana District,Chon Buri,12.783868,101.1773549,pharmacy,5,2,081 646 4714,Monday: 8:00 AM – 8:00 PM | Tuesday: 8:00 AM – 8:00 PM | Wednesday: 8:00 AM – 8:00 PM | Thursday: 8:00 AM – 8:00 PM | Friday: 8:00 AM – 8:00 PM | Saturday: 8:00 AM – 8:00 PM | Sunday: 8:00 AM – 8:00 PM,https://www.facebook.com/profile.php?id=61551427825754,"['pharmacy', 'health', 'point_of_interest', 'store', 'establishment']","Q5MG+GWX, Map Kha, Nikhom Phatthana District",0,Active,0,0,FALSE,scraped,0,Chon Buri,YES,
ChIJvy0jRpyVAjER5_M8DcXvzlo,ChIJvy0jRpyVAjER5_M8DcXvzlo,ร้านขายยา ห้วยใหญ่ฟาร์มาซี PHARMACY,Independent,Pharmacy (independent),TARGET,,Bang Lamung District,Chon Buri,Chon Buri,12.8617316,100.9494892,pharmacy,3,2,083 077 4124,Monday: 8:00 AM – 9:00 PM | Tuesday: 8:00 AM – 9:00 PM | Wednesday: 8:00 AM – 9:00 PM | Thursday: 8:00 AM – 9:00 PM | Friday: 8:00 AM – 9:00 PM | Saturday: 8:00 AM – 9:00 PM | Sunday: 8:00 AM – 9:00 PM,,"['pharmacy', 'health', 'point_of_interest', 'store', 'establishment']",Bang Lamung District,0,Active,0,0,FALSE,scraped,0,Chon Buri,YES,
ChIJZ0nvv7CUAjERxCvytx6JDBE,ChIJZ0nvv7CUAjERxCvytx6JDBE,Oranoot Pharmacy,Independent,Pharmacy (independent),TARGET,,"61 Moo 6, Huayyai",Bang Lamung,Chon Buri,12.8663431,100.9707499,pharmacy,4.3,6,082 469 4500,Monday: 6:30 AM – 8:00 PM | Tuesday: 6:30 AM – 8:00 PM | Wednesday: 6:30 AM – 8:00 PM | Thursday: 6:30 AM – 8:00 PM | Friday: 6:30 AM – 8:00 PM | Saturday: 6:30 AM – 8:00 PM | Sunday: 6:30 AM – 8:00 PM,,"['pharmacy', 'health', 'point_of_interest', 'store', 'establishment']","61 Moo 6, Huayyai, Bang Lamung",0,Active,0,0,FALSE,scraped,0,Chon Buri,YES,
ChIJ9Ty9hNOZAjERrNPRyhDOJR0,ChIJ9Ty9hNOZAjERrNPRyhDOJR0,Pharmacy Instagram: Vall.pro,Independent,Pharmacy (independent),TARGET,,Pier,Amphoe Bang Lamung,Chon Buri,12.9226548,100.7883492,pharmacy,5,7,,,,"['pharmacy', 'health', 'store', 'point_of_interest', 'establishment']","Pier, Amphoe Bang Lamung",0,Active,0,0,FALSE,scraped,0,Chon Buri,YES,
ChIJB-GtSZKXAjERjhi32knxWjI,ChIJB-GtSZKXAjERjhi32knxWjI,ร้านขายยา อลิซ ฟาร์มาซี Alyzpharmacy,Independent,Pharmacy (independent),TARGET,,"352/754 พระตำหนักซอย 4 ตำบลหนองปรือ อำเภอบางละมุง จังหวัดชลบุรี 20150 หนองปรือ, Muang Pattaya",Amphoe Bang Lamung,Chon Buri,12.9150997,100.862008,pharmacy,5,3,091 870 5165,Monday: 8:00 AM – 11:55 PM | Tuesday: 8:00 AM – 11:55 PM | Wednesday: 8:00 AM – 11:55 PM | Thursday: 8:00 AM – 11:55 PM | Friday: 8:00 AM – 11:55 PM | Saturday: 8:00 AM – 11:55 PM | Sunday: 8:00 AM – 11:55 PM,,"['pharmacy', 'health', 'point_of_interest', 'store', 'establishment']","352/754 พระตำหนักซอย 4 ตำบลหนองปรือ อำเภอบางละมุง จังหวัดชลบุรี 20150 หนองปรือ, Muang Pattaya, Amphoe Bang Lamung",0,Active,0,0,FALSE,scraped,0,Chon Buri,YES,
ChIJ9RCvYeeVAjERKpZQmGgb0So,ChIJ9RCvYeeVAjERKpZQmGgb0So,KPN PHARMACY Аптека,Independent,Pharmacy (independent),TARGET,,"ร้านยา เคพีเอ็น KPN PHARMACY, 338/361 พรตำหนักซอย 5",Amphoe Bang Lamung,Chon Buri,12.9128865,100.8632527,pharmacy,5,27,096 975 9106,,,"['pharmacy', 'health', 'point_of_interest', 'store', 'establishment']","ร้านยา เคพีเอ็น KPN PHARMACY, 338/361 พรตำหนักซอย 5, Amphoe Bang Lamung",0,Temporarily Closed,0,0,FALSE,scraped,0,Chon Buri,YES,
ChIJt31FNT-XAjERCUSRllK_-lM,ChIJt31FNT-XAjERCUSRllK_-lM,Jitniyom Pharmacy,Independent,Pharmacy (independent),TARGET,,"396, 9",Amphoe Bang Lamung,Chon Buri,12.9208212,100.8615159,pharmacy,3.1,9,038 199 369,Monday: 9:30 AM – 9:30 PM | Tuesday: 9:30 AM – 9:30 PM | Wednesday: 9:30 AM – 9:30 PM | Thursday: 9:30 AM – 9:30 PM | Friday: 9:30 AM – 9:30 PM | Saturday: 9:30 AM – 9:30 PM | Sunday: 9:30 AM – 9:30 PM,,"['pharmacy', 'health', 'point_of_interest', 'store', 'establishment']","396, 9, Amphoe Bang Lamung",0,Active,0,0,FALSE,scraped,0,Chon Buri,YES,
ChIJzfh5VjWXAjER68iqjKFz41Y,ChIJzfh5VjWXAjER68iqjKFz41Y,Good Wealth Pharmacy Pratumnak Pattaya (ร้านยา กู๊ดเวลท์ ฟาร์มาซี),ร้านยา (Independent),Pharmacy (independent),TARGET,,338/364 หมู่ 12,Amphoe Bang Lamung,Chon Buri,12.9129863,100.8635418,pharmacy,5,1,083 265 6569,Monday: 10:00 AM – 11:00 PM | Tuesday: 10:00 AM – 11:00 PM | Wednesday: 10:00 AM – 11:00 PM | Thursday: 10:00 AM – 11:00 PM | Friday: 10:00 AM – 11:00 PM | Saturday: 10:00 AM – 11:00 PM | Sunday: 10:00 AM – 11:00 PM,,"['pharmacy', 'health', 'point_of_interest', 'store', 'establishment']","338/364 หมู่ 12, Amphoe Bang Lamung",0,Active,0,0,FALSE,scraped,0,Chon Buri,YES,
ChIJif7TAFCXAjEREFNMXIEnxzY,ChIJif7TAFCXAjEREFNMXIEnxzY,Pharmacy,"Independent (named ""Pharmacy"")",Pharmacy (independent),TARGET,,Pattaya City,Bang Lamung District,Chon Buri,12.9207479,100.8621795,pharmacy,4.6,14,038 250 260,Monday: 10:00 AM – 11:00 PM | Tuesday: 10:00 AM – 11:00 PM | Wednesday: 10:00 AM – 11:00 PM | Thursday: 10:00 AM – 11:00 PM | Friday: 10:00 AM – 11:00 PM | Saturday: 10:00 AM – 11:00 PM | Sunday: 10:00 AM – 11:00 PM,,"['pharmacy', 'health', 'point_of_interest', 'store', 'establishment']","Pattaya City, Bang Lamung District",0,Active,0,0,FALSE,scraped,0,Chon Buri,YES,
ChIJzSgiVlyWAjER4QCR0lvKaoM,ChIJzSgiVlyWAjER4QCR0lvKaoM,Good will pharmacy,Independent,Pharmacy (independent),TARGET,,WV57+JQ3,Bang Lamung District,Chon Buri,12.9090158,100.8644317,pharmacy,4.8,12,,Monday: 8:00 AM – 12:00 AM | Tuesday: 8:00 AM – 12:00 AM | Wednesday: 8:00 AM – 12:00 AM | Thursday: 8:00 AM – 12:00 AM | Friday: 8:00 AM – 12:00 AM | Saturday: 8:00 AM – 12:00 AM | Sunday: 8:00 AM – 12:00 AM,,"['pharmacy', 'health', 'point_of_interest', 'store', 'establishment']","WV57+JQ3, Bang Lamung District",0,Active,0,0,FALSE,scraped,0,Chon Buri,YES,
ChIJ1cZBBF2WAjERrt6VTgYVkCU,ChIJ1cZBBF2WAjERrt6VTgYVkCU,Oshi Pharmacy,Independent,Pharmacy (independent),TARGET,,"5 Thanon Thap Phraya, หนองปรือ",Amphoe Bang Lamung,Chon Buri,12.9094772,100.8653455,pharmacy,3.6,5,,,,"['pharmacy', 'health', 'point_of_interest', 'store', 'establishment']","5 Thanon Thap Phraya, หนองปรือ, Amphoe Bang Lamung",0,Active,0,0,FALSE,scraped,0,Chon Buri,YES,
ChIJu2KVKwCXAjERehtv5FIOjjs,ChIJu2KVKwCXAjERehtv5FIOjjs,Sonia cosmetic,Independent (no name keyword),Pharmacy (independent),TARGET,,"หนองปรือ, 354/417, 12 ซอยพัทยาปาร์ค",Amphoe Bang Lamung,Chon Buri,12.9096731,100.8655919,pharmacy,0,0,,Monday: 10:00 AM – 12:00 AM | Tuesday: 10:00 AM – 12:00 AM | Wednesday: 10:00 AM – 12:00 AM | Thursday: 10:00 AM – 12:00 AM | Friday: 10:00 AM – 12:00 AM | Saturday: 10:00 AM – 12:00 AM | Sunday: 10:00 AM – 12:00 AM,,"['pharmacy', 'health', 'point_of_interest', 'store', 'establishment']","หนองปรือ,354/417, 12 ซอยพัทยาปาร์ค, Amphoe Bang Lamung",0,Active,0,0,FALSE,scraped,0,Chon Buri,YES,
ChIJV_4bp4eXAjER1GUpomZU-Dg,ChIJV_4bp4eXAjER1GUpomZU-Dg,Kattika pharmacy(pattaya park branch),Independent,Pharmacy (independent),TARGET,,"354, 30 Village No. 12, Subdistrict",Amphoe Bang Lamung,Chon Buri,12.9095789,100.8661376,pharmacy,4,94,088 563 3602,Monday: 8:00 AM – 12:00 AM | Tuesday: 8:00 AM – 12:00 AM | Wednesday: 8:00 AM – 12:00 AM | Thursday: 8:00 AM – 12:00 AM | Friday: 8:00 AM – 12:00 AM | Saturday: 8:00 AM – 12:00 AM | Sunday: 8:00 AM – 12:00 AM,https://sites.google.com/view/kattikapharmacy/home,"['pharmacy', 'health', 'point_of_interest', 'store', 'establishment']","354, 30 Village No. 12, Subdistrict, Amphoe Bang Lamung",0,Active,0,0,FALSE,scraped,0,Chon Buri,YES,
ChIJrW0xYACXAjERhphIP4rmezQ,ChIJrW0xYACXAjERhphIP4rmezQ,Mega Pharmacy,Independent,Pharmacy (independent),TARGET,,"354, ต, 179",Amphoe Bang Lamung,Chon Buri,12.9096932,100.8663341,pharmacy,4.9,13,082 455 6635,Monday: 8:00 AM – 11:30 PM | Tuesday: 8:00 AM – 11:30 PM | Wednesday: 8:00 AM – 11:30 PM | Thursday: 8:00 AM – 11:30 PM | Friday: 8:00 AM – 11:30 PM | Saturday: 8:00 AM – 11:30 PM | Sunday: 8:00 AM – 11:30 PM,,"['pharmacy', 'health', 'point_of_interest', 'store', 'establishment']","354, ต, 179, Amphoe Bang Lamung",0,Active,0,0,FALSE,scraped,0,Chon Buri,YES,
ChIJB0xVaKuXAjERSj1w2c5UZS8,ChIJB0xVaKuXAjERSj1w2c5UZS8,DR.JEN Pharmacy (Pratumnak Mountain Branch) ร้านยาด็อกเตอร์เจน ฟาร์มาซี สาขาเขาพระตำหนัก аптека в Паттайе 药店,Independent,Pharmacy (independent),TARGET,,"540, 203 หมู่ที่ 12 Phra Tamnak",Amphoe Bang Lamung,Chon Buri,12.9141769,100.8666617,pharmacy,5,78,064 021 8598,Monday: 8:00 AM – 12:00 AM | Tuesday: 8:00 AM – 12:00 AM | Wednesday: 8:00 AM – 12:00 AM | Thursday: 8:00 AM – 12:00 AM | Friday: 8:00 AM – 12:00 AM | Saturday: 8:00 AM – 12:00 AM | Sunday: 8:00 AM – 12:00 AM,,"['pharmacy', 'health', 'point_of_interest', 'store', 'establishment']","540, 203 หมู่ที่ 12 Phra Tamnak, Amphoe Bang Lamung",0,Active,0,0,FALSE,scraped,0,Chon Buri,YES,
ChIJxQdi46WXAjER0EdXSg4_WkU,ChIJxQdi46WXAjER0EdXSg4_WkU,ร้านขายยา 药店 Pharmacy,Independent,Pharmacy (independent),TARGET,,"WV69+X4C, Pattaya City",Bang Lamung District,Chon Buri,12.9124393,100.8677792,pharmacy,4.6,14,,,,"['pharmacy', 'health', 'point_of_interest', 'store', 'establishment']","WV69+X4C, Pattaya City, Bang Lamung District",0,Temporarily Closed,0,0,FALSE,scraped,0,Chon Buri,YES,
ChIJpzAU9_2UAjERUwAiCl5MdI8,ChIJpzAU9_2UAjERUwAiCl5MdI8,SNUNUOW PHARMACY,Independent,Pharmacy (independent),TARGET,,"VWWR+RQ8, Soi Nongmaikaen, Muang Pattaya",Amphoe Bang Lamung,Chon Buri,12.8970371,100.9419566,pharmacy,5,1,,,,"['pharmacy', 'health', 'store', 'point_of_interest', 'establishment']","VWWR+RQ8, Soi Nongmaikaen, Muang Pattaya, Amphoe Bang Lamung",0,Active,0,0,FALSE,scraped,0,Chon Buri,YES,
ChIJUzv7O3aVAjERjkXd6eM_NXI,ChIJUzv7O3aVAjERjkXd6eM_NXI,HUANGYAI PHARMACY,Independent,Pharmacy (independent),TARGET,,"WWHP+3JC, Porn Prapa Nimit 22, Muang Pattaya",Amphoe Bang Lamung,Chon Buri,12.9276945,100.9365089,pharmacy,0,0,,,,"['pharmacy', 'health', 'store', 'point_of_interest', 'establishment']","WWHP+3JC, Porn Prapa Nimit 22, Muang Pattaya, Amphoe Bang Lamung",0,Active,0,0,FALSE,scraped,0,Chon Buri,YES,
ChIJ40OoYI2VAjERPVt_spxX_F0,ChIJ40OoYI2VAjERPVt_spxX_F0,SJ Phramacy,Independent (no name keyword),Pharmacy (independent),TARGET,,"5/32 Thanon Pornprapanimit, Muang Pattaya",Amphoe Bang Lamung,Chon Buri,12.9320418,100.9400122,pharmacy,0,0,,,,"['pharmacy', 'health', 'store', 'point_of_interest', 'establishment']","5/32 Thanon Pornprapanimit, Muang Pattaya, Amphoe Bang Lamung",0,Active,0,0,FALSE,scraped,0,Chon Buri,YES,
ChIJyUn6lEWXAjERdGo3xd_gl28,ChIJyUn6lEWXAjERdGo3xd_gl28,PLOYFANY PHARMACY (ร้านยาพลอยฟานี่ ฟาร์มาซี) 药店 Аптека,Independent,Pharmacy (independent),TARGET,,"1/4 Moo.7, Pornprapanimit road ติดโลตัส สี่แยกมิตรกมล (Mit-Ka-Mon Intersection, Next door of Lotus",อำเภอบางละมุง,Chon Buri,12.932374,100.9393004,pharmacy,4.9,24,086 115 5633,Monday: 9:00 AM – 9:00 PM | Tuesday: 9:00 AM – 9:00 PM | Wednesday: 9:00 AM – 9:00 PM | Thursday: 9:00 AM – 9:00 PM | Friday: 9:00 AM – 9:00 PM | Saturday: 9:00 AM – 9:00 PM | Sunday: 9:00 AM – 9:00 PM,https://www.facebook.com/ployfanypharmacy/,"['pharmacy', 'health', 'store', 'point_of_interest', 'establishment']","1/4 Moo.7, Pornprapanimit road ติดโลตัส สี่แยกมิตรกมล (Mit-Ka-Mon Intersection, Next door of Lotus, อำเภอบางละมุง",0,Active,0,0,FALSE,scraped,0,Chon Buri,YES,
ChIJkceNH1bnAjERXe-w4pRR2AQ,ChIJkceNH1bnAjERXe-w4pRR2AQ,ร้านขายยา มาดีเมด (Madee Med Drug Store By Pharmacist),Independent (no name keyword),Pharmacy (independent),TARGET,,Mae Nam Khu,Pluak Daeng District,Chon Buri,12.9275055,101.2251566,pharmacy,5,4,095 162 8124,Monday: 9:00 AM – 10:00 PM | Tuesday: 3:30 – 10:00 PM | Wednesday: 9:00 AM – 10:00 PM | Thursday: 9:00 AM – 10:00 PM | Friday: 3:30 – 10:00 PM | Saturday: 9:00 AM – 10:00 PM | Sunday: 9:00 AM – 10:00 PM,https://web.facebook.com/madeemed2023,"['pharmacy', 'health', 'point_of_interest', 'store', 'establishment']","Mae Nam Khu, Pluak Daeng District",0,Active,0,0,FALSE,scraped,0,Chon Buri,YES,
ChIJmxjsdQDnAjERvZdVOJc9v1M,ChIJmxjsdQDnAjERvZdVOJc9v1M,The Mint ม้าคึกยันหว่าง,Independent (no name keyword),Pharmacy (independent),TARGET,,"พื้นที่ปลูกป่าอ่างดอกกราย MSC, Tambon Mae Nam Khu",Amphoe Pluak Daeng,Chon Buri,12.9016737,101.2099573,pharmacy,0,0,,,,"['pharmacy', 'health', 'point_of_interest', 'store', 'establishment']","พื้นที่ปลูกป่าอ่างดอกกราย MSC, Tambon Mae Nam Khu, Amphoe Pluak Daeng",0,Active,0,0,FALSE,scraped,0,Chon Buri,YES,
ChIJQTCz8_j9AjER1fgQBKGMr54,ChIJQTCz8_j9AjER1fgQBKGMr54,กระปุกโอสถ สาขาตลาดมิดไนท์ (หลัง central ระยอง),Independent (no name keyword),Pharmacy (independent),TARGET,,"84, 39",เมือง,Chon Buri,12.6916906,101.2683692,pharmacy,5,3,082 692 2929,Monday: 10:00 AM – 9:00 PM | Tuesday: 10:00 AM – 9:00 PM | Wednesday: 10:00 AM – 9:00 PM | Thursday: 10:00 AM – 9:00 PM | Friday: 10:00 AM – 9:00 PM | Saturday: 10:00 AM – 9:00 PM | Sunday: 10:00 AM – 9:00 PM,,"['pharmacy', 'health', 'store', 'point_of_interest', 'establishment']","84, 39, เมือง",0,Active,0,0,FALSE,scraped,0,Chon Buri,YES,
ChIJF8SY5kD8AjER1NO01dz-up4,ChIJF8SY5kD8AjER1NO01dz-up4,Osothsomboon,Independent (no name keyword),Pharmacy (independent),TARGET,,"7, 16 Sukhumvit Road",เมือง,Chon Buri,12.6807897,101.2839404,pharmacy,5,3,038 611 020,Monday: 9:00 AM – 6:00 PM | Tuesday: 9:00 AM – 6:00 PM | Wednesday: 9:00 AM – 6:00 PM | Thursday: 9:00 AM – 6:00 PM | Friday: 9:00 AM – 6:00 PM | Saturday: 9:00 AM – 6:00 PM | Sunday: Closed,https://m.facebook.com/osothsomboon/,"['pharmacy', 'health', 'point_of_interest', 'store', 'establishment']","7, 16 Sukhumvit Road, เมือง",0,Active,0,0,FALSE,scraped,0,Chon Buri,YES,
ChIJwfJu8Gn9AjERvn0BqacruzM,ChIJwfJu8Gn9AjERvn0BqacruzM,ไออุ่นเภสัช (I-Oun Pharmacy),เภสัช (Independent),Pharmacy (independent),TARGET,,"2061 1/466 ม.3 ต.ทับมา, เทศบาลนครระยอง",อำเภอเมืองระยอง,Chon Buri,12.6943588,101.2651808,pharmacy,5,9,061 274 8214,Monday: 9:00 AM – 9:00 PM | Tuesday: 9:00 AM – 9:00 PM | Wednesday: 9:00 AM – 9:00 PM | Thursday: 9:00 AM – 9:00 PM | Friday: 9:00 AM – 9:00 PM | Saturday: 9:00 AM – 9:00 PM | Sunday: 9:00 AM – 9:00 PM,,"['pharmacy', 'health', 'point_of_interest', 'store', 'establishment']","2061 1/466 ม.3 ต.ทับมา, เทศบาลนครระยอง, อำเภอเมืองระยอง",0,Active,0,0,FALSE,scraped,0,Chon Buri,YES,
ChIJ65-oG3z7AjERU2lcChLls9w,ChIJ65-oG3z7AjERU2lcChLls9w,Pharmapro Tubma,Independent (no name keyword),Pharmacy (independent),TARGET,,"65, 1",เมือง,Chon Buri,12.6980114,101.2600665,pharmacy,5,1,080 794 1746,Monday: 9:00 AM – 9:00 PM | Tuesday: 9:00 AM – 9:00 PM | Wednesday: 9:00 AM – 9:00 PM | Thursday: 9:00 AM – 9:00 PM | Friday: 9:00 AM – 9:00 PM | Saturday: 9:00 AM – 9:00 PM | Sunday: 9:00 AM – 9:00 PM,,"['pharmacy', 'health', 'point_of_interest', 'store', 'establishment']","65, 1, เมือง",0,Active,0,0,FALSE,scraped,0,Chon Buri,YES,
ChIJq6qqqrb9AjERKnn4XxHBg8I,ChIJq6qqqrb9AjERKnn4XxHBg8I,แผนก ALRL,Independent (no name keyword),Pharmacy (independent),TARGET,,Mueang Rayong District,Chon Buri,Chon Buri,12.6837419,101.3034028,pharmacy,0,0,,,,"['pharmacy', 'health', 'point_of_interest', 'store', 'establishment']",Mueang Rayong District,0,Active,0,0,FALSE,scraped,0,Chon Buri,YES,
ChIJlx_5fBHAAjERz74D9eMXnUo,ChIJlx_5fBHAAjERz74D9eMXnUo,Porn Thep Pharmacy,Independent,Pharmacy (independent),TARGET,,"109/2, Moo 1, Tambon Khao Mai Kaeo, Amphoe Bang Lamung, Chon Buri",20150,Chon Buri,12.957219,100.995373,pharmacy,3.5,2,038 309 244,,,"['pharmacy', 'health', 'store', 'point_of_interest', 'establishment']","109/2, Moo 1, Tambon Khao Mai Kaeo, Amphoe Bang Lamung, Chon Buri, 20150",0,Active,0,0,FALSE,scraped,0,Chon Buri,YES,
ChIJYegzhAjAAjERwTdmvMaip0M,ChIJYegzhAjAAjERwTdmvMaip0M,Niyom Osot,Independent (no name keyword),Pharmacy (independent),TARGET,,"15/5, Moo 2, Tambon Pong, Amphoe Bang Lamung, Chon Buri",20150,Chon Buri,12.9526965,100.9840239,pharmacy,5,1,038 734 878,,,"['pharmacy', 'health', 'store', 'point_of_interest', 'establishment']","15/5, Moo 2, Tambon Pong, Amphoe Bang Lamung, Chon Buri, 20150",0,Active,0,0,FALSE,scraped,0,Chon Buri,YES,
ChIJNwzEDPHDAjERu-gCoVCu1bM,ChIJNwzEDPHDAjERu-gCoVCu1bM,ร้านขายยามาดี เมดิซิน Madee Medicine Drug Store 药店 (Pluak Daeng),Independent (no name keyword),Pharmacy (independent),TARGET,,"69, ร้านขายยาหน้าซีเจมอร์ sc วังตาผิน, 92 ม.4, ต.ปลวกแดง",Amphoe Pluak Daeng,Chon Buri,12.9799985,101.1940517,pharmacy,4.8,6,081 514 9882,Monday: 7:30 AM – 10:00 PM | Tuesday: 7:30 AM – 10:00 PM | Wednesday: 7:30 AM – 10:00 PM | Thursday: 7:30 AM – 10:00 PM | Friday: 7:30 AM – 10:00 PM | Saturday: 7:30 AM – 10:00 PM | Sunday: 7:30 AM – 10:00 PM,http://facebook.com/madeemed2023,"['pharmacy', 'health', 'point_of_interest', 'store', 'establishment']","69, ร้านขายยาหน้าซีเจมอร์ sc วังตาผิน, 92 ม.4, ต.ปลวกแดง, Amphoe Pluak Daeng",0,Active,0,0,FALSE,scraped,0,Chon Buri,YES,
ChIJ0WGOWa7dAjERQFrQ90sRogk,ChIJ0WGOWa7dAjERQFrQ90sRogk,Prasert Medicine,Independent (no name keyword),Pharmacy (independent),TARGET,,"X698+F85, Pluak Daeng",Pluak Daeng District,Chon Buri,12.968638,101.215866,pharmacy,4,1,,,,"['pharmacy', 'health', 'point_of_interest', 'store', 'establishment']","X698+F85, Pluak Daeng, Pluak Daeng District",0,Active,0,0,FALSE,scraped,0,Chon Buri,YES,
ChIJEa2_VwCVAjERpX2K8xT9ot0,ChIJEa2_VwCVAjERpX2K8xT9ot0,ร้านยาเวลน์ฟาร์ม WELLNPHARM DRUGSTORE,ร้านยา (Independent),Pharmacy (independent),TARGET,,130/9,อำเภอสัตหีบ,Chon Buri,12.8602773,100.899635,pharmacy,4.8,25,065 670 9969,Monday: 9:30 AM – 9:00 PM | Tuesday: 9:30 AM – 9:00 PM | Wednesday: 9:30 AM – 9:00 PM | Thursday: 9:30 AM – 9:00 PM | Friday: 9:30 AM – 9:00 PM | Saturday: 9:30 AM – 9:00 PM | Sunday: 9:30 AM – 9:00 PM,,"['pharmacy', 'health', 'point_of_interest', 'store', 'establishment']","130/9, อำเภอสัตหีบ",0,Active,0,0,FALSE,scraped,0,Chon Buri,YES,
ChIJrxIkTwCVAjERBhxBpmbfXE4,ChIJrxIkTwCVAjERBhxBpmbfXE4,ร้านยาเม็ดยาฟาร์ม่า : MedyaPharma Pharmacy,ร้านยา (Independent),Pharmacy (independent),TARGET,,"65, 1 Soi Na Jom Tien 2, Tambon Na Chom Thian",Amphoe Sattahip,Chon Buri,12.8646566,100.9017095,pharmacy,5,27,088 646 2542,Monday: 9:30 AM – 9:30 PM | Tuesday: 9:30 AM – 9:30 PM | Wednesday: 9:30 AM – 9:30 PM | Thursday: 9:30 AM – 9:30 PM | Friday: 9:30 AM – 9:30 PM | Saturday: 9:30 AM – 9:30 PM | Sunday: 9:30 AM – 9:30 PM,,"['pharmacy', 'health', 'point_of_interest', 'store', 'establishment']","65, 1 Soi Na Jom Tien 2, Tambon Na Chom Thian, Amphoe Sattahip",0,Active,0,0,FALSE,scraped,0,Chon Buri,YES,
ChIJ1dnTB5mTAjERGRNr3nYQcdM,ChIJ1dnTB5mTAjERGRNr3nYQcdM,"Healthy Viva , Co Ltd.",Independent (no name keyword),Pharmacy (independent),TARGET,,"Soi Na Jomtien 8, Tambon Na Chom Thian",Amphoe Sattahip,Chon Buri,12.851165,100.9016653,pharmacy,0,0,,,,"['pharmacy', 'health', 'point_of_interest', 'store', 'establishment']","Soi Na Jomtien 8, Tambon Na Chom Thian, Amphoe Sattahip",0,Active,0,0,FALSE,scraped,0,Chon Buri,YES,
ChIJobcQFgCVAjERHwNt18xoAqk,ChIJobcQFgCVAjERHwNt18xoAqk,3Pharmacy (Pattaya float market),Independent,Pharmacy (independent),TARGET,,"451, 304 หมู่ที่ 12 Sukhumvit Road, ตำบล บางละมุง",Amphoe Bang Lamung,Chon Buri,12.8677967,100.904751,pharmacy,5,1,,Monday: 8:30 AM – 7:00 PM | Tuesday: 8:30 AM – 7:00 PM | Wednesday: 8:30 AM – 7:00 PM | Thursday: 8:30 AM – 7:00 PM | Friday: 8:30 AM – 7:00 PM | Saturday: 8:30 AM – 7:00 PM | Sunday: 8:30 AM – 7:00 PM,,"['pharmacy', 'health', 'point_of_interest', 'store', 'establishment']","451, 304 หมู่ที่ 12 Sukhumvit Road, ตำบล บางละมุง, Amphoe Bang Lamung",0,Active,0,0,FALSE,scraped,0,Chon Buri,YES,
ChIJ3bnewKCWAjERIEDP7_J3fbY,ChIJ3bnewKCWAjERIEDP7_J3fbY,Siri Pharmacy,Independent,Pharmacy (independent),TARGET,,"VVCQ+WGC, Jomtiensaineung Road, Muang Pattaya",Amphoe Bang Lamung,Chon Buri,12.8723103,100.8887639,pharmacy,3,23,,Monday: 7:00 AM – 12:00 AM | Tuesday: 7:00 AM – 12:00 AM | Wednesday: 7:00 AM – 12:00 AM | Thursday: 7:00 AM – 12:00 AM | Friday: 7:00 AM – 12:00 AM | Saturday: 7:00 AM – 12:00 AM | Sunday: 7:00 AM – 12:00 AM,,"['pharmacy', 'health', 'point_of_interest', 'store', 'establishment']","VVCQ+WGC, Jomtiensaineung Road, Muang Pattaya, Amphoe Bang Lamung",0,Active,0,0,FALSE,scraped,0,Chon Buri,YES,
ChIJiYd3X8GVAjERcfaNQyzOeuw,ChIJiYd3X8GVAjERcfaNQyzOeuw,SIRI Pharmacy 2,Independent,Pharmacy (independent),TARGET,,324/58,Amphoe Bang Lamung,Chon Buri,12.8791988,100.892032,pharmacy,3.6,20,084 103 3011,Monday: 7:00 AM – 12:00 AM | Tuesday: 7:00 AM – 12:00 AM | Wednesday: 7:00 AM – 12:00 AM | Thursday: 7:00 AM – 12:00 AM | Friday: 7:00 AM – 12:00 AM | Saturday: 7:00 AM – 12:00 AM | Sunday: 7:00 AM – 12:00 AM,,"['pharmacy', 'health', 'point_of_interest', 'store', 'establishment']","324/58, Amphoe Bang Lamung",0,Active,0,0,FALSE,scraped,0,Chon Buri,YES,
ChIJG__IYyCUAjER7NUhuahgRYw,ChIJG__IYyCUAjER7NUhuahgRYw,Jomtien Sahakan,Independent (no name keyword),Pharmacy (independent),TARGET,,"131/60-61, Moo 12, Soi Chaiyapruek, Tambon Nong Prue, Amphoe Bang Lamung, Chon Buri",20150,Chon Buri,12.879354,100.891292,pharmacy,5,1,038 232 402,,,"['pharmacy', 'health', 'point_of_interest', 'store', 'establishment']","131/60-61, Moo 12, Soi Chaiyapruek, Tambon Nong Prue, Amphoe Bang Lamung, Chon Buri, 20150",0,Active,0,0,FALSE,scraped,0,Chon Buri,YES,
ChIJ10VdJAWVAjERFGdnOf7cMPc,ChIJ10VdJAWVAjERFGdnOf7cMPc,ร้านขายยานาวซ์ดรักส์ Nowzdrugs - Nowz Drugs Pattaya Pharmacy 药店 มี Flash Express จุดรับส่งพัสดุ และ Delivery,Independent,Pharmacy (independent),TARGET,,Thanon Chaiyaphruek,Amphoe Bang Lamung,Chon Buri,12.879889,100.894658,pharmacy,4.7,60,084 677 1749,Monday: 6:00 AM – 12:00 AM | Tuesday: 6:00 AM – 12:00 AM | Wednesday: 6:00 AM – 12:00 AM | Thursday: 6:00 AM – 12:00 AM | Friday: 6:00 AM – 12:00 AM | Saturday: 6:00 AM – 12:00 AM | Sunday: 6:00 AM – 12:00 AM,http://www.facebook.com/nowzdrugspattaya,"['pharmacy', 'drugstore', 'health', 'point_of_interest', 'store', 'establishment']","Thanon Chaiyaphruek, Amphoe Bang Lamung",0,Active,0,0,FALSE,scraped,0,Chon Buri,YES,
ChIJl0p9z-rtAjERBe3tyTmqaOg,ChIJl0p9z-rtAjERBe3tyTmqaOg,ร้านยา Wellness ห้วยใหญ่ ข้างศาลเจ้าพ่อเห่าดง,ร้านยา (Independent),Pharmacy (independent),TARGET,,"58/15 Moo 1, เมืองพัทยา",อำเภอบางละมุง,Chon Buri,12.8584191,100.9182246,pharmacy,4.6,17,062 375 9799,Monday: 7:00 AM – 9:00 PM | Tuesday: 7:00 AM – 9:00 PM | Wednesday: 7:00 AM – 9:00 PM | Thursday: 7:00 AM – 9:00 PM | Friday: 7:00 AM – 9:00 PM | Saturday: 8:00 AM – 9:00 PM | Sunday: 10:00 AM – 9:00 PM,https://www.facebook.com/wellnessdrug/,"['pharmacy', 'health', 'point_of_interest', 'store', 'establishment']","58/15 Moo 1, เมืองพัทยา, อำเภอบางละมุง",0,Active,0,0,FALSE,scraped,0,Chon Buri,YES,
ChIJobHcuqyTAjERLUxKIhO5r0I,ChIJobHcuqyTAjERLUxKIhO5r0I,Embassy Pharmacy,Independent,Pharmacy (independent),TARGET,,"RWR6+C95, Na Chom Thian",Sattahip District,Chon Buri,12.8410155,100.9109851,pharmacy,4.3,15,065 698 7894,Monday: 9:00 AM – 10:00 PM | Tuesday: 9:00 AM – 10:00 PM | Wednesday: 9:00 AM – 10:00 PM | Thursday: 9:00 AM – 10:00 PM | Friday: 9:00 AM – 10:00 PM | Saturday: 9:00 AM – 10:00 PM | Sunday: 9:00 AM – 10:00 PM,,"['pharmacy', 'health', 'point_of_interest', 'store', 'establishment']","RWR6+C95, Na Chom Thian, Sattahip District",0,Active,0,0,FALSE,scraped,0,Chon Buri,YES,
ChIJc-R5yE6XAjERn3qcWJRKKWc,ChIJc-R5yE6XAjERn3qcWJRKKWc,Jomtien Drug Center,Independent (no name keyword),Pharmacy (independent),TARGET,,"VVHM+CQG, Pattaya City",Bang Lamung District,Chon Buri,12.8784634,100.8843512,pharmacy,2.8,34,,Monday: 7:00 AM – 12:00 AM | Tuesday: 7:00 AM – 12:00 AM | Wednesday: 7:00 AM – 12:00 AM | Thursday: 7:00 AM – 12:00 AM | Friday: 7:00 AM – 12:00 AM | Saturday: 7:00 AM – 12:00 AM | Sunday: 7:00 AM – 12:00 AM,,"['pharmacy', 'health', 'point_of_interest', 'store', 'establishment']","VVHM+CQG, Pattaya City, Bang Lamung District",0,Active,0,0,FALSE,scraped,0,Chon Buri,YES,
ChIJ89w5EJa_AjER1kY-UswqdeE,ChIJ89w5EJa_AjER1kY-UswqdeE,ร้านขายยา มานา ฟาร์มาซี (MaNa Pharmacy),Independent,Pharmacy (independent),TARGET,,"118/30, Tambon Takhian Tia",Amphoe Bang Lamung,Chon Buri,13.0321409,100.946349,pharmacy,5,2,098 491 8483,Monday: 9:00 AM – 9:00 PM | Tuesday: 9:00 AM – 9:00 PM | Wednesday: 9:00 AM – 9:00 PM | Thursday: 9:00 AM – 9:00 PM | Friday: 9:00 AM – 9:00 PM | Saturday: 9:00 AM – 9:00 PM | Sunday: Closed,,"['pharmacy', 'health', 'point_of_interest', 'store', 'establishment']","118/30, Tambon Takhian Tia, Amphoe Bang Lamung",0,Active,0,0,FALSE,scraped,0,Chon Buri,YES,
ChIJ_dcctg6_AjERFwt5m5XpIV8,ChIJ_dcctg6_AjERFwt5m5XpIV8,ร้านยาเจที - JT Pharmacy,ร้านยา (Independent),Pharmacy (independent),TARGET,,"233, บางละมุง",Amphoe Bang Lamung,Chon Buri,13.0204291,100.9361024,pharmacy,5,3,061 528 8988,Monday: 7:00 AM – 10:00 PM | Tuesday: 7:00 AM – 10:00 PM | Wednesday: 7:00 AM – 10:00 PM | Thursday: 7:00 AM – 10:00 PM | Friday: 7:00 AM – 10:00 PM | Saturday: 7:00 AM – 10:00 PM | Sunday: 7:00 AM – 10:00 PM,,"['pharmacy', 'health', 'point_of_interest', 'store', 'establishment']","233, บางละมุง, Amphoe Bang Lamung",0,Active,0,0,FALSE,scraped,0,Chon Buri,YES,
ChIJDx1CVwXEAjERnkUTfa342ww,ChIJDx1CVwXEAjERnkUTfa342ww,BowinBhaesach,Independent (no name keyword),Pharmacy (independent),TARGET,,"271, 107",Amphoe Si Racha,Chon Buri,13.038143,101.0820196,pharmacy,4.5,14,038 346 038,Monday: 7:00 AM – 9:00 PM | Tuesday: 7:00 AM – 9:00 PM | Wednesday: 7:00 AM – 9:00 PM | Thursday: 7:00 AM – 9:00 PM | Friday: 7:00 AM – 9:00 PM | Saturday: 7:00 AM – 9:00 PM | Sunday: 7:00 AM – 9:00 PM,,"['pharmacy', 'health', 'point_of_interest', 'store', 'establishment']","271, 107, Amphoe Si Racha",0,Active,0,0,FALSE,scraped,0,Chon Buri,YES,
ChIJY662BG3HAjERJ7l5N2eXmR8,ChIJY662BG3HAjERJ7l5N2eXmR8,ร้านขายยาเลิศเจริญเภสัช 药店 PHARMACY,เภสัช (Independent),Pharmacy (independent),TARGET,,31/23 หมู่ที่ 1,Amphoe Si Racha,Chon Buri,13.0292812,101.0557117,pharmacy,5,4,061 647 9074,Monday: 7:00 AM – 8:00 PM | Tuesday: 7:00 AM – 8:00 PM | Wednesday: 7:00 AM – 8:00 PM | Thursday: 7:00 AM – 8:00 PM | Friday: 7:00 AM – 8:00 PM | Saturday: 7:00 AM – 8:00 PM | Sunday: 7:00 AM – 8:00 PM,,"['pharmacy', 'health', 'point_of_interest', 'store', 'establishment']","31/23 หมู่ที่ 1, Amphoe Si Racha",0,Active,0,0,FALSE,scraped,0,Chon Buri,YES,
ChIJKUQ0UG7FAjERQMQ_Q5lZr1o,ChIJKUQ0UG7FAjERQMQ_Q5lZr1o,รวมยา โป่งสะเก็ด (Ruamya PongSaket Pharmacy),Independent,Pharmacy (independent),TARGET,,"256, 514",Amphoe Si Racha,Chon Buri,13.0090236,101.0710488,pharmacy,0,0,086 491 5265,Monday: 7:00 AM – 9:00 PM | Tuesday: 7:00 AM – 9:00 PM | Wednesday: 7:00 AM – 9:00 PM | Thursday: 7:00 AM – 9:00 PM | Friday: 7:00 AM – 9:00 PM | Saturday: 7:00 AM – 9:00 PM | Sunday: 7:00 AM – 9:00 PM,,"['pharmacy', 'health', 'point_of_interest', 'store', 'establishment']","256, 514, Amphoe Si Racha",0,Active,0,0,FALSE,scraped,0,Chon Buri,YES,
ChIJIS1Hs3vDAjERbia6l18s50s,ChIJIS1Hs3vDAjERbia6l18s50s,Ekdee Pharmacy,Independent,Pharmacy (independent),TARGET,,"231, 8, Tambon Bo Win",เมือง,Chon Buri,13.0123291,101.0861775,pharmacy,0,0,095 550 6428,Monday: 8:00 AM – 10:00 PM | Tuesday: 8:00 AM – 10:00 PM | Wednesday: 8:00 AM – 10:00 PM | Thursday: 8:00 AM – 10:00 PM | Friday: 8:00 AM – 10:00 PM | Saturday: 8:00 AM – 10:00 PM | Sunday: 8:00 AM – 10:00 PM,https://www.facebook.com/aekdee.pharm,"['pharmacy', 'health', 'point_of_interest', 'store', 'establishment']","231, 8, Tambon Bo Win, เมือง",0,Active,0,0,FALSE,scraped,0,Chon Buri,YES,
ChIJ168HMx_bAjERrpXHWiZr-ZY,ChIJ168HMx_bAjERrpXHWiZr-ZY,Toko Suplemen Ayam,Independent (no name keyword),Pharmacy (independent),TARGET,,"25QQ+Q29, Rural Road Chon Buri 5068, Tambon Khao Khan Song",Amphoe Si Racha,Chon Buri,13.039415,101.1876189,pharmacy,0,0,,,,"['pharmacy', 'health', 'store', 'point_of_interest', 'establishment']","25QQ+Q29, Rural Road Chon Buri 5068, Tambon Khao Khan Song, Amphoe Si Racha",0,Active,0,0,FALSE,scraped,0,Chon Buri,YES,
ChIJy3qJYmTBAjER2QjglLqAmYk,ChIJy3qJYmTBAjER2QjglLqAmYk,ร้านขายยา กระปุกยา ฟาร์มาซี-Kapookya Pharmacy วงเวียนสันติคาม,Independent,Pharmacy (independent),TARGET,,"3, 11 หมู่ 4 วงเวียนสันติคาม",Amphoe Bang Lamung,Chon Buri,12.983928,100.9644401,pharmacy,0,0,085 096 3790,Monday: 4:30 – 8:30 PM | Tuesday: 4:30 – 8:30 PM | Wednesday: 4:30 – 8:30 PM | Thursday: 4:30 – 8:30 PM | Friday: 4:30 – 8:30 PM | Saturday: 4:30 – 8:30 PM | Sunday: 4:30 – 8:30 PM,,"['pharmacy', 'health', 'point_of_interest', 'store', 'establishment']","3, 11 หมู่ 4 วงเวียนสันติคาม, Amphoe Bang Lamung",0,Active,0,0,FALSE,scraped,0,Chon Buri,YES,
ChIJSXcFIay_AjERuu26BmrehqE,ChIJSXcFIay_AjERuu26BmrehqE,ใบบุญฟาร์มาซี Baiboone pharmacy,Independent,Pharmacy (independent),TARGET,,"21, 41 หมู่8 Nong Pla Lai",Amphoe Bang Lamung,Chon Buri,12.9826138,100.9332693,pharmacy,5,1,,Monday: 8:00 AM – 10:30 PM | Tuesday: 8:00 AM – 10:30 PM | Wednesday: 8:00 AM – 10:30 PM | Thursday: 8:00 AM – 10:30 PM | Friday: 8:00 AM – 11:30 PM | Saturday: 8:00 AM – 10:30 PM | Sunday: 8:00 AM – 10:30 PM,,"['pharmacy', 'health', 'point_of_interest', 'store', 'establishment']","21, 41 หมู่8 Nong Pla Lai, Amphoe Bang Lamung",0,Active,0,0,FALSE,scraped,0,Chon Buri,YES,
ChIJh-tg3Xe5AjERwHZu-uY004I,ChIJh-tg3Xe5AjERwHZu-uY004I,Mai Industrial Co Ltd,Independent (no name keyword),Pharmacy (independent),TARGET,,"3WH3+X6C, Thung Sukhla",Si Racha District,Chon Buri,13.0799417,100.9030311,pharmacy,0,0,,,,"['pharmacy', 'health', 'store', 'point_of_interest', 'establishment']","3WH3+X6C, Thung Sukhla, Si Racha District",0,Active,0,0,FALSE,scraped,0,Chon Buri,YES,
ChIJvzNTyKK5AjER1QN2AZHUgZM,ChIJvzNTyKK5AjER1QN2AZHUgZM,PQ Chemical,Independent (no name keyword),Pharmacy (independent),TARGET,,"53 20230, ถนน อัสสัมชัญ, ตำบลทุ่งสุขลา",อำเภอศรีราชา,Chon Buri,13.0908772,100.9144262,pharmacy,4.4,8,,,,"['pharmacy', 'health', 'store', 'point_of_interest', 'establishment']","53 20230, ถนน อัสสัมชัญ, ตำบลทุ่งสุขลา, อำเภอศรีราชา",0,Active,0,0,FALSE,scraped,0,Chon Buri,YES,
ChIJT8TLmaO5AjERcrQDD4CR01s,ChIJT8TLmaO5AjERcrQDD4CR01s,Ya Mujarin,Independent (no name keyword),Pharmacy (independent),TARGET,,"4/222, Moo 10, Sukhumvit Road, Tambon Thung Sukhla, Amphoe Si Racha, Chon Buri",20110,Chon Buri,13.0878335,100.9173305,pharmacy,0,0,089 936 7508,,,"['pharmacy', 'health', 'store', 'point_of_interest', 'establishment']","4/222, Moo 10, Sukhumvit Road, Tambon Thung Sukhla, Amphoe Si Racha, Chon Buri, 20110",0,Active,0,0,FALSE,scraped,0,Chon Buri,YES,
ChIJ03JekKO5AjERYIJAteOl3gk,ChIJ03JekKO5AjERYIJAteOl3gk,Sin Sawang Suk Phesat,Independent (no name keyword),Pharmacy (independent),TARGET,,"1, Sukhumvit Road, Tambon Thung Sukhla",Amphoe Si Racha,Chon Buri,13.08765,100.917685,pharmacy,5,1,038 771 190,,,"['pharmacy', 'health', 'store', 'point_of_interest', 'establishment']","1, Sukhumvit Road, Tambon Thung Sukhla, Amphoe Si Racha",0,Active,0,0,FALSE,scraped,0,Chon Buri,YES,
ChIJFesKMaO5AjERslonf8uWkfQ,ChIJFesKMaO5AjERslonf8uWkfQ,Ya Anan,Independent (no name keyword),Pharmacy (independent),TARGET,,"3WR8+9J9, 167/4, Moo 7, Sukhumvit Road, Tambon Thung Sukhla, Amphoe Si Racha, Chon Buri, 20110, ตำบลทุ่งสุขลา",อำเภอศรีราชา,Chon Buri,13.09089,100.916612,pharmacy,0,0,038 766 429,,,"['pharmacy', 'health', 'store', 'point_of_interest', 'establishment']","3WR8+9J9, 167/4, Moo 7, Sukhumvit Road, Tambon Thung Sukhla, Amphoe Si Racha, Chon Buri, 20110, ตำบลทุ่งสุขลา, อำเภอศรีราชา",0,Active,0,0,FALSE,scraped,0,Chon Buri,YES,
ChIJRRvwFeOVAjERcCXSKJV9s4I,ChIJRRvwFeOVAjERcCXSKJV9s4I,Prima Pharmacy - ร้านขายยา พรีม่า,Independent,Pharmacy (independent),TARGET,,"55/128 ซอยอรุโณทัย หมู่9, หนองปรือ",อำเภอบางละมุง,Chon Buri,12.931924,100.894281,pharmacy,4.7,3,083 269 9419,Monday: 8:00 AM – 10:00 PM | Tuesday: 8:00 AM – 10:00 PM | Wednesday: 8:00 AM – 10:00 PM | Thursday: 8:00 AM – 10:00 PM | Friday: 8:00 AM – 10:00 PM | Saturday: 8:00 AM – 10:00 PM | Sunday: 8:00 AM – 10:00 PM,http://www.facebook.com/primafarmcare,"['pharmacy', 'drugstore', 'gym', 'health', 'point_of_interest', 'store', 'establishment']","55/128 ซอยอรุโณทัย หมู่9, หนองปรือ, อำเภอบางละมุง",0,Active,0,0,FALSE,scraped,0,Chon Buri,YES,
ChIJf0aTDgaWAjERk8uOuTdzfhQ,ChIJf0aTDgaWAjERk8uOuTdzfhQ,Chan Pharmacy,Independent,Pharmacy (independent),TARGET,,"WVMP+V3C, Pattaya City",Bang Lamung District,Chon Buri,12.9346886,100.8851307,pharmacy,5,1,,,,"['pharmacy', 'health', 'point_of_interest', 'store', 'establishment']","WVMP+V3C, Pattaya City, Bang Lamung District",0,Active,0,0,FALSE,scraped,0,Chon Buri,YES,
ChIJF_Aot3uWAjERnNX19U_THls,ChIJF_Aot3uWAjERnNX19U_THls,Thep Prasit Pharmacy,Independent,Pharmacy (independent),TARGET,,WV5M+45F,Bang Lamung District,Chon Buri,12.9078144,100.8829141,pharmacy,5,1,038 300 153,,,"['pharmacy', 'health', 'point_of_interest', 'store', 'establishment']","WV5M+45F, Bang Lamung District",0,Active,0,0,FALSE,scraped,0,Chon Buri,YES,
ChIJTbAmNdmVAjERmX6GVsTvBlY,ChIJTbAmNdmVAjERmX6GVsTvBlY,P&F super drug,Independent (no name keyword),Pharmacy (independent),TARGET,,"41 Sukhumvit Road, Muang Pattaya",Amphoe Bang Lamung,Chon Buri,12.9162057,100.8944202,pharmacy,0,0,,Monday: 10:00 AM – 9:00 PM | Tuesday: 10:00 AM – 9:00 PM | Wednesday: 10:00 AM – 9:00 PM | Thursday: 10:00 AM – 9:00 PM | Friday: 10:00 AM – 9:00 PM | Saturday: 10:00 AM – 9:00 PM | Sunday: 10:00 AM – 9:00 PM,,"['pharmacy', 'health', 'point_of_interest', 'store', 'establishment']","41 Sukhumvit Road, Muang Pattaya, Amphoe Bang Lamung",0,Active,0,0,FALSE,scraped,0,Chon Buri,YES,
ChIJ92A1oteVAjERoohnB9Qxeeo,ChIJ92A1oteVAjERoohnB9Qxeeo,Focus Pharmacy,Independent,Pharmacy (independent),TARGET,,189/81-82 ม.11,Amphoe Bang Lamung,Chon Buri,12.9091187,100.8926696,pharmacy,4,6,083 776 0592,Monday: 9:00 AM – 11:00 PM | Tuesday: 9:00 AM – 11:00 PM | Wednesday: 9:00 AM – 11:00 PM | Thursday: 9:00 AM – 11:00 PM | Friday: 9:00 AM – 11:00 PM | Saturday: 9:00 AM – 11:00 PM | Sunday: 9:00 AM – 11:00 PM,https://line.me/ti/p/00hItPT_Oz,"['pharmacy', 'health', 'point_of_interest', 'store', 'establishment']","189/81-82 ม.11, Amphoe Bang Lamung",0,Active,0,0,FALSE,scraped,0,Chon Buri,YES,
ChIJJQ-Ftd6VAjERXWvVHc76wbY,ChIJJQ-Ftd6VAjERXWvVHc76wbY,Mor Seng Herb Shop,Independent (no name keyword),Pharmacy (independent),TARGET,,"WV8V+JR4, Pattaya City",Bang Lamung District,Chon Buri,12.9165082,100.8945797,pharmacy,0,0,038 411 311,,http://www.morsengherbthailand.com/,"['pharmacy', 'health', 'point_of_interest', 'store', 'establishment']","WV8V+JR4, Pattaya City, Bang Lamung District",0,Active,0,0,FALSE,scraped,0,Chon Buri,YES,
ChIJSzUfv9eVAjERj9AbpEuTSvQ,ChIJSzUfv9eVAjERj9AbpEuTSvQ,Kitiyakon Pharmacy,Independent,Pharmacy (independent),TARGET,,WV5R+MP5,Bang Lamung District,Chon Buri,12.9091403,100.8918648,pharmacy,3,1,,,,"['pharmacy', 'health', 'store', 'point_of_interest', 'establishment']","WV5R+MP5, Bang Lamung District",0,Temporarily Closed,0,0,FALSE,scraped,0,Chon Buri,YES,
ChIJtXWU1ImVAjERLzrCaZwxkcU,ChIJtXWU1ImVAjERLzrCaZwxkcU,Herbal house pattaya บ. สมุนไพร,Independent (no name keyword),Pharmacy (independent),TARGET,,"373/28 Moo 10 Soi yensabai, 18 Pratamnak Road",Amphoe Bang Lamung,Chon Buri,12.90787,100.898899,pharmacy,0,0,,Monday: Open 24 hours | Tuesday: Open 24 hours | Wednesday: Open 24 hours | Thursday: Open 24 hours | Friday: Open 24 hours | Saturday: Open 24 hours | Sunday: Open 24 hours,,"['pharmacy', 'health', 'store', 'point_of_interest', 'establishment']","373/28 Moo 10 Soi yensabai, 18 Pratamnak Road, Amphoe Bang Lamung",0,Active,0,0,FALSE,scraped,0,Chon Buri,YES,
ChIJ_2sMTw-VAjERNgAMap96lds,ChIJ_2sMTw-VAjERNgAMap96lds,Fulfil Pharma Pattaya ร้านขายยาฟูลฟิลฟาร์ม่า,Independent (no name keyword),Pharmacy (independent),TARGET,,"296, 3",Amphoe Bang Lamung,Chon Buri,12.9168063,100.8990822,pharmacy,4.9,116,095 524 9166,Monday: 9:00 AM – 9:00 PM | Tuesday: 9:00 AM – 9:00 PM | Wednesday: 9:00 AM – 9:00 PM | Thursday: 9:00 AM – 9:00 PM | Friday: 9:00 AM – 9:00 PM | Saturday: 9:00 AM – 9:00 PM | Sunday: Closed,https://fulfilpharmapattaya.com/,"['pharmacy', 'health', 'store', 'point_of_interest', 'establishment']","296, 3, Amphoe Bang Lamung",0,Active,0,0,FALSE,scraped,0,Chon Buri,YES,
ChIJgR6jws-VAjERTtb2CsCwgI4,ChIJgR6jws-VAjERTtb2CsCwgI4,ปียาฟาร์มาซี (Pharmacy),Independent,Pharmacy (independent),TARGET,,"110, 74 หมู่ 11 Sukhumvit Road",Amphoe Bang Lamung,Chon Buri,12.9087289,100.902382,pharmacy,4.4,18,083 223 3254,Monday: Open 24 hours | Tuesday: Open 24 hours | Wednesday: Open 24 hours | Thursday: Open 24 hours | Friday: Open 24 hours | Saturday: Open 24 hours | Sunday: Open 24 hours,,"['pharmacy', 'health', 'store', 'point_of_interest', 'establishment']","110, 74 หมู่ 11 Sukhumvit Road, Amphoe Bang Lamung",0,Active,0,0,FALSE,scraped,0,Chon Buri,YES,
ChIJfRlvUHiWAjERGzHsKTbEPK0,ChIJfRlvUHiWAjERGzHsKTbEPK0,Sarocha Pharmacy,Independent,Pharmacy (independent),TARGET,,WV5Q+C7M,Bang Lamung District,Chon Buri,12.908577,100.888165,pharmacy,3.7,3,,,,"['pharmacy', 'health', 'store', 'point_of_interest', 'establishment']","WV5Q+C7M, Bang Lamung District",0,Active,0,0,FALSE,scraped,0,Chon Buri,YES,
ChIJeY4qYheVAjERRQZv6ZiVsP0,ChIJeY4qYheVAjERRQZv6ZiVsP0,Pharma Store ร้านขายยาฟาร์มาสโตร์,Independent (no name keyword),Pharmacy (independent),TARGET,,"113, Nungplue, 259-260 M.10 Khao Talo, Muang Pattaya",Amphoe Bang Lamung,Chon Buri,12.907755,100.9047799,pharmacy,5,3,064 226 6546,,https://www.facebook.com/ps.pharmastore,"['pharmacy', 'health', 'store', 'point_of_interest', 'establishment']","113, Nungplue, 259-260 M.10 Khao Talo, Muang Pattaya, Amphoe Bang Lamung",0,Temporarily Closed,0,0,FALSE,scraped,0,Chon Buri,YES,
ChIJmZ0pAMeXAjERVpcwgGL7LRs,ChIJmZ0pAMeXAjERVpcwgGL7LRs,ร้านขายยา กล่องยา Pharmabox พัทยาใต้,Independent (no name keyword),Pharmacy (independent),TARGET,,"164/59, หมู่ที่ 10, Khopai Road, หนองปรือ",Amphoe Bang Lamung,Chon Buri,12.9143274,100.8856428,pharmacy,5,7,095 491 2807,Monday: 2:00 – 11:00 PM | Tuesday: 2:00 – 11:00 PM | Wednesday: 2:00 – 11:00 PM | Thursday: 2:00 – 11:00 PM | Friday: 2:00 – 11:00 PM | Saturday: 2:00 – 11:00 PM | Sunday: 2:00 – 11:00 PM,https://lin.ee/mn1olmI,"['pharmacy', 'health', 'store', 'point_of_interest', 'establishment']","164/59, หมู่ที่ 10, Khopai Road, หนองปรือ, Amphoe Bang Lamung",0,Active,0,0,FALSE,scraped,0,Chon Buri,YES,
ChIJv2CYKHeWAjERMGbNxzREjhg,ChIJv2CYKHeWAjERMGbNxzREjhg,MANEE PHARMACY,Independent,Pharmacy (independent),TARGET,,WV7P+C4P,Bang Lamung District,Chon Buri,12.9135848,100.8853349,pharmacy,0,0,,,,"['pharmacy', 'health', 'store', 'point_of_interest', 'establishment']","WV7P+C4P, Bang Lamung District",0,Active,0,0,FALSE,scraped,0,Chon Buri,YES,
ChIJUf48b3SWAjER5YrPbHJ-BWM,ChIJUf48b3SWAjER5YrPbHJ-BWM,Athit Pharmacy,Independent,Pharmacy (independent),TARGET,,WV9P+F53,Bang Lamung District,Chon Buri,12.918649,100.8854152,pharmacy,2,2,,,,"['pharmacy', 'health', 'store', 'point_of_interest', 'establishment']","WV9P+F53, Bang Lamung District",0,Active,0,0,FALSE,scraped,0,Chon Buri,YES,
ChIJeQtZJHWWAjERiXhm1XLCh18,ChIJeQtZJHWWAjERiXhm1XLCh18,Phatthra Pharmacy,Independent,Pharmacy (independent),TARGET,,"WVCQ+G2V, Thanon Pattaya Tai",Amphoe Bang Lamung,Chon Buri,12.9213703,100.8875518,pharmacy,3.3,3,,,,"['pharmacy', 'health', 'point_of_interest', 'store', 'establishment']","WVCQ+G2V, Thanon Pattaya Tai, Amphoe Bang Lamung",0,Active,0,0,FALSE,scraped,0,Chon Buri,YES,
ChIJSyqw2XSWAjERAMWPokDlacE,ChIJSyqw2XSWAjERAMWPokDlacE,Sarot Pharmacy,Independent,Pharmacy (independent),TARGET,,WVCP+HWM,Bang Lamung District,Chon Buri,12.9214674,100.8872845,pharmacy,0,0,,,,"['pharmacy', 'health', 'point_of_interest', 'store', 'establishment']","WVCP+HWM, Bang Lamung District",0,Active,0,0,FALSE,scraped,0,Chon Buri,YES,
ChIJXSXngCOXAjERyiq0w_GTLDI,ChIJXSXngCOXAjERyiq0w_GTLDI,Puangphoo pharmacy ร้านขายยา พ่วงภู่เภสัช,เภสัช (Independent),Pharmacy (independent),TARGET,,"188, 20-21 หมู่ที่ 10 Phatthaya Tai 16",Amphoe Bang Lamung,Chon Buri,12.9228682,100.8883507,pharmacy,0,0,062 463 6633,Monday: 7:00 AM – 10:00 PM | Tuesday: 7:00 AM – 10:00 PM | Wednesday: 7:00 AM – 10:00 PM | Thursday: 7:00 AM – 10:00 PM | Friday: 7:00 AM – 10:00 PM | Saturday: 7:00 AM – 10:00 PM | Sunday: 7:00 AM – 10:00 PM,,"['pharmacy', 'health', 'point_of_interest', 'store', 'establishment']","188, 20-21 หมู่ที่ 10 Phatthaya Tai 16, Amphoe Bang Lamung",0,Active,0,0,FALSE,scraped,0,Chon Buri,YES,
ChIJzfHctnuWAjERJV2Dmu76VIE,ChIJzfHctnuWAjERJV2Dmu76VIE,PHARMACY,"Independent (named ""Pharmacy"")",Pharmacy (independent),TARGET,,WV5M+45P,Bang Lamung District,Chon Buri,12.9078253,100.8829608,pharmacy,4.4,5,,Monday: 8:00 AM – 12:00 AM | Tuesday: 8:00 AM – 12:00 AM | Wednesday: 8:00 AM – 12:00 AM | Thursday: 8:00 AM – 12:00 AM | Friday: 8:00 AM – 12:00 AM | Saturday: 8:00 AM – 12:00 AM | Sunday: 8:00 AM – 12:00 AM,,"['pharmacy', 'health', 'point_of_interest', 'store', 'establishment']","WV5M+45P, Bang Lamung District",0,Active,0,0,FALSE,scraped,0,Chon Buri,YES,
ChIJNWFJ932XAjERUQtE5nmwb6Q,ChIJNWFJ932XAjERUQtE5nmwb6Q,Star Pharmacy,Independent,Pharmacy (independent),TARGET,,"586, 116 soi korpai 4",Amphoe Bang Lamung,Chon Buri,12.9191233,100.884083,pharmacy,3.7,3,088 797 9572,Monday: 9:00 AM – 11:00 PM | Tuesday: 9:00 AM – 11:00 PM | Wednesday: 9:00 AM – 11:00 PM | Thursday: 9:00 AM – 11:00 PM | Friday: 9:00 AM – 11:00 PM | Saturday: 9:00 AM – 11:00 PM | Sunday: 9:00 AM – 11:00 PM,,"['pharmacy', 'health', 'point_of_interest', 'store', 'establishment']","586, 116 soi korpai 4, Amphoe Bang Lamung",0,Active,0,0,FALSE,scraped,0,Chon Buri,YES,
ChIJXfVmIl-VAjERvanDcQjE8QA,ChIJXfVmIl-VAjERvanDcQjE8QA,ร้านห้องยา เขาตาโล (Drug Room Khao Talo),Independent (no name keyword),Pharmacy (independent),TARGET,,"103, 61 หมู่ที่ 10 Sukhumvit Road",Amphoe Bang Lamung,Chon Buri,12.9079271,100.9089392,pharmacy,5,2,088 640 4622,Monday: 8:00 AM – 9:00 PM | Tuesday: 8:00 AM – 9:00 PM | Wednesday: 8:00 AM – 9:00 PM | Thursday: 8:00 AM – 9:00 PM | Friday: 8:00 AM – 9:00 PM | Saturday: 8:00 AM – 9:00 PM | Sunday: 8:00 AM – 9:00 PM,,"['pharmacy', 'health', 'point_of_interest', 'store', 'establishment']","103, 61 หมู่ที่ 10 Sukhumvit Road, Amphoe Bang Lamung",0,Active,0,0,FALSE,scraped,0,Chon Buri,YES,
ChIJYdOf8gqWAjERgxKB15yyi_I,ChIJYdOf8gqWAjERgxKB15yyi_I,DRUG STORE,Independent (no name keyword),Pharmacy (independent),TARGET,,WVFQ+RG3,Bang Lamung District,Chon Buri,12.9245039,100.8888031,pharmacy,3.7,3,,Monday: 8:00 AM – 12:00 AM | Tuesday: 8:00 AM – 12:00 AM | Wednesday: 8:00 AM – 12:00 AM | Thursday: 8:00 AM – 12:00 AM | Friday: 8:00 AM – 12:00 AM | Saturday: 8:00 AM – 12:00 AM | Sunday: 8:00 AM – 12:00 AM,,"['pharmacy', 'health', 'point_of_interest', 'store', 'establishment']","WVFQ+RG3, Bang Lamung District",0,Active,0,0,FALSE,scraped,0,Chon Buri,YES,
ChIJj1vhT8iVAjERhEzuRe-cKFg,ChIJj1vhT8iVAjERhEzuRe-cKFg,PHITAK PHARMACY 2,Independent,Pharmacy (independent),TARGET,,"WW56+483, Pattaya City",Bang Lamung District,Chon Buri,12.9077566,100.9108005,pharmacy,5,3,,Monday: 7:00 AM – 10:00 PM | Tuesday: 7:00 AM – 10:00 PM | Wednesday: 7:00 AM – 10:00 PM | Thursday: 7:00 AM – 10:00 PM | Friday: 7:00 AM – 10:00 PM | Saturday: 7:00 AM – 10:00 PM | Sunday: 7:00 AM – 10:00 PM,,"['pharmacy', 'health', 'point_of_interest', 'store', 'establishment']","WW56+483, Pattaya City, Bang Lamung District",0,Active,0,0,FALSE,scraped,0,Chon Buri,YES,
ChIJy-5ylPyXAjERTtj2cEmJ-hY,ChIJy-5ylPyXAjERTtj2cEmJ-hY,BB PHARMACY ร้านขายยา บีบี ฟาร์มาซี,Independent,Pharmacy (independent),TARGET,,"เลขที่ 62/188ม.10 Soi Thep Prasit 8, Muang Pattaya",Amphoe Bang Lamung,Chon Buri,12.911689,100.8800064,pharmacy,5,4,038 412 376,Monday: 8:00 AM – 11:00 PM | Tuesday: 8:00 AM – 11:00 PM | Wednesday: 8:00 AM – 11:00 PM | Thursday: 8:00 AM – 11:00 PM | Friday: 8:00 AM – 11:00 PM | Saturday: 8:00 AM – 11:00 PM | Sunday: 8:00 AM – 11:00 PM,https://line.me/ti/p/yp9XefaRyn,"['pharmacy', 'health', 'point_of_interest', 'store', 'establishment']","เลขที่ 62/188ม.10 Soi Thep Prasit 8, Muang Pattaya, Amphoe Bang Lamung",0,Active,0,0,FALSE,scraped,0,Chon Buri,YES,
ChIJGwpDDumVAjERVqabeJNbOaI,ChIJGwpDDumVAjERVqabeJNbOaI,GREEN DRUG,Independent (no name keyword),Pharmacy (independent),TARGET,,WWF4+X5V,Bang Lamung District,Chon Buri,12.92498,100.9054104,pharmacy,0,0,,,,"['pharmacy', 'health', 'point_of_interest', 'store', 'establishment']","WWF4+X5V, Bang Lamung District",0,Active,0,0,FALSE,scraped,0,Chon Buri,YES,
ChIJ2Xfp-HKWAjERkcuShbH6MKg,ChIJ2Xfp-HKWAjERkcuShbH6MKg,PHARMACY,"Independent (named ""Pharmacy"")",Pharmacy (independent),TARGET,,"Soi Kho Pai 4, Muang Pattaya",Amphoe Bang Lamung,Chon Buri,12.9197977,100.881388,pharmacy,5,13,,Monday: 3:00 – 9:00 PM | Tuesday: 3:00 – 9:00 PM | Wednesday: 3:00 – 9:00 PM | Thursday: 3:00 – 9:00 PM | Friday: 3:00 – 9:00 PM | Saturday: 3:00 – 9:00 PM | Sunday: Closed,,"['pharmacy', 'health', 'point_of_interest', 'store', 'establishment']","Soi Kho Pai 4, Muang Pattaya, Amphoe Bang Lamung",0,Active,0,0,FALSE,scraped,0,Chon Buri,YES,
ChIJQxziKQCXAjERznmvCn35VlI,ChIJQxziKQCXAjERznmvCn35VlI,ร้านคลังยาวนาสินธ์ (Wanasin phamacy shop),Independent (no name keyword),Pharmacy (independent),TARGET,,"19 123, Muang Pattaya",Amphoe Bang Lamung,Chon Buri,12.9134375,100.8792031,pharmacy,0,0,038 412 511,Monday: 6:30 AM – 10:30 PM | Tuesday: 6:30 AM – 10:30 PM | Wednesday: 6:30 AM – 10:30 PM | Thursday: 6:30 AM – 10:30 PM | Friday: 6:30 AM – 10:30 PM | Saturday: 6:30 AM – 10:30 PM | Sunday: 6:30 AM – 10:30 PM,,"['pharmacy', 'health', 'point_of_interest', 'store', 'establishment']","19 123, Muang Pattaya, Amphoe Bang Lamung",0,Active,0,0,FALSE,scraped,0,Chon Buri,YES,
ChIJS-u5_X_GAjERkZB889Tc3WM,ChIJS-u5_X_GAjERkZB889Tc3WM,SPTN Supply,Independent (no name keyword),Pharmacy (independent),TARGET,,"33FC+978, Bo Win",Si Racha District,Chon Buri,13.0734005,101.0707029,pharmacy,5,2,081 482 2036,Monday: 8:00 AM – 5:00 PM | Tuesday: 8:00 AM – 5:00 PM | Wednesday: 8:00 AM – 5:00 PM | Thursday: 8:00 AM – 5:00 PM | Friday: 8:00 AM – 5:00 PM | Saturday: 8:00 AM – 5:00 PM | Sunday: Closed,https://www.sptnsupply.com/,"['pharmacy', 'health', 'store', 'point_of_interest', 'establishment']","33FC+978, Bo Win, Si Racha District",0,Active,0,0,FALSE,scraped,0,Chon Buri,YES,
ChIJHw0O1K_DAjEREuUJa-55SDs,ChIJHw0O1K_DAjEREuUJa-55SDs,รวมยา สาขาเขาขยาย (Ruamya Khao Khayai Pharmacy),Independent,Pharmacy (independent),TARGET,,"275, 18, Tambon Bo Win",Amphoe Si Racha,Chon Buri,13.0534133,101.0615992,pharmacy,1,1,086 491 5265,Monday: 7:00 AM – 10:00 PM | Tuesday: 7:00 AM – 10:00 PM | Wednesday: 7:00 AM – 10:00 PM | Thursday: 7:00 AM – 10:00 PM | Friday: 7:00 AM – 10:00 PM | Saturday: 7:00 AM – 10:00 PM | Sunday: 7:00 AM – 10:00 PM,,"['pharmacy', 'health', 'store', 'point_of_interest', 'establishment']","275, 18, Tambon Bo Win, Amphoe Si Racha",0,Active,0,0,FALSE,scraped,0,Chon Buri,YES,
ChIJufHIhIfDAjERnig6Vzksr0I,ChIJufHIhIfDAjERnig6Vzksr0I,Thanatchaporn Pharmacy,Independent,Pharmacy (independent),TARGET,,"24 Prab Road, Tambon Bo Win",Amphoe Pluak Daeng,Chon Buri,13.025715,101.1075,pharmacy,4,1,038 346 010,,,"['pharmacy', 'health', 'store', 'point_of_interest', 'establishment']","24 Prab Road, Tambon Bo Win, Amphoe Pluak Daeng",0,Active,0,0,FALSE,scraped,0,Chon Buri,YES,
ChIJrd61pHnEAjERYeqxrr36nSI,ChIJrd61pHnEAjERYeqxrr36nSI,Drug Store,Independent (no name keyword),Pharmacy (independent),TARGET,,"24J4+3VX, Thong Thind Rayong Huai Prap-Ban Phan Sadet Nai Rd., Pluak Daeng",Amphoe Si Racha,Chon Buri,13.0302355,101.1072466,pharmacy,4.9,36,,,,"['pharmacy', 'health', 'store', 'point_of_interest', 'establishment']","24J4+3VX, Thong Thind Rayong Huai Prap-Ban Phan Sadet Nai Rd., Pluak Daeng, Amphoe Si Racha",0,Active,0,0,FALSE,scraped,0,Chon Buri,YES,
ChIJD4a6loLFAjERWxIU0HfBA14,ChIJD4a6loLFAjERWxIU0HfBA14,ร้านขายยา กมลฟาร์มาซี - KAMON Pharmacy [药店] สาขา ตรงข้าม วัดห้วยปราบ,Independent,Pharmacy (independent),TARGET,,"71, 15 ม.4, Tambon Mapyangphon",Amphoe Pluak Daeng,Chon Buri,13.0278729,101.1040073,pharmacy,0,0,,,https://www.facebook.com/kamonpharmacy/,"['pharmacy', 'drugstore', 'health', 'store', 'point_of_interest', 'establishment']","71, 15 ม.4, Tambon Mapyangphon, Amphoe Pluak Daeng",0,Temporarily Closed,0,0,FALSE,scraped,0,Chon Buri,YES,
ChIJOxFJinnEAjERqELgXERlv5A,ChIJOxFJinnEAjERqELgXERlv5A,Nattapol Phesat,Independent (no name keyword),Pharmacy (independent),TARGET,,"271/110, Moo 6, Tambon Bo Win, Amphoe Si Racha, Chon Buri",20110,Chon Buri,13.031945,101.106791,pharmacy,0,0,038 345 201,,,"['pharmacy', 'health', 'store', 'point_of_interest', 'establishment']","271/110, Moo 6, Tambon Bo Win, Amphoe Si Racha, Chon Buri, 20110",0,Active,0,0,FALSE,scraped,0,Chon Buri,YES,
ChIJvSFo2wrDAjERyXoYh9F_6vs,ChIJvSFo2wrDAjERyXoYh9F_6vs,Dpharmacy Saphan4,Independent,Pharmacy (independent),TARGET,,Map Yang Phon,Pluak Daeng District,Chon Buri,13.0067,101.1285425,pharmacy,5,6,088 702 5465,Monday: 9:00 AM – 9:00 PM | Tuesday: 9:00 AM – 9:00 PM | Wednesday: 9:00 AM – 9:00 PM | Thursday: 9:00 AM – 9:00 PM | Friday: 9:00 AM – 9:00 PM | Saturday: 9:00 AM – 9:00 PM | Sunday: Closed,,"['pharmacy', 'health', 'store', 'point_of_interest', 'establishment']","Map Yang Phon, Pluak Daeng District",0,Active,0,0,FALSE,scraped,0,Chon Buri,YES,
ChIJL09x4TvFAjERMQtfqRRrbKI,ChIJL09x4TvFAjERMQtfqRRrbKI,ร้านยา​ แชมป์​ เมดิซีน​ แอนด์​ มอร์ (Champ medicine and more),ร้านยา (Independent),Pharmacy (independent),TARGET,,3/195,อำเภอศรีราชา,Chon Buri,13.0307373,101.0999798,pharmacy,4.9,36,062 346 9997,Monday: 9:00 AM – 8:00 PM | Tuesday: 9:00 AM – 8:00 PM | Wednesday: 9:00 AM – 8:00 PM | Thursday: 9:00 AM – 8:00 PM | Friday: 9:00 AM – 8:00 PM | Saturday: 9:00 AM – 8:00 PM | Sunday: 9:00 AM – 8:00 PM,https://www.facebook.com/profile.php?id=61573819694863,"['pharmacy', 'health', 'store', 'point_of_interest', 'establishment']","3/195, อำเภอศรีราชา",0,Active,0,0,FALSE,scraped,0,Chon Buri,YES,
ChIJZ3XTl0HDAjER0UgLaTVTTJ4,ChIJZ3XTl0HDAjER0UgLaTVTTJ4,Wiengtip Pharmacy,Independent,Pharmacy (independent),TARGET,,"4, 16, Tambon Mapyangphon",Amphoe Pluak Daeng,Chon Buri,13.0261975,101.0947173,pharmacy,0,0,086 415 2858,Monday: 9:00 AM – 9:00 PM | Tuesday: 9:00 AM – 9:00 PM | Wednesday: 9:00 AM – 9:00 PM | Thursday: 9:00 AM – 9:00 PM | Friday: 9:00 AM – 9:00 PM | Saturday: 9:00 AM – 9:00 PM | Sunday: 9:00 AM – 9:00 PM,https://www.fandaxipharmacy.com/,"['pharmacy', 'health', 'point_of_interest', 'store', 'establishment']","4, 16, Tambon Mapyangphon, Amphoe Pluak Daeng",0,Active,0,0,FALSE,scraped,0,Chon Buri,YES,
ChIJefMoHADDAjERgZxlofuGHUw,ChIJefMoHADDAjERgZxlofuGHUw,Ko Aung,Independent (no name keyword),Pharmacy (independent),TARGET,,"X4WF+9Q, Map Yang Phon",Pluak Daeng District,Chon Buri,12.9959375,101.1244375,pharmacy,0,0,,,,"['pharmacy', 'health', 'point_of_interest', 'store', 'establishment']","X4WF+9Q, Map Yang Phon, Pluak Daeng District",0,Active,0,0,FALSE,scraped,0,Chon Buri,YES,
ChIJbeBjwMXbAjER2rjXKQbaGB4,ChIJbeBjwMXbAjER2rjXKQbaGB4,ชัชวาลย์เภสัช 3 สาขาสุรศักดิ์ (KM PHARMA),เภสัช (Independent),Pharmacy (independent),TARGET,,77/1 ถึง 77/2,Amphoe Si Racha,Chon Buri,13.0712516,101.1725812,pharmacy,5,9,080 998 5078,Monday: 9:00 AM – 9:30 PM | Tuesday: 9:00 AM – 9:30 PM | Wednesday: 9:00 AM – 9:30 PM | Thursday: 9:00 AM – 9:30 PM | Friday: 9:00 AM – 9:30 PM | Saturday: 9:00 AM – 9:30 PM | Sunday: 9:00 AM – 9:30 PM,https://www.facebook.com/Chatchawanbhasaj.3,"['pharmacy', 'health', 'store', 'point_of_interest', 'establishment']","77/1 ถึง 77/2, Amphoe Si Racha",0,Active,0,0,FALSE,scraped,0,Chon Buri,YES,
ChIJN_eQZQ7bAjER_WxuXSMmA2g,ChIJN_eQZQ7bAjER_WxuXSMmA2g,จิรา ฟาร์มาซี Jira Pharmacy,Independent,Pharmacy (independent),TARGET,,"888, 33 ม.5, Tambon Khao Khan Song",Amphoe Si Racha,Chon Buri,13.0697715,101.1702216,pharmacy,4.7,11,095 353 9995,Monday: 7:00 AM – 10:00 PM | Tuesday: 7:00 AM – 10:00 PM | Wednesday: 7:00 AM – 10:00 PM | Thursday: 7:00 AM – 10:00 PM | Friday: 7:00 AM – 10:00 PM | Saturday: 7:00 AM – 10:00 PM | Sunday: 7:00 AM – 10:00 PM,https://www.facebook.com/%E0%B8%88%E0%B8%B4%E0%B8%A3%E0%B8%B2-%E0%B8%9F%E0%B8%B2%E0%B8%A3%E0%B9%8C%E0%B8%A1%E0%B8%B2%E0%B8%8B%E0%B8%B5-Jira-Pharmacy-104253878978496/?ref=pages_you_manage,"['pharmacy', 'health', 'store', 'point_of_interest', 'establishment']","888, 33 ม.5, Tambon Khao Khan Song, Amphoe Si Racha",0,Active,0,0,FALSE,scraped,0,Chon Buri,YES,
ChIJv1W5pHnEAjER1x9uM6RZLJE,ChIJv1W5pHnEAjER1x9uM6RZLJE,หมอยาอีสเทิร์น / MHOYA EASTERN / เภสัชกรมานิตย์ ชาญพิชญาพรวัฒน์,Independent,Pharmacy (independent),TARGET,,"ตลาดพันเสด็จใน, 100/1, Tambon Bo Win",Amphoe Si Racha,Chon Buri,13.0568407,101.1107817,pharmacy,5,1,081 873 1097,Monday: 5:00 – 10:00 PM | Tuesday: 5:00 – 10:00 PM | Wednesday: 5:00 – 10:00 PM | Thursday: 5:00 – 10:00 PM | Friday: 5:00 – 10:00 PM | Saturday: 9:00 AM – 10:00 PM | Sunday: 9:00 AM – 10:00 PM,,"['pharmacy', 'health', 'point_of_interest', 'store', 'establishment']","ตลาดพันเสด็จใน, 100/1, Tambon Bo Win, Amphoe Si Racha",0,Active,0,0,FALSE,scraped,0,Chon Buri,YES,
ChIJ_-8R0TnHAjERESDkw8JulyY,ChIJ_-8R0TnHAjERESDkw8JulyY,"Win Pharma ร้านยาวินฟาร์ม่า พันเสด็จใน,บ่อวิน ชลบุรี",Independent,Pharmacy (independent),TARGET,,"277, 108",Amphoe Si Racha,Chon Buri,13.057182,101.1083682,pharmacy,0,0,083 713 5658,Monday: 9:00 AM – 10:00 PM | Tuesday: 9:00 AM – 10:00 PM | Wednesday: 9:00 AM – 10:00 PM | Thursday: 9:00 AM – 10:00 PM | Friday: 9:00 AM – 10:00 PM | Saturday: 9:00 AM – 10:00 PM | Sunday: 9:00 AM – 10:00 PM,,"['pharmacy', 'health', 'point_of_interest', 'store', 'establishment']","277, 108, Amphoe Si Racha",0,Active,0,0,FALSE,scraped,0,Chon Buri,YES,
ChIJ_WbegGy-AjERbf8UtXwaKe4,ChIJ_WbegGy-AjERbf8UtXwaKe4,ทวีวัฒน์โอสถ Thaveewath Osoth,Independent (no name keyword),Pharmacy (independent),TARGET,,"45 ม.4 ถ, Pattaya-Na Kluea Road",Amphoe Bang Lamung,Chon Buri,12.9736022,100.9073013,pharmacy,5,7,096 642 1516,Monday: 7:00 AM – 7:00 PM | Tuesday: 7:00 AM – 7:00 PM | Wednesday: 7:00 AM – 7:00 PM | Thursday: 7:00 AM – 7:00 PM | Friday: 7:00 AM – 7:00 PM | Saturday: 7:00 AM – 7:00 PM | Sunday: 7:00 AM – 7:00 PM,https://www.facebook.com/ThaveewatOsoth,"['pharmacy', 'health', 'point_of_interest', 'store', 'establishment']","45 ม.4 ถ, Pattaya-Na Kluea Road, Amphoe Bang Lamung",0,Active,0,0,FALSE,scraped,0,Chon Buri,YES,
ChIJTdzkNxu-AjERxK9WTPQLDO8,ChIJTdzkNxu-AjERxK9WTPQLDO8,Erawadee No.1,Independent (no name keyword),Pharmacy (independent),TARGET,,"159/151, Thanon Pattaya Nuea, Muang Pattaya",Amphoe Bang Lamung,Chon Buri,12.9516267,100.9024431,pharmacy,3.8,145,092 716 1154,Monday: 8:30 AM – 5:00 PM | Tuesday: 8:30 AM – 5:00 PM | Wednesday: 8:30 AM – 5:00 PM | Thursday: 8:30 AM – 5:00 PM | Friday: 8:30 AM – 5:00 PM | Saturday: 8:30 AM – 5:00 PM | Sunday: 8:30 AM – 5:00 PM,https://erawadee.com/,"['pharmacy', 'health', 'point_of_interest', 'store', 'establishment']","159/151, Thanon Pattaya Nuea, Muang Pattaya, Amphoe Bang Lamung",0,Active,0,0,FALSE,scraped,0,Chon Buri,YES,
ChIJE_Srr_eVAjERIHFBQIMppe8,ChIJE_Srr_eVAjERIHFBQIMppe8,Dpharmacy Pattaya,Independent,Pharmacy (independent),TARGET,,"389, 5",Amphoe Bang Lamung,Chon Buri,12.941928,100.903973,pharmacy,4.4,38,095 167 1806,Monday: 8:00 AM – 8:00 PM | Tuesday: 8:00 AM – 8:00 PM | Wednesday: 8:00 AM – 8:00 PM | Thursday: 8:00 AM – 8:00 PM | Friday: 8:00 AM – 8:00 PM | Saturday: 8:00 AM – 8:00 PM | Sunday: 8:00 AM – 8:00 PM,,"['pharmacy', 'drugstore', 'health', 'point_of_interest', 'store', 'establishment']","389, 5, Amphoe Bang Lamung",0,Active,0,0,FALSE,scraped,0,Chon Buri,YES,
ChIJw0B6xgy-AjERna6-geC9rt0,ChIJw0B6xgy-AjERna6-geC9rt0,Bear Drug สาขานาเกลือ 14,Independent (no name keyword),Pharmacy (independent),TARGET,,"297 Soi Na Kluea 12, Muang Pattaya",Amphoe Bang Lamung,Chon Buri,12.9663466,100.8978113,pharmacy,4.4,7,,,,"['pharmacy', 'health', 'point_of_interest', 'store', 'establishment']","297 Soi Na Kluea 12, Muang Pattaya, Amphoe Bang Lamung",0,Active,0,0,FALSE,scraped,0,Chon Buri,YES,
ChIJmVHn_sm_AjERY_e4pszaOPk,ChIJmVHn_sm_AjERY_e4pszaOPk,Pharmapoint Pharmacy,Independent,Pharmacy (independent),TARGET,,"เลขที่ 296/80 หมู่ 5 ซอย นาเกลือ12, ถนน นาเกลือ",Amphoe Bang Lamung,Chon Buri,12.9682198,100.8959397,pharmacy,5,11,082 455 6635,Monday: 8:00 AM – 12:00 AM | Tuesday: 8:00 AM – 12:00 AM | Wednesday: 8:00 AM – 12:00 AM | Thursday: 8:00 AM – 12:00 AM | Friday: 8:00 AM – 12:00 AM | Saturday: 8:00 AM – 12:00 AM | Sunday: 8:00 AM – 12:00 AM,,"['pharmacy', 'health', 'point_of_interest', 'store', 'establishment']","เลขที่ 296/80 หมู่ 5 ซอย นาเกลือ12, ถนน นาเกลือ, Amphoe Bang Lamung",0,Active,0,0,FALSE,scraped,0,Chon Buri,YES,
ChIJa2iDKA2-AjERWJVop1BVCTw,ChIJa2iDKA2-AjERWJVop1BVCTw,Ubon,Independent (no name keyword),Pharmacy (independent),TARGET,,"62/6, Moo 5, Pattaya-Na Kluea Road, Tambon Na Kluea, Amphoe Bang Lamung, Chon Buri",20150,Chon Buri,12.9665007,100.8990046,pharmacy,0,0,038 225 215,,,"['pharmacy', 'health', 'point_of_interest', 'store', 'establishment']","62/6, Moo 5, Pattaya-Na Kluea Road, Tambon Na Kluea, Amphoe Bang Lamung, Chon Buri, 20150",0,Active,0,0,FALSE,scraped,0,Chon Buri,YES,
ChIJz57gEgm-AjEREPAc53W_DSM,ChIJz57gEgm-AjEREPAc53W_DSM,Phum Than Pharmacy,Independent,Pharmacy (independent),TARGET,,93/4 หมู่5 Soi Naklua 21,Amphoe Bang Lamung,Chon Buri,12.9601945,100.894229,pharmacy,5,1,038 427 453,Monday: 10:00 AM – 10:00 PM | Tuesday: 10:00 AM – 10:00 PM | Wednesday: 10:00 AM – 10:00 PM | Thursday: 10:00 AM – 10:00 PM | Friday: 10:00 AM – 10:00 PM | Saturday: 10:00 AM – 10:00 PM | Sunday: 10:00 AM – 10:00 PM,,"['pharmacy', 'health', 'point_of_interest', 'store', 'establishment']","93/4 หมู่5 Soi Naklua 21, Amphoe Bang Lamung",0,Active,0,0,FALSE,scraped,0,Chon Buri,YES,
ChIJR1dABAm-AjERgLYSHt5Bgds,ChIJR1dABAm-AjERgLYSHt5Bgds,Pharmacy,"Independent (named ""Pharmacy"")",Pharmacy (independent),TARGET,,"Pattaya-Na Kluea Road, Muang Pattaya",Amphoe Bang Lamung,Chon Buri,12.9595857,100.8942588,pharmacy,5,4,038 425 967,Monday: 8:00 AM – 8:00 PM | Tuesday: 8:00 AM – 8:00 PM | Wednesday: 8:00 AM – 8:00 PM | Thursday: 8:00 AM – 8:00 PM | Friday: 8:00 AM – 8:00 PM | Saturday: 8:00 AM – 8:00 PM | Sunday: Closed,https://www.facebook.com/panyaDrugStore,"['pharmacy', 'health', 'point_of_interest', 'store', 'establishment']","Pattaya-Na Kluea Road, Muang Pattaya, Amphoe Bang Lamung",0,Active,0,0,FALSE,scraped,0,Chon Buri,YES,
ChIJCwpDLg--AjERcp9zCbiuPO4,ChIJCwpDLg--AjERcp9zCbiuPO4,HANNAH'S PHARMACY,Independent,Pharmacy (independent),TARGET,,XV5W+7HF,Bang Lamung District,Chon Buri,12.9581823,100.8964134,pharmacy,3,1,,Monday: 5:00 – 9:00 PM | Tuesday: 5:00 – 9:00 PM | Wednesday: 5:00 – 9:00 PM | Thursday: 5:00 – 9:00 PM | Friday: 5:00 – 9:00 PM | Saturday: 5:00 – 9:00 PM | Sunday: 5:00 – 9:00 PM,,"['pharmacy', 'health', 'point_of_interest', 'store', 'establishment']","XV5W+7HF, Bang Lamung District",0,Active,0,0,FALSE,scraped,0,Chon Buri,YES,
ChIJbbJMB-G9AjER-bj3Ce12hlo,ChIJbbJMB-G9AjER-bj3Ce12hlo,I Health Care,Independent (no name keyword),Pharmacy (independent),TARGET,,XV7P+QW9,Bang Lamung District,Chon Buri,12.9644139,100.8873629,pharmacy,3.6,8,064 946 2782,Monday: 10:00 AM – 11:00 PM | Tuesday: 10:00 AM – 11:00 PM | Wednesday: 10:00 AM – 11:00 PM | Thursday: 10:00 AM – 11:00 PM | Friday: 10:00 AM – 11:00 PM | Saturday: 10:00 AM – 11:00 PM | Sunday: 10:00 AM – 11:00 PM,,"['pharmacy', 'health', 'point_of_interest', 'store', 'establishment']","XV7P+QW9, Bang Lamung District",0,Active,0,0,FALSE,scraped,0,Chon Buri,YES,
ChIJyfdhbwC9AjER67HQu0MN-Cw,ChIJyfdhbwC9AjER67HQu0MN-Cw,Premium Pharmacy,Independent,Pharmacy (independent),TARGET,,"285, 171 Soi Pho Samphan, Muang Pattaya",Amphoe Bang Lamung,Chon Buri,12.9640527,100.8872507,pharmacy,2.8,13,082 455 6635,Monday: 8:00 AM – 12:00 AM | Tuesday: 8:00 AM – 12:00 AM | Wednesday: 8:00 AM – 12:00 AM | Thursday: 8:00 AM – 12:00 AM | Friday: 8:00 AM – 12:00 AM | Saturday: 8:00 AM – 12:00 AM | Sunday: 8:00 AM – 12:00 AM,,"['pharmacy', 'health', 'point_of_interest', 'store', 'establishment']","285, 171 Soi Pho Samphan, Muang Pattaya, Amphoe Bang Lamung",0,Active,0,0,FALSE,scraped,0,Chon Buri,YES,
ChIJTXeHj4i_AjERYar3OyPXhG0,ChIJTXeHj4i_AjERYar3OyPXhG0,GOODWILL PHARMACY CENTER ร้านขายยากู๊ดวิลเซ็นเตอร์,Independent,Pharmacy (independent),TARGET,,"571, 2",Amphoe Bang Lamung,Chon Buri,12.9576227,100.8923756,pharmacy,4.5,29,090 942 1224,Monday: 7:00 AM – 12:00 AM | Tuesday: 7:00 AM – 12:00 AM | Wednesday: 7:00 AM – 12:00 AM | Thursday: 7:00 AM – 12:00 AM | Friday: 7:00 AM – 12:00 AM | Saturday: 7:00 AM – 12:00 AM | Sunday: 7:00 AM – 12:00 AM,http://facebook.com/goodwillpharmacycenter,"['pharmacy', 'health', 'point_of_interest', 'store', 'establishment']","571, 2, Amphoe Bang Lamung",0,Active,0,0,FALSE,scraped,0,Chon Buri,YES,
ChIJ375JOwC9AjERYzYZkVVpv_U,ChIJ375JOwC9AjERYzYZkVVpv_U,3Pharmacy (Le Bali),Independent,Pharmacy (independent),TARGET,,"160/68, 160/69, Pattaya-Na Kluea Road, Muang Pattaya",Amphoe Bang Lamung,Chon Buri,12.9728191,100.8891629,pharmacy,5,5,,Monday: 7:00 AM – 1:00 AM | Tuesday: 7:00 AM – 1:00 AM | Wednesday: 7:00 AM – 1:00 AM | Thursday: 7:00 AM – 1:00 AM | Friday: 7:00 AM – 1:00 AM | Saturday: 7:00 AM – 1:00 AM | Sunday: 7:00 AM – 1:00 AM,,"['pharmacy', 'health', 'point_of_interest', 'store', 'establishment']","160/68,160/69, Pattaya-Na Kluea Road, Muang Pattaya, Amphoe Bang Lamung",0,Active,0,0,FALSE,scraped,0,Chon Buri,YES,
ChIJwSYKfw--AjERk1Yk4yJBdJI,ChIJwSYKfw--AjERk1Yk4yJBdJI,44 Phamarcy,Independent (no name keyword),Pharmacy (independent),TARGET,,เลขที่ 186/32 ถนน โพธิสาร,Amphoe Bang Lamung,Chon Buri,12.9560905,100.8984906,pharmacy,5,3,,Monday: 9:00 AM – 10:00 PM | Tuesday: 9:00 AM – 10:00 PM | Wednesday: 9:00 AM – 10:00 PM | Thursday: 9:00 AM – 10:00 PM | Friday: 9:00 AM – 10:00 PM | Saturday: 9:00 AM – 10:00 PM | Sunday: 9:00 AM – 10:00 PM,,"['pharmacy', 'health', 'point_of_interest', 'store', 'establishment']","เลขที่ 186/32 ถนน โพธิสาร, Amphoe Bang Lamung",0,Active,0,0,FALSE,scraped,0,Chon Buri,YES,
ChIJb7OicAC9AjEREGC5nXIStKU,ChIJb7OicAC9AjEREGC5nXIStKU,162Pharmacy,Independent,Pharmacy (independent),TARGET,,"157, 527 Soi Na Kluea 16/2, Muang Pattaya",Amphoe Bang Lamung,Chon Buri,12.9589589,100.8879742,pharmacy,3.4,14,083 456 3740,Monday: 9:00 AM – 12:00 AM | Tuesday: 9:00 AM – 12:00 AM | Wednesday: 9:00 AM – 12:00 AM | Thursday: 9:00 AM – 12:00 AM | Friday: 9:00 AM – 12:00 AM | Saturday: 9:00 AM – 12:00 AM | Sunday: 9:00 AM – 12:00 AM,,"['pharmacy', 'health', 'point_of_interest', 'store', 'establishment']","157, 527 Soi Na Kluea 16/2, Muang Pattaya, Amphoe Bang Lamung",0,Active,0,0,FALSE,scraped,0,Chon Buri,YES,
ChIJb65qXAC_AjERquqR1BOfik4,ChIJb65qXAC_AjERquqR1BOfik4,ร้านขายยา TA โพธิสาร,Independent (no name keyword),Pharmacy (independent),TARGET,,"83 ถนน โพธิสาร, Muang Pattaya",Amphoe Bang Lamung,Chon Buri,12.9559346,100.898783,pharmacy,0,0,,,,"['pharmacy', 'health', 'point_of_interest', 'store', 'establishment']","83 ถนน โพธิสาร, Muang Pattaya, Amphoe Bang Lamung",0,Active,0,0,FALSE,scraped,0,Chon Buri,YES,
ChIJ8SwyM3K_AjERqdYZQVrXVNw,ChIJ8SwyM3K_AjERqdYZQVrXVNw,Bear Drug สาขาซอยโพธิสาร,Independent (no name keyword),Pharmacy (independent),TARGET,,186/83 หมู่5,Amphoe Bang Lamung,Chon Buri,12.9558488,100.8988692,pharmacy,4.3,6,063 779 2846,Monday: 10:00 AM – 12:00 AM | Tuesday: 10:00 AM – 12:00 AM | Wednesday: 10:00 AM – 12:00 AM | Thursday: 10:00 AM – 12:00 AM | Friday: 10:00 AM – 12:00 AM | Saturday: 10:00 AM – 12:00 AM | Sunday: 10:00 AM – 12:00 AM,,"['pharmacy', 'health', 'point_of_interest', 'store', 'establishment']","186/83 หมู่5, Amphoe Bang Lamung",0,Active,0,0,FALSE,scraped,0,Chon Buri,YES,
ChIJpThaI7yXAjERFhOuR9b9gz4,ChIJpThaI7yXAjERFhOuR9b9gz4,PULSE Pharmacy Pattaya,Independent,Pharmacy (independent),TARGET,,"201 Naklua 27 Muang Pattaya, Chang Wat",อำเภอบางละมุง,Chon Buri,12.955854,100.89114,pharmacy,5,7,084 236 2259,,https://www.pulse-clinic.com/,"['pharmacy', 'doctor', 'health', 'point_of_interest', 'store', 'establishment']","201 Naklua 27 Muang Pattaya, Chang Wat, อำเภอบางละมุง",0,Temporarily Closed,0,0,FALSE,scraped,0,Chon Buri,YES,
ChIJuVNcfEu_AjERfY0UznuYEhk,ChIJuVNcfEu_AjERfY0UznuYEhk,Klang Ya Thipwongsa,Independent (no name keyword),Pharmacy (independent),TARGET,,"Sawangfa Road, Muang Pattaya",Amphoe Bang Lamung,Chon Buri,12.9702026,100.9067131,pharmacy,3,1,,Monday: 7:00 AM – 9:00 PM | Tuesday: 7:00 AM – 9:00 PM | Wednesday: 7:00 AM – 9:00 PM | Thursday: 7:00 AM – 9:00 PM | Friday: 7:00 AM – 9:00 PM | Saturday: 7:00 AM – 9:00 PM | Sunday: 7:00 AM – 9:00 PM,,"['pharmacy', 'health', 'point_of_interest', 'store', 'establishment']","Sawangfa Road, Muang Pattaya, Amphoe Bang Lamung",0,Active,0,0,FALSE,scraped,0,Chon Buri,YES,
ChIJ2cwbfGy-AjERTXueJCssP0s,ChIJ2cwbfGy-AjERTXueJCssP0s,PHARMACY,"Independent (named ""Pharmacy"")",Pharmacy (independent),TARGET,,"XW94+XPH, Sawangfa Road, Muang Pattaya",Amphoe Bang Lamung,Chon Buri,12.9699357,100.9068449,pharmacy,3,3,,Monday: 8:00 AM – 8:00 PM | Tuesday: 8:00 AM – 8:00 PM | Wednesday: 8:00 AM – 8:00 PM | Thursday: 8:00 AM – 8:00 PM | Friday: 8:00 AM – 8:00 PM | Saturday: 8:00 AM – 8:00 PM | Sunday: 8:00 AM – 8:00 PM,,"['pharmacy', 'health', 'point_of_interest', 'store', 'establishment']","XW94+XPH, Sawangfa Road, Muang Pattaya, Amphoe Bang Lamung",0,Active,0,0,FALSE,scraped,0,Chon Buri,YES,
ChIJhYe6suK9AjERxNFJZSaAMT4,ChIJhYe6suK9AjERxNFJZSaAMT4,Message PHARMACY,Independent,Pharmacy (independent),TARGET,,XV4Q+GQ9,Bang Lamung District,Chon Buri,12.9562844,100.8894938,pharmacy,5,1,,Monday: 10:00 AM – 10:00 PM | Tuesday: 10:00 AM – 10:00 PM | Wednesday: 10:00 AM – 10:00 PM | Thursday: 10:00 AM – 10:00 PM | Friday: 10:00 AM – 10:00 PM | Saturday: 10:00 AM – 10:00 PM | Sunday: 10:00 AM – 10:00 PM,,"['pharmacy', 'health', 'point_of_interest', 'store', 'establishment']","XV4Q+GQ9, Bang Lamung District",0,Active,0,0,FALSE,scraped,0,Chon Buri,YES,
ChIJN5UX-ge-AjERB14LX_UT5vY,ChIJN5UX-ge-AjERB14LX_UT5vY,Tops,Independent (no name keyword),Pharmacy (independent),TARGET,,"XV4R+67M, Pattaya-Na Kluea Road, Muang Pattaya",Amphoe Bang Lamung,Chon Buri,12.9555995,100.8906582,pharmacy,4,1,,,,"['pharmacy', 'health', 'store', 'point_of_interest', 'establishment']","XV4R+67M, Pattaya-Na Kluea Road, Muang Pattaya, Amphoe Bang Lamung",0,Active,0,0,FALSE,scraped,0,Chon Buri,YES,
ChIJa3AW9ge-AjERh3U7SK7Sxfw,ChIJa3AW9ge-AjERh3U7SK7Sxfw,Legend Pharmacy,Independent,Pharmacy (independent),TARGET,,Pattaya-Na Kluea Road,Chon Buri,Chon Buri,12.9552148,100.8903582,pharmacy,3.9,8,,Monday: 9:00 AM – 12:00 AM | Tuesday: 9:00 AM – 12:00 AM | Wednesday: 9:00 AM – 12:00 AM | Thursday: 9:00 AM – 12:00 AM | Friday: 9:00 AM – 12:00 AM | Saturday: 9:00 AM – 12:00 AM | Sunday: 9:00 AM – 12:00 AM,,"['pharmacy', 'health', 'store', 'point_of_interest', 'establishment']",Pattaya-Na Kluea Road,0,Active,0,0,FALSE,scraped,0,Chon Buri,YES,
ChIJiatZjmu-AjERwvgfiw4M9GQ,ChIJiatZjmu-AjERwvgfiw4M9GQ,Parinya Pharmacy,Independent,Pharmacy (independent),TARGET,,"179/106, Moo 5, Tambon Na Kluea, Amphoe Bang Lamung, Chon Buri",20150,Chon Buri,12.970581,100.907793,pharmacy,0,0,038 370 742,,,"['pharmacy', 'health', 'store', 'point_of_interest', 'establishment']","179/106, Moo 5, Tambon Na Kluea, Amphoe Bang Lamung, Chon Buri, 20150",0,Active,0,0,FALSE,scraped,0,Chon Buri,YES,
ChIJlcpjl6O_AjER4F9ioKIUdNI,ChIJlcpjl6O_AjER4F9ioKIUdNI,Screen Pharmacy,Independent,Pharmacy (independent),TARGET,,468/41 Naklue,อำเภอบางละมุง,Chon Buri,12.969057,100.9083916,pharmacy,0,0,,Monday: 6:00 AM – 8:00 PM | Tuesday: 6:00 AM – 8:00 PM | Wednesday: 6:00 AM – 8:00 PM | Thursday: 6:00 AM – 8:00 PM | Friday: 6:00 AM – 8:00 PM | Saturday: 6:00 AM – 8:00 PM | Sunday: 6:00 AM – 8:00 PM,,"['pharmacy', 'health', 'store', 'point_of_interest', 'establishment']","468/41 Naklue, อำเภอบางละมุง",0,Active,0,0,FALSE,scraped,0,Chon Buri,YES,
ChIJ-Q0Jsgq_AjERUfh_t4w9Zo4,ChIJ-Q0Jsgq_AjERUfh_t4w9Zo4,"บ้านยาจิณณ์นิภา (ร้านขายยา , Pharmacy , 药店)",Independent,Pharmacy (independent),TARGET,,"บ้านยาจิณณ์นิภา, 268/21 หมู่ 6 ถนน โพธิสาร",Amphoe Bang Lamung,Chon Buri,12.9542918,100.9015997,pharmacy,5,1,086 960 1612,Monday: 8:00 AM – 9:00 PM | Tuesday: 8:00 AM – 9:00 PM | Wednesday: 8:00 AM – 9:00 PM | Thursday: 8:00 AM – 9:00 PM | Friday: 8:00 AM – 9:00 PM | Saturday: 8:00 AM – 9:00 PM | Sunday: 8:00 AM – 9:00 PM,https://www.facebook.com/Baanya.Jinnipa,"['pharmacy', 'health', 'store', 'point_of_interest', 'establishment']","บ้านยาจิณณ์นิภา, 268/21 หมู่ 6 ถนน โพธิสาร, Amphoe Bang Lamung",0,Active,0,0,FALSE,scraped,0,Chon Buri,YES,
ChIJOw1_lmu-AjERrn5q-J-gRKA,ChIJOw1_lmu-AjERrn5q-J-gRKA,Pharmacy Sakha Lotus Pattaya Nua,Independent,Pharmacy (independent),TARGET,,"221/19, Moo 5, Tambon Na Kluea, Amphoe Bang Lamung, Chon Buri",20150,Chon Buri,12.9707616,100.9085028,pharmacy,5,1,038 370 193,,,"['pharmacy', 'health', 'store', 'point_of_interest', 'establishment']","221/19, Moo 5, Tambon Na Kluea, Amphoe Bang Lamung, Chon Buri, 20150",0,Active,0,0,FALSE,scraped,0,Chon Buri,YES,
ChIJt9KB8ji_AjERrefju3unl7g,ChIJt9KB8ji_AjERrefju3unl7g,Pharmacy,"Independent (named ""Pharmacy"")",Pharmacy (independent),TARGET,,"20150, Pattaya City",Bang Lamung District,Chon Buri,12.9525042,100.8981387,pharmacy,4,2,,,,"['pharmacy', 'health', 'store', 'point_of_interest', 'establishment']","20150, Pattaya City, Bang Lamung District",0,Active,0,0,FALSE,scraped,0,Chon Buri,YES,
ChIJYRJrJhS-AjERUzW9Cw3Hk_4,ChIJYRJrJhS-AjERUzW9Cw3Hk_4,ร้านขายยา GWสุขุมวิท,Independent (no name keyword),Pharmacy (independent),TARGET,,Thailand,Chon Buri,Chon Buri,12.9613475,100.9092733,pharmacy,0,0,,,,"['pharmacy', 'health', 'store', 'point_of_interest', 'establishment']",Thailand,0,Active,0,0,FALSE,scraped,0,Chon Buri,YES,
ChIJw6nhJwC9AjERRiRwrVuXT-M,ChIJw6nhJwC9AjERRiRwrVuXT-M,Chanya pharma - ร้านยาชัญญาฟาร์มา,Independent,Pharmacy (independent),TARGET,,"159, 20-21 N Pattaya-Na Kluea Road, Muang Pattaya",Amphoe Bang Lamung,Chon Buri,12.953307,100.889443,pharmacy,3.7,3,080 080 8726,Monday: 10:00 AM – 10:30 PM | Tuesday: 10:00 AM – 10:30 PM | Wednesday: 10:00 AM – 10:30 PM | Thursday: 10:00 AM – 10:30 PM | Friday: 10:00 AM – 10:30 PM | Saturday: 10:00 AM – 10:30 PM | Sunday: 10:00 AM – 10:30 PM,,"['pharmacy', 'health', 'store', 'point_of_interest', 'establishment']","159, 20-21 N Pattaya-Na Kluea Road, Muang Pattaya, Amphoe Bang Lamung",0,Active,0,0,FALSE,scraped,0,Chon Buri,YES,
ChIJEcfGJgC_AjEReNqNTaF09gc,ChIJEcfGJgC_AjEReNqNTaF09gc,ร้านยา 3 Pharmacy สาขานาเกลือ (Le Bali),ร้านยา (Independent),Pharmacy (independent),TARGET,,"150, 15 Sukhumvit Road, Muang Pattaya",Amphoe Bang Lamung,Chon Buri,12.9517271,100.8977659,pharmacy,0,0,,,,"['pharmacy', 'health', 'store', 'point_of_interest', 'establishment']","150, 15 Sukhumvit Road, Muang Pattaya, Amphoe Bang Lamung",0,Active,0,0,FALSE,scraped,0,Chon Buri,YES,
ChIJjUIHD925AjER3850b4SgJ48,ChIJjUIHD925AjER3850b4SgJ48,Phunsiri Pharmacy,Independent,Pharmacy (independent),TARGET,,Si Racha District,Chon Buri,Chon Buri,13.1165008,100.9148734,pharmacy,4.3,14,038 766 176,Monday: 9:00 AM – 10:00 PM | Tuesday: 9:00 AM – 10:00 PM | Wednesday: 9:00 AM – 10:00 PM | Thursday: 9:00 AM – 10:00 PM | Friday: 9:00 AM – 10:00 PM | Saturday: 9:00 AM – 10:00 PM | Sunday: 9:00 AM – 10:00 PM,,"['pharmacy', 'health', 'point_of_interest', 'store', 'establishment']",Si Racha District,0,Active,0,0,FALSE,scraped,0,Chon Buri,YES,
ChIJXdVkhsC5AjERZO3dN8GYL9k,ChIJXdVkhsC5AjERZO3dN8GYL9k,ร้าน อ่าวอุดมฟาร์มาซี (Ao Udom Pharmacy),Independent,Pharmacy (independent),TARGET,,"175, 1 Sukhumvit Road, Tambon Thung Suk La",Amphoe Si Racha,Chon Buri,13.1152673,100.9160368,pharmacy,5,4,038 351 400,Monday: 7:00 AM – 7:00 PM | Tuesday: 7:00 AM – 7:00 PM | Wednesday: 7:00 AM – 7:00 PM | Thursday: 7:00 AM – 7:00 PM | Friday: 7:00 AM – 7:00 PM | Saturday: 7:00 AM – 7:00 PM | Sunday: 7:00 AM – 7:00 PM,,"['pharmacy', 'health', 'point_of_interest', 'store', 'establishment']","175, 1 Sukhumvit Road, Tambon Thung Suk La, Amphoe Si Racha",0,Active,0,0,FALSE,scraped,0,Chon Buri,YES,
ChIJfdyi0dy5AjEREdNh1O67pPc,ChIJfdyi0dy5AjEREdNh1O67pPc,The one ฟาร์มาซี,Independent,Pharmacy (independent),TARGET,,Si Racha District,Chon Buri,Chon Buri,13.1148324,100.9158829,pharmacy,4,2,,,,"['pharmacy', 'health', 'point_of_interest', 'store', 'establishment']",Si Racha District,0,Active,0,0,FALSE,scraped,0,Chon Buri,YES,
ChIJtwuwLgvIAjERV8z3yo_7pXs,ChIJtwuwLgvIAjERV8z3yo_7pXs,Pharmacy หนึ่งมิตรโอสถ,Independent,Pharmacy (independent),TARGET,,"492, 25 หมู่ 10, Tambon Nong Kham",Amphoe Si Racha,Chon Buri,13.124524,101.0027338,pharmacy,3.9,25,096 797 0432,Monday: 10:00 AM – 9:00 PM | Tuesday: 10:00 AM – 9:00 PM | Wednesday: 10:00 AM – 9:00 PM | Thursday: 10:00 AM – 9:00 PM | Friday: 10:00 AM – 9:00 PM | Saturday: 10:00 AM – 9:00 PM | Sunday: 10:00 AM – 9:00 PM,https://lin.ee/FsJ2cn7,"['pharmacy', 'health', 'point_of_interest', 'store', 'establishment']","492, 25 หมู่ 10, Tambon Nong Kham, Amphoe Si Racha",0,Active,0,0,FALSE,scraped,0,Chon Buri,YES,
ChIJKResDQDJAjERNPMI6hsuhIM,ChIJKResDQDJAjERNPMI6hsuhIM,"บิ๊กยา - Bigya สวนเสือศรีราชา (Pharmacy, ร้านขายยาใกล้ฉัน)",Independent,Pharmacy (independent),TARGET,,517/44 หมู่ที่3,Amphoe Si Racha,Chon Buri,13.1486911,101.0039418,pharmacy,5,83,092 246 9002,Monday: 8:00 AM – 9:00 PM | Tuesday: 8:00 AM – 9:00 PM | Wednesday: 8:00 AM – 9:00 PM | Thursday: 8:00 AM – 9:00 PM | Friday: 8:00 AM – 9:00 PM | Saturday: 8:00 AM – 9:00 PM | Sunday: 8:00 AM – 9:00 PM,,"['pharmacy', 'health', 'point_of_interest', 'store', 'establishment']","517/44 หมู่ที่3, Amphoe Si Racha",0,Active,0,0,FALSE,scraped,0,Chon Buri,YES,
ChIJM3oD7FfJAjERaJGVI3yIaXs,ChIJM3oD7FfJAjERaJGVI3yIaXs,ร้านยา ฟาล์ซีมี (Pharm See Me),ร้านยา (Independent),Pharmacy (independent),TARGET,,"โครงการ เดอะริช เพอร์เฟ็ค, 188/79",Amphoe Si Racha,Chon Buri,13.1439892,101.0204954,pharmacy,4.9,83,096 391 9598,Monday: 8:00 AM – 9:00 PM | Tuesday: 8:00 AM – 9:00 PM | Wednesday: 8:00 AM – 9:00 PM | Thursday: 8:00 AM – 9:00 PM | Friday: 8:00 AM – 9:00 PM | Saturday: 8:00 AM – 9:00 PM | Sunday: 8:00 AM – 9:00 PM,http://www.pharmseeme.me/,"['pharmacy', 'health', 'point_of_interest', 'store', 'establishment']","โครงการ เดอะริช เพอร์เฟ็ค, 188/79, Amphoe Si Racha",0,Active,0,0,FALSE,scraped,0,Chon Buri,YES,
ChIJ21myoA_JAjERN5oukRTzxdA,ChIJ21myoA_JAjERN5oukRTzxdA,ร้านยาใกล้บ้าน (Drug Store),ร้านยา (Independent),Pharmacy (independent),TARGET,,"159, หน้าหมู่บ้านบูรพาแลนด์ หนองค้อ, 8 หมู่ 9",Amphoe Si Racha,Chon Buri,13.1347226,101.0294621,pharmacy,5,5,082 281 2992,Monday: 3:00 – 8:30 PM | Tuesday: 3:00 – 8:30 PM | Wednesday: 3:00 – 8:30 PM | Thursday: 3:00 – 8:30 PM | Friday: 3:00 – 8:30 PM | Saturday: 3:00 – 8:30 PM | Sunday: Closed,,"['pharmacy', 'health', 'point_of_interest', 'store', 'establishment']","159, หน้าหมู่บ้านบูรพาแลนด์ หนองค้อ, 8 หมู่ 9, Amphoe Si Racha",0,Active,0,0,FALSE,scraped,0,Chon Buri,YES,
ChIJuxQBtt3HAjERcLuFD9v3DnU,ChIJuxQBtt3HAjERcLuFD9v3DnU,รวมยา ปิ่นทอง (RUAMYA PINTHONG PHARMACY),Independent,Pharmacy (independent),TARGET,,144/11 ม.4,Amphoe Si Racha,Chon Buri,13.1151946,101.0524092,pharmacy,0,0,086 491 5265,Monday: 7:00 AM – 9:00 PM | Tuesday: 7:00 AM – 9:00 PM | Wednesday: 7:00 AM – 9:00 PM | Thursday: 7:00 AM – 9:00 PM | Friday: 7:00 AM – 9:00 PM | Saturday: 7:00 AM – 9:00 PM | Sunday: 7:00 AM – 9:00 PM,,"['pharmacy', 'health', 'point_of_interest', 'store', 'establishment']","144/11 ม.4, Amphoe Si Racha",0,Active,0,0,FALSE,scraped,0,Chon Buri,YES,
ChIJCwAY_QLQAjERxO5IVq7ieho,ChIJCwAY_QLQAjERxO5IVq7ieho,Mab Pu Pharmacy,Independent,Pharmacy (independent),TARGET,,"45F7+FPP, Khao Khansong",Si Racha District,Chon Buri,13.1237201,101.1643389,pharmacy,4,123,,Monday: 7:00 AM – 10:00 PM | Tuesday: 7:00 AM – 10:00 PM | Wednesday: 7:00 AM – 10:00 PM | Thursday: 7:00 AM – 10:00 PM | Friday: 7:00 AM – 10:00 PM | Saturday: 7:00 AM – 10:00 PM | Sunday: 7:00 AM – 10:00 PM,,"['pharmacy', 'health', 'store', 'point_of_interest', 'establishment']","45F7+FPP, Khao Khansong, Si Racha District",2,Active,0,0,FALSE,scraped,0,Chon Buri,YES,
ChIJe0dyeQfQAjERr6jtX4ZFuNs,ChIJe0dyeQfQAjERr6jtX4ZFuNs,Surasak Pharmacy,Independent,Pharmacy (independent),TARGET,,"402/12, Moo 5, Tambon Khao Khansong, Amphoe Si Racha, Chon Buri",20110,Chon Buri,13.1149946,101.169948,pharmacy,0,0,081 864 5531,,,"['pharmacy', 'health', 'store', 'point_of_interest', 'establishment']","402/12, Moo 5, Tambon Khao Khansong, Amphoe Si Racha, Chon Buri, 20110",0,Active,0,0,FALSE,scraped,0,Chon Buri,YES,
ChIJ853dFnW_AjEROHlsO6NcG7I,ChIJ853dFnW_AjEROHlsO6NcG7I,คลังยาสุขภาพ Khlang Ya Sukkapab,Independent (no name keyword),Pharmacy (independent),TARGET,,227/19-20 หมู่ 6,Amphoe Bang Lamung,Chon Buri,13.0752689,100.9361046,pharmacy,4.4,14,080 447 4488,Monday: 7:00 AM – 9:30 PM | Tuesday: 7:00 AM – 9:30 PM | Wednesday: 7:00 AM – 9:30 PM | Thursday: 7:00 AM – 9:30 PM | Friday: 7:00 AM – 9:30 PM | Saturday: 7:00 AM – 9:30 PM | Sunday: 7:00 AM – 9:30 PM,,"['pharmacy', 'hospital', 'health', 'point_of_interest', 'store', 'food', 'establishment']","227/19-20 หมู่ 6, Amphoe Bang Lamung",0,Active,0,0,FALSE,scraped,0,Chon Buri,YES,
ChIJP_FgIFu4AjERjb4dyzZLFnk,ChIJP_FgIFu4AjERjb4dyzZLFnk,Rak Kho Phesat,Independent (no name keyword),Pharmacy (independent),TARGET,,"6/12, Moo 9, Tambon Nong Kham, Amphoe Si Racha, Chon Buri",20110,Chon Buri,13.088675,100.9497,pharmacy,0,0,038 296 255,,,"['pharmacy', 'health', 'point_of_interest', 'store', 'establishment']","6/12, Moo 9, Tambon Nong Kham, Amphoe Si Racha, Chon Buri, 20110",0,Active,0,0,FALSE,scraped,0,Chon Buri,YES,
ChIJxV_fva25AjERDPj3ieQc-_0,ChIJxV_fva25AjERDPj3ieQc-_0,Kaew Ya,Independent (no name keyword),Pharmacy (independent),TARGET,,"148, Moo 2, Soi Talad Kaset Ruam Jai, Tambon Thung Sukhla, Amphoe Si Racha, Chon Buri",20110,Chon Buri,13.0891569,100.9315323,pharmacy,0,0,089 831 9565,,,"['pharmacy', 'health', 'point_of_interest', 'store', 'establishment']","148, Moo 2, Soi Talad Kaset Ruam Jai, Tambon Thung Sukhla, Amphoe Si Racha, Chon Buri, 20110",0,Active,0,0,FALSE,scraped,0,Chon Buri,YES,
ChIJ1SwrGF65AjERa3KVJAwP0rA,ChIJ1SwrGF65AjERa3KVJAwP0rA,ร้านยาเคียงบ้าน: Nearby Pharmacy,ร้านยา (Independent),Pharmacy (independent),TARGET,,แหลมฉบังสายใต้,Amphoe Si Racha,Chon Buri,13.072112,100.9255246,pharmacy,5,7,099 264 5639,Monday: 7:00 AM – 9:30 PM | Tuesday: 7:00 AM – 9:30 PM | Wednesday: 7:00 AM – 9:30 PM | Thursday: 7:00 AM – 9:30 PM | Friday: 7:00 AM – 9:30 PM | Saturday: 7:00 AM – 9:30 PM | Sunday: 7:00 AM – 9:30 PM,https://www.facebook.com/profile.php?id=61583430155346,"['pharmacy', 'health', 'point_of_interest', 'store', 'establishment']","แหลมฉบังสายใต้, Amphoe Si Racha",0,Active,0,0,FALSE,scraped,0,Chon Buri,YES,
ChIJaVKdbnXHAjERk4KXo6SCtf0,ChIJaVKdbnXHAjERk4KXo6SCtf0,Suthinan Pharmacy,Independent,Pharmacy (independent),TARGET,,"154/67, Moo 3, Tambon Bueng, Amphoe Si Racha, Chon Buri",20110,Chon Buri,13.075298,101.001413,pharmacy,5,1,081 996 8838,,,"['pharmacy', 'health', 'point_of_interest', 'store', 'establishment']","154/67, Moo 3, Tambon Bueng, Amphoe Si Racha, Chon Buri, 20110",0,Active,0,0,FALSE,scraped,0,Chon Buri,YES,
ChIJPfTzbnXHAjERwzrqU5LM-AM,ChIJPfTzbnXHAjERwzrqU5LM-AM,Sri Phachana Osot,Independent (no name keyword),Pharmacy (independent),TARGET,,"13, 7, Tambon Bueng",Amphoe Si Racha,Chon Buri,13.0754537,101.0014515,pharmacy,0,0,038 480 748,,,"['pharmacy', 'health', 'point_of_interest', 'store', 'establishment']","13, 7, Tambon Bueng, Amphoe Si Racha",0,Active,0,0,FALSE,scraped,0,Chon Buri,YES,
ChIJiysPb3XHAjER-XgYBLk85H0,ChIJiysPb3XHAjER-XgYBLk85H0,Mor Ya,Independent (no name keyword),Pharmacy (independent),TARGET,,"5/3, Moo 8, Tambon Bueng, Amphoe Si Racha, Chon Buri",20110,Chon Buri,13.0755496,101.0013779,pharmacy,0,0,038 480 146,,,"['pharmacy', 'health', 'point_of_interest', 'store', 'establishment']","5/3, Moo 8, Tambon Bueng, Amphoe Si Racha, Chon Buri, 20110",0,Active,0,0,FALSE,scraped,0,Chon Buri,YES,
ChIJW_ClPGu4AjERIDWLuOQsEu4,ChIJW_ClPGu4AjERIDWLuOQsEu4,Pan Way,Independent (no name keyword),Pharmacy (independent),TARGET,,"95/11 Moo, Tambon Nong Kham",Amphoe Si Racha,Chon Buri,13.0643376,100.9879423,pharmacy,5,1,038 480 341,,,"['pharmacy', 'health', 'point_of_interest', 'store', 'establishment']","95/11 Moo, Tambon Nong Kham, Amphoe Si Racha",0,Active,0,0,FALSE,scraped,0,Chon Buri,YES,
ChIJTXaB8OC3AjERQiHTG5Y6qoQ,ChIJTXaB8OC3AjERQiHTG5Y6qoQ,ร้านยา บางพระ ร้านขายยา มนเภสัช ยา - Mon Pharmacy รับยาสิทธิ์30บาท,ร้านยา (Independent),Pharmacy (independent),TARGET,,"399/17, ตำบล บางพระ",อำเภอศรีราชา,Chon Buri,13.2275288,100.9435228,pharmacy,5,5,063 102 5021,Monday: 5:00 – 9:00 PM | Tuesday: 5:00 – 9:00 PM | Wednesday: 5:00 – 9:00 PM | Thursday: 5:00 – 9:00 PM | Friday: 5:00 – 9:00 PM | Saturday: 5:00 – 9:00 PM | Sunday: Closed,https://line.me/ti/p/@monrx,"['pharmacy', 'health', 'point_of_interest', 'store', 'establishment']","399/17, ตำบล บางพระ, อำเภอศรีราชา",0,Active,0,0,FALSE,scraped,0,Chon Buri,YES,
ChIJrXrjzPe3AjER8bR4fxdBgHA,ChIJrXrjzPe3AjER8bR4fxdBgHA,ร้านยาห้าทุ่ม ร้านยาปิดดึก ร้านขายยาฟาร์มาไรซ์ Pharmarice: เดลิเวอรี่ ยา ราคาถูก เวชภัณฑ์ เครื่องมือแพทย์ครบวงจร,ร้านยา (Independent),Pharmacy (independent),TARGET,,"399, 11 Moo.10 Ban Hin Poeng 1, Tambon Bang Phra",Amphoe Si Racha,Chon Buri,13.2275914,100.9433455,pharmacy,5,3,085 293 1144,Monday: 6:30 – 11:00 PM | Tuesday: 6:00 – 11:00 PM | Wednesday: 6:00 – 11:00 PM | Thursday: 6:00 – 11:00 PM | Friday: 8:00 AM – 11:00 PM | Saturday: 1:00 – 11:30 PM | Sunday: 1:00 – 11:00 PM,https://www.facebook.com/pharmarice,"['pharmacy', 'health', 'point_of_interest', 'food', 'store', 'establishment']","399, 11 Moo.10 Ban Hin Poeng 1, Tambon Bang Phra, Amphoe Si Racha",0,Active,0,0,FALSE,scraped,0,Chon Buri,YES,
ChIJbZZpcs61AjER6hxC05z_B0Q,ChIJbZZpcs61AjER6hxC05z_B0Q,ร้านขายยา ฟาร์มสุข ฟาร์มาซี (Pharmsuk Pharmacy) - สาขา บางพระ,Independent,Pharmacy (independent),TARGET,,"32, 212-213 ซ.เทศบาล 6, Tambon Bang Phra",Amphoe Si Racha,Chon Buri,13.2230492,100.950713,pharmacy,5,33,098 901 1811,Monday: 8:00 AM – 10:00 PM | Tuesday: 8:00 AM – 10:00 PM | Wednesday: 8:00 AM – 10:00 PM | Thursday: 8:00 AM – 10:00 PM | Friday: 8:00 AM – 10:00 PM | Saturday: 8:00 AM – 10:00 PM | Sunday: 8:00 AM – 10:00 PM,https://www.facebook.com/pharmsuk.ph/,"['pharmacy', 'health', 'point_of_interest', 'store', 'establishment']","32, 212-213 ซ.เทศบาล 6, Tambon Bang Phra, Amphoe Si Racha",0,Active,0,0,FALSE,scraped,0,Chon Buri,YES,
ChIJNRjBani2AjERVIvhyN85La8,ChIJNRjBani2AjERVIvhyN85La8,Bang Phra Pharmacy,Independent,Pharmacy (independent),TARGET,,"6W7W+G4M, Si Racha",Si Racha District,Chon Buri,13.213827,100.945309,pharmacy,4.4,5,,,,"['pharmacy', 'health', 'point_of_interest', 'store', 'establishment']","6W7W+G4M, Si Racha, Si Racha District",0,Active,0,0,FALSE,scraped,0,Chon Buri,YES,
ChIJEZ8n3FW1AjER81G31sILCfg,ChIJEZ8n3FW1AjER81G31sILCfg,ร้านขายยาราคาชาวบ้าน My Pharma,Independent (no name keyword),Pharmacy (independent),TARGET,,"2, 38 ซอย ๔",Amphoe Mueang Chon Buri,Chon Buri,13.2543481,100.9381368,pharmacy,5,11,087 499 6466,Monday: 8:00 AM – 9:00 PM | Tuesday: 8:00 AM – 9:00 PM | Wednesday: 8:00 AM – 9:00 PM | Thursday: 8:00 AM – 9:00 PM | Friday: 8:00 AM – 9:00 PM | Saturday: 8:00 AM – 9:00 PM | Sunday: 8:00 AM – 9:00 PM,https://shopee.co.th/mypharmaonline?categoryId=100001&itemId=21419353164,"['pharmacy', 'health', 'point_of_interest', 'store', 'establishment']","2, 38 ซอย ๔, Amphoe Mueang Chon Buri",0,Active,0,0,FALSE,scraped,0,Chon Buri,YES,
ChIJQ1ke_H62AjERbHgMp-PkRU8,ChIJQ1ke_H62AjERbHgMp-PkRU8,Ubon Kankha,Independent (no name keyword),Pharmacy (independent),TARGET,,"6W7V+97P, Bang Phra",Si Racha District,Chon Buri,13.213455,100.9432146,pharmacy,4.7,3,038 341 368,,,"['pharmacy', 'health', 'point_of_interest', 'store', 'establishment']","6W7V+97P, Bang Phra, Si Racha District",0,Active,0,0,FALSE,scraped,0,Chon Buri,YES,
ChIJ_bnyHX-2AjERVAJ9xKRJsiA,ChIJ_bnyHX-2AjERVAJ9xKRJsiA,Kanokporn Phesat,Independent (no name keyword),Pharmacy (independent),TARGET,,"28, Soi Rai Rang, Tambon Bang Phra, Amphoe Mueang Trat, Trat",23000,Chon Buri,13.212602,100.939293,pharmacy,0,0,039 512 125,,,"['pharmacy', 'health', 'point_of_interest', 'store', 'establishment']","28, Soi Rai Rang, Tambon Bang Phra, Amphoe Mueang Trat, Trat, 23000",0,Active,0,0,FALSE,scraped,0,Chon Buri,YES,
ChIJO42f_X62AjERzLR5H1qVOXI,ChIJO42f_X62AjERzLR5H1qVOXI,Seree Pharmacy,Independent,Pharmacy (independent),TARGET,,"188/33, Moo 2, Tambon Bang Phra, Amphoe Si Racha, Chon Buri",20110,Chon Buri,13.2124947,100.9388431,pharmacy,0,0,038 391 335,,,"['pharmacy', 'health', 'point_of_interest', 'store', 'establishment']","188/33, Moo 2, Tambon Bang Phra, Amphoe Si Racha, Chon Buri, 20110",0,Active,0,0,FALSE,scraped,0,Chon Buri,YES,
ChIJwYN4HpjTAjERJ_2eDjEDMR0,ChIJwYN4HpjTAjERJ_2eDjEDMR0,Atchara Pharmacy,Independent,Pharmacy (independent),TARGET,,"444/44, Tambon Nong Phai Kaeo, Amphoe Ban Bueng, Chon Buri",20220,Chon Buri,13.236938,101.230774,pharmacy,0,0,038 292 452,,,"['pharmacy', 'health', 'store', 'point_of_interest', 'establishment']","444/44, Tambon Nong Phai Kaeo, Amphoe Ban Bueng, Chon Buri, 20220",0,Active,0,0,FALSE,scraped,0,Chon Buri,YES,
ChIJ4amynJXTAjERt3L3HapkpBg,ChIJ4amynJXTAjERt3L3HapkpBg,Arun Pharmacy,Independent,Pharmacy (independent),TARGET,,"66HJ+C5M, Nong Phai Kaeo",Ban Bueng District,Chon Buri,13.2285947,101.2304205,pharmacy,4.2,15,,,,"['pharmacy', 'health', 'store', 'point_of_interest', 'establishment']","66HJ+C5M, Nong Phai Kaeo, Ban Bueng District",0,Active,0,0,FALSE,scraped,0,Chon Buri,YES,
ChIJw7gX4b_TAjERwhaJ3txRd_I,ChIJw7gX4b_TAjERwhaJ3txRd_I,Pong Phesat,Independent (no name keyword),Pharmacy (independent),TARGET,,"443, 26, Tambon Nong Phai Kaeo",Amphoe Ban Bueng,Chon Buri,13.2267121,101.2293862,pharmacy,0,0,038 292 491,,,"['pharmacy', 'health', 'store', 'point_of_interest', 'establishment']","443, 26, Tambon Nong Phai Kaeo, Amphoe Ban Bueng",0,Active,0,0,FALSE,scraped,0,Chon Buri,YES,
ChIJKbib7r_TAjERcJEDIJ_Ma8g,ChIJKbib7r_TAjERcJEDIJ_Ma8g,Jin Hua,Independent (no name keyword),Pharmacy (independent),TARGET,,"49, Moo 1, Tambon Nong Phai Kaeo, Amphoe Ban Bueng, Chon Buri",20220,Chon Buri,13.2264526,101.2287254,pharmacy,0,0,038 292 208,,,"['pharmacy', 'health', 'store', 'point_of_interest', 'establishment']","49, Moo 1, Tambon Nong Phai Kaeo, Amphoe Ban Bueng, Chon Buri, 20220",0,Active,0,0,FALSE,scraped,0,Chon Buri,YES,
ChIJhaWGLgC1AjER7wr8yCp7oso,ChIJhaWGLgC1AjER7wr8yCp7oso,ร้านขายยา ฟาร์ม่าซี๊ด Pharmaseeds บางแสน ชลบุรี Bang Sean Chonburi,Independent (no name keyword),Pharmacy (independent),TARGET,,"Saensuk, Long Hard, ถนน ลงหาดบางแสน",Amphoe Muang,Chon Buri,13.2837419,100.9160446,pharmacy,4.9,62,095 789 5154,Monday: 10:00 AM – 12:00 AM | Tuesday: 10:00 AM – 12:00 AM | Wednesday: 10:00 AM – 12:00 AM | Thursday: 10:00 AM – 12:00 AM | Friday: 10:00 AM – 1:00 AM | Saturday: 10:00 AM – 1:00 AM | Sunday: 10:00 AM – 1:00 AM,,"['pharmacy', 'health', 'point_of_interest', 'store', 'establishment']","Saensuk, Long Hard, ถนน ลงหาดบางแสน, Amphoe Muang",0,Active,0,0,FALSE,scraped,0,Chon Buri,YES,
ChIJhwBgosG0AjER9J5Oy4NLBzs,ChIJhwBgosG0AjER9J5Oy4NLBzs,Saensuk Osot,Independent (no name keyword),Pharmacy (independent),TARGET,,"217 1, Tambon Saen Suk",Amphoe Mueang Chon Buri,Chon Buri,13.286975,100.9170295,pharmacy,4.4,59,038 392 647,,,"['pharmacy', 'health', 'point_of_interest', 'store', 'establishment']","217 1, Tambon Saen Suk, Amphoe Mueang Chon Buri",0,Active,0,0,FALSE,scraped,0,Chon Buri,YES,
ChIJc5J-GsK0AjERTRWqyTmCTy4,ChIJc5J-GsK0AjERTRWqyTmCTy4,Uran Pharmacy,Independent,Pharmacy (independent),TARGET,,"7WP9+5P3, 143, Tambon Saen Suk",Amphoe Mueang Chon Buri,Chon Buri,13.2853859,100.9193059,pharmacy,0,0,038 392 052,,,"['pharmacy', 'health', 'point_of_interest', 'store', 'establishment']","7WP9+5P3, 143, Tambon Saen Suk, Amphoe Mueang Chon Buri",0,Active,0,0,FALSE,scraped,0,Chon Buri,YES,
ChIJuy1IDQC1AjER3R7OZbixHQg,ChIJuy1IDQC1AjER3R7OZbixHQg,คลังยาบางแสน (Klangya Bangsaen Pharmacy),Independent,Pharmacy (independent),TARGET,,"193, 2 Thanon Long Had Bangsaen, Tambon Saen Suk",Amphoe Mueang Chon Buri,Chon Buri,13.2851695,100.9207212,pharmacy,4.8,16,,Monday: 9:00 AM – 2:00 AM | Tuesday: 9:00 AM – 2:00 AM | Wednesday: 9:00 AM – 2:00 AM | Thursday: 9:00 AM – 2:00 AM | Friday: 9:00 AM – 2:00 AM | Saturday: 9:00 AM – 2:00 AM | Sunday: 9:00 AM – 2:00 AM,,"['pharmacy', 'health', 'point_of_interest', 'store', 'establishment']","193, 2 Thanon Long Had Bangsaen, Tambon Saen Suk, Amphoe Mueang Chon Buri",0,Active,0,0,FALSE,scraped,0,Chon Buri,YES,
ChIJORFS0Om0AjERCbtr8bRprt4,ChIJORFS0Om0AjERCbtr8bRprt4,Sukhasame Pharmacy,Independent,Pharmacy (independent),TARGET,,"197, Tambon Saen Suk, Amphoe Mueang Chon Buri, Chon Buri",20130,Chon Buri,13.2838813,100.9208241,pharmacy,5,2,038 390 867,,,"['pharmacy', 'health', 'point_of_interest', 'store', 'establishment']","197, Tambon Saen Suk, Amphoe Mueang Chon Buri, Chon Buri, 20130",0,Active,0,0,FALSE,scraped,0,Chon Buri,YES,
ChIJGe0pAcO0AjERAUFPKlycMPo,ChIJGe0pAcO0AjERAUFPKlycMPo,Pimsiri Pharmacy,Independent,Pharmacy (independent),TARGET,,"79/21, Tambon Saen Suk, Amphoe Mueang Chon Buri, Chon Buri",20130,Chon Buri,13.2875986,100.9215536,pharmacy,0,0,038 393 345,,,"['pharmacy', 'health', 'point_of_interest', 'store', 'establishment']","79/21, Tambon Saen Suk, Amphoe Mueang Chon Buri, Chon Buri, 20130",0,Active,0,0,FALSE,scraped,0,Chon Buri,YES,
ChIJAxRP8ZjLAjER-58ubTlwq88,ChIJAxRP8ZjLAjER-58ubTlwq88,DRUG STATION สาขา ปตท ข้าวหลาม,Independent (no name keyword),Pharmacy (independent),TARGET,,27/25 หมู่ 5 เหมือง,เมือง,Chon Buri,13.2854648,100.9824981,pharmacy,5,325,062 994 0824,Monday: 7:00 AM – 9:00 PM | Tuesday: 7:00 AM – 9:00 PM | Wednesday: 7:00 AM – 9:00 PM | Thursday: 7:00 AM – 9:00 PM | Friday: 7:00 AM – 9:00 PM | Saturday: 7:00 AM – 9:00 PM | Sunday: 7:00 AM – 9:00 PM,,"['pharmacy', 'health', 'point_of_interest', 'store', 'establishment']","27/25 หมู่ 5 เหมือง, เมือง",0,Active,0,0,FALSE,scraped,0,Chon Buri,YES,
ChIJ48fBy7-3AjER9fhz1TJOXvk,ChIJ48fBy7-3AjER9fhz1TJOXvk,GOOD ยา,Independent (no name keyword),Pharmacy (independent),TARGET,,"4WRQ+77Q, Surasak",Si Racha District,Chon Buri,13.1407083,100.9382279,pharmacy,3.7,3,090 927 4887,Monday: 7:00 AM – 9:00 PM | Tuesday: 7:00 AM – 9:00 PM | Wednesday: 7:00 AM – 9:00 PM | Thursday: 7:00 AM – 9:00 PM | Friday: 7:00 AM – 9:00 PM | Saturday: 7:00 AM – 9:00 PM | Sunday: 9:00 AM – 7:00 PM,,"['pharmacy', 'health', 'store', 'point_of_interest', 'establishment']","4WRQ+77Q, Surasak, Si Racha District",0,Active,0,0,FALSE,scraped,0,Chon Buri,YES,
ChIJud0nDkDDAjERQXVJNbMLsZo,ChIJud0nDkDDAjERQXVJNbMLsZo,ร้านยา CR pharmacy สาขาศรีราชา,ร้านยา (Independent),Pharmacy (independent),TARGET,,"ตลาดบิ๊กมาร์เก็ต บ้านเลขที่ 280 /55, Tambon Surasak",Amphoe Si Racha,Chon Buri,13.1437673,100.9596595,pharmacy,0,0,094 273 6525,Monday: 10:00 AM – 9:00 PM | Tuesday: 10:00 AM – 9:00 PM | Wednesday: 10:00 AM – 9:00 PM | Thursday: 10:00 AM – 9:00 PM | Friday: 10:00 AM – 9:00 PM | Saturday: 10:00 AM – 9:00 PM | Sunday: 10:00 AM – 9:00 PM,,"['pharmacy', 'health', 'store', 'point_of_interest', 'establishment']","ตลาดบิ๊กมาร์เก็ต บ้านเลขที่ 280 /55, Tambon Surasak, Amphoe Si Racha",0,Active,0,0,FALSE,scraped,0,Chon Buri,YES,
ChIJNSfPU6K3AjERi-uml0VCuEo,ChIJNSfPU6K3AjERi-uml0VCuEo,BIGYA - SRIRACHA (Drugs Store),Independent (no name keyword),Pharmacy (independent),TARGET,,"291/62, Tambon Surasak",Amphoe Si Racha,Chon Buri,13.1461986,100.9555389,pharmacy,5,432,082 031 1590,Monday: 8:00 AM – 9:00 PM | Tuesday: 8:00 AM – 9:00 PM | Wednesday: 8:00 AM – 9:00 PM | Thursday: 8:00 AM – 9:00 PM | Friday: 8:00 AM – 9:00 PM | Saturday: 8:00 AM – 9:00 PM | Sunday: 8:00 AM – 9:00 PM,,"['pharmacy', 'health', 'store', 'point_of_interest', 'establishment']","291/62, Tambon Surasak, Amphoe Si Racha",0,Active,0,0,FALSE,scraped,0,Chon Buri,YES,
ChIJLxjdawe3AjERRN5qWrVP5as,ChIJLxjdawe3AjERRN5qWrVP5as,Interphama,Independent (no name keyword),Pharmacy (independent),TARGET,,6 Thanon Si Racha-Nong Yai Bu,Amphoe Si Racha,Chon Buri,13.1463285,100.9579587,pharmacy,0,0,,,,"['pharmacy', 'health', 'store', 'point_of_interest', 'establishment']","6 Thanon Si Racha-Nong Yai Bu, Amphoe Si Racha",0,Active,0,0,FALSE,scraped,0,Chon Buri,YES,
ChIJ71d8ggW5AjERDErhBEBHkvg,ChIJ71d8ggW5AjERDErhBEBHkvg,ร้านยา Well Pharmacy (เวลล์ ฟาร์มาซี),ร้านยา (Independent),Pharmacy (independent),TARGET,,"183, 84 ซอยบ่อยาง หมู่ 11, Tambon Nong Kham",Amphoe Si Racha,Chon Buri,13.1092466,100.9634708,pharmacy,4.5,4,061 654 7871,Monday: 9:00 AM – 10:00 PM | Tuesday: 9:00 AM – 10:00 PM | Wednesday: 9:00 AM – 10:00 PM | Thursday: 9:00 AM – 10:00 PM | Friday: 9:00 AM – 10:00 PM | Saturday: 9:00 AM – 10:00 PM | Sunday: 9:00 AM – 10:00 PM,https://lin.ee/QJuk78I,"['pharmacy', 'health', 'store', 'point_of_interest', 'establishment']","183, 84 ซอยบ่อยาง หมู่ 11, Tambon Nong Kham, Amphoe Si Racha",0,Active,0,0,FALSE,scraped,0,Chon Buri,YES,
ChIJxfXfrBW4AjERbdE4w19c4nQ,ChIJxfXfrBW4AjERbdE4w19c4nQ,Rinya Phamacy,Independent (no name keyword),Pharmacy (independent),TARGET,,"999/29 หมู่ที่ 11, Tambon Nong Kham",Amphoe Si Racha,Chon Buri,13.1039956,100.9607771,pharmacy,5,1,083 221 1133,Monday: 8:00 AM – 10:00 PM | Tuesday: 8:00 AM – 10:00 PM | Wednesday: 8:00 AM – 10:00 PM | Thursday: 8:00 AM – 10:00 PM | Friday: 8:00 AM – 10:00 PM | Saturday: 8:00 AM – 10:00 PM | Sunday: 8:00 AM – 10:00 PM,https://www.facebook.com/rinyapharmacy/,"['drugstore', 'pharmacy', 'health', 'point_of_interest', 'store', 'establishment']","999/29 หมู่ที่ 11, Tambon Nong Kham, Amphoe Si Racha",0,Active,0,0,FALSE,scraped,0,Chon Buri,YES,
ChIJheRukCa3AjER8A8yd1-wj9E,ChIJheRukCa3AjER8A8yd1-wj9E,"บิ๊กยา - Bigya เก้ากิโล (Pharmacy, ร้านขายยาใกล้ฉัน)",Independent,Pharmacy (independent),TARGET,,"48, 23, Tambon Surasak",Amphoe Si Racha,Chon Buri,13.149481,100.9349047,pharmacy,5,54,098 820 1512,Monday: 8:00 AM – 9:00 PM | Tuesday: 8:00 AM – 9:00 PM | Wednesday: 8:00 AM – 9:00 PM | Thursday: 8:00 AM – 9:00 PM | Friday: 8:00 AM – 9:00 PM | Saturday: 8:00 AM – 9:00 PM | Sunday: 8:00 AM – 9:00 PM,,"['pharmacy', 'health', 'point_of_interest', 'store', 'establishment']","48, 23, Tambon Surasak, Amphoe Si Racha",0,Active,0,0,FALSE,scraped,0,Chon Buri,YES,
ChIJx68J62kzHTERwH9NuNY_vFk,ChIJx68J62kzHTERwH9NuNY_vFk,ใบญาฟาร์มาซี (Baiya Pharmacy),Independent,Pharmacy (independent),TARGET,,8/341 ม.2,Amphoe Ban Bueng,Chon Buri,13.2946066,101.1761092,pharmacy,4,4,065 974 6663,Monday: 7:00 AM – 9:00 PM | Tuesday: 7:00 AM – 9:00 PM | Wednesday: 7:00 AM – 9:00 PM | Thursday: 7:00 AM – 9:00 PM | Friday: 7:00 AM – 9:00 PM | Saturday: 7:00 AM – 9:00 PM | Sunday: 7:00 AM – 9:00 PM,,"['pharmacy', 'health', 'store', 'point_of_interest', 'establishment']","8/341 ม.2, Amphoe Ban Bueng",0,Active,0,0,FALSE,scraped,0,Chon Buri,YES,
ChIJpQDGLq_UAjERaEqJo40YJsk,ChIJpQDGLq_UAjERaEqJo40YJsk,Penkair Phesat,Independent (no name keyword),Pharmacy (independent),TARGET,,"39, Moo 4, Tambon Nong Irun, Amphoe Ban Bueng, Chon Buri",20220,Chon Buri,13.2834699,101.258512,pharmacy,0,0,038 397 060,,,"['pharmacy', 'health', 'store', 'point_of_interest', 'establishment']","39, Moo 4, Tambon Nong Irun, Amphoe Ban Bueng, Chon Buri, 20220",0,Active,0,0,FALSE,scraped,0,Chon Buri,YES,
ChIJ37geSq_UAjER6IgeAQG4LGM,ChIJ37geSq_UAjER6IgeAQG4LGM,Saeng Chai,Independent (no name keyword),Pharmacy (independent),TARGET,,"448/33, Moo 6, Tambon Nong Irun, Amphoe Ban Bueng, Chon Buri",20220,Chon Buri,13.2823839,101.2583832,pharmacy,0,0,038 260 275,,,"['pharmacy', 'health', 'store', 'point_of_interest', 'establishment']","448/33, Moo 6, Tambon Nong Irun, Amphoe Ban Bueng, Chon Buri, 20220",0,Active,0,0,FALSE,scraped,0,Chon Buri,YES,
ChIJ3zO8dKssAzERNufc1NHJyAU,ChIJ3zO8dKssAzERNufc1NHJyAU,Song Chai Pha Nit Pharmacy,Independent,Pharmacy (independent),TARGET,,"134/1, Moo 1, Tambon Bo Thong, Amphoe Bo Thong, Chon Buri",20270,Chon Buri,13.2817797,101.4382498,pharmacy,0,0,038 211 023,,,"['pharmacy', 'health', 'point_of_interest', 'store', 'establishment']","134/1, Moo 1, Tambon Bo Thong, Amphoe Bo Thong, Chon Buri, 20270",0,Active,0,0,FALSE,scraped,0,Chon Buri,YES,
ChIJbfmCF6ssAzERBX9lmPE6Fdk,ChIJbfmCF6ssAzERBX9lmPE6Fdk,Thong Medical Supplies,Independent (no name keyword),Pharmacy (independent),TARGET,,Bo Thong,Bo Thong District,Chon Buri,13.282731,101.4374938,pharmacy,5,4,038 211 022,Monday: 8:00 AM – 8:00 PM | Tuesday: 8:00 AM – 8:00 PM | Wednesday: 8:00 AM – 8:00 PM | Thursday: 8:00 AM – 8:00 PM | Friday: 8:00 AM – 8:00 PM | Saturday: 8:00 AM – 8:00 PM | Sunday: 8:00 AM – 8:00 PM,,"['pharmacy', 'health', 'point_of_interest', 'store', 'establishment']","Bo Thong, Bo Thong District",0,Active,0,0,FALSE,scraped,0,Chon Buri,YES,
ChIJsQtwG6ssAzERwYBCeW_Z4rc,ChIJsQtwG6ssAzERwYBCeW_Z4rc,Sirichai Phesat,Independent (no name keyword),Pharmacy (independent),TARGET,,"99/69, Moo 1, Tambon Bo Thong, Amphoe Bo Thong, Chon Buri",20270,Chon Buri,13.282385,101.437154,pharmacy,0,0,038 211 184,,,"['pharmacy', 'health', 'point_of_interest', 'store', 'establishment']","99/69, Moo 1, Tambon Bo Thong, Amphoe Bo Thong, Chon Buri, 20270",0,Active,0,0,FALSE,scraped,0,Chon Buri,YES,
ChIJ11F--KssAzER_L7lpRDnIBI,ChIJ11F--KssAzER_L7lpRDnIBI,Tid Thong Wetchaphan,Independent (no name keyword),Pharmacy (independent),TARGET,,"460, 15 Sukkhaphan Thavorn Road, Tambon Bo Thong",Amphoe Bo Thong,Chon Buri,13.2791275,101.4395801,pharmacy,0,0,038 211 022,,,"['pharmacy', 'health', 'point_of_interest', 'store', 'establishment']","460, 15 Sukkhaphan Thavorn Road, Tambon Bo Thong, Amphoe Bo Thong",0,Active,0,0,FALSE,scraped,0,Chon Buri,YES,
ChIJb3TmpJIrAzERfarLzqUE1ug,ChIJb3TmpJIrAzERfarLzqUE1ug,กู๊ดฟาร์ม่า เภสัช (Good Pharma Bhaesaj),เภสัช (Independent),Pharmacy (independent),TARGET,,Bo Thong District,Chon Buri,Chon Buri,13.2824316,101.4332867,pharmacy,0,0,065 661 4224,Monday: 7:00 AM – 8:30 PM | Tuesday: 7:00 AM – 8:30 PM | Wednesday: 7:00 AM – 8:30 PM | Thursday: 7:00 AM – 8:30 PM | Friday: 7:00 AM – 8:30 PM | Saturday: 7:00 AM – 8:30 PM | Sunday: 7:00 AM – 8:30 PM,https://www.facebook.com/GOODPHARMABHAESAJ,"['pharmacy', 'hospital', 'health', 'point_of_interest', 'store', 'establishment']",Bo Thong District,0,Active,0,0,FALSE,scraped,0,Chon Buri,YES,
ChIJZQNrV6czHTERc2r8dNtXt1A,ChIJZQNrV6czHTERc2r8dNtXt1A,ร้านยารุ่งอรุณเภสัช บ้านบึง ชลบุรี RUNG ARUN PHARMACY 药店,ร้านยา (Independent),Pharmacy (independent),TARGET,,"บ้านบึง, 22 ถนน มาบกรูด",Amphoe Ban Bueng,Chon Buri,13.3024847,101.1191663,pharmacy,5,12,062 462 6548,Monday: 7:00 AM – 9:00 PM | Tuesday: 7:00 AM – 9:00 PM | Wednesday: 7:00 AM – 9:00 PM | Thursday: 7:00 AM – 9:00 PM | Friday: 7:00 AM – 9:00 PM | Saturday: 7:00 AM – 9:00 PM | Sunday: 7:00 AM – 9:00 PM,https://lin.ee/5IRFdA8,"['pharmacy', 'health', 'store', 'point_of_interest', 'establishment']","บ้านบึง, 22 ถนน มาบกรูด, Amphoe Ban Bueng",0,Active,0,0,FALSE,scraped,0,Chon Buri,YES,
ChIJuVnc_CgzHTERkH_zlKY_h4k,ChIJuVnc_CgzHTERkH_zlKY_h4k,GNC General Nutrition,Independent (no name keyword),Pharmacy (independent),TARGET,,"218, Moo 10, Royal Garden Building, 1st Floor, Tambon Nong Prue, Amphoe Bang Lamung, Chon Buri",20150,Chon Buri,13.30758,101.112982,pharmacy,0,0,038 710 928,,,"['pharmacy', 'health', 'store', 'point_of_interest', 'establishment']","218, Moo 10, Royal Garden Building, 1st Floor, Tambon Nong Prue, Amphoe Bang Lamung, Chon Buri, 20150",0,Active,0,0,FALSE,scraped,0,Chon Buri,YES,
ChIJ74srG84yHTERTsJqyX3PBfk,ChIJ74srG84yHTERTsJqyX3PBfk,Hatthathip,Independent (no name keyword),Pharmacy (independent),TARGET,,"843H+R8J, Ban Bueng",Ban Bueng District,Chon Buri,13.3045792,101.1282756,pharmacy,3.8,5,,,,"['pharmacy', 'health', 'store', 'point_of_interest', 'establishment']","843H+R8J, Ban Bueng, Ban Bueng District",0,Active,0,0,FALSE,scraped,0,Chon Buri,YES,
ChIJj63A2aTSAjERoxc-0gYUdEU,ChIJj63A2aTSAjERoxc-0gYUdEU,Suwat Pharmacy Limited Partnership,Independent,Pharmacy (independent),TARGET,,"50 ถนน ประโยชน์เนื่องจำนงค์ 2, Tambon Ban Bueng",Amphoe Ban Bueng,Chon Buri,13.308815,101.116436,pharmacy,0,0,038 443 324,,,"['pharmacy', 'health', 'store', 'point_of_interest', 'establishment']","50 ถนน ประโยชน์เนื่องจำนงค์ 2, Tambon Ban Bueng, Amphoe Ban Bueng",0,Active,0,0,FALSE,scraped,0,Chon Buri,YES,
ChIJ3Q8dStcyHTERch1-byzutq0,ChIJ3Q8dStcyHTERch1-byzutq0,Sawang Pharmacy,Independent,Pharmacy (independent),TARGET,,"845C+8QW, Ban Bueng",Ban Bueng District,Chon Buri,13.3083627,101.1219414,pharmacy,0,0,092 434 9991,,,"['pharmacy', 'health', 'store', 'point_of_interest', 'establishment']","845C+8QW, Ban Bueng, Ban Bueng District",0,Active,0,0,FALSE,scraped,0,Chon Buri,YES,
ChIJhQXBNowzHTERzSZ0vlSxZ0U,ChIJhQXBNowzHTERzSZ0vlSxZ0U,พีเจฟาร์ม่ส PJ Pharma,Independent (no name keyword),Pharmacy (independent),TARGET,,"617, 13-14 ถนน สถาวร, Tambon Ban Bueng",Amphoe Ban Bueng,Chon Buri,13.3087125,101.120941,pharmacy,0,0,,,,"['pharmacy', 'health', 'store', 'point_of_interest', 'establishment']","617, 13-14 ถนน สถาวร, Tambon Ban Bueng, Amphoe Ban Bueng",0,Active,0,0,FALSE,scraped,0,Chon Buri,YES,
ChIJ71Pt8SczHTERUz7nnFpJFqs,ChIJ71Pt8SczHTERUz7nnFpJFqs,Ban Cha Phesat,Independent (no name keyword),Pharmacy (independent),TARGET,,"7, Moo 1, Baworn Sathid Road, Tambon Ban Bueng, Amphoe Ban Bueng, Chon Buri",20170,Chon Buri,13.3111121,101.1158022,pharmacy,0,0,038 444 341,,,"['pharmacy', 'health', 'store', 'point_of_interest', 'establishment']","7, Moo 1, Baworn Sathid Road, Tambon Ban Bueng, Amphoe Ban Bueng, Chon Buri, 20170",0,Active,0,0,FALSE,scraped,0,Chon Buri,YES,
ChIJfcQh3SczHTERQyoPBU-lNzM,ChIJfcQh3SczHTERQyoPBU-lNzM,Dr. Sawang Dispensary Sakhon,Independent (dispensary),Pharmacy (independent),TARGET,,"24 Vitooldamri Road, Tambon Ban Bueng",Amphoe Ban Bueng,Chon Buri,13.3116167,101.1146135,pharmacy,0,0,,,,"['pharmacy', 'health', 'store', 'point_of_interest', 'establishment']","24 Vitooldamri Road, Tambon Ban Bueng, Amphoe Ban Bueng",0,Active,0,0,FALSE,scraped,0,Chon Buri,YES,
ChIJ10irmi4zHTERDWjPe5vnzFk,ChIJ10irmi4zHTERDWjPe5vnzFk,บ้านยาสวัสดี (Baanya Sawasdee),Independent (no name keyword),Pharmacy (independent),TARGET,,"64, บ้านบึง",Amphoe Ban Bueng,Chon Buri,13.3047073,101.1346172,pharmacy,5,2,092 249 8338,Monday: 7:00 AM – 10:00 PM | Tuesday: 7:00 AM – 10:00 PM | Wednesday: 7:00 AM – 10:00 PM | Thursday: 7:00 AM – 10:00 PM | Friday: 7:00 AM – 10:00 PM | Saturday: 7:00 AM – 10:00 PM | Sunday: 7:00 AM – 10:00 PM,,"['pharmacy', 'health', 'store', 'point_of_interest', 'establishment']","64, บ้านบึง, Amphoe Ban Bueng",0,Active,0,0,FALSE,scraped,0,Chon Buri,YES,
ChIJ9TohrXQzHTERScKuteE7uvo,ChIJ9TohrXQzHTERScKuteE7uvo,Dpharmacy Banbueng 1,Independent,Pharmacy (independent),TARGET,,"160 Chon Buri - Ban Bueng Road, Tambon Ban Bueng",Amphoe Ban Bueng,Chon Buri,13.3144508,101.1087442,pharmacy,4.6,24,095 167 1803,Monday: 8:00 AM – 8:00 PM | Tuesday: 8:00 AM – 8:00 PM | Wednesday: 8:00 AM – 8:00 PM | Thursday: 8:00 AM – 8:00 PM | Friday: 8:00 AM – 8:00 PM | Saturday: 8:00 AM – 8:00 PM | Sunday: 8:00 AM – 8:00 PM,https://www.facebook.com/Dpharmacyonline/,"['pharmacy', 'health', 'store', 'point_of_interest', 'establishment']","160 Chon Buri - Ban Bueng Road, Tambon Ban Bueng, Amphoe Ban Bueng",0,Active,0,0,FALSE,scraped,0,Chon Buri,YES,
ChIJrUOubfc0HTER04AWmMB6YGY,ChIJrUOubfc0HTER04AWmMB6YGY,Chalothon Pharmacy,Independent,Pharmacy (independent),TARGET,,"87/24 344, Tambon Nong Ri",Amphoe Mueang Chon Buri,Chon Buri,13.3439039,101.0384971,pharmacy,0,0,,,,"['pharmacy', 'health', 'point_of_interest', 'store', 'establishment']","87/24 344, Tambon Nong Ri, Amphoe Mueang Chon Buri",0,Active,0,0,FALSE,scraped,0,Chon Buri,YES,
ChIJeeP5bPc0HTERGX2p1QFN2DU,ChIJeeP5bPc0HTERGX2p1QFN2DU,Sarothorn Pharmacy,Independent,Pharmacy (independent),TARGET,,"82VQ+G9Q, Nong Ri",Chon Buri District,Chon Buri,13.3438429,101.0384934,pharmacy,0,0,,,,"['pharmacy', 'health', 'point_of_interest', 'store', 'establishment']","82VQ+G9Q, Nong Ri, Chon Buri District",0,Active,0,0,FALSE,scraped,0,Chon Buri,YES,
ChIJ51NJsxYzHTERMiqVFmnm3a8,ChIJ51NJsxYzHTERMiqVFmnm3a8,"Paragon Pharma Co., Ltd. (บจก. พารากอน ฟาร์มา)",Independent (no name keyword),Pharmacy (independent),TARGET,,"99/33, 34 ม.1, Tambon Nong Bon Daeng",Amphoe Ban Bueng,Chon Buri,13.3459317,101.1206005,pharmacy,0,0,064 789 2455,Monday: 7:00 AM – 9:00 PM | Tuesday: 7:00 AM – 9:00 PM | Wednesday: 7:00 AM – 9:00 PM | Thursday: 7:00 AM – 9:00 PM | Friday: 7:00 AM – 9:00 PM | Saturday: 7:00 AM – 9:00 PM | Sunday: 7:00 AM – 9:00 PM,https://www.facebook.com/Paragon-Pharma-Thailand-%E0%B8%9A%E0%B9%89%E0%B8%B2%E0%B8%99%E0%B8%A2%E0%B8%B2%E0%B8%9E%E0%B8%B2%E0%B8%A3%E0%B8%B2%E0%B8%81%E0%B8%AD%E0%B8%99-100325355524276/,"['pharmacy', 'health', 'store', 'point_of_interest', 'establishment']","99/33, 34 ม.1, Tambon Nong Bon Daeng, Amphoe Ban Bueng",0,Active,0,0,FALSE,scraped,0,Chon Buri,YES,
ChIJJehBdFszHTERA8j88Y3FPfM,ChIJJehBdFszHTERA8j88Y3FPfM,WELLPLUS PHARMACY,Independent,Pharmacy (independent),TARGET,,"ทางหลวงชนบท ชบ.3023, Tambon Map Phai",Amphoe Ban Bueng,Chon Buri,13.3377716,101.1188872,pharmacy,3,2,082 924 6226,Monday: 7:00 AM – 10:00 PM | Tuesday: 7:00 AM – 10:00 PM | Wednesday: 7:00 AM – 10:00 PM | Thursday: 7:00 AM – 10:00 PM | Friday: 7:00 AM – 10:00 PM | Saturday: 7:00 AM – 10:00 PM | Sunday: 7:00 AM – 10:00 PM,,"['pharmacy', 'health', 'store', 'point_of_interest', 'establishment']","ทางหลวงชนบท ชบ.3023, Tambon Map Phai, Amphoe Ban Bueng",0,Active,0,0,FALSE,scraped,0,Chon Buri,YES,
ChIJga1hhEEsHTER9-EACH-OpYA,ChIJga1hhEEsHTER9-EACH-OpYA,SUIJUE PHARMACY,Independent,Pharmacy (independent),TARGET,,"964G+PWV, Mon Nang",Phanat Nikhom District,Chon Buri,13.3568651,101.2273082,pharmacy,5,4,038 293 070,Monday: 6:00 AM – 8:00 PM | Tuesday: 6:00 AM – 8:00 PM | Wednesday: 6:00 AM – 8:00 PM | Thursday: 6:00 AM – 8:00 PM | Friday: 6:00 AM – 8:00 PM | Saturday: 6:00 AM – 8:00 PM | Sunday: 6:00 AM – 8:00 PM,,"['pharmacy', 'health', 'point_of_interest', 'store', 'establishment']","964G+PWV, Mon Nang, Phanat Nikhom District",0,Active,0,0,FALSE,scraped,0,Chon Buri,YES,
ChIJZ-7JYQC3AjER-jfF6ypyHkc,ChIJZ-7JYQC3AjER-jfF6ypyHkc,健康ファーマシー（Kenko Pharmacy）,Independent,Pharmacy (independent),TARGET,,"13°10'02.7""N 100°56'03.4""E, 58 Sriracha Nakorn 3Rd., Sriracha, Sriracha District, Chonburi, 20110 Thailand",​ Sriracha,Chon Buri,13.1689545,100.9297387,pharmacy,3.9,21,,Monday: 11:00 AM – 6:00 PM | Tuesday: Closed | Wednesday: Closed | Thursday: 11:00 AM – 6:00 PM | Friday: 11:00 AM – 6:00 PM | Saturday: 10:00 AM – 7:00 PM | Sunday: 10:00 AM – 7:00 PM,https://ameblo.jp/sriracha-kenko,"['pharmacy', 'health', 'store', 'point_of_interest', 'establishment']","13°10'02.7""N 100°56'03.4""E, 58 Sriracha Nakorn 3Rd., Sriracha, Sriracha District, Chonburi, 20110 Thailand, ​ Sriracha",0,Active,0,0,FALSE,scraped,0,Chon Buri,YES,
ChIJ79Jt0lK2AjERLbo7QW5_Jy8,ChIJ79Jt0lK2AjERLbo7QW5_Jy8,SP Pharmacy,Independent,Pharmacy (independent),TARGET,,"135/17, Moo 2, Tambon Surasak, Amphoe Si Racha, Chon Buri",20110,Chon Buri,13.1699156,100.9446233,pharmacy,0,0,038 240 035,,,"['pharmacy', 'health', 'store', 'point_of_interest', 'establishment']","135/17, Moo 2, Tambon Surasak, Amphoe Si Racha, Chon Buri, 20110",0,Active,0,0,FALSE,scraped,0,Chon Buri,YES,
ChIJZ9SD0lK2AjERhsMGkaJM488,ChIJZ9SD0lK2AjERhsMGkaJM488,Suphot Osot,Independent (no name keyword),Pharmacy (independent),TARGET,,"101 3, Tambon Surasak",Amphoe Si Racha,Chon Buri,13.1698793,100.9446608,pharmacy,0,0,038 313 969,,,"['pharmacy', 'health', 'store', 'point_of_interest', 'establishment']","101 3, Tambon Surasak, Amphoe Si Racha",0,Active,0,0,FALSE,scraped,0,Chon Buri,YES,
ChIJ_-4uHFW2AjERxmE5ru09rFs,ChIJ_-4uHFW2AjERxmE5ru09rFs,Siriphop Phesat,Independent (no name keyword),Pharmacy (independent),TARGET,,"74/35, Moo 1, Soi Wat Wang Hin, Tambon Surasak, Amphoe Amphoe Si Racha, Chon Buri",20110,Chon Buri,13.171781,100.938113,pharmacy,1,1,038 310 369,,,"['pharmacy', 'health', 'store', 'point_of_interest', 'establishment']","74/35, Moo 1, Soi Wat Wang Hin, Tambon Surasak, Amphoe Amphoe Si Racha, Chon Buri, 20110",0,Active,0,0,FALSE,scraped,0,Chon Buri,YES,
ChIJTV1Sa1W2AjERZtheKX95b1g,ChIJTV1Sa1W2AjERZtheKX95b1g,Wang Hin Pharmacy,Independent,Pharmacy (independent),TARGET,,"5WCP+QQR, Si Racha",Si Racha District,Chon Buri,13.17199,100.936889,pharmacy,4.8,4,084 738 5419,,,"['pharmacy', 'health', 'store', 'point_of_interest', 'establishment']","5WCP+QQR, Si Racha, Si Racha District",0,Active,0,0,FALSE,scraped,0,Chon Buri,YES,
ChIJIZOZKwC3AjEREpgASh1stwg,ChIJIZOZKwC3AjEREpgASh1stwg,P&F Smooth life เซ็นทรัลศรีราชา,Independent (no name keyword),Pharmacy (independent),TARGET,,"8 ห้องเลขที่ 186 ชั้น 1, เซ็นทรัลศรีราชา, Sukhumvit Road, ต.ศรีราชา",Amphoe Si Racha,Chon Buri,13.1788885,100.9311065,pharmacy,5,103,081 234 9363,Monday: 10:00 AM – 8:30 PM | Tuesday: 10:00 AM – 8:30 PM | Wednesday: 10:00 AM – 8:30 PM | Thursday: 10:00 AM – 8:30 PM | Friday: 10:00 AM – 8:30 PM | Saturday: 10:00 AM – 8:30 PM | Sunday: 10:00 AM – 8:30 PM,,"['pharmacy', 'health', 'store', 'point_of_interest', 'establishment']","8 ห้องเลขที่ 186 ชั้น 1, เซ็นทรัลศรีราชา, Sukhumvit Road, ต.ศรีราชา, Amphoe Si Racha",0,Active,0,0,FALSE,scraped,0,Chon Buri,YES,
ChIJTbrK3P62AjER2BBTkrixF50,ChIJTbrK3P62AjER2BBTkrixF50,Phesatchakorn Sunisa,Independent (no name keyword),Pharmacy (independent),TARGET,,"119/7, Soi 7, Sukhumvit Road, Tambon Si Racha, Amphoe Si Racha, Chon Buri",20110,Chon Buri,13.1747643,100.931967,pharmacy,0,0,038 311 335,,,"['pharmacy', 'health', 'store', 'point_of_interest', 'establishment']","119/7, Soi 7, Sukhumvit Road, Tambon Si Racha, Amphoe Si Racha, Chon Buri, 20110",0,Active,0,0,FALSE,scraped,0,Chon Buri,YES,
ChIJ11NYrP-2AjERSHm8FAmtiHQ,ChIJ11NYrP-2AjERSHm8FAmtiHQ,Siraphop Phramacy,Independent (no name keyword),Pharmacy (independent),TARGET,,5WFM+343,Si Racha District,Chon Buri,13.1726393,100.9327824,pharmacy,5,1,,,,"['pharmacy', 'health', 'store', 'point_of_interest', 'establishment']","5WFM+343, Si Racha District",0,Active,0,0,FALSE,scraped,0,Chon Buri,YES,
ChIJh_dQVGa3AjERDjPud08SpU4,ChIJh_dQVGa3AjERDjPud08SpU4,ร้านขายยา Interpharma,Independent (no name keyword),Pharmacy (independent),TARGET,,165/39-40 Moo 10,อำเภอศรีราชา,Chon Buri,13.167578,100.9360965,pharmacy,5,20,092 319 8898,Monday: 10:00 AM – 10:00 PM | Tuesday: 10:00 AM – 10:00 PM | Wednesday: 10:00 AM – 10:00 PM | Thursday: 10:00 AM – 10:00 PM | Friday: 10:00 AM – 10:00 PM | Saturday: 10:00 AM – 10:00 PM | Sunday: 10:00 AM – 10:00 PM,https://lin.ee/esmLm2z,"['pharmacy', 'health', 'store', 'point_of_interest', 'establishment']","165/39-40 Moo 10, อำเภอศรีราชา",0,Active,0,0,FALSE,scraped,0,Chon Buri,YES,
ChIJK7cL6s-3AjER66aNsWY6FY4,ChIJK7cL6s-3AjER66aNsWY6FY4,mirai pharmacy [BLEZ BROUP],Independent,Pharmacy (independent),TARGET,,"5W8P+Q3P, Si Racha",Si Racha District,Chon Buri,13.1669581,100.9352083,pharmacy,0,0,092 223 1252,Monday: 8:00 AM – 10:00 PM | Tuesday: 8:00 AM – 10:00 PM | Wednesday: 8:00 AM – 10:00 PM | Thursday: 8:00 AM – 10:00 PM | Friday: 8:00 AM – 10:00 PM | Saturday: 8:00 AM – 10:00 PM | Sunday: 8:00 AM – 10:00 PM,https://miraipharmacy.com/,"['pharmacy', 'health', 'store', 'point_of_interest', 'establishment']","5W8P+Q3P, Si Racha, Si Racha District",0,Active,0,0,FALSE,scraped,0,Chon Buri,YES,
ChIJ8RNW0Oy5AjERgdIbv25WPjs,ChIJ8RNW0Oy5AjERgdIbv25WPjs,Blez Pharmacy Group ブレズ薬局グループ 未來ファーマシー シーラチャ店/MAXVALUE Supermarket AEON Mall Shiracha Chonburi,Independent,Pharmacy (independent),TARGET,,"165, 133",Si Racha District,Chon Buri,13.1670547,100.9345843,pharmacy,0,0,092 223 1252,Monday: 8:00 AM – 10:00 PM | Tuesday: 8:00 AM – 10:00 PM | Wednesday: 8:00 AM – 10:00 PM | Thursday: 8:00 AM – 10:00 PM | Friday: 8:00 AM – 10:00 PM | Saturday: 8:00 AM – 10:00 PM | Sunday: 8:00 AM – 10:00 PM,https://blez-web.com/,"['drugstore', 'pharmacy', 'health', 'store', 'point_of_interest', 'establishment']","165, 133, Si Racha District",0,Active,0,0,FALSE,scraped,0,Chon Buri,YES,
ChIJby6qbrC3AjERIO2KDQD-0TA,ChIJby6qbrC3AjERIO2KDQD-0TA,Phanya Pharmacy,Independent,Pharmacy (independent),TARGET,,5W5X+M9G,Si Racha District,Chon Buri,13.1591815,100.9484607,pharmacy,4.7,3,095 716 4582,Monday: 9:00 AM – 9:00 PM | Tuesday: 9:00 AM – 9:00 PM | Wednesday: 9:00 AM – 9:00 PM | Thursday: 9:00 AM – 9:00 PM | Friday: 9:00 AM – 9:00 PM | Saturday: 9:00 AM – 9:00 PM | Sunday: 9:00 AM – 9:00 PM,,"['pharmacy', 'health', 'store', 'point_of_interest', 'establishment']","5W5X+M9G, Si Racha District",0,Active,0,0,FALSE,scraped,0,Chon Buri,YES,
ChIJIRmwZQC3AjERHXyceioZUVg,ChIJIRmwZQC3AjERHXyceioZUVg,Paradise Mai,Independent (no name keyword),Pharmacy (independent),TARGET,,"5W5X+JGC, Surasak",Si Racha District,Chon Buri,13.1590729,100.948764,pharmacy,0,0,064 317 4042,,,"['pharmacy', 'health', 'store', 'point_of_interest', 'establishment']","5W5X+JGC, Surasak, Si Racha District",0,Active,0,0,FALSE,scraped,0,Chon Buri,YES,
ChIJw7Ts6wG3AjERaV707wDGLl0,ChIJw7Ts6wG3AjERaV707wDGLl0,KS Pharmacy,Independent,Pharmacy (independent),TARGET,,"2-4 ถ ศรีราชา นคร 3 ต ศรีราชา อ ศรีราชา จ ชลบุรี 20110, 3, ตำบล ศรีราชา",อำเภอศรีราชา,Chon Buri,13.1689061,100.9309381,pharmacy,4.3,3,,,,"['pharmacy', 'health', 'store', 'point_of_interest', 'establishment']","2-4 ถ ศรีราชา นคร 3 ต ศรีราชา อ ศรีราชา จ ชลบุรี 20110, 3, ตำบล ศรีราชา, อำเภอศรีราชา",0,Active,0,0,FALSE,scraped,0,Chon Buri,YES,
ChIJkbZOJLi3AjERcI4lI0ZD5kE,ChIJkbZOJLi3AjERcI4lI0ZD5kE,Ek Pharmacy,Independent,Pharmacy (independent),TARGET,,Si Racha District,Chon Buri,Chon Buri,13.1573516,100.956227,pharmacy,5,2,,Monday: 9:00 AM – 9:00 PM | Tuesday: 9:00 AM – 9:00 PM | Wednesday: 9:00 AM – 9:00 PM | Thursday: 9:00 AM – 9:00 PM | Friday: 9:00 AM – 9:00 PM | Saturday: 9:00 AM – 9:00 PM | Sunday: 9:00 AM – 9:00 PM,https://www.facebook.com/profile.php?id=100070280917991,"['pharmacy', 'health', 'store', 'point_of_interest', 'establishment']",Si Racha District,0,Active,0,0,FALSE,scraped,0,Chon Buri,YES,
ChIJcRZ7FVm3AjERvfidqGM_aMo,ChIJcRZ7FVm3AjERvfidqGM_aMo,Rachavej Pharmacy: Sriracha Pharmacy (Pharmacy/Drugstore),Independent,Pharmacy (independent),TARGET,,"ร้านยาราชาเวช, 62 Sukhumvit Road",Tambon Si Racha,Chon Buri,13.165935,100.9299279,pharmacy,5,31,095 218 2549,Monday: 9:00 AM – 11:00 PM | Tuesday: 9:00 AM – 11:00 PM | Wednesday: 9:00 AM – 11:00 PM | Thursday: 9:00 AM – 11:00 PM | Friday: 9:00 AM – 12:00 AM | Saturday: 9:00 AM – 12:00 AM | Sunday: 9:00 AM – 11:00 PM,,"['pharmacy', 'health', 'store', 'point_of_interest', 'establishment']","ร้านยาราชาเวช, 62 Sukhumvit Road, Tambon Si Racha",0,Active,0,0,FALSE,scraped,0,Chon Buri,YES,
ChIJqyP8Tk23AjERYr1h9G5u9xM,ChIJqyP8Tk23AjERYr1h9G5u9xM,Dpharmacy Phyathai Hospital,Independent,Pharmacy (independent),TARGET,,106 Si Racha Nakhon 3,Amphoe Si Racha,Chon Buri,13.1683568,100.9276286,pharmacy,5,7,095 167 1797,Monday: 8:00 AM – 8:00 PM | Tuesday: 8:00 AM – 8:00 PM | Wednesday: 8:00 AM – 8:00 PM | Thursday: 8:00 AM – 8:00 PM | Friday: 8:00 AM – 8:00 PM | Saturday: 8:00 AM – 8:00 PM | Sunday: 8:00 AM – 8:00 PM,,"['pharmacy', 'health', 'store', 'point_of_interest', 'establishment']","106 Si Racha Nakhon 3, Amphoe Si Racha",0,Active,0,0,FALSE,scraped,0,Chon Buri,YES,
ChIJOUMJVPu3AjERDt1B8eU2hGg,ChIJOUMJVPu3AjERDt1B8eU2hGg,Care Plus Pharmacy (Siracha) ケアプラス ドラッグストア ร้านขายยา,Independent,Pharmacy (independent),TARGET,,"19, 5 Jerm Jom Phon Road, Tambon Si Racha",Amphoe Si Racha,Chon Buri,13.1709854,100.9262259,pharmacy,5,10,095 359 5144,Monday: 9:30 AM – 11:00 PM | Tuesday: 9:30 AM – 11:00 PM | Wednesday: 9:30 AM – 11:00 PM | Thursday: 9:30 AM – 11:00 PM | Friday: 9:30 AM – 11:00 PM | Saturday: 9:30 AM – 11:00 PM | Sunday: 9:30 AM – 11:00 PM,http://shorturl.at/rCT67,"['pharmacy', 'health', 'store', 'point_of_interest', 'establishment']","19, 5 Jerm Jom Phon Road, Tambon Si Racha, Amphoe Si Racha",0,Active,0,0,FALSE,scraped,0,Chon Buri,YES,
ChIJC-5vatC0AjERxfldiGyRTP8,ChIJC-5vatC0AjERxfldiGyRTP8,PEACH Pharmacy,Independent,Pharmacy (independent),TARGET,,122/7 Thanon Khao Lam,Amphoe Mueang Chon Buri,Chon Buri,13.2969226,100.9259405,pharmacy,4.7,3,081 365 4999,Monday: 5:00 – 9:00 PM | Tuesday: 5:00 – 9:00 PM | Wednesday: 5:00 – 9:00 PM | Thursday: 5:00 – 9:00 PM | Friday: 5:00 – 9:00 PM | Saturday: 10:00 AM – 9:00 PM | Sunday: 10:00 AM – 9:00 PM,,"['pharmacy', 'drugstore', 'health', 'point_of_interest', 'store', 'establishment']","122/7 Thanon Khao Lam, Amphoe Mueang Chon Buri",0,Active,0,0,FALSE,scraped,0,Chon Buri,YES,
ChIJo5ng8pBKHTER1EzOZmpHa8I,ChIJo5ng8pBKHTER1EzOZmpHa8I,เรือนธรรมชาติ ชลบุรี RueanThamMaChat Chonburi,Independent (no name keyword),Pharmacy (independent),TARGET,,"44 ม.7, Tambon Samet",Amphoe Mueang Chon Buri,Chon Buri,13.2960516,100.9451375,pharmacy,4.5,8,092 516 2941,Monday: 9:00 AM – 6:00 PM | Tuesday: 9:00 AM – 6:00 PM | Wednesday: 9:00 AM – 6:00 PM | Thursday: 9:00 AM – 6:00 PM | Friday: 9:00 AM – 6:00 PM | Saturday: 9:00 AM – 6:00 PM | Sunday: 9:00 AM – 6:00 PM,,"['pharmacy', 'health', 'point_of_interest', 'store', 'establishment']","44 ม.7, Tambon Samet, Amphoe Mueang Chon Buri",0,Active,0,0,FALSE,scraped,0,Chon Buri,YES,
ChIJm0q08jG1AjERArwEc-myX2Q,ChIJm0q08jG1AjERArwEc-myX2Q,JJ Phesat,Independent (no name keyword),Pharmacy (independent),TARGET,,"222, Moo 4, Sukhumvit Road, Tambon Huai Kapi, Amphoe Mueang Chon Buri, Chon Buri",20000,Chon Buri,13.2997076,100.94819,pharmacy,3,1,038 383 499,,,"['pharmacy', 'health', 'point_of_interest', 'store', 'establishment']","222, Moo 4, Sukhumvit Road, Tambon Huai Kapi, Amphoe Mueang Chon Buri, Chon Buri, 20000",0,Active,0,0,FALSE,scraped,0,Chon Buri,YES,
ChIJ4fZ_bSG1AjERuKTXI_wgA3A,ChIJ4fZ_bSG1AjERuKTXI_wgA3A,Thong Bai Pharmacy,Independent,Pharmacy (independent),TARGET,,"59/16, Moo 5, Tambon Huai Kapi, Amphoe Mueang Chon Buri, Chon Buri, 20000",Sukhumvit Road,Chon Buri,13.2872609,100.939953,pharmacy,0,0,038 381 443,,,"['pharmacy', 'health', 'point_of_interest', 'store', 'establishment']","59/16, Moo 5, Tambon Huai Kapi, Amphoe Mueang Chon Buri, Chon Buri, 20000, Sukhumvit Road",0,Active,0,0,FALSE,scraped,0,Chon Buri,YES,
ChIJA70asuNLHTERHeWw0w8zdkY,ChIJA70asuNLHTERHeWw0w8zdkY,Tookjai Pharmacy,Independent,Pharmacy (independent),TARGET,,"127, near Pornprasert Market, 22, Tambon Muang",Muang,Chon Buri,13.2771183,100.956649,pharmacy,5,1,061 754 1135,Monday: 7:00 AM – 10:00 PM | Tuesday: 7:00 AM – 10:00 PM | Wednesday: 7:00 AM – 10:00 PM | Thursday: 7:00 AM – 10:00 PM | Friday: 7:00 AM – 10:00 PM | Saturday: 7:00 AM – 10:00 PM | Sunday: 7:00 AM – 10:00 PM,,"['pharmacy', 'health', 'point_of_interest', 'store', 'establishment']","127, near Pornprasert Market, 22, Tambon Muang, Muang",0,Active,0,0,FALSE,scraped,0,Chon Buri,YES,
ChIJ6eTiBdu1AjERPnx6uhil7bg,ChIJ6eTiBdu1AjERPnx6uhil7bg,PANICH PHARMACY (ร้านขายยา),Independent,Pharmacy (independent),TARGET,,"บ้าน, เลขที่ 82 ซอย 6, Tambon Saen Suk",Amphoe Mueang Chon Buri,Chon Buri,13.2878801,100.9371674,pharmacy,0,0,088 629 9323,,,"['pharmacy', 'health', 'point_of_interest', 'store', 'establishment']","บ้าน, เลขที่ 82 ซอย 6, Tambon Saen Suk, Amphoe Mueang Chon Buri",0,Temporarily Closed,0,0,FALSE,scraped,0,Chon Buri,YES,
ChIJsY4bxCe1AjERWhTIkfHVLps,ChIJsY4bxCe1AjERWhTIkfHVLps,Pharmacies Pharmacist 4,Independent (no name keyword),Pharmacy (independent),TARGET,,"81, Moo 4, Tambon Ban Puek, Amphoe Mueang Chon Buri, Chon Buri",20000,Chon Buri,13.2941687,100.9372903,pharmacy,0,0,081 435 1474,,,"['pharmacy', 'health', 'point_of_interest', 'store', 'establishment']","81, Moo 4, Tambon Ban Puek, Amphoe Mueang Chon Buri, Chon Buri, 20000",0,Active,0,0,FALSE,scraped,0,Chon Buri,YES,
ChIJ87JmtGu1AjERL_YlOWm9UoE,ChIJ87JmtGu1AjERL_YlOWm9UoE,Thiti Phesat,Independent (no name keyword),Pharmacy (independent),TARGET,,"94 Santi Kasem Road, Tambon Saen Suk",Amphoe Mueang Chon Buri,Chon Buri,13.2796416,100.9620139,pharmacy,0,0,081 429 2098,,,"['pharmacy', 'health', 'point_of_interest', 'store', 'establishment']","94 Santi Kasem Road, Tambon Saen Suk, Amphoe Mueang Chon Buri",0,Active,0,0,FALSE,scraped,0,Chon Buri,YES,
ChIJtSmEQyG1AjERhpaHLbBv1ik,ChIJtSmEQyG1AjERhpaHLbBv1ik,ร้านยาณัชชาเวลเมด Nutcha Well Med,ร้านยา (Independent),Pharmacy (independent),TARGET,,"143, เวนิว หนองมน-ชลบุรี(B, 2 Thanon Saensook, ต.เหมือง",Amphoe Mueang Chon Buri,Chon Buri,13.2765361,100.9581235,pharmacy,5,2,088 941 4962,Monday: 5:00 – 9:00 PM | Tuesday: 5:00 – 9:00 PM | Wednesday: 5:00 – 9:00 PM | Thursday: 5:00 – 9:00 PM | Friday: 5:00 – 9:00 PM | Saturday: 5:00 – 10:00 PM | Sunday: 10:00 AM – 9:00 PM,,"['pharmacy', 'health', 'point_of_interest', 'store', 'establishment']","143, เวนิว หนองมน-ชลบุรี(B, 2 Thanon Saensook, ต.เหมือง, Amphoe Mueang Chon Buri",0,Active,0,0,FALSE,scraped,0,Chon Buri,YES,
ChIJJ-Thyx-1AjER73hGvqP0Gjk,ChIJJ-Thyx-1AjER73hGvqP0Gjk,Wason Bunjirakul,Independent (no name keyword),Pharmacy (independent),TARGET,,"11, Soi Sukhumvit 8, Sukhumvit Road, Tambon Saen Suk, Amphoe Mueang, Chon Buri",20130,Chon Buri,13.2813138,100.9365876,pharmacy,0,0,038 745 177,,,"['pharmacy', 'health', 'point_of_interest', 'store', 'establishment']","11, Soi Sukhumvit 8, Sukhumvit Road, Tambon Saen Suk, Amphoe Mueang, Chon Buri, 20130",0,Active,0,0,FALSE,scraped,0,Chon Buri,YES,
ChIJp_7Tzx-1AjERC0guZze2u8Y,ChIJp_7Tzx-1AjERC0guZze2u8Y,Sutthirat Osot,Independent (no name keyword),Pharmacy (independent),TARGET,,"6, Moo 3, Soi Talad Nongmon, Sukhumvit Road, Tambon Saen Suk, Amphoe Mueang Chon Buri, Chon Buri",20000,Chon Buri,13.2815,100.936224,pharmacy,0,0,038 390 149,,,"['pharmacy', 'health', 'point_of_interest', 'store', 'establishment']","6, Moo 3, Soi Talad Nongmon, Sukhumvit Road, Tambon Saen Suk, Amphoe Mueang Chon Buri, Chon Buri, 20000",0,Active,0,0,FALSE,scraped,0,Chon Buri,YES,
ChIJKaqLzB-1AjERB9nzPwy_uu8,ChIJKaqLzB-1AjERB9nzPwy_uu8,Phesatchakorn Wasan,Independent (no name keyword),Pharmacy (independent),TARGET,,"11 Soi 8, Tambon Saen Suk",Amphoe Mueang Chon Buri,Chon Buri,13.2810136,100.936487,pharmacy,0,0,038 390 253,,,"['pharmacy', 'health', 'point_of_interest', 'store', 'establishment']","11 Soi 8, Tambon Saen Suk, Amphoe Mueang Chon Buri",0,Active,0,0,FALSE,scraped,0,Chon Buri,YES,
ChIJ5QU6MR61AjER8VF6SVWepjg,ChIJ5QU6MR61AjER8VF6SVWepjg,Saen Suk Osot,Independent (no name keyword),Pharmacy (independent),TARGET,,"142 Thanon Santikasem, Tambon Saen Suk",Amphoe Mueang Chon Buri,Chon Buri,13.2801662,100.9367744,pharmacy,0,0,,,,"['pharmacy', 'health', 'point_of_interest', 'store', 'establishment']","142 Thanon Santikasem, Tambon Saen Suk, Amphoe Mueang Chon Buri",0,Active,0,0,FALSE,scraped,0,Chon Buri,YES,
ChIJYzIB2h-1AjERrasQEzi7Nak,ChIJYzIB2h-1AjERrasQEzi7Nak,Pha-care,Independent (no name keyword),Pharmacy (independent),TARGET,,"7WJP+M8G, Thanon Santikasem, Tambon Saen Suk",Amphoe Mueang Chon Buri,Chon Buri,13.2816796,100.9358405,pharmacy,0,0,,,,"['pharmacy', 'health', 'point_of_interest', 'store', 'establishment']","7WJP+M8G, Thanon Santikasem, Tambon Saen Suk, Amphoe Mueang Chon Buri",0,Active,0,0,FALSE,scraped,0,Chon Buri,YES,
ChIJz99e5sm1AjERpqrtjaEfiKg,ChIJz99e5sm1AjERpqrtjaEfiKg,Nongmon pharmacy,Independent,Pharmacy (independent),TARGET,,"7WJP+JFG, 73 Thanon Santikasem, Tambon Saen Suk",Amphoe Mueang Chon Buri,Chon Buri,13.280515,100.9359503,pharmacy,0,0,,,,"['pharmacy', 'health', 'point_of_interest', 'store', 'establishment']","7WJP+JFG, 73 Thanon Santikasem, Tambon Saen Suk, Amphoe Mueang Chon Buri",0,Active,0,0,FALSE,scraped,0,Chon Buri,YES,
ChIJbVCwfd60AjERNFKQskFinDI,ChIJbVCwfd60AjERNFKQskFinDI,Wutthiphong Pharmacy,Independent,Pharmacy (independent),TARGET,,"7WPJ+M4W, Saen Suk",Chon Buri District,Chon Buri,13.2867365,100.9303219,pharmacy,0,0,,,,"['pharmacy', 'health', 'point_of_interest', 'store', 'establishment']","7WPJ+M4W, Saen Suk, Chon Buri District",0,Active,0,0,FALSE,scraped,0,Chon Buri,YES,
ChIJOyx_a9-0AjERy19pSFcuhmk,ChIJOyx_a9-0AjERy19pSFcuhmk,Wangya HealthCare,Independent (no name keyword),Pharmacy (independent),TARGET,,"204, 206 Thanon Long Had Bangsaen, ต.แสนสุข",Amphoe Mueang Chon Buri,Chon Buri,13.2871775,100.9297006,pharmacy,4.5,11,097 495 5629,Monday: 8:00 AM – 9:00 PM | Tuesday: 8:00 AM – 9:00 PM | Wednesday: 8:00 AM – 9:00 PM | Thursday: 8:00 AM – 9:00 PM | Friday: 8:00 AM – 9:00 PM | Saturday: 8:00 AM – 9:00 PM | Sunday: 8:00 AM – 9:00 PM,,"['pharmacy', 'health', 'point_of_interest', 'store', 'establishment']","204, 206 Thanon Long Had Bangsaen, ต.แสนสุข, Amphoe Mueang Chon Buri",0,Active,0,0,FALSE,scraped,0,Chon Buri,YES,
ChIJC4GGWAC1AjERVMEO4oUmw9c,ChIJC4GGWAC1AjERVMEO4oUmw9c,ร้านยา Simplipharm ขายยา เครื่องสำอางค์,ร้านยา (Independent),Pharmacy (independent),TARGET,,"19, ซีไซด์​ แสนสุข, 16 ซอย, Tambon Saen Suk",Amphoe Mueang Chon Buri,Chon Buri,13.2846244,100.9289904,pharmacy,5,7,063 228 7829,Monday: 5:00 PM – 3:00 AM | Tuesday: 5:00 PM – 3:00 AM | Wednesday: 5:00 PM – 3:00 AM | Thursday: 5:00 PM – 3:00 AM | Friday: 5:00 PM – 3:00 AM | Saturday: 5:00 PM – 3:00 AM | Sunday: 5:00 PM – 3:00 AM,,"['pharmacy', 'health', 'point_of_interest', 'store', 'establishment']","19, ซีไซด์​ แสนสุข, 16 ซอย, Tambon Saen Suk, Amphoe Mueang Chon Buri",0,Active,0,0,FALSE,scraped,0,Chon Buri,YES,
ChIJ33Tp7KS1AjERAGwVsc30RVE,ChIJ33Tp7KS1AjERAGwVsc30RVE,"ร้านยา I Need Healing ,ร้านยาปิดตี2",ร้านยา (Independent),Pharmacy (independent),TARGET,,"6, แสนสุข, 12 Thanon Long Had Bangsaen",Amphoe Mueang Chon Buri,Chon Buri,13.2837322,100.9289626,pharmacy,5,2,096 718 7259,Monday: 12:00 PM – 2:00 AM | Tuesday: 12:00 PM – 2:00 AM | Wednesday: 12:00 PM – 2:00 AM | Thursday: 12:00 PM – 2:00 AM | Friday: 12:00 PM – 2:00 AM | Saturday: 12:00 PM – 2:00 AM | Sunday: 12:00 PM – 2:00 AM,,"['pharmacy', 'health', 'point_of_interest', 'store', 'establishment']","6, แสนสุข, 12 Thanon Long Had Bangsaen, Amphoe Mueang Chon Buri",0,Active,0,0,FALSE,scraped,0,Chon Buri,YES,
ChIJ-U2-zXy1AjERB40lGAdHTOs,ChIJ-U2-zXy1AjERB40lGAdHTOs,ร้านยา medbox pharmacy สาขา สดใส,ร้านยา (Independent),Pharmacy (independent),TARGET,,"แสนสุข, 45 Bangsaen Sai 4 South Road",Amphoe Mueang Chon Buri,Chon Buri,13.2815546,100.9296534,pharmacy,5,5,094 263 4695,Monday: 9:00 AM – 10:00 PM | Tuesday: 9:00 AM – 10:00 PM | Wednesday: 9:00 AM – 10:00 PM | Thursday: 9:00 AM – 10:00 PM | Friday: 9:00 AM – 10:00 PM | Saturday: 9:00 AM – 10:00 PM | Sunday: 9:00 AM – 10:00 PM,,"['pharmacy', 'health', 'point_of_interest', 'store', 'establishment']","แสนสุข, 45 Bangsaen Sai 4 South Road, Amphoe Mueang Chon Buri",0,Active,0,0,FALSE,scraped,0,Chon Buri,YES,
ChIJ1XIKHGK1AjER0M9cstIU5ek,ChIJ1XIKHGK1AjER0M9cstIU5ek,ร้านยา medbox pharmacy,ร้านยา (Independent),Pharmacy (independent),TARGET,,"14, 122 Bangsaen Sai 4 Nuea, Tambon Saen Suk",Amphoe Mueang Chon Buri,Chon Buri,13.288043,100.9274868,pharmacy,5,48,082 204 6139,Monday: 9:00 AM – 10:00 PM | Tuesday: 9:00 AM – 10:00 PM | Wednesday: 9:00 AM – 10:00 PM | Thursday: 9:00 AM – 10:00 PM | Friday: 9:00 AM – 10:00 PM | Saturday: 9:00 AM – 10:00 PM | Sunday: 9:00 AM – 10:00 PM,https://bit.ly/MedboxPharmacy,"['pharmacy', 'health', 'point_of_interest', 'store', 'establishment']","14, 122 Bangsaen Sai 4 Nuea, Tambon Saen Suk, Amphoe Mueang Chon Buri",0,Active,0,0,FALSE,scraped,0,Chon Buri,YES,
ChIJ8ei-iNy0AjERBYllmZDM3as,ChIJ8ei-iNy0AjERBYllmZDM3as,ร้านยา Bn Pharmacy,ร้านยา (Independent),Pharmacy (independent),TARGET,,"15, 24 Bangsaen Sai 4 Nuea, Tambon Saen Suk",เมือง,Chon Buri,13.2892457,100.9267232,pharmacy,0,0,098 562 4909,Monday: 2:00 – 10:00 PM | Tuesday: 2:00 – 10:00 PM | Wednesday: 2:00 – 10:00 PM | Thursday: 2:00 – 10:00 PM | Friday: 2:00 – 10:00 PM | Saturday: 4:00 – 10:00 PM | Sunday: 4:00 – 10:00 PM,,"['pharmacy', 'local_government_office', 'health', 'point_of_interest', 'store', 'establishment']","15, 24 Bangsaen Sai 4 Nuea, Tambon Saen Suk, เมือง",0,Active,0,0,FALSE,scraped,0,Chon Buri,YES,
ChIJpUXkUzu1AjERmJqCOuzjEfE,ChIJpUXkUzu1AjERmJqCOuzjEfE,ร้านยา I AM DRUGS (ไอแอมดรักส์),ร้านยา (Independent),Pharmacy (independent),TARGET,,"97/5 Thanon Mabmayom, Tambon Saen Suk",Amphoe Mueang Chon Buri,Chon Buri,13.2748792,100.9316657,pharmacy,5,2,064 152 4141,Monday: 6:00 – 10:00 PM | Tuesday: 6:00 – 10:00 PM | Wednesday: 6:00 – 10:00 PM | Thursday: 6:00 – 10:00 PM | Friday: 6:00 – 10:00 PM | Saturday: Closed | Sunday: Closed,https://lin.ee/eg31MzE,"['pharmacy', 'health', 'point_of_interest', 'store', 'establishment']","97/5 Thanon Mabmayom, Tambon Saen Suk, Amphoe Mueang Chon Buri",0,Active,0,0,FALSE,scraped,0,Chon Buri,YES,
ChIJEbpkK2K1AjERTVc1a4L8Cwg,ChIJEbpkK2K1AjERTVc1a4L8Cwg,Vewell Wellness & Pharmacy,Independent,Pharmacy (independent),TARGET,,"โครงการบางแสนโทชิน, แสนสุข",Amphoe Mueang Chon Buri,Chon Buri,13.2927305,100.925842,pharmacy,5,7,087 870 0811,Monday: 11:00 AM – 10:00 PM | Tuesday: 11:00 AM – 10:00 PM | Wednesday: 11:00 AM – 10:00 PM | Thursday: 11:00 AM – 10:00 PM | Friday: 11:00 AM – 10:00 PM | Saturday: 10:00 AM – 10:00 PM | Sunday: 10:00 AM – 10:00 PM,,"['pharmacy', 'health', 'point_of_interest', 'store', 'establishment']","โครงการบางแสนโทชิน, แสนสุข, Amphoe Mueang Chon Buri",0,Active,0,0,FALSE,scraped,0,Chon Buri,YES,
ChIJC4bYA2UpHTER7yHmTOczSJk,ChIJC4bYA2UpHTER7yHmTOczSJk,Koh Pho Pharmacy,Independent,Pharmacy (independent),TARGET,,"64, 2, Tambon Tha Bun Mi",Amphoe Ko Chan,Chon Buri,13.3910155,101.283914,pharmacy,0,0,038 209 025,,,"['pharmacy', 'health', 'store', 'point_of_interest', 'establishment']","64, 2, Tambon Tha Bun Mi, Amphoe Ko Chan",0,Active,0,0,FALSE,scraped,0,Chon Buri,YES,
ChIJRdnPBWUpHTERFvqJa-hph98,ChIJRdnPBWUpHTERFvqJa-hph98,Patjai 4 Pharmacy,Independent,Pharmacy (independent),TARGET,,"165 3341, Tambon Tha Bunmi",Amphoe Ko Chan,Chon Buri,13.3872774,101.2854946,pharmacy,0,0,038 209 219,,,"['pharmacy', 'health', 'store', 'point_of_interest', 'establishment']","165 3341, Tambon Tha Bunmi, Amphoe Ko Chan",0,Active,0,0,FALSE,scraped,0,Chon Buri,YES,
ChIJb-hF55YpHTERk_B7M75nD-k,ChIJb-hF55YpHTERk_B7M75nD-k,Baanyapharmacy,Independent,Pharmacy (independent),TARGET,,"228 หมู่ 4, Tambon Tha Bunmi",Amphoe Ko Chan,Chon Buri,13.3870791,101.285874,pharmacy,5,1,092 347 9953,Monday: 3:00 – 7:30 PM | Tuesday: 3:00 – 7:30 PM | Wednesday: 3:00 – 7:30 PM | Thursday: 3:00 – 7:30 PM | Friday: 3:00 – 7:30 PM | Saturday: 3:00 – 7:30 PM | Sunday: 3:00 – 7:30 PM,,"['pharmacy', 'health', 'store', 'point_of_interest', 'establishment']","228 หมู่ 4, Tambon Tha Bunmi, Amphoe Ko Chan",0,Active,0,0,FALSE,scraped,0,Chon Buri,YES,
ChIJK7RnYH8pHTERgvmA6_aOZzg,ChIJK7RnYH8pHTERgvmA6_aOZzg,Sui Chu Osot,Independent (no name keyword),Pharmacy (independent),TARGET,,"544/1, Moo 4, Tambon Tha Bun Mi, Amphoe Ko Chan, Chon Buri",20240,Chon Buri,13.385837,101.2976416,pharmacy,0,0,038 209 287,,,"['pharmacy', 'health', 'store', 'point_of_interest', 'establishment']","544/1, Moo 4, Tambon Tha Bun Mi, Amphoe Ko Chan, Chon Buri, 20240",0,Active,0,0,FALSE,scraped,0,Chon Buri,YES,
ChIJtzKTCxxLHTERWIuhiE0nKqk,ChIJtzKTCxxLHTERWIuhiE0nKqk,Ruamchai Pharmacy,Independent,Pharmacy (independent),TARGET,,"8WPJ+H3C, Ang Sila",Chon Buri District,Chon Buri,13.336425,100.93014,pharmacy,0,0,,,,"['pharmacy', 'health', 'point_of_interest', 'store', 'establishment']","8WPJ+H3C, Ang Sila, Chon Buri District",0,Active,0,0,FALSE,scraped,0,Chon Buri,YES,
ChIJLepnVDJLHTERg8ElTMpJLbo,ChIJLepnVDJLHTERg8ElTMpJLbo,คลังยาเสม็ด ชลบุรี Rx Samed,Independent (no name keyword),Pharmacy (independent),TARGET,,"12/5 หมู่ 2 Soi Nartmontasevee 30/1, Tambon Samet",Amphoe Mueang Chon Buri,Chon Buri,13.335167,100.9578482,pharmacy,5,16,065 384 2682,Monday: 9:00 AM – 9:00 PM | Tuesday: 9:00 AM – 9:00 PM | Wednesday: 9:00 AM – 9:00 PM | Thursday: 9:00 AM – 9:00 PM | Friday: 9:00 AM – 9:00 PM | Saturday: 9:00 AM – 9:00 PM | Sunday: 9:00 AM – 9:00 PM,,"['pharmacy', 'health', 'point_of_interest', 'store', 'establishment']","12/5 หมู่ 2 Soi Nartmontasevee 30/1, Tambon Samet, Amphoe Mueang Chon Buri",0,Active,0,0,FALSE,scraped,0,Chon Buri,YES,
ChIJuY1oh5BKHTERDqtmwm2MyuI,ChIJuY1oh5BKHTERDqtmwm2MyuI,GNC เซ็นทรัลชลบุรี,Independent (no name keyword),Pharmacy (independent),TARGET,,GNC เซ็นทรัล,Tambon Samet,Chon Buri,13.3363807,100.968942,pharmacy,0,0,038 053 805,Monday: 10:30 AM – 9:30 PM | Tuesday: 10:30 AM – 9:30 PM | Wednesday: 10:30 AM – 9:30 PM | Thursday: 10:30 AM – 9:30 PM | Friday: 10:30 AM – 9:30 PM | Saturday: 10:00 AM – 10:00 PM | Sunday: 10:00 AM – 10:00 PM,http://www.gnc.co.th/,"['pharmacy', 'health', 'point_of_interest', 'store', 'establishment']","GNC เซ็นทรัล, Tambon Samet",2,Active,0,0,FALSE,scraped,0,Chon Buri,YES,
ChIJ1QjvvYxLHTERTQQooKeMBVA,ChIJ1QjvvYxLHTERTQQooKeMBVA,ร้านยา P&F Smoothlife สาขาเซ็นทรัลชลบุรี,ร้านยา (Independent),Pharmacy (independent),TARGET,,"ชั้น G, ห้อง G17, 55 88-89",Amphoe Mueang Chon Buri,Chon Buri,13.336397,100.968997,pharmacy,5,19,081 234 9281,Monday: 10:30 AM – 9:00 PM | Tuesday: 10:30 AM – 9:00 PM | Wednesday: 10:30 AM – 9:00 PM | Thursday: 10:30 AM – 9:00 PM | Friday: 10:30 AM – 9:00 PM | Saturday: 10:30 AM – 9:00 PM | Sunday: 10:30 AM – 9:00 PM,,"['pharmacy', 'health', 'point_of_interest', 'store', 'establishment']","ชั้น G, ห้อง G17, 55 88-89, Amphoe Mueang Chon Buri",0,Active,0,0,FALSE,scraped,0,Chon Buri,YES,
ChIJ_yrLI7lKHTERsVyly0LutBg,ChIJ_yrLI7lKHTERsVyly0LutBg,Sawaddee Pharmacy Huahin,Independent,Pharmacy (independent),TARGET,,Thailand,Chon Buri,Chon Buri,13.3211771,100.9610761,pharmacy,4.8,5,080 566 4914,Monday: 8:00 AM – 9:00 PM | Tuesday: 8:00 AM – 9:00 PM | Wednesday: 8:00 AM – 9:00 PM | Thursday: 8:00 AM – 9:00 PM | Friday: 8:00 AM – 9:00 PM | Saturday: 8:00 AM – 9:00 PM | Sunday: 8:00 AM – 9:00 PM,,"['pharmacy', 'health', 'point_of_interest', 'store', 'establishment']",Thailand,0,Active,0,0,FALSE,scraped,0,Chon Buri,YES,
ChIJGaW8WaA1HTERfaX8BLuDMA0,ChIJGaW8WaA1HTERfaX8BLuDMA0,Osotsala,Independent (no name keyword),Pharmacy (independent),TARGET,,"2, 21 Soi Ban Suan-Setthakit 25, Tambon Ban Suan",Amphoe Mueang Chon Buri,Chon Buri,13.3510395,101.0059148,pharmacy,0,0,,,,"['pharmacy', 'health', 'point_of_interest', 'store', 'establishment']","2, 21 Soi Ban Suan-Setthakit 25, Tambon Ban Suan, Amphoe Mueang Chon Buri",0,Active,0,0,FALSE,scraped,0,Chon Buri,YES,
ChIJBXRpAqE1HTERE1nKY7KKpEQ,ChIJBXRpAqE1HTERE1nKY7KKpEQ,"Chon Buri Tai Sae Osot Co., Ltd.",Independent (no name keyword),Pharmacy (independent),TARGET,,"420/1-2 Chon Buri-Ban Bueng Road, Tambon Ban Suan",Amphoe Mueang Chon Buri,Chon Buri,13.351938,101.006606,pharmacy,5,1,038 282 297,,,"['pharmacy', 'health', 'point_of_interest', 'store', 'establishment']","420/1-2 Chon Buri-Ban Bueng Road, Tambon Ban Suan, Amphoe Mueang Chon Buri",0,Active,0,0,FALSE,scraped,0,Chon Buri,YES,
ChIJJy_-HKg1HTERSAbzUJvfec0,ChIJJy_-HKg1HTERSAbzUJvfec0,เมืองทองเภสัชชลบุรี/Mueang Thong Phesat,Independent,Pharmacy (independent),TARGET,,"30/1-2 Setthakit Road, Tambon Ban Suan",Amphoe Mueang Chon Buri,Chon Buri,13.348807,101.015489,pharmacy,0,0,081 996 2536,,,"['pharmacy', 'health', 'point_of_interest', 'store', 'establishment']","30/1-2 Setthakit Road, Tambon Ban Suan, Amphoe Mueang Chon Buri",0,Active,0,0,FALSE,scraped,0,Chon Buri,YES,
ChIJ4wTeB041HTERzri7YwvgoBU,ChIJ4wTeB041HTERzri7YwvgoBU,เมืองยาฟาร์มา Meuang Yaa Pharma,Independent (no name keyword),Pharmacy (independent),TARGET,,"39, 9, Tambon Ban Suan",Amphoe Mueang Chon Buri,Chon Buri,13.3568053,101.0151327,pharmacy,4.5,2,084 436 5534,Monday: 11:00 AM – 12:00 AM | Tuesday: 11:00 AM – 12:00 AM | Wednesday: 11:00 AM – 12:00 AM | Thursday: 11:00 AM – 12:00 AM | Friday: 11:00 AM – 12:00 AM | Saturday: 11:00 AM – 12:00 AM | Sunday: 11:00 AM – 12:00 AM,,"['pharmacy', 'health', 'point_of_interest', 'store', 'establishment']","39, 9, Tambon Ban Suan, Amphoe Mueang Chon Buri",0,Active,0,0,FALSE,scraped,0,Chon Buri,YES,
ChIJXSBLrAk1HTERoY0hk81u3gs,ChIJXSBLrAk1HTERoY0hk81u3gs,มายดรัก ฟาร์มาซี (MY DRUG PHARMACY),Independent,Pharmacy (independent),TARGET,,"272, ลุมพินีคอนโด, 8 ทาวน์ ชลบุรี-สุขุมวิท",Amphoe Mueang Chon Buri,Chon Buri,13.3547139,100.9864668,pharmacy,5,4,081 983 2942,Monday: 8:00 AM – 9:00 PM | Tuesday: 8:00 AM – 9:00 PM | Wednesday: 8:00 AM – 9:00 PM | Thursday: 8:00 AM – 9:00 PM | Friday: 8:00 AM – 9:00 PM | Saturday: 8:00 AM – 9:00 PM | Sunday: 8:00 AM – 9:00 PM,,"['pharmacy', 'health', 'point_of_interest', 'store', 'establishment']","272, ลุมพินีคอนโด, 8 ทาวน์ ชลบุรี-สุขุมวิท, Amphoe Mueang Chon Buri",0,Active,0,0,FALSE,scraped,0,Chon Buri,YES,
ChIJEwCCmYY1HTERw-fmASjDx9c,ChIJEwCCmYY1HTERw-fmASjDx9c,Chon Buri Sin Charoen,Independent (no name keyword),Pharmacy (independent),TARGET,,"844, 19 Sukhumvit Road, Tambon Bang Pla Soi",Amphoe Mueang Chon Buri,Chon Buri,13.3573426,100.9858453,pharmacy,0,0,038 791 808,,,"['pharmacy', 'health', 'point_of_interest', 'store', 'establishment']","844, 19 Sukhumvit Road, Tambon Bang Pla Soi, Amphoe Mueang Chon Buri",0,Active,0,0,FALSE,scraped,0,Chon Buri,YES,
ChIJA3DY9fo1HTERSH2l3e8s3eE,ChIJA3DY9fo1HTERSH2l3e8s3eE,Mueang Chon Pharmacy,Independent,Pharmacy (independent),TARGET,,"844, 38 ก.9 Sukhumvit Road, Tambon Bang Pla Soi",Amphoe Mueang Chon Buri,Chon Buri,13.361349,100.9894095,pharmacy,4.3,26,081 949 2999,Monday: 8:00 AM – 8:00 PM | Tuesday: 8:00 AM – 8:00 PM | Wednesday: 8:00 AM – 8:00 PM | Thursday: 8:00 AM – 8:00 PM | Friday: 8:00 AM – 8:00 PM | Saturday: 8:00 AM – 8:00 PM | Sunday: 8:00 AM – 7:00 PM,,"['pharmacy', 'health', 'point_of_interest', 'store', 'establishment']","844, 38 ก.9 Sukhumvit Road, Tambon Bang Pla Soi, Amphoe Mueang Chon Buri",0,Active,0,0,FALSE,scraped,0,Chon Buri,YES,
ChIJUxrXfo81HTERZE6zMJUYeyw,ChIJUxrXfo81HTERZE6zMJUYeyw,Pharmacy,"Independent (named ""Pharmacy"")",Pharmacy (independent),TARGET,,"9X6Q+HHX, Bang Pla Soi",Chon Buri District,Chon Buri,13.361489,100.9889875,pharmacy,4.9,25,,,,"['pharmacy', 'health', 'point_of_interest', 'store', 'establishment']","9X6Q+HHX, Bang Pla Soi, Chon Buri District",0,Active,0,0,FALSE,scraped,0,Chon Buri,YES,
ChIJ_VkgB7A1HTERsU3-lL6N2IY,ChIJ_VkgB7A1HTERsU3-lL6N2IY,กิตติฟาร์มาซี Kitti Pharmacy,Independent,Pharmacy (independent),TARGET,,"Thanon Akkanivat, Tambon Bang Pla Soi",Amphoe Mueang Chon Buri,Chon Buri,13.3615009,100.9889512,pharmacy,4.9,25,038 282 615,Monday: 8:30 AM – 8:30 PM | Tuesday: 8:30 AM – 8:30 PM | Wednesday: 8:30 AM – 8:30 PM | Thursday: 8:30 AM – 8:30 PM | Friday: 8:30 AM – 8:30 PM | Saturday: 8:30 AM – 8:30 PM | Sunday: Closed,,"['pharmacy', 'health', 'point_of_interest', 'store', 'establishment']","Thanon Akkanivat, Tambon Bang Pla Soi, Amphoe Mueang Chon Buri",0,Active,0,0,FALSE,scraped,0,Chon Buri,YES,
ChIJgSZXzvg1HTERdkeQUL3hl4A,ChIJgSZXzvg1HTERdkeQUL3hl4A,Yor-R-Ya Pharmacy,Independent,Pharmacy (independent),TARGET,,"844, 106 ซอย, Tambon Bang Pla Soi",เมือง,Chon Buri,13.3635769,100.990431,pharmacy,5,6,095 870 7682,Monday: 9:00 AM – 9:00 PM | Tuesday: 9:00 AM – 9:00 PM | Wednesday: 9:00 AM – 9:00 PM | Thursday: 9:00 AM – 9:00 PM | Friday: 9:00 AM – 9:00 PM | Saturday: 9:00 AM – 9:00 PM | Sunday: 9:00 AM – 9:00 PM,http://www.facebook.com/yorryarpharmacy,"['pharmacy', 'health', 'point_of_interest', 'store', 'establishment']","844, 106 ซอย, Tambon Bang Pla Soi, เมือง",0,Active,0,0,FALSE,scraped,0,Chon Buri,YES,
ChIJobHlTI41HTERiNPyxf4B_Mc,ChIJobHlTI41HTERiNPyxf4B_Mc,Wutthichai Pharmacy,Independent,Pharmacy (independent),TARGET,,"9X7R+P37, Bang Pla Soi",Chon Buri District,Chon Buri,13.3642919,100.9901648,pharmacy,5,2,038 274 651,,,"['pharmacy', 'health', 'point_of_interest', 'store', 'establishment']","9X7R+P37, Bang Pla Soi, Chon Buri District",0,Active,0,0,FALSE,scraped,0,Chon Buri,YES,
ChIJFcn4GTs1HTERlQmlqXk6qn0,ChIJFcn4GTs1HTERlQmlqXk6qn0,Prime Pharma,Independent (no name keyword),Pharmacy (independent),TARGET,,"3, 10-11 ถนน วชิรปราการ, Tambon Bang Pla Soi",อำเภอเมือง,Chon Buri,13.3559373,100.9825374,pharmacy,0,0,038 274 136,,,"['pharmacy', 'health', 'point_of_interest', 'store', 'establishment']","3, 10-11 ถนน วชิรปราการ, Tambon Bang Pla Soi, อำเภอเมือง",0,Active,0,0,FALSE,scraped,0,Chon Buri,YES,
ChIJSQOWNIc1HTERx0dZeZ1FgUk,ChIJSQOWNIc1HTERx0dZeZ1FgUk,Apex Pharmacy,Independent,Pharmacy (independent),TARGET,,"9X4J+9XF, Ban Suan",Chon Buri District,Chon Buri,13.3559251,100.9824358,pharmacy,0,0,,,,"['pharmacy', 'health', 'point_of_interest', 'store', 'establishment']","9X4J+9XF, Ban Suan, Chon Buri District",0,Active,0,0,FALSE,scraped,0,Chon Buri,YES,
ChIJXwjsAoc1HTEROKw7EH5xWws,ChIJXwjsAoc1HTEROKw7EH5xWws,Osot Ru Si,Independent (no name keyword),Pharmacy (independent),TARGET,,"345 Thanon Wachira Prakan, Tambon Bang Pla Soi",Amphoe Mueang Chon Buri,Chon Buri,13.3579837,100.9833626,pharmacy,0,0,038 282 134,,,"['pharmacy', 'health', 'point_of_interest', 'store', 'establishment']","345 Thanon Wachira Prakan, Tambon Bang Pla Soi, Amphoe Mueang Chon Buri",0,Active,0,0,FALSE,scraped,0,Chon Buri,YES,
ChIJL8m-VKQ3HTERlTGc1HYK-i0,ChIJL8m-VKQ3HTERlTGc1HYK-i0,We Pharmacy,Independent,Pharmacy (independent),TARGET,,"111 หมู่ 7 ซอย, Ban Kao 6, Tambon Ban Kao",Amphoe Phan Thong,Chon Buri,13.4539355,101.0176867,pharmacy,4.3,3,063 946 3180,Monday: 8:00 AM – 9:00 PM | Tuesday: 8:00 AM – 9:00 PM | Wednesday: 8:00 AM – 9:00 PM | Thursday: 8:00 AM – 9:00 PM | Friday: 8:00 AM – 9:00 PM | Saturday: 8:00 AM – 9:00 PM | Sunday: 8:00 AM – 9:00 PM,https://m.facebook.com/We-Pharmacy-%E0%B8%A3%E0%B9%89%E0%B8%B2%E0%B8%99%E0%B8%A2%E0%B8%B2%E0%B8%A7%E0%B8%B5-%E0%B8%9F%E0%B8%B2%E0%B8%A3%E0%B9%8C%E0%B8%A1%E0%B8%B2%E0%B8%8B%E0%B8%B5-1231709046964895/,"['pharmacy', 'health', 'store', 'point_of_interest', 'establishment']","111 หมู่ 7 ซอย, Ban Kao 6, Tambon Ban Kao, Amphoe Phan Thong",0,Active,0,0,FALSE,scraped,0,Chon Buri,YES,
ChIJj4puKQA3HTERgvs4ELZ5YmY,ChIJj4puKQA3HTERgvs4ELZ5YmY,Runner Pharmacy,Independent,Pharmacy (independent),TARGET,,"77, 50 Ban Kao 6, Tambon Ban Kao",Amphoe Phan Thong,Chon Buri,13.4560142,101.0173844,pharmacy,5,1,,,,"['pharmacy', 'health', 'store', 'point_of_interest', 'establishment']","77, 50 Ban Kao 6, Tambon Ban Kao, Amphoe Phan Thong",0,Active,0,0,FALSE,scraped,0,Chon Buri,YES,
ChIJfR0c5a43HTER9yYnzZqfsPg,ChIJfR0c5a43HTER9yYnzZqfsPg,Pharmacy,"Independent (named ""Pharmacy"")",Pharmacy (independent),TARGET,,"C2X9+27Q, ทางหลวงแผ่นดินหมายเลข 3466",Amphoe Phan Thong,Chon Buri,13.4475817,101.018227,pharmacy,3.3,7,,,,"['pharmacy', 'health', 'store', 'point_of_interest', 'establishment']","C2X9+27Q, ทางหลวงแผ่นดินหมายเลข 3466, Amphoe Phan Thong",0,Active,0,0,FALSE,scraped,0,Chon Buri,YES,
ChIJlTiLaDk3HTERFAMGmRY9Qx4,ChIJlTiLaDk3HTERFAMGmRY9Qx4,sahathara,Independent (no name keyword),Pharmacy (independent),TARGET,,"F344+88F, Ban Kao",Phan Thong District,Chon Buri,13.4558232,101.0558123,pharmacy,0,0,,,,"['pharmacy', 'health', 'store', 'point_of_interest', 'establishment']","F344+88F, Ban Kao, Phan Thong District",0,Active,0,0,FALSE,scraped,0,Chon Buri,YES,
ChIJWRGObCAxHTERYqaZz-zhb0M,ChIJWRGObCAxHTERYqaZz-zhb0M,บ้านยา บีพลัส Baanya B Plus,Independent (no name keyword),Pharmacy (independent),TARGET,,"พานทอง, 189/33 ม.10",Amphoe Phan Thong,Chon Buri,13.4593417,101.0871542,pharmacy,5,4,062 614 6462,Monday: 9:00 AM – 10:00 PM | Tuesday: 9:00 AM – 10:00 PM | Wednesday: 9:00 AM – 10:00 PM | Thursday: 9:00 AM – 10:00 PM | Friday: 9:00 AM – 10:00 PM | Saturday: 9:00 AM – 10:00 PM | Sunday: 9:00 AM – 10:00 PM,,"['pharmacy', 'health', 'store', 'point_of_interest', 'establishment']","พานทอง, 189/33 ม.10, Amphoe Phan Thong",0,Active,0,0,FALSE,scraped,0,Chon Buri,YES,
ChIJx4NwFQAxHTERfsQusZe9bjw,ChIJx4NwFQAxHTERfsQusZe9bjw,KMC420,Independent (no name keyword),Pharmacy (independent),TARGET,,"14, 9, ต.พานทอง",Amphoe Phan Thong,Chon Buri,13.4643266,101.1073303,pharmacy,4.3,3,,Monday: 9:30 AM – 11:50 PM | Tuesday: 9:30 AM – 11:50 PM | Wednesday: 9:30 AM – 11:50 PM | Thursday: 9:30 AM – 11:50 PM | Friday: 9:30 AM – 11:50 PM | Saturday: 9:30 AM – 11:50 PM | Sunday: 9:30 AM – 11:50 PM,,"['pharmacy', 'health', 'point_of_interest', 'store', 'establishment']","14, 9, ต.พานทอง, Amphoe Phan Thong",0,Active,0,0,FALSE,scraped,0,Chon Buri,YES,
ChIJAbbPI1YxHTER5bPGveTqcEg,ChIJAbbPI1YxHTER5bPGveTqcEg,ร้านยา เมดฟาร์มาซี (MEDpharmacy),ร้านยา (Independent),Pharmacy (independent),TARGET,,"78, 14",Amphoe Phan Thong,Chon Buri,13.4356081,101.1029122,pharmacy,5,3,096 179 5961,Monday: 4:00 – 9:30 PM | Tuesday: 4:00 – 9:30 PM | Wednesday: 4:00 – 9:30 PM | Thursday: 4:00 – 9:30 PM | Friday: 4:00 – 9:30 PM | Saturday: 4:00 – 9:30 PM | Sunday: 4:00 – 9:30 PM,https://lin.ee/Wq9D2e3H,"['pharmacy', 'health', 'point_of_interest', 'store', 'establishment']","78, 14, Amphoe Phan Thong",0,Active,0,0,FALSE,scraped,0,Chon Buri,YES,
ChIJh13CcYsxHTER78GCL4TNoss,ChIJh13CcYsxHTER78GCL4TNoss,ต. เต่า ฟาร์มาซี Tor Tao Pharmacy,Independent,Pharmacy (independent),TARGET,,"พานทอง, 205/13 - 205/14",Amphoe Phan Thong,Chon Buri,13.4637327,101.0945894,pharmacy,5,21,095 771 3322,Monday: 5:00 – 10:30 PM | Tuesday: 5:00 – 10:30 PM | Wednesday: 5:00 – 10:30 PM | Thursday: 5:00 – 10:30 PM | Friday: 5:00 – 10:30 PM | Saturday: 5:00 – 10:30 PM | Sunday: 5:00 – 10:30 PM,,"['pharmacy', 'health', 'point_of_interest', 'store', 'establishment']","พานทอง, 205/13 - 205/14, Amphoe Phan Thong",0,Active,0,0,FALSE,scraped,0,Chon Buri,YES,
ChIJyzp2XJswHTER4pbg5HDtTsQ,ChIJyzp2XJswHTER4pbg5HDtTsQ,PrachaOSod,Independent (no name keyword),Pharmacy (independent),TARGET,,"27, Tambon Nong Tamlueng",Amphoe Phan Thong,Chon Buri,13.41572,101.0662677,pharmacy,4.7,19,038 206 111,Monday: 7:00 AM – 8:00 PM | Tuesday: 7:00 AM – 8:00 PM | Wednesday: 7:00 AM – 8:00 PM | Thursday: 7:00 AM – 8:00 PM | Friday: 7:00 AM – 8:00 PM | Saturday: 7:00 AM – 6:00 PM | Sunday: 7:00 AM – 8:00 PM,https://www.facebook.com/prachaosotminimart/,"['pharmacy', 'health', 'point_of_interest', 'store', 'establishment']","27, Tambon Nong Tamlueng, Amphoe Phan Thong",0,Active,0,0,FALSE,scraped,0,Chon Buri,YES,
ChIJJVpM9RE3HTER2HOYEK8Kuuk,ChIJJVpM9RE3HTER2HOYEK8Kuuk,Chonburi WellnessGreen,Independent (no name keyword),Pharmacy (independent),TARGET,,"17, ต, 1, Tambon Nong Tamlueng",Amphoe Phan Thong,Chon Buri,13.4039237,101.0618122,pharmacy,0,0,,,,"['pharmacy', 'health', 'point_of_interest', 'store', 'establishment']","17, ต, 1, Tambon Nong Tamlueng, Amphoe Phan Thong",0,Active,0,0,FALSE,scraped,0,Chon Buri,YES,
ChIJv3Bdyrk2HTERFU6BD0G_c0k,ChIJv3Bdyrk2HTERFU6BD0G_c0k,Nong Tamlueng Pharmacy,Independent,Pharmacy (independent),TARGET,,"C365+QCV, Don Hua Lo",Phan Thong District,Chon Buri,13.411985,101.058539,pharmacy,4.4,5,,,,"['pharmacy', 'health', 'point_of_interest', 'store', 'establishment']","C365+QCV, Don Hua Lo, Phan Thong District",0,Active,0,0,FALSE,scraped,0,Chon Buri,YES,
ChIJRdvZv1ExHTERa0PJIr1UABo,ChIJRdvZv1ExHTERa0PJIr1UABo,"Thetsaban 3, Petrachem",Independent (no name keyword),Pharmacy (independent),TARGET,,"C32H+F8R, Nong Tamlueng",Phan Thong District,Chon Buri,13.4012342,101.0782627,pharmacy,1.5,2,,,,"['pharmacy', 'health', 'point_of_interest', 'store', 'establishment']","C32H+F8R, Nong Tamlueng, Phan Thong District",0,Active,0,0,FALSE,scraped,0,Chon Buri,YES,
ChIJp9-2Hso2HTERDiYhkigUha8,ChIJp9-2Hso2HTERDiYhkigUha8,Siri Phesat,Independent (no name keyword),Pharmacy (independent),TARGET,,"5, Moo 3, Suk Prayoon Road, Tambon Nong Tamlueng, Amphoe Phan Thong, Chon Buri",20160,Chon Buri,13.4158617,101.0658395,pharmacy,0,0,038 206 026,Monday: 8:00 AM – 6:00 PM | Tuesday: 8:00 AM – 6:00 PM | Wednesday: 8:00 AM – 6:00 PM | Thursday: 8:00 AM – 6:00 PM | Friday: 8:00 AM – 6:00 PM | Saturday: Closed | Sunday: Closed,,"['pharmacy', 'health', 'store', 'point_of_interest', 'establishment']","5, Moo 3, Suk Prayoon Road, Tambon Nong Tamlueng, Amphoe Phan Thong, Chon Buri, 20160",0,Active,0,0,FALSE,scraped,0,Chon Buri,YES,
ChIJxS4XdMA2HTEREbo0uwOd-8k,ChIJxS4XdMA2HTEREbo0uwOd-8k,"Pha Pharma drug store, Amata Branch",Independent (no name keyword),Pharmacy (independent),TARGET,,"Baannongphaiklangdon Road, Tambon Don Huaro",Amphoe Mueang Chon Buri,Chon Buri,13.4157006,101.0502615,pharmacy,5,38,096 554 2395,Monday: 7:00 AM – 9:30 PM | Tuesday: 7:00 AM – 9:30 PM | Wednesday: 7:00 AM – 9:30 PM | Thursday: 7:00 AM – 9:30 PM | Friday: 7:00 AM – 9:30 PM | Saturday: 7:00 AM – 9:30 PM | Sunday: 7:30 AM – 9:30 PM,,"['pharmacy', 'health', 'store', 'point_of_interest', 'establishment']","Baannongphaiklangdon Road, Tambon Don Huaro, Amphoe Mueang Chon Buri",0,Active,0,0,FALSE,scraped,0,Chon Buri,YES,
ChIJ-TeG-b82HTERTSscJwsBL4Y,ChIJ-TeG-b82HTERTSscJwsBL4Y,ร้านยา ชลนริศย์เภสัช Chonnarist Pharmacy CNR,ร้านยา (Independent),Pharmacy (independent),TARGET,,"4, 38 ตำบล ดอนหัวฬอ",Amphoe Mueang Chon Buri,Chon Buri,13.4150925,101.049011,pharmacy,5,1,081 575 5669,Monday: 8:00 AM – 10:00 PM | Tuesday: 8:00 AM – 10:00 PM | Wednesday: 8:00 AM – 10:00 PM | Thursday: 8:00 AM – 10:00 PM | Friday: 8:00 AM – 10:00 PM | Saturday: 8:00 AM – 10:00 PM | Sunday: 8:00 AM – 10:00 PM,,"['pharmacy', 'health', 'store', 'point_of_interest', 'establishment']","4, 38 ตำบล ดอนหัวฬอ, Amphoe Mueang Chon Buri",0,Active,0,0,FALSE,scraped,0,Chon Buri,YES,
ChIJcZIm7sM2HTERQeMD5ItqMqI,ChIJcZIm7sM2HTERQeMD5ItqMqI,Health Me,Independent (no name keyword),Pharmacy (independent),TARGET,,Thailand,Chon Buri,Chon Buri,13.4219096,101.0534807,pharmacy,0,0,,,,"['pharmacy', 'health', 'store', 'point_of_interest', 'establishment']",Thailand,0,Active,0,0,FALSE,scraped,0,Chon Buri,YES,
ChIJBQs2XhNFHTERK0mcP_XgQ7o,ChIJBQs2XhNFHTERK0mcP_XgQ7o,ร้านยาโอลีฟ ฟาร์มา - Olive Pharma,ร้านยา (Independent),Pharmacy (independent),TARGET,,361/3,อำเภอบางบ่อ,Chon Buri,13.5059684,100.8272308,pharmacy,5,1,082 721 1886,Monday: 8:30 AM – 8:00 PM | Tuesday: 8:30 AM – 8:00 PM | Wednesday: 8:30 AM – 8:00 PM | Thursday: 8:30 AM – 8:00 PM | Friday: 8:30 AM – 8:00 PM | Saturday: 8:30 AM – 8:00 PM | Sunday: 8:30 AM – 8:00 PM,https://www.facebook.com/OlivePharma21,"['pharmacy', 'health', 'point_of_interest', 'store', 'establishment']","361/3, อำเภอบางบ่อ",0,Active,0,0,FALSE,scraped,0,Chon Buri,YES,
ChIJJ1pFfCw4HTERfujMl2-MkYk,ChIJJ1pFfCw4HTERfujMl2-MkYk,Bang Samae Pharmacy,Independent,Pharmacy (independent),TARGET,,"12, 6, Tambon Tha Kham",Amphoe Bang Pakong,Chon Buri,13.4911267,101.0228679,pharmacy,2,2,038 828 125,Monday: 9:00 AM – 5:00 PM | Tuesday: 9:00 AM – 5:00 PM | Wednesday: 9:00 AM – 5:00 PM | Thursday: 9:00 AM – 5:00 PM | Friday: 9:00 AM – 5:00 PM | Saturday: 9:00 AM – 5:00 PM | Sunday: Closed,,"['pharmacy', 'health', 'point_of_interest', 'store', 'establishment']","12, 6, Tambon Tha Kham, Amphoe Bang Pakong",0,Active,0,0,FALSE,scraped,0,Chon Buri,YES,
ChIJpTzdzXU4HTERt-mzzsi7LnM,ChIJpTzdzXU4HTERt-mzzsi7LnM,"Fu Khu Pa Inter Co.,Ltd.",Independent (no name keyword),Pharmacy (independent),TARGET,,"55, Moo 12, Bang Na - Trat Road, Tambon Bang Pakong, Amphoe Bang Pakong, Chachoengsao",24130,Chon Buri,13.514395,100.983213,pharmacy,0,0,,,,"['pharmacy', 'health', 'point_of_interest', 'store', 'establishment']","55, Moo 12, Bang Na - Trat Road, Tambon Bang Pakong, Amphoe Bang Pakong, Chachoengsao, 24130",0,Active,0,0,FALSE,scraped,0,Chon Buri,YES,
ChIJ2aQsRSk4HTERJkk5-1-8-RE,ChIJ2aQsRSk4HTERJkk5-1-8-RE,Pramuan Phesat 3,Independent (no name keyword),Pharmacy (independent),TARGET,,"12, 35, Tambon Tha Kham",Amphoe Bang Pakong,Chon Buri,13.4899414,101.0195626,pharmacy,5,1,038 574 228,,,"['pharmacy', 'health', 'point_of_interest', 'store', 'establishment']","12, 35, Tambon Tha Kham, Amphoe Bang Pakong",0,Active,0,0,FALSE,scraped,0,Chon Buri,YES,
ChIJ_QQI_As4HTERJAGSmO1mZ9o,ChIJ_QQI_As4HTERJAGSmO1mZ9o,Bangpakong Pharmacy,Independent,Pharmacy (independent),TARGET,,"97, Tambon Bang Pakong",Amphoe Bang Pakong,Chon Buri,13.5040104,100.9856748,pharmacy,5,2,065 234 9925,Monday: 9:00 AM – 9:00 PM | Tuesday: 9:00 AM – 9:00 PM | Wednesday: 4:00 – 9:00 PM | Thursday: 9:00 AM – 9:00 PM | Friday: 9:00 AM – 9:00 PM | Saturday: 9:00 AM – 9:00 PM | Sunday: 9:00 AM – 9:00 PM,,"['pharmacy', 'health', 'point_of_interest', 'store', 'establishment']","97, Tambon Bang Pakong, Amphoe Bang Pakong",0,Active,0,0,FALSE,scraped,0,Chon Buri,YES,
ChIJt4WG7j85HTERti-Vil1IZXk,ChIJt4WG7j85HTERti-Vil1IZXk,กสินเภสัช (Kasin Pharmacy),เภสัช (Independent),Pharmacy (independent),TARGET,,"41, 5 Kasem Chatikawanit Rd, Tambon Tha Kham",Amphoe Bang Pakong,Chon Buri,13.490384,101.0239276,pharmacy,4,2,,"Monday: 7:00 AM – 1:00 PM, 4:00 – 9:00 PM | Tuesday: 7:00 AM – 1:00 PM, 4:00 – 9:00 PM | Wednesday: 7:00 AM – 1:00 PM, 4:00 – 9:00 PM | Thursday: 7:00 AM – 1:00 PM, 4:00 – 9:00 PM | Friday: 7:00 AM – 1:00 PM, 4:00 – 9:00 PM | Saturday: 7:00 AM – 9:00 PM | Sunday: 7:00 AM – 9:00 PM",,"['pharmacy', 'health', 'point_of_interest', 'store', 'establishment']","41, 5 Kasem Chatikawanit Rd, Tambon Tha Kham, Amphoe Bang Pakong",0,Active,0,0,FALSE,scraped,0,Chon Buri,YES,
ChIJeT0Meak5HTERe1mZ78CgZkg,ChIJeT0Meak5HTERe1mZ78CgZkg,จินดาฟาร์มาซี (JINDA PHARMACY) - โรงไฟฟ้าบางปะกง,Independent,Pharmacy (independent),TARGET,,247,Amphoe Bang Pakong,Chon Buri,13.489627,101.0238239,pharmacy,5,7,092 255 1462,Monday: 7:00 AM – 9:30 PM | Tuesday: 7:00 AM – 9:30 PM | Wednesday: 7:00 AM – 9:30 PM | Thursday: 7:00 AM – 9:30 PM | Friday: 7:00 AM – 9:30 PM | Saturday: 7:00 AM – 9:30 PM | Sunday: 7:00 AM – 9:30 PM,https://lin.ee/PaTIXoF,"['pharmacy', 'health', 'point_of_interest', 'store', 'establishment']","247, Amphoe Bang Pakong",0,Active,0,0,FALSE,scraped,0,Chon Buri,YES,
ChIJM1In6TQlHTERVBUiV0FzOTM,ChIJM1In6TQlHTERVBUiV0FzOTM,Prasit Osot,Independent (no name keyword),Pharmacy (independent),TARGET,,"33, Tambon Wat Luang",Amphoe Phanat Nikhom,Chon Buri,13.5086305,101.1684735,pharmacy,0,0,038 473 152,,,"['pharmacy', 'health', 'store', 'point_of_interest', 'establishment']","33, Tambon Wat Luang, Amphoe Phanat Nikhom",0,Active,0,0,FALSE,scraped,0,Chon Buri,YES,
ChIJv5BVygYlHTERUbTl03uVtuM,ChIJv5BVygYlHTERUbTl03uVtuM,Nicha 's pharmacy,Independent,Pharmacy (independent),TARGET,,Phanat Nikhom District,Chon Buri,Chon Buri,13.5166537,101.20293,pharmacy,5,5,080 956 1942,Monday: 4:30 – 10:00 PM | Tuesday: 4:30 – 10:00 PM | Wednesday: 4:30 – 10:00 PM | Thursday: 4:30 – 10:00 PM | Friday: 4:30 – 10:00 PM | Saturday: 4:30 – 10:00 PM | Sunday: 4:30 – 10:00 PM,https://www.facebook.com/share/1FdxZqhEJd/?mibextid=wwXIfr,"['pharmacy', 'health', 'point_of_interest', 'store', 'establishment']",Phanat Nikhom District,0,Active,0,0,FALSE,scraped,0,Chon Buri,YES,
ChIJ_-f1tjwmHTERbEOs-ex4S8Q,ChIJ_-f1tjwmHTERbEOs-ex4S8Q,Pramuan Pharmacy,Independent,Pharmacy (independent),TARGET,,"180, 1 11, Tambon Nong Hiang",Amphoe Phanat Nikhom,Chon Buri,13.4854039,101.2794448,pharmacy,4.8,5,086 327 1823,Monday: 7:00 AM – 8:30 PM | Tuesday: 7:00 AM – 8:30 PM | Wednesday: 7:00 AM – 8:30 PM | Thursday: 7:00 AM – 8:30 PM | Friday: 7:00 AM – 8:30 PM | Saturday: 7:00 AM – 8:30 PM | Sunday: 7:00 AM – 8:30 PM,,"['pharmacy', 'health', 'store', 'point_of_interest', 'establishment']","180, 1 11, Tambon Nong Hiang, Amphoe Phanat Nikhom",0,Active,0,0,FALSE,scraped,0,Chon Buri,YES,
ChIJQ9TFt-BbHTERcVjiIsRDsfo,ChIJQ9TFt-BbHTERcVjiIsRDsfo,"AKJ Enterprise Co., Ltd.",Independent (no name keyword),Pharmacy (independent),TARGET,,"HP97+7WG, Bang Pla",Bang Phli District,Chon Buri,13.5681887,100.7148166,pharmacy,3,1,02 174 6130,Monday: 7:30 AM – 4:30 PM | Tuesday: 7:30 AM – 4:30 PM | Wednesday: 7:30 AM – 4:30 PM | Thursday: 7:30 AM – 4:30 PM | Friday: 7:30 AM – 4:30 PM | Saturday: 7:30 AM – 4:30 PM | Sunday: Closed,http://www.akjthai.com/,"['pharmacy', 'health', 'point_of_interest', 'store', 'establishment']","HP97+7WG, Bang Pla, Bang Phli District",0,Active,0,0,FALSE,scraped,0,Chon Buri,YES,
ChIJM5y445tbHTER0HB3qV6UQNw,ChIJM5y445tbHTER0HB3qV6UQNw,Spearmint Pharmacy: ร้านขายยาสเปียร์มินท์ ฟาร์มาซี,Independent,Pharmacy (independent),TARGET,,"75, 2 Soi Saeng Yai, Tambon Bang Phli Yai",Amphoe Bang Phli,Chon Buri,13.5814735,100.7185889,pharmacy,0,0,086 085 8889,Monday: 7:00 AM – 8:30 PM | Tuesday: 7:00 AM – 8:30 PM | Wednesday: 7:00 AM – 8:30 PM | Thursday: 7:00 AM – 8:30 PM | Friday: 7:00 AM – 8:30 PM | Saturday: 5:00 – 8:30 PM | Sunday: 5:00 – 8:30 PM,,"['pharmacy', 'health', 'point_of_interest', 'store', 'establishment']","75, 2 Soi Saeng Yai, Tambon Bang Phli Yai, Amphoe Bang Phli",0,Active,0,0,FALSE,scraped,0,Chon Buri,YES,
ChIJBWjfnOVbHTERy4c_GjVbjXc,ChIJBWjfnOVbHTERy4c_GjVbjXc,ร้านยา วรพรเภสัช Woraporn Pharmacy,ร้านยา (Independent),Pharmacy (independent),TARGET,,"4, 3 Soi Wat Bang Pla, Tambon Bang Pla",Amphoe Bang Phli,Chon Buri,13.5807779,100.7426894,pharmacy,5,4,080 249 4156,Monday: 6:00 AM – 9:00 PM | Tuesday: 6:00 AM – 9:00 PM | Wednesday: 6:00 AM – 9:00 PM | Thursday: 6:00 AM – 9:00 PM | Friday: 6:00 AM – 9:00 PM | Saturday: 6:00 AM – 9:00 PM | Sunday: 6:00 AM – 9:00 PM,,"['pharmacy', 'health', 'point_of_interest', 'store', 'establishment']","4, 3 Soi Wat Bang Pla, Tambon Bang Pla, Amphoe Bang Phli",0,Active,0,0,FALSE,scraped,0,Chon Buri,YES,
ChIJgVM-ZsEvHTERrMKPCITt3pk,ChIJgVM-ZsEvHTERrMKPCITt3pk,ร้านปัจจัย 4 (Pajjai 4) พนัสนิคม ขายยา อาหารเสริม เครื่องมือแพทย์ เวชภัณฑ์ สมุนไพร,Independent (no name keyword),Pharmacy (independent),TARGET,,330 ถ Sri Kunchaon,Amphoe Phanat Nikhom,Chon Buri,13.444853,101.1819162,pharmacy,4.8,8,038 462 633,Monday: 6:30 AM – 8:30 PM | Tuesday: 6:30 AM – 8:30 PM | Wednesday: 6:30 AM – 8:30 PM | Thursday: 6:30 AM – 8:30 PM | Friday: 6:30 AM – 8:30 PM | Saturday: 6:30 AM – 8:30 PM | Sunday: 6:30 AM – 8:30 PM,,"['pharmacy', 'health', 'point_of_interest', 'store', 'establishment']","330 ถ Sri Kunchaon, Amphoe Phanat Nikhom",0,Active,0,0,FALSE,scraped,0,Chon Buri,YES,
ChIJucM4ksIvHTERUzcAkvptT1w,ChIJucM4ksIvHTERUzcAkvptT1w,Intra Osot,Independent (no name keyword),Pharmacy (independent),TARGET,,"70, Suk Prayoon Road, Tambon Khok Phlo, Amphoe Phanat Nikhom, Chon Buri",20140,Chon Buri,13.4542712,101.1750771,pharmacy,0,0,038 294 083,Monday: 8:00 AM – 5:00 PM | Tuesday: 8:00 AM – 5:00 PM | Wednesday: 8:00 AM – 5:00 PM | Thursday: 8:00 AM – 5:00 PM | Friday: 8:00 AM – 5:00 PM | Saturday: Closed | Sunday: Closed,,"['pharmacy', 'health', 'point_of_interest', 'store', 'establishment']","70, Suk Prayoon Road, Tambon Khok Phlo, Amphoe Phanat Nikhom, Chon Buri, 20140",0,Active,0,0,FALSE,scraped,0,Chon Buri,YES,
ChIJW6ZOg8EvHTERVEQPU_8Wi1c,ChIJW6ZOg8EvHTERVEQPU_8Wi1c,Witthayaphon,Independent (no name keyword),Pharmacy (independent),TARGET,,"106, Mueang Kao Road, Tambon Phanat Nikhom, Amphoe Phanat Nikhom, Chon Buri",20140,Chon Buri,13.4526695,101.1793945,pharmacy,0,0,038 463 685,,,"['pharmacy', 'health', 'point_of_interest', 'store', 'establishment']","106, Mueang Kao Road, Tambon Phanat Nikhom, Amphoe Phanat Nikhom, Chon Buri, 20140",0,Active,0,0,FALSE,scraped,0,Chon Buri,YES,
ChIJY5Mov8EvHTERuZfLFswrnBE,ChIJY5Mov8EvHTERuZfLFswrnBE,Amphon Phesat,Independent (no name keyword),Pharmacy (independent),TARGET,,"7, Koh Kaew Road, Tambon Phanat Nikhom, Amphoe Phanat Nikhom, Chon Buri",20140,Chon Buri,13.4535913,101.1804557,pharmacy,0,0,038 461 819,,,"['pharmacy', 'health', 'point_of_interest', 'store', 'establishment']","7, Koh Kaew Road, Tambon Phanat Nikhom, Amphoe Phanat Nikhom, Chon Buri, 20140",0,Active,0,0,FALSE,scraped,0,Chon Buri,YES,
ChIJKUYv-qYvHTERlM5bQXGmgIs,ChIJKUYv-qYvHTERlM5bQXGmgIs,Korea Care พนัสนิคม,Independent (no name keyword),Pharmacy (independent),TARGET,,"76 Sri Kunchaon, Tambon Phanat Nikhom",Amphoe Phanat Nikhom,Chon Buri,13.450813,101.180932,pharmacy,0,0,,Monday: 9:00 AM – 7:00 PM | Tuesday: 9:00 AM – 7:00 PM | Wednesday: 9:00 AM – 7:00 PM | Thursday: 9:00 AM – 7:00 PM | Friday: 9:00 AM – 7:00 PM | Saturday: 9:00 AM – 7:00 PM | Sunday: 9:00 AM – 7:00 PM,,"['pharmacy', 'health', 'point_of_interest', 'store', 'establishment']","76 Sri Kunchaon, Tambon Phanat Nikhom, Amphoe Phanat Nikhom",0,Active,0,0,FALSE,scraped,0,Chon Buri,YES,
ChIJ6bzvLsEvHTEROG7Z44B2w0E,ChIJ6bzvLsEvHTEROG7Z44B2w0E,Ratthana Phesat,Independent (no name keyword),Pharmacy (independent),TARGET,,"38 Sri Kul Chorn Road, Tambon Phanat Nikhom",Amphoe Phanat Nikhom,Chon Buri,13.4499529,101.1810771,pharmacy,0,0,038 461 489,,,"['pharmacy', 'health', 'point_of_interest', 'store', 'establishment']","38 Sri Kul Chorn Road, Tambon Phanat Nikhom, Amphoe Phanat Nikhom",0,Active,0,0,FALSE,scraped,0,Chon Buri,YES,
ChIJHz2xpsEvHTER9XQH5axVxV4,ChIJHz2xpsEvHTER9XQH5axVxV4,Rungroj Pharmacy,Independent,Pharmacy (independent),TARGET,,"133 เมืองเก่า Mueang Kao 2, Tambon Phanat Nikhom",Amphoe Phanat Nikhom,Chon Buri,13.4526533,101.1813191,pharmacy,3.8,9,,,,"['pharmacy', 'health', 'store', 'point_of_interest', 'establishment']","133 เมืองเก่า Mueang Kao 2, Tambon Phanat Nikhom, Amphoe Phanat Nikhom",0,Active,0,0,FALSE,scraped,0,Chon Buri,YES,
ChIJTQ_1_8AvHTERZPh-lUdUEPo,ChIJTQ_1_8AvHTERZPh-lUdUEPo,Saha Phan Phesat Pharmacy,Independent,Pharmacy (independent),TARGET,,"20-22 ตลาดสด, ถนนเมืองเก่า, Tambon Phanat Nikhom",Amphoe Phanat Nikhom,Chon Buri,13.4530049,101.1814032,pharmacy,4.9,59,093 578 0416,,,"['drugstore', 'pharmacy', 'health', 'store', 'point_of_interest', 'establishment']","20-22 ตลาดสด, ถนนเมืองเก่า, Tambon Phanat Nikhom, Amphoe Phanat Nikhom",0,Active,0,0,FALSE,scraped,0,Chon Buri,YES,
ChIJQ0XD3cAvHTERdPFRsAd4Qss,ChIJQ0XD3cAvHTERdPFRsAd4Qss,Thian Nam Sae,Independent (no name keyword),Pharmacy (independent),TARGET,,"29, Sri Kul Chorn Road, Tambon Phanat Nikhom, Amphoe Phanat Nikhom, Chon Buri",20140,Chon Buri,13.450732,101.181958,pharmacy,0,0,038 462 165,,,"['pharmacy', 'health', 'store', 'point_of_interest', 'establishment']","29, Sri Kul Chorn Road, Tambon Phanat Nikhom, Amphoe Phanat Nikhom, Chon Buri, 20140",0,Active,0,0,FALSE,scraped,0,Chon Buri,YES,
ChIJoaQO2scvHTER-8dCC9hCV3I,ChIJoaQO2scvHTER-8dCC9hCV3I,Charoen Samakee Pharmacy,Independent,Pharmacy (independent),TARGET,,"365 Sri Kunchaon, Tambon Phanat Nikhom",Amphoe Phanat Nikhom,Chon Buri,13.4443574,101.1823224,pharmacy,4,2,038 461 345,,http://www.panaherb.com/,"['pharmacy', 'health', 'store', 'point_of_interest', 'establishment']","365 Sri Kunchaon, Tambon Phanat Nikhom, Amphoe Phanat Nikhom",0,Active,0,0,FALSE,scraped,0,Chon Buri,YES,
ChIJQ6Dt6NwvHTERc-dAYgbTIqk,ChIJQ6Dt6NwvHTERc-dAYgbTIqk,So good pharmacy,Independent,Pharmacy (independent),TARGET,,"59 หมู่ 2 Thanon Jaruworn, Tambon Na Matum",Amphoe Phanat Nikhom,Chon Buri,13.4378836,101.1796411,pharmacy,5,1,063 446 2559,Monday: 6:00 AM – 10:00 PM | Tuesday: 6:00 AM – 10:00 PM | Wednesday: 6:00 AM – 10:00 PM | Thursday: 6:00 AM – 10:00 PM | Friday: 6:00 AM – 10:00 PM | Saturday: 6:00 AM – 10:00 PM | Sunday: 6:00 AM – 10:00 PM,,"['pharmacy', 'health', 'store', 'point_of_interest', 'establishment']","59 หมู่ 2 Thanon Jaruworn, Tambon Na Matum, Amphoe Phanat Nikhom",0,Active,0,0,FALSE,scraped,0,Chon Buri,YES,
ChIJpbKhcOIxHTERzP0BrwJaXyQ,ChIJpbKhcOIxHTERzP0BrwJaXyQ,539pharmacy,Independent,Pharmacy (independent),TARGET,,"C5V4+J29, Thanon Sukprayun, Tambon Kut Ngong",Amphoe Phanat Nikhom,Chon Buri,13.4440436,101.1551151,pharmacy,5,1,,,,"['pharmacy', 'health', 'store', 'point_of_interest', 'establishment']","C5V4+J29, Thanon Sukprayun, Tambon Kut Ngong, Amphoe Phanat Nikhom",0,Active,0,0,FALSE,scraped,0,Chon Buri,YES,
ChIJiSje89I3HTEReibnlCMjmkY,ChIJiSje89I3HTEReibnlCMjmkY,STP คลังยา,Independent (no name keyword),Pharmacy (independent),TARGET,,71/1-2 ม.7 ต.หนองไม้แดง อ.เมือง,Chon Buri,Chon Buri,13.403315,101.019951,pharmacy,5,1,095 597 5748,Monday: 8:00 AM – 10:00 PM | Tuesday: 8:00 AM – 10:00 PM | Wednesday: 8:00 AM – 10:00 PM | Thursday: 8:00 AM – 10:00 PM | Friday: 8:00 AM – 10:00 PM | Saturday: 8:00 AM – 10:00 PM | Sunday: 8:00 AM – 10:00 PM,,"['pharmacy', 'health', 'point_of_interest', 'store', 'establishment']",71/1-2 ม.7 ต.หนองไม้แดง อ.เมือง,0,Active,0,0,FALSE,scraped,0,Chon Buri,YES,
ChIJ5RGRSAc2HTER4PeZjo7iwP0,ChIJ5RGRSAc2HTER4PeZjo7iwP0,Supha Pharmacy,Independent,Pharmacy (independent),TARGET,,"159/13 ม.6 ต, Tambon Bang Sai",อ.เมืองชลบุรี,Chon Buri,13.3962459,100.9874677,pharmacy,0,0,094 229 6536,Monday: 8:30 AM – 9:00 PM | Tuesday: 8:30 AM – 9:00 PM | Wednesday: 8:30 AM – 9:00 PM | Thursday: 8:30 AM – 9:00 PM | Friday: 8:30 AM – 9:00 PM | Saturday: 8:30 AM – 9:00 PM | Sunday: 8:30 AM – 9:00 PM,,"['pharmacy', 'health', 'point_of_interest', 'store', 'establishment']","159/13 ม.6 ต, Tambon Bang Sai, อ.เมืองชลบุรี",0,Active,0,0,FALSE,scraped,0,Chon Buri,YES,
ChIJZc_uKAE2HTERjVaVDBlTMlk,ChIJZc_uKAE2HTERjVaVDBlTMlk,Thep Satid Pharmacy,Independent,Pharmacy (independent),TARGET,,"191/1, Moo 1, Tambon Nong Mai Daeng, Amphoe Mueang Chon Buri, Chon Buri",20000,Chon Buri,13.398556,100.9857638,pharmacy,0,0,089 834 0289,,,"['pharmacy', 'health', 'point_of_interest', 'store', 'establishment']","191/1, Moo 1, Tambon Nong Mai Daeng, Amphoe Mueang Chon Buri, Chon Buri, 20000",0,Active,0,0,FALSE,scraped,0,Chon Buri,YES,
ChIJk2_I45c1HTERmoUZex4RdLQ,ChIJk2_I45c1HTERmoUZex4RdLQ,Dpharmacy Napa,Independent,Pharmacy (independent),TARGET,,"95, 6 ทางหลวงพิเศษหมายเลข 7, Tambon Na Pa",เมือง,Chon Buri,13.387508,101.0256467,pharmacy,4.2,20,095 167 1798,Monday: 8:00 AM – 8:00 PM | Tuesday: 8:00 AM – 8:00 PM | Wednesday: 8:00 AM – 8:00 PM | Thursday: 8:00 AM – 8:00 PM | Friday: 8:00 AM – 8:00 PM | Saturday: 8:00 AM – 8:00 PM | Sunday: 8:00 AM – 8:00 PM,,"['drugstore', 'pharmacy', 'health', 'point_of_interest', 'store', 'establishment']","95, 6 ทางหลวงพิเศษหมายเลข 7, Tambon Na Pa, เมือง",0,Active,0,0,FALSE,scraped,0,Chon Buri,YES,
ChIJO0_iz_A1HTERHdYlxay6RXw,ChIJO0_iz_A1HTERHdYlxay6RXw,Prasert Pharmacy,Independent,Pharmacy (independent),TARGET,,"101 Pi Pit, Tambon Bang Sai",Amphoe Mueang Chon Buri,Chon Buri,13.3818784,100.9875139,pharmacy,0,0,038 270 230,,,"['pharmacy', 'health', 'point_of_interest', 'store', 'establishment']","101 Pi Pit, Tambon Bang Sai, Amphoe Mueang Chon Buri",0,Active,0,0,FALSE,scraped,0,Chon Buri,YES,
ChIJXQR2A3kvHTERu5jMhfjdk7Q,ChIJXQR2A3kvHTERu5jMhfjdk7Q,ร้านขายยาบ้านยาสายรุ้ง Pharmacy นาป่า - ตลาดเจริญสุข ร้านยาใกล้ฉัน ร้านยาคุณภาพ DRUG STORE,Independent,Pharmacy (independent),TARGET,,"ตรงข้ามบิ๊กซีแฟมิลี่, 9/100, นาป่า",เมือง,Chon Buri,13.4078094,101.0286176,pharmacy,4.8,25,,Monday: 8:00 AM – 9:00 PM | Tuesday: 8:00 AM – 9:00 PM | Wednesday: 8:00 AM – 9:00 PM | Thursday: 9:30 AM – 9:00 PM | Friday: 8:00 AM – 9:00 PM | Saturday: 8:00 AM – 9:00 PM | Sunday: 2:30 – 9:00 PM,https://www.facebook.com/baanyasairung,"['pharmacy', 'health', 'point_of_interest', 'store', 'establishment']","ตรงข้ามบิ๊กซีแฟมิลี่, 9/100, นาป่า, เมือง",0,Active,0,0,FALSE,scraped,0,Chon Buri,YES,
ChIJd2NmkZY3HTER056selduHKY,ChIJd2NmkZY3HTER056selduHKY,ณ บ้านยา Pharmacy 薬局,Independent,Pharmacy (independent),TARGET,,"9/96 หมู่ 8, Tambon Na Pa",Amphoe Mueang Chon Buri,Chon Buri,13.4080927,101.0286052,pharmacy,0,0,063 936 6111,Monday: 8:00 AM – 10:00 PM | Tuesday: 8:00 AM – 10:00 PM | Wednesday: 8:00 AM – 10:00 PM | Thursday: 8:00 AM – 10:00 PM | Friday: 8:00 AM – 10:00 PM | Saturday: 8:00 AM – 10:00 PM | Sunday: 8:00 AM – 10:00 PM,http://www.facebook.com/na.drughouse/,"['pharmacy', 'health', 'point_of_interest', 'store', 'establishment']","9/96 หมู่ 8, Tambon Na Pa, Amphoe Mueang Chon Buri",0,Active,0,0,FALSE,scraped,0,Chon Buri,YES,
ChIJ00udGOs1HTERSGuh8vrq-1Y,ChIJ00udGOs1HTERSGuh8vrq-1Y,Charoen Nan Pharmacy,Independent,Pharmacy (independent),TARGET,,"92F2+C32, 3",Amphoe Mueang Chon Buri,Chon Buri,13.3735098,101.0001555,pharmacy,0,0,,,,"['pharmacy', 'health', 'point_of_interest', 'store', 'establishment']","92F2+C32, 3, Amphoe Mueang Chon Buri",0,Active,0,0,FALSE,scraped,0,Chon Buri,YES,
ChIJbz8LGPE1HTER0HpquGKvfF8,ChIJbz8LGPE1HTER0HpquGKvfF8,Phipit Kanka,Independent (no name keyword),Pharmacy (independent),TARGET,,"18/2, Phipit Road, Tambon Bang Sai, Amphoe Mueang Chon Buri, Chon Buri",20000,Chon Buri,13.3805214,100.9878776,pharmacy,0,0,038 387 319,,,"['pharmacy', 'health', 'store', 'point_of_interest', 'establishment']","18/2, Phipit Road, Tambon Bang Sai, Amphoe Mueang Chon Buri, Chon Buri, 20000",0,Active,0,0,FALSE,scraped,0,Chon Buri,YES,
ChIJn3xj7sdHHTER581VNprRAwc,ChIJn3xj7sdHHTER581VNprRAwc,"PST INTERTRADE.,CO LTD",Independent (no name keyword),Pharmacy (independent),TARGET,,"72/5 Thanon Bang Na-Trat Frontage, Tambon Bang Wua",Amphoe Bang Pakong,Chon Buri,13.5568555,100.9565676,pharmacy,0,0,,,,"['pharmacy', 'health', 'point_of_interest', 'store', 'establishment']","72/5 Thanon Bang Na-Trat Frontage, Tambon Bang Wua, Amphoe Bang Pakong",0,Active,0,0,FALSE,scraped,0,Chon Buri,YES,
ChIJGwLr_z9HHTERUl-cZeX3yw8,ChIJGwLr_z9HHTERUl-cZeX3yw8,Ban Ya Dee,Independent (no name keyword),Pharmacy (independent),TARGET,,"1/93, Moo 14, Tambon Bang Wua, Amphoe Bang Pakong, Chachoengsao",24180,Chon Buri,13.5563737,100.958077,pharmacy,3,2,038 539 419,,,"['pharmacy', 'health', 'point_of_interest', 'store', 'establishment']","1/93, Moo 14, Tambon Bang Wua, Amphoe Bang Pakong, Chachoengsao, 24180",0,Active,0,0,FALSE,scraped,0,Chon Buri,YES,
ChIJYwJjI0BHHTERRmTNg0amC0s,ChIJYwJjI0BHHTERRmTNg0amC0s,สุภัทราเภสัช (Suputtra Pharmacy),เภสัช (Independent),Pharmacy (independent),TARGET,,"55/12, ม.6, Tambon Bang Wua",Amphoe Bang Pakong,Chon Buri,13.5566713,100.9597494,pharmacy,0,0,082 202 1586,Monday: 5:15 – 9:30 PM | Tuesday: 5:15 – 9:00 PM | Wednesday: 5:15 – 9:00 PM | Thursday: 5:15 – 9:00 PM | Friday: 5:15 – 9:00 PM | Saturday: 5:15 – 9:00 PM | Sunday: 5:15 – 9:00 PM,,"['pharmacy', 'health', 'point_of_interest', 'store', 'establishment']","55/12, ม.6, Tambon Bang Wua, Amphoe Bang Pakong",0,Active,0,0,FALSE,scraped,0,Chon Buri,YES,
ChIJmfJ2Jyo9HTERKbJQQ-XZSTY,ChIJmfJ2Jyo9HTERKbJQQ-XZSTY,BP3,Independent (no name keyword),Pharmacy (independent),TARGET,,"H4H3+RC2, Unnamed Road, Tambon Nong Tin Nok",Amphoe Ban Pho,Chon Buri,13.5795089,101.1035078,pharmacy,0,0,,,,"['pharmacy', 'health', 'point_of_interest', 'store', 'establishment']","H4H3+RC2, Unnamed Road, Tambon Nong Tin Nok, Amphoe Ban Pho",0,Active,0,0,FALSE,scraped,0,Chon Buri,YES,
ChIJP1LGVU5bHTER6AkPYlzVyOE,ChIJP1LGVU5bHTER6AkPYlzVyOE,Mueang Mai Pharmacy,Independent,Pharmacy (independent),TARGET,,"HQCR+XPJ, ซอย 41, Tambon Bang Sao Thong",Amphoe Bang Sao Thong,Chon Buri,13.5724695,100.7917684,pharmacy,5,3,,Monday: 10:00 AM – 10:00 PM | Tuesday: 10:00 AM – 10:00 PM | Wednesday: 10:00 AM – 10:00 PM | Thursday: 10:00 AM – 10:00 PM | Friday: 10:00 AM – 10:00 PM | Saturday: 10:00 AM – 10:00 PM | Sunday: 10:00 AM – 10:00 PM,,"['pharmacy', 'health', 'store', 'point_of_interest', 'establishment']","HQCR+XPJ, ซอย 41, Tambon Bang Sao Thong, Amphoe Bang Sao Thong",0,Active,0,0,FALSE,scraped,0,Chon Buri,YES,
ChIJWfr6hAZFHTERNzmU7QwC-nQ,ChIJWfr6hAZFHTERNzmU7QwC-nQ,ร้านขายยา วีอาร์ฟาร์มบางบ่อ (VR Pharm Bangbo) สาขาบางบ่อ,Independent (no name keyword),Pharmacy (independent),TARGET,,"207 6, Tambon Bang Sao Thong",Amphoe Bang Bo,Chon Buri,13.5755218,100.8355783,pharmacy,5,2,092 992 2924,Monday: 7:30 AM – 8:30 PM | Tuesday: 7:30 AM – 8:30 PM | Wednesday: 7:30 AM – 8:30 PM | Thursday: 7:30 AM – 8:30 PM | Friday: 7:30 AM – 8:30 PM | Saturday: 8:00 AM – 8:30 PM | Sunday: 8:00 AM – 8:30 PM,,"['pharmacy', 'health', 'point_of_interest', 'store', 'establishment']","207 6, Tambon Bang Sao Thong, Amphoe Bang Bo",0,Active,0,0,FALSE,scraped,0,Chon Buri,YES,
ChIJi25ZVB1FHTER0YhLHpZrX9w,ChIJi25ZVB1FHTER0YhLHpZrX9w,ร้านขายยา(KK PHARMACY),Independent,Pharmacy (independent),TARGET,,"248, Tambon Bang Phriang",Amphoe Bang Bo,Chon Buri,13.5539625,100.8206267,pharmacy,0,0,061 452 6615,Monday: 3:00 – 10:00 PM | Tuesday: 3:00 – 10:00 PM | Wednesday: 3:00 – 10:00 PM | Thursday: 3:00 – 10:00 PM | Friday: 3:00 – 10:00 PM | Saturday: 3:00 – 10:00 PM | Sunday: 3:00 – 10:00 PM,,"['pharmacy', 'health', 'point_of_interest', 'store', 'establishment']","248, Tambon Bang Phriang, Amphoe Bang Bo",0,Active,0,0,FALSE,scraped,0,Chon Buri,YES,
ChIJb3CVYUhFHTERoM2M1_iUbWs,ChIJb3CVYUhFHTERoM2M1_iUbWs,บ้านยาบางเสาธง (Bangsoathong Drugstore),Independent,Pharmacy (independent),TARGET,,"148, 17 ม.2, ต.บางเสาธง",Amphoe Bang Sao Thong,Chon Buri,13.5681633,100.8188746,pharmacy,5,3,,,,"['pharmacy', 'health', 'point_of_interest', 'store', 'establishment']","148, 17 ม.2, ต.บางเสาธง, Amphoe Bang Sao Thong",0,Active,0,0,FALSE,scraped,0,Chon Buri,YES,
ChIJIWWI0-n9UjARHYvzCUhYw60,ChIJIWWI0-n9UjARHYvzCUhYw60,ร้านขายยา เลิศเจริญเภสัช (LertCharoen.Pharma),เภสัช (Independent),Pharmacy (independent),TARGET,,"บางจาก, 121 ม.2 ถ.สุนอนันต์",เมือง,Nakhon Si Thammarat,8.3662707,100.0480899,pharmacy,5,3,061 025 0920,Monday: 8:00 AM – 8:00 PM | Tuesday: 8:00 AM – 8:00 PM | Wednesday: 8:00 AM – 8:00 PM | Thursday: 8:00 AM – 8:00 PM | Friday: 8:00 AM – 8:00 PM | Saturday: 8:00 AM – 8:00 PM | Sunday: 8:00 AM – 8:00 PM,,"['pharmacy', 'health', 'point_of_interest', 'store', 'establishment']","บางจาก, 121 ม.2 ถ.สุนอนันต์, เมือง",0,Active,0,0,FALSE,scraped,0,Nakhon Si Thammarat,YES,
ChIJV8HI_3MBUzARbjBSvu5M-uw,ChIJV8HI_3MBUzARbjBSvu5M-uw,Phesat Chumchon Shop,Independent (no name keyword),Pharmacy (independent),TARGET,,"147, ถนนราชดำเนิน, ตำบลในเมือง อำเภอเมือง จังหวัดนครศรีธรรมราช",80000,Nakhon Si Thammarat,8.3896441,99.9708347,pharmacy,4.3,6,075 357 173,Monday: 7:00 AM – 9:00 PM | Tuesday: 7:00 AM – 9:00 PM | Wednesday: 7:00 AM – 9:00 PM | Thursday: 7:00 AM – 9:00 PM | Friday: 7:00 AM – 9:00 PM | Saturday: 7:00 AM – 9:00 PM | Sunday: 7:00 AM – 4:00 PM,,"['pharmacy', 'health', 'point_of_interest', 'store', 'establishment']","147, ถนนราชดำเนิน, ตำบลในเมือง อำเภอเมือง จังหวัดนครศรีธรรมราช, 80000",0,Active,0,0,FALSE,scraped,0,Nakhon Si Thammarat,YES,
ChIJ2XdEy3IBUzARUEZX_g2xhO8,ChIJ2XdEy3IBUzARUEZX_g2xhO8,สุมาดีเภสัช ร้านขายยา Sumadee Pharmacy ร้านยาคุณภาพ,เภสัช (Independent),Pharmacy (independent),TARGET,,41/6 ถ.ศรีธรรมโศก ต.ในเมือง อ.เมือง,เมือง,Nakhon Si Thammarat,8.4105561,99.9688599,pharmacy,4.9,43,061 559 6979,Monday: 8:00 AM – 8:30 PM | Tuesday: 8:00 AM – 8:30 PM | Wednesday: 8:00 AM – 8:30 PM | Thursday: 8:00 AM – 8:30 PM | Friday: 8:00 AM – 8:30 PM | Saturday: 9:00 AM – 8:30 PM | Sunday: Closed,https://www.facebook.com/SumadeePharmacy/,"['pharmacy', 'health', 'point_of_interest', 'store', 'establishment']","41/6 ถ.ศรีธรรมโศก ต.ในเมือง อ.เมือง, เมือง",0,Active,0,0,FALSE,scraped,0,Nakhon Si Thammarat,YES,
ChIJ5Uvh-RIBUzAR7AfowhdnsIs,ChIJ5Uvh-RIBUzAR7AfowhdnsIs,คลินิกยาสุมาดี ร้านขายยา ClinicyaSumadee ร้านยาคุณภาพ,Independent,Pharmacy (independent),TARGET,,594 Ratchadamnoen Road,Amphoe Mueang Nakhon Si Thammarat,Nakhon Si Thammarat,8.4143528,99.9663876,pharmacy,0,0,080 567 6979,Monday: 9:30 AM – 8:30 PM | Tuesday: 9:30 AM – 8:30 PM | Wednesday: 9:30 AM – 8:30 PM | Thursday: 9:30 AM – 8:30 PM | Friday: 9:30 AM – 8:30 PM | Saturday: 10:30 AM – 8:30 PM | Sunday: Closed,https://www.facebook.com/SumadeePharmacy/,"['pharmacy', 'health', 'point_of_interest', 'store', 'establishment']","594 Ratchadamnoen Road, Amphoe Mueang Nakhon Si Thammarat",0,Active,0,0,FALSE,scraped,0,Nakhon Si Thammarat,YES,
ChIJ0euqKwsBUzARKhng2HVOkIE,ChIJ0euqKwsBUzARKhng2HVOkIE,ร้านยาจิตรทิวัสเภสัช Jittiwat Pharmacy 'ร้านยาคุณภาพ โดยสภาเภสัชกรรม',ร้านยา (Independent),Pharmacy (independent),TARGET,,"เยื้องวัดท้าวโคตร *ข้างเซเว่น โรงแรมอเวนิว เรสซิเดนซ์, ถนน ราชดำเนิน, Tambon Nai Mueang",Amphoe Mueang Nakhon Si Thammarat,Nakhon Si Thammarat,8.4041291,99.9686634,pharmacy,5,1,082 667 8804,Monday: 10:00 AM – 10:00 PM | Tuesday: 10:00 AM – 10:00 PM | Wednesday: 10:00 AM – 10:00 PM | Thursday: 10:00 AM – 10:00 PM | Friday: 10:00 AM – 10:00 PM | Saturday: 10:00 AM – 10:00 PM | Sunday: 10:00 AM – 10:00 PM,,"['pharmacy', 'health', 'point_of_interest', 'store', 'establishment']","เยื้องวัดท้าวโคตร *ข้างเซเว่น โรงแรมอเวนิว เรสซิเดนซ์, ถนน ราชดำเนิน, Tambon Nai Mueang, Amphoe Mueang Nakhon Si Thammarat",0,Active,0,0,FALSE,scraped,0,Nakhon Si Thammarat,YES,
ChIJOxGAsk4BUzARfHrQ9XHhZx8,ChIJOxGAsk4BUzARfHrQ9XHhZx8,ร้านยา บ้านยานาชุม (NaChum Pharmacy),ร้านยา (Independent),Pharmacy (independent),TARGET,,"42575, 167, 99.92174 ถ.เอเชีย 8",เมือง,Nakhon Si Thammarat,8.4257739,99.9217525,pharmacy,0,0,063 012 0185,Monday: 7:30 AM – 7:00 PM | Tuesday: 7:30 AM – 7:00 PM | Wednesday: 7:30 AM – 7:00 PM | Thursday: 7:30 AM – 7:00 PM | Friday: 7:30 AM – 7:00 PM | Saturday: 7:30 AM – 7:00 PM | Sunday: Closed,,"['pharmacy', 'health', 'point_of_interest', 'store', 'establishment']","42575, 167, 99.92174 ถ.เอเชีย 8, เมือง",0,Active,0,0,FALSE,scraped,0,Nakhon Si Thammarat,YES,
ChIJ19LtjTgBUzAReFuU9Ng5bVI,ChIJ19LtjTgBUzAReFuU9Ng5bVI,ร้านยาเฮลท์ฮับบ์ HealthHubb ตรงข้ามศิรินคร สแควร์ นครศรีธรรมราช,ร้านยา (Independent),Pharmacy (independent),TARGET,,"209/3, ตรงข้ามศิรินคร แสควร์, Pattanakarnkukwang, Rd, Naimuang",Muang,Nakhon Si Thammarat,8.4235751,99.9730393,pharmacy,5,3,090 234 3654,Monday: 9:00 AM – 10:30 PM | Tuesday: 9:00 AM – 10:30 PM | Wednesday: 9:00 AM – 10:30 PM | Thursday: 9:00 AM – 10:30 PM | Friday: 9:00 AM – 10:30 PM | Saturday: 12:00 – 10:30 PM | Sunday: 12:00 – 10:30 PM,https://www.facebook.com/Healthubbnst,"['pharmacy', 'health', 'point_of_interest', 'store', 'establishment']","209/3, ตรงข้ามศิรินคร แสควร์, Pattanakarnkukwang, Rd, Naimuang, Muang",0,Active,0,0,FALSE,scraped,0,Nakhon Si Thammarat,YES,
ChIJB7Eq7C4BUzARdv9HJ6gLHxs,ChIJB7Eq7C4BUzARdv9HJ6gLHxs,บ้านยาดีฟาร์มา (Baan Ya Dee Pharma),Independent (no name keyword),Pharmacy (independent),TARGET,,"180, 27 ถนน สะพานยาว",เมือง,Nakhon Si Thammarat,8.4432753,99.9546435,pharmacy,5,1,088 298 8287,Monday: 8:00 AM – 10:00 PM | Tuesday: 8:00 AM – 10:00 PM | Wednesday: 8:00 AM – 10:00 PM | Thursday: 8:00 AM – 10:00 PM | Friday: 8:00 AM – 10:00 PM | Saturday: 8:00 AM – 10:00 PM | Sunday: 8:00 AM – 10:00 PM,,"['pharmacy', 'health', 'store', 'point_of_interest', 'establishment']","180, 27 ถนน สะพานยาว, เมือง",0,Active,0,0,FALSE,scraped,0,Nakhon Si Thammarat,YES,
ChIJEe78zTMBUzAR7JJoU1tqTgQ,ChIJEe78zTMBUzAR7JJoU1tqTgQ,Charatpong Medical Shop,Independent (no name keyword),Pharmacy (independent),TARGET,,"1623-1625, Jamroenwitee Road, Tambon Tha Wang, Amphoe Mueang, Nakhon Si Thammarat",80000,Nakhon Si Thammarat,8.4404016,99.9606048,pharmacy,4,1,075 356 071,,,"['pharmacy', 'health', 'store', 'point_of_interest', 'establishment']","1623-1625, Jamroenwitee Road, Tambon Tha Wang, Amphoe Mueang, Nakhon Si Thammarat, 80000",0,Active,0,0,FALSE,scraped,0,Nakhon Si Thammarat,YES,
ChIJO8wR2zMBUzARPWz59CuJDmE,ChIJO8wR2zMBUzARPWz59CuJDmE,Ton Ya Pharmacy,Independent,Pharmacy (independent),TARGET,,"1631, 7-1633 Thanon Neramit",Amphoe Mueang Nakhon Si Thammarat,Nakhon Si Thammarat,8.4398741,99.9612712,pharmacy,5,1,075 343 845,,,"['pharmacy', 'health', 'store', 'point_of_interest', 'establishment']","1631, 7-1633 Thanon Neramit, Amphoe Mueang Nakhon Si Thammarat",0,Active,0,0,FALSE,scraped,0,Nakhon Si Thammarat,YES,
ChIJiUf3gzEBUzARH9DUM_xOROo,ChIJiUf3gzEBUzARH9DUM_xOROo,Charoen pharmacy,Independent,Pharmacy (independent),TARGET,,CXQ6+H2M,Mueang Nakhon Si Thammarat District,Nakhon Si Thammarat,8.4389722,99.9600612,pharmacy,0,0,075 356 290,,,"['pharmacy', 'health', 'store', 'point_of_interest', 'establishment']","CXQ6+H2M, Mueang Nakhon Si Thammarat District",0,Active,0,0,FALSE,scraped,0,Nakhon Si Thammarat,YES,
ChIJgZfUUkwBUzAR8md-oRKQuuA,ChIJgZfUUkwBUzAR8md-oRKQuuA,Mind Drug (ร้านยา มาย-ดรักส์),ร้านยา (Independent),Pharmacy (independent),TARGET,,"CXRC+HXF, Pak Nakhon Road, Tambon Tha Wang",Amphoe Mueang Nakhon Si Thammarat,Nakhon Si Thammarat,8.4414426,99.9724208,pharmacy,0,0,081 893 6391,Monday: 10:00 AM – 10:00 PM | Tuesday: 10:00 AM – 10:00 PM | Wednesday: 10:00 AM – 10:00 PM | Thursday: 10:00 AM – 10:00 PM | Friday: 10:00 AM – 10:00 PM | Saturday: 10:00 AM – 10:00 PM | Sunday: 10:00 AM – 10:00 PM,,"['pharmacy', 'health', 'point_of_interest', 'store', 'establishment']","CXRC+HXF, Pak Nakhon Road, Tambon Tha Wang, Amphoe Mueang Nakhon Si Thammarat",0,Active,0,0,FALSE,scraped,0,Nakhon Si Thammarat,YES,
ChIJQR8_yEsBUzARjrKK8M_3IAY,ChIJQR8_yEsBUzARjrKK8M_3IAY,"ASRAS MEDICAL CO., LTD.",Independent (no name keyword),Pharmacy (independent),TARGET,,"CXRC+4WJ, Pattanakarn - Khukwang Road, Tambon Tha Wang",Amphoe Mueang Nakhon Si Thammarat,Nakhon Si Thammarat,8.4403373,99.9722539,pharmacy,0,0,,,,"['pharmacy', 'health', 'point_of_interest', 'store', 'establishment']","CXRC+4WJ, Pattanakarn - Khukwang Road, Tambon Tha Wang, Amphoe Mueang Nakhon Si Thammarat",0,Active,0,0,FALSE,scraped,0,Nakhon Si Thammarat,YES,
ChIJR1fViBUBUzARaGHg5ae6ny0,ChIJR1fViBUBUzARaGHg5ae6ny0,SM Pharma,Independent (no name keyword),Pharmacy (independent),TARGET,,28 Pak Nakhon Road,Amphoe Mueang Nakhon Si Thammarat,Nakhon Si Thammarat,8.4409931,99.9691943,pharmacy,0,0,075 800 666,Monday: 7:00 AM – 9:00 PM | Tuesday: 7:00 AM – 9:00 PM | Wednesday: 7:00 AM – 9:00 PM | Thursday: 7:00 AM – 9:00 PM | Friday: 7:00 AM – 9:00 PM | Saturday: 7:00 AM – 9:00 PM | Sunday: 7:00 AM – 9:00 PM,,"['pharmacy', 'health', 'point_of_interest', 'store', 'establishment']","28 Pak Nakhon Road, Amphoe Mueang Nakhon Si Thammarat",0,Active,0,0,FALSE,scraped,0,Nakhon Si Thammarat,YES,
ChIJIT57kTUBUzARxoFrAHyIsMo,ChIJIT57kTUBUzARxoFrAHyIsMo,P.A. Pharmaceutical,Independent (no name keyword),Pharmacy (independent),TARGET,,"Tha Wang, 80000 Mueang Nakhon Si Thammarat",Nakhon Si Thammarat,Nakhon Si Thammarat,8.440888,99.967952,pharmacy,0,0,,,,"['pharmacy', 'health', 'point_of_interest', 'store', 'establishment']","Tha Wang , 80000 Mueang Nakhon Si Thammarat, Nakhon Si Thammarat",0,Active,0,0,FALSE,scraped,0,Nakhon Si Thammarat,YES,
ChIJs_49sqwBUzARoLgIA-NXgyo,ChIJs_49sqwBUzARoLgIA-NXgyo,ยาบ้านหลิว-Ya ban LIU Drugstore,Independent,Pharmacy (independent),TARGET,,28 Pak Nakhon Road,Amphoe Mueang Nakhon Si Thammarat,Nakhon Si Thammarat,8.440781,99.9678955,pharmacy,5,3,095 037 9989,Monday: 7:00 AM – 9:00 PM | Tuesday: 7:00 AM – 9:00 PM | Wednesday: 7:00 AM – 9:00 PM | Thursday: 7:00 AM – 9:00 PM | Friday: 7:00 AM – 9:00 PM | Saturday: 7:00 AM – 9:00 PM | Sunday: Closed,https://www.facebook.com/yabanliu,"['pharmacy', 'health', 'point_of_interest', 'store', 'establishment']","28 Pak Nakhon Road, Amphoe Mueang Nakhon Si Thammarat",0,Active,0,0,FALSE,scraped,0,Nakhon Si Thammarat,YES,
ChIJGdEoRGEHUzAR_Nl2fqm2DSA,ChIJGdEoRGEHUzAR_Nl2fqm2DSA,ร้านขายยา บ้านยาตลาดช้อย (BanYaChoi Market),Independent (no name keyword),Pharmacy (independent),TARGET,,"27, 9",Amphoe Mueang Nakhon Si Thammarat,Nakhon Si Thammarat,8.4697794,99.9225707,pharmacy,5,3,083 404 8810,Monday: 12:00 – 9:00 PM | Tuesday: 12:00 – 9:00 PM | Wednesday: 12:00 – 9:00 PM | Thursday: 12:00 – 9:00 PM | Friday: 12:00 – 9:00 PM | Saturday: 12:00 – 9:00 PM | Sunday: 12:00 – 9:00 PM,https://www.facebook.com/BanYaChoiMarket92/,"['pharmacy', 'health', 'store', 'point_of_interest', 'establishment']","27, 9, Amphoe Mueang Nakhon Si Thammarat",0,Active,0,0,FALSE,scraped,0,Nakhon Si Thammarat,YES,
ChIJt4hMEpcFUzAR0g5ePidWgNk,ChIJt4hMEpcFUzAR0g5ePidWgNk,บ้านยานาวง Banya Nawong Pharmacy,Independent,Pharmacy (independent),TARGET,,"บ้านเลขที่ 3/14, หมู่ที่ 2, ซอย ท่าซัก, Tambon Tha Sak",Amphoe Mueang Nakhon Si Thammarat,Nakhon Si Thammarat,8.4584358,99.9939408,pharmacy,5,3,095 885 0351,Monday: 7:00 AM – 8:00 PM | Tuesday: 7:00 AM – 8:00 PM | Wednesday: 7:00 AM – 8:00 PM | Thursday: 7:00 AM – 8:00 PM | Friday: 7:00 AM – 8:00 PM | Saturday: Closed | Sunday: 10:00 AM – 8:00 PM,https://lin.ee/Fc0LseC,"['pharmacy', 'health', 'store', 'point_of_interest', 'establishment']","บ้านเลขที่ 3/14, หมู่ที่ 2, ซอย ท่าซัก, Tambon Tha Sak, Amphoe Mueang Nakhon Si Thammarat",0,Active,0,0,FALSE,scraped,0,Nakhon Si Thammarat,YES,
ChIJfwyaNn8HUzAR7rq_0TftV2M,ChIJfwyaNn8HUzAR7rq_0TftV2M,Kesinee Pharmacy,Independent,Pharmacy (independent),TARGET,,"66 ถนนนครศรี-ท่าศาลา (401 ตรงข้ามตลาดท่าแพ, Tambon Pak Phun",เมือง,Nakhon Si Thammarat,8.5134437,99.953044,pharmacy,0,0,075 383 287,Monday: 7:30 AM – 7:00 PM | Tuesday: 7:30 AM – 7:00 PM | Wednesday: 7:30 AM – 7:00 PM | Thursday: 7:30 AM – 7:00 PM | Friday: 7:30 AM – 7:00 PM | Saturday: 7:30 AM – 7:00 PM | Sunday: 7:30 AM – 7:00 PM,https://www.facebook.com/kesinee.pharmacy/,"['pharmacy', 'health', 'point_of_interest', 'store', 'establishment']","66 ถนนนครศรี-ท่าศาลา (401 ตรงข้ามตลาดท่าแพ, Tambon Pak Phun, เมือง",0,Active,0,0,FALSE,scraped,0,Nakhon Si Thammarat,YES,
ChIJeRK3aDoBUzARsQcMUNLTpek,ChIJeRK3aDoBUzARsQcMUNLTpek,Mind Phesat,Independent (no name keyword),Pharmacy (independent),TARGET,,"4/29, Ka Rom Road, Tambon Pho Sadet, Amphoe Mueang Nakhon Si Thammarat, Nakhon Si Thammarat",80000,Nakhon Si Thammarat,8.432874,99.9611837,pharmacy,0,0,075 345 626,,,"['pharmacy', 'health', 'point_of_interest', 'store', 'establishment']","4/29, Ka Rom Road, Tambon Pho Sadet, Amphoe Mueang Nakhon Si Thammarat, Nakhon Si Thammarat, 80000",0,Active,0,0,FALSE,scraped,0,Nakhon Si Thammarat,YES,
ChIJIUfA3EoBUzARC0cS8rJxZuY,ChIJIUfA3EoBUzARC0cS8rJxZuY,u,Independent (no name keyword),Pharmacy (independent),TARGET,,144 4015,Amphoe Mueang Nakhon Si Thammarat,Nakhon Si Thammarat,8.4246403,99.95002,pharmacy,4.5,2,,,,"['pharmacy', 'health', 'point_of_interest', 'store', 'establishment']","144 4015, Amphoe Mueang Nakhon Si Thammarat",0,Active,0,0,FALSE,scraped,0,Nakhon Si Thammarat,YES,
ChIJd09zJDoBUzARc16bSDOO_e4,ChIJd09zJDoBUzARc16bSDOO_e4,MO Poly 2002 Polyclinic,Independent (no name keyword),Pharmacy (independent),TARGET,,748/2-3 Ratchadamnoen Road,Amphoe Mueang Nakhon Si Thammarat,Nakhon Si Thammarat,8.432229,99.962976,pharmacy,0,0,075 343 603,,,"['pharmacy', 'health', 'point_of_interest', 'store', 'establishment']","748/2-3 Ratchadamnoen Road, Amphoe Mueang Nakhon Si Thammarat",0,Active,0,0,FALSE,scraped,0,Nakhon Si Thammarat,YES,
ChIJlbtw5_eY4jARnO2ThwU6O_s,ChIJlbtw5_eY4jARnO2ThwU6O_s,Charoen Panit Pharmacy,Independent,Pharmacy (independent),TARGET,,850 ถนน เทอดไท,Khwaeng Bang Yi Ruea,Nonthaburi,13.7365654,100.4865631,pharmacy,0,0,02 465 1695,,,"['pharmacy', 'health', 'store', 'point_of_interest', 'establishment']","850 ถนน เทอดไท, Khwaeng Bang Yi Ruea",0,Active,0,0,FALSE,scraped,0,Nonthaburi,YES,
ChIJEyc3PfmY4jARq3OjMzxavSo,ChIJEyc3PfmY4jARq3OjMzxavSo,Wirawatthana Pharmacy,Independent,Pharmacy (independent),TARGET,,"PFHQ+Q7F, ซอยวัดใหญ่ศรีสุพรรณ, Khwaeng Hiranruchi",หิรัญรูจี,Nonthaburi,13.729428,100.48817,pharmacy,5,2,,,,"['pharmacy', 'health', 'store', 'point_of_interest', 'establishment']","PFHQ+Q7F, ซอยวัดใหญ่ศรีสุพรรณ, Khwaeng Hiranruchi, หิรัญรูจี",0,Active,0,0,FALSE,scraped,0,Nonthaburi,YES,
ChIJGZ9kNvyY4jARKFTGArpR9g8,ChIJGZ9kNvyY4jARKFTGArpR9g8,Wisit Pharmacy,Independent,Pharmacy (independent),TARGET,,"PFMR+6HH, Soi Montri, Khwaeng Hiranruchi",หิรัญรูจี,Nonthaburi,13.733057,100.491498,pharmacy,0,0,,,,"['pharmacy', 'health', 'store', 'point_of_interest', 'establishment']","PFMR+6HH, Soi Montri, Khwaeng Hiranruchi, หิรัญรูจี",0,Active,0,0,FALSE,scraped,0,Nonthaburi,YES,
ChIJ8fv4EbyZ4jARSZbaPo4iz2k,ChIJ8fv4EbyZ4jARSZbaPo4iz2k,pureissaraphap41145gmail.com,Independent (no name keyword),Pharmacy (independent),TARGET,,"เลขที่2 ถนนอิสรภาพ เขตธนบุรี, แขวงวัดกัลยา",ณ์,Nonthaburi,13.7319265,100.4928876,pharmacy,0,0,095 146 9269,Monday: 9:00 AM – 10:00 PM | Tuesday: 9:00 AM – 10:00 PM | Wednesday: 9:00 AM – 10:00 PM | Thursday: 9:00 AM – 10:00 PM | Friday: 9:00 AM – 10:00 PM | Saturday: 9:00 AM – 10:00 PM | Sunday: 9:00 AM – 10:00 PM,,"['pharmacy', 'health', 'store', 'point_of_interest', 'establishment']","เลขที่2 ถนนอิสรภาพ เขตธนบุรี, แขวงวัดกัลยา, ณ์",0,Active,0,0,FALSE,scraped,0,Nonthaburi,YES,
ChIJMY0sgy2R4jARf2WSdEudjRY,ChIJMY0sgy2R4jARf2WSdEudjRY,ร้านยา iPharma,ร้านยา (Independent),Pharmacy (independent),TARGET,,73/42 Soi Itsaraphap 11,Nonthaburi,Nonthaburi,13.7313792,100.4936457,pharmacy,5,1,065 455 2658,Monday: 10:00 AM – 9:00 PM | Tuesday: 10:00 AM – 9:00 PM | Wednesday: 10:00 AM – 9:00 PM | Thursday: 10:00 AM – 9:00 PM | Friday: 10:00 AM – 9:00 PM | Saturday: 10:00 AM – 9:00 PM | Sunday: 10:00 AM – 9:00 PM,,"['pharmacy', 'health', 'point_of_interest', 'store', 'establishment']",73/42 Soi Itsaraphap 11,0,Active,0,0,FALSE,scraped,0,Nonthaburi,YES,
ChIJrUq_AcCZ4jARHpSUVgKVcYA,ChIJrUq_AcCZ4jARHpSUVgKVcYA,เพื่อนยา Pharmacy,Independent,Pharmacy (independent),TARGET,,65/5,Nonthaburi,Nonthaburi,13.7410702,100.4704705,pharmacy,5,12,095 561 6429,Monday: 7:00 AM – 11:00 PM | Tuesday: 7:00 AM – 11:00 PM | Wednesday: 7:00 AM – 11:00 PM | Thursday: 7:00 AM – 11:00 PM | Friday: 7:00 AM – 11:00 PM | Saturday: 9:00 AM – 11:00 PM | Sunday: 9:00 AM – 11:00 PM,,"['pharmacy', 'health', 'point_of_interest', 'store', 'establishment']",65/5,0,Active,0,0,FALSE,scraped,0,Nonthaburi,YES,
ChIJ85FjneGY4jARZrahGtyPSA0,ChIJ85FjneGY4jARZrahGtyPSA0,Kingporn Pharmacy,Independent,Pharmacy (independent),TARGET,,"177 Thanon Tha Din Daeng, Khwaeng Somdet Chao Phraya",แขวงคลองสาน,Nonthaburi,13.732981,100.5023036,pharmacy,0,0,02 863 2956,Monday: 9:00 AM – 9:00 PM | Tuesday: 9:00 AM – 9:00 PM | Wednesday: 9:00 AM – 9:00 PM | Thursday: 9:00 AM – 9:00 PM | Friday: 9:00 AM – 9:00 PM | Saturday: 9:00 AM – 9:00 PM | Sunday: 9:00 AM – 9:00 PM,,"['pharmacy', 'health', 'point_of_interest', 'store', 'establishment']","177 Thanon Tha Din Daeng, Khwaeng Somdet Chao Phraya, แขวงคลองสาน",0,Active,0,0,FALSE,scraped,0,Nonthaburi,YES,
ChIJ6XE9xeKY4jARNdPdjIQsYJY,ChIJ6XE9xeKY4jARNdPdjIQsYJY,Kha Charoen Pharmacy,Independent,Pharmacy (independent),TARGET,,Thailand,Nonthaburi,Nonthaburi,13.734043,100.496694,pharmacy,0,0,,,,"['pharmacy', 'health', 'point_of_interest', 'store', 'establishment']",Thailand,0,Active,0,0,FALSE,scraped,0,Nonthaburi,YES,
ChIJ46--4Cuf4jARQ7XIy-8tYkE,ChIJ46--4Cuf4jARQ7XIy-8tYkE,S.C. Pharmacy,Independent,Pharmacy (independent),TARGET,,"944/19-20-21, ตรงข้ามโรงพยาบาลจุฬา, ใกล้ BTS ศาลาแดง MRT",Si Lom Road,Nonthaburi,13.7300416,100.5348637,pharmacy,4.2,135,089 964 5915,Monday: 8:00 AM – 6:30 PM | Tuesday: 8:00 AM – 6:30 PM | Wednesday: 8:00 AM – 6:30 PM | Thursday: 8:00 AM – 6:30 PM | Friday: 8:00 AM – 6:30 PM | Saturday: 8:00 AM – 6:30 PM | Sunday: 8:00 AM – 6:30 PM,https://scphesaj.com/,"['pharmacy', 'health', 'point_of_interest', 'store', 'establishment']","944/19-20-21, ตรงข้ามโรงพยาบาลจุฬา, ใกล้ BTS ศาลาแดง MRT, Si Lom Road",0,Active,0,0,FALSE,scraped,0,Nonthaburi,YES,
ChIJSbQyOEuf4jARxsdVVdAnBws,ChIJSbQyOEuf4jARxsdVVdAnBws,Lab Pharmacy สาขา Velaa Sindhorn Village (หลังสวน),Independent,Pharmacy (independent),TARGET,,Velaa Sindhorn Village,87 Lang Suan Road,Nonthaburi,13.7359795,100.5427892,pharmacy,5,15,086 499 7895,Monday: 9:30 AM – 9:30 PM | Tuesday: 9:30 AM – 9:30 PM | Wednesday: 9:30 AM – 9:30 PM | Thursday: 9:30 AM – 9:30 PM | Friday: 9:30 AM – 9:30 PM | Saturday: 9:30 AM – 9:30 PM | Sunday: 9:30 AM – 9:30 PM,https://www.lablivehealthy.com/,"['pharmacy', 'health', 'point_of_interest', 'store', 'establishment']","Velaa Sindhorn Village, 87 Lang Suan Road",0,Active,0,0,FALSE,scraped,0,Nonthaburi,YES,
ChIJryCJ5iuf4jARb7Jn5mznG-g,ChIJryCJ5iuf4jARb7Jn5mznG-g,ร้านยาAP,ร้านยา (Independent),Pharmacy (independent),TARGET,,20/80 ซ.รัชดา36 แยก 11 จันทรเกษม จตุจักร,Nonthaburi,Nonthaburi,13.7296256,100.5350951,pharmacy,0,0,086 006 4564,,,"['pharmacy', 'health', 'point_of_interest', 'store', 'establishment']",20/80 ซ.รัชดา36 แยก 11 จันทรเกษม จตุจักร,0,Active,0,0,FALSE,scraped,0,Nonthaburi,YES,
ChIJFYK4mCuf4jARPUU1n6pY1-c,ChIJFYK4mCuf4jARPUU1n6pY1-c,DD pharm,Independent (no name keyword),Pharmacy (independent),TARGET,,35/2 Surawong Road,Nonthaburi,Nonthaburi,13.7301785,100.5328322,pharmacy,4.2,17,089 898 5260,Monday: 10:00 AM – 3:00 AM | Tuesday: 10:00 AM – 3:00 AM | Wednesday: 10:00 AM – 3:00 AM | Thursday: 10:00 AM – 3:00 AM | Friday: 10:00 AM – 3:00 AM | Saturday: 11:00 AM – 3:00 AM | Sunday: 7:00 PM – 3:00 AM,,"['pharmacy', 'health', 'store', 'point_of_interest', 'establishment']",35/2 Surawong Road,0,Active,0,0,FALSE,scraped,0,Nonthaburi,YES,
ChIJDa1ojdeY4jARJ2BkT7e5CLY,ChIJDa1ojdeY4jARJ2BkT7e5CLY,Kae Hueng Pharmacy,Independent,Pharmacy (independent),TARGET,,"PGM9+CHX, Soi Sawang 6, Khwaeng Maha Phruttharam",มหาพฤฒาราม,Nonthaburi,13.7336103,100.5189895,pharmacy,0,0,,,,"['pharmacy', 'health', 'point_of_interest', 'store', 'establishment']","PGM9+CHX, Soi Sawang 6, Khwaeng Maha Phruttharam, มหาพฤฒาราม",0,Active,0,0,FALSE,scraped,0,Nonthaburi,YES,
ChIJj4YT-yuZ4jARa639T8wJVMk,ChIJj4YT-yuZ4jARa639T8wJVMk,Tong Yu Ko Pharmacy,Independent,Pharmacy (independent),TARGET,,Thailand,Nonthaburi,Nonthaburi,13.740028,100.524439,pharmacy,0,0,,,,"['pharmacy', 'health', 'point_of_interest', 'store', 'establishment']",Thailand,0,Active,0,0,FALSE,scraped,0,Nonthaburi,YES,
ChIJR59dNSaZ4jARhMHiFCNwa8A,ChIJR59dNSaZ4jARhMHiFCNwa8A,"Li Min Pharmacy Ltd., Part.",Independent,Pharmacy (independent),TARGET,,"PGQ8+7Q9, Soi Phraya Singhaseni, Khwaeng Rong Muang",รองเมือง,Nonthaburi,13.738175,100.516988,pharmacy,0,0,,,,"['pharmacy', 'health', 'point_of_interest', 'store', 'establishment']","PGQ8+7Q9, Soi Phraya Singhaseni, Khwaeng Rong Muang, รองเมือง",0,Active,0,0,FALSE,scraped,0,Nonthaburi,YES,
ChIJBe3MoNSY4jARshtT9gwkaKk,ChIJBe3MoNSY4jARshtT9gwkaKk,Sheraton Dispensary Pharmacy,Independent (dispensary),Pharmacy (independent),TARGET,,Thailand,Nonthaburi,Nonthaburi,13.729088,100.528464,pharmacy,4.8,17,081 933 1933,Monday: 9:00 AM – 8:00 PM | Tuesday: 9:00 AM – 8:00 PM | Wednesday: 9:00 AM – 8:00 PM | Thursday: 9:00 AM – 8:00 PM | Friday: 9:00 AM – 8:00 PM | Saturday: 9:00 AM – 8:00 PM | Sunday: 9:00 AM – 8:00 PM,,"['pharmacy', 'health', 'point_of_interest', 'store', 'establishment']",Thailand,0,Active,0,0,FALSE,scraped,0,Nonthaburi,YES,
ChIJ3QOsKSyZ4jARBMdfYELPNXo,ChIJ3QOsKSyZ4jARBMdfYELPNXo,Metit Pharmacy,Independent,Pharmacy (independent),TARGET,,Thailand,Nonthaburi,Nonthaburi,13.742986,100.524139,pharmacy,0,0,,,,"['pharmacy', 'health', 'point_of_interest', 'store', 'establishment']",Thailand,0,Active,0,0,FALSE,scraped,0,Nonthaburi,YES,
ChIJ02vekKqf4jARLiL4ykvnjzM,ChIJ02vekKqf4jARLiL4ykvnjzM,Blez Pharmacy ブレズ薬局 ソイ49店/UFM Fuji Supermarket 4 branch Bangkok,Independent,Pharmacy (independent),TARGET,,31 Sukhumvit 49,Nonthaburi,Nonthaburi,13.730853,100.5754845,pharmacy,4.7,24,092 224 6971,Monday: 8:00 AM – 9:00 PM | Tuesday: 8:00 AM – 9:00 PM | Wednesday: 8:00 AM – 9:00 PM | Thursday: 8:00 AM – 9:00 PM | Friday: 8:00 AM – 9:00 PM | Saturday: 8:00 AM – 9:00 PM | Sunday: 8:00 AM – 9:00 PM,http://blez-web.com/,"['drugstore', 'pharmacy', 'health', 'point_of_interest', 'store', 'establishment']",31 Sukhumvit 49,0,Active,0,0,FALSE,scraped,0,Nonthaburi,YES,
ChIJLyJeMeOe4jARFiHy32r9Igg,ChIJLyJeMeOe4jARFiHy32r9Igg,Prasanmit Pharmacy,Independent,Pharmacy (independent),TARGET,,"PHP7+R38, Soi Cowboy, Khwaeng Khlong Toei Nuea",คลองเตยเหนือ,Nonthaburi,13.7370412,100.562714,pharmacy,5,1,02 258 4329,,,"['pharmacy', 'health', 'point_of_interest', 'store', 'establishment']","PHP7+R38, Soi Cowboy, Khwaeng Khlong Toei Nuea, คลองเตยเหนือ",0,Active,0,0,FALSE,scraped,0,Nonthaburi,YES,
ChIJyb0zxwGX4jAR60VnF5kQLrw,ChIJyb0zxwGX4jAR60VnF5kQLrw,Mahidol Pharmacy,Independent,Pharmacy (independent),TARGET,,"592, Thanon PhutthaMonthon Sai 2",Khwaeng Bang Phai,Nonthaburi,13.7441714,100.3956989,pharmacy,3.2,5,081 867 1331,Monday: 9:00 AM – 9:00 PM | Tuesday: 9:00 AM – 9:00 PM | Wednesday: Closed | Thursday: 9:00 AM – 9:00 PM | Friday: 9:00 AM – 9:00 PM | Saturday: 9:00 AM – 9:00 PM | Sunday: 9:00 AM – 9:00 PM,,"['pharmacy', 'health', 'point_of_interest', 'store', 'establishment']","592, Thanon PhutthaMonthon Sai 2, Khwaeng Bang Phai",0,Active,0,0,FALSE,scraped,0,Nonthaburi,YES,
ChIJIxdNtLOZ4jARqcl7F2yQ428,ChIJIxdNtLOZ4jARqcl7F2yQ428,Arpa Pharmacy,Independent,Pharmacy (independent),TARGET,,313,39 Phran Nok Phutthamonthon Sai 4 Road,Nonthaburi,13.7547537,100.4643773,pharmacy,4.8,109,062 259 5150,Monday: 8:00 AM – 9:00 PM | Tuesday: 8:00 AM – 9:00 PM | Wednesday: 8:00 AM – 9:00 PM | Thursday: 8:00 AM – 9:00 PM | Friday: 8:00 AM – 9:00 PM | Saturday: 8:00 AM – 9:00 PM | Sunday: 8:00 AM – 9:00 PM,https://lin.ee/NXQImkg,"['pharmacy', 'health', 'point_of_interest', 'store', 'establishment']","313, 39 Phran Nok Phutthamonthon Sai 4 Road",0,Active,0,0,FALSE,scraped,0,Nonthaburi,YES,
ChIJL0SHin6Z4jARD4MMubY5cwA,ChIJL0SHin6Z4jARD4MMubY5cwA,ร้านยาซุปเปอร์ดรัก สาขา แม็คโคร จรัญสนิทวงศ์ SUPER DRUG,ร้านยา (Independent),Pharmacy (independent),TARGET,,"ซุปเปอร์ดรัก สาขา แม็คโคร จรัญสนิทวงศ์ เลขที่ 521/27 ห้องเลขที่ S115, S116, S117",ชั้นที่ 1 Charan Sanit Wong Road,Nonthaburi,13.7603589,100.4701408,pharmacy,4.9,12,061 396 3571,Monday: 8:00 AM – 9:00 PM | Tuesday: 8:00 AM – 9:00 PM | Wednesday: 8:00 AM – 9:00 PM | Thursday: 8:00 AM – 9:00 PM | Friday: 8:00 AM – 9:00 PM | Saturday: 8:00 AM – 9:00 PM | Sunday: 8:00 AM – 9:00 PM,,"['pharmacy', 'health', 'store', 'point_of_interest', 'establishment']","ซุปเปอร์ดรัก สาขา แม็คโคร จรัญสนิทวงศ์ เลขที่ 521/27 ห้องเลขที่ S115,S116,S117, ชั้นที่ 1 Charan Sanit Wong Road",0,Active,0,0,FALSE,scraped,0,Nonthaburi,YES,
ChIJ51Ae0myZ4jAR6qvIklrvOd4,ChIJ51Ae0myZ4jAR6qvIklrvOd4,Na WUA Pharmacy,Independent,Pharmacy (independent),TARGET,,"QF5X+PP3, Thanon Tanao, Khwaeng Wat Bowon Niwet",บวรนิเวศ,Nonthaburi,13.759258,100.49931,pharmacy,5,2,,,,"['pharmacy', 'health', 'point_of_interest', 'store', 'establishment']","QF5X+PP3, Thanon Tanao, Khwaeng Wat Bowon Niwet, บวรนิเวศ",0,Active,0,0,FALSE,scraped,0,Nonthaburi,YES,
ChIJ7WXverWZ4jARsRurDUq3cMs,ChIJ7WXverWZ4jARsRurDUq3cMs,De,Independent (no name keyword),Pharmacy (independent),TARGET,,1060 ald326731,Nonthaburi,Nonthaburi,13.7563309,100.5017651,pharmacy,0,0,094 869 1211,,,"['pharmacy', 'health', 'point_of_interest', 'store', 'establishment']",1060 ald326731,0,Active,0,0,FALSE,scraped,0,Nonthaburi,YES,
ChIJUQW2ohGZ4jARM6Xw0bBuVVE,ChIJUQW2ohGZ4jARM6Xw0bBuVVE,Khio Hua Pharmacy,Independent,Pharmacy (independent),TARGET,,"ศาลเจ้าพ่อเสือ, Phraeng Phuthon Road",Khwaeng San Chao Pho Sua,Nonthaburi,13.751679,100.498001,pharmacy,0,0,,,,"['pharmacy', 'health', 'point_of_interest', 'store', 'establishment']","ศาลเจ้าพ่อเสือ, Phraeng Phuthon Road, Khwaeng San Chao Pho Sua",0,Active,0,0,FALSE,scraped,0,Nonthaburi,YES,
ChIJBWtjkxGZ4jARxuPJGVbMPCs,ChIJBWtjkxGZ4jARxuPJGVbMPCs,Phrom Pharmacy,Independent,Pharmacy (independent),TARGET,,"ศาลเจ้าพ่อเสือ, Phraeng Phuthon Road",Khwaeng San Chao Pho Sua,Nonthaburi,13.7521689,100.4973171,pharmacy,5,1,,,,"['pharmacy', 'health', 'point_of_interest', 'store', 'establishment']","ศาลเจ้าพ่อเสือ, Phraeng Phuthon Road, Khwaeng San Chao Pho Sua",0,Active,0,0,FALSE,scraped,0,Nonthaburi,YES,
ChIJA-c3MmuZ4jARvb0H1k8767s,ChIJA-c3MmuZ4jARvb0H1k8767s,Rattanakit Pharmacy,Independent,Pharmacy (independent),TARGET,,"QG53+H98, Thanon Phra Sumen",Wat Bawon Niwet,Nonthaburi,13.7589012,100.5034678,pharmacy,0,0,,,,"['pharmacy', 'health', 'point_of_interest', 'store', 'establishment']","QG53+H98, Thanon Phra Sumen, Wat Bawon Niwet",0,Active,0,0,FALSE,scraped,0,Nonthaburi,YES,
ChIJQdLUR2uZ4jARAcGMyJTH0oY,ChIJQdLUR2uZ4jARAcGMyJTH0oY,Khim Hin Ting Pharmacy,Independent,Pharmacy (independent),TARGET,,"QG53+Q3G, Thanon Phra Sumen",Wat Bawon Niwet,Nonthaburi,13.7594477,100.502699,pharmacy,2,3,,,,"['pharmacy', 'health', 'point_of_interest', 'store', 'establishment']","QG53+Q3G, Thanon Phra Sumen, Wat Bawon Niwet",0,Active,0,0,FALSE,scraped,0,Nonthaburi,YES,
ChIJxUfhwzaZ4jAR-ZaHFI5JxF8,ChIJxUfhwzaZ4jAR-ZaHFI5JxF8,Urupong Pharmacy,Independent,Pharmacy (independent),TARGET,,181/1 ซอยพญานาค ถนนอุรุพงษ์ แขวงถนนเพชรบุรี เขตราชเทวี,Nonthaburi,Nonthaburi,13.75323,100.522418,pharmacy,3,2,02 613 9887,Monday: 11:30 AM – 11:00 PM | Tuesday: 11:30 AM – 11:00 PM | Wednesday: 11:30 AM – 11:00 PM | Thursday: 11:30 AM – 11:00 PM | Friday: 11:30 AM – 11:00 PM | Saturday: 11:30 AM – 3:00 PM | Sunday: Closed,,"['pharmacy', 'health', 'point_of_interest', 'store', 'establishment']",181/1 ซอยพญานาค ถนนอุรุพงษ์ แขวงถนนเพชรบุรี เขตราชเทวี,0,Active,0,0,FALSE,scraped,0,Nonthaburi,YES,
ChIJ9805wTaZ4jARMZBCRoebGMo,ChIJ9805wTaZ4jARMZBCRoebGMo,Urunphong Pharmacy,Independent,Pharmacy (independent),TARGET,,"QG3C+8W4, Soi Rama 6 Soi 19 (Phaya Nak), Khwaeng Thanon Phetchaburi",Thanon Phet Buri,Nonthaburi,13.753272,100.522329,pharmacy,0,0,,,,"['pharmacy', 'health', 'point_of_interest', 'store', 'establishment']","QG3C+8W4, Soi Rama 6 Soi 19 (Phaya Nak), Khwaeng Thanon Phetchaburi, Thanon Phet Buri",0,Active,0,0,FALSE,scraped,0,Nonthaburi,YES,
ChIJDYP-MzGZ4jARhzfPc6ERmZs,ChIJDYP-MzGZ4jARhzfPc6ERmZs,Thana Phatthana Wetchaphan Pharmacy,Independent,Pharmacy (independent),TARGET,,"QG2C+PVG, Thanon Rama VI, Khwaeng Thanon Phetchaburi",ถนนเพชรบุรี,Nonthaburi,13.751814,100.522208,pharmacy,5,1,,,,"['pharmacy', 'health', 'point_of_interest', 'store', 'establishment']","QG2C+PVG, Thanon Rama VI, Khwaeng Thanon Phetchaburi, ถนนเพชรบุรี",0,Active,0,0,FALSE,scraped,0,Nonthaburi,YES,
ChIJqwUbbDaZ4jAR73Fl1nWtZ38,ChIJqwUbbDaZ4jAR73Fl1nWtZ38,"Lam Pang Chai Co., Ltd.",Independent (no name keyword),Pharmacy (independent),TARGET,,"QG4F+C5Q, Thanon Phetchaburi",Thanon Phet Buri,Nonthaburi,13.756086,100.522985,pharmacy,5,1,,,,"['pharmacy', 'health', 'point_of_interest', 'store', 'establishment']","QG4F+C5Q, Thanon Phetchaburi, Thanon Phet Buri",0,Active,0,0,FALSE,scraped,0,Nonthaburi,YES,
ChIJUTDohDSZ4jAR3m906PsMO94,ChIJUTDohDSZ4jAR3m906PsMO94,Yutthanan Pharmacy,Independent,Pharmacy (independent),TARGET,,"QG2G+XX7, Soi Phaya Nak, Khwaeng Thanon Phetchaburi",ถนนเพชรบุรี,Nonthaburi,13.752417,100.527411,pharmacy,5,2,,,,"['pharmacy', 'health', 'point_of_interest', 'store', 'establishment']","QG2G+XX7, Soi Phaya Nak, Khwaeng Thanon Phetchaburi, ถนนเพชรบุรี",0,Active,0,0,FALSE,scraped,0,Nonthaburi,YES,
ChIJeavYejCZ4jARuATzOMbrMLY,ChIJeavYejCZ4jARuATzOMbrMLY,Ari Pharmacy,Independent,Pharmacy (independent),TARGET,,"PGX9+HC8, Soi Wat Borom Niwat, Khwaeng Rong Muang",รองเมือง,Nonthaburi,13.74892,100.51859,pharmacy,2,1,,,,"['pharmacy', 'health', 'point_of_interest', 'store', 'establishment']","PGX9+HC8, Soi Wat Borom Niwat, Khwaeng Rong Muang, รองเมือง",0,Active,0,0,FALSE,scraped,0,Nonthaburi,YES,
ChIJ28JjijeZ4jARAGzsbw5Xy8I,ChIJ28JjijeZ4jARAGzsbw5Xy8I,Pharmacy Korn,Independent,Pharmacy (independent),TARGET,,QG49+H98,Dusit District,Nonthaburi,13.7564162,100.5184611,pharmacy,5,2,,,,"['pharmacy', 'health', 'point_of_interest', 'store', 'establishment']","QG49+H98, Dusit District",0,Active,0,0,FALSE,scraped,0,Nonthaburi,YES,
ChIJjcDfkDSZ4jAR2uLePSI0ln0,ChIJjcDfkDSZ4jAR2uLePSI0ln0,Thong Aon Drug Store,Independent (no name keyword),Pharmacy (independent),TARGET,,"QG3H+34J, Soi Phetchaburi 12/10, Khwaeng Thanon Phetchaburi",ถนนเพชรบุรี,Nonthaburi,13.752722,100.5277743,pharmacy,0,0,,,,"['pharmacy', 'health', 'point_of_interest', 'store', 'establishment']","QG3H+34J, Soi Phetchaburi 12/10, Khwaeng Thanon Phetchaburi, ถนนเพชรบุรี",0,Active,0,0,FALSE,scraped,0,Nonthaburi,YES,
ChIJH1jC6TSZ4jARyeg2ziUssiw,ChIJH1jC6TSZ4jARyeg2ziUssiw,Chian an Drug Store,Independent (no name keyword),Pharmacy (independent),TARGET,,"กิ่งเพชร, Soi Phetchaburi 10, Khwaeng Thanon Phetchaburi",ถนนเพชรบุรี,Nonthaburi,13.7537658,100.5281427,pharmacy,0,0,,,,"['pharmacy', 'health', 'point_of_interest', 'store', 'establishment']","กิ่งเพชร, Soi Phetchaburi 10, Khwaeng Thanon Phetchaburi, ถนนเพชรบุรี",0,Active,0,0,FALSE,scraped,0,Nonthaburi,YES,
ChIJMSeua8-e4jARj-UwreiyCZY,ChIJMSeua8-e4jARj-UwreiyCZY,Isabel,Independent (no name keyword),Pharmacy (independent),TARGET,,"FL B, ZONE2, Ginza 7, 114, Platinum Fashion Mall, Thanon Phetchaburi",Thanon Petchaburi,Nonthaburi,13.7502376,100.5396555,pharmacy,0,0,,,,"['pharmacy', 'health', 'point_of_interest', 'store', 'establishment']","FL B, ZONE2,Ginza 7, 114, Platinum Fashion Mall, Thanon Phetchaburi, Thanon Petchaburi",0,Active,0,0,FALSE,scraped,0,Nonthaburi,YES,
ChIJMSeua8-e4jARGZWXG0Id7A8,ChIJMSeua8-e4jARGZWXG0Id7A8,Chanya,Independent (no name keyword),Pharmacy (independent),TARGET,,"FL 4, Zone 1, Camden 7, 1031, Platinum Fashion Mall, Thanon Phetchaburi",Thanon Petchaburi,Nonthaburi,13.750011,100.539561,pharmacy,3,1,,,,"['pharmacy', 'health', 'point_of_interest', 'store', 'establishment']","FL 4, Zone 1, Camden 7, 1031, Platinum Fashion Mall, Thanon Phetchaburi, Thanon Petchaburi",0,Active,0,0,FALSE,scraped,0,Nonthaburi,YES,
ChIJf36u2c6e4jARgUAvxhEBHhg,ChIJf36u2c6e4jARgUAvxhEBHhg,Charoenchai Pharmacy,Independent,Pharmacy (independent),TARGET,,"QG2Q+73G, Soi Phetchaburi 22",Thanon Phet Buri,Nonthaburi,13.7506898,100.5377152,pharmacy,2.5,2,,,,"['pharmacy', 'health', 'point_of_interest', 'store', 'establishment']","QG2Q+73G, Soi Phetchaburi 22, Thanon Phet Buri",0,Active,0,0,FALSE,scraped,0,Nonthaburi,YES,
ChIJq6n0GwCf4jARwmaszx8LVPM,ChIJq6n0GwCf4jARwmaszx8LVPM,GPO,Independent (no name keyword),Pharmacy (independent),TARGET,,QG5Q+CQG,Nonthaburi,Nonthaburi,13.758563,100.5394558,pharmacy,5,1,,,,"['pharmacy', 'health', 'point_of_interest', 'store', 'establishment']",QG5Q+CQG,0,Active,0,0,FALSE,scraped,0,Nonthaburi,YES,
ChIJIzqnwa2f4jAR5lL1oQgHF8A,ChIJIzqnwa2f4jAR5lL1oQgHF8A,ไทยฟาร์มาซี5 RCA Thai Pharmacy 泰国药店,Independent,Pharmacy (independent),TARGET,,"29, 99 Soi Phetchaburi 47, Khwaeng Bang Kapi",บางกะปิ,Nonthaburi,13.749026,100.5776496,pharmacy,2.6,12,096 884 3082,Monday: Open 24 hours | Tuesday: Open 24 hours | Wednesday: Open 24 hours | Thursday: Open 24 hours | Friday: Open 24 hours | Saturday: Open 24 hours | Sunday: Open 24 hours,,"['pharmacy', 'health', 'point_of_interest', 'store', 'establishment']","29, 99 Soi Phetchaburi 47, Khwaeng Bang Kapi, บางกะปิ",0,Active,0,0,FALSE,scraped,0,Nonthaburi,YES,
ChIJ5c2ob1ie4jARKPqytEf0u7I,ChIJ5c2ob1ie4jARKPqytEf0u7I,"Yongsiang Pharmacy Co., Ltd.",Independent,Pharmacy (independent),TARGET,,"PHWG+F58, Thanon Phetchaburi, Khwaeng Bang Kapi",บางกะปิ,Nonthaburi,13.7461575,100.5754618,pharmacy,0,0,,,,"['pharmacy', 'health', 'point_of_interest', 'store', 'establishment']","PHWG+F58, Thanon Phetchaburi, Khwaeng Bang Kapi, บางกะปิ",0,Active,0,0,FALSE,scraped,0,Nonthaburi,YES,
ChIJ1USQVQCf4jARqn_hi3PktbM,ChIJ1USQVQCf4jARqn_hi3PktbM,MAS Care,Independent (no name keyword),Pharmacy (independent),TARGET,,95 Rama IX Road,Nonthaburi,Nonthaburi,13.7583153,100.5716201,pharmacy,4.2,5,,Monday: 12:00 – 10:00 PM | Tuesday: 12:00 – 10:00 PM | Wednesday: 12:00 – 10:00 PM | Thursday: 12:00 – 10:00 PM | Friday: 12:00 – 10:00 PM | Saturday: 12:00 – 10:00 PM | Sunday: 12:00 – 10:00 PM,,"['pharmacy', 'health', 'point_of_interest', 'store', 'establishment']",95 Rama IX Road,0,Active,0,0,FALSE,scraped,0,Nonthaburi,YES,
ChIJOSbIp-ie4jARW-3w66EMY-I,ChIJOSbIp-ie4jARW-3w66EMY-I,D-Chain Drugstore,Independent,Pharmacy (independent),TARGET,,Khlong Toei Nuea,คลองเตยเหนือ,Nonthaburi,13.7451172,100.5569508,pharmacy,4.3,28,065 763 6539,Monday: Open 24 hours | Tuesday: Open 24 hours | Wednesday: Open 24 hours | Thursday: Open 24 hours | Friday: Open 24 hours | Saturday: Open 24 hours | Sunday: Open 24 hours,https://www.facebook.com/DChaindrugstore/?locale=th_TH,"['pharmacy', 'health', 'store', 'point_of_interest', 'establishment']","Khlong Toei Nuea, คลองเตยเหนือ",0,Active,0,0,FALSE,scraped,0,Nonthaburi,YES,
ChIJVxUKYsGf4jARy5_hrSl5yoc,ChIJVxUKYsGf4jARy5_hrSl5yoc,ร้านขายยา Tops Care เซ็นทรัล พระราม 9,Independent (no name keyword),Pharmacy (independent),TARGET,,"เซ็นทรัล พระราม 9 9/9 ห้องเลขที่ 314 ชั้น 3, ถนน พระราม 9",ห้วยขวาง,Nonthaburi,13.7584166,100.5661919,pharmacy,3,2,093 818 0963,Monday: 10:00 AM – 10:00 PM | Tuesday: 10:00 AM – 10:00 PM | Wednesday: 10:00 AM – 10:00 PM | Thursday: 10:00 AM – 10:00 PM | Friday: 10:00 AM – 10:00 PM | Saturday: 10:00 AM – 10:00 PM | Sunday: 10:00 AM – 10:00 PM,https://www.facebook.com/topscarethailand,"['pharmacy', 'health', 'store', 'point_of_interest', 'establishment']","เซ็นทรัล พระราม 9 9/9 ห้องเลขที่ 314 ชั้น 3, ถนน พระราม 9, ห้วยขวาง",0,Active,0,0,FALSE,scraped,0,Nonthaburi,YES,
ChIJbd0fSreX4jARyzC7mxfJ498,ChIJbd0fSreX4jARyzC7mxfJ498,ร้านยา The Medicine เดอะ เมดิซีน,ร้านยา (Independent),Pharmacy (independent),TARGET,,88,8 Kanchanaphisek Road,Nonthaburi,13.7769117,100.4091179,pharmacy,5,40,088 877 4654,Monday: 8:00 AM – 8:00 PM | Tuesday: 8:00 AM – 8:00 PM | Wednesday: 8:00 AM – 8:00 PM | Thursday: 8:00 AM – 8:00 PM | Friday: 8:00 AM – 8:00 PM | Saturday: 8:00 AM – 8:00 PM | Sunday: 8:00 AM – 8:00 PM,,"['pharmacy', 'health', 'point_of_interest', 'store', 'establishment']","88, 8 Kanchanaphisek Road",0,Active,0,0,FALSE,scraped,0,Nonthaburi,YES,
ChIJbbld35WX4jARQUnyq9CdiM4,ChIJbbld35WX4jARQUnyq9CdiM4,ร้านยาไอแคร์ Icare สาขา เดอะพาซิโอ พาร์ค กาญจนาภิเษก,ร้านยา (Independent),Pharmacy (independent),TARGET,,"อาคาร K, โครงการเดอะพาซิโอ พาร์ค กาญจนาภิเษก 8/15 ห้องเลขที่ K-102 ชั้น1",Kanchanaphisek Road,Nonthaburi,13.7653942,100.405763,pharmacy,5,4,061 385 3045,Monday: 10:00 AM – 9:00 PM | Tuesday: 10:00 AM – 9:00 PM | Wednesday: 10:00 AM – 9:00 PM | Thursday: 10:00 AM – 9:00 PM | Friday: 10:00 AM – 9:00 PM | Saturday: 10:00 AM – 9:00 PM | Sunday: 10:00 AM – 9:00 PM,https://www.facebook.com/icvitamin,"['pharmacy', 'health', 'point_of_interest', 'store', 'establishment']","อาคาร K, โครงการเดอะพาซิโอ พาร์ค กาญจนาภิเษก 8/15 ห้องเลขที่ K-102 ชั้น1, Kanchanaphisek Road",0,Active,0,0,FALSE,scraped,0,Nonthaburi,YES,
ChIJc_4rF8xhHTERIqJurxSiJhc,ChIJc_4rF8xhHTERIqJurxSiJhc,ร้านยา Goods Pharmacy สาขาปั๊มซัสโก้หัวหมาก 药店,ร้านยา (Independent),Pharmacy (independent),TARGET,,"21/3 Huamark, Huamark",บางกะปิ,Nonthaburi,13.7514681,100.6368615,pharmacy,4,3,096 246 4859,Monday: 9:00 AM – 8:00 PM | Tuesday: 9:00 AM – 8:00 PM | Wednesday: 9:00 AM – 8:00 PM | Thursday: 9:00 AM – 8:00 PM | Friday: 9:00 AM – 8:00 PM | Saturday: 9:00 AM – 8:00 PM | Sunday: 9:00 AM – 8:00 PM,https://lin.ee/AFVWwZx,"['pharmacy', 'health', 'store', 'point_of_interest', 'establishment']","21/3 Huamark, Huamark, บางกะปิ",0,Active,0,0,FALSE,scraped,0,Nonthaburi,YES,
ChIJh0wOMJGZ4jARmXmdabIV1Ag,ChIJh0wOMJGZ4jARmXmdabIV1Ag,Ran Phimon Osot,Independent (no name keyword),Pharmacy (independent),TARGET,,Thailand,Nonthaburi,Nonthaburi,13.766512,100.46981,pharmacy,0,0,02 424 7051,,,"['pharmacy', 'health', 'point_of_interest', 'store', 'establishment']",Thailand,0,Active,0,0,FALSE,scraped,0,Nonthaburi,YES,
ChIJx5lZd1aZ4jAR23zXeFKI2zc,ChIJx5lZd1aZ4jAR23zXeFKI2zc,Sua Bin Brand Drug Store,Independent (no name keyword),Pharmacy (independent),TARGET,,1418/2 ถนนนครไชยศรี แขวงถนนนครไชยศรี,Nonthaburi,Nonthaburi,13.778724,100.523577,pharmacy,5,4,02 241 0482,Monday: 7:30 AM – 9:00 PM | Tuesday: 7:30 AM – 9:00 PM | Wednesday: 7:30 AM – 9:00 PM | Thursday: 7:30 AM – 9:00 PM | Friday: 7:30 AM – 9:00 PM | Saturday: 7:30 AM – 9:00 PM | Sunday: 7:30 AM – 9:00 PM,,"['pharmacy', 'health', 'store', 'point_of_interest', 'establishment']",1418/2 ถนนนครไชยศรี แขวงถนนนครไชยศรี,0,Active,0,0,FALSE,scraped,0,Nonthaburi,YES,
ChIJp_ipl2JhHTERA_YtHXpPotg,ChIJp_ipl2JhHTERA_YtHXpPotg,CS Pharm,Independent (no name keyword),Pharmacy (independent),TARGET,,Soi Ramkhamhaeng 24,Lane 16,Nonthaburi,13.7530222,100.6210953,pharmacy,3.7,3,083 754 8588,,,"['pharmacy', 'store', 'point_of_interest', 'health', 'establishment']","Soi Ramkhamhaeng 24, Lane 16",0,Active,0,0,FALSE,scraped,0,Nonthaburi,YES,
ChIJN77YDQCf4jARnCpRBTqUHDg,ChIJN77YDQCf4jARnCpRBTqUHDg,ร้านยาฟาร์แมกซ์ Pharmax สาขา โกลเด้นเพลส พระราม9,ร้านยา (Independent),Pharmacy (independent),TARGET,,"โกลเด้นเพล, 185 ซ พระราม9",วังทองหลาง,Nonthaburi,13.7643411,100.5975574,pharmacy,4.3,23,061 386 4274,Monday: 8:00 AM – 8:00 PM | Tuesday: 8:00 AM – 8:00 PM | Wednesday: 8:00 AM – 8:00 PM | Thursday: 8:00 AM – 8:00 PM | Friday: 8:00 AM – 8:00 PM | Saturday: 8:00 AM – 8:00 PM | Sunday: 8:00 AM – 8:00 PM,https://www.facebook.com/pharmaxshop,"['pharmacy', 'drugstore', 'health', 'store', 'point_of_interest', 'establishment']","โกลเด้นเพล, 185 ซ พระราม9, วังทองหลาง",0,Active,0,0,FALSE,scraped,0,Nonthaburi,YES,
ChIJi8XZq5yZ4jARMzHG8ZrdrU8,ChIJi8XZq5yZ4jARMzHG8ZrdrU8,Win Pharmacy Dechsubha,Independent,Pharmacy (independent),TARGET,,94,1 Charan Sanit Wong Road,Nonthaburi,13.7759668,100.4869062,pharmacy,0,0,095 210 9991,,,"['pharmacy', 'store', 'point_of_interest', 'health', 'establishment']","94, 1 Charan Sanit Wong Road",0,Active,0,0,FALSE,scraped,0,Nonthaburi,YES,
ChIJKQWaBnSZ4jARh4--_Vt31FM,ChIJKQWaBnSZ4jARh4--_Vt31FM,Por. Pharmacy,Independent,Pharmacy (independent),TARGET,,421 ถนน สมเด็จพระปิ่นเกล้า แขวง บางยี่ขัน,Nonthaburi,Nonthaburi,13.764497,100.489918,pharmacy,0,0,,Monday: 9:30 AM – 8:00 PM | Tuesday: 9:30 AM – 8:00 PM | Wednesday: 9:30 AM – 8:00 PM | Thursday: 9:30 AM – 8:00 PM | Friday: 9:30 AM – 8:00 PM | Saturday: 9:30 AM – 8:00 PM | Sunday: 9:30 AM – 8:00 PM,,"['pharmacy', 'store', 'point_of_interest', 'health', 'establishment']",421 ถนน สมเด็จพระปิ่นเกล้า แขวง บางยี่ขัน,0,Active,0,0,FALSE,scraped,0,Nonthaburi,YES,
ChIJGTbL8P-Z4jARioA8KISdkBU,ChIJGTbL8P-Z4jARioA8KISdkBU,Pharmacy World,Independent,Pharmacy (independent),TARGET,,370 Charan Sanit Wong Road,Bangplat,Nonthaburi,13.7785862,100.4864917,pharmacy,5,1,02 883 0741,Monday: 8:30 AM – 9:30 PM | Tuesday: 8:30 AM – 9:30 PM | Wednesday: 8:30 AM – 9:30 PM | Thursday: 8:30 AM – 9:30 PM | Friday: 8:30 AM – 9:30 PM | Saturday: 8:30 AM – 9:30 PM | Sunday: 8:30 AM – 9:30 PM,,"['pharmacy', 'health', 'point_of_interest', 'store', 'establishment']","370 Charan Sanit Wong Road, Bangplat",0,Active,0,0,FALSE,scraped,0,Nonthaburi,YES,
ChIJlfgAL-af4jARGovCeEBtKV4,ChIJlfgAL-af4jARGovCeEBtKV4,อาคารยา Arkarnya,Independent (no name keyword),Pharmacy (independent),TARGET,,421/5 Thanon Ratchawithi,Nonthaburi,Nonthaburi,13.76583,100.5367039,pharmacy,4.5,20,02 354 9353,Monday: 8:00 AM – 7:00 PM | Tuesday: 8:00 AM – 7:00 PM | Wednesday: 8:00 AM – 7:00 PM | Thursday: 8:00 AM – 7:00 PM | Friday: 8:00 AM – 7:00 PM | Saturday: 8:00 AM – 7:00 PM | Sunday: 8:00 AM – 7:00 PM,,"['pharmacy', 'health', 'point_of_interest', 'store', 'establishment']",421/5 Thanon Ratchawithi,0,Active,0,0,FALSE,scraped,0,Nonthaburi,YES,
ChIJPV4DcJyf4jAR_jHOyCcj2XY,ChIJPV4DcJyf4jAR_jHOyCcj2XY,ร้านยาทิพย์โอสถ ราชวิถี Tiposot Ratchawiti pharmacy,ร้านยา (Independent),Pharmacy (independent),TARGET,,ตรงข้าม โรงพยาบาลราชวิถี,421 Thanon Ratchawithi,Nonthaburi,13.7658928,100.5364354,pharmacy,5,1,094 958 5536,Monday: 9:00 AM – 8:00 PM | Tuesday: 9:00 AM – 8:00 PM | Wednesday: 9:00 AM – 8:00 PM | Thursday: 9:00 AM – 8:00 PM | Friday: 9:00 AM – 8:00 PM | Saturday: 9:00 AM – 8:00 PM | Sunday: Closed,,"['pharmacy', 'health', 'point_of_interest', 'store', 'establishment']","ตรงข้าม โรงพยาบาลราชวิถี, 421 Thanon Ratchawithi",0,Active,0,0,FALSE,scraped,0,Nonthaburi,YES,
ChIJT5zWlWCf4jARM3kwqATpRAM,ChIJT5zWlWCf4jARM3kwqATpRAM,ร้านยาซุปเปอร์ดรัก สาขาโรงพยาบาลเวชศาสตร์เขตร้อน SUPER DRUG,ร้านยา (Independent),Pharmacy (independent),TARGET,,โรงพยาบาลเวชศาสตร์เขตร้อน,420/6 ชั้น1 Thanon Ratchawithi,Nonthaburi,13.7667035,100.5339426,pharmacy,5,3,061 393 1710,Monday: 7:00 AM – 7:00 PM | Tuesday: 7:00 AM – 7:00 PM | Wednesday: 7:00 AM – 7:00 PM | Thursday: 7:00 AM – 7:00 PM | Friday: 7:00 AM – 7:00 PM | Saturday: 8:00 AM – 5:00 PM | Sunday: 8:00 AM – 5:00 PM,,"['pharmacy', 'health', 'point_of_interest', 'store', 'establishment']","โรงพยาบาลเวชศาสตร์เขตร้อน, 420/6 ชั้น1 Thanon Ratchawithi",0,Active,0,0,FALSE,scraped,0,Nonthaburi,YES,
ChIJVVYtS5Se4jARMi8wPpUEngk,ChIJVVYtS5Se4jARMi8wPpUEngk,Salaosoth Pharmacy Dindaeng,Independent,Pharmacy (independent),TARGET,,Din Daeng,Nonthaburi,Nonthaburi,13.7640722,100.5564052,pharmacy,5,1,02 246 4393,Monday: 8:00 AM – 8:00 PM | Tuesday: 8:00 AM – 8:00 PM | Wednesday: 8:00 AM – 8:00 PM | Thursday: 8:00 AM – 8:00 PM | Friday: 8:00 AM – 8:00 PM | Saturday: 10:00 AM – 8:00 PM | Sunday: Closed,,"['pharmacy', 'store', 'point_of_interest', 'health', 'establishment']",Din Daeng,0,Active,0,0,FALSE,scraped,0,Nonthaburi,YES,
ChIJqwMibyea4jARP0lO15xBzrI,ChIJqwMibyea4jARP0lO15xBzrI,Pinklao Pharmacy,Independent,Pharmacy (independent),TARGET,,"QFM9+HV2, ซอย",อรุณอมรินทร์,Nonthaburi,13.7838958,100.4696403,pharmacy,4,1,,,,"['pharmacy', 'health', 'point_of_interest', 'store', 'establishment']","QFM9+HV2, ซอย, อรุณอมรินทร์",0,Temporarily Closed,0,0,FALSE,scraped,0,Nonthaburi,YES,
ChIJgRuJzruf4jAR5KAFzF8qVeA,ChIJgRuJzruf4jAR5KAFzF8qVeA,ไทยสมาย ฟาร์มาซี ThaiSmile Pharmacy 微笑药妆 สาขาประชาอุทิศ,Independent,Pharmacy (independent),TARGET,,"511 ถนนประชาอุทิศ เขตห้วยขวาง, Khwaeng Samsen Nok",ห้วยขวาง,Nonthaburi,13.7719695,100.5810324,pharmacy,4.4,15,082 317 8969,Monday: 9:00 AM – 12:00 AM | Tuesday: 9:00 AM – 12:00 AM | Wednesday: 9:00 AM – 12:00 AM | Thursday: 9:00 AM – 12:00 AM | Friday: 9:00 AM – 12:00 AM | Saturday: 9:00 AM – 12:00 AM | Sunday: 9:00 AM – 12:00 AM,,"['pharmacy', 'store', 'point_of_interest', 'health', 'establishment']","511 ถนนประชาอุทิศ เขตห้วยขวาง, Khwaeng Samsen Nok, ห้วยขวาง",0,Active,0,0,FALSE,scraped,0,Nonthaburi,YES,
ChIJFQqmCeWb4jARPvCwJMnsyhA,ChIJFQqmCeWb4jARPvCwJMnsyhA,Charoen Phesat,Independent (no name keyword),Pharmacy (independent),TARGET,,QGR8+678,Dusit District,Nonthaburi,13.7905426,100.5157042,pharmacy,0,0,,,,"['pharmacy', 'store', 'point_of_interest', 'health', 'establishment']","QGR8+678, Dusit District",0,Active,0,0,FALSE,scraped,0,Nonthaburi,YES,
ChIJD_GITv2b4jAR8vJaA3Hub28,ChIJD_GITv2b4jAR8vJaA3Hub28,Somboon,Independent (no name keyword),Pharmacy (independent),TARGET,,Thailand,Nonthaburi,Nonthaburi,13.781798,100.518765,pharmacy,0,0,02 243 5944,,,"['pharmacy', 'store', 'point_of_interest', 'health', 'establishment']",Thailand,0,Active,0,0,FALSE,scraped,0,Nonthaburi,YES,
ChIJ__ON75mf4jARXSbP3rTSG3Y,ChIJ__ON75mf4jARXSbP3rTSG3Y,Genpharma สาขา The scene,Independent (no name keyword),Pharmacy (independent),TARGET,,"โครงการ The scene town in town, 1323 Soi Panchamit, Khwaeng Phlabphla",วังทองหลาง,Nonthaburi,13.7729333,100.6101014,pharmacy,4.8,6,064 965 3894,Monday: 11:00 AM – 9:00 PM | Tuesday: 11:00 AM – 9:00 PM | Wednesday: 11:00 AM – 9:00 PM | Thursday: 11:00 AM – 9:00 PM | Friday: 11:00 AM – 9:00 PM | Saturday: 11:00 AM – 9:00 PM | Sunday: 11:00 AM – 9:00 PM,https://lin.ee/h8Tpa9d,"['pharmacy', 'health', 'store', 'point_of_interest', 'establishment']","โครงการ The scene town in town, 1323 Soi Panchamit, Khwaeng Phlabphla, วังทองหลาง",0,Active,0,0,FALSE,scraped,0,Nonthaburi,YES,
ChIJ_8WHx-qf4jARfmW6mc6j66E,ChIJ_8WHx-qf4jARfmW6mc6j66E,"Pharmacy De Bangkok,Branch 9 Lat Phrao122",Independent,Pharmacy (independent),TARGET,,250/12 ห้อง 2108-2109 อาคาร 2,ของโกลด์แมนชั่น,Nonthaburi,13.768704,100.6222994,pharmacy,5,3,081 132 6900,Monday: 7:30 AM – 11:30 PM | Tuesday: 7:30 AM – 11:30 PM | Wednesday: 7:30 AM – 11:30 PM | Thursday: 7:30 AM – 11:30 PM | Friday: 7:30 AM – 11:30 PM | Saturday: 7:30 AM – 11:30 PM | Sunday: 7:30 AM – 11:30 PM,https://pharmacydebangkok.com/,"['pharmacy', 'health', 'store', 'point_of_interest', 'establishment']","250/12 ห้อง 2108-2109 อาคาร 2, ของโกลด์แมนชั่น",0,Active,0,0,FALSE,scraped,0,Nonthaburi,YES,
ChIJj_Ea8fxhHTERes0dBfD2LUY,ChIJj_Ea8fxhHTERes0dBfD2LUY,Piti Medical Supplies,Independent (no name keyword),Pharmacy (independent),TARGET,,Wang Thonglang,Nonthaburi,Nonthaburi,13.7678543,100.6225287,pharmacy,0,0,02 542 2561,,,"['drugstore', 'pharmacy', 'health', 'store', 'point_of_interest', 'establishment']",Wang Thonglang,0,Active,0,0,FALSE,scraped,0,Nonthaburi,YES,
ChIJ_aTyj8Kb4jAR6Gr5gJrBkHc,ChIJ_aTyj8Kb4jAR6Gr5gJrBkHc,Thepwiriya Osot Pharmacy,Independent,Pharmacy (independent),TARGET,,"QGW4+2H6, Soi Charan Sanitwong 85, Khwaeng Bang Ao",บางอ้อ,Nonthaburi,13.7950417,100.5063883,pharmacy,0,0,,,,"['pharmacy', 'store', 'point_of_interest', 'health', 'establishment']","QGW4+2H6, Soi Charan Sanitwong 85, Khwaeng Bang Ao, บางอ้อ",0,Active,0,0,FALSE,scraped,0,Nonthaburi,YES,
ChIJq3bQbPphHTERKf4s6FV_Ei4,ChIJq3bQbPphHTERKf4s6FV_Ei4,"T.O. Pharma Co ,LTD",Independent (no name keyword),Pharmacy (independent),TARGET,,120 Lat Phrao 128 Alley,Nonthaburi,Nonthaburi,13.76679,100.626188,pharmacy,4.3,6,,,,"['pharmacy', 'health', 'point_of_interest', 'store', 'establishment']",120 Lat Phrao 128 Alley,0,Active,0,0,FALSE,scraped,0,Nonthaburi,YES,
ChIJAURQFvhhHTERxJZS54dCIHI,ChIJAURQFvhhHTERxJZS54dCIHI,Saengthong Pharmacy,Independent,Pharmacy (independent),TARGET,,2879 Thanon Lat Phrao 101,Khwaeng Khlong Chan,Nonthaburi,13.7747225,100.6299937,pharmacy,5,2,081 652 6396,Monday: 8:00 AM – 8:00 PM | Tuesday: 8:00 AM – 8:00 PM | Wednesday: 8:00 AM – 8:00 PM | Thursday: 8:00 AM – 8:00 PM | Friday: 8:00 AM – 8:00 PM | Saturday: 8:00 AM – 8:00 PM | Sunday: Closed,https://shop.line.me/@igc5534a,"['pharmacy', 'health', 'point_of_interest', 'store', 'establishment']","2879 Thanon Lat Phrao 101, Khwaeng Khlong Chan",0,Active,0,0,FALSE,scraped,0,Nonthaburi,YES,
ChIJP98yA41hHTERQiqrtzkmtP4,ChIJP98yA41hHTERQiqrtzkmtP4,"Fortuna Bangkok Co.,Ltd.",Independent (no name keyword),Pharmacy (independent),TARGET,,229 ซ.ศูนย์การค้าแฮปปี้แลนด์ ถ.ลาดพร้าว แขวงคลองจั่น เขตบางกะปิ,Nonthaburi,Nonthaburi,13.7732015,100.6412351,pharmacy,3,2,02 734 0725,Monday: 8:00 AM – 8:00 PM | Tuesday: 8:00 AM – 8:00 PM | Wednesday: 8:00 AM – 8:00 PM | Thursday: 8:00 AM – 8:00 PM | Friday: 8:00 AM – 8:00 PM | Saturday: 8:00 AM – 8:00 PM | Sunday: 8:00 AM – 8:00 PM,,"['drugstore', 'pharmacy', 'food', 'health', 'store', 'point_of_interest', 'establishment']",229 ซ.ศูนย์การค้าแฮปปี้แลนด์ ถ.ลาดพร้าว แขวงคลองจั่น เขตบางกะปิ,0,Active,0,0,FALSE,scraped,0,Nonthaburi,YES,
ChIJC340FBtiHTERE3eqlMfSihU,ChIJC340FBtiHTERE3eqlMfSihU,home pharmacy,Independent,Pharmacy (independent),TARGET,,10/1 ซอยลาดพร้าว101 แยก38 ถนนลาดพร้าว แขวงคลองจั่น,Nonthaburi,Nonthaburi,13.7834036,100.6325417,pharmacy,2,2,090 914 0980,Monday: 12:00 – 10:00 PM | Tuesday: 12:00 – 10:00 PM | Wednesday: 12:00 – 10:00 PM | Thursday: 12:00 – 10:00 PM | Friday: 12:00 – 10:00 PM | Saturday: 12:00 – 10:00 PM | Sunday: Closed,,"['pharmacy', 'health', 'store', 'point_of_interest', 'establishment']",10/1 ซอยลาดพร้าว101 แยก38 ถนนลาดพร้าว แขวงคลองจั่น,0,Active,0,0,FALSE,scraped,0,Nonthaburi,YES,
ChIJfwXaBzia4jARe4EWgdj7AS8,ChIJfwXaBzia4jARe4EWgdj7AS8,Keemlek brand,Independent (no name keyword),Pharmacy (independent),TARGET,,"145, 8 หมู่ที่ 1 ถนน บางกรวย-กรุงนนท์, Tambon Plai Bang",Amphoe Bang Kruai,Nonthaburi,13.8036637,100.3995616,pharmacy,4.6,15,02 497 6181,Monday: 8:30 AM – 5:30 PM | Tuesday: 8:30 AM – 5:30 PM | Wednesday: 8:30 AM – 5:30 PM | Thursday: 8:30 AM – 5:30 PM | Friday: 8:30 AM – 5:30 PM | Saturday: 8:30 AM – 5:30 PM | Sunday: Closed,https://www.sangchaibhasajtrakeemleang.com/,"['pharmacy', 'health', 'store', 'point_of_interest', 'establishment']","145, 8 หมู่ที่ 1 ถนน บางกรวย-กรุงนนท์, Tambon Plai Bang, Amphoe Bang Kruai",0,Active,0,0,FALSE,scraped,0,Nonthaburi,YES,
ChIJYypx6tSR4jARSrr0a7eCWC0,ChIJYypx6tSR4jARSrr0a7eCWC0,ร้านยาฟาร์มา ฟาร์เมอร์ (Pharma Farmer Pharmacy),ร้านยา (Independent),Pharmacy (independent),TARGET,,"87, 6",Amphoe Bang Kruai,Nonthaburi,13.8135362,100.4122571,pharmacy,5,14,083 267 1234,Monday: 7:00 AM – 9:30 PM | Tuesday: 7:00 AM – 9:30 PM | Wednesday: 7:00 AM – 9:30 PM | Thursday: 7:00 AM – 9:30 PM | Friday: 7:00 AM – 9:30 PM | Saturday: 8:00 AM – 9:30 PM | Sunday: 8:00 AM – 9:30 PM,https://www.assaapp.com/pharma/pharma-farmer,"['pharmacy', 'health', 'store', 'point_of_interest', 'establishment']","87, 6, Amphoe Bang Kruai",0,Active,0,0,FALSE,scraped,0,Nonthaburi,YES,
ChIJjbYKt6eR4jARmVoOxT7cfYE,ChIJjbYKt6eR4jARmVoOxT7cfYE,Baanya2024,Independent (no name keyword),Pharmacy (independent),TARGET,,"114, 24 ถนนปลายบาง, Tambon Maha Sawat",Amphoe Bang Kruai,Nonthaburi,13.8030493,100.4309322,pharmacy,4.9,9,061 008 5546,Monday: 9:00 AM – 9:00 PM | Tuesday: 9:00 AM – 9:00 PM | Wednesday: 9:00 AM – 9:00 PM | Thursday: 9:00 AM – 9:00 PM | Friday: 9:00 AM – 9:00 PM | Saturday: 9:00 AM – 9:00 PM | Sunday: 9:00 AM – 9:00 PM,,"['pharmacy', 'health', 'store', 'point_of_interest', 'establishment']","114, 24 ถนนปลายบาง, Tambon Maha Sawat, Amphoe Bang Kruai",0,Active,0,0,FALSE,scraped,0,Nonthaburi,YES,
ChIJ9Si4f7qd4jAR-1qFZRKGmoA,ChIJ9Si4f7qd4jAR-1qFZRKGmoA,EGETM COMPANY LIMITED,Independent (no name keyword),Pharmacy (independent),TARGET,,Thailand 762,Soi 9,Nonthaburi,13.7858607,100.5818376,pharmacy,5,2,083 448 0666,Monday: Open 24 hours | Tuesday: Open 24 hours | Wednesday: Open 24 hours | Thursday: Open 24 hours | Friday: Open 24 hours | Saturday: Open 24 hours | Sunday: Closed,,"['pharmacy', 'health', 'point_of_interest', 'store', 'establishment']","Thailand 762, Soi 9",0,Active,0,0,FALSE,scraped,0,Nonthaburi,YES,
ChIJJddbIwCR4jARjQ43aI1gzt0,ChIJJddbIwCR4jARjQ43aI1gzt0,Neopharma,Independent (no name keyword),Pharmacy (independent),TARGET,,"97, โครงการเดอะธาม บีกิน, 8 ถนน บางกรวย-จงถนอม, Tambon Wat Chalo",Amphoe Bang Kruai,Nonthaburi,13.8045598,100.4707248,pharmacy,5,4,090 562 2855,Monday: 9:00 AM – 8:00 PM | Tuesday: 9:00 AM – 8:00 PM | Wednesday: 9:00 AM – 8:00 PM | Thursday: 9:00 AM – 8:00 PM | Friday: 9:00 AM – 8:00 PM | Saturday: 9:00 AM – 8:00 PM | Sunday: Closed,,"['pharmacy', 'health', 'store', 'point_of_interest', 'establishment']","97, โครงการเดอะธาม บีกิน, 8 ถนน บางกรวย-จงถนอม, Tambon Wat Chalo, Amphoe Bang Kruai",0,Active,0,0,FALSE,scraped,0,Nonthaburi,YES,
ChIJQcyD3WOb4jAR4uIK6bvtD4c,ChIJQcyD3WOb4jAR4uIK6bvtD4c,วันดี​ ฟาร์มาซี​​(WE​ Pharmacy),Independent,Pharmacy (independent),TARGET,,"RF3M+RJ2, Bang Kruai - Sai Noi Road, Tambon Bang Kruai",Amphoe Bang Kruai,Nonthaburi,13.8045201,100.4840185,pharmacy,3.7,12,091 946 9478,Monday: 8:00 AM – 9:00 PM | Tuesday: 8:00 AM – 9:00 PM | Wednesday: 8:00 AM – 9:00 PM | Thursday: 8:00 AM – 9:00 PM | Friday: 8:00 AM – 9:00 PM | Saturday: 8:00 AM – 9:00 PM | Sunday: 8:00 AM – 9:00 PM,,"['pharmacy', 'health', 'store', 'point_of_interest', 'establishment']","RF3M+RJ2, Bang Kruai - Sai Noi Road, Tambon Bang Kruai, Amphoe Bang Kruai",0,Active,0,0,FALSE,scraped,0,Nonthaburi,YES,
ChIJZS0XzZWb4jARlvrSGUamgHY,ChIJZS0XzZWb4jARlvrSGUamgHY,Kiattichai Pharmacy,Independent,Pharmacy (independent),TARGET,,"3 Bang Kruai - Sai Noi Road, Tambon Bang Kruai",Amphoe Bang Kruai,Nonthaburi,13.809054,100.5098056,pharmacy,0,0,,,,"['pharmacy', 'health', 'point_of_interest', 'store', 'establishment']","3 Bang Kruai - Sai Noi Road, Tambon Bang Kruai, Amphoe Bang Kruai",0,Active,0,0,FALSE,scraped,0,Nonthaburi,YES,
ChIJO037h8Gd4jARE4YANMx6-XU,ChIJO037h8Gd4jARE4YANMx6-XU,F. Pharmacy,Independent,Pharmacy (independent),TARGET,,"2143, 11-12 Soi Lat Phrao 53/1, Saphan Song",สะพานสอง,Nonthaburi,13.7946399,100.5953052,pharmacy,3.5,4,02 538 4344,Monday: 6:30 AM – 9:00 PM | Tuesday: 6:30 AM – 9:00 PM | Wednesday: 6:30 AM – 9:00 PM | Thursday: 6:30 AM – 9:00 PM | Friday: 6:30 AM – 9:00 PM | Saturday: 6:30 AM – 9:00 PM | Sunday: 6:30 AM – 9:00 PM,,"['pharmacy', 'health', 'store', 'point_of_interest', 'establishment']","2143, 11-12 Soi Lat Phrao 53/1, Saphan Song, สะพานสอง",0,Active,0,0,FALSE,scraped,0,Nonthaburi,YES,
ChIJz6DWtvud4jARKzxysByvNkA,ChIJz6DWtvud4jARKzxysByvNkA,Drug Place Big C ลาดพร้าว,Independent (no name keyword),Pharmacy (independent),TARGET,,2539 บิ๊กซีลาดพร้าว ชั้นใต้ดิน ถนนลาดพร้าว แขวงวังทองหลาง เขตบางกะปิ,Nonthaburi,Nonthaburi,13.784913,100.612288,pharmacy,2.4,7,02 934 9034,Monday: 9:00 AM – 8:00 PM | Tuesday: 9:00 AM – 8:00 PM | Wednesday: 9:00 AM – 8:00 PM | Thursday: 9:00 AM – 8:00 PM | Friday: 9:00 AM – 8:00 PM | Saturday: 9:00 AM – 8:00 PM | Sunday: 9:00 AM – 8:00 PM,,"['pharmacy', 'health', 'point_of_interest', 'store', 'establishment']",2539 บิ๊กซีลาดพร้าว ชั้นใต้ดิน ถนนลาดพร้าว แขวงวังทองหลาง เขตบางกะปิ,0,Active,0,0,FALSE,scraped,0,Nonthaburi,YES,
ChIJd_YbQyid4jARofQy5uBpLTo,ChIJd_YbQyid4jARofQy5uBpLTo,Khun Ba Khan,Independent (no name keyword),Pharmacy (independent),TARGET,,บิ๊กซี,Soi Chok Chai 2,Nonthaburi,13.7850672,100.6123075,pharmacy,0,0,095 060 0761,Monday: Closed | Tuesday: Closed | Wednesday: Open 24 hours | Thursday: Closed | Friday: Closed | Saturday: Closed | Sunday: Closed,,"['pharmacy', 'health', 'point_of_interest', 'store', 'establishment']","บิ๊กซี, Soi Chok Chai 2",0,Active,0,0,FALSE,scraped,0,Nonthaburi,YES,
ChIJG22JRnSc4jARSHH8bIoxQ_I,ChIJG22JRnSc4jARSHH8bIoxQ_I,Pracha Chuen Drug Store,Independent (no name keyword),Pharmacy (independent),TARGET,,7/7 Thanon Pracha Chuen,Nonthaburi,Nonthaburi,13.8070757,100.5333183,pharmacy,2.7,3,02 913 7210,Monday: 12:00 AM – 7:00 PM | Tuesday: 12:00 AM – 7:00 PM | Wednesday: 12:00 AM – 7:00 PM | Thursday: 12:00 AM – 7:00 PM | Friday: 12:00 AM – 7:00 PM | Saturday: 12:00 AM – 7:00 PM | Sunday: Closed,,"['pharmacy', 'health', 'point_of_interest', 'store', 'establishment']",7/7 Thanon Pracha Chuen,0,Active,0,0,FALSE,scraped,0,Nonthaburi,YES,
ChIJrZpQTVGb4jARZQburV6dw6c,ChIJrZpQTVGb4jARZQburV6dw6c,ร้านขายยา Tops Care Central Westville (นนทบุรี),Independent (no name keyword),Pharmacy (independent),TARGET,,"Central Westville 999 ห้องเลขที่ R07, ตำบล มหาสวัสดิ์",อำเภอบางกรวย,Nonthaburi,13.8055186,100.4489056,pharmacy,3.7,6,064 139 3309,Monday: 10:00 AM – 9:00 PM | Tuesday: 10:00 AM – 9:00 PM | Wednesday: 10:00 AM – 9:00 PM | Thursday: 10:00 AM – 9:00 PM | Friday: 10:00 AM – 9:00 PM | Saturday: 10:00 AM – 9:00 PM | Sunday: 10:00 AM – 9:00 PM,https://www.facebook.com/topscarethailand,"['pharmacy', 'store', 'point_of_interest', 'health', 'establishment']","Central Westville 999 ห้องเลขที่ R07, ตำบล มหาสวัสดิ์, อำเภอบางกรวย",0,Active,0,0,FALSE,scraped,0,Nonthaburi,YES,
ChIJ0eJ8Khib4jARyzeD_nP9i7I,ChIJ0eJ8Khib4jARyzeD_nP9i7I,ร้านยา จริงใจ ราชพฤกษ์ JJS Pharmacy Ratchapruek,ร้านยา (Independent),Pharmacy (independent),TARGET,,"82, 10-11 Thanon Ratchaphruek, Tambon Maha Sawat",Amphoe Bang Kruai,Nonthaburi,13.8110238,100.4499375,pharmacy,5,4,094 691 5511,Monday: 9:00 AM – 6:00 PM | Tuesday: 9:00 AM – 6:00 PM | Wednesday: 9:00 AM – 6:00 PM | Thursday: 9:00 AM – 6:00 PM | Friday: 9:00 AM – 6:00 PM | Saturday: 9:00 AM – 6:00 PM | Sunday: 9:00 AM – 6:00 PM,,"['pharmacy', 'store', 'point_of_interest', 'health', 'establishment']","82, 10-11 Thanon Ratchaphruek, Tambon Maha Sawat, Amphoe Bang Kruai",0,Active,0,0,FALSE,scraped,0,Nonthaburi,YES,
ChIJA7NJPgCb4jARZ2XfRC2hrZA,ChIJA7NJPgCb4jARZ2XfRC2hrZA,Grand Avenue Vet Pharma(GAVP) สำนักงานใหญ่,Independent (no name keyword),Pharmacy (independent),TARGET,,"599 หมู่ 4 ถนน อัจฉริยะประสิทธิ์, Tambon Maha Sawat",Amphoe Bang Kruai,Nonthaburi,13.8011804,100.4471008,pharmacy,0,0,,,,"['pharmacy', 'store', 'point_of_interest', 'health', 'establishment']","599 หมู่ 4 ถนน อัจฉริยะประสิทธิ์, Tambon Maha Sawat, Amphoe Bang Kruai",0,Active,0,0,FALSE,scraped,0,Nonthaburi,YES,
ChIJNVr5OnWa4jAR_nA2M9wAETk,ChIJNVr5OnWa4jAR_nA2M9wAETk,"N.D.Master Pharma (Thailand) Co.,Ltd.",Independent (no name keyword),Pharmacy (independent),TARGET,,"136/37 Moo 5, Krung Non-Chong Thanom Road, Tambon Maha Sawat, Amphoe Bang Kruai, Nonthaburi",11130,Nonthaburi,13.80794,100.441608,pharmacy,0,0,,,,"['pharmacy', 'store', 'point_of_interest', 'health', 'establishment']","136/37 Moo 5, Krung Non-Chong Thanom Road, Tambon Maha Sawat, Amphoe Bang Kruai, Nonthaburi, 11130",0,Active,0,0,FALSE,scraped,0,Nonthaburi,YES,
ChIJJ_9B9Aqa4jARSmuAVMzHaw0,ChIJJ_9B9Aqa4jARSmuAVMzHaw0,Suptawee Osot,Independent (no name keyword),Pharmacy (independent),TARGET,,"11/12, Moo 2, Bang Kruai-Jong Thanom Road, Tambon Maha Sawat, Amphoe Bang Kruai, Nonthabuir",11130,Nonthaburi,13.8045373,100.4412282,pharmacy,0,0,02 449 9204,,,"['pharmacy', 'store', 'point_of_interest', 'health', 'establishment']","11/12, Moo 2, Bang Kruai-Jong Thanom Road, Tambon Maha Sawat, Amphoe Bang Kruai, Nonthabuir, 11130",0,Active,0,0,FALSE,scraped,0,Nonthaburi,YES,
ChIJE6QgLQCd4jARnFBneCB0SWM,ChIJE6QgLQCd4jARnFBneCB0SWM,ร้านยาโอเอซิสฟาร์มาซี-OAsis pharmacy,ร้านยา (Independent),Pharmacy (independent),TARGET,,"Soi Phahon Yothin 18/2, Khwaeng Chom Phon",จตุจักร,Nonthaburi,13.8077472,100.5571688,pharmacy,5,11,098 989 0564,Monday: 8:00 AM – 9:00 PM | Tuesday: 8:00 AM – 9:00 PM | Wednesday: 8:00 AM – 9:00 PM | Thursday: 8:00 AM – 9:00 PM | Friday: 8:00 AM – 9:00 PM | Saturday: 8:00 AM – 9:00 PM | Sunday: 8:00 AM – 9:00 PM,,"['pharmacy', 'health', 'point_of_interest', 'store', 'establishment']","Soi Phahon Yothin 18/2, Khwaeng Chom Phon, จตุจักร",0,Active,0,0,FALSE,scraped,0,Nonthaburi,YES,
ChIJB0VrZQCd4jARkq5Sw5dwkCo,ChIJB0VrZQCd4jARkq5Sw5dwkCo,Nice Pharmacy,Independent,Pharmacy (independent),TARGET,,ตําบล คลอง,515 Phahon Yothin Road,Nonthaburi,13.8064983,100.5564,pharmacy,0,0,,,,"['pharmacy', 'health', 'point_of_interest', 'store', 'establishment']","ตําบล คลอง, 515 Phahon Yothin Road",0,Active,0,0,FALSE,scraped,0,Nonthaburi,YES,
ChIJkYHlNP6d4jARg8n5AUGmBJk,ChIJkYHlNP6d4jARg8n5AUGmBJk,ร้านยาเมดิเมดิกส์(MediMedix),ร้านยา (Independent),Pharmacy (independent),TARGET,,"243/11 Soi Ladprao 1, Khwaeng Chom Phon",จตุจักร,Nonthaburi,13.8129987,100.5629977,pharmacy,4.9,38,064 138 0810,Monday: 8:30 AM – 10:00 PM | Tuesday: 8:30 AM – 10:00 PM | Wednesday: 8:30 AM – 10:00 PM | Thursday: 8:30 AM – 10:00 PM | Friday: 8:30 AM – 10:00 PM | Saturday: 8:30 AM – 10:00 PM | Sunday: 8:30 AM – 10:00 PM,https://line.me/R/ti/p/@493yhveg?ts=06282028&oat_content=url,"['pharmacy', 'health', 'point_of_interest', 'store', 'establishment']","243/11 Soi Ladprao 1, Khwaeng Chom Phon, จตุจักร",0,Active,0,0,FALSE,scraped,0,Nonthaburi,YES,
ChIJyUGeHlCc4jARbKEnzv74pe8,ChIJyUGeHlCc4jARbKEnzv74pe8,Supsiri Medicine,Independent (no name keyword),Pharmacy (independent),TARGET,,"RH77+9QV, Soi Ladprao 1",ลาดยาว,Nonthaburi,13.8134756,100.56442,pharmacy,0,0,,,,"['pharmacy', 'health', 'store', 'point_of_interest', 'establishment']","RH77+9QV, Soi Ladprao 1, ลาดยาว",0,Active,0,0,FALSE,scraped,0,Nonthaburi,YES,
ChIJA_7XEACd4jAR7arvNVpJOhE,ChIJA_7XEACd4jAR7arvNVpJOhE,Gob Ya Thai,Independent (no name keyword),Pharmacy (independent),TARGET,,RH22+MJ,Nonthaburi,Nonthaburi,13.8016427,100.5515018,pharmacy,5,1,093 324 7904,Monday: Closed | Tuesday: Closed | Wednesday: Closed | Thursday: Closed | Friday: Closed | Saturday: 9:00 AM – 6:00 PM | Sunday: 9:00 AM – 6:00 PM,http://www.facebook.com/gobyathai,"['pharmacy', 'health', 'store', 'point_of_interest', 'establishment']",RH22+MJ,0,Active,0,0,FALSE,scraped,0,Nonthaburi,YES,
ChIJTxZT8F6d4jARoHlneRdYi5s,ChIJTxZT8F6d4jARoHlneRdYi5s,ร้านยาทันใจ (Tunjai Pharmacy) สาขา Midway Point ลาดพร้าว,ร้านยา (Independent),Pharmacy (independent),TARGET,,"469 ห้อง 1 ชั้น 1, โครงการมิดเวย์ พอยท์ @, Thanon Ratchadaphisek, Khwaeng Chom Phon",จตุจักร,Nonthaburi,13.8061377,100.5745857,pharmacy,3,4,098 608 2638,Monday: 8:00 AM – 10:00 PM | Tuesday: 8:00 AM – 10:00 PM | Wednesday: 8:00 AM – 10:00 PM | Thursday: 8:00 AM – 10:00 PM | Friday: 8:00 AM – 10:00 PM | Saturday: 8:00 AM – 10:00 PM | Sunday: 8:00 AM – 10:00 PM,,"['pharmacy', 'health', 'store', 'point_of_interest', 'establishment']","469 ห้อง 1 ชั้น 1, โครงการมิดเวย์ พอยท์ @, Thanon Ratchadaphisek, Khwaeng Chom Phon, จตุจักร",0,Active,0,0,FALSE,scraped,0,Nonthaburi,YES,
ChIJdVVeycad4jARXkf21j753Vk,ChIJdVVeycad4jARXkf21j753Vk,บ้านสมุนไพร(Herb Haus),Independent (no name keyword),Pharmacy (independent),TARGET,,"105 Soi Lat Phrao 26, Khwaeng Chom Phon",จตุจักร,Nonthaburi,13.8044785,100.5741467,pharmacy,0,0,085 108 2222,,,"['pharmacy', 'health', 'store', 'point_of_interest', 'establishment']","105 Soi Lat Phrao 26, Khwaeng Chom Phon, จตุจักร",0,Active,0,0,FALSE,scraped,0,Nonthaburi,YES,
ChIJhzPMcbad4jAR2zceFz403dk,ChIJhzPMcbad4jAR2zceFz403dk,SafeDose by PharmaClick,Independent (no name keyword),Pharmacy (independent),TARGET,,1251 ซอย ลาดพร้าว 35,Nonthaburi,Nonthaburi,13.8027438,100.5808038,pharmacy,4.6,10,085 900 6149,Monday: 10:00 AM – 12:00 AM | Tuesday: 10:00 AM – 12:00 AM | Wednesday: 10:00 AM – 12:00 AM | Thursday: 10:00 AM – 12:00 AM | Friday: 10:00 AM – 12:00 AM | Saturday: 10:00 AM – 12:00 AM | Sunday: 10:00 AM – 12:00 AM,,"['pharmacy', 'local_government_office', 'health', 'store', 'point_of_interest', 'establishment']",1251 ซอย ลาดพร้าว 35,0,Active,0,0,FALSE,scraped,0,Nonthaburi,YES,
ChIJJWCN-K6D4jARy3e5IbDiSV8,ChIJJWCN-K6D4jARy3e5IbDiSV8,บจก. ซิน ไบโอเทค แคร์ (ร้านเครื่องมือแพทย์ กทม. เตียงผู้ป่วยไฟฟ้า เตียงคนไข้ เครื่องสั่นปอด เครื่องเคาะปอด เครื่อง auto cpr),Independent (no name keyword),Pharmacy (independent),TARGET,,"3, 7 Soi Lat Phrao 15, Lane 1, Khwaeng Chom Phon",จตุจักร,Nonthaburi,13.8099137,100.5707544,pharmacy,4.8,5,082 526 1102,Monday: 9:30 AM – 5:00 PM | Tuesday: 9:30 AM – 5:00 PM | Wednesday: 9:30 AM – 5:00 PM | Thursday: 9:30 AM – 5:00 PM | Friday: 9:30 AM – 5:00 PM | Saturday: Closed | Sunday: Closed,http://syn-biotech.com/,"['pharmacy', 'health', 'store', 'point_of_interest', 'establishment']","3, 7 Soi Lat Phrao 15, Lane 1, Khwaeng Chom Phon, จตุจักร",0,Active,0,0,FALSE,scraped,0,Nonthaburi,YES,
ChIJn0yw6HSR4jARPJGYAfnvqEQ,ChIJn0yw6HSR4jARPJGYAfnvqEQ,ปัณยา (Phanya Drugstore),Independent,Pharmacy (independent),TARGET,,"Bang, 122/4 Bang Muang, ถนน บางม่วง - บางคูลัด, ตำบล ปลายบาง",อำเภอบางใหญ่,Nonthaburi,13.8277314,100.3951948,pharmacy,5,5,099 315 9946,Monday: 10:30 AM – 9:30 PM | Tuesday: 10:30 AM – 9:30 PM | Wednesday: 10:30 AM – 9:30 PM | Thursday: 10:30 AM – 9:30 PM | Friday: 10:30 AM – 9:30 PM | Saturday: 10:30 AM – 9:30 PM | Sunday: 10:30 AM – 9:30 PM,,"['pharmacy', 'store', 'point_of_interest', 'health', 'establishment']","Bang, 122/4 Bang Muang, ถนน บางม่วง - บางคูลัด, ตำบล ปลายบาง, อำเภอบางใหญ่",0,Active,0,0,FALSE,scraped,0,Nonthaburi,YES,
ChIJV6e5JXiR4jARyqYDQFFqFXU,ChIJV6e5JXiR4jARyqYDQFFqFXU,พระราม​ ​5 ฟาร์มาซี Praram 5 pharmacy,Independent,Pharmacy (independent),TARGET,,"ห้องน้ำหญิง, เลขที่​ 10 ห้องที่​ ในตลาดพระราม 5 ใกล้, 20 Nakhon In Road, Tambon Bang Khun Kong",Amphoe Bang Kruai,Nonthaburi,13.8242772,100.4354553,pharmacy,4.8,32,061 832 4759,Monday: 8:00 AM – 8:00 PM | Tuesday: 8:00 AM – 8:00 PM | Wednesday: 8:00 AM – 8:00 PM | Thursday: 8:00 AM – 8:00 PM | Friday: 8:00 AM – 8:00 PM | Saturday: 8:00 AM – 8:00 PM | Sunday: 8:00 AM – 8:00 PM,,"['pharmacy', 'drugstore', 'store', 'point_of_interest', 'health', 'establishment']","ห้องน้ำหญิง, เลขที่​ 10 ห้องที่​ ในตลาดพระราม 5 ใกล้, 20 Nakhon In Road, Tambon Bang Khun Kong, Amphoe Bang Kruai",0,Active,0,0,FALSE,scraped,0,Nonthaburi,YES,
ChIJY-t_P2ab4jARab5AbnvqlsE,ChIJY-t_P2ab4jARab5AbnvqlsE,Heal up Pharmacy,Independent,Pharmacy (independent),TARGET,,บางไผ่,เลขที่ 115/2 บางไผ่,Nonthaburi,13.8292589,100.4894942,pharmacy,4.5,8,086 536 5054,Monday: 1:30 – 10:30 PM | Tuesday: 1:30 – 10:30 PM | Wednesday: 1:30 – 10:30 PM | Thursday: 1:30 – 10:30 PM | Friday: 1:30 – 10:30 PM | Saturday: 1:30 – 10:30 PM | Sunday: 1:30 – 10:30 PM,https://crm-thailand.getcode.dev/shop/2880/home,"['pharmacy', 'health', 'store', 'point_of_interest', 'establishment']","บางไผ่, เลขที่ 115/2 บางไผ่",0,Active,0,0,FALSE,scraped,0,Nonthaburi,YES,
ChIJNeat5qCb4jARkpPnbnVfqYM,ChIJNeat5qCb4jARkpPnbnVfqYM,Med Ya,Independent (no name keyword),Pharmacy (independent),TARGET,,"19/127, Phiboonsongkhram Road, Tambon Suan Yai, Amphoe Mueang Nonthaburi, Nonthaburi",11000,Nonthaburi,13.8248242,100.5031311,pharmacy,0,0,,,,"['pharmacy', 'health', 'point_of_interest', 'store', 'establishment']","19/127, Phiboonsongkhram Road, Tambon Suan Yai, Amphoe Mueang Nonthaburi, Nonthaburi, 11000",0,Active,0,0,FALSE,scraped,0,Nonthaburi,YES,
ChIJCw5kN6Cb4jARbEEUNzz5dgg,ChIJCw5kN6Cb4jARbEEUNzz5dgg,NPS Drug Center,Independent (no name keyword),Pharmacy (independent),TARGET,,"RGG4+298, ซอย พิบูลสงคราม 2 แยก 1, Tambon Bang Khen",Amphoe Mueang Nonthaburi,Nonthaburi,13.8250439,100.5059625,pharmacy,0,0,081 303 0545,,https://npsdrugcenter.com/contact-us/,"['pharmacy', 'health', 'point_of_interest', 'store', 'establishment']","RGG4+298, ซอย พิบูลสงคราม 2 แยก 1, Tambon Bang Khen, Amphoe Mueang Nonthaburi",0,Active,0,0,FALSE,scraped,0,Nonthaburi,YES,
ChIJPSqL96Gb4jAR2NwQzfKcF58,ChIJPSqL96Gb4jAR2NwQzfKcF58,P. S. Pharmacy,Independent,Pharmacy (independent),TARGET,,RGJ2+MC9,Mueang Nonthaburi District,Nonthaburi,13.8316694,100.5011175,pharmacy,5,1,02 966 5414,Monday: 8:00 AM – 5:30 PM | Tuesday: 8:00 AM – 5:30 PM | Wednesday: 8:00 AM – 5:00 PM | Thursday: 8:00 AM – 5:00 PM | Friday: 8:00 AM – 5:01 PM | Saturday: Closed | Sunday: Closed,,"['pharmacy', 'health', 'point_of_interest', 'store', 'establishment']","RGJ2+MC9, Mueang Nonthaburi District",0,Active,0,0,FALSE,scraped,0,Nonthaburi,YES,
ChIJ9dsRK46d4jARRDvpviRy73g,ChIJ9dsRK46d4jARRDvpviRy73g,Saeng Thong Pharmacy Limited Partnership,Independent,Pharmacy (independent),TARGET,,371 Thanon Nak Niwat,Khwaeng Lat Phrao,Nonthaburi,13.8125765,100.6102713,pharmacy,0,0,,,,"['pharmacy', 'health', 'point_of_interest', 'store', 'establishment']","371 Thanon Nak Niwat, Khwaeng Lat Phrao",0,Active,0,0,FALSE,scraped,0,Nonthaburi,YES,
ChIJdzjbgY-b4jARePEFhHvv0bk,ChIJdzjbgY-b4jARePEFhHvv0bk,Preecha Pharmacy,Independent,Pharmacy (independent),TARGET,,646 ถนนประชาราษฎร์ แขวงบางซื่อ,Nonthaburi,Nonthaburi,13.81495,100.5210118,pharmacy,4.9,9,02 585 8275,Monday: 6:30 AM – 10:00 PM | Tuesday: 6:30 AM – 10:00 PM | Wednesday: 6:30 AM – 10:00 PM | Thursday: 6:30 AM – 10:00 PM | Friday: 6:30 AM – 10:00 PM | Saturday: 6:30 AM – 10:00 PM | Sunday: 6:30 AM – 10:00 PM,,"['pharmacy', 'health', 'point_of_interest', 'store', 'establishment']",646 ถนนประชาราษฎร์ แขวงบางซื่อ,0,Active,0,0,FALSE,scraped,0,Nonthaburi,YES,
ChIJgxXPdHib4jARsVlkHRYPERM,ChIJgxXPdHib4jARsVlkHRYPERM,Drug Box,Independent (no name keyword),Pharmacy (independent),TARGET,,มหาวิทยาลัยพระจอมเกล้าพระนครเหนือ ซอยวงศ์สว่าง11 ถนนวงศ์สว่าง แขวงบางซื่อ,Nonthaburi,Nonthaburi,13.826792,100.5197487,pharmacy,0,0,089 016 6239,Monday: 12:00 – 10:00 PM | Tuesday: 12:00 – 10:00 PM | Wednesday: 12:00 – 10:00 PM | Thursday: 12:00 – 10:00 PM | Friday: 12:00 – 10:00 PM | Saturday: 12:00 – 10:00 PM | Sunday: 12:00 – 10:00 PM,,"['pharmacy', 'health', 'store', 'point_of_interest', 'establishment']",มหาวิทยาลัยพระจอมเกล้าพระนครเหนือ ซอยวงศ์สว่าง11 ถนนวงศ์สว่าง แขวงบางซื่อ,0,Active,0,0,FALSE,scraped,0,Nonthaburi,YES,
ChIJvQg14uid4jARmB4rxC2W6Cs,ChIJvQg14uid4jARmB4rxC2W6Cs,Momayshop,Independent (no name keyword),Pharmacy (independent),TARGET,,46,117,Nonthaburi,13.8270341,100.5645341,pharmacy,0,0,089 592 9295,Monday: 8:00 AM – 5:30 PM | Tuesday: 8:00 AM – 5:30 PM | Wednesday: 8:00 AM – 5:30 PM | Thursday: 8:00 AM – 5:30 PM | Friday: 8:00 AM – 5:30 PM | Saturday: 8:00 AM – 5:30 PM | Sunday: Closed,,"['pharmacy', 'health', 'point_of_interest', 'store', 'establishment']","46, 117",0,Active,0,0,FALSE,scraped,0,Nonthaburi,YES,
ChIJfaXEAwCd4jARv9BMq-SMgcw,ChIJfaXEAwCd4jARv9BMq-SMgcw,PHARMAKUB PHARMACY,Independent,Pharmacy (independent),TARGET,,"1701/14 Phahon Yothin Road, Khwaeng Chatuchak",จตุจักร,Nonthaburi,13.8227857,100.5654211,pharmacy,4.6,10,085 364 4156,Monday: 12:00 – 9:00 PM | Tuesday: 12:00 – 9:00 PM | Wednesday: 12:00 – 9:00 PM | Thursday: 12:00 – 9:00 PM | Friday: 12:00 – 9:00 PM | Saturday: 10:00 AM – 10:00 PM | Sunday: 10:00 AM – 10:00 PM,http://pharmakub.com/,"['pharmacy', 'health', 'point_of_interest', 'store', 'establishment']","1701/14 Phahon Yothin Road, Khwaeng Chatuchak, จตุจักร",0,Active,0,0,FALSE,scraped,0,Nonthaburi,YES,
ChIJmaHkIvic4jARxV62kXxvVzg,ChIJmaHkIvic4jARxV62kXxvVzg,Drug Mart,Independent (no name keyword),Pharmacy (independent),TARGET,,19 อาคารไทยพาณิชย์ปาร์คพลาซ่า (ห้อง 3126),ถนนรัชดาภิเษก แขวงจตุจักร,Nonthaburi,13.8273983,100.5653885,pharmacy,5,1,02 937 9239,Monday: 8:00 AM – 7:00 PM | Tuesday: 8:00 AM – 7:00 PM | Wednesday: 8:00 AM – 7:00 PM | Thursday: 8:00 AM – 7:00 PM | Friday: 8:00 AM – 7:00 PM | Saturday: Closed | Sunday: Closed,,"['pharmacy', 'health', 'point_of_interest', 'store', 'establishment']","19 อาคารไทยพาณิชย์ปาร์คพลาซ่า (ห้อง 3126), ถนนรัชดาภิเษก แขวงจตุจักร",0,Active,0,0,FALSE,scraped,0,Nonthaburi,YES,
ChIJT7qnjgud4jAR_UbdNCnSzCQ,ChIJT7qnjgud4jAR_UbdNCnSzCQ,ร้านขายยา เอ็มดี แคร์ MD CARE Pharmacy 药店,Independent,Pharmacy (independent),TARGET,,"1410, ภายในปั๊มนํ้ามัน Sinopec Susco, 1 ซอย พหลโยธิน 24, Khwaeng Chom Phon",จตุจักร,Nonthaburi,13.8233149,100.5666574,pharmacy,5,11,082 996 6308,Monday: 8:00 AM – 10:00 PM | Tuesday: 8:00 AM – 10:00 PM | Wednesday: 8:00 AM – 10:00 PM | Thursday: 8:00 AM – 10:00 PM | Friday: 8:00 AM – 10:00 PM | Saturday: 1:00 – 10:00 PM | Sunday: 8:00 AM – 10:00 PM,https://lin.ee/8KelAXa,"['pharmacy', 'health', 'point_of_interest', 'store', 'establishment']","1410, ภายในปั๊มนํ้ามัน Sinopec Susco, 1 ซอย พหลโยธิน 24, Khwaeng Chom Phon, จตุจักร",0,Active,0,0,FALSE,scraped,0,Nonthaburi,YES,
ChIJE9iU7WFiHTERT-LpKtAzwNg,ChIJE9iU7WFiHTERT-LpKtAzwNg,Phricha Pharmacy,Independent,Pharmacy (independent),TARGET,,"RJCP+4WP, ซอย",Khwaeng Khlong Kum,Nonthaburi,13.82034,100.637329,pharmacy,0,0,,,,"['pharmacy', 'health', 'store', 'point_of_interest', 'establishment']","RJCP+4WP, ซอย, Khwaeng Khlong Kum",0,Active,0,0,FALSE,scraped,0,Nonthaburi,YES,
ChIJsY4qeVSd4jARvI4blgiXpxw,ChIJsY4qeVSd4jARvI4blgiXpxw,P K Drug Store,Independent (no name keyword),Pharmacy (independent),TARGET,,379 ซอยรัชดาภิเษก 36 (เสือใหญ่อุทิศ,Nonthaburi,Nonthaburi,13.8221475,100.5812441,pharmacy,1,1,080 770 7967,Monday: 9:00 AM – 11:00 PM | Tuesday: 9:00 AM – 10:30 PM | Wednesday: 9:00 AM – 11:00 PM | Thursday: 9:00 AM – 11:00 PM | Friday: 9:00 AM – 11:00 PM | Saturday: 9:00 AM – 11:00 PM | Sunday: 9:00 AM – 11:00 PM,,"['pharmacy', 'health', 'point_of_interest', 'store', 'establishment']",379 ซอยรัชดาภิเษก 36 (เสือใหญ่อุทิศ,0,Active,0,0,FALSE,scraped,0,Nonthaburi,YES,
ChIJA5s1hU6d4jARU9zaQxxhQgA,ChIJA5s1hU6d4jARU9zaQxxhQgA,ชิดใกล้ ฟาร์ม่า intimatee Pharma,Independent (no name keyword),Pharmacy (independent),TARGET,,จันทร์เกษม,111ห้อง108 Ratchadaphisek 36 Alley,Nonthaburi,13.8214739,100.58274,pharmacy,0,0,061 638 8689,Monday: 12:00 – 10:00 PM | Tuesday: 12:00 – 10:00 PM | Wednesday: 12:00 – 10:00 PM | Thursday: 12:00 – 10:00 PM | Friday: 12:00 – 10:00 PM | Saturday: 12:00 – 10:00 PM | Sunday: 12:00 – 10:00 PM,,"['pharmacy', 'health', 'point_of_interest', 'store', 'establishment']","จันทร์เกษม, 111ห้อง108 Ratchadaphisek 36 Alley",0,Active,0,0,FALSE,scraped,0,Nonthaburi,YES,
ChIJTdueWQyR4jARL24W_nxxCIc,ChIJTdueWQyR4jARL24W_nxxCIc,ฟาร์มาคลับ (Pharma Club),Independent (no name keyword),Pharmacy (independent),TARGET,,"29/3 SoiWatpranguen, Kanchanaphisek Frontage Rd, ตำบล บางม่วง",อำเภอบางใหญ่,Nonthaburi,13.8359584,100.4116914,pharmacy,5,4,094 797 9423,Monday: 5:30 – 10:00 PM | Tuesday: 5:30 – 10:00 PM | Wednesday: 5:30 – 10:00 PM | Thursday: 5:30 – 10:00 PM | Friday: 5:30 – 10:00 PM | Saturday: 5:30 – 10:00 PM | Sunday: 5:30 – 10:00 PM,,"['pharmacy', 'health', 'point_of_interest', 'store', 'establishment']","29/3 SoiWatpranguen, Kanchanaphisek Frontage Rd, ตำบล บางม่วง, อำเภอบางใหญ่",0,Active,0,0,FALSE,scraped,0,Nonthaburi,YES,
ChIJOzkR3pya4jARKw3WAeEgpkU,ChIJOzkR3pya4jARKw3WAeEgpkU,KYUSEI PHARMACEUTICAL,Independent (no name keyword),Pharmacy (independent),TARGET,,Thailand,Nonthaburi,Nonthaburi,13.8427176,100.4427551,pharmacy,5,1,,,,"['pharmacy', 'health', 'point_of_interest', 'store', 'establishment']",Thailand,0,Active,0,0,FALSE,scraped,0,Nonthaburi,YES,
ChIJjzXbGbyb4jAR74SfWAqsBQM,ChIJjzXbGbyb4jAR74SfWAqsBQM,ร้านยาฟาร์แมกซ์ Pharmax สาขาราชพฤกษ์,ร้านยา (Independent),Pharmacy (independent),TARGET,,"ร้านยาฟาร์แมกซ์ Pharmax ราชพฤกษ์, เลขที่ 81/1 Soi Mu Ban Thananon Soi 10, Tambon Bang Krang",Amphoe Mueang Nonthaburi,Nonthaburi,13.851102,100.4490996,pharmacy,4.8,59,061 391 2108,Monday: 8:00 AM – 9:00 PM | Tuesday: 8:00 AM – 9:00 PM | Wednesday: 8:00 AM – 9:00 PM | Thursday: 8:00 AM – 9:00 PM | Friday: 8:00 AM – 9:00 PM | Saturday: 8:00 AM – 9:00 PM | Sunday: 8:00 AM – 9:00 PM,,"['pharmacy', 'health', 'point_of_interest', 'store', 'establishment']","ร้านยาฟาร์แมกซ์ Pharmax ราชพฤกษ์, เลขที่ 81/1 Soi Mu Ban Thananon Soi 10, Tambon Bang Krang, Amphoe Mueang Nonthaburi",0,Active,0,0,FALSE,scraped,0,Nonthaburi,YES,
ChIJEyAhxBCb4jAR7LFbqoFDCqU,ChIJEyAhxBCb4jAR7LFbqoFDCqU,Yod Yiam Pharmacy,Independent,Pharmacy (independent),TARGET,,1,15 ถนน ประชาราษฎร์,Nonthaburi,13.8437912,100.4975161,pharmacy,0,0,02 525 0395,,,"['pharmacy', 'health', 'store', 'point_of_interest', 'establishment']","1, 15 ถนน ประชาราษฎร์",0,Active,0,0,FALSE,scraped,0,Nonthaburi,YES,
ChIJYUHydxCb4jARgFWchov_BSg,ChIJYUHydxCb4jARgFWchov_BSg,Suwisit Pharmacy,Independent,Pharmacy (independent),TARGET,,"17, 11 หมู่5 Phibul Songkhram Road, Tambon Suan Yai",อำเภอเมือง,Nonthaburi,13.8411722,100.4959405,pharmacy,3,2,02 526 4226,Monday: 9:00 AM – 1:00 PM | Tuesday: 9:00 AM – 1:00 PM | Wednesday: 9:00 AM – 1:00 PM | Thursday: 9:00 AM – 1:00 PM | Friday: 9:00 AM – 1:00 PM | Saturday: 9:00 AM – 1:00 PM | Sunday: 9:00 AM – 1:00 PM,,"['pharmacy', 'health', 'store', 'point_of_interest', 'establishment']","17, 11 หมู่5 Phibul Songkhram Road, Tambon Suan Yai, อำเภอเมือง",0,Active,0,0,FALSE,scraped,0,Nonthaburi,YES,
ChIJg6INeBCb4jARq3cGmJbUPTc,ChIJg6INeBCb4jARq3cGmJbUPTc,Mor Ya,Independent (no name keyword),Pharmacy (independent),TARGET,,RFRW+G96,Mueang Nonthaburi District,Nonthaburi,13.8412878,100.4959062,pharmacy,0,0,,,,"['pharmacy', 'health', 'store', 'point_of_interest', 'establishment']","RFRW+G96, Mueang Nonthaburi District",0,Active,0,0,FALSE,scraped,0,Nonthaburi,YES,
ChIJP9aydBCb4jARmHO9io3RAWY,ChIJP9aydBCb4jARmHO9io3RAWY,Tueanjai Pharmacy,Independent,Pharmacy (independent),TARGET,,"24 Soi Pibulongklam 30, Tambon Suan Yai",Amphoe Mueang Nonthaburi,Nonthaburi,13.8408083,100.4959925,pharmacy,5,1,,,,"['pharmacy', 'health', 'store', 'point_of_interest', 'establishment']","24 Soi Pibulongklam 30, Tambon Suan Yai, Amphoe Mueang Nonthaburi",0,Active,0,0,FALSE,scraped,0,Nonthaburi,YES,
ChIJyy5AeRqb4jARrSjUu43N5fc,ChIJyy5AeRqb4jARrSjUu43N5fc,Ban Ya,Independent (no name keyword),Pharmacy (independent),TARGET,,"13/71 Pracharat 26, Tambon Suan Yai",Amphoe Mueang Nonthaburi,Nonthaburi,13.8424101,100.4955823,pharmacy,0,0,,Monday: 8:30 AM – 8:00 PM | Tuesday: 8:30 AM – 8:00 PM | Wednesday: 8:30 AM – 8:00 PM | Thursday: 8:30 AM – 8:00 PM | Friday: 8:30 AM – 8:00 PM | Saturday: 8:30 AM – 8:00 PM | Sunday: 8:30 AM – 8:00 PM,,"['pharmacy', 'health', 'store', 'point_of_interest', 'establishment']","13/71 Pracharat 26, Tambon Suan Yai, Amphoe Mueang Nonthaburi",0,Active,0,0,FALSE,scraped,0,Nonthaburi,YES,
ChIJd234bRqb4jAROEk031V0cNM,ChIJd234bRqb4jAROEk031V0cNM,Witthaya Phesat,Independent (no name keyword),Pharmacy (independent),TARGET,,"165. Moo 4, Pracharat Road, Tambon Suan Yai, Amphoe Mueang Nonthaburi, Nonthaburi",11000,Nonthaburi,13.84307,100.495162,pharmacy,0,0,02 525 2902,,,"['pharmacy', 'health', 'store', 'point_of_interest', 'establishment']","165. Moo 4, Pracharat Road, Tambon Suan Yai, Amphoe Mueang Nonthaburi, Nonthaburi, 11000",0,Active,0,0,FALSE,scraped,0,Nonthaburi,YES,
ChIJITVItjad4jARmXIkQNI-KP0,ChIJITVItjad4jARmXIkQNI-KP0,PHARMAX ฟาร์แมกซ์ สาขา เดอะแจ๊สวังหิน,Independent (no name keyword),Pharmacy (independent),TARGET,,728 ห้องB102 ศูนย์การค้าเดอะแจ๊ส ถนนลาดพร้าววังหิน,ลาดพร้าว,Nonthaburi,13.8234542,100.5924428,pharmacy,3.9,11,092 225 8906,Monday: 10:30 AM – 8:30 PM | Tuesday: 10:30 AM – 8:30 PM | Wednesday: 10:30 AM – 8:30 PM | Thursday: 10:30 AM – 8:30 PM | Friday: 10:30 AM – 8:30 PM | Saturday: 10:30 AM – 8:30 PM | Sunday: 10:30 AM – 8:30 PM,,"['pharmacy', 'health', 'store', 'point_of_interest', 'establishment']","728 ห้องB102 ศูนย์การค้าเดอะแจ๊ส ถนนลาดพร้าววังหิน, ลาดพร้าว",0,Active,0,0,FALSE,scraped,0,Nonthaburi,YES,
ChIJ-eo50G-b4jARt7TEeZeXrIw,ChIJ-eo50G-b4jARt7TEeZeXrIw,Sirichai Pharmacy,Independent,Pharmacy (independent),TARGET,,"73/81 หมู่6, ถนน กรุงเทพ - นนทบุรี",อำเภอเมือง,Nonthaburi,13.8384539,100.5164729,pharmacy,1,1,,Monday: 6:00 AM – 10:00 PM | Tuesday: 6:00 AM – 10:00 PM | Wednesday: 6:00 AM – 10:00 PM | Thursday: 6:00 AM – 10:00 PM | Friday: 6:00 AM – 10:00 PM | Saturday: Closed | Sunday: Closed,,"['pharmacy', 'health', 'store', 'point_of_interest', 'establishment']","73/81 หมู่6, ถนน กรุงเทพ - นนทบุรี, อำเภอเมือง",0,Active,0,0,FALSE,scraped,0,Nonthaburi,YES,
ChIJ9zoyVgCb4jARy96jMPr5x_U,ChIJ9zoyVgCb4jARy96jMPr5x_U,flagship GPO (Government Pharmaceutical Organization) pharmacy,Independent,Pharmacy (independent),TARGET,,"88, 20 Tiwanon Road, Tambon Talat Kwan",Amphoe Mueang Nonthaburi,Nonthaburi,13.8462781,100.5288473,pharmacy,5,1,,,,"['pharmacy', 'health', 'store', 'point_of_interest', 'establishment']","88, 20 Tiwanon Road, Tambon Talat Kwan, Amphoe Mueang Nonthaburi",0,Active,0,0,FALSE,scraped,0,Nonthaburi,YES,
ChIJixvSWHqb4jARKxZeyDKLn9o,ChIJixvSWHqb4jARKxZeyDKLn9o,Pakorn Sinlapa Pharmacy,Independent,Pharmacy (independent),TARGET,,RGMC+X46,Mueang Nonthaburi District,Nonthaburi,13.8349109,100.5202736,pharmacy,0,0,,,,"['pharmacy', 'health', 'store', 'point_of_interest', 'establishment']","RGMC+X46, Mueang Nonthaburi District",0,Active,0,0,FALSE,scraped,0,Nonthaburi,YES,
ChIJQ9m8rXub4jARXKA7A6cYsSQ,ChIJQ9m8rXub4jARXKA7A6cYsSQ,Ban Non Pharmacy,Independent,Pharmacy (independent),TARGET,,"1615 ถนน กรุงเทพ - นนทบุรี, Tambon Bang Khen",Amphoe Mueang Nonthaburi,Nonthaburi,13.8342113,100.5210906,pharmacy,0,0,,,,"['pharmacy', 'health', 'store', 'point_of_interest', 'establishment']","1615 ถนน กรุงเทพ - นนทบุรี, Tambon Bang Khen, Amphoe Mueang Nonthaburi",0,Active,0,0,FALSE,scraped,0,Nonthaburi,YES,
ChIJoQkP8fWd4jARYU3Ix9_BYcQ,ChIJoQkP8fWd4jARYU3Ix9_BYcQ,ร้านขายยา Tops Care ประชานิเวศน์,Independent (no name keyword),Pharmacy (independent),TARGET,,"ลาดยาว, ท็อปส์แคร์ ท็อปส์ มาร์เก็ต ประชานิเวศน์",เลขที่ 3/1 Thanon Thetsaban Nimit Nue,Nonthaburi,13.840872,100.548811,pharmacy,5,1,096 286 0583,Monday: 10:00 AM – 8:00 PM | Tuesday: 10:00 AM – 8:00 PM | Wednesday: 10:00 AM – 8:00 PM | Thursday: 10:00 AM – 8:00 PM | Friday: 10:00 AM – 8:00 PM | Saturday: 10:00 AM – 8:00 PM | Sunday: 10:00 AM – 8:00 PM,https://www.facebook.com/topscarethailand,"['pharmacy', 'health', 'point_of_interest', 'store', 'establishment']","ลาดยาว, ท็อปส์แคร์ ท็อปส์ มาร์เก็ต ประชานิเวศน์, เลขที่ 3/1 Thanon Thetsaban Nimit Nue",0,Active,0,0,FALSE,scraped,0,Nonthaburi,YES,
ChIJC7p9KYid4jARH-UM8VatlhY,ChIJC7p9KYid4jARH-UM8VatlhY,L PHARMA,Independent (no name keyword),Pharmacy (independent),TARGET,,ลาดยาว,ตลาดบองมาเช่ 105/1 ห้องป.14,Nonthaburi,13.8394264,100.5510075,pharmacy,5,3,061 564 9662,Monday: 9:30 AM – 6:30 PM | Tuesday: 9:30 AM – 6:30 PM | Wednesday: 9:30 AM – 6:30 PM | Thursday: 9:30 AM – 6:30 PM | Friday: 9:30 AM – 6:30 PM | Saturday: 9:30 AM – 6:30 PM | Sunday: 9:30 AM – 6:30 PM,,"['pharmacy', 'health', 'store', 'point_of_interest', 'establishment']","ลาดยาว, ตลาดบองมาเช่ 105/1 ห้องป.14",0,Active,0,0,FALSE,scraped,0,Nonthaburi,YES,
ChIJl583nMqR4jAR-Ou0CzkFGXI,ChIJl583nMqR4jAR-Ou0CzkFGXI,กำจัดปลวก Buggy pest control,Independent (no name keyword),Pharmacy (independent),TARGET,,"V94V+352, Unnamed Road, Tambon Bang Mae Nang",Amphoe Bang Yai,Nonthaburi,13.8551422,100.3929006,pharmacy,5,1,085 991 4822,,http://www.facebook.com/buggyindie,"['pharmacy', 'health', 'store', 'point_of_interest', 'establishment']","V94V+352, Unnamed Road, Tambon Bang Mae Nang, Amphoe Bang Yai",0,Active,0,0,FALSE,scraped,0,Nonthaburi,YES,
ChIJc2EgVZGb4jARDVNCu5P_avQ,ChIJc2EgVZGb4jARDVNCu5P_avQ,Puen Chum Chon Pharmacy,Independent,Pharmacy (independent),TARGET,,"80, 8 ถนนวัดโบสถ์-ท่าน้ำนนท์, Tambon Bang Len",Amphoe Bang Yai,Nonthaburi,13.8552507,100.4424607,pharmacy,5,9,081 516 8380,Monday: 9:00 AM – 9:00 PM | Tuesday: 9:00 AM – 9:00 PM | Wednesday: 9:00 AM – 9:00 PM | Thursday: 9:00 AM – 9:00 PM | Friday: 9:00 AM – 9:00 PM | Saturday: 9:00 AM – 9:00 PM | Sunday: Closed,,"['pharmacy', 'health', 'point_of_interest', 'store', 'establishment']","80, 8 ถนนวัดโบสถ์-ท่าน้ำนนท์, Tambon Bang Len, Amphoe Bang Yai",0,Active,0,0,FALSE,scraped,0,Nonthaburi,YES,
ChIJvTWl3RyR4jARw_-E3V9azO4,ChIJvTWl3RyR4jARw_-E3V9azO4,Medi House Pharmacy,Independent,Pharmacy (independent),TARGET,,"VC5Q+6R6, Bang Len",Bang Yai District,Nonthaburi,13.8580422,100.4395057,pharmacy,4,9,097 017 9751,Monday: 7:30 AM – 9:00 PM | Tuesday: 7:30 AM – 9:00 PM | Wednesday: 7:30 AM – 9:00 PM | Thursday: 7:30 AM – 9:00 PM | Friday: 7:30 AM – 9:00 PM | Saturday: 7:30 AM – 9:00 PM | Sunday: 7:30 AM – 9:00 PM,https://www.facebook.com/medihousepharmacy,"['pharmacy', 'health', 'point_of_interest', 'store', 'establishment']","VC5Q+6R6, Bang Len, Bang Yai District",0,Active,0,0,FALSE,scraped,0,Nonthaburi,YES,
ChIJOwr3BwCb4jARmy1O6jZsNmI,ChIJOwr3BwCb4jARmy1O6jZsNmI,เวลธ์ พลัส ฟาร์ม่า (Wealth Plus Pharma),Independent (no name keyword),Pharmacy (independent),TARGET,,"169 ห้อง 101 Soi Nonthaburi 6, Tambon Talat Kwan",Amphoe Mueang Nonthaburi,Nonthaburi,13.8592518,100.4887633,pharmacy,0,0,097 903 5999,Monday: 4:00 – 8:00 PM | Tuesday: 4:00 – 9:00 PM | Wednesday: 4:00 – 8:00 PM | Thursday: 4:00 – 9:00 PM | Friday: 4:00 – 8:00 PM | Saturday: 12:00 – 9:00 PM | Sunday: 12:00 – 8:00 PM,,"['pharmacy', 'health', 'point_of_interest', 'store', 'establishment']","169 ห้อง 101 Soi Nonthaburi 6, Tambon Talat Kwan, Amphoe Mueang Nonthaburi",0,Active,0,0,FALSE,scraped,0,Nonthaburi,YES,
ChIJ409fwHOb4jARngA8whYDIQc,ChIJ409fwHOb4jARngA8whYDIQc,Kasetra Pharmacy ( Richmond 药妆店 ),Independent,Pharmacy (independent),TARGET,,36/2 Thanon Rattanathibet,Tambon Talat Kwan,Nonthaburi,13.8617945,100.5052582,pharmacy,2,1,095 456 8325,Monday: 9:00 AM – 9:00 PM | Tuesday: 9:00 AM – 9:00 PM | Wednesday: 9:00 AM – 9:00 PM | Thursday: 9:00 AM – 9:00 PM | Friday: 9:00 AM – 9:00 PM | Saturday: 9:00 AM – 9:00 PM | Sunday: 9:00 AM – 9:00 PM,,"['pharmacy', 'health', 'point_of_interest', 'store', 'establishment']","36/2 Thanon Rattanathibet, Tambon Talat Kwan",0,Active,0,0,FALSE,scraped,0,Nonthaburi,YES,
ChIJQZ-HCTqb4jAR_leS0P3p9Lo,ChIJQZ-HCTqb4jAR_leS0P3p9Lo,Por. Vejchapan,Independent (no name keyword),Pharmacy (independent),TARGET,,"11 Soi Rattanathibet 17, Tambon Bang Kraso",Amphoe Mueang Nonthaburi,Nonthaburi,13.8617101,100.5004315,pharmacy,5,1,,Monday: 10:00 AM – 8:00 PM | Tuesday: 10:00 AM – 8:00 PM | Wednesday: 10:00 AM – 8:00 PM | Thursday: 10:00 AM – 8:00 PM | Friday: 10:00 AM – 8:00 PM | Saturday: Closed | Sunday: Closed,,"['pharmacy', 'health', 'point_of_interest', 'store', 'establishment']","11 Soi Rattanathibet 17, Tambon Bang Kraso, Amphoe Mueang Nonthaburi",0,Active,0,0,FALSE,scraped,0,Nonthaburi,YES,
ChIJHeW9Ageb4jARzubpH77Xlz8,ChIJHeW9Ageb4jARzubpH77Xlz8,TONPALM PHARMACY,Independent,Pharmacy (independent),TARGET,,496/1 Soi Rattanathibech 26,Amphoe Mueang Nonthaburi,Nonthaburi,13.8639378,100.5004151,pharmacy,0,0,,,,"['pharmacy', 'health', 'point_of_interest', 'store', 'establishment']","496/1 Soi Rattanathibech 26, Amphoe Mueang Nonthaburi",0,Temporarily Closed,0,0,FALSE,scraped,0,Nonthaburi,YES,
ChIJ9SCqoDGb4jARIP5TI3gFJDA,ChIJ9SCqoDGb4jARIP5TI3gFJDA,Dr.s Formulas,Independent (no name keyword),Pharmacy (independent),TARGET,,"16 Soi Rattanathibech 28, Tambon Bang Kraso",Amphoe Mueang Nonthaburi,Nonthaburi,13.8657874,100.4986731,pharmacy,0,0,,,,"['pharmacy', 'health', 'point_of_interest', 'store', 'establishment']","16 Soi Rattanathibech 28, Tambon Bang Kraso, Amphoe Mueang Nonthaburi",0,Active,0,0,FALSE,scraped,0,Nonthaburi,YES,
ChIJVYqPyRub4jARVaEl4dHyk3I,ChIJVYqPyRub4jARVaEl4dHyk3I,"Unionchemical 1986 CO ., LTD",Independent (no name keyword),Pharmacy (independent),TARGET,,"เลขที่ 57 ซอย เอเวอรี่มอลล์, Rattanathibet Road",Mueang Nonthaburi District,Nonthaburi,13.8587555,100.5179284,pharmacy,5,3,,,,"['pharmacy', 'health', 'store', 'point_of_interest', 'establishment']","เลขที่ 57 ซอย เอเวอรี่มอลล์, Rattanathibet Road, Mueang Nonthaburi District",0,Active,0,0,FALSE,scraped,0,Nonthaburi,YES,
ChIJBXApRdGb4jAREVmpxBgYCWo,ChIJBXApRdGb4jAREVmpxBgYCWo,KJ Pharmacy เคเจ ฟาร์มาซี,Independent,Pharmacy (independent),TARGET,,"283, 285 Soi Thawi Sap, Tambon Bang Kraso",Muang,Nonthaburi,13.8650663,100.5195434,pharmacy,5,8,081 834 7702,Monday: 10:00 AM – 8:30 PM | Tuesday: 10:00 AM – 8:30 PM | Wednesday: 10:00 AM – 8:30 PM | Thursday: 10:00 AM – 8:30 PM | Friday: 10:00 AM – 8:30 PM | Saturday: 3:00 – 8:30 PM | Sunday: Closed,https://www.facebook.com/kjpharmacy/,"['pharmacy', 'health', 'store', 'point_of_interest', 'establishment']","283, 285 Soi Thawi Sap, Tambon Bang Kraso, Muang",0,Active,0,0,FALSE,scraped,0,Nonthaburi,YES,
ChIJGUewS0Ob4jARZRwEyeRRlow,ChIJGUewS0Ob4jARZRwEyeRRlow,Somboon Jing Pharmacy,Independent,Pharmacy (independent),TARGET,,VG39+J7C,Mueang Nonthaburi District,Nonthaburi,13.8540568,100.5181365,pharmacy,5,1,,,,"['pharmacy', 'health', 'store', 'point_of_interest', 'establishment']","VG39+J7C, Mueang Nonthaburi District",0,Active,0,0,FALSE,scraped,0,Nonthaburi,YES,
ChIJw5nQb0Ob4jAR4cIfaTcSFPM,ChIJw5nQb0Ob4jAR4cIfaTcSFPM,Rewadi Dispensary,Independent (dispensary),Pharmacy (independent),TARGET,,VG38+RG8,Mueang Nonthaburi District,Nonthaburi,13.8545332,100.51633,pharmacy,0,0,,,,"['pharmacy', 'health', 'store', 'point_of_interest', 'establishment']","VG38+RG8, Mueang Nonthaburi District",0,Active,0,0,FALSE,scraped,0,Nonthaburi,YES,
ChIJnS7EMkOb4jARm1HY1P7Y3RQ,ChIJnS7EMkOb4jARm1HY1P7Y3RQ,Pharma House,Independent (no name keyword),Pharmacy (independent),TARGET,,"115/35 ปาก, Soi Tiwanon 12",Amphoe Mueang Nonthaburi,Nonthaburi,13.8531381,100.5181968,pharmacy,5,1,02 965 9989,Monday: 8:00 AM – 9:30 PM | Tuesday: 8:00 AM – 9:30 PM | Wednesday: 8:00 AM – 9:30 PM | Thursday: 8:00 AM – 9:30 PM | Friday: 8:00 AM – 9:30 PM | Saturday: 8:00 AM – 9:30 PM | Sunday: 1:00 – 9:30 PM,,"['pharmacy', 'health', 'store', 'point_of_interest', 'establishment']","115/35 ปาก, Soi Tiwanon 12, Amphoe Mueang Nonthaburi",0,Active,0,0,FALSE,scraped,0,Nonthaburi,YES,
ChIJ1yuDA1Sd4jARgKQCXtGzt2s,ChIJ1yuDA1Sd4jARgKQCXtGzt2s,Thawat Drug Store,Independent (no name keyword),Pharmacy (independent),TARGET,,Thailand,Nonthaburi,Nonthaburi,13.862844,100.614541,pharmacy,0,0,,,,"['pharmacy', 'health', 'store', 'point_of_interest', 'establishment']",Thailand,0,Active,0,0,FALSE,scraped,0,Nonthaburi,YES,
ChIJNxnKHh-d4jARvuco5tH4P2o,ChIJNxnKHh-d4jARvuco5tH4P2o,Kaset Pharmacy,Independent,Pharmacy (independent),TARGET,,2/15 ถนนพหลโยธิน ซอยพหลโยธิน40 แยก2,Nonthaburi,Nonthaburi,13.844411,100.578584,pharmacy,4.3,7,097 175 8800,Monday: 9:00 AM – 9:00 PM | Tuesday: 9:00 AM – 9:00 PM | Wednesday: 9:00 AM – 9:00 PM | Thursday: 9:00 AM – 9:00 PM | Friday: 9:00 AM – 9:00 PM | Saturday: 9:00 AM – 9:00 PM | Sunday: 9:00 AM – 9:00 PM,,"['pharmacy', 'health', 'store', 'point_of_interest', 'establishment']",2/15 ถนนพหลโยธิน ซอยพหลโยธิน40 แยก2,0,Active,0,0,FALSE,scraped,0,Nonthaburi,YES,
ChIJCckMIfKd4jAR-NHuIdcIzdM,ChIJCckMIfKd4jAR-NHuIdcIzdM,ร้านยามารวย Maruay Pharmacy,ร้านยา (Independent),Pharmacy (independent),TARGET,,1/20 ถนนพหลโยธิน,ปาก ซอย พหลโยธิน 40,Nonthaburi,13.8453545,100.5790426,pharmacy,4.8,24,064 612 0145,Monday: 8:00 AM – 10:00 PM | Tuesday: 8:00 AM – 10:00 PM | Wednesday: 8:00 AM – 10:00 PM | Thursday: 8:00 AM – 10:00 PM | Friday: 8:00 AM – 10:00 PM | Saturday: 8:00 AM – 10:00 PM | Sunday: 8:00 AM – 10:00 PM,https://lin.ee/A3j0jvS,"['pharmacy', 'health', 'store', 'point_of_interest', 'establishment']","1/20 ถนนพหลโยธิน, ปาก ซอย พหลโยธิน 40",0,Active,0,0,FALSE,scraped,0,Nonthaburi,YES,
ChIJob-DBACd4jARLcnL3EMCyOQ,ChIJob-DBACd4jARLcnL3EMCyOQ,ร้านยาอีซี่ฟาร์มา (Easy Pharma) สาขาบีทีเอสเสนานิคม,ร้านยา (Independent),Pharmacy (independent),TARGET,,2162 Phahon Yothin Road,Nonthaburi,Nonthaburi,13.8381662,100.5749224,pharmacy,5,21,084 225 4424,Monday: 10:00 AM – 10:00 PM | Tuesday: 10:00 AM – 10:00 PM | Wednesday: 10:00 AM – 10:00 PM | Thursday: 10:00 AM – 10:00 PM | Friday: 10:00 AM – 10:00 PM | Saturday: 10:00 AM – 10:00 PM | Sunday: 10:00 AM – 10:00 PM,https://www.facebook.com/profile.php?id=61580287655752,"['pharmacy', 'health', 'store', 'point_of_interest', 'establishment']",2162 Phahon Yothin Road,0,Active,0,0,FALSE,scraped,0,Nonthaburi,YES,
ChIJn10soqiR4jARQVKeV5OMNsU,ChIJn10soqiR4jARQVKeV5OMNsU,Naw Naw C,Independent (no name keyword),Pharmacy (independent),TARGET,,"79/13 Soi Mu Ban Monthon 4, Tambon Bang Mae Nang",Amphoe Bang Yai,Nonthaburi,13.8717401,100.3971873,pharmacy,0,0,,,,"['pharmacy', 'store', 'point_of_interest', 'health', 'establishment']","79/13 Soi Mu Ban Monthon 4, Tambon Bang Mae Nang, Amphoe Bang Yai",0,Active,0,0,FALSE,scraped,0,Nonthaburi,YES,
ChIJYz10hl2P4jAR8neLoyRXgDI,ChIJYz10hl2P4jAR8neLoyRXgDI,ธนิกโอสถ Tanik Osoth,Independent (no name keyword),Pharmacy (independent),TARGET,,"25/36 Therdprakiat 2 Road, ตำบล เสาธงหิน",อำเภอบางใหญ่,Nonthaburi,13.886233,100.390393,pharmacy,0,0,02 595 0463,,,"['pharmacy', 'store', 'point_of_interest', 'health', 'establishment']","25/36 Therdprakiat 2 Road, ตำบล เสาธงหิน, อำเภอบางใหญ่",0,Active,0,0,FALSE,scraped,0,Nonthaburi,YES,
ChIJ63Rs8zSP4jAR-4Uz8VPJZNA,ChIJ63Rs8zSP4jAR-4Uz8VPJZNA,Medhealth Pharmacy ร้านยาเมดเฮลท์ ฟาร์มาซี,Independent,Pharmacy (independent),TARGET,,"90, 19 ตลาดโชคพิชัย",Amphoe Bang Bua Thong,Nonthaburi,13.8775694,100.4334494,pharmacy,5,2,080 935 2661,Monday: 10:00 AM – 9:00 PM | Tuesday: 10:00 AM – 9:00 PM | Wednesday: 10:00 AM – 9:00 PM | Thursday: 10:00 AM – 9:00 PM | Friday: 10:00 AM – 9:00 PM | Saturday: 10:00 AM – 9:00 PM | Sunday: 10:00 AM – 9:00 PM,,"['pharmacy', 'store', 'point_of_interest', 'health', 'establishment']","90, 19 ตลาดโชคพิชัย, Amphoe Bang Bua Thong",0,Active,0,0,FALSE,scraped,0,Nonthaburi,YES,
ChIJ0V81DCWP4jAR-OMMVEOnfIo,ChIJ0V81DCWP4jAR-OMMVEOnfIo,ร้านยาเน็กซ์ฟาร์มา NEXX Pharma สาขาปั๊ม PT บางบัวทอง 4,ร้านยา (Independent),Pharmacy (independent),TARGET,,"78, 12",Amphoe Bang Bua Thong,Nonthaburi,13.8809652,100.4336291,pharmacy,0,0,065 520 2141,Monday: 8:00 AM – 7:00 PM | Tuesday: 8:00 AM – 7:00 PM | Wednesday: 8:00 AM – 7:00 PM | Thursday: 8:00 AM – 7:00 PM | Friday: 8:00 AM – 7:00 PM | Saturday: 8:00 AM – 7:00 PM | Sunday: 8:00 AM – 7:00 PM,https://www.nexx-pharma.com/,"['pharmacy', 'store', 'point_of_interest', 'health', 'establishment']","78, 12, Amphoe Bang Bua Thong",0,Active,0,0,FALSE,scraped,0,Nonthaburi,YES,
ChIJq4ZPewCR4jARW0UQk3AUVoY,ChIJq4ZPewCR4jARW0UQk3AUVoY,รินยาฟาร์ม่า (Rinyapharma),Independent (no name keyword),Pharmacy (independent),TARGET,,"55, 3, ต.บางรักใหญ่",Amphoe Bang Bua Thong,Nonthaburi,13.8718935,100.4356575,pharmacy,5,5,064 732 2246,Monday: 11:00 AM – 9:00 PM | Tuesday: 11:00 AM – 9:00 PM | Wednesday: 11:00 AM – 9:00 PM | Thursday: 11:00 AM – 9:00 PM | Friday: 11:00 AM – 9:00 PM | Saturday: 11:00 AM – 9:00 PM | Sunday: 11:00 AM – 9:00 PM,,"['pharmacy', 'store', 'point_of_interest', 'health', 'establishment']","55, 3, ต.บางรักใหญ่, Amphoe Bang Bua Thong",0,Active,0,0,FALSE,scraped,0,Nonthaburi,YES,
ChIJiZcrf0aF4jARssLy1zVAVhE,ChIJiZcrf0aF4jARssLy1zVAVhE,Happy Pharmacy,Independent,Pharmacy (independent),TARGET,,"92, 58 หมู่ที่ 3 Soi Mu Ban Rattanathibet National Housing Authority, ไทรม้า",Amphoe Mueang Nonthaburi,Nonthaburi,13.8789611,100.4592041,pharmacy,4.7,16,088 794 2549,Monday: 8:00 AM – 9:00 PM | Tuesday: 8:00 AM – 9:00 PM | Wednesday: 8:00 AM – 9:00 PM | Thursday: 8:00 AM – 9:00 PM | Friday: 8:00 AM – 9:00 PM | Saturday: 8:00 AM – 9:00 PM | Sunday: 8:00 AM – 9:00 PM,,"['pharmacy', 'health', 'store', 'point_of_interest', 'establishment']","92, 58 หมู่ที่ 3 Soi Mu Ban Rattanathibet National Housing Authority, ไทรม้า, Amphoe Mueang Nonthaburi",0,Active,0,0,FALSE,scraped,0,Nonthaburi,YES,
ChIJh9uNkNCE4jARvfakUFq5X8g,ChIJh9uNkNCE4jARvfakUFq5X8g,Sum Ya,Independent (no name keyword),Pharmacy (independent),TARGET,,VFMR+MVJ,Mueang Nonthaburi District,Nonthaburi,13.884219,100.4921559,pharmacy,0,0,,,,"['pharmacy', 'health', 'store', 'point_of_interest', 'establishment']","VFMR+MVJ, Mueang Nonthaburi District",0,Active,0,0,FALSE,scraped,0,Nonthaburi,YES,
ChIJf0Gg3KSc4jAR8h8YFY1qyi0,ChIJf0Gg3KSc4jAR8h8YFY1qyi0,Elkiness,Independent (no name keyword),Pharmacy (independent),TARGET,,VG4Q+JWF,Mueang Nonthaburi District,Nonthaburi,13.8565625,100.5398011,pharmacy,0,0,,,,"['pharmacy', 'health', 'point_of_interest', 'store', 'establishment']","VG4Q+JWF, Mueang Nonthaburi District",0,Active,0,0,FALSE,scraped,0,Nonthaburi,YES,
ChIJc4zaqqWc4jARVBEQ3ZOS8ZU,ChIJc4zaqqWc4jARVBEQ3ZOS8ZU,Petcharat Phamacy,Independent (no name keyword),Pharmacy (independent),TARGET,,"221 Thanon Ngam Wong Wan, Tambon Bang Khen",Amphoe Mueang Nonthaburi,Nonthaburi,13.8574181,100.5378477,pharmacy,3.8,244,095 590 9915,Monday: 10:00 AM – 7:00 PM | Tuesday: 10:00 AM – 7:00 PM | Wednesday: 10:00 AM – 7:00 PM | Thursday: 10:00 AM – 7:00 PM | Friday: 10:00 AM – 7:00 PM | Saturday: 10:00 AM – 7:00 PM | Sunday: Closed,https://facebook.com/petcharatpharma/,"['pharmacy', 'health', 'point_of_interest', 'store', 'establishment']","221 Thanon Ngam Wong Wan, Tambon Bang Khen, Amphoe Mueang Nonthaburi",0,Active,0,0,FALSE,scraped,0,Nonthaburi,YES,
ChIJyTw8-qSc4jARqRU1o6ZxZ1A,ChIJyTw8-qSc4jARqRU1o6ZxZ1A,Sormana Pharmacy,Independent,Pharmacy (independent),TARGET,,286 Thanon Ngam Wong Wan,Amphoe Mueang Nonthaburi,Nonthaburi,13.8568266,100.5381574,pharmacy,3.7,3,02 589 4499,Monday: 8:00 AM – 9:00 PM | Tuesday: 8:00 AM – 9:00 PM | Wednesday: 8:00 AM – 9:00 PM | Thursday: 8:00 AM – 9:00 PM | Friday: 8:00 AM – 9:00 PM | Saturday: 8:00 AM – 9:00 PM | Sunday: 8:00 AM – 9:00 PM,,"['pharmacy', 'health', 'point_of_interest', 'store', 'establishment']","286 Thanon Ngam Wong Wan, Amphoe Mueang Nonthaburi",0,Active,0,0,FALSE,scraped,0,Nonthaburi,YES,
ChIJOW_pO7uc4jARCrYnTPlEUZM,ChIJOW_pO7uc4jARCrYnTPlEUZM,Same Same,Independent (no name keyword),Pharmacy (independent),TARGET,,"L6, City Walk, L3, the Mall Ngamwongwan, 30/39-50 Moo 2 Ngamwongwan Road, Bang Khen, Nonthaburi",11000 Nonthaburi,Nonthaburi,13.856098,100.541844,pharmacy,0,0,,,,"['pharmacy', 'health', 'point_of_interest', 'store', 'establishment']","L6, City Walk, L3 , the Mall Ngamwongwan , 30/39-50 Moo 2 Ngamwongwan Road , Bang Khen , Nonthaburi , 11000 Nonthaburi",0,Active,0,0,FALSE,scraped,0,Nonthaburi,YES,
ChIJt0ZSsaWc4jARqL2FGqHz2Ow,ChIJt0ZSsaWc4jARqL2FGqHz2Ow,P&F Drug,Independent (no name keyword),Pharmacy (independent),TARGET,,"L1, Centre, Kiosk, Pantip Plaza Ngamwongwan, 69/21 Ngamwongwan Road, Bang Khen, Nonthaburi",11000 Nonthaburi,Nonthaburi,13.857711,100.53701,pharmacy,0,0,,,,"['pharmacy', 'health', 'point_of_interest', 'store', 'establishment']","L1, Centre, Kiosk , Pantip Plaza Ngamwongwan , 69/21 Ngamwongwan Road , Bang Khen , Nonthaburi , 11000 Nonthaburi",0,Active,0,0,FALSE,scraped,0,Nonthaburi,YES,
ChIJV_HuVqSc4jARdInDLkZsPbg,ChIJV_HuVqSc4jARdInDLkZsPbg,Sunthorn Pharmacy,Independent,Pharmacy (independent),TARGET,,VG4Q+P48,Mueang Nonthaburi District,Nonthaburi,13.8567959,100.537816,pharmacy,0,0,,,,"['pharmacy', 'health', 'point_of_interest', 'store', 'establishment']","VG4Q+P48, Mueang Nonthaburi District",0,Active,0,0,FALSE,scraped,0,Nonthaburi,YES,
ChIJORb-U6Sc4jARnJXch3BYKEM,ChIJORb-U6Sc4jARnJXch3BYKEM,D-Sen Pharmacy,Independent,Pharmacy (independent),TARGET,,"VG4Q+Q2H, Soi Ngam Wongwan 14 (Prem Ruethai 2), Tambon Bang Khen",Amphoe Mueang Nonthaburi,Nonthaburi,13.8569406,100.5376149,pharmacy,0,0,,,,"['pharmacy', 'health', 'point_of_interest', 'store', 'establishment']","VG4Q+Q2H, Soi Ngam Wongwan 14 (Prem Ruethai 2), Tambon Bang Khen, Amphoe Mueang Nonthaburi",0,Active,0,0,FALSE,scraped,0,Nonthaburi,YES,
ChIJgVAolqSc4jARQ16CStJuVRs,ChIJgVAolqSc4jARQ16CStJuVRs,Pharma Safe,Independent (no name keyword),Pharmacy (independent),TARGET,,32 Soi Ngamwongwarn 22,Amphoe Mueang Nonthaburi,Nonthaburi,13.8554049,100.5409781,pharmacy,0,0,083 197 8616,,,"['pharmacy', 'store', 'point_of_interest', 'health', 'establishment']","32 Soi Ngamwongwarn 22, Amphoe Mueang Nonthaburi",0,Active,0,0,FALSE,scraped,0,Nonthaburi,YES,
ChIJkz7xy6Wc4jAR4Nb-yRj34Gc,ChIJkz7xy6Wc4jAR4Nb-yRj34Gc,Pharma shop,Independent (no name keyword),Pharmacy (independent),TARGET,,"49/1, Ngamwongwan Road, Tambon Bang Khen, Amphoe Mueang Nonthaburi, Nonthaburi",11000,Nonthaburi,13.8576434,100.5363078,pharmacy,0,0,,,,"['pharmacy', 'store', 'point_of_interest', 'health', 'establishment']","49/1, Ngamwongwan Road, Tambon Bang Khen, Amphoe Mueang Nonthaburi, Nonthaburi, 11000",0,Active,0,0,FALSE,scraped,0,Nonthaburi,YES,
ChIJ97jtLxmd4jARzCa5-IXdYNs,ChIJ97jtLxmd4jARzCa5-IXdYNs,Lab Pharmacy,Independent,Pharmacy (independent),TARGET,,"ห้องจี12 ชั้นจี ศูนย์การค้าเดอะมอลล์ งามวงศ์วาน, บางเขน",Amphoe Mueang Nonthaburi,Nonthaburi,13.85548,100.5420261,pharmacy,4.9,59,092 267 9368,Monday: 10:00 AM – 9:00 PM | Tuesday: 10:00 AM – 9:00 PM | Wednesday: 10:00 AM – 9:00 PM | Thursday: 10:00 AM – 9:00 PM | Friday: 10:00 AM – 10:00 PM | Saturday: 10:00 AM – 10:00 PM | Sunday: 10:00 AM – 9:00 PM,https://www.lablivehealthy.com/,"['pharmacy', 'store', 'point_of_interest', 'health', 'establishment']","ห้องจี12 ชั้นจี ศูนย์การค้าเดอะมอลล์ งามวงศ์วาน, บางเขน, Amphoe Mueang Nonthaburi",0,Active,0,0,FALSE,scraped,0,Nonthaburi,YES,
ChIJV72YaLuc4jAR1f4p0uXawYc,ChIJV72YaLuc4jAR1f4p0uXawYc,Vejpongosot,Independent (no name keyword),Pharmacy (independent),TARGET,,"ชั้น G, ใกล้ประตูลานจอดรถ เดอะมอลล์งามวงศ์วาน, Thanon Ngam Wong Wan, บางเขน",Amphoe Mueang Nonthaburi,Nonthaburi,13.855095,100.5424459,pharmacy,2.5,2,02 222 2223,Monday: 10:00 AM – 9:00 PM | Tuesday: 10:00 AM – 9:00 PM | Wednesday: 10:00 AM – 9:00 PM | Thursday: 10:00 AM – 9:00 PM | Friday: 10:00 AM – 10:00 PM | Saturday: 10:00 AM – 10:00 PM | Sunday: 10:00 AM – 9:00 PM,https://www.vejpongosot.com/,"['pharmacy', 'store', 'point_of_interest', 'health', 'establishment']","ชั้น G, ใกล้ประตูลานจอดรถ เดอะมอลล์งามวงศ์วาน, Thanon Ngam Wong Wan, บางเขน, Amphoe Mueang Nonthaburi",0,Active,0,0,FALSE,scraped,0,Nonthaburi,YES,
ChIJOSN7JzsSzEARVRqNQSZXef4,ChIJOSN7JzsSzEARVRqNQSZXef4,LAB Pharmacy สาขา HomePro ประชาชื่น,Independent,Pharmacy (independent),TARGET,,"บางเขน, LAB Pharmacy สาขา HomePro ประชาชื่น 31 ห้อง S101/1 ชั้น 1 อาคารโฮมโปร, ถนน ประชาชื่น",อำเภอเมืองนนทบุรี,Nonthaburi,13.8533322,100.5439106,pharmacy,5,9,065 614 4924,Monday: 8:30 AM – 9:30 PM | Tuesday: 8:30 AM – 9:30 PM | Wednesday: 8:30 AM – 9:30 PM | Thursday: 8:30 AM – 9:30 PM | Friday: 8:30 AM – 9:30 PM | Saturday: 8:30 AM – 9:30 PM | Sunday: 8:30 AM – 9:30 PM,,"['pharmacy', 'store', 'point_of_interest', 'health', 'establishment']","บางเขน, LAB Pharmacy สาขา HomePro ประชาชื่น 31 ห้อง S101/1 ชั้น 1 อาคารโฮมโปร, ถนน ประชาชื่น, อำเภอเมืองนนทบุรี",0,Active,0,0,FALSE,scraped,0,Nonthaburi,YES,
ChIJhQHBosuE4jARfunhgOC5wrU,ChIJhQHBosuE4jARfunhgOC5wrU,Thaweewat Pharmacy,Independent,Pharmacy (independent),TARGET,,VGG3+J5Q,Mueang Nonthaburi District,Nonthaburi,13.876588,100.502996,pharmacy,4.4,5,,Monday: 7:30 AM – 10:00 PM | Tuesday: 7:30 AM – 10:00 PM | Wednesday: 7:30 AM – 10:00 PM | Thursday: 7:30 AM – 10:00 PM | Friday: 7:30 AM – 10:00 PM | Saturday: 7:30 AM – 10:00 PM | Sunday: 7:30 AM – 10:00 PM,,"['pharmacy', 'health', 'store', 'point_of_interest', 'establishment']","VGG3+J5Q, Mueang Nonthaburi District",0,Active,0,0,FALSE,scraped,0,Nonthaburi,YES,
ChIJE6Ydq9aF4jARBuU7QOfD96s,ChIJE6Ydq9aF4jARBuU7QOfD96s,กระปุกยา - Krapookya Pharmacy,Independent,Pharmacy (independent),TARGET,,115 Soi Tiwanon 38,Tambon Talat Kwan,Nonthaburi,13.8725506,100.5232548,pharmacy,5,1,02 950 6530,Monday: 7:00 AM – 10:00 PM | Tuesday: 7:00 AM – 10:00 PM | Wednesday: 7:00 AM – 10:00 PM | Thursday: 7:00 AM – 10:00 PM | Friday: 7:00 AM – 10:00 PM | Saturday: 7:00 AM – 10:00 PM | Sunday: 7:00 AM – 10:00 PM,,"['pharmacy', 'health', 'point_of_interest', 'store', 'establishment']","115 Soi Tiwanon 38, Tambon Talat Kwan",0,Active,0,0,FALSE,scraped,0,Nonthaburi,YES,
ChIJ401f57OE4jARwsh2TyShLec,ChIJ401f57OE4jARwsh2TyShLec,Thaweechai Pharmacy,Independent,Pharmacy (independent),TARGET,,581 ถนน นนทบุรี,Amphoe Mueang Nonthaburi,Nonthaburi,13.8781869,100.5141266,pharmacy,0,0,056 731 301,,,"['pharmacy', 'health', 'point_of_interest', 'store', 'establishment']","581 ถนน นนทบุรี, Amphoe Mueang Nonthaburi",0,Active,0,0,FALSE,scraped,0,Nonthaburi,YES,
ChIJLSQuxZSD4jAR_ddJHVGrtJ0,ChIJLSQuxZSD4jAR_ddJHVGrtJ0,สกานเภสัช SAKARNRx,เภสัช (Independent),Pharmacy (independent),TARGET,,Ta Sai,Mueang Nonthaburi District,Nonthaburi,13.8772434,100.5305709,pharmacy,5,2,,Monday: 10:00 AM – 11:00 PM | Tuesday: 10:00 AM – 11:00 PM | Wednesday: 10:00 AM – 11:00 PM | Thursday: 10:00 AM – 11:00 PM | Friday: 10:00 AM – 11:00 PM | Saturday: 10:00 AM – 11:00 PM | Sunday: 10:00 AM – 11:00 PM,,"['pharmacy', 'health', 'point_of_interest', 'store', 'establishment']","Ta Sai, Mueang Nonthaburi District",0,Active,0,0,FALSE,scraped,0,Nonthaburi,YES,
ChIJKTCtzleD4jAR9DLI56u6Ops,ChIJKTCtzleD4jAR9DLI56u6Ops,Thitirat,Independent (no name keyword),Pharmacy (independent),TARGET,,VGJJ+87V,Mueang Nonthaburi District,Nonthaburi,13.88087,100.530664,pharmacy,0,0,,,,"['pharmacy', 'health', 'point_of_interest', 'store', 'establishment']","VGJJ+87V, Mueang Nonthaburi District",0,Active,0,0,FALSE,scraped,0,Nonthaburi,YES,
ChIJ_w0KmVWD4jARI2xSCNrWYoA,ChIJ_w0KmVWD4jARI2xSCNrWYoA,Ban Ya Pharmacist,Independent (no name keyword),Pharmacy (independent),TARGET,,28 Pracha Niwet 3 Soi 21,Amphoe Mueang Nonthaburi,Nonthaburi,13.8752459,100.5308029,pharmacy,3,1,02 589 3220,Monday: 10:30 AM – 10:30 PM | Tuesday: 10:30 AM – 10:30 PM | Wednesday: 10:30 AM – 10:30 PM | Thursday: 10:30 AM – 10:30 PM | Friday: 10:30 AM – 10:30 PM | Saturday: 10:30 AM – 10:30 PM | Sunday: 10:30 AM – 10:30 PM,,"['pharmacy', 'health', 'point_of_interest', 'store', 'establishment']","28 Pracha Niwet 3 Soi 21, Amphoe Mueang Nonthaburi",0,Active,0,0,FALSE,scraped,0,Nonthaburi,YES,
ChIJW8gsXh-D4jARwdfo-01brwQ,ChIJW8gsXh-D4jARwdfo-01brwQ,จิราดีเภสัช Jiradee Pharmacy,เภสัช (Independent),Pharmacy (independent),TARGET,,"500, ต้น, 502 Samakkhi Road, Tambon Tha Sai",Amphoe Mueang Nonthaburi,Nonthaburi,13.8807543,100.5414885,pharmacy,4.9,14,096 935 5858,Monday: 9:00 AM – 10:30 PM | Tuesday: 9:00 AM – 10:30 PM | Wednesday: 9:00 AM – 10:30 PM | Thursday: 9:00 AM – 10:30 PM | Friday: 9:00 AM – 10:30 PM | Saturday: 9:00 AM – 9:00 PM | Sunday: 9:00 AM – 9:00 PM,https://lin.ee/vfJVP2l,"['pharmacy', 'health', 'store', 'point_of_interest', 'establishment']","500, ต้น, 502 Samakkhi Road, Tambon Tha Sai, Amphoe Mueang Nonthaburi",0,Active,0,0,FALSE,scraped,0,Nonthaburi,YES,
ChIJJ3DOrUuD4jARA6TecKVB8ns,ChIJJ3DOrUuD4jARA6TecKVB8ns,พิชคุณโอสถ-Pitchakhun Drugstore,Independent,Pharmacy (independent),TARGET,,37/1 Soi Samakkee 58/10,Amphoe Mueang Nonthaburi,Nonthaburi,13.8789081,100.5371023,pharmacy,5,10,099 442 6525,Monday: 7:00 AM – 8:30 PM | Tuesday: 7:00 AM – 8:30 PM | Wednesday: 7:00 AM – 8:30 PM | Thursday: 7:00 AM – 8:30 PM | Friday: 7:00 AM – 7:30 PM | Saturday: 9:00 AM – 7:30 PM | Sunday: 9:00 AM – 8:30 PM,https://www.facebook.com/profile.php?id=100083110933573&mibextid=wwXIfr&mibextid=wwXIfr,"['pharmacy', 'health', 'store', 'point_of_interest', 'establishment']","37/1 Soi Samakkee 58/10, Amphoe Mueang Nonthaburi",0,Active,0,0,FALSE,scraped,0,Nonthaburi,YES,
ChIJ_dqMSV6F4jARkqG4ySMl1z4,ChIJ_dqMSV6F4jARkqG4ySMl1z4,ร้านยาเภสัชปอย - Poy Pharmacy,ร้านยา (Independent),Pharmacy (independent),TARGET,,"594 Samakkhi Road, Tambon Tha Sai",Amphoe Mueang Nonthaburi,Nonthaburi,13.8804082,100.5437235,pharmacy,4.4,30,099 175 8777,Monday: 8:00 AM – 10:00 PM | Tuesday: 8:00 AM – 10:00 PM | Wednesday: 8:00 AM – 10:00 PM | Thursday: 8:00 AM – 10:00 PM | Friday: 8:00 AM – 10:00 PM | Saturday: 9:00 AM – 10:00 PM | Sunday: 9:00 AM – 10:00 PM,https://www.facebook.com/PoyPharmacy/,"['pharmacy', 'health', 'store', 'point_of_interest', 'establishment']","594 Samakkhi Road, Tambon Tha Sai, Amphoe Mueang Nonthaburi",0,Active,0,0,FALSE,scraped,0,Nonthaburi,YES,
ChIJw18KDa9iHTERpzmVbc1keS0,ChIJw18KDa9iHTERpzmVbc1keS0,Prasong Pharmacy,Independent,Pharmacy (independent),TARGET,,427 ตลาดมงคลชัย ถนนรามอินทรา แขวงอนุสาวรีย์,Nonthaburi,Nonthaburi,13.8578313,100.6273687,pharmacy,4.8,4,02 552 3045,Monday: 3:30 – 9:00 PM | Tuesday: 3:30 – 9:00 PM | Wednesday: 3:30 – 9:00 PM | Thursday: 3:30 – 9:00 PM | Friday: 3:30 – 9:00 PM | Saturday: 3:30 – 9:00 PM | Sunday: Closed,,"['pharmacy', 'health', 'store', 'point_of_interest', 'establishment']",427 ตลาดมงคลชัย ถนนรามอินทรา แขวงอนุสาวรีย์,0,Active,0,0,FALSE,scraped,0,Nonthaburi,YES,
ChIJQ9NVScmP4jARy9sXwtJlwqA,ChIJQ9NVScmP4jARy9sXwtJlwqA,Morya pharmacy,Independent,Pharmacy (independent),TARGET,,"111/122 หมู่บ้านบัวทอง ซอย13, Tambon Bang Rak Phatthana",Amphoe Bang Bua Thong,Nonthaburi,13.895053,100.4014061,pharmacy,3.9,12,02 925 2155,Monday: 7:00 AM – 11:30 PM | Tuesday: 7:00 AM – 11:30 PM | Wednesday: 7:00 AM – 11:30 PM | Thursday: 7:00 AM – 11:30 PM | Friday: 7:00 AM – 11:30 PM | Saturday: 7:00 AM – 11:30 PM | Sunday: 7:00 AM – 11:30 PM,,"['pharmacy', 'health', 'point_of_interest', 'store', 'establishment']","111/122 หมู่บ้านบัวทอง ซอย13, Tambon Bang Rak Phatthana, Amphoe Bang Bua Thong",0,Active,0,0,FALSE,scraped,0,Nonthaburi,YES,
ChIJxwsfWACP4jAR447F-9n6pzo,ChIJxwsfWACP4jAR447F-9n6pzo,HighAce420,Independent (no name keyword),Pharmacy (independent),TARGET,,"2 Bang Kruai - Sai Noi Road, Tambon Bang Rak Phatthana",Amphoe Bang Bua Thong,Nonthaburi,13.893912,100.4306188,pharmacy,5,17,090 915 9571,Monday: 12:00 PM – 12:00 AM | Tuesday: 12:00 PM – 12:00 AM | Wednesday: 12:00 PM – 12:00 AM | Thursday: 12:00 PM – 12:00 AM | Friday: 12:00 PM – 12:00 AM | Saturday: 12:00 PM – 12:00 AM | Sunday: 12:00 PM – 12:00 AM,,"['pharmacy', 'store', 'point_of_interest', 'health', 'establishment']","2 Bang Kruai - Sai Noi Road, Tambon Bang Rak Phatthana, Amphoe Bang Bua Thong",0,Active,0,0,FALSE,scraped,0,Nonthaburi,YES,
ChIJ7cAIJgCF4jARULs8GEOsc-E,ChIJ7cAIJgCF4jARULs8GEOsc-E,แมส ฟาร์มาซี (Mass Pharmacy)ขายยา,Independent,Pharmacy (independent),TARGET,,55/53,Amphoe Pak Kret,Nonthaburi,13.9044489,100.4492865,pharmacy,0,0,099 456 5961,Monday: 8:00 AM – 9:00 PM | Tuesday: 8:00 AM – 9:00 PM | Wednesday: 8:00 AM – 9:00 PM | Thursday: 8:00 AM – 9:00 PM | Friday: 8:00 AM – 9:00 PM | Saturday: 8:00 AM – 9:00 PM | Sunday: 8:00 AM – 9:00 PM,,"['pharmacy', 'health', 'store', 'point_of_interest', 'establishment']","55/53, Amphoe Pak Kret",0,Active,0,0,FALSE,scraped,0,Nonthaburi,YES,
ChIJd4i5Zp2F4jARUbejGmBdJuo,ChIJd4i5Zp2F4jARUbejGmBdJuo,Lab Pharmacy สาขา Chic Republic Ratchapruek (ราชพฤกษ์),Independent,Pharmacy (independent),TARGET,,"อาคารชิค รีพับบลิค สาขาราชพฤกษ์, 6/15",Amphoe Pak Kret,Nonthaburi,13.9049296,100.4504128,pharmacy,5,8,098 253 8904,Monday: 10:00 AM – 8:30 PM | Tuesday: 10:00 AM – 8:30 PM | Wednesday: 10:00 AM – 8:30 PM | Thursday: 10:00 AM – 8:30 PM | Friday: 10:00 AM – 9:00 PM | Saturday: 10:00 AM – 9:00 PM | Sunday: 10:00 AM – 9:00 PM,https://lablivehealthy.com/,"['pharmacy', 'health', 'store', 'point_of_interest', 'establishment']","อาคารชิค รีพับบลิค สาขาราชพฤกษ์, 6/15, Amphoe Pak Kret",0,Active,0,0,FALSE,scraped,0,Nonthaburi,YES,
ChIJv4sO4b6E4jARZFHEzaeWzrg,ChIJv4sO4b6E4jARZFHEzaeWzrg,Seri,Independent (no name keyword),Pharmacy (independent),TARGET,,VGR6+J2Q,Pak Kret District,Nonthaburi,13.8915799,100.5101239,pharmacy,0,0,,,,"['pharmacy', 'health', 'store', 'point_of_interest', 'establishment']","VGR6+J2Q, Pak Kret District",0,Active,0,0,FALSE,scraped,0,Nonthaburi,YES,
ChIJkfFTsp6E4jARvTA8Ji2HLBA,ChIJkfFTsp6E4jARvTA8Ji2HLBA,DRUGSTORE ร้านขายยา,Independent,Pharmacy (independent),TARGET,,"VGXF+XMF, Soi Si Chai Thong 25",Amphoe Pak Kret,Nonthaburi,13.8999286,100.5241868,pharmacy,0,0,,,,"['pharmacy', 'health', 'store', 'point_of_interest', 'establishment']","VGXF+XMF, Soi Si Chai Thong 25, Amphoe Pak Kret",0,Active,0,0,FALSE,scraped,0,Nonthaburi,YES,
ChIJjbpZsp6E4jARt-zT2i52Ows,ChIJjbpZsp6E4jARt-zT2i52Ows,25Drug,Independent (no name keyword),Pharmacy (independent),TARGET,,Soi Si Chai Thong 25,Amphoe Pak Kret,Nonthaburi,13.8999453,100.5241765,pharmacy,0,0,,,,"['pharmacy', 'health', 'store', 'point_of_interest', 'establishment']","Soi Si Chai Thong 25, Amphoe Pak Kret",0,Temporarily Closed,0,0,FALSE,scraped,0,Nonthaburi,YES,
ChIJT7N1cI-F4jAR70zjPenuSaM,ChIJT7N1cI-F4jAR70zjPenuSaM,Morya PharmD,Independent (no name keyword),Pharmacy (independent),TARGET,,Thanon Chaeng Watthana,Nonthaburi,Nonthaburi,13.9034579,100.5235022,pharmacy,0,0,,,,"['pharmacy', 'health', 'store', 'point_of_interest', 'establishment']",Thanon Chaeng Watthana,0,Active,0,0,FALSE,scraped,0,Nonthaburi,YES,
ChIJ0Znwo52E4jARS9E07vQm3oM,ChIJ0Znwo52E4jARS9E07vQm3oM,CMK แจ้งวัฒนะ,Independent (no name keyword),Pharmacy (independent),TARGET,,WG3H+65J,Pak Kret District,Nonthaburi,13.9030812,100.527882,pharmacy,0,0,,,,"['pharmacy', 'health', 'store', 'point_of_interest', 'establishment']","WG3H+65J, Pak Kret District",0,Active,0,0,FALSE,scraped,0,Nonthaburi,YES,
ChIJRf6ZZEWP4jARfXU70dx0mWU,ChIJRf6ZZEWP4jARfXU70dx0mWU,Tops Care - Central Westgate (1st Floor),Independent (no name keyword),Pharmacy (independent),TARGET,,"199, 199/1, 199/2, ท็อปส์ มาร์เก็ต เซ็นทรัลเวสต์เกต, Tambon Sao Thong Hin",Amphoe Bang Yai,Nonthaburi,13.8782051,100.4106332,pharmacy,3,2,063 817 3900,Monday: 9:00 AM – 9:00 PM | Tuesday: 10:00 AM – 9:00 PM | Wednesday: 10:00 AM – 9:00 PM | Thursday: 10:00 AM – 9:00 PM | Friday: 10:00 AM – 9:00 PM | Saturday: 10:00 AM – 9:00 PM | Sunday: 10:00 AM – 9:00 PM,https://www.facebook.com/topscarethailand,"['pharmacy', 'health', 'store', 'point_of_interest', 'establishment']","199,199/1,199/2, ท็อปส์ มาร์เก็ต เซ็นทรัลเวสต์เกต, Tambon Sao Thong Hin, Amphoe Bang Yai",0,Active,0,0,FALSE,scraped,0,Nonthaburi,YES,
ChIJeaAETd-P4jARMJD3Hwz_q3c,ChIJeaAETd-P4jARMJD3Hwz_q3c,GNC Live Well Central Westgate,Independent (no name keyword),Pharmacy (independent),TARGET,,"ชั้น 2 Central, West Gate, K 210, Tambon Sao Thong Hin",Amphoe Bang Yai,Nonthaburi,13.8776239,100.4115294,pharmacy,3,2,084 874 2235,,http://www.gnc.co.th/,"['pharmacy', 'health', 'store', 'point_of_interest', 'establishment']","ชั้น 2 Central, West Gate, K 210, Tambon Sao Thong Hin, Amphoe Bang Yai",2,Temporarily Closed,0,0,FALSE,scraped,0,Nonthaburi,YES,
ChIJfScOhH-P4jARePbdbiy5EKw,ChIJfScOhH-P4jARePbdbiy5EKw,P&F Smooth Life Central Plaza Westgate,Independent (no name keyword),Pharmacy (independent),TARGET,,"199 Thanon Rattanathibet, Tambon Sao Thong Hin",Amphoe Bang Yai,Nonthaburi,13.8774935,100.410578,pharmacy,3.4,14,02 019 9862,Monday: 10:00 AM – 9:00 PM | Tuesday: 10:00 AM – 9:00 PM | Wednesday: 10:00 AM – 9:00 PM | Thursday: 10:00 AM – 9:00 PM | Friday: 10:00 AM – 10:00 PM | Saturday: 10:00 AM – 10:00 PM | Sunday: 10:00 AM – 10:00 PM,,"['pharmacy', 'health', 'store', 'point_of_interest', 'establishment']","199 Thanon Rattanathibet, Tambon Sao Thong Hin, Amphoe Bang Yai",0,Active,0,0,FALSE,scraped,0,Nonthaburi,YES,
ChIJv0D_9NiP4jARlyxHVhdfQ0U,ChIJv0D_9NiP4jARlyxHVhdfQ0U,Soon Ruam Ya Bang Yai,Independent (no name keyword),Pharmacy (independent),TARGET,,"83, Soi Bang Yai City, Kanchanaphisak Road, Tambon Sao Thong Hin, Amphoe Bang Yai, Nonthaburi",11140,Nonthaburi,13.8787341,100.4089474,pharmacy,0,0,080 780 1127,,,"['pharmacy', 'health', 'store', 'point_of_interest', 'establishment']","83, Soi Bang Yai City, Kanchanaphisak Road, Tambon Sao Thong Hin, Amphoe Bang Yai, Nonthaburi, 11140",0,Active,0,0,FALSE,scraped,0,Nonthaburi,YES,
ChIJT0my2JOR4jARUs-KQYa2YLk,ChIJT0my2JOR4jARUs-KQYa2YLk,Tops Care Central Westgate (G Floor),Independent (no name keyword),Pharmacy (independent),TARGET,,Central Westgate ชั้น G,Amphoe Bang Yai,Nonthaburi,13.8764422,100.4126472,pharmacy,5,1,093 818 0959,Monday: 10:00 AM – 10:00 PM | Tuesday: 10:00 AM – 10:00 PM | Wednesday: 10:00 AM – 10:00 PM | Thursday: 10:00 AM – 10:00 PM | Friday: 10:00 AM – 10:00 PM | Saturday: 10:00 AM – 10:00 PM | Sunday: 10:00 AM – 10:00 PM,https://www.facebook.com/topscarethailand,"['pharmacy', 'health', 'store', 'point_of_interest', 'establishment']","Central Westgate ชั้น G, Amphoe Bang Yai",0,Active,0,0,FALSE,scraped,0,Nonthaburi,YES,
ChIJzXohBCeQ4jAR5QpNrUKss9k,ChIJzXohBCeQ4jAR5QpNrUKss9k,Phesat Mahidon Shop,Independent (no name keyword),Pharmacy (independent),TARGET,,"61/37 หมู่6, ตำบลเสาธงหิน อำเภอบางใหญ่ จังหวัดนนทบุรี",11140,Nonthaburi,13.8747213,100.4092236,pharmacy,0,0,,Monday: 9:00 AM – 9:00 PM | Tuesday: 9:00 AM – 9:00 PM | Wednesday: 9:00 AM – 9:00 PM | Thursday: 9:00 AM – 9:00 PM | Friday: 9:00 AM – 9:00 PM | Saturday: 9:00 AM – 9:00 PM | Sunday: 9:00 AM – 9:00 PM,,"['pharmacy', 'health', 'store', 'point_of_interest', 'establishment']","61/37 หมู่6, ตำบลเสาธงหิน อำเภอบางใหญ่ จังหวัดนนทบุรี, 11140",0,Active,0,0,FALSE,scraped,0,Nonthaburi,YES,
ChIJjxd_GNiP4jARQFoCl3On_-8,ChIJjxd_GNiP4jARQFoCl3On_-8,Tanikbaesart2,Independent (no name keyword),Pharmacy (independent),TARGET,,"80, 36 หมู่6 Kanchanaphisek Road, Tambon Sao Thong Hin",Amphoe Bang Yai,Nonthaburi,13.8788468,100.406267,pharmacy,4.7,6,02 903 0100,Monday: 7:30 AM – 7:00 PM | Tuesday: 7:30 AM – 7:00 PM | Wednesday: 7:30 AM – 7:00 PM | Thursday: 7:30 AM – 7:00 PM | Friday: 7:30 AM – 7:00 PM | Saturday: 7:30 AM – 7:00 PM | Sunday: 7:30 – 11:00 AM,,"['pharmacy', 'health', 'point_of_interest', 'store', 'establishment']","80, 36 หมู่6 Kanchanaphisek Road, Tambon Sao Thong Hin, Amphoe Bang Yai",0,Active,0,0,FALSE,scraped,0,Nonthaburi,YES,
ChIJMy3uKciP4jARVgUmxhaEx9E,ChIJMy3uKciP4jARVgUmxhaEx9E,วันฟาร์มาซี​ (ONE PHARMACY),Independent,Pharmacy (independent),TARGET,,"61, 37 หมู่ 6 ถนน หมู่บ้านบางใหญ่ซิตี้",Amphoe Bang Yai,Nonthaburi,13.8791063,100.4061916,pharmacy,4,4,098 387 5850,Monday: 9:00 AM – 9:00 PM | Tuesday: 9:00 AM – 9:00 PM | Wednesday: 9:00 AM – 9:00 PM | Thursday: 9:00 AM – 9:00 PM | Friday: 9:00 AM – 9:00 PM | Saturday: 9:00 AM – 9:00 PM | Sunday: Closed,,"['pharmacy', 'health', 'point_of_interest', 'store', 'establishment']","61, 37 หมู่ 6 ถนน หมู่บ้านบางใหญ่ซิตี้, Amphoe Bang Yai",0,Active,0,0,FALSE,scraped,0,Nonthaburi,YES,
ChIJe0niySeQ4jARqDyeBl7xz5c,ChIJe0niySeQ4jARqDyeBl7xz5c,Mor Uan Pharmacy Shop,Independent,Pharmacy (independent),TARGET,,"9, 356 Soi 23/8, Tambon Sao Thong Hin",Amphoe Bang Yai,Nonthaburi,13.8748091,100.4073579,pharmacy,0,0,086 579 6527,,,"['pharmacy', 'health', 'point_of_interest', 'store', 'establishment']","9, 356 Soi 23/8, Tambon Sao Thong Hin, Amphoe Bang Yai",0,Active,0,0,FALSE,scraped,0,Nonthaburi,YES,
ChIJV4Dv8niD4jAR6mPpoXS2kf4,ChIJV4Dv8niD4jAR6mPpoXS2kf4,C-RINA PHARMA ซี-ริณา ฟาร์มา,Independent (no name keyword),Pharmacy (independent),TARGET,,"39/1164 ห้อง 8 ชั้น 2, อาคารนิชดา พลาซ่า หมู่ 3 ต",Amphoe Pak Kret,Nonthaburi,13.8917459,100.5387805,pharmacy,0,0,089 816 5259,Monday: 10:00 AM – 7:30 PM | Tuesday: 10:00 AM – 7:30 PM | Wednesday: 10:00 AM – 7:30 PM | Thursday: 10:00 AM – 7:30 PM | Friday: 10:00 AM – 7:30 PM | Saturday: 10:00 AM – 7:30 PM | Sunday: 10:00 AM – 7:30 PM,,"['pharmacy', 'health', 'point_of_interest', 'store', 'establishment']","39/1164 ห้อง 8 ชั้น 2, อาคารนิชดา พลาซ่า หมู่ 3 ต, Amphoe Pak Kret",0,Active,0,0,FALSE,scraped,0,Nonthaburi,YES,
ChIJA3s5S2SD4jARGv21vyTTHtw,ChIJA3s5S2SD4jARGv21vyTTHtw,Suchart Pharmacy,Independent,Pharmacy (independent),TARGET,,58,20 Chaeng Wattana-Parkkred 33,Nonthaburi,13.9017787,100.5380129,pharmacy,5,2,,,,"['pharmacy', 'health', 'point_of_interest', 'store', 'establishment']","58, 20 Chaeng Wattana-Parkkred 33",0,Temporarily Closed,0,0,FALSE,scraped,0,Nonthaburi,YES,
ChIJleLz0GuD4jARKGK0ot819Co,ChIJleLz0GuD4jARKGK0ot819Co,Pharmax - Bangjak Chaengwattana,Independent (no name keyword),Pharmacy (independent),TARGET,,"53/1 ห้อง A11-A13, ปั้มน้ำมันบางจาก หมู่ที่ 8, Thanon Chaeng Watthana",Amphoe Pak Kret,Nonthaburi,13.8971917,100.5479616,pharmacy,4.6,10,093 575 0386,Monday: 10:00 AM – 9:00 PM | Tuesday: 10:00 AM – 9:00 PM | Wednesday: 10:00 AM – 9:00 PM | Thursday: 10:00 AM – 9:00 PM | Friday: 10:00 AM – 9:00 PM | Saturday: 10:00 AM – 9:00 PM | Sunday: 10:00 AM – 9:00 PM,https://www.facebook.com/pharmaxshop,"['pharmacy', 'health', 'point_of_interest', 'store', 'establishment']","53/1 ห้อง A11-A13, ปั้มน้ำมันบางจาก หมู่ที่ 8, Thanon Chaeng Watthana, Amphoe Pak Kret",0,Active,0,0,FALSE,scraped,0,Nonthaburi,YES,
ChIJ_y3L6wGD4jARZS4lpQfnrgs,ChIJ_y3L6wGD4jARZS4lpQfnrgs,THE ADVANTAGE LAKSI,Independent (no name keyword),Pharmacy (independent),TARGET,,ถนนกำแพงเพชร 6 ซอย 5,ถนนแจ้งวัฒนะ แขวงทุ่งสองห้อง เขตหลักสี่,Nonthaburi,13.891181,100.580732,pharmacy,0,0,02 981 9100,Monday: 9:00 AM – 6:00 PM | Tuesday: 9:00 AM – 6:00 PM | Wednesday: 9:00 AM – 6:00 PM | Thursday: 9:00 AM – 6:00 PM | Friday: 9:00 AM – 6:00 PM | Saturday: 9:00 AM – 5:00 PM | Sunday: 9:00 AM – 5:00 PM,http://www.kosumpattana.co.th/,"['pharmacy', 'health', 'point_of_interest', 'store', 'establishment']","ถนนกำแพงเพชร 6 ซอย 5, ถนนแจ้งวัฒนะ แขวงทุ่งสองห้อง เขตหลักสี่",0,Active,0,0,FALSE,scraped,0,Nonthaburi,YES,
ChIJa-4zC-CC4jARgRNvoDWHBvk,ChIJa-4zC-CC4jARgRNvoDWHBvk,P'Arf house,Independent (no name keyword),Pharmacy (independent),TARGET,,13.893055,100.5760112,Nonthaburi,13.8930462,100.5761183,pharmacy,0,0,089 728 2222,,,"['pharmacy', 'health', 'point_of_interest', 'store', 'establishment']","13.8930550,100.5760112",0,Active,0,0,FALSE,scraped,0,Nonthaburi,YES,
ChIJaywnQkeP4jAR8IHaibFeJlo,ChIJaywnQkeP4jAR8IHaibFeJlo,ร้านขายยา กู้ด เวลล์ ฟาร์มาซี (Good Well Pharmacy) สาขาโครงการแจส กรีน วิลเลจ บางบัวทอง นนทบุรี,Independent,Pharmacy (independent),TARGET,,"90 211, Tambon Bang Rak Phatthana",Amphoe Bang Bua Thong,Nonthaburi,13.9083898,100.3954864,pharmacy,0,0,065 629 6270,Monday: 10:00 AM – 9:00 PM | Tuesday: 10:00 AM – 9:00 PM | Wednesday: 10:00 AM – 9:00 PM | Thursday: 10:00 AM – 9:00 PM | Friday: 10:00 AM – 9:00 PM | Saturday: 10:00 AM – 9:00 PM | Sunday: 10:00 AM – 9:00 PM,https://facebook.com/goodwell.official,"['pharmacy', 'health', 'store', 'point_of_interest', 'establishment']","90 211, Tambon Bang Rak Phatthana, Amphoe Bang Bua Thong",0,Active,0,0,FALSE,scraped,0,Nonthaburi,YES,
ChIJ_--TF6yP4jARqUCblwGVaJM,ChIJ_--TF6yP4jARqUCblwGVaJM,"Excel Medi Co.,Ltd.",Independent (no name keyword),Pharmacy (independent),TARGET,,"204/406 หมู่ที่ 1, ถนนบางกรวย-ไทรน้อย, ตำบลพิมลราช อำเภอบางบัวทอง จังหวัดนนทบุรี",11110,Nonthaburi,13.9162804,100.3995633,pharmacy,0,0,,,,"['pharmacy', 'health', 'store', 'point_of_interest', 'establishment']","204/406 หมู่ที่ 1, ถนนบางกรวย-ไทรน้อย, ตำบลพิมลราช อำเภอบางบัวทอง จังหวัดนนทบุรี, 11110",0,Active,0,0,FALSE,scraped,0,Nonthaburi,YES,
ChIJ31GnrqWP4jARLgWv7neuZK0,ChIJ31GnrqWP4jARLgWv7neuZK0,Sampan Pharmacy,Independent,Pharmacy (independent),TARGET,,"WC75+W9M, Phimon Rat",Bang Bua Thong District,Nonthaburi,13.9148299,100.4084252,pharmacy,0,0,,,,"['pharmacy', 'health', 'point_of_interest', 'store', 'establishment']","WC75+W9M, Phimon Rat, Bang Bua Thong District",0,Active,0,0,FALSE,scraped,0,Nonthaburi,YES,
ChIJ_5Gb0XiP4jARI4Cs2CLapo4,ChIJ_5Gb0XiP4jARI4Cs2CLapo4,ร้านยากู๊ดไลฟ์ฟาร์มา Good Life Pharma,ร้านยา (Independent),Pharmacy (independent),TARGET,,"98 ศุภาลัยวิลล์ ซอย 1, Phimonrat",Amphoe Bang Bua Thong,Nonthaburi,13.9170418,100.4380537,pharmacy,5,7,095 112 7453,Monday: 9:00 AM – 10:00 PM | Tuesday: 9:00 AM – 10:00 PM | Wednesday: 9:00 AM – 10:00 PM | Thursday: 9:00 AM – 10:00 PM | Friday: 9:00 AM – 10:00 PM | Saturday: 11:00 AM – 10:00 PM | Sunday: 11:00 AM – 10:00 PM,https://goodlifepharmas.com/landing_promo.php,"['pharmacy', 'store', 'point_of_interest', 'health', 'establishment']","98 ศุภาลัยวิลล์ ซอย 1, Phimonrat, Amphoe Bang Bua Thong",0,Active,0,0,FALSE,scraped,0,Nonthaburi,YES,
ChIJky4efACF4jAR9TaVNZl2MbE,ChIJky4efACF4jAR9TaVNZl2MbE,ร้านยาฟาร์แมกซ์ PHARMAX สาขา โลตัส นอร์ธ ราชพฤกษ์ (Lotus's North Ratchapruek),ร้านยา (Independent),Pharmacy (independent),TARGET,,"โลตัส นอร์ธ ราชพฤกษ์ เลขที่ 30/17 หมู่ที่ 4 ห้องเลขที่ PG208 ชั้น 1, Thanon Ratchaphruek, Tambon Om Kret",Amphoe Pak Kret,Nonthaburi,13.9122575,100.4512154,pharmacy,5,47,061 391 0319,Monday: 10:00 AM – 9:00 PM | Tuesday: 10:00 AM – 9:00 PM | Wednesday: 10:00 AM – 9:00 PM | Thursday: 10:00 AM – 9:00 PM | Friday: 10:00 AM – 9:00 PM | Saturday: 10:00 AM – 9:00 PM | Sunday: 10:00 AM – 9:00 PM,,"['pharmacy', 'health', 'point_of_interest', 'store', 'establishment']","โลตัส นอร์ธ ราชพฤกษ์ เลขที่ 30/17 หมู่ที่ 4 ห้องเลขที่ PG208 ชั้น 1, Thanon Ratchaphruek, Tambon Om Kret, Amphoe Pak Kret",0,Active,0,0,FALSE,scraped,0,Nonthaburi,YES,
ChIJq_n1U_eE4jARhSFI8bfhMW4,ChIJq_n1U_eE4jARhSFI8bfhMW4,Sunantha Pharmacy,Independent,Pharmacy (independent),TARGET,,WF7W+FFX,Pak Kret District,Nonthaburi,13.9137307,100.49622,pharmacy,5,1,,,,"['pharmacy', 'health', 'point_of_interest', 'store', 'establishment']","WF7W+FFX, Pak Kret District",0,Active,0,0,FALSE,scraped,0,Nonthaburi,YES,
ChIJo8IC70ad4jARJdEJNA-B7MI,ChIJo8IC70ad4jARJdEJNA-B7MI,ร้านยาวีแคร์ พลัส สาขา Market Today 64 (ซ.วิภาวดี 64),ร้านยา (Independent),Pharmacy (independent),TARGET,,10/36 ห้องที่ A3-05 A3-06 ซ.วิภาวดีรังสิต 64 (มหานคร,Nonthaburi,Nonthaburi,13.8753868,100.578815,pharmacy,4.3,3,092 635 9777,Monday: 8:00 AM – 8:00 PM | Tuesday: 8:00 AM – 8:00 PM | Wednesday: 8:00 AM – 8:00 PM | Thursday: 8:00 AM – 8:00 PM | Friday: 8:00 AM – 8:00 PM | Saturday: 8:00 AM – 8:00 PM | Sunday: 8:00 AM – 8:00 PM,https://vcare-plus.com/,"['pharmacy', 'health', 'store', 'point_of_interest', 'establishment']",10/36 ห้องที่ A3-05 A3-06 ซ.วิภาวดีรังสิต 64 (มหานคร,0,Active,0,0,FALSE,scraped,0,Nonthaburi,YES,
ChIJGzrMuJyE4jARHnx_DsFnoc8,ChIJGzrMuJyE4jARHnx_DsFnoc8,เมืองทองดรักเฮ้าส์ - Muangthong Drug House,Independent (no name keyword),Pharmacy (independent),TARGET,,"55/606 โครงการสุโขทัยอเวนิว99, ซอย เมืองทองธานี, ต",Amphoe Pak Kret,Nonthaburi,13.9135645,100.5398832,pharmacy,4.6,19,081 987 6298,Monday: 7:00 AM – 8:00 PM | Tuesday: 7:00 AM – 8:00 PM | Wednesday: 7:00 AM – 8:00 PM | Thursday: 7:00 AM – 8:00 PM | Friday: 7:00 AM – 8:00 PM | Saturday: 8:00 AM – 5:00 PM | Sunday: 8:00 AM – 5:00 PM,https://m.facebook.com/%E0%B9%80%E0%B8%A1%E0%B8%B7%E0%B8%AD%E0%B8%87%E0%B8%97%E0%B8%AD%E0%B8%87%E0%B8%94%E0%B8%A3%E0%B8%B1%E0%B8%81%E0%B9%80%E0%B8%AE%E0%B9%89%E0%B8%B2%E0%B8%AA%E0%B9%8C-Muangthong-Drug-House-1737003516595618/,"['pharmacy', 'health', 'point_of_interest', 'store', 'establishment']","55/606 โครงการสุโขทัยอเวนิว99, ซอย เมืองทองธานี, ต, Amphoe Pak Kret",0,Active,0,0,FALSE,scraped,0,Nonthaburi,YES,
ChIJ2blVUQCD4jARwTu1KlVAeAI,ChIJ2blVUQCD4jARwTu1KlVAeAI,ร้านขายยา Medisafe Pharmacy (MTT) สาขาเมืองทอง,Independent,Pharmacy (independent),TARGET,,"Shop 2 91, 11 Popular Road, Tambon Ban Mai",Amphoe Pak Kret,Nonthaburi,13.9136469,100.5429432,pharmacy,5,9,063 528 1595,Monday: 8:00 AM – 9:00 PM | Tuesday: 8:00 AM – 9:00 PM | Wednesday: 8:00 AM – 9:00 PM | Thursday: 8:00 AM – 9:00 PM | Friday: 8:00 AM – 9:00 PM | Saturday: 8:00 AM – 9:00 PM | Sunday: 8:00 AM – 9:00 PM,https://www.medisafepharma.com/,"['pharmacy', 'health', 'point_of_interest', 'store', 'establishment']","Shop 2 91, 11 Popular Road, Tambon Ban Mai, Amphoe Pak Kret",0,Active,0,0,FALSE,scraped,0,Nonthaburi,YES,
ChIJq2YbcwqD4jARFmxpHdtNZv8,ChIJq2YbcwqD4jARFmxpHdtNZv8,T6 DRUGSTORE,Independent,Pharmacy (independent),TARGET,,17/6 คอนโดเมืองทอง t6 ถนนป๊อบปูล่า ตำบลบ้านใหม่,Amphoe Pak Kret,Nonthaburi,13.9159878,100.5561568,pharmacy,0,0,089 458 4537,Monday: 5:30 – 10:30 PM | Tuesday: 5:30 – 10:30 PM | Wednesday: 5:30 – 10:30 PM | Thursday: 5:30 – 10:30 PM | Friday: 5:30 – 10:30 PM | Saturday: 5:30 – 10:30 PM | Sunday: 5:30 – 10:30 PM,,"['pharmacy', 'health', 'point_of_interest', 'store', 'establishment']","17/6 คอนโดเมืองทอง t6 ถนนป๊อบปูล่า ตำบลบ้านใหม่, Amphoe Pak Kret",0,Active,0,0,FALSE,scraped,0,Nonthaburi,YES,
ChIJ8QV8AAiD4jARp-dfFPmgg3A,ChIJ8QV8AAiD4jARp-dfFPmgg3A,เรือนยา C9,Independent (no name keyword),Pharmacy (independent),TARGET,,"เลขที่ 7/15 หมู่ อาคารซี9 บางพูด, Tambon Ban Mai",Amphoe Pak Kret,Nonthaburi,13.9117177,100.5543818,pharmacy,0,0,,,,"['pharmacy', 'health', 'point_of_interest', 'store', 'establishment']","เลขที่ 7/15 หมู่ อาคารซี9 บางพูด, Tambon Ban Mai, Amphoe Pak Kret",0,Active,0,0,FALSE,scraped,0,Nonthaburi,YES,
ChIJw1vGMbKD4jARTX2s5BbqL6U,ChIJw1vGMbKD4jARTX2s5BbqL6U,ร้านขายยา Zenwa Pharmacy,Independent,Pharmacy (independent),TARGET,,"101, 101/1 Popular Road",Amphoe Pak Kret,Nonthaburi,13.9127466,100.5526082,pharmacy,4.8,65,066 105 5919,Monday: 10:00 AM – 9:00 PM | Tuesday: 10:00 AM – 9:00 PM | Wednesday: 10:00 AM – 9:00 PM | Thursday: 10:00 AM – 9:00 PM | Friday: 10:00 AM – 9:00 PM | Saturday: 10:00 AM – 9:00 PM | Sunday: 10:00 AM – 9:00 PM,https://lin.ee/qcvKbtL7,"['pharmacy', 'health', 'point_of_interest', 'store', 'establishment']","101, 101/1 Popular Road, Amphoe Pak Kret",0,Active,0,0,FALSE,scraped,0,Nonthaburi,YES,
ChIJbarypgyD4jARzpOvMLDPBnc,ChIJbarypgyD4jARzpOvMLDPBnc,Theerayut Pharmacy,Independent,Pharmacy (independent),TARGET,,WH63+76M,Pak Kret District,Nonthaburi,13.9107114,100.5530371,pharmacy,4,1,,,,"['pharmacy', 'health', 'point_of_interest', 'store', 'establishment']","WH63+76M, Pak Kret District",0,Active,0,0,FALSE,scraped,0,Nonthaburi,YES,
ChIJ6-SXOxyD4jAREq83qKy13_s,ChIJ6-SXOxyD4jAREq83qKy13_s,ร้านยา Dr.Pharma Cosmo Bazaar,ร้านยา (Independent),Pharmacy (independent),TARGET,,"101-101/1, ห้อง SF13 ศูนย์การค้า คอสโม บาซาร์ บริเวณโซนธุรกิจ Outlet Square, 2 ถนน.ป๊อบปูล่า",Amphoe Pak Kret,Nonthaburi,13.911513,100.5521402,pharmacy,3.5,8,065 843 7466,Monday: 10:00 AM – 9:00 PM | Tuesday: 10:00 AM – 9:00 PM | Wednesday: 10:00 AM – 9:00 PM | Thursday: 10:00 AM – 9:00 PM | Friday: 10:00 AM – 9:00 PM | Saturday: 10:00 AM – 9:00 PM | Sunday: 10:00 AM – 9:00 PM,,"['pharmacy', 'health', 'point_of_interest', 'store', 'establishment']","101-101/1, ห้อง SF13 ศูนย์การค้า คอสโม บาซาร์ บริเวณโซนธุรกิจ Outlet Square, 2 ถนน.ป๊อบปูล่า, Amphoe Pak Kret",0,Active,0,0,FALSE,scraped,0,Nonthaburi,YES,
ChIJt-rUsAyD4jARxjwqEDc0TM8,ChIJt-rUsAyD4jARxjwqEDc0TM8,Pharma Kids,Independent (no name keyword),Pharmacy (independent),TARGET,,"5/25, Popular Condo C3 Building, Mueang Thong Thani Road, Tambon Pak Kret, Amphoe Pak Kret, Nonthaburi",11120,Nonthaburi,13.909928,100.552658,pharmacy,4,1,083 061 2934,Monday: 2:30 – 11:00 PM | Tuesday: 2:30 – 11:00 PM | Wednesday: 2:30 – 11:00 PM | Thursday: 2:30 – 11:00 PM | Friday: 2:30 – 11:00 PM | Saturday: 2:30 – 11:00 PM | Sunday: 5:00 – 11:00 PM,,"['pharmacy', 'health', 'point_of_interest', 'store', 'establishment']","5/25, Popular Condo C3 Building, Mueang Thong Thani Road, Tambon Pak Kret, Amphoe Pak Kret, Nonthaburi, 11120",0,Active,0,0,FALSE,scraped,0,Nonthaburi,YES,
ChIJ83Ynf0KD4jARauGuj42YI7E,ChIJ83Ynf0KD4jARauGuj42YI7E,มุมยา 3 เอ็ม (3M Pharmacy),Independent,Pharmacy (independent),TARGET,,Thanon Liap Khlong Prapa,Amphoe Pak Kret,Nonthaburi,13.906977,100.55684,pharmacy,5,12,02 053 8833,,,"['pharmacy', 'health', 'point_of_interest', 'store', 'establishment']","Thanon Liap Khlong Prapa, Amphoe Pak Kret",0,Temporarily Closed,0,0,FALSE,scraped,0,Nonthaburi,YES,
ChIJEZc5Zh2P4jARtsuBzxLNyns,ChIJEZc5Zh2P4jARtsuBzxLNyns,Phamacy Care for you ร้านขายยา,Independent (no name keyword),Pharmacy (independent),TARGET,,"888/3 หมู่1, ถนนบางกรวยก-ไทรน้อย, ตำบลบางบัวทอง",Amphoe Bang Bua Thong,Nonthaburi,13.9366317,100.3954854,pharmacy,5,1,,Monday: 8:00 AM – 6:00 PM | Tuesday: 8:00 AM – 6:00 PM | Wednesday: 8:00 AM – 6:00 PM | Thursday: 8:00 AM – 6:00 PM | Friday: 8:00 AM – 6:00 PM | Saturday: 8:00 AM – 6:00 PM | Sunday: 8:00 AM – 6:00 PM,,"['pharmacy', 'health', 'point_of_interest', 'store', 'establishment']","888/3 หมู่1, ถนนบางกรวยก-ไทรน้อย, ตำบลบางบัวทอง, Amphoe Bang Bua Thong",0,Active,0,0,FALSE,scraped,0,Nonthaburi,YES,
ChIJqzRbaMCP4jARw5jTBiYLE5U,ChIJqzRbaMCP4jARw5jTBiYLE5U,DB Health Store สาขาไทรน้อย,Independent (no name keyword),Pharmacy (independent),TARGET,,"เลขที่ 100, Bang Kruai - Sai Noi Road, Tambon Bang Bua Thong",Amphoe Bang Bua Thong,Nonthaburi,13.933725,100.3992904,pharmacy,5,2,,Monday: 8:00 AM – 8:00 PM | Tuesday: 8:00 AM – 8:00 PM | Wednesday: 8:00 AM – 8:00 PM | Thursday: 8:00 AM – 8:00 PM | Friday: 8:00 AM – 8:00 PM | Saturday: 8:00 AM – 8:00 PM | Sunday: 8:00 AM – 8:00 PM,,"['pharmacy', 'health', 'point_of_interest', 'store', 'establishment']","เลขที่ 100, Bang Kruai - Sai Noi Road, Tambon Bang Bua Thong, Amphoe Bang Bua Thong",0,Active,0,0,FALSE,scraped,0,Nonthaburi,YES,
ChIJq8cLz2-P4jAR4e54F-uaSQ4,ChIJq8cLz2-P4jAR4e54F-uaSQ4,Rakya Branch No.2,Independent (no name keyword),Pharmacy (independent),TARGET,,"W9QR+Q6W, Bang Bua Thong",Bang Bua Thong District,Nonthaburi,13.9394812,100.3905903,pharmacy,0,0,099 250 5265,Monday: 7:00 AM – 9:00 PM | Tuesday: 7:00 AM – 9:00 PM | Wednesday: 7:00 AM – 9:00 PM | Thursday: 7:00 AM – 9:00 PM | Friday: 7:00 AM – 9:00 PM | Saturday: 7:00 AM – 9:00 PM | Sunday: 7:00 AM – 9:00 PM,,"['pharmacy', 'health', 'point_of_interest', 'store', 'establishment']","W9QR+Q6W, Bang Bua Thong, Bang Bua Thong District",0,Active,0,0,FALSE,scraped,0,Nonthaburi,YES,
ChIJuXdPLQCP4jARXzkxVTc4HMk,ChIJuXdPLQCP4jARXzkxVTc4HMk,ร้านยาดีทูยูฟาร์มาซี (D2U pharmacy),ร้านยา (Independent),Pharmacy (independent),TARGET,,"14, 26 หมู่ 4 Bang Kruai - Sai Noi Road, Tambon Bang Bua Thong",Amphoe Bang Bua Thong,Nonthaburi,13.940287,100.3893519,pharmacy,5,1,098 505 4781,Monday: 8:00 AM – 9:00 PM | Tuesday: 8:00 AM – 9:00 PM | Wednesday: 8:00 AM – 9:00 PM | Thursday: 8:00 AM – 9:00 PM | Friday: 8:00 AM – 9:00 PM | Saturday: 8:00 AM – 9:00 PM | Sunday: 8:00 AM – 9:00 PM,,"['pharmacy', 'health', 'point_of_interest', 'store', 'establishment']","14, 26 หมู่ 4 Bang Kruai - Sai Noi Road, Tambon Bang Bua Thong, Amphoe Bang Bua Thong",0,Active,0,0,FALSE,scraped,0,Nonthaburi,YES,
ChIJzZg6KMOP4jAR0v_NmJBYj14,ChIJzZg6KMOP4jAR0v_NmJBYj14,Klaibaan Pharmacy(ร้านยาใกล้บ้าน),Independent,Pharmacy (independent),TARGET,,"99, บางบัวทอง, 35 Bang Kruai - Sai Noi Road",Amphoe Bang Bua Thong,Nonthaburi,13.928667,100.4072115,pharmacy,0,0,096 659 0098,Monday: 7:30 AM – 9:00 PM | Tuesday: 7:30 AM – 9:00 PM | Wednesday: 7:30 AM – 9:00 PM | Thursday: 7:30 AM – 9:00 PM | Friday: 7:30 AM – 9:00 PM | Saturday: 7:30 AM – 9:00 PM | Sunday: 9:00 AM – 9:30 PM,,"['pharmacy', 'health', 'store', 'point_of_interest', 'establishment']","99, บางบัวทอง, 35 Bang Kruai - Sai Noi Road, Amphoe Bang Bua Thong",0,Active,0,0,FALSE,scraped,0,Nonthaburi,YES,
ChIJnTmI1JOF4jARGmzbsHVmaR4,ChIJnTmI1JOF4jARGmzbsHVmaR4,Bio Pharma,Independent (no name keyword),Pharmacy (independent),TARGET,,"Yothathikan Nonthaburi 2010 Road, Bang Phlap, 11120 Pak Kret",Nonthaburi,Nonthaburi,13.938475,100.453877,pharmacy,0,0,092 636 5182,,,"['pharmacy', 'store', 'point_of_interest', 'health', 'establishment']","Yothathikan Nonthaburi 2010 Road , Bang Phlap , 11120 Pak Kret , Nonthaburi",0,Active,0,0,FALSE,scraped,0,Nonthaburi,YES,
ChIJX-LsBgyF4jARZ-JLUOqA7LQ,ChIJX-LsBgyF4jARZ-JLUOqA7LQ,ร้านยาฮอลฟาร์มาซี Hallpharmacy,ร้านยา (Independent),Pharmacy (independent),TARGET,,"65, 26 Sai Kaset Phatthana Mu 3, คลองพระอุดม",Amphoe Pak Kret,Nonthaburi,13.9281249,100.4830967,pharmacy,4.5,15,095 451 6428,Monday: 9:00 AM – 9:00 PM | Tuesday: 9:00 AM – 9:00 PM | Wednesday: 9:00 AM – 9:00 PM | Thursday: 9:00 AM – 9:00 PM | Friday: 9:00 AM – 9:00 PM | Saturday: 9:00 AM – 9:00 PM | Sunday: 9:00 AM – 9:00 PM,https://www.facebook.com/hallpharmacy,"['pharmacy', 'health', 'point_of_interest', 'store', 'establishment']","65, 26 Sai Kaset Phatthana Mu 3, คลองพระอุดม, Amphoe Pak Kret",0,Active,0,0,FALSE,scraped,0,Nonthaburi,YES,
ChIJiaDHCzqF4jARrIb48KU8EsU,ChIJiaDHCzqF4jARrIb48KU8EsU,Okaydrug Pharmacy (ร้านขายยาโอเครดรักส์),Independent,Pharmacy (independent),TARGET,,72/4 Moo 6 Bangpood Subdistrict,อำเภอปากเกร็ด,Nonthaburi,13.9295405,100.5066135,pharmacy,5,2,085 110 0549,Monday: 10:00 AM – 9:00 PM | Tuesday: 10:00 AM – 9:00 PM | Wednesday: 10:00 AM – 9:00 PM | Thursday: 10:00 AM – 9:00 PM | Friday: 10:00 AM – 9:00 PM | Saturday: 10:00 AM – 9:00 PM | Sunday: 10:00 AM – 9:00 PM,,"['pharmacy', 'health', 'store', 'point_of_interest', 'establishment']","72/4 Moo 6 Bangpood Subdistrict, อำเภอปากเกร็ด",0,Active,0,0,FALSE,scraped,0,Nonthaburi,YES,
ChIJXXFsfwCF4jARAfuo8fpez8I,ChIJXXFsfwCF4jARAfuo8fpez8I,โอสถเฮ้าส์ ฟาร์มาซี (Osoth House Pharmacy),Independent,Pharmacy (independent),TARGET,,"219, 73 Soi Mu Ban Ban Uea Athon Nonthaburi, Tambon Bang Phut",Amphoe Pak Kret,Nonthaburi,13.9318999,100.519607,pharmacy,5,11,,,,"['pharmacy', 'health', 'store', 'point_of_interest', 'establishment']","219, 73 Soi Mu Ban Ban Uea Athon Nonthaburi, Tambon Bang Phut, Amphoe Pak Kret",0,Active,0,0,FALSE,scraped,0,Nonthaburi,YES,
ChIJ0ykzIXCE4jARRdgtLlxTOL8,ChIJ0ykzIXCE4jARRdgtLlxTOL8,ร้านยาเที่ยงคืน (Line:ya24),ร้านยา (Independent),Pharmacy (independent),TARGET,,"A.R.T. Square, 219/19",อำเภอปากเกร็ด,Nonthaburi,13.9315257,100.5186006,pharmacy,5,617,093 476 0682,Monday: 9:00 AM – 12:00 AM | Tuesday: 9:00 AM – 12:00 AM | Wednesday: 9:00 AM – 12:00 AM | Thursday: 9:00 AM – 12:00 AM | Friday: 9:00 AM – 12:00 AM | Saturday: 9:00 AM – 12:00 AM | Sunday: 9:00 AM – 12:00 AM,https://lin.ee/hscHUkA,"['pharmacy', 'health', 'store', 'point_of_interest', 'establishment']","A.R.T. Square, 219/19, อำเภอปากเกร็ด",0,Active,0,0,FALSE,scraped,0,Nonthaburi,YES,
ChIJGwr2R0GF4jAR7VTgcM73njM,ChIJGwr2R0GF4jAR7VTgcM73njM,WINNER PHARMACY,Independent,Pharmacy (independent),TARGET,,"219, 65 Sukha Pracha San 3",Amphoe Pak Kret,Nonthaburi,13.9313845,100.5181844,pharmacy,5,1,090 066 4966,Monday: 5:30 – 10:30 PM | Tuesday: 5:30 – 10:30 PM | Wednesday: 5:30 – 10:30 PM | Thursday: 5:30 – 10:30 PM | Friday: 5:30 – 10:30 PM | Saturday: 5:30 – 10:30 PM | Sunday: 5:30 – 10:30 PM,,"['pharmacy', 'health', 'store', 'point_of_interest', 'establishment']","219, 65 Sukha Pracha San 3, Amphoe Pak Kret",0,Active,0,0,FALSE,scraped,0,Nonthaburi,YES,
ChIJr50QOR6F4jARXNJy4bOv-Zw,ChIJr50QOR6F4jARXNJy4bOv-Zw,U PLUS DRUG HAUS ยูพลัส ดรักเฮาส์,Independent (no name keyword),Pharmacy (independent),TARGET,,"42, 144 Sukhaprachasan 3 Soi 8",Amphoe Pak Kret,Nonthaburi,13.9368376,100.5183342,pharmacy,0,0,,,,"['pharmacy', 'health', 'store', 'point_of_interest', 'establishment']","42, 144 Sukhaprachasan 3 Soi 8, Amphoe Pak Kret",0,Active,0,0,FALSE,scraped,0,Nonthaburi,YES,
ChIJw5iyMDeF4jARfNFpW7LrhHs,ChIJw5iyMDeF4jARfNFpW7LrhHs,ไอยรา ฟาร์มาซี - Iyara Pharmacy ร้านยาใกล้ฉัน โลตัสติวานนท์ ชั้น 1,Independent,Pharmacy (independent),TARGET,,WGGG+H74,Pak Kret District,Nonthaburi,13.9268136,100.5260746,pharmacy,5,7,065 626 6598,Monday: 9:00 AM – 9:00 PM | Tuesday: 9:00 AM – 9:00 PM | Wednesday: 9:00 AM – 9:00 PM | Thursday: 9:00 AM – 9:00 PM | Friday: 9:00 AM – 9:00 PM | Saturday: 9:00 AM – 9:00 PM | Sunday: 9:00 AM – 9:00 PM,,"['pharmacy', 'health', 'store', 'point_of_interest', 'establishment']","WGGG+H74, Pak Kret District",0,Active,0,0,FALSE,scraped,0,Nonthaburi,YES,
ChIJd-dFgsKF4jARytuG5FSm0_g,ChIJd-dFgsKF4jARytuG5FSm0_g,หมอยา พลาซ่า (ตลาดวัดกู้) Mhorya Plaza (Watku market),Independent (no name keyword),Pharmacy (independent),TARGET,,"43, 105, Tambon Bang Phut",Amphoe Pak Kret,Nonthaburi,13.9277084,100.529216,pharmacy,0,0,,,,"['pharmacy', 'health', 'store', 'point_of_interest', 'establishment']","43, 105, Tambon Bang Phut, Amphoe Pak Kret",0,Temporarily Closed,0,0,FALSE,scraped,0,Nonthaburi,YES,
ChIJQ66rdXyE4jARhBa9YikhZ9s,ChIJQ66rdXyE4jARhBa9YikhZ9s,Talab Ya,Independent (no name keyword),Pharmacy (independent),TARGET,,"59/16, Moo 5, Tivanon Road, Tambon Pak Kret, Amphoe Pak Kret, Nonthaburi",11120,Nonthaburi,13.923591,100.522392,pharmacy,5,1,,,,"['pharmacy', 'health', 'store', 'point_of_interest', 'establishment']","59/16, Moo 5, Tivanon Road, Tambon Pak Kret, Amphoe Pak Kret, Nonthaburi, 11120",0,Active,0,0,FALSE,scraped,0,Nonthaburi,YES,
ChIJFyMNSIaD4jAReJH1hvhr_JQ,ChIJFyMNSIaD4jAReJH1hvhr_JQ,Opal Family Suite Impact Arena Muengthong Thani,Independent (no name keyword),Pharmacy (independent),TARGET,,26C Bond Street,Amphoe Pak Kret,Nonthaburi,13.9275289,100.5331269,pharmacy,0,0,,,,"['pharmacy', 'store', 'point_of_interest', 'health', 'establishment']","26C Bond Street, Amphoe Pak Kret",0,Active,0,0,FALSE,scraped,0,Nonthaburi,YES,
ChIJ49682AmD4jARZK45qlU9BUg,ChIJ49682AmD4jARZK45qlU9BUg,Picha Pharmacy,Independent,Pharmacy (independent),TARGET,,"224, 30 อาคารวิคตอเรีย 3 เมืองทอง-แจ้งวัฒนะ, Bond Street",Tambon Bang Phut,Nonthaburi,13.9255241,100.5348732,pharmacy,4.6,10,065 694 6249,Monday: 10:00 AM – 9:00 PM | Tuesday: 10:00 AM – 9:00 PM | Wednesday: 10:00 AM – 9:00 PM | Thursday: 10:00 AM – 9:00 PM | Friday: 10:00 AM – 9:00 PM | Saturday: 12:00 – 9:00 PM | Sunday: 12:00 – 9:00 PM,https://lin.ee/07FZ7Mm,"['pharmacy', 'store', 'point_of_interest', 'health', 'establishment']","224, 30 อาคารวิคตอเรีย 3 เมืองทอง-แจ้งวัฒนะ, Bond Street, Tambon Bang Phut",0,Active,0,0,FALSE,scraped,0,Nonthaburi,YES,
ChIJH4aD9QeD4jAREFPXoE_L8wQ,ChIJH4aD9QeD4jAREFPXoE_L8wQ,ศรีฟ้าเภสัช Srifa Pharmacy,เภสัช (Independent),Pharmacy (independent),TARGET,,7,4 Soi Song Prapha 30,Nonthaburi,13.9341483,100.5846986,pharmacy,5,4,084 597 3089,"Monday: 7:00 – 8:00 AM, 4:00 – 10:00 PM | Tuesday: 7:00 – 8:00 AM, 4:00 – 10:00 PM | Wednesday: 7:00 – 8:00 AM, 4:00 – 10:00 PM | Thursday: 7:00 – 8:00 AM, 4:00 – 10:00 PM | Friday: 7:00 – 8:00 AM, 4:00 – 10:00 PM | Saturday: 7:00 AM – 10:00 PM | Sunday: 7:00 AM – 10:00 PM",,"['pharmacy', 'store', 'point_of_interest', 'health', 'establishment']","7, 4 Soi Song Prapha 30",0,Active,0,0,FALSE,scraped,0,Nonthaburi,YES,
ChIJgW3h52aD4jARv5z6ADxeYtc,ChIJgW3h52aD4jARv5z6ADxeYtc,Central Pharma2,Independent (no name keyword),Pharmacy (independent),TARGET,,WGXW+4HF,Pak Kret District,Nonthaburi,13.9478154,100.5464167,pharmacy,0,0,,,,"['pharmacy', 'health', 'point_of_interest', 'store', 'establishment']","WGXW+4HF, Pak Kret District",0,Active,0,0,FALSE,scraped,0,Nonthaburi,YES,
ChIJTUGptP6B4jARCG5ivCA-Bmw,ChIJTUGptP6B4jARCG5ivCA-Bmw,ร้านยาบ้านยาปิยภูมิ - Piyapoom Pharmacy,ร้านยา (Independent),Pharmacy (independent),TARGET,,"Muang Ake village, Ake Charoen 55/12, ตำบล หลักหก",Muang,Nonthaburi,13.9617107,100.5821076,pharmacy,5,4,098 282 4865,Monday: 8:30 AM – 8:30 PM | Tuesday: 8:30 AM – 8:30 PM | Wednesday: 8:30 AM – 8:30 PM | Thursday: 8:30 AM – 8:30 PM | Friday: 8:30 AM – 8:30 PM | Saturday: 10:30 AM – 8:30 PM | Sunday: 10:30 AM – 8:30 PM,,"['pharmacy', 'health', 'point_of_interest', 'store', 'establishment']","Muang Ake village, Ake Charoen 55/12, ตำบล หลักหก, Muang",0,Active,0,0,FALSE,scraped,0,Nonthaburi,YES,
ChIJM3l-H3N9HTERPn3wrNqpspQ,ChIJM3l-H3N9HTERPn3wrNqpspQ,ร้านยาคลังยาไอเมด เมืองเอก รังสิต iMed drugstore,ร้านยา (Independent),Pharmacy (independent),TARGET,,"300/260 Moo.13, ตำบลคูคต",อำเภอลำลูกกา,Nonthaburi,13.9673162,100.6124934,pharmacy,5,24,062 345 5645,Monday: 8:00 AM – 10:00 PM | Tuesday: 8:00 AM – 10:00 PM | Wednesday: 8:00 AM – 10:00 PM | Thursday: 8:00 AM – 10:00 PM | Friday: 8:00 AM – 10:00 PM | Saturday: 8:00 AM – 10:00 PM | Sunday: 8:00 AM – 10:00 PM,https://lin.ee/WsayzXu,"['pharmacy', 'health', 'store', 'point_of_interest', 'establishment']","300/260 Moo.13, ตำบลคูคต, อำเภอลำลูกกา",0,Active,0,0,FALSE,scraped,0,Nonthaburi,YES,
ChIJ5aAfchqb4jARH94i842YYHE,ChIJ5aAfchqb4jARH94i842YYHE,Sahamitr Pharmacy,Independent,Pharmacy (independent),TARGET,,"111, 9 10, Tambon Bang Dua",อำเภอเมือง,Nonthaburi,13.984545,100.5146185,pharmacy,5,2,084 296 4465,Monday: 9:30 AM – 10:30 PM | Tuesday: 1:30 – 10:30 PM | Wednesday: 9:30 AM – 10:30 PM | Thursday: 1:30 – 10:30 PM | Friday: 9:30 AM – 10:30 PM | Saturday: 9:30 AM – 10:30 PM | Sunday: 9:30 AM – 10:30 PM,https://lin.ee/h1IohH1G,"['pharmacy', 'health', 'store', 'point_of_interest', 'establishment']","111, 9 10, Tambon Bang Dua, อำเภอเมือง",0,Active,0,0,FALSE,scraped,0,Nonthaburi,YES,
